{"type":"FeatureCollection","features":[{"type":"Feature","geometry":{"type":"LineString","coordinates":[[-87.80497715682127,41.908397428295395],[-87.8042315236224,41.90840812770131]]},"properties":{"alley_id":"178-N","alley_name":"ALLEY 178-N","section_id":"00","pid":"ALLEYS::178-N::00","from_street":"Alley 178","to_street":"N Marion St","surface":"PCC","width_ft":18,"slab_length_ft":10,"slab_width_ft":8,"construction_date":"2015-06-01","construction_year":2015,"general_condition":"","pci_2022_2023":100,"pci_2024":100,"pci_change":0,"pci_2024_band":"80-100","scheduled_build_year":null,"in_2026_cip":"N","length_ft":203.0,"object_id":1}},{"type":"Feature","geometry":{"type":"LineString","coordinates":[[-87.80494698104127,41.90705379205808],[-87.80497715682127,41.908397428295395]]},"properties":{"alley_id":"178","alley_name":"ALLEY 178","section_id":"00","pid":"ALLEYS::178::00","from_street":"Alley 178N","to_street":"Le Moyne Pkwy","surface":"PCC","width_ft":16,"slab_length_ft":12,"slab_width_ft":8,"construction_date":"2015-06-01","construction_year":2015,"general_condition":"","pci_2022_2023":89,"pci_2024":89,"pci_change":0,"pci_2024_band":"80-100","scheduled_build_year":null,"in_2026_cip":"N","length_ft":489.7,"object_id":2}},{"type":"Feature","geometry":{"type":"LineString","coordinates":[[-87.80346847416932,41.90841907142611],[-87.80341966088889,41.907071891523714]]},"properties":{"alley_id":"177","alley_name":"ALLEY 177","section_id":"00","pid":"ALLEYS::177::00","from_street":"Alley 177 N","to_street":"Le Moyne Pkwy","surface":"PCC","width_ft":16,"slab_length_ft":30,"slab_width_ft":15,"construction_date":"2004-06-01","construction_year":2004,"general_condition":"","pci_2022_2023":36,"pci_2024":53,"pci_change":17,"pci_2024_band":"40-59","scheduled_build_year":null,"in_2026_cip":"N","length_ft":491.1,"object_id":3}},{"type":"Feature","geometry":{"type":"LineString","coordinates":[[-87.8042315236224,41.90840812770131],[-87.80270321988979,41.908430027801856]]},"properties":{"alley_id":"177-N","alley_name":"ALLEY 177-N","section_id":"00","pid":"ALLEYS::177-N::00","from_street":"N Marion St","to_street":"Belleforted Ave","surface":"PCC","width_ft":17,"slab_length_ft":15,"slab_width_ft":6,"construction_date":"2004-06-01","construction_year":2004,"general_condition":"","pci_2022_2023":92,"pci_2024":92,"pci_change":0,"pci_2024_band":"80-100","scheduled_build_year":null,"in_2026_cip":"N","length_ft":416.1,"object_id":4}},{"type":"Feature","geometry":{"type":"LineString","coordinates":[[-87.80270321988979,41.908430027801856],[-87.80193660664585,41.9084410268086],[-87.8011701392502,41.9084519943625]]},"properties":{"alley_id":"172-N","alley_name":"ALLEY 172-N","section_id":"00","pid":"ALLEYS::172-N::00","from_street":"Belleforted Ave","to_street":"N Forest Ave","surface":"PCC","width_ft":17,"slab_length_ft":10,"slab_width_ft":6,"construction_date":"2004-06-01","construction_year":2004,"general_condition":"","pci_2022_2023":93,"pci_2024":93,"pci_change":0,"pci_2024_band":"80-100","scheduled_build_year":null,"in_2026_cip":"N","length_ft":417.4,"object_id":5}},{"type":"Feature","geometry":{"type":"LineString","coordinates":[[-87.80193660664585,41.9084410268086],[-87.80189363962283,41.9071014190991]]},"properties":{"alley_id":"172","alley_name":"ALLEY 172","section_id":"00","pid":"ALLEYS::172::00","from_street":"Alley 172 N","to_street":"Le Moyne Pkwy","surface":"PCC","width_ft":16,"slab_length_ft":30,"slab_width_ft":15,"construction_date":"2004-06-01","construction_year":2004,"general_condition":"","pci_2022_2023":41,"pci_2024":48,"pci_change":7,"pci_2024_band":"40-59","scheduled_build_year":null,"in_2026_cip":"N","length_ft":488.3,"object_id":6}},{"type":"Feature","geometry":{"type":"LineString","coordinates":[[-87.77689324824246,41.90876506310584],[-87.77623748839565,41.90877303876319],[-87.77557544897962,41.90878085682745]]},"properties":{"alley_id":"119-N","alley_name":"ALLEY 119-N","section_id":"00","pid":"ALLEYS::119-N::00","from_street":"N Humphrey Ave","to_street":"N Austin Blvd","surface":"PCC","width_ft":17,"slab_length_ft":12,"slab_width_ft":6,"construction_date":"2014-06-01","construction_year":2014,"general_condition":"","pci_2022_2023":93,"pci_2024":93,"pci_change":0,"pci_2024_band":"80-100","scheduled_build_year":null,"in_2026_cip":"N","length_ft":358.8,"object_id":7}},{"type":"Feature","geometry":{"type":"LineString","coordinates":[[-87.77623748839565,41.90877303876319],[-87.77621690038217,41.9079762865919]]},"properties":{"alley_id":"119","alley_name":"ALLEY 119","section_id":"00","pid":"ALLEYS::119::00","from_street":"Alley 119 N","to_street":"Alley 119 S","surface":"PCC","width_ft":16,"slab_length_ft":15,"slab_width_ft":16,"construction_date":"1926-06-01","construction_year":1926,"general_condition":"","pci_2022_2023":32,"pci_2024":50,"pci_change":18,"pci_2024_band":"40-59","scheduled_build_year":null,"in_2026_cip":"N","length_ft":290.4,"object_id":8}},{"type":"Feature","geometry":{"type":"LineString","coordinates":[[-87.77686623636777,41.907966646696536],[-87.77621690038217,41.9079762865919],[-87.77555797544825,41.907985876238016]]},"properties":{"alley_id":"119-S","alley_name":"ALLEY 119-S","section_id":"00","pid":"ALLEYS::119-S::00","from_street":"N Humphrey Ave","to_street":"N Austin Blvd","surface":"PCC","width_ft":16,"slab_length_ft":33,"slab_width_ft":16,"construction_date":"1900-01-01","construction_year":1900,"general_condition":"","pci_2022_2023":26,"pci_2024":46,"pci_change":20,"pci_2024_band":"40-59","scheduled_build_year":null,"in_2026_cip":"N","length_ft":356.2,"object_id":9}},{"type":"Feature","geometry":{"type":"LineString","coordinates":[[-87.77754429036268,41.90875445348752],[-87.77751818220813,41.907956796978965]]},"properties":{"alley_id":"118","alley_name":"ALLEY 118","section_id":"00","pid":"ALLEYS::118::00","from_street":"Alley 118 N","to_street":"Alley 118 S","surface":"PCC","width_ft":22,"slab_length_ft":12,"slab_width_ft":6,"construction_date":"2002-06-01","construction_year":2002,"general_condition":"","pci_2022_2023":85,"pci_2024":85,"pci_change":0,"pci_2024_band":"80-100","scheduled_build_year":null,"in_2026_cip":"N","length_ft":290.8,"object_id":10}},{"type":"Feature","geometry":{"type":"LineString","coordinates":[[-87.77819701967826,41.90874412293749],[-87.77754429036268,41.90875445348752],[-87.77689324824246,41.90876506310584]]},"properties":{"alley_id":"118-N","alley_name":"ALLEY 118-N","section_id":"00","pid":"ALLEYS::118-N::00","from_street":"N Taylor Ave","to_street":"N Humphrey Ave","surface":"PCC","width_ft":22,"slab_length_ft":15,"slab_width_ft":6,"construction_date":"2002-06-01","construction_year":2002,"general_condition":"","pci_2022_2023":85,"pci_2024":85,"pci_change":0,"pci_2024_band":"80-100","scheduled_build_year":null,"in_2026_cip":"N","length_ft":355.0,"object_id":11}},{"type":"Feature","geometry":{"type":"LineString","coordinates":[[-87.77817214858673,41.9079470073484],[-87.77751818220813,41.907956796978965],[-87.77686623636777,41.907966646696536]]},"properties":{"alley_id":"118-S","alley_name":"ALLEY 118-S","section_id":"00","pid":"ALLEYS::118-S::00","from_street":"N Taylor Ave","to_street":"N Humphrey Ave","surface":"PCC","width_ft":22,"slab_length_ft":10,"slab_width_ft":6,"construction_date":"2002-06-01","construction_year":2002,"general_condition":"","pci_2022_2023":89,"pci_2024":89,"pci_change":0,"pci_2024_band":"80-100","scheduled_build_year":null,"in_2026_cip":"N","length_ft":355.6,"object_id":12}},{"type":"Feature","geometry":{"type":"LineString","coordinates":[[-87.77884640525991,41.908733937292524],[-87.77882236274573,41.907937635239065]]},"properties":{"alley_id":"117","alley_name":"ALLEY 117","section_id":"00","pid":"ALLEYS::117::00","from_street":"Alley 117 N","to_street":"Alley 117 S","surface":"PCC","width_ft":22,"slab_length_ft":30,"slab_width_ft":10,"construction_date":"1924-06-01","construction_year":1924,"general_condition":"","pci_2022_2023":38,"pci_2024":53,"pci_change":15,"pci_2024_band":"40-59","scheduled_build_year":null,"in_2026_cip":"N","length_ft":290.3,"object_id":13}},{"type":"Feature","geometry":{"type":"LineString","coordinates":[[-87.7794744717075,41.90792809031954],[-87.77882236274573,41.907937635239065],[-87.77817214858673,41.9079470073484]]},"properties":{"alley_id":"117-S","alley_name":"ALLEY 117-S","section_id":"00","pid":"ALLEYS::117-S::00","from_street":"N Hayes Ave","to_street":"N Taylor Ave","surface":"PCC","width_ft":16,"slab_length_ft":33,"slab_width_ft":16,"construction_date":"1900-01-01","construction_year":1900,"general_condition":"","pci_2022_2023":26,"pci_2024":44,"pci_change":18,"pci_2024_band":"40-59","scheduled_build_year":null,"in_2026_cip":"N","length_ft":354.6,"object_id":14}},{"type":"Feature","geometry":{"type":"LineString","coordinates":[[-87.78145134207024,41.908689323865275],[-87.78142868946813,41.907896514205625]]},"properties":{"alley_id":"115","alley_name":"ALLEY 115","section_id":"00","pid":"ALLEYS::115::00","from_street":"Alley 115 N","to_street":"Alley 115 S","surface":"PCC","width_ft":22,"slab_length_ft":18,"slab_width_ft":6,"construction_date":"2013-06-01","construction_year":2013,"general_condition":"","pci_2022_2023":95,"pci_2024":95,"pci_change":0,"pci_2024_band":"80-100","scheduled_build_year":null,"in_2026_cip":"N","length_ft":289.0,"object_id":15}},{"type":"Feature","geometry":{"type":"LineString","coordinates":[[-87.78208021312653,41.907884303775816],[-87.78142868946813,41.907896514205625],[-87.78077858229088,41.90790838472505]]},"properties":{"alley_id":"115-S","alley_name":"ALLEY 115-S","section_id":"00","pid":"ALLEYS::115-S::00","from_street":"N Harvey St","to_street":"N Lombard Ave","surface":"PCC","width_ft":22,"slab_length_ft":15,"slab_width_ft":10,"construction_date":"2013-06-01","construction_year":2013,"general_condition":"","pci_2022_2023":92,"pci_2024":93,"pci_change":1,"pci_2024_band":"80-100","scheduled_build_year":null,"in_2026_cip":"N","length_ft":354.4,"object_id":16}},{"type":"Feature","geometry":{"type":"LineString","coordinates":[[-87.78077858229088,41.90790838472505],[-87.78012684091998,41.90791797573635],[-87.7794744717075,41.90792809031954]]},"properties":{"alley_id":"116-S","alley_name":"ALLEY 116-S","section_id":"00","pid":"ALLEYS::116-S::00","from_street":"N Lombard Ave","to_street":"N Hayes Ave","surface":"PCC","width_ft":22,"slab_length_ft":10,"slab_width_ft":6,"construction_date":"2003-06-01","construction_year":2003,"general_condition":"","pci_2022_2023":91,"pci_2024":91,"pci_change":0,"pci_2024_band":"80-100","scheduled_build_year":null,"in_2026_cip":"N","length_ft":355.1,"object_id":17}},{"type":"Feature","geometry":{"type":"LineString","coordinates":[[-87.78014989484377,41.9087114376089],[-87.78012684091998,41.90791797573635]]},"properties":{"alley_id":"116","alley_name":"ALLEY 116","section_id":"00","pid":"ALLEYS::116::00","from_street":"Alley 116 N","to_street":"Alley 116 S","surface":"PCC","width_ft":22,"slab_length_ft":10,"slab_width_ft":6,"construction_date":"2003-06-01","construction_year":2003,"general_condition":"","pci_2022_2023":85,"pci_2024":86,"pci_change":1,"pci_2024_band":"80-100","scheduled_build_year":null,"in_2026_cip":"N","length_ft":289.2,"object_id":18}},{"type":"Feature","geometry":{"type":"LineString","coordinates":[[-87.78270422771087,41.90868370342137],[-87.78266683034181,41.90734976897612]]},"properties":{"alley_id":"120","alley_name":"ALLEY 120","section_id":"00","pid":"ALLEYS::120::00","from_street":"Alley 120 N","to_street":"Le Moyne Pkwy","surface":"AC","width_ft":16,"slab_length_ft":0,"slab_width_ft":0,"construction_date":"1926-06-01","construction_year":1926,"general_condition":"","pci_2022_2023":20,"pci_2024":20,"pci_change":0,"pci_2024_band":"0-39","scheduled_build_year":2025,"in_2026_cip":"N","length_ft":486.2,"object_id":19}},{"type":"Feature","geometry":{"type":"LineString","coordinates":[[-87.78335411292767,41.9086706261967],[-87.78270422771087,41.90868370342137],[-87.78210306064999,41.90869602227247]]},"properties":{"alley_id":"120-N","alley_name":"ALLEY 120-N","section_id":"00","pid":"ALLEYS::120-N::00","from_street":"N Ridgeland Ave","to_street":"N Harvey St","surface":"PCC","width_ft":16,"slab_length_ft":10,"slab_width_ft":10,"construction_date":"1900-01-01","construction_year":1900,"general_condition":"","pci_2022_2023":43,"pci_2024":20,"pci_change":-23,"pci_2024_band":"0-39","scheduled_build_year":2025,"in_2026_cip":"N","length_ft":340.7,"object_id":20}},{"type":"Feature","geometry":{"type":"LineString","coordinates":[[-87.77949733277126,41.90872368698579],[-87.77884640525991,41.908733937292524],[-87.77819701967826,41.90874412293749]]},"properties":{"alley_id":"117-N","alley_name":"ALLEY 117-N","section_id":"00","pid":"ALLEYS::117-N::00","from_street":"N Hayes Ave","to_street":"N Taylor Ave","surface":"PCC","width_ft":17,"slab_length_ft":10,"slab_width_ft":10,"construction_date":"1900-01-01","construction_year":1900,"general_condition":"","pci_2022_2023":55,"pci_2024":65,"pci_change":10,"pci_2024_band":"60-79","scheduled_build_year":null,"in_2026_cip":"N","length_ft":354.0,"object_id":21}},{"type":"Feature","geometry":{"type":"LineString","coordinates":[[-87.780801979912,41.90869912640673],[-87.78014989484377,41.9087114376089],[-87.77949733277126,41.90872368698579]]},"properties":{"alley_id":"116-N","alley_name":"ALLEY 116-N","section_id":"00","pid":"ALLEYS::116-N::00","from_street":"N Lombard Ave","to_street":"N Hayes Ave","surface":"PCC","width_ft":22,"slab_length_ft":10,"slab_width_ft":6,"construction_date":"2003-06-01","construction_year":2003,"general_condition":"","pci_2022_2023":95,"pci_2024":95,"pci_change":0,"pci_2024_band":"80-100","scheduled_build_year":null,"in_2026_cip":"N","length_ft":355.2,"object_id":22}},{"type":"Feature","geometry":{"type":"LineString","coordinates":[[-87.78473257715575,41.90864870815613],[-87.78409465499509,41.908658967518654],[-87.78335411292767,41.9086706261967]]},"properties":{"alley_id":"128-N","alley_name":"ALLEY 128-N","section_id":"00","pid":"ALLEYS::128-N::00","from_street":"Edmer Ave","to_street":"N Ridgeland Ave","surface":"PCC","width_ft":16,"slab_length_ft":20,"slab_width_ft":10,"construction_date":"1900-01-01","construction_year":1900,"general_condition":"","pci_2022_2023":58,"pci_2024":66,"pci_change":8,"pci_2024_band":"60-79","scheduled_build_year":null,"in_2026_cip":"N","length_ft":375.3,"object_id":23}},{"type":"Feature","geometry":{"type":"LineString","coordinates":[[-87.78409465499509,41.908658967518654],[-87.78405505248206,41.907330457385946]]},"properties":{"alley_id":"128","alley_name":"ALLEY 128","section_id":"00","pid":"ALLEYS::128::00","from_street":"Alley 128 N","to_street":"Le Moyne Pkwy","surface":"PCC","width_ft":16,"slab_length_ft":20,"slab_width_ft":8,"construction_date":"1926-06-01","construction_year":1926,"general_condition":"","pci_2022_2023":46,"pci_2024":56,"pci_change":10,"pci_2024_band":"40-59","scheduled_build_year":null,"in_2026_cip":"N","length_ft":484.2,"object_id":24}},{"type":"Feature","geometry":{"type":"LineString","coordinates":[[-87.78603526031264,41.90862988231252],[-87.78538366446563,41.908639300370226],[-87.78473257715575,41.90864870815613]]},"properties":{"alley_id":"129-N","alley_name":"ALLEY 129-N","section_id":"00","pid":"ALLEYS::129-N::00","from_street":"Rossell Ave","to_street":"Edmer Ave","surface":"PCC","width_ft":16,"slab_length_ft":12,"slab_width_ft":8,"construction_date":"2016-06-01","construction_year":2016,"general_condition":"","pci_2022_2023":82,"pci_2024":82,"pci_change":0,"pci_2024_band":"80-100","scheduled_build_year":null,"in_2026_cip":"N","length_ft":354.7,"object_id":25}},{"type":"Feature","geometry":{"type":"LineString","coordinates":[[-87.78533976975478,41.907313049822],[-87.78538361856316,41.908637902825],[-87.78538366446563,41.908639300370226]]},"properties":{"alley_id":"129","alley_name":"ALLEY 129","section_id":"00","pid":"ALLEYS::129::00","from_street":"Alley 129 N","to_street":"Le Moyne Pkwy","surface":"PCC","width_ft":16,"slab_length_ft":12,"slab_width_ft":8,"construction_date":"2016-06-01","construction_year":2016,"general_condition":"","pci_2022_2023":91,"pci_2024":91,"pci_change":0,"pci_2024_band":"80-100","scheduled_build_year":null,"in_2026_cip":"N","length_ft":483.4,"object_id":26}},{"type":"Feature","geometry":{"type":"LineString","coordinates":[[-87.78733721196137,41.90861506002506],[-87.78603526031264,41.90862988231252]]},"properties":{"alley_id":"132-N","alley_name":"ALLEY 132-N","section_id":"00","pid":"ALLEYS::132-N::00","from_street":"N Elmwood Ave","to_street":"Rossell Ave","surface":"PCC","width_ft":16,"slab_length_ft":10,"slab_width_ft":6,"construction_date":"2005-06-01","construction_year":2005,"general_condition":"","pci_2022_2023":94,"pci_2024":94,"pci_change":0,"pci_2024_band":"80-100","scheduled_build_year":null,"in_2026_cip":"N","length_ft":354.4,"object_id":27}},{"type":"Feature","geometry":{"type":"LineString","coordinates":[[-87.78664153220706,41.90729990731571],[-87.78668329746303,41.90862249999006]]},"properties":{"alley_id":"132","alley_name":"ALLEY 132","section_id":"00","pid":"ALLEYS::132::00","from_street":"Alley 132 N","to_street":"Le Moyne Pkwy","surface":"PCC","width_ft":22,"slab_length_ft":10,"slab_width_ft":6,"construction_date":"2005-06-01","construction_year":2005,"general_condition":"","pci_2022_2023":96,"pci_2024":96,"pci_change":0,"pci_2024_band":"80-100","scheduled_build_year":null,"in_2026_cip":"N","length_ft":482.1,"object_id":28}},{"type":"Feature","geometry":{"type":"LineString","coordinates":[[-87.78875248543143,41.90859728785039],[-87.78806369913055,41.908605655201235],[-87.78733721196137,41.90861506002506]]},"properties":{"alley_id":"133-N","alley_name":"ALLEY 133-N","section_id":"00","pid":"ALLEYS::133-N::00","from_street":"N Fair Oaks Ave","to_street":"N Elmwood Ave","surface":"PCC","width_ft":16,"slab_length_ft":10,"slab_width_ft":6,"construction_date":"2005-06-01","construction_year":2005,"general_condition":"","pci_2022_2023":87,"pci_2024":88,"pci_change":1,"pci_2024_band":"80-100","scheduled_build_year":null,"in_2026_cip":"N","length_ft":385.3,"object_id":29}},{"type":"Feature","geometry":{"type":"LineString","coordinates":[[-87.78806369913055,41.908605655201235],[-87.78802032982037,41.90728267092951]]},"properties":{"alley_id":"133","alley_name":"ALLEY 133","section_id":"00","pid":"ALLEYS::133::00","from_street":"Alley 133 N","to_street":"Le Moyne Pkwy","surface":"PCC","width_ft":22,"slab_length_ft":12,"slab_width_ft":6,"construction_date":"2005-06-01","construction_year":2005,"general_condition":"","pci_2022_2023":96,"pci_2024":96,"pci_change":0,"pci_2024_band":"80-100","scheduled_build_year":null,"in_2026_cip":"N","length_ft":482.2,"object_id":30}},{"type":"Feature","geometry":{"type":"LineString","coordinates":[[-87.79019825513612,41.90857886098429],[-87.78947537047829,41.90858806318884],[-87.78875248543143,41.90859728785039]]},"properties":{"alley_id":"140-N","alley_name":"ALLEY 140-N","section_id":"00","pid":"ALLEYS::140-N::00","from_street":"N East Ave","to_street":"N Fair Oaks Ave","surface":"PCC","width_ft":16,"slab_length_ft":10,"slab_width_ft":6,"construction_date":"2003-06-01","construction_year":2003,"general_condition":"","pci_2022_2023":93,"pci_2024":93,"pci_change":0,"pci_2024_band":"80-100","scheduled_build_year":null,"in_2026_cip":"N","length_ft":393.6,"object_id":31}},{"type":"Feature","geometry":{"type":"LineString","coordinates":[[-87.78943293940668,41.907263711739226],[-87.78947537047829,41.90858806318884]]},"properties":{"alley_id":"140","alley_name":"ALLEY 140","section_id":"00","pid":"ALLEYS::140::00","from_street":"Alley 140 N","to_street":"Le Moyne Pkwy","surface":"PCC","width_ft":22,"slab_length_ft":10,"slab_width_ft":6,"construction_date":"2003-06-01","construction_year":2003,"general_condition":"","pci_2022_2023":93,"pci_2024":96,"pci_change":3,"pci_2024_band":"80-100","scheduled_build_year":null,"in_2026_cip":"N","length_ft":482.7,"object_id":32}},{"type":"Feature","geometry":{"type":"LineString","coordinates":[[-87.79140929039491,41.90856283498579],[-87.79079974850335,41.90857097507296],[-87.79019825513612,41.90857886098429]]},"properties":{"alley_id":"141-N","alley_name":"ALLEY 141-N","section_id":"00","pid":"ALLEYS::141-N::00","from_street":"N Columbian Ave","to_street":"N East Ave","surface":"PCC","width_ft":16,"slab_length_ft":10,"slab_width_ft":6,"construction_date":"2003-06-01","construction_year":2003,"general_condition":"","pci_2022_2023":72,"pci_2024":73,"pci_change":1,"pci_2024_band":"60-79","scheduled_build_year":null,"in_2026_cip":"N","length_ft":329.7,"object_id":33}},{"type":"Feature","geometry":{"type":"LineString","coordinates":[[-87.79079974850335,41.90857097507296],[-87.79076647544599,41.90724647467572]]},"properties":{"alley_id":"141","alley_name":"ALLEY 141","section_id":"00","pid":"ALLEYS::141::00","from_street":"Alley 141 N","to_street":"Le Moyne Pkwy","surface":"PCC","width_ft":18,"slab_length_ft":33,"slab_width_ft":18,"construction_date":"2003-06-01","construction_year":2003,"general_condition":"","pci_2022_2023":14,"pci_2024":34,"pci_change":20,"pci_2024_band":"0-39","scheduled_build_year":null,"in_2026_cip":"N","length_ft":482.7,"object_id":34}},{"type":"Feature","geometry":{"type":"LineString","coordinates":[[-87.79201137013992,41.90855498600961],[-87.79197784753593,41.90723095203043]]},"properties":{"alley_id":"148","alley_name":"ALLEY 148","section_id":"00","pid":"ALLEYS::148::00","from_street":"Alley 148 N","to_street":"Le Moyne Pkwy","surface":"PCC","width_ft":22,"slab_length_ft":16,"slab_width_ft":6,"construction_date":"2006-06-01","construction_year":2006,"general_condition":"","pci_2022_2023":89,"pci_2024":89,"pci_change":0,"pci_2024_band":"80-100","scheduled_build_year":null,"in_2026_cip":"N","length_ft":482.6,"object_id":35}},{"type":"Feature","geometry":{"type":"LineString","coordinates":[[-87.79262156219137,41.90854803640127],[-87.79201137013992,41.90855498600961],[-87.79140929039491,41.90856283498579]]},"properties":{"alley_id":"148-N","alley_name":"ALLEY 148-N","section_id":"00","pid":"ALLEYS::148-N::00","from_street":"N Linden Ave","to_street":"N Columbian Ave","surface":"PCC","width_ft":16,"slab_length_ft":15,"slab_width_ft":6,"construction_date":"2006-06-01","construction_year":2006,"general_condition":"","pci_2022_2023":88,"pci_2024":88,"pci_change":0,"pci_2024_band":"80-100","scheduled_build_year":null,"in_2026_cip":"N","length_ft":330.0,"object_id":36}},{"type":"Feature","geometry":{"type":"LineString","coordinates":[[-87.79383259047442,41.90852826640894],[-87.79322498253342,41.90853811569321],[-87.79262156219137,41.90854803640127]]},"properties":{"alley_id":"149-N","alley_name":"ALLEY 149-N","section_id":"00","pid":"ALLEYS::149-N::00","from_street":"N Euclid Ave","to_street":"N Linden Ave","surface":"PCC","width_ft":16,"slab_length_ft":10,"slab_width_ft":6,"construction_date":"2004-06-01","construction_year":2004,"general_condition":"","pci_2022_2023":98,"pci_2024":98,"pci_change":0,"pci_2024_band":"80-100","scheduled_build_year":null,"in_2026_cip":"N","length_ft":329.7,"object_id":37}},{"type":"Feature","geometry":{"type":"LineString","coordinates":[[-87.79322498253342,41.90853811569321],[-87.79318934790375,41.90721544421804]]},"properties":{"alley_id":"149","alley_name":"ALLEY 149","section_id":"00","pid":"ALLEYS::149::00","from_street":"Alley 149 N","to_street":"Le Moyne Pkwy","surface":"PCC","width_ft":16,"slab_length_ft":12,"slab_width_ft":6,"construction_date":"2004-06-01","construction_year":2004,"general_condition":"","pci_2022_2023":97,"pci_2024":97,"pci_change":0,"pci_2024_band":"80-100","scheduled_build_year":null,"in_2026_cip":"N","length_ft":482.1,"object_id":38}},{"type":"Feature","geometry":{"type":"LineString","coordinates":[[-87.79504809574524,41.90852642318052],[-87.79444252048845,41.90852734266621],[-87.79383259047442,41.90852826640894]]},"properties":{"alley_id":"156-N","alley_name":"ALLEY 156-N","section_id":"00","pid":"ALLEYS::156-N::00","from_street":"N Oak Park Ave","to_street":"N Euclid Ave","surface":"PCC","width_ft":16,"slab_length_ft":10,"slab_width_ft":6,"construction_date":"2010-06-01","construction_year":2010,"general_condition":"","pci_2022_2023":93,"pci_2024":93,"pci_change":0,"pci_2024_band":"80-100","scheduled_build_year":null,"in_2026_cip":"N","length_ft":330.9,"object_id":39}},{"type":"Feature","geometry":{"type":"LineString","coordinates":[[-87.7944018818738,41.90719921450418],[-87.79444248386508,41.90852610812931],[-87.79444252048845,41.90852734266621]]},"properties":{"alley_id":"156","alley_name":"ALLEY 156","section_id":"00","pid":"ALLEYS::156::00","from_street":"Alley 156 N","to_street":"Le Moyne Pkwy","surface":"PCC","width_ft":16,"slab_length_ft":12,"slab_width_ft":8,"construction_date":"2016-06-01","construction_year":2016,"general_condition":"","pci_2022_2023":94,"pci_2024":94,"pci_change":0,"pci_2024_band":"80-100","scheduled_build_year":null,"in_2026_cip":"N","length_ft":484.1,"object_id":40}},{"type":"Feature","geometry":{"type":"LineString","coordinates":[[-87.79579170503064,41.90851651491837],[-87.79575661958388,41.90718111324416]]},"properties":{"alley_id":"157","alley_name":"ALLEY 157","section_id":"00","pid":"ALLEYS::157::00","from_street":"Alley 157 N","to_street":"Le Moyne Pkwy","surface":"PCC","width_ft":16,"slab_length_ft":12,"slab_width_ft":8,"construction_date":"2018-06-01","construction_year":2018,"general_condition":"","pci_2022_2023":96,"pci_2024":96,"pci_change":0,"pci_2024_band":"80-100","scheduled_build_year":null,"in_2026_cip":"N","length_ft":486.7,"object_id":41}},{"type":"Feature","geometry":{"type":"LineString","coordinates":[[-87.79653821865915,41.90850634081363],[-87.79579170503064,41.90851651491837],[-87.79504809574524,41.90852642318052]]},"properties":{"alley_id":"157-N","alley_name":"ALLEY 157-N","section_id":"00","pid":"ALLEYS::157-N::00","from_street":"N Grove Ave","to_street":"N Oak Park Ave","surface":"PCC","width_ft":16,"slab_length_ft":10,"slab_width_ft":6,"construction_date":"2008-06-01","construction_year":2008,"general_condition":"","pci_2022_2023":100,"pci_2024":100,"pci_change":0,"pci_2024_band":"80-100","scheduled_build_year":null,"in_2026_cip":"N","length_ft":405.7,"object_id":42}},{"type":"Feature","geometry":{"type":"LineString","coordinates":[[-87.79811366246143,41.90847969340035],[-87.79728641438957,41.90849273941496],[-87.79653821865915,41.90850634081363]]},"properties":{"alley_id":"164-N","alley_name":"ALLEY 164-N","section_id":"00","pid":"ALLEYS::164-N::00","from_street":"N Kellworth Ave","to_street":"N Grove Ave","surface":"PCC","width_ft":16,"slab_length_ft":10,"slab_width_ft":6,"construction_date":"2003-06-01","construction_year":2003,"general_condition":"","pci_2022_2023":96,"pci_2024":96,"pci_change":0,"pci_2024_band":"80-100","scheduled_build_year":null,"in_2026_cip":"N","length_ft":429.0,"object_id":43}},{"type":"Feature","geometry":{"type":"LineString","coordinates":[[-87.79728641438957,41.90849273941496],[-87.79724464781064,41.90716172493115]]},"properties":{"alley_id":"164","alley_name":"ALLEY 164","section_id":"00","pid":"ALLEYS::164::00","from_street":"Alley 164 N","to_street":"Le Moyne Pkwy","surface":"PCC","width_ft":16,"slab_length_ft":10,"slab_width_ft":8,"construction_date":"2003-06-01","construction_year":2003,"general_condition":"","pci_2022_2023":96,"pci_2024":96,"pci_change":0,"pci_2024_band":"80-100","scheduled_build_year":null,"in_2026_cip":"N","length_ft":485.2,"object_id":44}},{"type":"Feature","geometry":{"type":"LineString","coordinates":[[-87.79959411958674,41.908468705279226],[-87.79890029213462,41.908473999933925],[-87.79811366246143,41.90847969340035]]},"properties":{"alley_id":"165-N","alley_name":"ALLEY 165-N","section_id":"00","pid":"ALLEYS::165-N::00","from_street":"N Woodbine Ave","to_street":"N Kellworth Ave","surface":"PCC","width_ft":16,"slab_length_ft":10,"slab_width_ft":6,"construction_date":"1900-01-01","construction_year":1900,"general_condition":"","pci_2022_2023":81,"pci_2024":81,"pci_change":0,"pci_2024_band":"80-100","scheduled_build_year":null,"in_2026_cip":"N","length_ft":403.0,"object_id":45}},{"type":"Feature","geometry":{"type":"LineString","coordinates":[[-87.79885778506804,41.90713974402676],[-87.79890029213462,41.908473999933925]]},"properties":{"alley_id":"165","alley_name":"ALLEY 165","section_id":"00","pid":"ALLEYS::165::00","from_street":"Alley 165 N","to_street":"Le Moyne Pkwy","surface":"PCC","width_ft":16,"slab_length_ft":30,"slab_width_ft":15,"construction_date":"2008-06-01","construction_year":2008,"general_condition":"","pci_2022_2023":45,"pci_2024":53,"pci_change":8,"pci_2024_band":"40-59","scheduled_build_year":null,"in_2026_cip":"N","length_ft":486.3,"object_id":46}},{"type":"Feature","geometry":{"type":"LineString","coordinates":[[-87.8011701392502,41.9084519943625],[-87.80040439533622,41.90845999624039],[-87.79959411958674,41.908468705279226]]},"properties":{"alley_id":"171-N","alley_name":"ALLEY 171-N","section_id":"00","pid":"ALLEYS::171-N::00","from_street":"N Forest Ave","to_street":"N Woodbine Ave","surface":"PCC","width_ft":16,"slab_length_ft":10,"slab_width_ft":6,"construction_date":"2005-06-01","construction_year":2005,"general_condition":"","pci_2022_2023":95,"pci_2024":95,"pci_change":0,"pci_2024_band":"80-100","scheduled_build_year":null,"in_2026_cip":"N","length_ft":429.0,"object_id":47}},{"type":"Feature","geometry":{"type":"LineString","coordinates":[[-87.80036039952029,41.90712867084861],[-87.80040439533622,41.90845999624039]]},"properties":{"alley_id":"171","alley_name":"ALLEY 171","section_id":"00","pid":"ALLEYS::171::00","from_street":"Alley 171 N","to_street":"Le Moyne Pkwy","surface":"PCC","width_ft":16,"slab_length_ft":30,"slab_width_ft":15,"construction_date":"1929-06-01","construction_year":1929,"general_condition":"","pci_2022_2023":56,"pci_2024":61,"pci_change":5,"pci_2024_band":"60-79","scheduled_build_year":null,"in_2026_cip":"N","length_ft":485.3,"object_id":48}},{"type":"Feature","geometry":{"type":"LineString","coordinates":[[-87.77618383420301,41.90699217891935],[-87.77614512397314,41.90587994340967]]},"properties":{"alley_id":"102","alley_name":"ALLEY 102","section_id":"00","pid":"ALLEYS::102::00","from_street":"Alley 102 N","to_street":"Greenfield St","surface":"PCC","width_ft":16,"slab_length_ft":30,"slab_width_ft":15,"construction_date":"1925-06-01","construction_year":1925,"general_condition":"","pci_2022_2023":38,"pci_2024":49,"pci_change":11,"pci_2024_band":"40-59","scheduled_build_year":null,"in_2026_cip":"N","length_ft":405.4,"object_id":49}},{"type":"Feature","geometry":{"type":"LineString","coordinates":[[-87.77552984458026,41.90700157268066],[-87.77683418708109,41.906982818729]]},"properties":{"alley_id":"102-N","alley_name":"ALLEY 102-N","section_id":"00","pid":"ALLEYS::102-N::00","from_street":"N Humphrey Ave","to_street":"N Austin Blvd","surface":"PCC","width_ft":16,"slab_length_ft":33,"slab_width_ft":16,"construction_date":"1900-01-01","construction_year":1900,"general_condition":"","pci_2022_2023":17,"pci_2024":34,"pci_change":17,"pci_2024_band":"0-39","scheduled_build_year":null,"in_2026_cip":"N","length_ft":355.1,"object_id":50}},{"type":"Feature","geometry":{"type":"LineString","coordinates":[[-87.77683418708109,41.906982818729],[-87.77813974020573,41.90696405671302]]},"properties":{"alley_id":"103-N","alley_name":"ALLEY 103-N","section_id":"00","pid":"ALLEYS::103-N::00","from_street":"N Taylor Ave","to_street":"N Humphrey Ave","surface":"PCC","width_ft":22,"slab_length_ft":15,"slab_width_ft":6,"construction_date":"2006-06-01","construction_year":2006,"general_condition":"","pci_2022_2023":91,"pci_2024":91,"pci_change":0,"pci_2024_band":"80-100","scheduled_build_year":null,"in_2026_cip":"N","length_ft":355.5,"object_id":51}},{"type":"Feature","geometry":{"type":"LineString","coordinates":[[-87.77748707339298,41.90697344010794],[-87.77745214882793,41.90586679373241]]},"properties":{"alley_id":"103","alley_name":"ALLEY 103","section_id":"00","pid":"ALLEYS::103::00","from_street":"Alley 103 N","to_street":"Greenfield St","surface":"PCC","width_ft":22,"slab_length_ft":12,"slab_width_ft":6,"construction_date":"2006-06-01","construction_year":2006,"general_condition":"","pci_2022_2023":85,"pci_2024":86,"pci_change":1,"pci_2024_band":"80-100","scheduled_build_year":null,"in_2026_cip":"N","length_ft":403.4,"object_id":52}},{"type":"Feature","geometry":{"type":"LineString","coordinates":[[-87.77813974020573,41.90696405671302],[-87.7787939126566,41.906954621058],[-87.77944503626522,41.90694524980081]]},"properties":{"alley_id":"108-N","alley_name":"ALLEY 108-N","section_id":"00","pid":"ALLEYS::108-N::00","from_street":"N Hayes Ave","to_street":"N Taylor Ave","surface":"PCC","width_ft":22,"slab_length_ft":10,"slab_width_ft":6,"construction_date":"2007-06-01","construction_year":2007,"general_condition":"","pci_2022_2023":97,"pci_2024":97,"pci_change":0,"pci_2024_band":"80-100","scheduled_build_year":null,"in_2026_cip":"N","length_ft":355.4,"object_id":53}},{"type":"Feature","geometry":{"type":"LineString","coordinates":[[-87.7787939126566,41.906954621058],[-87.77875824897949,41.905850276348765]]},"properties":{"alley_id":"108","alley_name":"ALLEY 108","section_id":"00","pid":"ALLEYS::108::00","from_street":"Alley 108 N","to_street":"Greenfield St","surface":"PCC","width_ft":22,"slab_length_ft":12,"slab_width_ft":6,"construction_date":"2007-06-01","construction_year":2007,"general_condition":"","pci_2022_2023":94,"pci_2024":94,"pci_change":0,"pci_2024_band":"80-100","scheduled_build_year":null,"in_2026_cip":"N","length_ft":402.5,"object_id":54}},{"type":"Feature","geometry":{"type":"LineString","coordinates":[[-87.78006364343646,41.905834455576745],[-87.78009684355837,41.90692465451639],[-87.78009718558144,41.906935853682924]]},"properties":{"alley_id":"109","alley_name":"ALLEY 109","section_id":"00","pid":"ALLEYS::109::00","from_street":"Alley 109 N","to_street":"Greenfield St","surface":"PCC","width_ft":16,"slab_length_ft":33,"slab_width_ft":10,"construction_date":"1924-06-01","construction_year":1924,"general_condition":"","pci_2022_2023":19,"pci_2024":38,"pci_change":19,"pci_2024_band":"0-39","scheduled_build_year":null,"in_2026_cip":"N","length_ft":401.5,"object_id":55}},{"type":"Feature","geometry":{"type":"LineString","coordinates":[[-87.7807479810791,41.90692647255551],[-87.78204908687182,41.906907726615934]]},"properties":{"alley_id":"114-N","alley_name":"ALLEY 114-N","section_id":"00","pid":"ALLEYS::114-N::00","from_street":"N Harvey St","to_street":"N Lombard Ave","surface":"PCC","width_ft":16,"slab_length_ft":32,"slab_width_ft":10,"construction_date":"2014-06-01","construction_year":2014,"general_condition":"","pci_2022_2023":25,"pci_2024":46,"pci_change":21,"pci_2024_band":"40-59","scheduled_build_year":2025,"in_2026_cip":"N","length_ft":354.2,"object_id":56}},{"type":"Feature","geometry":{"type":"LineString","coordinates":[[-87.7813993235829,41.90691709126876],[-87.78136065616167,41.90581918200107]]},"properties":{"alley_id":"114","alley_name":"ALLEY 114","section_id":"00","pid":"ALLEYS::114::00","from_street":"Alley 114 N","to_street":"Greenfield St","surface":"PCC","width_ft":16,"slab_length_ft":33,"slab_width_ft":16,"construction_date":"2014-06-01","construction_year":2014,"general_condition":"","pci_2022_2023":52,"pci_2024":67,"pci_change":15,"pci_2024_band":"60-79","scheduled_build_year":2025,"in_2026_cip":"N","length_ft":400.2,"object_id":57}},{"type":"Feature","geometry":{"type":"LineString","coordinates":[[-87.78267630982654,41.907349621761774],[-87.78262161078392,41.90580199309921]]},"properties":{"alley_id":"121","alley_name":"ALLEY 121","section_id":"00","pid":"ALLEYS::121::00","from_street":"Le Moyne Pkwy","to_street":"Greenfield St","surface":"PCC","width_ft":22,"slab_length_ft":10,"slab_width_ft":6,"construction_date":"2007-06-01","construction_year":2007,"general_condition":"","pci_2022_2023":91,"pci_2024":91,"pci_change":0,"pci_2024_band":"80-100","scheduled_build_year":null,"in_2026_cip":"N","length_ft":564.2,"object_id":58}},{"type":"Feature","geometry":{"type":"LineString","coordinates":[[-87.80496222763215,41.90705364253033],[-87.80488420891503,41.905217249504446]]},"properties":{"alley_id":"179","alley_name":"ALLEY 179","section_id":"00","pid":"ALLEYS::179::00","from_street":"Le Moyne Pkwy","to_street":"Greenfield St","surface":"PCC","width_ft":17,"slab_length_ft":12,"slab_width_ft":8,"construction_date":"1973-06-01","construction_year":1973,"general_condition":"","pci_2022_2023":96,"pci_2024":96,"pci_change":0,"pci_2024_band":"80-100","scheduled_build_year":null,"in_2026_cip":"N","length_ft":669.5,"object_id":59}},{"type":"Feature","geometry":{"type":"LineString","coordinates":[[-87.79193280182903,41.905614299863785],[-87.79197784753593,41.90723095203043]]},"properties":{"alley_id":"147","alley_name":"ALLEY 147","section_id":"00","pid":"ALLEYS::147::00","from_street":"Le Moyne Pkwy","to_street":"Greenfield St","surface":"PCC","width_ft":18,"slab_length_ft":10,"slab_width_ft":6,"construction_date":"2006-06-01","construction_year":2006,"general_condition":"","pci_2022_2023":96,"pci_2024":96,"pci_change":0,"pci_2024_band":"80-100","scheduled_build_year":null,"in_2026_cip":"N","length_ft":589.2,"object_id":60}},{"type":"Feature","geometry":{"type":"LineString","coordinates":[[-87.79076647544599,41.90724647467572],[-87.79072032441675,41.90562946031627]]},"properties":{"alley_id":"142","alley_name":"ALLEY 142","section_id":"00","pid":"ALLEYS::142::00","from_street":"Le Moyne Pkwy","to_street":"Greenfield St","surface":"PCC","width_ft":18,"slab_length_ft":10,"slab_width_ft":6,"construction_date":"2002-06-01","construction_year":2002,"general_condition":"","pci_2022_2023":94,"pci_2024":94,"pci_change":0,"pci_2024_band":"80-100","scheduled_build_year":null,"in_2026_cip":"N","length_ft":589.4,"object_id":61}},{"type":"Feature","geometry":{"type":"LineString","coordinates":[[-87.79072032441675,41.90562946031627],[-87.79066025595553,41.903697532668915]]},"properties":{"alley_id":"143","alley_name":"ALLEY 143","section_id":"00","pid":"ALLEYS::143::00","from_street":"Greenfield St","to_street":"Berkshire St","surface":"PCC","width_ft":22,"slab_length_ft":12,"slab_width_ft":6,"construction_date":"2006-06-01","construction_year":2006,"general_condition":"","pci_2022_2023":94,"pci_2024":95,"pci_change":1,"pci_2024_band":"80-100","scheduled_build_year":null,"in_2026_cip":"N","length_ft":704.2,"object_id":62}},{"type":"Feature","geometry":{"type":"LineString","coordinates":[[-87.78943293940668,41.907263711739226],[-87.78938386287103,41.90564687480216]]},"properties":{"alley_id":"139","alley_name":"ALLEY 139","section_id":"00","pid":"ALLEYS::139::00","from_street":"Le Moyne Pkwy","to_street":"Greenfield St","surface":"PCC","width_ft":16,"slab_length_ft":10,"slab_width_ft":6,"construction_date":"2003-06-01","construction_year":2003,"general_condition":"","pci_2022_2023":88,"pci_2024":88,"pci_change":0,"pci_2024_band":"80-100","scheduled_build_year":null,"in_2026_cip":"N","length_ft":589.3,"object_id":63}},{"type":"Feature","geometry":{"type":"LineString","coordinates":[[-87.78932603947055,41.903719293181],[-87.78938386287103,41.90564687480216]]},"properties":{"alley_id":"138","alley_name":"ALLEY 138","section_id":"00","pid":"ALLEYS::138::00","from_street":"Greenfield St","to_street":"Berkshire St","surface":"PCC","width_ft":16,"slab_length_ft":10,"slab_width_ft":8,"construction_date":"2015-06-01","construction_year":2015,"general_condition":"","pci_2022_2023":95,"pci_2024":95,"pci_change":0,"pci_2024_band":"80-100","scheduled_build_year":null,"in_2026_cip":"N","length_ft":702.6,"object_id":64}},{"type":"Feature","geometry":{"type":"LineString","coordinates":[[-87.79251550908297,41.90482994264488],[-87.79190785307705,41.90483662908889]]},"properties":{"alley_id":"146-N","alley_name":"ALLEY 146-N","section_id":"00","pid":"ALLEYS::146-N::00","from_street":"N Linden Ave","to_street":"Alley 146","surface":"PCC","width_ft":18,"slab_length_ft":12,"slab_width_ft":6,"construction_date":"1900-01-01","construction_year":1900,"general_condition":"","pci_2022_2023":92,"pci_2024":92,"pci_change":0,"pci_2024_band":"80-100","scheduled_build_year":null,"in_2026_cip":"N","length_ft":165.4,"object_id":65}},{"type":"Feature","geometry":{"type":"LineString","coordinates":[[-87.79314358381808,41.9055997488696],[-87.79308977186282,41.90365554418311]]},"properties":{"alley_id":"151","alley_name":"ALLEY 151","section_id":"00","pid":"ALLEYS::151::00","from_street":"Greenfield St","to_street":"Berkshire St","surface":"PCC","width_ft":16,"slab_length_ft":12,"slab_width_ft":8,"construction_date":"2018-06-01","construction_year":2018,"general_condition":"","pci_2022_2023":95,"pci_2024":95,"pci_change":0,"pci_2024_band":"80-100","scheduled_build_year":null,"in_2026_cip":"N","length_ft":708.6,"object_id":66}},{"type":"Feature","geometry":{"type":"LineString","coordinates":[[-87.79436133631168,41.90558620639724],[-87.79430849399077,41.90363595560079]]},"properties":{"alley_id":"154","alley_name":"ALLEY 154","section_id":"00","pid":"ALLEYS::154::00","from_street":"Greenfield St","to_street":"Berkshire St","surface":"PCC","width_ft":16,"slab_length_ft":10,"slab_width_ft":8,"construction_date":"2016-06-01","construction_year":2016,"general_condition":"","pci_2022_2023":97,"pci_2024":97,"pci_change":0,"pci_2024_band":"80-100","scheduled_build_year":null,"in_2026_cip":"N","length_ft":710.8,"object_id":67}},{"type":"Feature","geometry":{"type":"LineString","coordinates":[[-87.79575661958388,41.90718111324416],[-87.7957104544682,41.90534936424132]]},"properties":{"alley_id":"158","alley_name":"ALLEY 158","section_id":"00","pid":"ALLEYS::158::00","from_street":"Le Moyne Pkwy","to_street":"Greenfield St","surface":"PCC","width_ft":16,"slab_length_ft":33,"slab_width_ft":16,"construction_date":"1928-06-01","construction_year":1928,"general_condition":"","pci_2022_2023":18,"pci_2024":35,"pci_change":17,"pci_2024_band":"0-39","scheduled_build_year":2025,"in_2026_cip":"N","length_ft":667.6,"object_id":68}},{"type":"Feature","geometry":{"type":"LineString","coordinates":[[-87.7957104544682,41.90534936424132],[-87.79566307315179,41.903522766995046]]},"properties":{"alley_id":"159","alley_name":"ALLEY 159","section_id":"00","pid":"ALLEYS::159::00","from_street":"Greenfield St","to_street":"Berkshire St","surface":"PCC","width_ft":16,"slab_length_ft":33,"slab_width_ft":16,"construction_date":"1926-06-01","construction_year":1926,"general_condition":"","pci_2022_2023":17,"pci_2024":34,"pci_change":17,"pci_2024_band":"0-39","scheduled_build_year":null,"in_2026_cip":"N","length_ft":665.7,"object_id":69}},{"type":"Feature","geometry":{"type":"LineString","coordinates":[[-87.79724464781064,41.90716172493115],[-87.79719560057806,41.905331280212245]]},"properties":{"alley_id":"163","alley_name":"ALLEY 163","section_id":"00","pid":"ALLEYS::163::00","from_street":"Le Moyne Pkwy","to_street":"Greenfield St","surface":"PCC","width_ft":16,"slab_length_ft":33,"slab_width_ft":16,"construction_date":"1928-06-01","construction_year":1928,"general_condition":"","pci_2022_2023":26,"pci_2024":46,"pci_change":20,"pci_2024_band":"40-59","scheduled_build_year":null,"in_2026_cip":"N","length_ft":667.2,"object_id":70}},{"type":"Feature","geometry":{"type":"LineString","coordinates":[[-87.79719560057806,41.905331280212245],[-87.79713836100372,41.90350118018718]]},"properties":{"alley_id":"162","alley_name":"ALLEY 162","section_id":"00","pid":"ALLEYS::162::00","from_street":"Greenfield St","to_street":"Berkshire St","surface":"PCC","width_ft":16,"slab_length_ft":13,"slab_width_ft":8,"construction_date":"2017-06-01","construction_year":2017,"general_condition":"","pci_2022_2023":94,"pci_2024":94,"pci_change":0,"pci_2024_band":"80-100","scheduled_build_year":null,"in_2026_cip":"N","length_ft":667.1,"object_id":71}},{"type":"Feature","geometry":{"type":"LineString","coordinates":[[-87.79885778506804,41.90713974402676],[-87.79880251934337,41.905307184903464]]},"properties":{"alley_id":"166","alley_name":"ALLEY 166","section_id":"00","pid":"ALLEYS::166::00","from_street":"Le Moyne Pkwy","to_street":"Greenfield St","surface":"PCC","width_ft":16,"slab_length_ft":12,"slab_width_ft":6,"construction_date":"2007-06-01","construction_year":2007,"general_condition":"","pci_2022_2023":96,"pci_2024":96,"pci_change":0,"pci_2024_band":"80-100","scheduled_build_year":null,"in_2026_cip":"N","length_ft":668.0,"object_id":72}},{"type":"Feature","geometry":{"type":"LineString","coordinates":[[-87.79880251934337,41.905307184903464],[-87.79873942097095,41.90347596082952]]},"properties":{"alley_id":"167","alley_name":"ALLEY 167","section_id":"00","pid":"ALLEYS::167::00","from_street":"Greenfield St","to_street":"Berkshire St","surface":"PCC","width_ft":16,"slab_length_ft":15,"slab_width_ft":6,"construction_date":"2014-06-01","construction_year":2014,"general_condition":"","pci_2022_2023":93,"pci_2024":93,"pci_change":0,"pci_2024_band":"80-100","scheduled_build_year":null,"in_2026_cip":"N","length_ft":667.5,"object_id":73}},{"type":"Feature","geometry":{"type":"LineString","coordinates":[[-87.80024512553973,41.903453981414856],[-87.80030203753257,41.90528790673208]]},"properties":{"alley_id":"169","alley_name":"ALLEY 169","section_id":"00","pid":"ALLEYS::169::00","from_street":"Greenfield St","to_street":"Berkshire St","surface":"PCC","width_ft":16,"slab_length_ft":12,"slab_width_ft":6,"construction_date":"2008-06-01","construction_year":2008,"general_condition":"","pci_2022_2023":92,"pci_2024":92,"pci_change":0,"pci_2024_band":"80-100","scheduled_build_year":null,"in_2026_cip":"N","length_ft":668.5,"object_id":74}},{"type":"Feature","geometry":{"type":"LineString","coordinates":[[-87.80030203753257,41.90528790673208],[-87.80036039952029,41.90712867084861]]},"properties":{"alley_id":"170","alley_name":"ALLEY 170","section_id":"00","pid":"ALLEYS::170::00","from_street":"Le Moyne Pkwy","to_street":"Greenfield St","surface":"PCC","width_ft":16,"slab_length_ft":24,"slab_width_ft":8,"construction_date":"1900-01-01","construction_year":1900,"general_condition":"","pci_2022_2023":55,"pci_2024":60,"pci_change":5,"pci_2024_band":"60-79","scheduled_build_year":null,"in_2026_cip":"N","length_ft":671.0,"object_id":75}},{"type":"Feature","geometry":{"type":"LineString","coordinates":[[-87.80182860982667,41.90526412356137],[-87.80176865008157,41.90342723532105]]},"properties":{"alley_id":"173","alley_name":"ALLEY 173","section_id":"00","pid":"ALLEYS::173::00","from_street":"Greenfield St","to_street":"Berkshire St","surface":"PCC","width_ft":16,"slab_length_ft":33,"slab_width_ft":16,"construction_date":"1929-06-01","construction_year":1929,"general_condition":"","pci_2022_2023":20,"pci_2024":37,"pci_change":17,"pci_2024_band":"0-39","scheduled_build_year":null,"in_2026_cip":"N","length_ft":669.6,"object_id":76}},{"type":"Feature","geometry":{"type":"LineString","coordinates":[[-87.80488420891503,41.905217249504446],[-87.8048133257176,41.90338021523354]]},"properties":{"alley_id":"180","alley_name":"ALLEY 180","section_id":"00","pid":"ALLEYS::180::00","from_street":"Greenfield St","to_street":"Berkshire St","surface":"PCC","width_ft":16,"slab_length_ft":42,"slab_width_ft":16,"construction_date":"1900-01-01","construction_year":1900,"general_condition":"","pci_2022_2023":49,"pci_2024":52,"pci_change":3,"pci_2024_band":"40-59","scheduled_build_year":null,"in_2026_cip":"N","length_ft":669.7,"object_id":77}},{"type":"Feature","geometry":{"type":"LineString","coordinates":[[-87.8048133257176,41.90338021523354],[-87.80475302155577,41.90153905865778]]},"properties":{"alley_id":"181","alley_name":"ALLEY 181","section_id":"00","pid":"ALLEYS::181::00","from_street":"Berksire St","to_street":"Division St","surface":"PCC","width_ft":16,"slab_length_ft":22,"slab_width_ft":8,"construction_date":"1900-01-01","construction_year":1900,"general_condition":"","pci_2022_2023":62,"pci_2024":64,"pci_change":2,"pci_2024_band":"60-79","scheduled_build_year":null,"in_2026_cip":"N","length_ft":671.1,"object_id":78}},{"type":"Feature","geometry":{"type":"LineString","coordinates":[[-87.80022742683897,41.9016179416746],[-87.80024512553973,41.903453981414856]]},"properties":{"alley_id":"168","alley_name":"ALLEY 168","section_id":"00","pid":"ALLEYS::168::00","from_street":"Berksire St","to_street":"Division St","surface":"PCC","width_ft":16,"slab_length_ft":12,"slab_width_ft":4,"construction_date":"2002-06-01","construction_year":2002,"general_condition":"","pci_2022_2023":92,"pci_2024":92,"pci_change":0,"pci_2024_band":"80-100","scheduled_build_year":null,"in_2026_cip":"N","length_ft":669.1,"object_id":79}},{"type":"Feature","geometry":{"type":"LineString","coordinates":[[-87.7944018818738,41.90719921450418],[-87.79436133631168,41.90558620639724]]},"properties":{"alley_id":"155","alley_name":"ALLEY 155","section_id":"00","pid":"ALLEYS::155::00","from_street":"Le Moyne Pkwy","to_street":"South End","surface":"PCC","width_ft":16,"slab_length_ft":10,"slab_width_ft":10,"construction_date":"2016-06-01","construction_year":2016,"general_condition":"","pci_2022_2023":97,"pci_2024":97,"pci_change":0,"pci_2024_band":"80-100","scheduled_build_year":null,"in_2026_cip":"N","length_ft":587.9,"object_id":80}},{"type":"Feature","geometry":{"type":"LineString","coordinates":[[-87.79318934790375,41.90721544421804],[-87.79314358381808,41.9055997488696]]},"properties":{"alley_id":"150","alley_name":"ALLEY 150","section_id":"00","pid":"ALLEYS::150::00","from_street":"Le Moyne Pkwy","to_street":"South End","surface":"PCC","width_ft":16,"slab_length_ft":12,"slab_width_ft":6,"construction_date":"2004-06-01","construction_year":2004,"general_condition":"","pci_2022_2023":100,"pci_2024":100,"pci_change":0,"pci_2024_band":"80-100","scheduled_build_year":null,"in_2026_cip":"N","length_ft":588.9,"object_id":81}},{"type":"Feature","geometry":{"type":"LineString","coordinates":[[-87.79190785307705,41.90483662908889],[-87.79187465683479,41.90367648104501]]},"properties":{"alley_id":"146","alley_name":"ALLEY 146","section_id":"00","pid":"ALLEYS::146::00","from_street":"Alley 146 N","to_street":"Berkshire St","surface":"PCC","width_ft":16,"slab_length_ft":10,"slab_width_ft":6,"construction_date":"2005-06-01","construction_year":2005,"general_condition":"","pci_2022_2023":98,"pci_2024":98,"pci_change":0,"pci_2024_band":"80-100","scheduled_build_year":null,"in_2026_cip":"N","length_ft":422.9,"object_id":82}},{"type":"Feature","geometry":{"type":"LineString","coordinates":[[-87.78802032982037,41.90728267092951],[-87.78796576120065,41.90566575243146]]},"properties":{"alley_id":"134","alley_name":"ALLEY 134","section_id":"00","pid":"ALLEYS::134::00","from_street":"Le Moyne Pkwy","to_street":"Greenfield St","surface":"PCC","width_ft":16,"slab_length_ft":10,"slab_width_ft":6,"construction_date":"2007-06-01","construction_year":2007,"general_condition":"","pci_2022_2023":94,"pci_2024":94,"pci_change":0,"pci_2024_band":"80-100","scheduled_build_year":null,"in_2026_cip":"N","length_ft":589.4,"object_id":83}},{"type":"Feature","geometry":{"type":"LineString","coordinates":[[-87.7865914008578,41.905683723304264],[-87.78664153220706,41.90729990731571]]},"properties":{"alley_id":"131","alley_name":"ALLEY 131","section_id":"00","pid":"ALLEYS::131::00","from_street":"Le Moyne Pkwy","to_street":"Greenfield St","surface":"PCC","width_ft":18,"slab_length_ft":12,"slab_width_ft":6,"construction_date":"2004-06-01","construction_year":2004,"general_condition":"","pci_2022_2023":98,"pci_2024":98,"pci_change":0,"pci_2024_band":"80-100","scheduled_build_year":null,"in_2026_cip":"N","length_ft":589.1,"object_id":84}},{"type":"Feature","geometry":{"type":"LineString","coordinates":[[-87.78533976975478,41.907313049822],[-87.78533641760977,41.90721964703729],[-87.78528842893155,41.90579477323103],[-87.78528544215081,41.90570164676775]]},"properties":{"alley_id":"130","alley_name":"ALLEY 130","section_id":"00","pid":"ALLEYS::130::00","from_street":"Le Moyne Pkwy","to_street":"Greenfield St","surface":"PCC","width_ft":22,"slab_length_ft":10,"slab_width_ft":6,"construction_date":"2004-06-01","construction_year":2004,"general_condition":"","pci_2022_2023":92,"pci_2024":93,"pci_change":1,"pci_2024_band":"80-100","scheduled_build_year":null,"in_2026_cip":"N","length_ft":587.4,"object_id":85}},{"type":"Feature","geometry":{"type":"LineString","coordinates":[[-87.78398224992304,41.90571816948409],[-87.78403613016484,41.90733069549551]]},"properties":{"alley_id":"127","alley_name":"ALLEY 127","section_id":"00","pid":"ALLEYS::127::00","from_street":"Le Moyne Pkwy","to_street":"Greenfield St","surface":"PCC","width_ft":22,"slab_length_ft":10,"slab_width_ft":8,"construction_date":"1977-06-01","construction_year":1977,"general_condition":"","pci_2022_2023":96,"pci_2024":97,"pci_change":1,"pci_2024_band":"80-100","scheduled_build_year":null,"in_2026_cip":"N","length_ft":587.8,"object_id":86}},{"type":"Feature","geometry":{"type":"LineString","coordinates":[[-87.78454207766296,41.905708003886744],[-87.7845032645245,41.9047538654225]]},"properties":{"alley_id":"126","alley_name":"ALLEY 126","section_id":"00","pid":"ALLEYS::126::00","from_street":"Greenfield St","to_street":"Lenox St W","surface":"PCC","width_ft":18,"slab_length_ft":12,"slab_width_ft":8,"construction_date":"2005-06-01","construction_year":2005,"general_condition":"","pci_2022_2023":93,"pci_2024":93,"pci_change":0,"pci_2024_band":"80-100","scheduled_build_year":null,"in_2026_cip":"N","length_ft":347.9,"object_id":87}},{"type":"Feature","geometry":{"type":"LineString","coordinates":[[-87.78792847003287,41.905666316298074],[-87.7878662911567,41.9037441468635]]},"properties":{"alley_id":"135","alley_name":"ALLEY 135","section_id":"00","pid":"ALLEYS::135::00","from_street":"Greenfield St","to_street":"Berkshire St","surface":"PP","width_ft":22,"slab_length_ft":0,"slab_width_ft":0,"construction_date":"1981-06-01","construction_year":1981,"general_condition":"GOOD","pci_2022_2023":null,"pci_2024":100,"pci_change":null,"pci_2024_band":"80-100","scheduled_build_year":null,"in_2026_cip":"N","length_ft":700.7,"object_id":88}},{"type":"Feature","geometry":{"type":"LineString","coordinates":[[-87.78092717482919,41.903843961077406],[-87.78098403689083,41.90582398493485]]},"properties":{"alley_id":"113","alley_name":"ALLEY 113","section_id":"00","pid":"ALLEYS::113::00","from_street":"Greenfield St","to_street":"Berkshire St","surface":"PCC","width_ft":16,"slab_length_ft":12,"slab_width_ft":8,"construction_date":"2015-06-01","construction_year":2015,"general_condition":"","pci_2022_2023":97,"pci_2024":98,"pci_change":1,"pci_2024_band":"80-100","scheduled_build_year":null,"in_2026_cip":"N","length_ft":721.7,"object_id":89}},{"type":"Feature","geometry":{"type":"LineString","coordinates":[[-87.77970755792448,41.90386215453731],[-87.77976773702811,41.90583862779374]]},"properties":{"alley_id":"110","alley_name":"ALLEY 110","section_id":"00","pid":"ALLEYS::110::00","from_street":"Greenfield St","to_street":"Berkshire St","surface":"PCC","width_ft":16,"slab_length_ft":12,"slab_width_ft":10,"construction_date":"1924-06-01","construction_year":1924,"general_condition":"","pci_2022_2023":95,"pci_2024":95,"pci_change":0,"pci_2024_band":"80-100","scheduled_build_year":null,"in_2026_cip":"N","length_ft":720.4,"object_id":90}},{"type":"Feature","geometry":{"type":"LineString","coordinates":[[-87.77854453173629,41.90585314157429],[-87.7784888019288,41.903880503963904]]},"properties":{"alley_id":"107","alley_name":"ALLEY 107","section_id":"00","pid":"ALLEYS::107::00","from_street":"Greenfield St","to_street":"Berkshire St","surface":"PCC","width_ft":16,"slab_length_ft":30,"slab_width_ft":10,"construction_date":"1924-06-01","construction_year":1924,"general_condition":"","pci_2022_2023":23,"pci_2024":41,"pci_change":18,"pci_2024_band":"40-59","scheduled_build_year":null,"in_2026_cip":"N","length_ft":719.0,"object_id":91}},{"type":"Feature","geometry":{"type":"LineString","coordinates":[[-87.77726085734656,41.903899207413374],[-87.7773255442639,41.90586834880451]]},"properties":{"alley_id":"104","alley_name":"ALLEY 104","section_id":"00","pid":"ALLEYS::104::00","from_street":"Greenfield St","to_street":"Berkshire St","surface":"PCC","width_ft":25,"slab_length_ft":15,"slab_width_ft":6,"construction_date":"2008-06-01","construction_year":2008,"general_condition":"","pci_2022_2023":91,"pci_2024":92,"pci_change":1,"pci_2024_band":"80-100","scheduled_build_year":null,"in_2026_cip":"N","length_ft":717.8,"object_id":92}},{"type":"Feature","geometry":{"type":"LineString","coordinates":[[-87.77610213977856,41.905880283138394],[-87.77602880705331,41.90404542261288]]},"properties":{"alley_id":"101","alley_name":"ALLEY 101","section_id":"00","pid":"ALLEYS::101::00","from_street":"Greenfield St","to_street":"Berkshire St","surface":"PCC","width_ft":18,"slab_length_ft":12,"slab_width_ft":9,"construction_date":"1971-06-01","construction_year":1971,"general_condition":"","pci_2022_2023":97,"pci_2024":97,"pci_change":0,"pci_2024_band":"80-100","scheduled_build_year":null,"in_2026_cip":"N","length_ft":668.9,"object_id":93}},{"type":"Feature","geometry":{"type":"LineString","coordinates":[[-87.78214642620324,41.90382545129389],[-87.78220302940068,41.90576960563419]]},"properties":{"alley_id":"122","alley_name":"ALLEY 122","section_id":"00","pid":"ALLEYS::122::00","from_street":"Greenfield St","to_street":"Berkshire St","surface":"AC","width_ft":16,"slab_length_ft":0,"slab_width_ft":0,"construction_date":"1976-06-01","construction_year":1976,"general_condition":"","pci_2022_2023":21,"pci_2024":21,"pci_change":0,"pci_2024_band":"0-39","scheduled_build_year":null,"in_2026_cip":"N","length_ft":708.6,"object_id":94}},{"type":"Feature","geometry":{"type":"LineString","coordinates":[[-87.78480556991002,41.90474817468175],[-87.7847758418925,41.90379232298154]]},"properties":{"alley_id":"125","alley_name":"ALLEY 125","section_id":"00","pid":"ALLEYS::125::00","from_street":"Lenox St W","to_street":"Berkshire St","surface":"PCC","width_ft":18,"slab_length_ft":20,"slab_width_ft":6,"construction_date":"2005-06-01","construction_year":2005,"general_condition":"","pci_2022_2023":93,"pci_2024":93,"pci_change":0,"pci_2024_band":"80-100","scheduled_build_year":null,"in_2026_cip":"N","length_ft":348.4,"object_id":95}},{"type":"Feature","geometry":{"type":"LineString","coordinates":[[-87.78347176845062,41.90380902841824],[-87.78340579345114,41.9018953992654]]},"properties":{"alley_id":"124","alley_name":"ALLEY 124","section_id":"00","pid":"ALLEYS::124::00","from_street":"Berksire St","to_street":"Division St","surface":"PCC","width_ft":22,"slab_length_ft":12,"slab_width_ft":6,"construction_date":"2002-06-01","construction_year":2002,"general_condition":"","pci_2022_2023":79,"pci_2024":80,"pci_change":1,"pci_2024_band":"80-100","scheduled_build_year":null,"in_2026_cip":"N","length_ft":697.6,"object_id":96}},{"type":"Feature","geometry":{"type":"LineString","coordinates":[[-87.78207686845842,41.901914576379696],[-87.78214642620324,41.90382545129389]]},"properties":{"alley_id":"123","alley_name":"ALLEY 123","section_id":"00","pid":"ALLEYS::123::00","from_street":"Berksire St","to_street":"Division St","surface":"PCC","width_ft":16,"slab_length_ft":12,"slab_width_ft":8,"construction_date":"2015-06-01","construction_year":2015,"general_condition":"","pci_2022_2023":96,"pci_2024":96,"pci_change":0,"pci_2024_band":"80-100","scheduled_build_year":null,"in_2026_cip":"N","length_ft":696.6,"object_id":97}},{"type":"Feature","geometry":{"type":"LineString","coordinates":[[-87.78092717482919,41.903843961077406],[-87.78085603653923,41.90193093776134]]},"properties":{"alley_id":"112","alley_name":"ALLEY 112","section_id":"00","pid":"ALLEYS::112::00","from_street":"Berksire St","to_street":"Division St","surface":"PCC","width_ft":16,"slab_length_ft":12,"slab_width_ft":8,"construction_date":"2011-06-01","construction_year":2011,"general_condition":"","pci_2022_2023":97,"pci_2024":97,"pci_change":0,"pci_2024_band":"80-100","scheduled_build_year":null,"in_2026_cip":"N","length_ft":697.4,"object_id":98}},{"type":"Feature","geometry":{"type":"LineString","coordinates":[[-87.78762413737958,41.90374842989752],[-87.78756138025575,41.901830565051846]]},"properties":{"alley_id":"136","alley_name":"ALLEY 136","section_id":"00","pid":"ALLEYS::136::00","from_street":"Berksire St","to_street":"Division St","surface":"PCC","width_ft":20,"slab_length_ft":15,"slab_width_ft":6,"construction_date":"1970-06-01","construction_year":1970,"general_condition":"","pci_2022_2023":92,"pci_2024":92,"pci_change":0,"pci_2024_band":"80-100","scheduled_build_year":null,"in_2026_cip":"N","length_ft":699.1,"object_id":99}},{"type":"Feature","geometry":{"type":"LineString","coordinates":[[-87.7891862468871,41.90180468715073],[-87.78924333868846,41.90372057509505]]},"properties":{"alley_id":"137","alley_name":"ALLEY 137","section_id":"00","pid":"ALLEYS::137::00","from_street":"Berksire St","to_street":"Division St","surface":"PCC","width_ft":20,"slab_length_ft":15,"slab_width_ft":10,"construction_date":"2017-06-01","construction_year":2017,"general_condition":"","pci_2022_2023":98,"pci_2024":98,"pci_change":0,"pci_2024_band":"80-100","scheduled_build_year":null,"in_2026_cip":"N","length_ft":698.3,"object_id":100}},{"type":"Feature","geometry":{"type":"LineString","coordinates":[[-87.79066025595553,41.903697532668915],[-87.79060701000515,41.90178018068821]]},"properties":{"alley_id":"144","alley_name":"ALLEY 144","section_id":"00","pid":"ALLEYS::144::00","from_street":"Berksire St","to_street":"Division St","surface":"PCC","width_ft":16,"slab_length_ft":12,"slab_width_ft":6,"construction_date":"2007-06-01","construction_year":2007,"general_condition":"","pci_2022_2023":97,"pci_2024":97,"pci_change":0,"pci_2024_band":"80-100","scheduled_build_year":null,"in_2026_cip":"N","length_ft":698.8,"object_id":101}},{"type":"Feature","geometry":{"type":"LineString","coordinates":[[-87.79187465683479,41.90367648104501],[-87.79182255046368,41.9017590260109]]},"properties":{"alley_id":"145","alley_name":"ALLEY 145","section_id":"00","pid":"ALLEYS::145::00","from_street":"Berksire St","to_street":"Division St","surface":"PCC","width_ft":16,"slab_length_ft":12,"slab_width_ft":6,"construction_date":"2008-06-01","construction_year":2008,"general_condition":"","pci_2022_2023":94,"pci_2024":94,"pci_change":0,"pci_2024_band":"80-100","scheduled_build_year":null,"in_2026_cip":"N","length_ft":698.9,"object_id":102}},{"type":"Feature","geometry":{"type":"LineString","coordinates":[[-87.79708745146006,41.90166990176084],[-87.79713836100372,41.90350118018718]]},"properties":{"alley_id":"161","alley_name":"ALLEY 161","section_id":"00","pid":"ALLEYS::161::00","from_street":"Berksire St","to_street":"Division St","surface":"AC","width_ft":16,"slab_length_ft":0,"slab_width_ft":0,"construction_date":"1976-06-01","construction_year":1976,"general_condition":"","pci_2022_2023":2,"pci_2024":100,"pci_change":98,"pci_2024_band":"80-100","scheduled_build_year":null,"in_2026_cip":"N","length_ft":667.5,"object_id":103}},{"type":"Feature","geometry":{"type":"LineString","coordinates":[[-87.79566307315179,41.903522766995046],[-87.79561373310747,41.90169330680405]]},"properties":{"alley_id":"160","alley_name":"ALLEY 160","section_id":"00","pid":"ALLEYS::160::00","from_street":"Berksire St","to_street":"Division St","surface":"PCC","width_ft":20,"slab_length_ft":33,"slab_width_ft":20,"construction_date":"1926-06-01","construction_year":1926,"general_condition":"","pci_2022_2023":16,"pci_2024":34,"pci_change":18,"pci_2024_band":"0-39","scheduled_build_year":null,"in_2026_cip":"N","length_ft":666.8,"object_id":104}},{"type":"Feature","geometry":{"type":"LineString","coordinates":[[-87.79430849399077,41.90363595560079],[-87.79425279591736,41.90171776353963]]},"properties":{"alley_id":"153","alley_name":"ALLEY 153","section_id":"00","pid":"ALLEYS::153::00","from_street":"Berksire St","to_street":"Division St","surface":"PCC","width_ft":16,"slab_length_ft":33,"slab_width_ft":10,"construction_date":"1926-06-01","construction_year":1926,"general_condition":"","pci_2022_2023":19,"pci_2024":38,"pci_change":19,"pci_2024_band":"0-39","scheduled_build_year":null,"in_2026_cip":"N","length_ft":699.2,"object_id":105}},{"type":"Feature","geometry":{"type":"LineString","coordinates":[[-87.79308977186282,41.90365554418311],[-87.79303675922831,41.901738921803314]]},"properties":{"alley_id":"152","alley_name":"ALLEY 152","section_id":"00","pid":"ALLEYS::152::00","from_street":"Berksire St","to_street":"Division St","surface":"PCC","width_ft":16,"slab_length_ft":16,"slab_width_ft":6,"construction_date":"2013-06-01","construction_year":2013,"general_condition":"","pci_2022_2023":94,"pci_2024":94,"pci_change":0,"pci_2024_band":"80-100","scheduled_build_year":null,"in_2026_cip":"N","length_ft":698.6,"object_id":106}},{"type":"Feature","geometry":{"type":"LineString","coordinates":[[-87.79858069109773,41.89981744779992],[-87.79852287071469,41.89799974796904]]},"properties":{"alley_id":"261","alley_name":"ALLEY 261","section_id":"00","pid":"ALLEYS::261::00","from_street":"Thomas St","to_street":"Augusta St","surface":"PCC","width_ft":16,"slab_length_ft":33,"slab_width_ft":10,"construction_date":"1900-01-01","construction_year":1900,"general_condition":"","pci_2022_2023":17,"pci_2024":35,"pci_change":18,"pci_2024_band":"0-39","scheduled_build_year":2029,"in_2026_cip":"N","length_ft":662.6,"object_id":107}},{"type":"Feature","geometry":{"type":"LineString","coordinates":[[-87.7986391259002,41.90164546869453],[-87.79858069109773,41.89981744779992]]},"properties":{"alley_id":"262","alley_name":"ALLEY 262","section_id":"00","pid":"ALLEYS::262::00","from_street":"Division St","to_street":"Thomas St","surface":"PCC","width_ft":16,"slab_length_ft":10,"slab_width_ft":6,"construction_date":"2005-06-01","construction_year":2005,"general_condition":"","pci_2022_2023":95,"pci_2024":95,"pci_change":0,"pci_2024_band":"80-100","scheduled_build_year":null,"in_2026_cip":"N","length_ft":666.3,"object_id":108}},{"type":"Feature","geometry":{"type":"LineString","coordinates":[[-87.79707791376971,41.89984424949712],[-87.7970266544296,41.89802682630229]]},"properties":{"alley_id":"257","alley_name":"ALLEY 257","section_id":"00","pid":"ALLEYS::257::00","from_street":"Thomas St","to_street":"Augusta St","surface":"PCC","width_ft":22,"slab_length_ft":12,"slab_width_ft":8,"construction_date":"2017-06-01","construction_year":2017,"general_condition":"","pci_2022_2023":97,"pci_2024":97,"pci_change":0,"pci_2024_band":"80-100","scheduled_build_year":null,"in_2026_cip":"N","length_ft":662.4,"object_id":109}},{"type":"Feature","geometry":{"type":"LineString","coordinates":[[-87.79713124350383,41.90166931035116],[-87.79707791376971,41.89984424949712]]},"properties":{"alley_id":"256","alley_name":"ALLEY 256","section_id":"00","pid":"ALLEYS::256::00","from_street":"Division St","to_street":"Thomas St","surface":"PCC","width_ft":16,"slab_length_ft":10,"slab_width_ft":6,"construction_date":"2014-06-01","construction_year":2014,"general_condition":"","pci_2022_2023":98,"pci_2024":98,"pci_change":0,"pci_2024_band":"80-100","scheduled_build_year":null,"in_2026_cip":"N","length_ft":665.2,"object_id":110}},{"type":"Feature","geometry":{"type":"LineString","coordinates":[[-87.79556524194538,41.899870380160756],[-87.79561373310747,41.90169330680405]]},"properties":{"alley_id":"255","alley_name":"ALLEY 255","section_id":"00","pid":"ALLEYS::255::00","from_street":"Division St","to_street":"Thomas St","surface":"PCC","width_ft":16,"slab_length_ft":33,"slab_width_ft":16,"construction_date":"1922-06-01","construction_year":1922,"general_condition":"","pci_2022_2023":19,"pci_2024":38,"pci_change":19,"pci_2024_band":"0-39","scheduled_build_year":null,"in_2026_cip":"N","length_ft":664.4,"object_id":111}},{"type":"Feature","geometry":{"type":"LineString","coordinates":[[-87.79556524194538,41.899870380160756],[-87.79552074124555,41.89806231913431]]},"properties":{"alley_id":"254","alley_name":"ALLEY 254","section_id":"00","pid":"ALLEYS::254::00","from_street":"Thomas St","to_street":"Augusta St","surface":"PCC","width_ft":16,"slab_length_ft":33,"slab_width_ft":16,"construction_date":"1924-06-01","construction_year":1924,"general_condition":"","pci_2022_2023":18,"pci_2024":38,"pci_change":20,"pci_2024_band":"0-39","scheduled_build_year":2029,"in_2026_cip":"N","length_ft":659.0,"object_id":112}},{"type":"Feature","geometry":{"type":"LineString","coordinates":[[-87.79297864405551,41.89976128388798],[-87.79303675922831,41.901738921803314]]},"properties":{"alley_id":"247","alley_name":"ALLEY 247","section_id":"00","pid":"ALLEYS::247::00","from_street":"Division St","to_street":"Thomas St","surface":"PCC","width_ft":16,"slab_length_ft":12,"slab_width_ft":8,"construction_date":"2015-06-01","construction_year":2015,"general_condition":"","pci_2022_2023":100,"pci_2024":100,"pci_change":0,"pci_2024_band":"80-100","scheduled_build_year":null,"in_2026_cip":"N","length_ft":720.8,"object_id":113}},{"type":"Feature","geometry":{"type":"LineString","coordinates":[[-87.79425279591736,41.90171776353963],[-87.79419580067604,41.89973991986699]]},"properties":{"alley_id":"248","alley_name":"ALLEY 248","section_id":"00","pid":"ALLEYS::248::00","from_street":"Division St","to_street":"Thomas St","surface":"PCC","width_ft":16,"slab_length_ft":10,"slab_width_ft":8,"construction_date":"2018-06-01","construction_year":2018,"general_condition":"","pci_2022_2023":93,"pci_2024":93,"pci_change":0,"pci_2024_band":"80-100","scheduled_build_year":null,"in_2026_cip":"N","length_ft":720.9,"object_id":114}},{"type":"Feature","geometry":{"type":"LineString","coordinates":[[-87.79182255046368,41.9017590260109],[-87.79176750374818,41.89978137499233]]},"properties":{"alley_id":"246","alley_name":"ALLEY 246","section_id":"00","pid":"ALLEYS::246::00","from_street":"Division St","to_street":"Thomas St","surface":"PCC","width_ft":16,"slab_length_ft":13,"slab_width_ft":8,"construction_date":"2017-06-01","construction_year":2017,"general_condition":"","pci_2022_2023":98,"pci_2024":98,"pci_change":0,"pci_2024_band":"80-100","scheduled_build_year":null,"in_2026_cip":"N","length_ft":720.8,"object_id":115}},{"type":"Feature","geometry":{"type":"LineString","coordinates":[[-87.79176750374818,41.89978137499233],[-87.79172608263764,41.89857780058844]]},"properties":{"alley_id":"245","alley_name":"ALLEY 245","section_id":"00","pid":"ALLEYS::245::00","from_street":"Thomas St","to_street":"Alley 245 S","surface":"PCC","width_ft":12,"slab_length_ft":10,"slab_width_ft":6,"construction_date":"2006-06-01","construction_year":2006,"general_condition":"","pci_2022_2023":99,"pci_2024":99,"pci_change":0,"pci_2024_band":"80-100","scheduled_build_year":null,"in_2026_cip":"N","length_ft":438.7,"object_id":116}},{"type":"Feature","geometry":{"type":"LineString","coordinates":[[-87.79234152595618,41.898568517320086],[-87.79112823718856,41.89858680711502]]},"properties":{"alley_id":"245-S","alley_name":"ALLEY 245-S","section_id":"00","pid":"ALLEYS::245-S::00","from_street":"N Linden Ave","to_street":"N Columbian Ave","surface":"PCC","width_ft":16,"slab_length_ft":12,"slab_width_ft":6,"construction_date":"2006-06-01","construction_year":2006,"general_condition":"","pci_2022_2023":94,"pci_2024":94,"pci_change":0,"pci_2024_band":"80-100","scheduled_build_year":null,"in_2026_cip":"N","length_ft":330.4,"object_id":117}},{"type":"Feature","geometry":{"type":"LineString","coordinates":[[-87.79055058882206,41.89980219311653],[-87.7905048262439,41.89814461898391]]},"properties":{"alley_id":"240","alley_name":"ALLEY 240","section_id":"00","pid":"ALLEYS::240::00","from_street":"Thomas St","to_street":"Augusta St","surface":"PCC","width_ft":16,"slab_length_ft":12,"slab_width_ft":8,"construction_date":"1971-06-01","construction_year":1971,"general_condition":"","pci_2022_2023":97,"pci_2024":97,"pci_change":0,"pci_2024_band":"80-100","scheduled_build_year":null,"in_2026_cip":"N","length_ft":604.2,"object_id":118}},{"type":"Feature","geometry":{"type":"LineString","coordinates":[[-87.79060701000515,41.90178018068821],[-87.79055058882206,41.89980219311653]]},"properties":{"alley_id":"239","alley_name":"ALLEY 239","section_id":"00","pid":"ALLEYS::239::00","from_street":"Division St","to_street":"Thomas St","surface":"PCC","width_ft":22,"slab_length_ft":15,"slab_width_ft":6,"construction_date":"2012-06-01","construction_year":2012,"general_condition":"","pci_2022_2023":92,"pci_2024":92,"pci_change":0,"pci_2024_band":"80-100","scheduled_build_year":null,"in_2026_cip":"N","length_ft":721.0,"object_id":119}},{"type":"Feature","geometry":{"type":"LineString","coordinates":[[-87.78912317772293,41.89982738050479],[-87.7891862468871,41.90180468715073]]},"properties":{"alley_id":"238","alley_name":"ALLEY 238","section_id":"00","pid":"ALLEYS::238::00","from_street":"Division St","to_street":"Thomas St","surface":"PCC","width_ft":20,"slab_length_ft":15,"slab_width_ft":10,"construction_date":"2017-06-01","construction_year":2017,"general_condition":"","pci_2022_2023":97,"pci_2024":97,"pci_change":0,"pci_2024_band":"80-100","scheduled_build_year":null,"in_2026_cip":"N","length_ft":720.7,"object_id":120}},{"type":"Feature","geometry":{"type":"LineString","coordinates":[[-87.78756138025575,41.901830565051846],[-87.78749636876978,41.899854291843084]]},"properties":{"alley_id":"231","alley_name":"ALLEY 231","section_id":"00","pid":"ALLEYS::231::00","from_street":"Division St","to_street":"Thomas St","surface":"PCC","width_ft":22,"slab_length_ft":10,"slab_width_ft":6,"construction_date":"2007-06-01","construction_year":2007,"general_condition":"","pci_2022_2023":94,"pci_2024":94,"pci_change":0,"pci_2024_band":"80-100","scheduled_build_year":null,"in_2026_cip":"N","length_ft":720.4,"object_id":121}},{"type":"Feature","geometry":{"type":"LineString","coordinates":[[-87.78749636876978,41.899854291843084],[-87.78744256017943,41.898189103786066]]},"properties":{"alley_id":"232","alley_name":"ALLEY 232","section_id":"00","pid":"ALLEYS::232::00","from_street":"Thomas St","to_street":"Augusta St","surface":"AC","width_ft":20,"slab_length_ft":0,"slab_width_ft":0,"construction_date":"1972-06-01","construction_year":1972,"general_condition":"","pci_2022_2023":20,"pci_2024":20,"pci_change":0,"pci_2024_band":"0-39","scheduled_build_year":null,"in_2026_cip":"N","length_ft":607.0,"object_id":122}},{"type":"Feature","geometry":{"type":"LineString","coordinates":[[-87.78587283165453,41.89988077617118],[-87.78593753442173,41.90185713879376]]},"properties":{"alley_id":"230","alley_name":"ALLEY 230","section_id":"00","pid":"ALLEYS::230::00","from_street":"Division St","to_street":"Thomas St","surface":"AC","width_ft":16,"slab_length_ft":0,"slab_width_ft":0,"construction_date":"2008-06-01","construction_year":2008,"general_condition":"","pci_2022_2023":28,"pci_2024":28,"pci_change":0,"pci_2024_band":"0-39","scheduled_build_year":null,"in_2026_cip":"N","length_ft":720.4,"object_id":123}},{"type":"Feature","geometry":{"type":"LineString","coordinates":[[-87.78448434927307,41.90187978579483],[-87.78442920577419,41.899903283537746]]},"properties":{"alley_id":"223","alley_name":"ALLEY 223","section_id":"00","pid":"ALLEYS::223::00","from_street":"Division St","to_street":"Thomas St","surface":"PCC","width_ft":16,"slab_length_ft":12,"slab_width_ft":6,"construction_date":"2005-06-01","construction_year":2005,"general_condition":"","pci_2022_2023":98,"pci_2024":98,"pci_change":0,"pci_2024_band":"80-100","scheduled_build_year":null,"in_2026_cip":"N","length_ft":720.4,"object_id":124}},{"type":"Feature","geometry":{"type":"LineString","coordinates":[[-87.78423945913558,41.89990602637304],[-87.78418120575728,41.89823359761793]]},"properties":{"alley_id":"224","alley_name":"ALLEY 224","section_id":"00","pid":"ALLEYS::224::00","from_street":"Thomas St","to_street":"Augusta St","surface":"PCC","width_ft":22,"slab_length_ft":12,"slab_width_ft":6,"construction_date":"2006-06-01","construction_year":2006,"general_condition":"","pci_2022_2023":89,"pci_2024":89,"pci_change":0,"pci_2024_band":"80-100","scheduled_build_year":null,"in_2026_cip":"N","length_ft":609.7,"object_id":125}},{"type":"Feature","geometry":{"type":"LineString","coordinates":[[-87.78084328814361,41.90193109610919],[-87.78077571031126,41.89995711189779]]},"properties":{"alley_id":"214","alley_name":"ALLEY 214","section_id":"00","pid":"ALLEYS::214::00","from_street":"Division St","to_street":"Thomas St","surface":"PCC","width_ft":15,"slab_length_ft":33,"slab_width_ft":10,"construction_date":"1925-06-01","construction_year":1925,"general_condition":"","pci_2022_2023":19,"pci_2024":39,"pci_change":20,"pci_2024_band":"0-39","scheduled_build_year":null,"in_2026_cip":"N","length_ft":719.6,"object_id":126}},{"type":"Feature","geometry":{"type":"LineString","coordinates":[[-87.78096714881515,41.899953998479496],[-87.780923370428,41.89827826333553]]},"properties":{"alley_id":"215","alley_name":"ALLEY 215","section_id":"00","pid":"ALLEYS::215::00","from_street":"Thomas St","to_street":"Augusta St","surface":"PCC","width_ft":20,"slab_length_ft":33,"slab_width_ft":20,"construction_date":"1922-06-01","construction_year":1922,"general_condition":"","pci_2022_2023":26,"pci_2024":46,"pci_change":20,"pci_2024_band":"40-59","scheduled_build_year":null,"in_2026_cip":"N","length_ft":610.8,"object_id":127}},{"type":"Feature","geometry":{"type":"LineString","coordinates":[[-87.7819992887123,41.89993736212025],[-87.78206169467153,41.90191480515061]]},"properties":{"alley_id":"221","alley_name":"ALLEY 221","section_id":"00","pid":"ALLEYS::221::00","from_street":"Division St","to_street":"Thomas St","surface":"PCC","width_ft":16,"slab_length_ft":36,"slab_width_ft":16,"construction_date":"1923-06-01","construction_year":1923,"general_condition":"","pci_2022_2023":23,"pci_2024":36,"pci_change":13,"pci_2024_band":"0-39","scheduled_build_year":2026,"in_2026_cip":"Y","length_ft":720.8,"object_id":128}},{"type":"Feature","geometry":{"type":"LineString","coordinates":[[-87.78327809177117,41.90189723026103],[-87.78321784717303,41.89992026367148]]},"properties":{"alley_id":"222","alley_name":"ALLEY 222","section_id":"00","pid":"ALLEYS::222::00","from_street":"Division St","to_street":"Thomas St","surface":"PCC","width_ft":16,"slab_length_ft":20,"slab_width_ft":6,"construction_date":"2012-06-01","construction_year":2012,"general_condition":"","pci_2022_2023":97,"pci_2024":97,"pci_change":0,"pci_2024_band":"80-100","scheduled_build_year":null,"in_2026_cip":"N","length_ft":720.6,"object_id":129}},{"type":"Feature","geometry":{"type":"LineString","coordinates":[[-87.77962676076805,41.901946586398545],[-87.77956574189487,41.90012331950071]]},"properties":{"alley_id":"212","alley_name":"ALLEY 212","section_id":"00","pid":"ALLEYS::212::00","from_street":"Division St","to_street":"Thomas St","surface":"PCC","width_ft":16,"slab_length_ft":32,"slab_width_ft":16,"construction_date":"1924-06-01","construction_year":1924,"general_condition":"","pci_2022_2023":38,"pci_2024":49,"pci_change":11,"pci_2024_band":"40-59","scheduled_build_year":null,"in_2026_cip":"N","length_ft":664.6,"object_id":130}},{"type":"Feature","geometry":{"type":"LineString","coordinates":[[-87.77956574189487,41.90012331950071],[-87.77950859346439,41.89829875346729]]},"properties":{"alley_id":"213","alley_name":"ALLEY 213","section_id":"00","pid":"ALLEYS::213::00","from_street":"Thomas St","to_street":"Augusta St","surface":"PCC","width_ft":16,"slab_length_ft":15,"slab_width_ft":6,"construction_date":"2015-06-01","construction_year":2015,"general_condition":"","pci_2022_2023":95,"pci_2024":95,"pci_change":0,"pci_2024_band":"80-100","scheduled_build_year":null,"in_2026_cip":"N","length_ft":665.1,"object_id":131}},{"type":"Feature","geometry":{"type":"LineString","coordinates":[[-87.77829571176851,41.89831685471459],[-87.77835158314416,41.90014072997399]]},"properties":{"alley_id":"210","alley_name":"ALLEY 210","section_id":"00","pid":"ALLEYS::210::00","from_street":"Thomas St","to_street":"Augusta St","surface":"PCC","width_ft":16,"slab_length_ft":32,"slab_width_ft":16,"construction_date":"1924-06-01","construction_year":1924,"general_condition":"","pci_2022_2023":51,"pci_2024":67,"pci_change":16,"pci_2024_band":"60-79","scheduled_build_year":null,"in_2026_cip":"N","length_ft":664.8,"object_id":132}},{"type":"Feature","geometry":{"type":"LineString","coordinates":[[-87.77840923092634,41.90196337705175],[-87.77835158314416,41.90014072997399]]},"properties":{"alley_id":"211","alley_name":"ALLEY 211","section_id":"00","pid":"ALLEYS::211::00","from_street":"Division St","to_street":"Thomas St","surface":"PCC","width_ft":16,"slab_length_ft":33,"slab_width_ft":16,"construction_date":"1925-06-01","construction_year":1925,"general_condition":"","pci_2022_2023":23,"pci_2024":42,"pci_change":19,"pci_2024_band":"40-59","scheduled_build_year":null,"in_2026_cip":"N","length_ft":664.4,"object_id":133}},{"type":"Feature","geometry":{"type":"LineString","coordinates":[[-87.777131246473,41.90015880985408],[-87.77719786315907,41.90198106246871]]},"properties":{"alley_id":"204","alley_name":"ALLEY 204","section_id":"00","pid":"ALLEYS::204::00","from_street":"Division St","to_street":"Thomas St","surface":"PCC","width_ft":20,"slab_length_ft":12,"slab_width_ft":8,"construction_date":"2015-06-01","construction_year":2015,"general_condition":"","pci_2022_2023":98,"pci_2024":98,"pci_change":0,"pci_2024_band":"80-100","scheduled_build_year":null,"in_2026_cip":"N","length_ft":664.3,"object_id":134}},{"type":"Feature","geometry":{"type":"LineString","coordinates":[[-87.777131246473,41.90015880985408],[-87.77708012810007,41.89833309156606]]},"properties":{"alley_id":"205","alley_name":"ALLEY 205","section_id":"00","pid":"ALLEYS::205::00","from_street":"Thomas St","to_street":"Augusta St","surface":"PCC","width_ft":16,"slab_length_ft":30,"slab_width_ft":16,"construction_date":"1924-06-01","construction_year":1924,"general_condition":"","pci_2022_2023":56,"pci_2024":70,"pci_change":14,"pci_2024_band":"60-79","scheduled_build_year":null,"in_2026_cip":"N","length_ft":665.4,"object_id":135}},{"type":"Feature","geometry":{"type":"LineString","coordinates":[[-87.77597070872446,41.901997587978464],[-87.77591362063329,41.900173570368366]]},"properties":{"alley_id":"203","alley_name":"ALLEY 203","section_id":"00","pid":"ALLEYS::203::00","from_street":"Division St","to_street":"Thomas St","surface":"PCC","width_ft":20,"slab_length_ft":10,"slab_width_ft":6,"construction_date":"2007-06-01","construction_year":2007,"general_condition":"","pci_2022_2023":88,"pci_2024":88,"pci_change":0,"pci_2024_band":"80-100","scheduled_build_year":null,"in_2026_cip":"N","length_ft":664.9,"object_id":136}},{"type":"Feature","geometry":{"type":"LineString","coordinates":[[-87.77591362063329,41.900173570368366],[-87.77586454156702,41.898349590138054]]},"properties":{"alley_id":"202","alley_name":"ALLEY 202","section_id":"00","pid":"ALLEYS::202::00","from_street":"Thomas St","to_street":"Augusta St","surface":"PCC","width_ft":16,"slab_length_ft":12,"slab_width_ft":8,"construction_date":"2018-06-01","construction_year":2018,"general_condition":"","pci_2022_2023":86,"pci_2024":86,"pci_change":0,"pci_2024_band":"80-100","scheduled_build_year":null,"in_2026_cip":"N","length_ft":664.8,"object_id":137}},{"type":"Feature","geometry":{"type":"LineString","coordinates":[[-87.77970755792448,41.90386215453731],[-87.77963590901506,41.90194646574747]]},"properties":{"alley_id":"111","alley_name":"ALLEY 111","section_id":"00","pid":"ALLEYS::111::00","from_street":"Berksire St","to_street":"Division St","surface":"PCC","width_ft":16,"slab_length_ft":33,"slab_width_ft":16,"construction_date":"1925-06-01","construction_year":1925,"general_condition":"","pci_2022_2023":49,"pci_2024":49,"pci_change":0,"pci_2024_band":"40-59","scheduled_build_year":null,"in_2026_cip":"N","length_ft":698.4,"object_id":138}},{"type":"Feature","geometry":{"type":"LineString","coordinates":[[-87.7784888019288,41.903880503963904],[-87.77841808392375,41.901963255070925]]},"properties":{"alley_id":"106","alley_name":"ALLEY 106","section_id":"00","pid":"ALLEYS::106::00","from_street":"Berksire St","to_street":"Division St","surface":"AC","width_ft":22,"slab_length_ft":0,"slab_width_ft":0,"construction_date":"1973-06-01","construction_year":1973,"general_condition":"","pci_2022_2023":20,"pci_2024":20,"pci_change":0,"pci_2024_band":"0-39","scheduled_build_year":2026,"in_2026_cip":"Y","length_ft":698.9,"object_id":139}},{"type":"Feature","geometry":{"type":"LineString","coordinates":[[-87.77719786315907,41.90198106246871],[-87.77726085734656,41.903899207413374]]},"properties":{"alley_id":"105","alley_name":"ALLEY 105","section_id":"00","pid":"ALLEYS::105::00","from_street":"Berksire St","to_street":"Division St","surface":"PCC","width_ft":16,"slab_length_ft":30,"slab_width_ft":15,"construction_date":"1923-06-01","construction_year":1923,"general_condition":"","pci_2022_2023":64,"pci_2024":71,"pci_change":7,"pci_2024_band":"60-79","scheduled_build_year":null,"in_2026_cip":"N","length_ft":699.2,"object_id":140}},{"type":"Feature","geometry":{"type":"LineString","coordinates":[[-87.80236450865668,41.8984002325729],[-87.80084684297901,41.89843055404071]]},"properties":{"alley_id":"267-S","alley_name":"ALLEY 267-S","section_id":"00","pid":"ALLEYS::267-S::00","from_street":"N Belleforte Ave","to_street":"N Forest Ave","surface":"PCC","width_ft":18,"slab_length_ft":16,"slab_width_ft":6,"construction_date":"2013-06-01","construction_year":2013,"general_condition":"","pci_2022_2023":95,"pci_2024":95,"pci_change":0,"pci_2024_band":"80-100","scheduled_build_year":null,"in_2026_cip":"N","length_ft":413.3,"object_id":141}},{"type":"Feature","geometry":{"type":"LineString","coordinates":[[-87.80397661087443,41.897475949266926],[-87.8053665460644,41.8974493352588]]},"properties":{"alley_id":"275-W","alley_name":"ALLEY 275-W","section_id":"00","pid":"ALLEYS::275-W::00","from_street":"N Harlem Ave","to_street":"Alley 275","surface":"PCC","width_ft":18,"slab_length_ft":33,"slab_width_ft":18,"construction_date":"1900-01-01","construction_year":1900,"general_condition":"","pci_2022_2023":15,"pci_2024":33,"pci_change":18,"pci_2024_band":"0-39","scheduled_build_year":null,"in_2026_cip":"N","length_ft":378.5,"object_id":142}},{"type":"Feature","geometry":{"type":"LineString","coordinates":[[-87.80399351785907,41.8978971320121],[-87.80396131797109,41.89709500477271]]},"properties":{"alley_id":"275","alley_name":"ALLEY 275","section_id":"00","pid":"ALLEYS::275::00","from_street":"Augusta St","to_street":"Miller Ave","surface":"PCC","width_ft":18,"slab_length_ft":15,"slab_width_ft":6,"construction_date":"2012-06-01","construction_year":2012,"general_condition":"","pci_2022_2023":89,"pci_2024":89,"pci_change":0,"pci_2024_band":"80-100","scheduled_build_year":null,"in_2026_cip":"N","length_ft":292.4,"object_id":143}},{"type":"Feature","geometry":{"type":"LineString","coordinates":[[-87.80396131797109,41.89709500477271],[-87.80394745074004,41.89671494555681],[-87.80392967974468,41.8963005374054]]},"properties":{"alley_id":"274","alley_name":"ALLEY 274","section_id":"00","pid":"ALLEYS::274::00","from_street":"Miller Ave","to_street":"Schneider Ave","surface":"PCC","width_ft":14,"slab_length_ft":33,"slab_width_ft":16,"construction_date":"1929-06-01","construction_year":1929,"general_condition":"","pci_2022_2023":14,"pci_2024":28,"pci_change":14,"pci_2024_band":"0-39","scheduled_build_year":null,"in_2026_cip":"N","length_ft":289.6,"object_id":144}},{"type":"Feature","geometry":{"type":"LineString","coordinates":[[-87.80394745074004,41.89671494555681],[-87.80533885056835,41.89668685575158]]},"properties":{"alley_id":"274-E","alley_name":"ALLEY 274-E","section_id":"00","pid":"ALLEYS::274-E::00","from_street":"N Harlem Ave","to_street":"Alley 274","surface":"PCC","width_ft":14,"slab_length_ft":33,"slab_width_ft":16,"construction_date":"1929-06-01","construction_year":1929,"general_condition":"","pci_2022_2023":23,"pci_2024":32,"pci_change":9,"pci_2024_band":"0-39","scheduled_build_year":null,"in_2026_cip":"N","length_ft":379.0,"object_id":145}},{"type":"Feature","geometry":{"type":"LineString","coordinates":[[-87.80392967974468,41.8963005374054],[-87.80391823008345,41.89589013787317]]},"properties":{"alley_id":"273","alley_name":"ALLEY 273","section_id":"00","pid":"ALLEYS::273::00","from_street":"Schneider Ave","to_street":"South End","surface":"AC","width_ft":18,"slab_length_ft":0,"slab_width_ft":0,"construction_date":"1900-01-01","construction_year":1900,"general_condition":"","pci_2022_2023":59,"pci_2024":59,"pci_change":0,"pci_2024_band":"40-59","scheduled_build_year":null,"in_2026_cip":"N","length_ft":149.6,"object_id":146}},{"type":"Feature","geometry":{"type":"LineString","coordinates":[[-87.80194576444879,41.8948872810893],[-87.80062896467695,41.89491076274923]]},"properties":{"alley_id":"266","alley_name":"ALLEY 266","section_id":"00","pid":"ALLEYS::266::00","from_street":"N Belleforte Ave","to_street":"N Forest Ave","surface":"PCC","width_ft":14,"slab_length_ft":25,"slab_width_ft":7,"construction_date":"1900-01-01","construction_year":1900,"general_condition":"","pci_2022_2023":79,"pci_2024":79,"pci_change":0,"pci_2024_band":"60-79","scheduled_build_year":null,"in_2026_cip":"N","length_ft":358.6,"object_id":147}},{"type":"Feature","geometry":{"type":"LineString","coordinates":[[-87.80345538391425,41.89305196151165],[-87.80349427806098,41.89424747957635]]},"properties":{"alley_id":"375","alley_name":"ALLEY 375","section_id":"00","pid":"ALLEYS::375::00","from_street":"Chicago Ave","to_street":"Superior St","surface":"PCC","width_ft":22,"slab_length_ft":33,"slab_width_ft":22,"construction_date":"1926-06-01","construction_year":1926,"general_condition":"","pci_2022_2023":16,"pci_2024":33,"pci_change":17,"pci_2024_band":"0-39","scheduled_build_year":null,"in_2026_cip":"N","length_ft":435.8,"object_id":148}},{"type":"Feature","geometry":{"type":"LineString","coordinates":[[-87.80100343291595,41.8931003637568],[-87.80099412888444,41.892622952231804]]},"properties":{"alley_id":"365","alley_name":"ALLEY 365","section_id":"00","pid":"ALLEYS::365::00","from_street":"Superior Sr","to_street":"South End","surface":"PCC","width_ft":15,"slab_length_ft":33,"slab_width_ft":5,"construction_date":"1980-06-01","construction_year":1980,"general_condition":"","pci_2022_2023":14,"pci_2024":100,"pci_change":86,"pci_2024_band":"80-100","scheduled_build_year":null,"in_2026_cip":"N","length_ft":174.0,"object_id":149}},{"type":"Feature","geometry":{"type":"LineString","coordinates":[[-87.80099186922321,41.89250689400251],[-87.80277574566352,41.89247242201098]]},"properties":{"alley_id":"365-W","alley_name":"ALLEY 365-W","section_id":"00","pid":"ALLEYS::365-W::00","from_street":"N Marion St","to_street":"Alley 365","surface":"AC","width_ft":18,"slab_length_ft":0,"slab_width_ft":0,"construction_date":"1900-01-01","construction_year":1900,"general_condition":"","pci_2022_2023":43,"pci_2024":100,"pci_change":57,"pci_2024_band":"80-100","scheduled_build_year":null,"in_2026_cip":"N","length_ft":485.9,"object_id":150}},{"type":"Feature","geometry":{"type":"LineString","coordinates":[[-87.80343525351248,41.893052362011815],[-87.80339862346416,41.89185850085512]]},"properties":{"alley_id":"374","alley_name":"ALLEY 374","section_id":"00","pid":"ALLEYS::374::00","from_street":"Superior St","to_street":"Erie St","surface":"PCC","width_ft":20,"slab_length_ft":12,"slab_width_ft":10,"construction_date":"2013-06-01","construction_year":2013,"general_condition":"","pci_2022_2023":98,"pci_2024":98,"pci_change":0,"pci_2024_band":"80-100","scheduled_build_year":null,"in_2026_cip":"N","length_ft":435.2,"object_id":151}},{"type":"Feature","geometry":{"type":"LineString","coordinates":[[-87.80452676257657,41.89234270929974],[-87.80450427287093,41.89183651183789]]},"properties":{"alley_id":"377","alley_name":"ALLEY 377","section_id":"00","pid":"ALLEYS::377::00","from_street":"North End","to_street":"Erie St","surface":"PCC","width_ft":12,"slab_length_ft":10,"slab_width_ft":6,"construction_date":"2007-06-01","construction_year":2007,"general_condition":"","pci_2022_2023":94,"pci_2024":94,"pci_change":0,"pci_2024_band":"80-100","scheduled_build_year":null,"in_2026_cip":"N","length_ft":184.6,"object_id":152}},{"type":"Feature","geometry":{"type":"LineString","coordinates":[[-87.80133245658291,41.88866839081314],[-87.80132085569736,41.8883669087282],[-87.80134743560714,41.88834590082429]]},"properties":{"alley_id":"368","alley_name":"ALLEY 368","section_id":"00","pid":"ALLEYS::368::00","from_street":"Lake St","to_street":"Alley 368 E","surface":"PCC","width_ft":16,"slab_length_ft":12,"slab_width_ft":8,"construction_date":"2004-06-01","construction_year":2004,"general_condition":"","pci_2022_2023":91,"pci_2024":91,"pci_change":0,"pci_2024_band":"80-100","scheduled_build_year":null,"in_2026_cip":"N","length_ft":120.4,"object_id":153}},{"type":"Feature","geometry":{"type":"LineString","coordinates":[[-87.80134743560714,41.88834590082429],[-87.80152709639378,41.888341656824394]]},"properties":{"alley_id":"368-E","alley_name":"ALLEY 368-E","section_id":"00","pid":"ALLEYS::368-E::00","from_street":"West End","to_street":"Alley 368","surface":"PCC","width_ft":16,"slab_length_ft":15,"slab_width_ft":6,"construction_date":"2004-06-01","construction_year":2004,"general_condition":"","pci_2022_2023":36,"pci_2024":36,"pci_change":0,"pci_2024_band":"0-39","scheduled_build_year":null,"in_2026_cip":"N","length_ft":48.9,"object_id":154}},{"type":"Feature","geometry":{"type":"LineString","coordinates":[[-87.8016445675657,41.888338935218904],[-87.80241096266734,41.88832088355771]]},"properties":{"alley_id":"368-W","alley_name":"ALLEY 368-W","section_id":"00","pid":"ALLEYS::368-W::00","from_street":"N Marion St","to_street":"East End","surface":"PCC","width_ft":16,"slab_length_ft":16,"slab_width_ft":20,"construction_date":"2004-06-01","construction_year":2004,"general_condition":"","pci_2022_2023":58,"pci_2024":61,"pci_change":3,"pci_2024_band":"60-79","scheduled_build_year":null,"in_2026_cip":"N","length_ft":208.8,"object_id":155}},{"type":"Feature","geometry":{"type":"LineString","coordinates":[[-87.80299336504487,41.888266878275125],[-87.80240938833663,41.888280370771504]]},"properties":{"alley_id":"370-E","alley_name":"ALLEY 370-E","section_id":"00","pid":"ALLEYS::370-E::00","from_street":"Alley 370","to_street":"N Marion St","surface":"PCC","width_ft":16,"slab_length_ft":10,"slab_width_ft":6,"construction_date":"2016-06-01","construction_year":2016,"general_condition":"","pci_2022_2023":94,"pci_2024":93,"pci_change":-1,"pci_2024_band":"80-100","scheduled_build_year":null,"in_2026_cip":"N","length_ft":159.1,"object_id":156}},{"type":"Feature","geometry":{"type":"LineString","coordinates":[[-87.80299336504487,41.888266878275125],[-87.8029798269849,41.88791445410381]]},"properties":{"alley_id":"370","alley_name":"ALLEY 370","section_id":"00","pid":"ALLEYS::370::00","from_street":"Alley 370 W","to_street":"Westgate St","surface":"PCC","width_ft":16,"slab_length_ft":10,"slab_width_ft":6,"construction_date":"2016-06-01","construction_year":2016,"general_condition":"","pci_2022_2023":98,"pci_2024":98,"pci_change":0,"pci_2024_band":"80-100","scheduled_build_year":null,"in_2026_cip":"N","length_ft":128.5,"object_id":157}},{"type":"Feature","geometry":{"type":"LineString","coordinates":[[-87.80341063217018,41.88825725221427],[-87.80299336504487,41.888266878275125]]},"properties":{"alley_id":"370-W","alley_name":"ALLEY 370-W","section_id":"00","pid":"ALLEYS::370-W::00","from_street":"West End","to_street":"Alley 370","surface":"PCC","width_ft":16,"slab_length_ft":10,"slab_width_ft":6,"construction_date":"2016-06-01","construction_year":2016,"general_condition":"","pci_2022_2023":98,"pci_2024":98,"pci_change":0,"pci_2024_band":"80-100","scheduled_build_year":null,"in_2026_cip":"N","length_ft":113.7,"object_id":158}},{"type":"Feature","geometry":{"type":"LineString","coordinates":[[-87.8031856929308,41.887513979714015],[-87.80296462675693,41.88751885530678]]},"properties":{"alley_id":"369-W","alley_name":"ALLEY 369-W","section_id":"00","pid":"ALLEYS::369-W::00","from_street":"West End","to_street":"Alley 369","surface":"PCC","width_ft":18,"slab_length_ft":10,"slab_width_ft":6,"construction_date":"2016-06-01","construction_year":2016,"general_condition":"","pci_2022_2023":96,"pci_2024":96,"pci_change":0,"pci_2024_band":"80-100","scheduled_build_year":null,"in_2026_cip":"N","length_ft":60.2,"object_id":159}},{"type":"Feature","geometry":{"type":"LineString","coordinates":[[-87.80296462675693,41.88751885530678],[-87.80295011876031,41.887141700496485]]},"properties":{"alley_id":"369","alley_name":"ALLEY 369","section_id":"00","pid":"ALLEYS::369::00","from_street":"Alley 369 W","to_street":"North Blvd","surface":"PCC","width_ft":18,"slab_length_ft":10,"slab_width_ft":6,"construction_date":"1970-06-01","construction_year":1970,"general_condition":"","pci_2022_2023":97,"pci_2024":97,"pci_change":0,"pci_2024_band":"80-100","scheduled_build_year":null,"in_2026_cip":"N","length_ft":137.5,"object_id":160}},{"type":"Feature","geometry":{"type":"LineString","coordinates":[[-87.8001036953563,41.88621564449637],[-87.80253543778296,41.886167880772206]]},"properties":{"alley_id":"464","alley_name":"ALLEY 464","section_id":"00","pid":"ALLEYS::464::00","from_street":"S Marion St","to_street":"Home Ave","surface":"PCC","width_ft":18,"slab_length_ft":18,"slab_width_ft":6,"construction_date":"2016-06-01","construction_year":2016,"general_condition":"","pci_2022_2023":90,"pci_2024":91,"pci_change":1,"pci_2024_band":"80-100","scheduled_build_year":null,"in_2026_cip":"N","length_ft":662.4,"object_id":161}},{"type":"Feature","geometry":{"type":"LineString","coordinates":[[-87.80169375552443,41.88376167059993],[-87.80096892232825,41.88377853810321]]},"properties":{"alley_id":"465-E","alley_name":"ALLEY 465-E","section_id":"00","pid":"ALLEYS::465-E::00","from_street":"Pleasant Pl","to_street":"East End","surface":"AC","width_ft":18,"slab_length_ft":0,"slab_width_ft":0,"construction_date":"1900-01-01","construction_year":1900,"general_condition":"","pci_2022_2023":38,"pci_2024":38,"pci_change":0,"pci_2024_band":"0-39","scheduled_build_year":null,"in_2026_cip":"N","length_ft":197.5,"object_id":162}},{"type":"Feature","geometry":{"type":"LineString","coordinates":[[-87.80167692599179,41.883284614264014],[-87.80169375552443,41.88376167059993],[-87.80171175167277,41.884270977182496]]},"properties":{"alley_id":"465","alley_name":"ALLEY 465","section_id":"00","pid":"ALLEYS::465::00","from_street":"North End","to_street":"Randolph St","surface":"AC","width_ft":20,"slab_length_ft":0,"slab_width_ft":0,"construction_date":"1975-06-01","construction_year":1975,"general_condition":"","pci_2022_2023":53,"pci_2024":53,"pci_change":0,"pci_2024_band":"40-59","scheduled_build_year":null,"in_2026_cip":"N","length_ft":359.6,"object_id":163}},{"type":"Feature","geometry":{"type":"LineString","coordinates":[[-87.8032910926913,41.88543545952057],[-87.8032403796638,41.88401820252944]]},"properties":{"alley_id":"470","alley_name":"ALLEY 470","section_id":"00","pid":"ALLEYS::470::00","from_street":"Pleasant St","to_street":"280 ft N of Randolph St","surface":"AC","width_ft":18,"slab_length_ft":0,"slab_width_ft":0,"construction_date":"1970-06-01","construction_year":1970,"general_condition":"","pci_2022_2023":34,"pci_2024":100,"pci_change":66,"pci_2024_band":"80-100","scheduled_build_year":null,"in_2026_cip":"N","length_ft":516.6,"object_id":164}},{"type":"Feature","geometry":{"type":"LineString","coordinates":[[-87.80319582163298,41.882769996844665],[-87.80314817039802,41.88143007210168]]},"properties":{"alley_id":"469","alley_name":"ALLEY 469","section_id":"00","pid":"ALLEYS::469::00","from_street":"175 ft S of Randolph St","to_street":"Washington Blvd","surface":"AC","width_ft":18,"slab_length_ft":0,"slab_width_ft":0,"construction_date":"1970-06-01","construction_year":1970,"general_condition":"","pci_2022_2023":38,"pci_2024":38,"pci_change":0,"pci_2024_band":"0-39","scheduled_build_year":2028,"in_2026_cip":"N","length_ft":488.4,"object_id":165}},{"type":"Feature","geometry":{"type":"LineString","coordinates":[[-87.80079578292556,41.882698201298446],[-87.80160556056445,41.88267931348403]]},"properties":{"alley_id":"466-N","alley_name":"ALLEY 466-N","section_id":"00","pid":"ALLEYS::466-N::00","from_street":"Alley 466 W","to_street":"Alley 466 E","surface":"PCC","width_ft":20,"slab_length_ft":15,"slab_width_ft":10,"construction_date":"2017-06-01","construction_year":2017,"general_condition":"","pci_2022_2023":91,"pci_2024":91,"pci_change":0,"pci_2024_band":"80-100","scheduled_build_year":null,"in_2026_cip":"N","length_ft":220.6,"object_id":166}},{"type":"Feature","geometry":{"type":"LineString","coordinates":[[-87.8007761215063,41.88208537333744],[-87.80158484933614,41.88207098160673]]},"properties":{"alley_id":"466-S","alley_name":"ALLEY 466-S","section_id":"00","pid":"ALLEYS::466-S::00","from_street":"Alley 466 W","to_street":"Alley 466 E","surface":"PCC","width_ft":20,"slab_length_ft":15,"slab_width_ft":10,"construction_date":"2017-06-01","construction_year":2017,"general_condition":"","pci_2022_2023":86,"pci_2024":86,"pci_change":0,"pci_2024_band":"80-100","scheduled_build_year":null,"in_2026_cip":"N","length_ft":220.3,"object_id":167}},{"type":"Feature","geometry":{"type":"LineString","coordinates":[[-87.80081524068076,41.883304688930345],[-87.80075648970357,41.881473369260085]]},"properties":{"alley_id":"466-E","alley_name":"ALLEY 466-E","section_id":"00","pid":"ALLEYS::466-E::00","from_street":"Randolph St","to_street":"Washington Blvd","surface":"PCC","width_ft":30,"slab_length_ft":15,"slab_width_ft":6,"construction_date":"2011-06-01","construction_year":2011,"general_condition":"","pci_2022_2023":90,"pci_2024":90,"pci_change":0,"pci_2024_band":"80-100","scheduled_build_year":null,"in_2026_cip":"N","length_ft":667.5,"object_id":168}},{"type":"Feature","geometry":{"type":"LineString","coordinates":[[-87.80162620206104,41.88328577855955],[-87.80156401065894,41.88145902608951]]},"properties":{"alley_id":"466-W","alley_name":"ALLEY 466-W","section_id":"00","pid":"ALLEYS::466-W::00","from_street":"Randolph St","to_street":"Washington Blvd","surface":"PCC","width_ft":20,"slab_length_ft":12,"slab_width_ft":10,"construction_date":"1968-06-01","construction_year":1968,"general_condition":"","pci_2022_2023":90,"pci_2024":90,"pci_change":0,"pci_2024_band":"80-100","scheduled_build_year":null,"in_2026_cip":"N","length_ft":665.9,"object_id":169}},{"type":"Feature","geometry":{"type":"LineString","coordinates":[[-87.79925928007684,41.88334556242194],[-87.79919980901246,41.881500579559614]]},"properties":{"alley_id":"461","alley_name":"ALLEY 461","section_id":"00","pid":"ALLEYS::461::00","from_street":"Randolph St","to_street":"Washington Blvd","surface":"PCC","width_ft":24,"slab_length_ft":12,"slab_width_ft":6,"construction_date":"2008-06-01","construction_year":2008,"general_condition":"","pci_2022_2023":89,"pci_2024":89,"pci_change":0,"pci_2024_band":"80-100","scheduled_build_year":null,"in_2026_cip":"N","length_ft":672.5,"object_id":170}},{"type":"Feature","geometry":{"type":"LineString","coordinates":[[-87.79777814220706,41.883380577527134],[-87.7977553351515,41.88273005601938]]},"properties":{"alley_id":"458","alley_name":"ALLEY 458","section_id":"00","pid":"ALLEYS::458::00","from_street":"Randolph St","to_street":"South End","surface":"PCC","width_ft":18,"slab_length_ft":33,"slab_width_ft":18,"construction_date":"1925-06-01","construction_year":1925,"general_condition":"","pci_2022_2023":13,"pci_2024":27,"pci_change":14,"pci_2024_band":"0-39","scheduled_build_year":2025,"in_2026_cip":"N","length_ft":237.1,"object_id":171}},{"type":"Feature","geometry":{"type":"LineString","coordinates":[[-87.7978218512115,41.88476042564926],[-87.79777814220706,41.883380577527134]]},"properties":{"alley_id":"457","alley_name":"ALLEY 457","section_id":"00","pid":"ALLEYS::457::00","from_street":"North End","to_street":"Randolph St","surface":"PP","width_ft":16,"slab_length_ft":0,"slab_width_ft":0,"construction_date":"2014-06-01","construction_year":2014,"general_condition":"FAIR","pci_2022_2023":null,"pci_2024":100,"pci_change":null,"pci_2024_band":"80-100","scheduled_build_year":null,"in_2026_cip":"N","length_ft":503.0,"object_id":172}},{"type":"Feature","geometry":{"type":"LineString","coordinates":[[-87.78907632544512,41.89816851050074],[-87.78901580038949,41.89633575806459]]},"properties":{"alley_id":"236","alley_name":"ALLEY 236","section_id":"00","pid":"ALLEYS::236::00","from_street":"Augusta St","to_street":"Iowa St","surface":"PCC","width_ft":16,"slab_length_ft":12,"slab_width_ft":10,"construction_date":"2016-06-01","construction_year":2016,"general_condition":"","pci_2022_2023":96,"pci_2024":96,"pci_change":0,"pci_2024_band":"80-100","scheduled_build_year":null,"in_2026_cip":"N","length_ft":668.1,"object_id":173}},{"type":"Feature","geometry":{"type":"LineString","coordinates":[[-87.78895350349642,41.89450425169522],[-87.78901580038949,41.89633575806459]]},"properties":{"alley_id":"235","alley_name":"ALLEY 235","section_id":"00","pid":"ALLEYS::235::00","from_street":"Iowa St","to_street":"Chicago Ave","surface":"AC","width_ft":20,"slab_length_ft":0,"slab_width_ft":0,"construction_date":"1971-06-01","construction_year":1971,"general_condition":"","pci_2022_2023":5,"pci_2024":5,"pci_change":0,"pci_2024_band":"0-39","scheduled_build_year":null,"in_2026_cip":"N","length_ft":667.6,"object_id":174}},{"type":"Feature","geometry":{"type":"LineString","coordinates":[[-87.78738100619945,41.896359689524665],[-87.78731992018795,41.89453170482114]]},"properties":{"alley_id":"234","alley_name":"ALLEY 234","section_id":"00","pid":"ALLEYS::234::00","from_street":"Iowa St","to_street":"Chicago Ave","surface":"PCC","width_ft":20,"slab_length_ft":12,"slab_width_ft":10,"construction_date":"2015-06-01","construction_year":2015,"general_condition":"","pci_2022_2023":100,"pci_2024":100,"pci_change":0,"pci_2024_band":"80-100","scheduled_build_year":null,"in_2026_cip":"N","length_ft":666.3,"object_id":175}},{"type":"Feature","geometry":{"type":"LineString","coordinates":[[-87.78738100619945,41.896359689524665],[-87.78744256017943,41.898189103786066]]},"properties":{"alley_id":"233","alley_name":"ALLEY 233","section_id":"00","pid":"ALLEYS::233::00","from_street":"Augusta St","to_street":"Iowa St","surface":"PCC","width_ft":20,"slab_length_ft":36,"slab_width_ft":10,"construction_date":"1917-06-01","construction_year":1917,"general_condition":"","pci_2022_2023":14,"pci_2024":30,"pci_change":16,"pci_2024_band":"0-39","scheduled_build_year":null,"in_2026_cip":"N","length_ft":666.9,"object_id":176}},{"type":"Feature","geometry":{"type":"LineString","coordinates":[[-87.7858009878848,41.89821188655216],[-87.78574468079773,41.89638428096861]]},"properties":{"alley_id":"228","alley_name":"ALLEY 228","section_id":"00","pid":"ALLEYS::228::00","from_street":"Augusta St","to_street":"Iowa St","surface":"AC","width_ft":20,"slab_length_ft":0,"slab_width_ft":0,"construction_date":"1977-06-01","construction_year":1977,"general_condition":"","pci_2022_2023":41,"pci_2024":41,"pci_change":0,"pci_2024_band":"40-59","scheduled_build_year":null,"in_2026_cip":"N","length_ft":666.2,"object_id":177}},{"type":"Feature","geometry":{"type":"LineString","coordinates":[[-87.78574468079773,41.89638428096861],[-87.78568251055762,41.89455974759687]]},"properties":{"alley_id":"227","alley_name":"ALLEY 227","section_id":"00","pid":"ALLEYS::227::00","from_street":"Iowa St","to_street":"Chicago Ave","surface":"PCC","width_ft":20,"slab_length_ft":33,"slab_width_ft":20,"construction_date":"1923-06-01","construction_year":1923,"general_condition":"","pci_2022_2023":21,"pci_2024":41,"pci_change":20,"pci_2024_band":"40-59","scheduled_build_year":null,"in_2026_cip":"N","length_ft":665.1,"object_id":178}},{"type":"Feature","geometry":{"type":"LineString","coordinates":[[-87.78490080356806,41.895362221170714],[-87.7840829869295,41.89537425666389],[-87.7832778050725,41.895386127169445]]},"properties":{"alley_id":"226-S","alley_name":"ALLEY 226-S","section_id":"00","pid":"ALLEYS::226-S::00","from_street":"N Ridgeland Ave","to_street":"Cuyler Ave N","surface":"PCC","width_ft":18,"slab_length_ft":15,"slab_width_ft":6,"construction_date":"2009-06-01","construction_year":2009,"general_condition":"","pci_2022_2023":100,"pci_2024":100,"pci_change":0,"pci_2024_band":"80-100","scheduled_build_year":null,"in_2026_cip":"N","length_ft":442.0,"object_id":179}},{"type":"Feature","geometry":{"type":"LineString","coordinates":[[-87.78412542903503,41.896409396226225],[-87.7840829869295,41.89537425666389]]},"properties":{"alley_id":"226","alley_name":"ALLEY 226","section_id":"00","pid":"ALLEYS::226::00","from_street":"Iowa St","to_street":"Alley 226 S","surface":"PCC","width_ft":22,"slab_length_ft":15,"slab_width_ft":10,"construction_date":"2009-06-01","construction_year":2009,"general_condition":"","pci_2022_2023":94,"pci_2024":94,"pci_change":0,"pci_2024_band":"80-100","scheduled_build_year":null,"in_2026_cip":"N","length_ft":377.4,"object_id":180}},{"type":"Feature","geometry":{"type":"LineString","coordinates":[[-87.78250184820791,41.89643386465444],[-87.78244842467396,41.89514949435561]]},"properties":{"alley_id":"218","alley_name":"ALLEY 218","section_id":"00","pid":"ALLEYS::218::00","from_street":"Iowa St","to_street":"Alley 218 S","surface":"PCC","width_ft":20,"slab_length_ft":33,"slab_width_ft":20,"construction_date":"1924-06-01","construction_year":1924,"general_condition":"","pci_2022_2023":62,"pci_2024":65,"pci_change":3,"pci_2024_band":"60-79","scheduled_build_year":null,"in_2026_cip":"N","length_ft":468.3,"object_id":181}},{"type":"Feature","geometry":{"type":"LineString","coordinates":[[-87.77762929638722,41.8965031718394],[-87.77758937745156,41.89522286227514]]},"properties":{"alley_id":"207","alley_name":"ALLEY 207","section_id":"00","pid":"ALLEYS::207::00","from_street":"Iowa St","to_street":"Alley 207 S","surface":"AC","width_ft":20,"slab_length_ft":0,"slab_width_ft":0,"construction_date":"1971-06-01","construction_year":1971,"general_condition":"","pci_2022_2023":32,"pci_2024":32,"pci_change":0,"pci_2024_band":"0-39","scheduled_build_year":null,"in_2026_cip":"N","length_ft":466.7,"object_id":182}},{"type":"Feature","geometry":{"type":"LineString","coordinates":[[-87.77839937858738,41.8952099934429],[-87.77758937745156,41.89522286227514],[-87.77677779951989,41.89523562591634]]},"properties":{"alley_id":"207-S","alley_name":"ALLEY 207-S","section_id":"00","pid":"ALLEYS::207-S::00","from_street":"N Taylor Ave","to_street":"N Humphrey Ave","surface":"PCC","width_ft":16,"slab_length_ft":15,"slab_width_ft":5,"construction_date":"2011-06-01","construction_year":2011,"general_condition":"","pci_2022_2023":92,"pci_2024":92,"pci_change":0,"pci_2024_band":"80-100","scheduled_build_year":null,"in_2026_cip":"N","length_ft":441.6,"object_id":183}},{"type":"Feature","geometry":{"type":"LineString","coordinates":[[-87.77925305615139,41.89647973383781],[-87.77921047377572,41.89519793898423]]},"properties":{"alley_id":"208","alley_name":"ALLEY 208","section_id":"00","pid":"ALLEYS::208::00","from_street":"Iowa St","to_street":"Alley 208 S","surface":"PCC","width_ft":20,"slab_length_ft":15,"slab_width_ft":10,"construction_date":"2016-06-01","construction_year":2016,"general_condition":"","pci_2022_2023":94,"pci_2024":94,"pci_change":0,"pci_2024_band":"80-100","scheduled_build_year":null,"in_2026_cip":"N","length_ft":467.2,"object_id":184}},{"type":"Feature","geometry":{"type":"LineString","coordinates":[[-87.78002123640869,41.895185986134834],[-87.77921047377572,41.89519793898423],[-87.77839937858738,41.8952099934429]]},"properties":{"alley_id":"208-S","alley_name":"ALLEY 208-S","section_id":"00","pid":"ALLEYS::208-S::00","from_street":"NLombard Ave","to_street":"N Taylor Ave","surface":"PCC","width_ft":16,"slab_length_ft":15,"slab_width_ft":5,"construction_date":"2009-06-01","construction_year":2009,"general_condition":"","pci_2022_2023":95,"pci_2024":95,"pci_change":0,"pci_2024_band":"80-100","scheduled_build_year":null,"in_2026_cip":"N","length_ft":441.7,"object_id":185}},{"type":"Feature","geometry":{"type":"LineString","coordinates":[[-87.78164548447194,41.89516148751884],[-87.78082975966699,41.89517390784501],[-87.78002123640869,41.895185986134834]]},"properties":{"alley_id":"217-S","alley_name":"ALLEY 217-S","section_id":"00","pid":"ALLEYS::217-S::00","from_street":"N Harvey Ave","to_street":"N Lombard Ave","surface":"PCC","width_ft":16,"slab_length_ft":12,"slab_width_ft":8,"construction_date":"2018-06-01","construction_year":2018,"general_condition":"","pci_2022_2023":94,"pci_2024":94,"pci_change":0,"pci_2024_band":"80-100","scheduled_build_year":null,"in_2026_cip":"N","length_ft":442.3,"object_id":186}},{"type":"Feature","geometry":{"type":"LineString","coordinates":[[-87.78087835195126,41.89645691140178],[-87.78082975966699,41.89517390784501]]},"properties":{"alley_id":"217","alley_name":"ALLEY 217","section_id":"00","pid":"ALLEYS::217::00","from_street":"Iowa St","to_street":"Alley 217 S","surface":"PCC","width_ft":24,"slab_length_ft":15,"slab_width_ft":10,"construction_date":"2018-06-01","construction_year":2018,"general_condition":"","pci_2022_2023":98,"pci_2024":98,"pci_change":0,"pci_2024_band":"80-100","scheduled_build_year":null,"in_2026_cip":"N","length_ft":467.7,"object_id":187}},{"type":"Feature","geometry":{"type":"LineString","coordinates":[[-87.7808217669727,41.89463111226582],[-87.78080484228433,41.89408893270944],[-87.78077572638757,41.893154500352196]]},"properties":{"alley_id":"314","alley_name":"ALLEY 314","section_id":"00","pid":"ALLEYS::314::00","from_street":"Chicago Ave","to_street":"Superior St","surface":"PCC","width_ft":20,"slab_length_ft":15,"slab_width_ft":10,"construction_date":"1974-06-01","construction_year":1974,"general_condition":"","pci_2022_2023":98,"pci_2024":98,"pci_change":0,"pci_2024_band":"80-100","scheduled_build_year":null,"in_2026_cip":"N","length_ft":538.2,"object_id":189}},{"type":"Feature","geometry":{"type":"LineString","coordinates":[[-87.77919202167219,41.89465558712665],[-87.77917551848354,41.89411307985793],[-87.77914720521395,41.893177758754845]]},"properties":{"alley_id":"313","alley_name":"ALLEY 313","section_id":"00","pid":"ALLEYS::313::00","from_street":"Chicago Ave","to_street":"Superior St","surface":"PCC","width_ft":18,"slab_length_ft":33,"slab_width_ft":18,"construction_date":"1924-06-01","construction_year":1924,"general_condition":"","pci_2022_2023":15,"pci_2024":33,"pci_change":18,"pci_2024_band":"0-39","scheduled_build_year":null,"in_2026_cip":"N","length_ft":538.7,"object_id":190}},{"type":"Feature","geometry":{"type":"LineString","coordinates":[[-87.77917551848354,41.89411307985793],[-87.77998593723635,41.894101125579716]]},"properties":{"alley_id":"313-W","alley_name":"ALLEY 313-W","section_id":"00","pid":"ALLEYS::313-W::00","from_street":"N Lombard Ave","to_street":"Alley 313","surface":"PCC","width_ft":18,"slab_length_ft":33,"slab_width_ft":18,"construction_date":"1900-01-01","construction_year":1900,"general_condition":"","pci_2022_2023":15,"pci_2024":40,"pci_change":25,"pci_2024_band":"40-59","scheduled_build_year":null,"in_2026_cip":"N","length_ft":220.7,"object_id":191}},{"type":"Feature","geometry":{"type":"LineString","coordinates":[[-87.77755066927483,41.89413788369143],[-87.77752470284547,41.8932014625576]]},"properties":{"alley_id":"305","alley_name":"ALLEY 305","section_id":"00","pid":"ALLEYS::305::00","from_street":"Alley 305 N","to_street":"Superior St","surface":"PCC","width_ft":20,"slab_length_ft":12,"slab_width_ft":10,"construction_date":"2016-06-01","construction_year":2016,"general_condition":"","pci_2022_2023":94,"pci_2024":94,"pci_change":0,"pci_2024_band":"80-100","scheduled_build_year":null,"in_2026_cip":"N","length_ft":341.3,"object_id":192}},{"type":"Feature","geometry":{"type":"LineString","coordinates":[[-87.77673888319849,41.8941506649762],[-87.77836528241147,41.894125056309115]]},"properties":{"alley_id":"305-N","alley_name":"ALLEY 305-N","section_id":"00","pid":"ALLEYS::305-N::00","from_street":"N Taylor Ave","to_street":"N Humphrey Ave","surface":"PCC","width_ft":15,"slab_length_ft":10,"slab_width_ft":6,"construction_date":"2016-06-01","construction_year":2016,"general_condition":"","pci_2022_2023":89,"pci_2024":89,"pci_change":0,"pci_2024_band":"80-100","scheduled_build_year":null,"in_2026_cip":"N","length_ft":442.9,"object_id":193}},{"type":"Feature","geometry":{"type":"LineString","coordinates":[[-87.7832693621641,41.89513732068704],[-87.78244842467396,41.89514949435561],[-87.78164548447194,41.89516148751884]]},"properties":{"alley_id":"218-S","alley_name":"ALLEY 218-S","section_id":"00","pid":"ALLEYS::218-S::00","from_street":"N Cuyler Ave","to_street":"N Harvey Ave","surface":"PCC","width_ft":14,"slab_length_ft":33,"slab_width_ft":14,"construction_date":"1900-01-01","construction_year":1900,"general_condition":"","pci_2022_2023":13,"pci_2024":33,"pci_change":20,"pci_2024_band":"0-39","scheduled_build_year":null,"in_2026_cip":"N","length_ft":442.2,"object_id":194}},{"type":"Feature","geometry":{"type":"LineString","coordinates":[[-87.78243291549914,41.89452105387147],[-87.7823918378223,41.893232703418704]]},"properties":{"alley_id":"323","alley_name":"ALLEY 323","section_id":"00","pid":"ALLEYS::323::00","from_street":"Chicago Ave","to_street":"Superior St","surface":"PCC","width_ft":20,"slab_length_ft":33,"slab_width_ft":20,"construction_date":"1926-06-01","construction_year":1926,"general_condition":"","pci_2022_2023":25,"pci_2024":46,"pci_change":21,"pci_2024_band":"40-59","scheduled_build_year":null,"in_2026_cip":"N","length_ft":469.6,"object_id":195}},{"type":"Feature","geometry":{"type":"LineString","coordinates":[[-87.78485691688934,41.89403086071365],[-87.7840475337592,41.89404211244441],[-87.78323341273645,41.89405344561557]]},"properties":{"alley_id":"324-N","alley_name":"ALLEY 324-N","section_id":"00","pid":"ALLEYS::324-N::00","from_street":"N Ridgeland Ave","to_street":"Cuyler Ave N","surface":"PCC","width_ft":18,"slab_length_ft":12,"slab_width_ft":8,"construction_date":"2018-06-01","construction_year":2018,"general_condition":"","pci_2022_2023":97,"pci_2024":97,"pci_change":0,"pci_2024_band":"80-100","scheduled_build_year":null,"in_2026_cip":"N","length_ft":442.1,"object_id":197}},{"type":"Feature","geometry":{"type":"LineString","coordinates":[[-87.7840475337592,41.89404211244441],[-87.78401684528352,41.89310779667018]]},"properties":{"alley_id":"324","alley_name":"ALLEY 324","section_id":"00","pid":"ALLEYS::324::00","from_street":"Alley 324 N","to_street":"Superior St","surface":"PCC","width_ft":18,"slab_length_ft":15,"slab_width_ft":10,"construction_date":"2018-06-01","construction_year":2018,"general_condition":"","pci_2022_2023":98,"pci_2024":98,"pci_change":0,"pci_2024_band":"80-100","scheduled_build_year":null,"in_2026_cip":"N","length_ft":340.6,"object_id":198}},{"type":"Feature","geometry":{"type":"LineString","coordinates":[[-87.77600902491508,41.896526659628634],[-87.77596519615018,41.895247793622325]]},"properties":{"alley_id":"200","alley_name":"ALLEY 200","section_id":"00","pid":"ALLEYS::200::00","from_street":"Iowa St","to_street":"Alley 200 S","surface":"PCC","width_ft":20,"slab_length_ft":10,"slab_width_ft":10,"construction_date":"2022-05-01","construction_year":2022,"general_condition":"","pci_2022_2023":100,"pci_2024":100,"pci_change":0,"pci_2024_band":"80-100","scheduled_build_year":null,"in_2026_cip":"N","length_ft":466.2,"object_id":199}},{"type":"Feature","geometry":{"type":"LineString","coordinates":[[-87.77677779951989,41.89523562591634],[-87.77596519615018,41.895247793622325],[-87.77515336398343,41.89526006826718]]},"properties":{"alley_id":"200-S","alley_name":"ALLEY 200-S","section_id":"00","pid":"ALLEYS::200-S::00","from_street":"N Humphrey Ave","to_street":"N Austin Blvd","surface":"PCC","width_ft":15,"slab_length_ft":10,"slab_width_ft":5,"construction_date":"1971-06-01","construction_year":1971,"general_condition":"","pci_2022_2023":90,"pci_2024":90,"pci_change":0,"pci_2024_band":"80-100","scheduled_build_year":null,"in_2026_cip":"N","length_ft":442.4,"object_id":200}},{"type":"Feature","geometry":{"type":"LineString","coordinates":[[-87.77592750578542,41.89416283747591],[-87.77511241635759,41.89417531662304]]},"properties":{"alley_id":"304-N","alley_name":"ALLEY 304-N","section_id":"00","pid":"ALLEYS::304-N::00","from_street":"Alley 304","to_street":"N Austin Blvd","surface":"PCC","width_ft":15,"slab_length_ft":30,"slab_width_ft":15,"construction_date":"1900-01-01","construction_year":1900,"general_condition":"","pci_2022_2023":15,"pci_2024":33,"pci_change":18,"pci_2024_band":"0-39","scheduled_build_year":2025,"in_2026_cip":"N","length_ft":222.0,"object_id":201}},{"type":"Feature","geometry":{"type":"LineString","coordinates":[[-87.77592750578542,41.89416283747591],[-87.77589341215412,41.89322617127881]]},"properties":{"alley_id":"304","alley_name":"ALLEY 304","section_id":"00","pid":"ALLEYS::304::00","from_street":"Alley 304 N","to_street":"Superior St","surface":"PCC","width_ft":20,"slab_length_ft":32,"slab_width_ft":10,"construction_date":"1922-06-01","construction_year":1922,"general_condition":"","pci_2022_2023":35,"pci_2024":53,"pci_change":18,"pci_2024_band":"40-59","scheduled_build_year":2025,"in_2026_cip":"N","length_ft":341.5,"object_id":202}},{"type":"Feature","geometry":{"type":"LineString","coordinates":[[-87.77589341215412,41.89322617127881],[-87.7758771130289,41.89270570028087]]},"properties":{"alley_id":"303","alley_name":"ALLEY 303","section_id":"00","pid":"ALLEYS::303::00","from_street":"Superior St","to_street":"Alley 303 E","surface":"PCC","width_ft":20,"slab_length_ft":30,"slab_width_ft":10,"construction_date":"1971-06-01","construction_year":1971,"general_condition":"","pci_2022_2023":23,"pci_2024":44,"pci_change":21,"pci_2024_band":"40-59","scheduled_build_year":2026,"in_2026_cip":"Y","length_ft":189.7,"object_id":203}},{"type":"Feature","geometry":{"type":"LineString","coordinates":[[-87.77752470284547,41.8932014625576],[-87.77748206854231,41.89182807708722]]},"properties":{"alley_id":"306","alley_name":"ALLEY 306","section_id":"00","pid":"ALLEYS::306::00","from_street":"Superior St","to_street":"Erie St","surface":"AC","width_ft":20,"slab_length_ft":0,"slab_width_ft":0,"construction_date":"1976-06-01","construction_year":1976,"general_condition":"","pci_2022_2023":37,"pci_2024":37,"pci_change":0,"pci_2024_band":"0-39","scheduled_build_year":null,"in_2026_cip":"N","length_ft":500.6,"object_id":204}},{"type":"Feature","geometry":{"type":"LineString","coordinates":[[-87.78401684528352,41.89310779667018],[-87.78398049302079,41.8917330299381]]},"properties":{"alley_id":"325","alley_name":"ALLEY 325","section_id":"00","pid":"ALLEYS::325::00","from_street":"Superior St","to_street":"Erie St","surface":"PCC","width_ft":20,"slab_length_ft":33,"slab_width_ft":10,"construction_date":"1900-01-01","construction_year":1900,"general_condition":"","pci_2022_2023":33,"pci_2024":50,"pci_change":17,"pci_2024_band":"40-59","scheduled_build_year":null,"in_2026_cip":"N","length_ft":501.1,"object_id":205}},{"type":"Feature","geometry":{"type":"LineString","coordinates":[[-87.78398049302079,41.8917330299381],[-87.78394378768095,41.89037598891108]]},"properties":{"alley_id":"326","alley_name":"ALLEY 326","section_id":"00","pid":"ALLEYS::326::00","from_street":"Erie St","to_street":"Ontario St","surface":"PCC","width_ft":20,"slab_length_ft":33,"slab_width_ft":10,"construction_date":"1923-06-01","construction_year":1923,"general_condition":"","pci_2022_2023":25,"pci_2024":46,"pci_change":21,"pci_2024_band":"40-59","scheduled_build_year":null,"in_2026_cip":"N","length_ft":494.6,"object_id":206}},{"type":"Feature","geometry":{"type":"LineString","coordinates":[[-87.78239368717888,41.893131223108746],[-87.78235552516064,41.89175740789107]]},"properties":{"alley_id":"322","alley_name":"ALLEY 322","section_id":"00","pid":"ALLEYS::322::00","from_street":"Superior St","to_street":"Erie St","surface":"PCC","width_ft":20,"slab_length_ft":12,"slab_width_ft":6,"construction_date":"2017-06-01","construction_year":2017,"general_condition":"","pci_2022_2023":96,"pci_2024":96,"pci_change":0,"pci_2024_band":"80-100","scheduled_build_year":null,"in_2026_cip":"N","length_ft":500.7,"object_id":207}},{"type":"Feature","geometry":{"type":"LineString","coordinates":[[-87.78077572638757,41.893154500352196],[-87.78073527742775,41.89178161989775]]},"properties":{"alley_id":"315","alley_name":"ALLEY 315","section_id":"00","pid":"ALLEYS::315::00","from_street":"Superior St","to_street":"Erie St","surface":"PCC","width_ft":22,"slab_length_ft":12,"slab_width_ft":6,"construction_date":"2005-06-01","construction_year":2005,"general_condition":"","pci_2022_2023":94,"pci_2024":94,"pci_change":0,"pci_2024_band":"80-100","scheduled_build_year":null,"in_2026_cip":"N","length_ft":500.4,"object_id":208}},{"type":"Feature","geometry":{"type":"LineString","coordinates":[[-87.77914720521395,41.893177758754845],[-87.7791085519057,41.89180512052878]]},"properties":{"alley_id":"312","alley_name":"ALLEY 312","section_id":"00","pid":"ALLEYS::312::00","from_street":"Superior St","to_street":"Erie St","surface":"PCC","width_ft":22,"slab_length_ft":12,"slab_width_ft":8,"construction_date":"2013-06-01","construction_year":2013,"general_condition":"","pci_2022_2023":92,"pci_2024":92,"pci_change":0,"pci_2024_band":"80-100","scheduled_build_year":null,"in_2026_cip":"N","length_ft":500.3,"object_id":209}},{"type":"Feature","geometry":{"type":"LineString","coordinates":[[-87.7791085519057,41.89180512052878],[-87.7790651925181,41.890443874684706]]},"properties":{"alley_id":"311","alley_name":"ALLEY 311","section_id":"00","pid":"ALLEYS::311::00","from_street":"Erie St","to_street":"Ontario St","surface":"PCC","width_ft":20,"slab_length_ft":33,"slab_width_ft":20,"construction_date":"1924-06-01","construction_year":1924,"general_condition":"","pci_2022_2023":19,"pci_2024":41,"pci_change":22,"pci_2024_band":"40-59","scheduled_build_year":null,"in_2026_cip":"N","length_ft":496.2,"object_id":210}},{"type":"Feature","geometry":{"type":"LineString","coordinates":[[-87.78073527742775,41.89178161989775],[-87.78069319900911,41.890421108261904]]},"properties":{"alley_id":"316","alley_name":"ALLEY 316","section_id":"00","pid":"ALLEYS::316::00","from_street":"Erie St","to_street":"Ontario St","surface":"PCC","width_ft":20,"slab_length_ft":33,"slab_width_ft":20,"construction_date":"1923-06-01","construction_year":1923,"general_condition":"","pci_2022_2023":25,"pci_2024":50,"pci_change":25,"pci_2024_band":"40-59","scheduled_build_year":null,"in_2026_cip":"N","length_ft":495.9,"object_id":211}},{"type":"Feature","geometry":{"type":"LineString","coordinates":[[-87.7758771130289,41.89270570028087],[-87.77506021869965,41.89271668835937]]},"properties":{"alley_id":"303-E","alley_name":"ALLEY 303-E","section_id":"00","pid":"ALLEYS::303-E::00","from_street":"Alley 303","to_street":"N Austin Blvd","surface":"PCC","width_ft":18,"slab_length_ft":25,"slab_width_ft":15,"construction_date":"1900-01-01","construction_year":1900,"general_condition":"","pci_2022_2023":71,"pci_2024":74,"pci_change":3,"pci_2024_band":"60-79","scheduled_build_year":2026,"in_2026_cip":"Y","length_ft":222.5,"object_id":212}},{"type":"Feature","geometry":{"type":"LineString","coordinates":[[-87.8011517195331,41.89189950979979],[-87.80114230808984,41.89125462237515],[-87.80113312212508,41.89062686042957]]},"properties":{"alley_id":"366","alley_name":"ALLEY 366","section_id":"00","pid":"ALLEYS::366::00","from_street":"Erie St","to_street":"Ontario St","surface":"PCC","width_ft":22,"slab_length_ft":10,"slab_width_ft":6,"construction_date":"2003-06-01","construction_year":2003,"general_condition":"","pci_2022_2023":88,"pci_2024":88,"pci_change":0,"pci_2024_band":"80-100","scheduled_build_year":null,"in_2026_cip":"N","length_ft":463.8,"object_id":213}},{"type":"Feature","geometry":{"type":"LineString","coordinates":[[-87.8050870844467,41.88922233348985],[-87.80336449545091,41.889264534181976]]},"properties":{"alley_id":"372","alley_name":"ALLEY 372","section_id":"00","pid":"ALLEYS::372::00","from_street":"N Harlem Ave","to_street":"East End","surface":"PCC","width_ft":18,"slab_length_ft":10,"slab_width_ft":6,"construction_date":"1926-06-01","construction_year":1926,"general_condition":"","pci_2022_2023":81,"pci_2024":81,"pci_change":0,"pci_2024_band":"80-100","scheduled_build_year":null,"in_2026_cip":"N","length_ft":469.3,"object_id":214}},{"type":"Feature","geometry":{"type":"LineString","coordinates":[[-87.8001890951338,41.889358700977986],[-87.80184447707396,41.88932559415952]]},"properties":{"alley_id":"367","alley_name":"ALLEY 367","section_id":"00","pid":"ALLEYS::367::00","from_street":"West End","to_street":"Forest Ave","surface":"PP","width_ft":20,"slab_length_ft":0,"slab_width_ft":0,"construction_date":"2014-06-01","construction_year":2014,"general_condition":"GOOD","pci_2022_2023":null,"pci_2024":100,"pci_change":null,"pci_2024_band":"80-100","scheduled_build_year":null,"in_2026_cip":"N","length_ft":450.9,"object_id":215}},{"type":"Feature","geometry":{"type":"LineString","coordinates":[[-87.80314817039802,41.88143007210168],[-87.80312503309648,41.88007553868861]]},"properties":{"alley_id":"468","alley_name":"ALLEY 468","section_id":"00","pid":"ALLEYS::468::00","from_street":"Washington Blvd","to_street":"Alley 468 S","surface":"AC","width_ft":18,"slab_length_ft":0,"slab_width_ft":0,"construction_date":"1970-06-01","construction_year":1970,"general_condition":"","pci_2022_2023":58,"pci_2024":58,"pci_change":0,"pci_2024_band":"40-59","scheduled_build_year":null,"in_2026_cip":"N","length_ft":493.6,"object_id":216}},{"type":"Feature","geometry":{"type":"LineString","coordinates":[[-87.80156401065894,41.88145902608951],[-87.80154111216635,41.88084358293836],[-87.80151844679538,41.88023436037157],[-87.80149662484276,41.87964783660886]]},"properties":{"alley_id":"467-W","alley_name":"ALLEY 467-W","section_id":"00","pid":"ALLEYS::467-W::00","from_street":"Washington Blvd","to_street":"Madison St","surface":"PCC","width_ft":20,"slab_length_ft":10,"slab_width_ft":6,"construction_date":"1929-06-01","construction_year":1929,"general_condition":"","pci_2022_2023":85,"pci_2024":85,"pci_change":0,"pci_2024_band":"80-100","scheduled_build_year":null,"in_2026_cip":"N","length_ft":660.3,"object_id":217}},{"type":"Feature","geometry":{"type":"LineString","coordinates":[[-87.80075648970357,41.881473369260085],[-87.8007336185176,41.88085789187199]]},"properties":{"alley_id":"467-E","alley_name":"ALLEY 467-E","section_id":"00","pid":"ALLEYS::467-E::00","from_street":"Washington Blvd","to_street":"Lincoln Trl","surface":"PCC","width_ft":22,"slab_length_ft":12,"slab_width_ft":7,"construction_date":"2007-06-01","construction_year":2007,"general_condition":"","pci_2022_2023":93,"pci_2024":93,"pci_change":0,"pci_2024_band":"80-100","scheduled_build_year":null,"in_2026_cip":"N","length_ft":224.4,"object_id":218}},{"type":"Feature","geometry":{"type":"LineString","coordinates":[[-87.8007336185176,41.88085789187199],[-87.80071098582525,41.8802491392871]]},"properties":{"alley_id":"467-E","alley_name":"ALLEY 467-E","section_id":"05","pid":"ALLEYS::467-E::05","from_street":"Lincoln Trl","to_street":"Baldwin Ln","surface":"PCC","width_ft":22,"slab_length_ft":12,"slab_width_ft":7,"construction_date":"2007-06-01","construction_year":2007,"general_condition":"","pci_2022_2023":94,"pci_2024":93,"pci_change":-1,"pci_2024_band":"80-100","scheduled_build_year":null,"in_2026_cip":"N","length_ft":221.9,"object_id":219}},{"type":"Feature","geometry":{"type":"LineString","coordinates":[[-87.80071098582525,41.8802491392871],[-87.80068910649915,41.87966025801483]]},"properties":{"alley_id":"467-E","alley_name":"ALLEY 467-E","section_id":"10","pid":"ALLEYS::467-E::10","from_street":"Baldwin Ln","to_street":"Madison St","surface":"PCC","width_ft":22,"slab_length_ft":10,"slab_width_ft":6,"construction_date":"2007-06-01","construction_year":2007,"general_condition":"","pci_2022_2023":93,"pci_2024":93,"pci_change":0,"pci_2024_band":"80-100","scheduled_build_year":null,"in_2026_cip":"N","length_ft":214.7,"object_id":220}},{"type":"Feature","geometry":{"type":"LineString","coordinates":[[-87.8038794204699,41.88006779541013],[-87.80232272118585,41.880083769398915]]},"properties":{"alley_id":"468-S","alley_name":"ALLEY 468-S","section_id":"00","pid":"ALLEYS::468-S::00","from_street":"S Maple Ave","to_street":"Wisconsin Ave","surface":"AC","width_ft":18,"slab_length_ft":0,"slab_width_ft":0,"construction_date":"1970-06-01","construction_year":1970,"general_condition":"","pci_2022_2023":45,"pci_2024":45,"pci_change":0,"pci_2024_band":"40-59","scheduled_build_year":null,"in_2026_cip":"N","length_ft":424.0,"object_id":222}},{"type":"Feature","geometry":{"type":"LineString","coordinates":[[-87.80469875058787,41.879126366314026],[-87.80384736778139,41.87915526617991]]},"properties":{"alley_id":"596","alley_name":"ALLEY 596","section_id":"00","pid":"ALLEYS::596::00","from_street":"Harlem Ave","to_street":"S Maple Ave","surface":"PCC","width_ft":16,"slab_length_ft":12,"slab_width_ft":8,"construction_date":"1900-01-01","construction_year":1900,"general_condition":"","pci_2022_2023":63,"pci_2024":70,"pci_change":7,"pci_2024_band":"60-79","scheduled_build_year":null,"in_2026_cip":"N","length_ft":232.1,"object_id":223}},{"type":"Feature","geometry":{"type":"LineString","coordinates":[[-87.80229102703781,41.87917950117502],[-87.80168151205956,41.87918743841643],[-87.8010719834619,41.879196854325414]]},"properties":{"alley_id":"588-N","alley_name":"ALLEY 588-N","section_id":"00","pid":"ALLEYS::588-N::00","from_street":"Wisconsin Ave","to_street":"Winonah Ave","surface":"AC","width_ft":16,"slab_length_ft":0,"slab_width_ft":0,"construction_date":"1900-01-01","construction_year":1900,"general_condition":"","pci_2022_2023":41,"pci_2024":41,"pci_change":0,"pci_2024_band":"40-59","scheduled_build_year":null,"in_2026_cip":"N","length_ft":332.0,"object_id":224}},{"type":"Feature","geometry":{"type":"LineString","coordinates":[[-87.8010719834619,41.879196854325414],[-87.79985404309438,41.879218371852254]]},"properties":{"alley_id":"587-N","alley_name":"ALLEY 587-N","section_id":"00","pid":"ALLEYS::587-N::00","from_street":"Winonah Ave","to_street":"Home Ave","surface":"PCC","width_ft":16,"slab_length_ft":12,"slab_width_ft":8,"construction_date":"2015-06-01","construction_year":2015,"general_condition":"","pci_2022_2023":92,"pci_2024":92,"pci_change":0,"pci_2024_band":"80-100","scheduled_build_year":null,"in_2026_cip":"N","length_ft":331.8,"object_id":226}},{"type":"Feature","geometry":{"type":"LineString","coordinates":[[-87.80046310492014,41.87920761512885],[-87.80042784492593,41.87824504146736]]},"properties":{"alley_id":"587","alley_name":"ALLEY 587","section_id":"00","pid":"ALLEYS::587::00","from_street":"Alley 587 N","to_street":"Monroe Ave","surface":"PCC","width_ft":16,"slab_length_ft":33,"slab_width_ft":16,"construction_date":"1924-06-01","construction_year":1924,"general_condition":"","pci_2022_2023":14,"pci_2024":30,"pci_change":16,"pci_2024_band":"0-39","scheduled_build_year":null,"in_2026_cip":"N","length_ft":350.9,"object_id":227}},{"type":"Feature","geometry":{"type":"LineString","coordinates":[[-87.79954442700962,41.87968024559701],[-87.7994934816887,41.87826128380901]]},"properties":{"alley_id":"580","alley_name":"ALLEY 580","section_id":"00","pid":"ALLEYS::580::00","from_street":"Madison St","to_street":"Monroe Ave","surface":"PCC","width_ft":16,"slab_length_ft":33,"slab_width_ft":16,"construction_date":"1900-01-01","construction_year":1900,"general_condition":"","pci_2022_2023":12,"pci_2024":26,"pci_change":14,"pci_2024_band":"0-39","scheduled_build_year":null,"in_2026_cip":"N","length_ft":517.3,"object_id":228}},{"type":"Feature","geometry":{"type":"LineString","coordinates":[[-87.7994934816887,41.87826128380901],[-87.79944400629633,41.87684238430702]]},"properties":{"alley_id":"581","alley_name":"ALLEY 581","section_id":"00","pid":"ALLEYS::581::00","from_street":"Monroe Ave","to_street":"Adams St","surface":"PCC","width_ft":16,"slab_length_ft":33,"slab_width_ft":16,"construction_date":"1920-06-01","construction_year":1920,"general_condition":"","pci_2022_2023":23,"pci_2024":35,"pci_change":12,"pci_2024_band":"0-39","scheduled_build_year":null,"in_2026_cip":"N","length_ft":517.2,"object_id":229}},{"type":"Feature","geometry":{"type":"LineString","coordinates":[[-87.80042784492593,41.87824504146736],[-87.80037695354397,41.87682617718473]]},"properties":{"alley_id":"586","alley_name":"ALLEY 586","section_id":"00","pid":"ALLEYS::586::00","from_street":"Monroe Ave","to_street":"Adams St","surface":"PCC","width_ft":16,"slab_length_ft":33,"slab_width_ft":16,"construction_date":"1923-06-01","construction_year":1923,"general_condition":"","pci_2022_2023":15,"pci_2024":28,"pci_change":13,"pci_2024_band":"0-39","scheduled_build_year":2026,"in_2026_cip":"N","length_ft":517.2,"object_id":230}},{"type":"Feature","geometry":{"type":"LineString","coordinates":[[-87.80164652226227,41.87822552540737],[-87.80159454418946,41.876805887703476]]},"properties":{"alley_id":"589","alley_name":"ALLEY 589","section_id":"00","pid":"ALLEYS::589::00","from_street":"Monroe Ave","to_street":"Adams St","surface":"PCC","width_ft":16,"slab_length_ft":33,"slab_width_ft":16,"construction_date":"1924-06-01","construction_year":1924,"general_condition":"","pci_2022_2023":19,"pci_2024":35,"pci_change":16,"pci_2024_band":"0-39","scheduled_build_year":null,"in_2026_cip":"N","length_ft":517.5,"object_id":231}},{"type":"Feature","geometry":{"type":"LineString","coordinates":[[-87.80301740305937,41.877704034537835],[-87.80298654490775,41.876781932362604]]},"properties":{"alley_id":"594","alley_name":"ALLEY 594","section_id":"00","pid":"ALLEYS::594::00","from_street":"Alley 594 N","to_street":"Adams St","surface":"PCC","width_ft":20,"slab_length_ft":33,"slab_width_ft":16,"construction_date":"1926-06-01","construction_year":1926,"general_condition":"","pci_2022_2023":15,"pci_2024":33,"pci_change":18,"pci_2024_band":"0-39","scheduled_build_year":2025,"in_2026_cip":"N","length_ft":336.1,"object_id":232}},{"type":"Feature","geometry":{"type":"LineString","coordinates":[[-87.80298654490775,41.876781932362604],[-87.80293803652815,41.875365480114525]]},"properties":{"alley_id":"593","alley_name":"ALLEY 593","section_id":"00","pid":"ALLEYS::593::00","from_street":"Adams St","to_street":"Jackson Blvd","surface":"PCC","width_ft":20,"slab_length_ft":33,"slab_width_ft":16,"construction_date":"1922-06-01","construction_year":1922,"general_condition":"","pci_2022_2023":36,"pci_2024":54,"pci_change":18,"pci_2024_band":"40-59","scheduled_build_year":null,"in_2026_cip":"N","length_ft":516.3,"object_id":233}},{"type":"Feature","geometry":{"type":"LineString","coordinates":[[-87.80159454418946,41.876805887703476],[-87.80154430617645,41.875389331463005]]},"properties":{"alley_id":"590","alley_name":"ALLEY 590","section_id":"00","pid":"ALLEYS::590::00","from_street":"Adams St","to_street":"Jackson Blvd","surface":"PCC","width_ft":16,"slab_length_ft":42,"slab_width_ft":16,"construction_date":"1923-06-01","construction_year":1923,"general_condition":"","pci_2022_2023":13,"pci_2024":33,"pci_change":20,"pci_2024_band":"0-39","scheduled_build_year":null,"in_2026_cip":"N","length_ft":516.4,"object_id":234}},{"type":"Feature","geometry":{"type":"LineString","coordinates":[[-87.80037695354397,41.87682617718473],[-87.80032713388002,41.875411076445424]]},"properties":{"alley_id":"585","alley_name":"ALLEY 585","section_id":"00","pid":"ALLEYS::585::00","from_street":"Adams St","to_street":"Jackson Blvd","surface":"AC","width_ft":16,"slab_length_ft":0,"slab_width_ft":0,"construction_date":"1974-06-01","construction_year":1974,"general_condition":"","pci_2022_2023":56,"pci_2024":56,"pci_change":0,"pci_2024_band":"40-59","scheduled_build_year":null,"in_2026_cip":"N","length_ft":515.8,"object_id":235}},{"type":"Feature","geometry":{"type":"LineString","coordinates":[[-87.79944400629633,41.87684238430702],[-87.79939568925204,41.87542782588174]]},"properties":{"alley_id":"582","alley_name":"ALLEY 582","section_id":"00","pid":"ALLEYS::582::00","from_street":"Adams St","to_street":"Jackson Blvd","surface":"PCC","width_ft":16,"slab_length_ft":33,"slab_width_ft":16,"construction_date":"1920-06-01","construction_year":1920,"general_condition":"","pci_2022_2023":8,"pci_2024":25,"pci_change":17,"pci_2024_band":"0-39","scheduled_build_year":2028,"in_2026_cip":"N","length_ft":515.6,"object_id":236}},{"type":"Feature","geometry":{"type":"LineString","coordinates":[[-87.79931856363133,41.87348695369075],[-87.79939568925204,41.87542782588174]]},"properties":{"alley_id":"583","alley_name":"ALLEY 583","section_id":"00","pid":"ALLEYS::583::00","from_street":"Jackson Blvd","to_street":"Harrison St","surface":"PCC","width_ft":16,"slab_length_ft":33,"slab_width_ft":16,"construction_date":"1927-06-01","construction_year":1927,"general_condition":"","pci_2022_2023":14,"pci_2024":30,"pci_change":16,"pci_2024_band":"0-39","scheduled_build_year":null,"in_2026_cip":"N","length_ft":707.6,"object_id":237}},{"type":"Feature","geometry":{"type":"LineString","coordinates":[[-87.80032713388002,41.875411076445424],[-87.80025190060645,41.87352844252217]]},"properties":{"alley_id":"584","alley_name":"ALLEY 584","section_id":"00","pid":"ALLEYS::584::00","from_street":"Jackson Blvd","to_street":"Harrison St","surface":"PCC","width_ft":16,"slab_length_ft":33,"slab_width_ft":16,"construction_date":"1925-06-01","construction_year":1925,"general_condition":"","pci_2022_2023":8,"pci_2024":25,"pci_change":17,"pci_2024_band":"0-39","scheduled_build_year":null,"in_2026_cip":"N","length_ft":686.3,"object_id":238}},{"type":"Feature","geometry":{"type":"LineString","coordinates":[[-87.80154430617645,41.875389331463005],[-87.80147631724971,41.87365165583244]]},"properties":{"alley_id":"591","alley_name":"ALLEY 591","section_id":"00","pid":"ALLEYS::591::00","from_street":"Jackson Blvd","to_street":"Harrison St","surface":"AC","width_ft":16,"slab_length_ft":0,"slab_width_ft":0,"construction_date":"1977-06-01","construction_year":1977,"general_condition":"","pci_2022_2023":44,"pci_2024":44,"pci_change":0,"pci_2024_band":"40-59","scheduled_build_year":null,"in_2026_cip":"N","length_ft":633.5,"object_id":239}},{"type":"Feature","geometry":{"type":"LineString","coordinates":[[-87.80293803652815,41.875365480114525],[-87.80287423004725,41.873774614986445]]},"properties":{"alley_id":"592","alley_name":"ALLEY 592","section_id":"00","pid":"ALLEYS::592::00","from_street":"Jackson Blvd","to_street":"Harrison St","surface":"PCC","width_ft":20,"slab_length_ft":12,"slab_width_ft":6,"construction_date":"2010-06-01","construction_year":2010,"general_condition":"","pci_2022_2023":92,"pci_2024":92,"pci_change":0,"pci_2024_band":"80-100","scheduled_build_year":null,"in_2026_cip":"N","length_ft":580.0,"object_id":240}},{"type":"Feature","geometry":{"type":"LineString","coordinates":[[-87.80367352532893,41.874242275129106],[-87.80453611394363,41.87421348387135]]},"properties":{"alley_id":"598-S","alley_name":"ALLEY 598-S","section_id":"00","pid":"ALLEYS::598-S::00","from_street":"Alley 598","to_street":"S Maple Ave","surface":"PCC","width_ft":18,"slab_length_ft":45,"slab_width_ft":18,"construction_date":"1900-01-01","construction_year":1900,"general_condition":"","pci_2022_2023":14,"pci_2024":35,"pci_change":21,"pci_2024_band":"0-39","scheduled_build_year":null,"in_2026_cip":"N","length_ft":235.2,"object_id":241}},{"type":"Feature","geometry":{"type":"LineString","coordinates":[[-87.80281422900757,41.87184814355134],[-87.8027647496784,41.870483456296036]]},"properties":{"alley_id":"684","alley_name":"ALLEY 684","section_id":"00","pid":"ALLEYS::684::00","from_street":"Alley 684 N","to_street":"Lexington St","surface":"PCC","width_ft":18,"slab_length_ft":33,"slab_width_ft":18,"construction_date":"1924-06-01","construction_year":1924,"general_condition":"","pci_2022_2023":13,"pci_2024":33,"pci_change":20,"pci_2024_band":"0-39","scheduled_build_year":null,"in_2026_cip":"N","length_ft":497.5,"object_id":242}},{"type":"Feature","geometry":{"type":"LineString","coordinates":[[-87.80203142251717,41.871863350998176],[-87.80281422900757,41.87184814355134],[-87.80359132464426,41.871833165526105]]},"properties":{"alley_id":"684-N","alley_name":"ALLEY 684-N","section_id":"00","pid":"ALLEYS::684-N::00","from_street":"S Maple Ave","to_street":"Wisconsin Ave","surface":"PCC","width_ft":16,"slab_length_ft":33,"slab_width_ft":16,"construction_date":"1900-01-01","construction_year":1900,"general_condition":"","pci_2022_2023":15,"pci_2024":33,"pci_change":18,"pci_2024_band":"0-39","scheduled_build_year":null,"in_2026_cip":"N","length_ft":425.0,"object_id":243}},{"type":"Feature","geometry":{"type":"LineString","coordinates":[[-87.8013303596084,41.87188570869742],[-87.80128162531187,41.8705102264591]]},"properties":{"alley_id":"683","alley_name":"ALLEY 683","section_id":"00","pid":"ALLEYS::683::00","from_street":"Alley 683 N","to_street":"Lexington St","surface":"PCC","width_ft":16,"slab_length_ft":12,"slab_width_ft":8,"construction_date":"2015-06-01","construction_year":2015,"general_condition":"","pci_2022_2023":96,"pci_2024":96,"pci_change":0,"pci_2024_band":"80-100","scheduled_build_year":null,"in_2026_cip":"N","length_ft":501.4,"object_id":244}},{"type":"Feature","geometry":{"type":"LineString","coordinates":[[-87.80062778617977,41.8718998781764],[-87.8013303596084,41.87188570869742],[-87.80203172105311,41.87187166706564]]},"properties":{"alley_id":"683-N","alley_name":"ALLEY 683-N","section_id":"00","pid":"ALLEYS::683-N::00","from_street":"Wisconsin Ave","to_street":"Wenonah Ave","surface":"PCC","width_ft":16,"slab_length_ft":12,"slab_width_ft":8,"construction_date":"2015-06-01","construction_year":2015,"general_condition":"","pci_2022_2023":99,"pci_2024":99,"pci_change":0,"pci_2024_band":"80-100","scheduled_build_year":null,"in_2026_cip":"N","length_ft":382.5,"object_id":245}},{"type":"Feature","geometry":{"type":"LineString","coordinates":[[-87.79922207005714,41.8719257319444],[-87.7999244139599,41.871912869198106],[-87.80062778617977,41.8718998781764]]},"properties":{"alley_id":"676-N","alley_name":"ALLEY 676-N","section_id":"00","pid":"ALLEYS::676-N::00","from_street":"Wenonah Ave","to_street":"Clinton Ave","surface":"AC","width_ft":16,"slab_length_ft":0,"slab_width_ft":0,"construction_date":"1900-01-01","construction_year":1900,"general_condition":"","pci_2022_2023":40,"pci_2024":40,"pci_change":0,"pci_2024_band":"40-59","scheduled_build_year":null,"in_2026_cip":"N","length_ft":383.0,"object_id":246}},{"type":"Feature","geometry":{"type":"LineString","coordinates":[[-87.7999244139599,41.871912869198106],[-87.79987658594642,41.870535597126455]]},"properties":{"alley_id":"676","alley_name":"ALLEY 676","section_id":"00","pid":"ALLEYS::676::00","from_street":"Alley 676 N","to_street":"Lexington St","surface":"AC","width_ft":16,"slab_length_ft":0,"slab_width_ft":0,"construction_date":"2014-06-01","construction_year":2014,"general_condition":"","pci_2022_2023":81,"pci_2024":81,"pci_change":0,"pci_2024_band":"80-100","scheduled_build_year":null,"in_2026_cip":"N","length_ft":502.1,"object_id":247}},{"type":"Feature","geometry":{"type":"LineString","coordinates":[[-87.79791256840882,41.87193176384477],[-87.79856702336552,41.871920241023865],[-87.79922147714622,41.87190868745714]]},"properties":{"alley_id":"675-N","alley_name":"ALLEY 675-N","section_id":"00","pid":"ALLEYS::675-N::00","from_street":"Home Ave","to_street":"Clinton Ave","surface":"PCC","width_ft":16,"slab_length_ft":33,"slab_width_ft":16,"construction_date":"1900-01-01","construction_year":1900,"general_condition":"","pci_2022_2023":10,"pci_2024":26,"pci_change":16,"pci_2024_band":"0-39","scheduled_build_year":null,"in_2026_cip":"N","length_ft":356.6,"object_id":248}},{"type":"Feature","geometry":{"type":"LineString","coordinates":[[-87.79856702336552,41.871920241023865],[-87.79851762771597,41.870560684417214]]},"properties":{"alley_id":"675","alley_name":"ALLEY 675","section_id":"00","pid":"ALLEYS::675::00","from_street":"Alley 675 N","to_street":"Lexington St","surface":"PCC","width_ft":16,"slab_length_ft":33,"slab_width_ft":16,"construction_date":"1923-06-01","construction_year":1923,"general_condition":"","pci_2022_2023":15,"pci_2024":38,"pci_change":23,"pci_2024_band":"0-39","scheduled_build_year":null,"in_2026_cip":"N","length_ft":495.6,"object_id":249}},{"type":"Feature","geometry":{"type":"LineString","coordinates":[[-87.79845416194401,41.86873328927587],[-87.79851762771597,41.870560684417214]]},"properties":{"alley_id":"674","alley_name":"ALLEY 674","section_id":"00","pid":"ALLEYS::674::00","from_street":"Lexington St","to_street":"Harvard St","surface":"AC","width_ft":16,"slab_length_ft":0,"slab_width_ft":0,"construction_date":"1976-06-01","construction_year":1976,"general_condition":"","pci_2022_2023":42,"pci_2024":42,"pci_change":0,"pci_2024_band":"40-59","scheduled_build_year":null,"in_2026_cip":"N","length_ft":666.1,"object_id":250}},{"type":"Feature","geometry":{"type":"LineString","coordinates":[[-87.79987658594642,41.870535597126455],[-87.79981010924341,41.86870813377503]]},"properties":{"alley_id":"677","alley_name":"ALLEY 677","section_id":"00","pid":"ALLEYS::677::00","from_street":"Lexington St","to_street":"Harvard St","surface":"AC","width_ft":16,"slab_length_ft":0,"slab_width_ft":0,"construction_date":"1978-06-01","construction_year":1978,"general_condition":"","pci_2022_2023":33,"pci_2024":33,"pci_change":0,"pci_2024_band":"0-39","scheduled_build_year":null,"in_2026_cip":"N","length_ft":666.2,"object_id":251}},{"type":"Feature","geometry":{"type":"LineString","coordinates":[[-87.80128162531187,41.8705102264591],[-87.80121528797842,41.868683066128256]]},"properties":{"alley_id":"682","alley_name":"ALLEY 682","section_id":"00","pid":"ALLEYS::682::00","from_street":"Lexington St","to_street":"Harvard St","surface":"PCC","width_ft":16,"slab_length_ft":33,"slab_width_ft":16,"construction_date":"1923-06-01","construction_year":1923,"general_condition":"","pci_2022_2023":20,"pci_2024":33,"pci_change":13,"pci_2024_band":"0-39","scheduled_build_year":null,"in_2026_cip":"N","length_ft":666.1,"object_id":252}},{"type":"Feature","geometry":{"type":"LineString","coordinates":[[-87.8027647496784,41.870483456296036],[-87.80269926771864,41.86865656181706]]},"properties":{"alley_id":"685","alley_name":"ALLEY 685","section_id":"00","pid":"ALLEYS::685::00","from_street":"Lexington St","to_street":"Harvard St","surface":"AC","width_ft":18,"slab_length_ft":0,"slab_width_ft":0,"construction_date":"1973-06-01","construction_year":1973,"general_condition":"","pci_2022_2023":44,"pci_2024":44,"pci_change":0,"pci_2024_band":"40-59","scheduled_build_year":2027,"in_2026_cip":"N","length_ft":666.0,"object_id":253}},{"type":"Feature","geometry":{"type":"LineString","coordinates":[[-87.80269926771864,41.86865656181706],[-87.80262985714417,41.866832324400875]]},"properties":{"alley_id":"686","alley_name":"ALLEY 686","section_id":"00","pid":"ALLEYS::686::00","from_street":"Harvard St","to_street":"Filmore St","surface":"PCC","width_ft":18,"slab_length_ft":24,"slab_width_ft":9,"construction_date":"1900-01-01","construction_year":1900,"general_condition":"","pci_2022_2023":54,"pci_2024":69,"pci_change":15,"pci_2024_band":"60-79","scheduled_build_year":null,"in_2026_cip":"N","length_ft":665.0,"object_id":254}},{"type":"Feature","geometry":{"type":"LineString","coordinates":[[-87.80262985714417,41.866832324400875],[-87.80257984351803,41.8654641616857]]},"properties":{"alley_id":"687","alley_name":"ALLEY 687","section_id":"00","pid":"ALLEYS::687::00","from_street":"Filmore St","to_street":"Alley 687 S","surface":"AC","width_ft":18,"slab_length_ft":0,"slab_width_ft":0,"construction_date":"2015-06-01","construction_year":2015,"general_condition":"","pci_2022_2023":31,"pci_2024":31,"pci_change":0,"pci_2024_band":"0-39","scheduled_build_year":null,"in_2026_cip":"N","length_ft":498.7,"object_id":255}},{"type":"Feature","geometry":{"type":"LineString","coordinates":[[-87.80121528797842,41.868683066128256],[-87.80114820352303,41.86685793290315]]},"properties":{"alley_id":"681","alley_name":"ALLEY 681","section_id":"00","pid":"ALLEYS::681::00","from_street":"Harvard St","to_street":"Filmore St","surface":"PCC","width_ft":16,"slab_length_ft":33,"slab_width_ft":16,"construction_date":"1927-06-01","construction_year":1927,"general_condition":"","pci_2022_2023":16,"pci_2024":33,"pci_change":17,"pci_2024_band":"0-39","scheduled_build_year":null,"in_2026_cip":"N","length_ft":665.3,"object_id":256}},{"type":"Feature","geometry":{"type":"LineString","coordinates":[[-87.80114820352303,41.86685793290315],[-87.80109846497754,41.86549366755758]]},"properties":{"alley_id":"680","alley_name":"ALLEY 680","section_id":"00","pid":"ALLEYS::680::00","from_street":"Filmore St","to_street":"Alley 680 S","surface":"PCC","width_ft":16,"slab_length_ft":20,"slab_width_ft":8,"construction_date":"1900-01-01","construction_year":1900,"general_condition":"","pci_2022_2023":66,"pci_2024":74,"pci_change":8,"pci_2024_band":"60-79","scheduled_build_year":null,"in_2026_cip":"N","length_ft":497.3,"object_id":257}},{"type":"Feature","geometry":{"type":"LineString","coordinates":[[-87.79981010924341,41.86870813377503],[-87.79974584351658,41.86688213414173]]},"properties":{"alley_id":"678","alley_name":"ALLEY 678","section_id":"00","pid":"ALLEYS::678::00","from_street":"Harvard St","to_street":"Filmore St","surface":"PCC","width_ft":16,"slab_length_ft":33,"slab_width_ft":16,"construction_date":"1926-06-01","construction_year":1926,"general_condition":"","pci_2022_2023":19,"pci_2024":33,"pci_change":14,"pci_2024_band":"0-39","scheduled_build_year":null,"in_2026_cip":"N","length_ft":665.6,"object_id":258}},{"type":"Feature","geometry":{"type":"LineString","coordinates":[[-87.79974584351658,41.86688213414173],[-87.79969765699047,41.865520071384275]]},"properties":{"alley_id":"679","alley_name":"ALLEY 679","section_id":"00","pid":"ALLEYS::679::00","from_street":"Filmore St","to_street":"Alley 679 S","surface":"AC","width_ft":20,"slab_length_ft":0,"slab_width_ft":0,"construction_date":"2015-06-01","construction_year":2015,"general_condition":"","pci_2022_2023":45,"pci_2024":45,"pci_change":0,"pci_2024_band":"40-59","scheduled_build_year":null,"in_2026_cip":"N","length_ft":496.5,"object_id":259}},{"type":"Feature","geometry":{"type":"LineString","coordinates":[[-87.79839011135601,41.86690590430649],[-87.79834079860298,41.86550193097065]]},"properties":{"alley_id":"672","alley_name":"ALLEY 672","section_id":"00","pid":"ALLEYS::672::00","from_street":"Filmore St","to_street":"Alley 672 S","surface":"AC","width_ft":16,"slab_length_ft":0,"slab_width_ft":0,"construction_date":"1973-06-01","construction_year":1973,"general_condition":"","pci_2022_2023":28,"pci_2024":28,"pci_change":0,"pci_2024_band":"0-39","scheduled_build_year":2028,"in_2026_cip":"N","length_ft":511.8,"object_id":260}},{"type":"Feature","geometry":{"type":"LineString","coordinates":[[-87.79845416194401,41.86873328927587],[-87.79839011135601,41.86690590430649]]},"properties":{"alley_id":"673","alley_name":"ALLEY 673","section_id":"00","pid":"ALLEYS::673::00","from_street":"Harvard St","to_street":"Filmore St","surface":"AC","width_ft":16,"slab_length_ft":0,"slab_width_ft":0,"construction_date":"1973-06-01","construction_year":1973,"general_condition":"","pci_2022_2023":40,"pci_2024":41,"pci_change":1,"pci_2024_band":"40-59","scheduled_build_year":null,"in_2026_cip":"N","length_ft":666.1,"object_id":261}},{"type":"Feature","geometry":{"type":"LineString","coordinates":[[-87.80179934597312,41.865480338996726],[-87.80257984351803,41.8654641616857],[-87.8033561032694,41.865440989935244]]},"properties":{"alley_id":"687-S","alley_name":"ALLEY 687-S","section_id":"00","pid":"ALLEYS::687-S::00","from_street":"S Maple Ave","to_street":"Wisconsin Ave","surface":"PCC","width_ft":16,"slab_length_ft":10,"slab_width_ft":6,"construction_date":"2005-06-01","construction_year":2005,"general_condition":"","pci_2022_2023":82,"pci_2024":82,"pci_change":0,"pci_2024_band":"80-100","scheduled_build_year":null,"in_2026_cip":"N","length_ft":424.3,"object_id":262}},{"type":"Feature","geometry":{"type":"LineString","coordinates":[[-87.80109846497754,41.86549366755758],[-87.80179934597312,41.865480338996726]]},"properties":{"alley_id":"680-S","alley_name":"ALLEY 680-S","section_id":"00","pid":"ALLEYS::680-S::00","from_street":"Wisconsin Ave","to_street":"Alley 680","surface":"PCC","width_ft":16,"slab_length_ft":22,"slab_width_ft":8,"construction_date":"1900-01-01","construction_year":1900,"general_condition":"","pci_2022_2023":34,"pci_2024":52,"pci_change":18,"pci_2024_band":"40-59","scheduled_build_year":null,"in_2026_cip":"N","length_ft":191.0,"object_id":263}},{"type":"Feature","geometry":{"type":"LineString","coordinates":[[-87.79899501613058,41.865533023292755],[-87.79969765699047,41.865520071384275]]},"properties":{"alley_id":"679-S","alley_name":"ALLEY 679-S","section_id":"00","pid":"ALLEYS::679-S::00","from_street":"Alley 679","to_street":"Clinton Ave","surface":"PCC","width_ft":16,"slab_length_ft":10,"slab_width_ft":8,"construction_date":"1979-06-01","construction_year":1979,"general_condition":"","pci_2022_2023":95,"pci_2024":95,"pci_change":0,"pci_2024_band":"80-100","scheduled_build_year":null,"in_2026_cip":"N","length_ft":191.5,"object_id":264}},{"type":"Feature","geometry":{"type":"LineString","coordinates":[[-87.79899346333389,41.86549023252781],[-87.79768916128816,41.8655136025851]]},"properties":{"alley_id":"672-S","alley_name":"ALLEY 672-S","section_id":"00","pid":"ALLEYS::672-S::00","from_street":"Home Ave","to_street":"Clinton Ave","surface":"AC","width_ft":16,"slab_length_ft":0,"slab_width_ft":0,"construction_date":"1973-06-01","construction_year":1973,"general_condition":"","pci_2022_2023":32,"pci_2024":32,"pci_change":0,"pci_2024_band":"0-39","scheduled_build_year":2028,"in_2026_cip":"N","length_ft":355.4,"object_id":265}},{"type":"Feature","geometry":{"type":"LineString","coordinates":[[-87.79714750626466,41.86875580480838],[-87.79708316170732,41.86692855554087]]},"properties":{"alley_id":"670","alley_name":"ALLEY 670","section_id":"00","pid":"ALLEYS::670::00","from_street":"Harvard St","to_street":"Filmore St","surface":"PCC","width_ft":16,"slab_length_ft":33,"slab_width_ft":16,"construction_date":"1923-06-01","construction_year":1923,"general_condition":"","pci_2022_2023":13,"pci_2024":34,"pci_change":21,"pci_2024_band":"0-39","scheduled_build_year":null,"in_2026_cip":"N","length_ft":666.1,"object_id":266}},{"type":"Feature","geometry":{"type":"LineString","coordinates":[[-87.79708316170732,41.86692855554087],[-87.79702059815347,41.86511253769343]]},"properties":{"alley_id":"671","alley_name":"ALLEY 671","section_id":"00","pid":"ALLEYS::671::00","from_street":"Filmore St","to_street":"Roosevelt Rd","surface":"AC","width_ft":16,"slab_length_ft":0,"slab_width_ft":0,"construction_date":"1975-06-01","construction_year":1975,"general_condition":"","pci_2022_2023":33,"pci_2024":33,"pci_change":0,"pci_2024_band":"0-39","scheduled_build_year":null,"in_2026_cip":"N","length_ft":662.0,"object_id":267}},{"type":"Feature","geometry":{"type":"LineString","coordinates":[[-87.79577631630423,41.86695174069867],[-87.79571275671196,41.865129777044295]]},"properties":{"alley_id":"664","alley_name":"ALLEY 664","section_id":"00","pid":"ALLEYS::664::00","from_street":"Filmore St","to_street":"Roosevelt Rd","surface":"PCC","width_ft":20,"slab_length_ft":10,"slab_width_ft":6,"construction_date":"2006-06-01","construction_year":2006,"general_condition":"","pci_2022_2023":95,"pci_2024":95,"pci_change":0,"pci_2024_band":"80-100","scheduled_build_year":null,"in_2026_cip":"N","length_ft":664.2,"object_id":268}},{"type":"Feature","geometry":{"type":"LineString","coordinates":[[-87.79577631630423,41.86695174069867],[-87.79579919421003,41.86761294007686]]},"properties":{"alley_id":"665","alley_name":"ALLEY 665","section_id":"00","pid":"ALLEYS::665::00","from_street":"Alley 665 N","to_street":"Filmore St","surface":"PCC","width_ft":16,"slab_length_ft":10,"slab_width_ft":8,"construction_date":"2018-06-01","construction_year":2018,"general_condition":"","pci_2022_2023":99,"pci_2024":99,"pci_change":0,"pci_2024_band":"80-100","scheduled_build_year":null,"in_2026_cip":"N","length_ft":241.0,"object_id":269}},{"type":"Feature","geometry":{"type":"LineString","coordinates":[[-87.79579919421003,41.86761294007686],[-87.79645265181804,41.86760123280448]]},"properties":{"alley_id":"665-N","alley_name":"ALLEY 665-N","section_id":"00","pid":"ALLEYS::665-N::00","from_street":"West End","to_street":"Alley 665","surface":"PCC","width_ft":16,"slab_length_ft":10,"slab_width_ft":10,"construction_date":"1900-01-01","construction_year":1900,"general_condition":"","pci_2022_2023":100,"pci_2024":100,"pci_change":0,"pci_2024_band":"80-100","scheduled_build_year":null,"in_2026_cip":"N","length_ft":178.0,"object_id":270}},{"type":"Feature","geometry":{"type":"LineString","coordinates":[[-87.79453415118009,41.86880142310525],[-87.79446766034783,41.866974120988544]]},"properties":{"alley_id":"662","alley_name":"ALLEY 662","section_id":"00","pid":"ALLEYS::662::00","from_street":"Harvard St","to_street":"Filmore St","surface":"PCC","width_ft":22,"slab_length_ft":12,"slab_width_ft":6,"construction_date":"2010-06-01","construction_year":2010,"general_condition":"","pci_2022_2023":95,"pci_2024":95,"pci_change":0,"pci_2024_band":"80-100","scheduled_build_year":null,"in_2026_cip":"N","length_ft":666.1,"object_id":271}},{"type":"Feature","geometry":{"type":"LineString","coordinates":[[-87.79446766034783,41.866974120988544],[-87.7944218695453,41.86562438954403]]},"properties":{"alley_id":"663","alley_name":"ALLEY 663","section_id":"00","pid":"ALLEYS::663::00","from_street":"Filmore St","to_street":"Alley 663 S","surface":"AC","width_ft":16,"slab_length_ft":0,"slab_width_ft":0,"construction_date":"1974-06-01","construction_year":1974,"general_condition":"","pci_2022_2023":20,"pci_2024":20,"pci_change":0,"pci_2024_band":"0-39","scheduled_build_year":2027,"in_2026_cip":"Y","length_ft":492.0,"object_id":272}},{"type":"Feature","geometry":{"type":"LineString","coordinates":[[-87.79320292635846,41.86699702246499],[-87.79315574330182,41.865647859325406]]},"properties":{"alley_id":"656","alley_name":"ALLEY 656","section_id":"00","pid":"ALLEYS::656::00","from_street":"Filmore St","to_street":"Alley 656 S","surface":"PCC","width_ft":16,"slab_length_ft":33,"slab_width_ft":16,"construction_date":"1925-06-01","construction_year":1925,"general_condition":"","pci_2022_2023":16,"pci_2024":31,"pci_change":15,"pci_2024_band":"0-39","scheduled_build_year":null,"in_2026_cip":"N","length_ft":491.8,"object_id":273}},{"type":"Feature","geometry":{"type":"LineString","coordinates":[[-87.79320292635846,41.86699702246499],[-87.79326891390143,41.86882317045574]]},"properties":{"alley_id":"657","alley_name":"ALLEY 657","section_id":"00","pid":"ALLEYS::657::00","from_street":"Harvard St","to_street":"Filmore St","surface":"PCC","width_ft":16,"slab_length_ft":12,"slab_width_ft":8,"construction_date":"2016-06-01","construction_year":2016,"general_condition":"","pci_2022_2023":95,"pci_2024":95,"pci_change":0,"pci_2024_band":"80-100","scheduled_build_year":null,"in_2026_cip":"N","length_ft":665.7,"object_id":274}},{"type":"Feature","geometry":{"type":"LineString","coordinates":[[-87.79205261777284,41.868844612338265],[-87.79199143603668,41.8670187330433]]},"properties":{"alley_id":"654","alley_name":"ALLEY 654","section_id":"00","pid":"ALLEYS::654::00","from_street":"Harvard St","to_street":"Filmore St","surface":"PCC","width_ft":16,"slab_length_ft":33,"slab_width_ft":16,"construction_date":"1923-06-01","construction_year":1923,"general_condition":"","pci_2022_2023":20,"pci_2024":33,"pci_change":13,"pci_2024_band":"0-39","scheduled_build_year":null,"in_2026_cip":"N","length_ft":665.6,"object_id":275}},{"type":"Feature","geometry":{"type":"LineString","coordinates":[[-87.79507638979351,41.86561930810232],[-87.79376819377669,41.865629443311924]]},"properties":{"alley_id":"663-S","alley_name":"ALLEY 663-S","section_id":"00","pid":"ALLEYS::663-S::00","from_street":"S Grove Ave","to_street":"S Oak Park Ave","surface":"PCC","width_ft":16,"slab_length_ft":33,"slab_width_ft":16,"construction_date":"1974-06-01","construction_year":1974,"general_condition":"","pci_2022_2023":10,"pci_2024":26,"pci_change":16,"pci_2024_band":"0-39","scheduled_build_year":2027,"in_2026_cip":"Y","length_ft":356.4,"object_id":277}},{"type":"Feature","geometry":{"type":"LineString","coordinates":[[-87.79132714538137,41.86566215883972],[-87.79010202186079,41.86568175489973]]},"properties":{"alley_id":"648-S","alley_name":"ALLEY 648-S","section_id":"00","pid":"ALLEYS::648-S::00","from_street":"S Wesley Ave","to_street":"Clarence Ave","surface":"PCC","width_ft":12,"slab_length_ft":12,"slab_width_ft":5,"construction_date":"2006-06-01","construction_year":2006,"general_condition":"","pci_2022_2023":90,"pci_2024":90,"pci_change":0,"pci_2024_band":"80-100","scheduled_build_year":null,"in_2026_cip":"N","length_ft":333.8,"object_id":278}},{"type":"Feature","geometry":{"type":"LineString","coordinates":[[-87.79082752911604,41.86886602771507],[-87.79076695073935,41.86704015066562]]},"properties":{"alley_id":"649","alley_name":"ALLEY 649","section_id":"00","pid":"ALLEYS::649::00","from_street":"Harvard St","to_street":"Filmore St","surface":"AC","width_ft":16,"slab_length_ft":0,"slab_width_ft":0,"construction_date":"1976-06-01","construction_year":1976,"general_condition":"","pci_2022_2023":43,"pci_2024":43,"pci_change":0,"pci_2024_band":"40-59","scheduled_build_year":null,"in_2026_cip":"N","length_ft":665.6,"object_id":279}},{"type":"Feature","geometry":{"type":"LineString","coordinates":[[-87.79076695073935,41.86704015066562],[-87.79071418008952,41.86567197100257]]},"properties":{"alley_id":"648","alley_name":"ALLEY 648","section_id":"00","pid":"ALLEYS::648::00","from_street":"Filmore St","to_street":"Alley 648 S","surface":"PCC","width_ft":16,"slab_length_ft":12,"slab_width_ft":5,"construction_date":"2006-06-01","construction_year":2006,"general_condition":"","pci_2022_2023":94,"pci_2024":94,"pci_change":0,"pci_2024_band":"80-100","scheduled_build_year":null,"in_2026_cip":"N","length_ft":498.8,"object_id":280}},{"type":"Feature","geometry":{"type":"LineString","coordinates":[[-87.79010202186079,41.86568175489973],[-87.789490432864,41.86569370716206],[-87.78887902026818,41.86570656275115]]},"properties":{"alley_id":"647-S","alley_name":"ALLEY 647-S","section_id":"00","pid":"ALLEYS::647-S::00","from_street":"Clarence Ave","to_street":"S East Ave","surface":"PCC","width_ft":12,"slab_length_ft":12,"slab_width_ft":6,"construction_date":"2007-06-01","construction_year":2007,"general_condition":"","pci_2022_2023":95,"pci_2024":95,"pci_change":0,"pci_2024_band":"80-100","scheduled_build_year":null,"in_2026_cip":"N","length_ft":333.3,"object_id":281}},{"type":"Feature","geometry":{"type":"LineString","coordinates":[[-87.78848205978198,41.865713194787396],[-87.78826682155376,41.86571678954696],[-87.78765476844875,41.865727151523686]]},"properties":{"alley_id":"641-S","alley_name":"ALLEY 641-S","section_id":"00","pid":"ALLEYS::641-S::00","from_street":"S East Ave","to_street":"S Scoville Ave","surface":"PCC","width_ft":16,"slab_length_ft":33,"slab_width_ft":16,"construction_date":"1900-01-01","construction_year":1900,"general_condition":"","pci_2022_2023":8,"pci_2024":25,"pci_change":17,"pci_2024_band":"0-39","scheduled_build_year":2028,"in_2026_cip":"N","length_ft":225.4,"object_id":282}},{"type":"Feature","geometry":{"type":"LineString","coordinates":[[-87.78765476844875,41.865727151523686],[-87.78704245941643,41.86573727583127],[-87.78643070255573,41.86574731757182]]},"properties":{"alley_id":"640-S","alley_name":"ALLEY 640-S","section_id":"00","pid":"ALLEYS::640-S::00","from_street":"S Scoville Ave","to_street":"Gunderson Ave","surface":"PCC","width_ft":20,"slab_length_ft":12,"slab_width_ft":6,"construction_date":"2002-06-01","construction_year":2002,"general_condition":"","pci_2022_2023":86,"pci_2024":85,"pci_change":-1,"pci_2024_band":"80-100","scheduled_build_year":null,"in_2026_cip":"N","length_ft":333.5,"object_id":283}},{"type":"Feature","geometry":{"type":"LineString","coordinates":[[-87.78643070255573,41.86574731757182],[-87.78581555983486,41.865758190738546],[-87.78520089487128,41.865769089900525]]},"properties":{"alley_id":"635-S","alley_name":"ALLEY 635-S","section_id":"00","pid":"ALLEYS::635-S::00","from_street":"Gunderson Ave","to_street":"Elmwood Ave","surface":"PCC","width_ft":16,"slab_length_ft":10,"slab_width_ft":8,"construction_date":"1900-01-01","construction_year":1900,"general_condition":"","pci_2022_2023":90,"pci_2024":90,"pci_change":0,"pci_2024_band":"80-100","scheduled_build_year":null,"in_2026_cip":"N","length_ft":335.1,"object_id":284}},{"type":"Feature","geometry":{"type":"LineString","coordinates":[[-87.78520089487128,41.865769089900525],[-87.78458943915909,41.86577821662097],[-87.78397842856126,41.865786684062016]]},"properties":{"alley_id":"634-S","alley_name":"ALLEY 634-S","section_id":"00","pid":"ALLEYS::634-S::00","from_street":"Elmwood Ave","to_street":"S Ridgeland Ave","surface":"PCC","width_ft":16,"slab_length_ft":10,"slab_width_ft":8,"construction_date":"2018-06-01","construction_year":2018,"general_condition":"","pci_2022_2023":94,"pci_2024":94,"pci_change":0,"pci_2024_band":"80-100","scheduled_build_year":null,"in_2026_cip":"N","length_ft":333.0,"object_id":285}},{"type":"Feature","geometry":{"type":"LineString","coordinates":[[-87.78397842856126,41.865786684062016],[-87.78336503342958,41.865799309035054],[-87.7827509033928,41.86581192630801],[-87.78275096767892,41.865812997127165]]},"properties":{"alley_id":"629-S","alley_name":"ALLEY 629-S","section_id":"00","pid":"ALLEYS::629-S::00","from_street":"S Ridgeland Ave","to_street":"S Cuyler Ave","surface":"PCC","width_ft":16,"slab_length_ft":10,"slab_width_ft":8,"construction_date":"1900-01-01","construction_year":1900,"general_condition":"","pci_2022_2023":98,"pci_2024":98,"pci_change":0,"pci_2024_band":"80-100","scheduled_build_year":null,"in_2026_cip":"N","length_ft":334.9,"object_id":286}},{"type":"Feature","geometry":{"type":"LineString","coordinates":[[-87.78341176506622,41.867166310500586],[-87.78342717732522,41.86765129503739],[-87.78342881471151,41.86770282604228]]},"properties":{"alley_id":"630","alley_name":"ALLEY 630","section_id":"00","pid":"ALLEYS::630::00","from_street":"North End","to_street":"Filmore St","surface":"PCC","width_ft":18,"slab_length_ft":12,"slab_width_ft":6,"construction_date":"2004-06-01","construction_year":2004,"general_condition":"","pci_2022_2023":97,"pci_2024":98,"pci_change":1,"pci_2024_band":"80-100","scheduled_build_year":null,"in_2026_cip":"N","length_ft":195.6,"object_id":287}},{"type":"Feature","geometry":{"type":"LineString","coordinates":[[-87.78341176506622,41.867166310500586],[-87.78336503342958,41.865799309035054]]},"properties":{"alley_id":"629","alley_name":"ALLEY 629","section_id":"00","pid":"ALLEYS::629::00","from_street":"Filmore St","to_street":"Alley 629 S","surface":"PCC","width_ft":16,"slab_length_ft":33,"slab_width_ft":16,"construction_date":"1927-06-01","construction_year":1927,"general_condition":"","pci_2022_2023":16,"pci_2024":33,"pci_change":17,"pci_2024_band":"0-39","scheduled_build_year":null,"in_2026_cip":"N","length_ft":498.3,"object_id":288}},{"type":"Feature","geometry":{"type":"LineString","coordinates":[[-87.78463634557309,41.867147126291485],[-87.78458943915909,41.86577821662097]]},"properties":{"alley_id":"634","alley_name":"ALLEY 634","section_id":"00","pid":"ALLEYS::634::00","from_street":"Filmore St","to_street":"Alley 634 S","surface":"PCC","width_ft":22,"slab_length_ft":12,"slab_width_ft":8,"construction_date":"2018-06-01","construction_year":2018,"general_condition":"","pci_2022_2023":96,"pci_2024":96,"pci_change":0,"pci_2024_band":"80-100","scheduled_build_year":null,"in_2026_cip":"N","length_ft":499.0,"object_id":289}},{"type":"Feature","geometry":{"type":"LineString","coordinates":[[-87.78469866581459,41.86897217733446],[-87.78463634557309,41.867147126291485]]},"properties":{"alley_id":"633","alley_name":"ALLEY 633","section_id":"00","pid":"ALLEYS::633::00","from_street":"Harvard St","to_street":"Filmore St","surface":"PCC","width_ft":16,"slab_length_ft":12,"slab_width_ft":8,"construction_date":"2018-06-01","construction_year":2018,"general_condition":"","pci_2022_2023":92,"pci_2024":92,"pci_change":0,"pci_2024_band":"80-100","scheduled_build_year":null,"in_2026_cip":"N","length_ft":665.3,"object_id":290}},{"type":"Feature","geometry":{"type":"LineString","coordinates":[[-87.78592686886674,41.86895199463149],[-87.7858636736945,41.86712643314187]]},"properties":{"alley_id":"636","alley_name":"ALLEY 636","section_id":"00","pid":"ALLEYS::636::00","from_street":"Harvard St","to_street":"Filmore St","surface":"PCC","width_ft":16,"slab_length_ft":12,"slab_width_ft":8,"construction_date":"2018-06-01","construction_year":2018,"general_condition":"","pci_2022_2023":97,"pci_2024":97,"pci_change":0,"pci_2024_band":"80-100","scheduled_build_year":null,"in_2026_cip":"N","length_ft":665.5,"object_id":291}},{"type":"Feature","geometry":{"type":"LineString","coordinates":[[-87.7858636736945,41.86712643314187],[-87.78581555983486,41.865758190738546]]},"properties":{"alley_id":"635","alley_name":"ALLEY 635","section_id":"00","pid":"ALLEYS::635::00","from_street":"Filmore St","to_street":"Alley 635 S","surface":"PCC","width_ft":16,"slab_length_ft":33,"slab_width_ft":16,"construction_date":"1924-06-01","construction_year":1924,"general_condition":"","pci_2022_2023":10,"pci_2024":100,"pci_change":90,"pci_2024_band":"80-100","scheduled_build_year":null,"in_2026_cip":"N","length_ft":498.8,"object_id":292}},{"type":"Feature","geometry":{"type":"LineString","coordinates":[[-87.78709209216038,41.8671047704912],[-87.78704245941643,41.86573727583127]]},"properties":{"alley_id":"640","alley_name":"ALLEY 640","section_id":"00","pid":"ALLEYS::640::00","from_street":"Filmore St","to_street":"Alley 640 S","surface":"AC","width_ft":18,"slab_length_ft":0,"slab_width_ft":0,"construction_date":"2002-06-01","construction_year":2002,"general_condition":"","pci_2022_2023":43,"pci_2024":43,"pci_change":0,"pci_2024_band":"40-59","scheduled_build_year":null,"in_2026_cip":"N","length_ft":498.5,"object_id":293}},{"type":"Feature","geometry":{"type":"LineString","coordinates":[[-87.78831710941954,41.8670836835909],[-87.78826682155376,41.86571678954696]]},"properties":{"alley_id":"641","alley_name":"ALLEY 641","section_id":"00","pid":"ALLEYS::641::00","from_street":"Filmore St","to_street":"Alley 641 S","surface":"PCC","width_ft":16,"slab_length_ft":33,"slab_width_ft":16,"construction_date":"1928-06-01","construction_year":1928,"general_condition":"","pci_2022_2023":10,"pci_2024":26,"pci_change":16,"pci_2024_band":"0-39","scheduled_build_year":2028,"in_2026_cip":"N","length_ft":498.3,"object_id":294}},{"type":"Feature","geometry":{"type":"LineString","coordinates":[[-87.789490432864,41.86569370716206],[-87.78954183341264,41.86706243007507]]},"properties":{"alley_id":"647","alley_name":"ALLEY 647","section_id":"00","pid":"ALLEYS::647::00","from_street":"Filmore St","to_street":"Alley 647 S","surface":"PCC","width_ft":16,"slab_length_ft":33,"slab_width_ft":16,"construction_date":"1900-01-01","construction_year":1900,"general_condition":"","pci_2022_2023":12,"pci_2024":26,"pci_change":14,"pci_2024_band":"0-39","scheduled_build_year":null,"in_2026_cip":"N","length_ft":499.0,"object_id":295}},{"type":"Feature","geometry":{"type":"LineString","coordinates":[[-87.78960547855644,41.86888845909434],[-87.78954183341264,41.86706243007507]]},"properties":{"alley_id":"646","alley_name":"ALLEY 646","section_id":"00","pid":"ALLEYS::646::00","from_street":"Harvard St","to_street":"Filmore St","surface":"AC","width_ft":16,"slab_length_ft":0,"slab_width_ft":0,"construction_date":"1978-06-01","construction_year":1978,"general_condition":"","pci_2022_2023":47,"pci_2024":47,"pci_change":0,"pci_2024_band":"40-59","scheduled_build_year":null,"in_2026_cip":"N","length_ft":665.6,"object_id":296}},{"type":"Feature","geometry":{"type":"LineString","coordinates":[[-87.78837906132117,41.86891039126964],[-87.78831710941954,41.8670836835909]]},"properties":{"alley_id":"642","alley_name":"ALLEY 642","section_id":"00","pid":"ALLEYS::642::00","from_street":"Harvard St","to_street":"Filmore St","surface":"AC","width_ft":16,"slab_length_ft":0,"slab_width_ft":0,"construction_date":"1976-06-01","construction_year":1976,"general_condition":"","pci_2022_2023":50,"pci_2024":50,"pci_change":0,"pci_2024_band":"40-59","scheduled_build_year":null,"in_2026_cip":"N","length_ft":665.9,"object_id":297}},{"type":"Feature","geometry":{"type":"LineString","coordinates":[[-87.78715386960192,41.86893061362168],[-87.78709209216038,41.8671047704912]]},"properties":{"alley_id":"639","alley_name":"ALLEY 639","section_id":"00","pid":"ALLEYS::639::00","from_street":"Harvard St","to_street":"Filmore St","surface":"PCC","width_ft":18,"slab_length_ft":33,"slab_width_ft":16,"construction_date":"1925-06-01","construction_year":1925,"general_condition":"","pci_2022_2023":15,"pci_2024":26,"pci_change":11,"pci_2024_band":"0-39","scheduled_build_year":null,"in_2026_cip":"N","length_ft":665.6,"object_id":298}},{"type":"Feature","geometry":{"type":"LineString","coordinates":[[-87.78275096767892,41.865812997127165],[-87.78213653536383,41.865818008046844],[-87.7815222845296,41.86582319481937]]},"properties":{"alley_id":"628-S","alley_name":"ALLEY 628-S","section_id":"00","pid":"ALLEYS::628-S::00","from_street":"S Cuyler Ave","to_street":"S Highland Ave","surface":"PCC","width_ft":16,"slab_length_ft":10,"slab_width_ft":8,"construction_date":"2016-06-01","construction_year":2016,"general_condition":"","pci_2022_2023":100,"pci_2024":100,"pci_change":0,"pci_2024_band":"80-100","scheduled_build_year":null,"in_2026_cip":"N","length_ft":334.7,"object_id":299}},{"type":"Feature","geometry":{"type":"LineString","coordinates":[[-87.7822457942774,41.86900900714408],[-87.78218477426019,41.8671838782729]]},"properties":{"alley_id":"627","alley_name":"ALLEY 627","section_id":"00","pid":"ALLEYS::627::00","from_street":"Harvard St","to_street":"Filmore St","surface":"PCC","width_ft":20,"slab_length_ft":33,"slab_width_ft":20,"construction_date":"1925-06-01","construction_year":1925,"general_condition":"","pci_2022_2023":16,"pci_2024":35,"pci_change":19,"pci_2024_band":"0-39","scheduled_build_year":null,"in_2026_cip":"N","length_ft":665.3,"object_id":300}},{"type":"Feature","geometry":{"type":"LineString","coordinates":[[-87.78102020290993,41.86902625311938],[-87.780956027165,41.86720068440355]]},"properties":{"alley_id":"624","alley_name":"ALLEY 624","section_id":"00","pid":"ALLEYS::624::00","from_street":"Harvard St","to_street":"Filmore St","surface":"PCC","width_ft":16,"slab_length_ft":12,"slab_width_ft":6,"construction_date":"2014-06-01","construction_year":2014,"general_condition":"","pci_2022_2023":97,"pci_2024":97,"pci_change":0,"pci_2024_band":"80-100","scheduled_build_year":null,"in_2026_cip":"N","length_ft":665.5,"object_id":301}},{"type":"Feature","geometry":{"type":"LineString","coordinates":[[-87.77975053382696,41.86721790369576],[-87.77981564059449,41.86904216122127]]},"properties":{"alley_id":"621","alley_name":"ALLEY 621","section_id":"00","pid":"ALLEYS::621::00","from_street":"Harvard St","to_street":"Filmore St","surface":"AC","width_ft":16,"slab_length_ft":0,"slab_width_ft":0,"construction_date":"1979-06-01","construction_year":1979,"general_condition":"","pci_2022_2023":34,"pci_2024":34,"pci_change":0,"pci_2024_band":"0-39","scheduled_build_year":2029,"in_2026_cip":"N","length_ft":665.0,"object_id":302}},{"type":"Feature","geometry":{"type":"LineString","coordinates":[[-87.77855583305453,41.86906119223765],[-87.77848835176655,41.867235413596525]]},"properties":{"alley_id":"618","alley_name":"ALLEY 618","section_id":"00","pid":"ALLEYS::618::00","from_street":"Harvard St","to_street":"Filmore St","surface":"PCC","width_ft":16,"slab_length_ft":33,"slab_width_ft":16,"construction_date":"1927-06-01","construction_year":1927,"general_condition":"","pci_2022_2023":13,"pci_2024":33,"pci_change":20,"pci_2024_band":"0-39","scheduled_build_year":null,"in_2026_cip":"N","length_ft":665.6,"object_id":303}},{"type":"Feature","geometry":{"type":"LineString","coordinates":[[-87.7773380311826,41.869079644803726],[-87.77727265482811,41.8672522289545]]},"properties":{"alley_id":"615","alley_name":"ALLEY 615","section_id":"00","pid":"ALLEYS::615::00","from_street":"Harvard St","to_street":"Filmore St","surface":"PCC","width_ft":16,"slab_length_ft":12,"slab_width_ft":8,"construction_date":"2016-06-01","construction_year":2016,"general_condition":"","pci_2022_2023":92,"pci_2024":92,"pci_change":0,"pci_2024_band":"80-100","scheduled_build_year":null,"in_2026_cip":"N","length_ft":666.2,"object_id":304}},{"type":"Feature","geometry":{"type":"LineString","coordinates":[[-87.77610975196849,41.86909734755732],[-87.77604253456227,41.86727041641272]]},"properties":{"alley_id":"612","alley_name":"ALLEY 612","section_id":"00","pid":"ALLEYS::612::00","from_street":"Harvard St","to_street":"Filmore St","surface":"AC","width_ft":16,"slab_length_ft":0,"slab_width_ft":0,"construction_date":"1969-06-01","construction_year":1969,"general_condition":"","pci_2022_2023":43,"pci_2024":43,"pci_change":0,"pci_2024_band":"40-59","scheduled_build_year":2028,"in_2026_cip":"N","length_ft":666.0,"object_id":305}},{"type":"Feature","geometry":{"type":"LineString","coordinates":[[-87.77488617646972,41.86911456575537],[-87.7748178528111,41.86728795808877]]},"properties":{"alley_id":"609","alley_name":"ALLEY 609","section_id":"00","pid":"ALLEYS::609::00","from_street":"Harvard St","to_street":"Filmore St","surface":"PCC","width_ft":16,"slab_length_ft":33,"slab_width_ft":16,"construction_date":"1924-06-01","construction_year":1924,"general_condition":"","pci_2022_2023":16,"pci_2024":100,"pci_change":84,"pci_2024_band":"80-100","scheduled_build_year":null,"in_2026_cip":"N","length_ft":665.9,"object_id":306}},{"type":"Feature","geometry":{"type":"LineString","coordinates":[[-87.7748178528111,41.86728795808877],[-87.77476936465145,41.865911723493745]]},"properties":{"alley_id":"610","alley_name":"ALLEY 610","section_id":"00","pid":"ALLEYS::610::00","from_street":"Filmore St","to_street":"Alley 610 S","surface":"PCC","width_ft":16,"slab_length_ft":10,"slab_width_ft":6,"construction_date":"2007-06-01","construction_year":2007,"general_condition":"","pci_2022_2023":92,"pci_2024":92,"pci_change":0,"pci_2024_band":"80-100","scheduled_build_year":null,"in_2026_cip":"N","length_ft":501.7,"object_id":307}},{"type":"Feature","geometry":{"type":"LineString","coordinates":[[-87.77537962765552,41.865896687483],[-87.77476936465145,41.865911723493745],[-87.77415849954174,41.86592864675616]]},"properties":{"alley_id":"610-S","alley_name":"ALLEY 610-S","section_id":"00","pid":"ALLEYS::610-S::00","from_street":"S Humphrey Ave","to_street":"S Austin Blvd","surface":"PCC","width_ft":16,"slab_length_ft":10,"slab_width_ft":6,"construction_date":"2007-06-01","construction_year":2007,"general_condition":"","pci_2022_2023":92,"pci_2024":92,"pci_change":0,"pci_2024_band":"80-100","scheduled_build_year":null,"in_2026_cip":"N","length_ft":332.8,"object_id":308}},{"type":"Feature","geometry":{"type":"LineString","coordinates":[[-87.7766082124786,41.865887391459275],[-87.77599343122951,41.86589223096569],[-87.77537962765552,41.865896687483]]},"properties":{"alley_id":"611-S","alley_name":"ALLEY 611-S","section_id":"00","pid":"ALLEYS::611-S::00","from_street":"S Lyman Ave","to_street":"S Humphrey Ave","surface":"PCC","width_ft":16,"slab_length_ft":12,"slab_width_ft":8,"construction_date":"2016-06-01","construction_year":2016,"general_condition":"","pci_2022_2023":94,"pci_2024":94,"pci_change":0,"pci_2024_band":"80-100","scheduled_build_year":null,"in_2026_cip":"N","length_ft":334.7,"object_id":309}},{"type":"Feature","geometry":{"type":"LineString","coordinates":[[-87.77604253456227,41.86727041641272],[-87.77599343122951,41.86589223096569]]},"properties":{"alley_id":"611","alley_name":"ALLEY 611","section_id":"00","pid":"ALLEYS::611::00","from_street":"Filmore St","to_street":"Alley 611 S","surface":"PCC","width_ft":16,"slab_length_ft":12,"slab_width_ft":8,"construction_date":"2016-06-01","construction_year":2016,"general_condition":"","pci_2022_2023":96,"pci_2024":97,"pci_change":1,"pci_2024_band":"80-100","scheduled_build_year":null,"in_2026_cip":"N","length_ft":502.4,"object_id":310}},{"type":"Feature","geometry":{"type":"LineString","coordinates":[[-87.77727265482811,41.8672522289545],[-87.77722260490759,41.865876400119724]]},"properties":{"alley_id":"616","alley_name":"ALLEY 616","section_id":"00","pid":"ALLEYS::616::00","from_street":"Filmore St","to_street":"Alley 616 S","surface":"PCC","width_ft":16,"slab_length_ft":15,"slab_width_ft":6,"construction_date":"2009-06-01","construction_year":2009,"general_condition":"","pci_2022_2023":96,"pci_2024":96,"pci_change":0,"pci_2024_band":"80-100","scheduled_build_year":null,"in_2026_cip":"N","length_ft":501.5,"object_id":311}},{"type":"Feature","geometry":{"type":"LineString","coordinates":[[-87.7766082124786,41.865887391459275],[-87.77722260490759,41.865876400119724],[-87.77783691443537,41.865864526354656]]},"properties":{"alley_id":"616-S","alley_name":"ALLEY 616-S","section_id":"00","pid":"ALLEYS::616-S::00","from_street":"S Taylor Ave","to_street":"S Lyman Ave","surface":"PCC","width_ft":16,"slab_length_ft":12,"slab_width_ft":6,"construction_date":"2007-06-01","construction_year":2007,"general_condition":"","pci_2022_2023":89,"pci_2024":89,"pci_change":0,"pci_2024_band":"80-100","scheduled_build_year":null,"in_2026_cip":"N","length_ft":334.8,"object_id":312}},{"type":"Feature","geometry":{"type":"LineString","coordinates":[[-87.77783691443537,41.865864526354656],[-87.77845941386238,41.86586063802306],[-87.77906491441574,41.86585687496086]]},"properties":{"alley_id":"617-S","alley_name":"ALLEY 617-S","section_id":"00","pid":"ALLEYS::617-S::00","from_street":"S Lombard Ave","to_street":"S Taylor Ave","surface":"PCC","width_ft":16,"slab_length_ft":15,"slab_width_ft":6,"construction_date":"2014-06-01","construction_year":2014,"general_condition":"","pci_2022_2023":97,"pci_2024":97,"pci_change":0,"pci_2024_band":"80-100","scheduled_build_year":null,"in_2026_cip":"N","length_ft":334.5,"object_id":313}},{"type":"Feature","geometry":{"type":"LineString","coordinates":[[-87.77848835176655,41.867235413596525],[-87.77845941386238,41.86586063802306]]},"properties":{"alley_id":"617","alley_name":"ALLEY 617","section_id":"00","pid":"ALLEYS::617::00","from_street":"Filmore St","to_street":"Alley 617 S","surface":"PCC","width_ft":16,"slab_length_ft":33,"slab_width_ft":16,"construction_date":"1926-06-01","construction_year":1926,"general_condition":"","pci_2022_2023":10,"pci_2024":100,"pci_change":90,"pci_2024_band":"80-100","scheduled_build_year":null,"in_2026_cip":"N","length_ft":501.0,"object_id":314}},{"type":"Feature","geometry":{"type":"LineString","coordinates":[[-87.77970327300925,41.865848958950686],[-87.77975053382696,41.86721790369576]]},"properties":{"alley_id":"622","alley_name":"ALLEY 622","section_id":"00","pid":"ALLEYS::622::00","from_street":"Filmore St","to_street":"Alley 622 S","surface":"PCC","width_ft":16,"slab_length_ft":12,"slab_width_ft":8,"construction_date":"2015-06-01","construction_year":2015,"general_condition":"","pci_2022_2023":94,"pci_2024":94,"pci_change":0,"pci_2024_band":"80-100","scheduled_build_year":null,"in_2026_cip":"N","length_ft":499.0,"object_id":315}},{"type":"Feature","geometry":{"type":"LineString","coordinates":[[-87.77906491441574,41.86585687496086],[-87.77970327300925,41.865848958950686],[-87.78029162719587,41.86584104080342]]},"properties":{"alley_id":"622-S","alley_name":"ALLEY 622-S","section_id":"00","pid":"ALLEYS::622-S::00","from_street":"S Harvey Ave","to_street":"S Lombard Ave","surface":"PCC","width_ft":16,"slab_length_ft":12,"slab_width_ft":8,"construction_date":"2015-06-01","construction_year":2015,"general_condition":"","pci_2022_2023":92,"pci_2024":92,"pci_change":0,"pci_2024_band":"80-100","scheduled_build_year":null,"in_2026_cip":"N","length_ft":334.2,"object_id":316}},{"type":"Feature","geometry":{"type":"LineString","coordinates":[[-87.7815222845296,41.86582319481937],[-87.7809071210547,41.865832106749416],[-87.78029162719587,41.86584104080342]]},"properties":{"alley_id":"623-S","alley_name":"ALLEY 623-S","section_id":"00","pid":"ALLEYS::623-S::00","from_street":"S Highland Ave","to_street":"S Harvey Ave","surface":"PCC","width_ft":16,"slab_length_ft":12,"slab_width_ft":8,"construction_date":"1900-01-01","construction_year":1900,"general_condition":"","pci_2022_2023":87,"pci_2024":87,"pci_change":0,"pci_2024_band":"80-100","scheduled_build_year":null,"in_2026_cip":"N","length_ft":335.3,"object_id":317}},{"type":"Feature","geometry":{"type":"LineString","coordinates":[[-87.780956027165,41.86720068440355],[-87.7809071210547,41.865832106749416]]},"properties":{"alley_id":"623","alley_name":"ALLEY 623","section_id":"00","pid":"ALLEYS::623::00","from_street":"Filmore St","to_street":"Alley 623 S","surface":"PCC","width_ft":16,"slab_length_ft":33,"slab_width_ft":16,"construction_date":"1927-06-01","construction_year":1927,"general_condition":"","pci_2022_2023":20,"pci_2024":42,"pci_change":22,"pci_2024_band":"40-59","scheduled_build_year":null,"in_2026_cip":"N","length_ft":498.9,"object_id":318}},{"type":"Feature","geometry":{"type":"LineString","coordinates":[[-87.78218477426019,41.8671838782729],[-87.78213653536383,41.865818008046844]]},"properties":{"alley_id":"628","alley_name":"ALLEY 628","section_id":"00","pid":"ALLEYS::628::00","from_street":"Filmore St","to_street":"Alley 628 S","surface":"PCC","width_ft":16,"slab_length_ft":33,"slab_width_ft":16,"construction_date":"1927-06-01","construction_year":1927,"general_condition":"","pci_2022_2023":24,"pci_2024":44,"pci_change":20,"pci_2024_band":"40-59","scheduled_build_year":null,"in_2026_cip":"N","length_ft":497.9,"object_id":319}},{"type":"Feature","geometry":{"type":"LineString","coordinates":[[-87.78107802565184,41.87080950238017],[-87.78102020290993,41.86902625311938]]},"properties":{"alley_id":"625","alley_name":"ALLEY 625","section_id":"00","pid":"ALLEYS::625::00","from_street":"Garfield St","to_street":"Harvard St","surface":"PCC","width_ft":16,"slab_length_ft":33,"slab_width_ft":16,"construction_date":"1925-06-01","construction_year":1925,"general_condition":"","pci_2022_2023":17,"pci_2024":37,"pci_change":20,"pci_2024_band":"0-39","scheduled_build_year":null,"in_2026_cip":"N","length_ft":650.0,"object_id":320}},{"type":"Feature","geometry":{"type":"LineString","coordinates":[[-87.77981564059449,41.86904216122127],[-87.7798570661179,41.87036888148322]]},"properties":{"alley_id":"620","alley_name":"ALLEY 620","section_id":"00","pid":"ALLEYS::620::00","from_street":"North End","to_street":"Harvard St","surface":"PCC","width_ft":20,"slab_length_ft":15,"slab_width_ft":6,"construction_date":"2004-06-01","construction_year":2004,"general_condition":"","pci_2022_2023":91,"pci_2024":92,"pci_change":1,"pci_2024_band":"80-100","scheduled_build_year":null,"in_2026_cip":"N","length_ft":483.6,"object_id":321}},{"type":"Feature","geometry":{"type":"LineString","coordinates":[[-87.77737468402209,41.870213777024325],[-87.7773380311826,41.869079644803726]]},"properties":{"alley_id":"614","alley_name":"ALLEY 614","section_id":"00","pid":"ALLEYS::614::00","from_street":"Alley 614 N","to_street":"Harvard St","surface":"PCC","width_ft":18,"slab_length_ft":15,"slab_width_ft":6,"construction_date":"2004-06-01","construction_year":2004,"general_condition":"","pci_2022_2023":92,"pci_2024":93,"pci_change":1,"pci_2024_band":"80-100","scheduled_build_year":null,"in_2026_cip":"N","length_ft":413.4,"object_id":322}},{"type":"Feature","geometry":{"type":"LineString","coordinates":[[-87.77614437784729,41.87010951499205],[-87.77610975196849,41.86909734755732]]},"properties":{"alley_id":"613","alley_name":"ALLEY 613","section_id":"00","pid":"ALLEYS::613::00","from_street":"Alley 613 N","to_street":"Harvard St","surface":"PCC","width_ft":16,"slab_length_ft":33,"slab_width_ft":16,"construction_date":"1924-06-01","construction_year":1924,"general_condition":"","pci_2022_2023":13,"pci_2024":31,"pci_change":18,"pci_2024_band":"0-39","scheduled_build_year":2025,"in_2026_cip":"N","length_ft":369.0,"object_id":323}},{"type":"Feature","geometry":{"type":"LineString","coordinates":[[-87.77491089648586,41.87000349568095],[-87.77488617646972,41.86911456575537]]},"properties":{"alley_id":"608","alley_name":"ALLEY 608","section_id":"00","pid":"ALLEYS::608::00","from_street":"Alley 608 N","to_street":"Harvard St","surface":"PCC","width_ft":16,"slab_length_ft":33,"slab_width_ft":16,"construction_date":"1928-06-01","construction_year":1928,"general_condition":"","pci_2022_2023":16,"pci_2024":33,"pci_change":17,"pci_2024_band":"0-39","scheduled_build_year":null,"in_2026_cip":"N","length_ft":324.0,"object_id":324}},{"type":"Feature","geometry":{"type":"LineString","coordinates":[[-87.77429275559692,41.86994906160122],[-87.77552922129516,41.870057956138474]]},"properties":{"alley_id":"608-N","alley_name":"ALLEY 608-N","section_id":"00","pid":"ALLEYS::608-N::00","from_street":"S Humphrey Ave","to_street":"S Austin Blvd","surface":"PCC","width_ft":16,"slab_length_ft":33,"slab_width_ft":16,"construction_date":"1900-01-01","construction_year":1900,"general_condition":"","pci_2022_2023":14,"pci_2024":30,"pci_change":16,"pci_2024_band":"0-39","scheduled_build_year":null,"in_2026_cip":"N","length_ft":339.1,"object_id":325}},{"type":"Feature","geometry":{"type":"LineString","coordinates":[[-87.77552922129516,41.870057956138474],[-87.77614437784729,41.87010951499205],[-87.77675953708685,41.87016087879071]]},"properties":{"alley_id":"613-N","alley_name":"ALLEY 613-N","section_id":"00","pid":"ALLEYS::613-N::00","from_street":"S Lyman Ave","to_street":"S Humphrey Ave","surface":"PCC","width_ft":16,"slab_length_ft":33,"slab_width_ft":16,"construction_date":"1900-01-01","construction_year":1900,"general_condition":"","pci_2022_2023":15,"pci_2024":33,"pci_change":18,"pci_2024_band":"0-39","scheduled_build_year":2025,"in_2026_cip":"N","length_ft":337.2,"object_id":326}},{"type":"Feature","geometry":{"type":"LineString","coordinates":[[-87.77675953708685,41.87016087879071],[-87.77737468402209,41.870213777024325],[-87.77798979540373,41.870266725812336]]},"properties":{"alley_id":"614-N","alley_name":"ALLEY 614-N","section_id":"00","pid":"ALLEYS::614-N::00","from_street":"S Taylor Ave","to_street":"S Lyman Ave","surface":"PCC","width_ft":16,"slab_length_ft":15,"slab_width_ft":10,"construction_date":"2004-06-01","construction_year":2004,"general_condition":"","pci_2022_2023":84,"pci_2024":86,"pci_change":2,"pci_2024_band":"80-100","scheduled_build_year":null,"in_2026_cip":"N","length_ft":337.3,"object_id":327}},{"type":"Feature","geometry":{"type":"LineString","coordinates":[[-87.77746132825365,41.87273156828512],[-87.77746483968428,41.87282207980582],[-87.77747659990727,41.873185146606225],[-87.77751910581561,41.874559757641585]]},"properties":{"alley_id":"511","alley_name":"ALLEY 511","section_id":"00","pid":"ALLEYS::511::00","from_street":"Van Buren St","to_street":"Harrison St","surface":"AC","width_ft":16,"slab_length_ft":0,"slab_width_ft":0,"construction_date":"1978-06-01","construction_year":1978,"general_condition":"","pci_2022_2023":36,"pci_2024":36,"pci_change":0,"pci_2024_band":"0-39","scheduled_build_year":null,"in_2026_cip":"N","length_ft":666.4,"object_id":328}},{"type":"Feature","geometry":{"type":"LineString","coordinates":[[-87.77624793486332,41.87275421803496],[-87.77630955778965,41.87457758005139]]},"properties":{"alley_id":"504","alley_name":"ALLEY 504","section_id":"00","pid":"ALLEYS::504::00","from_street":"Van Buren St","to_street":"Harrison St","surface":"PCC","width_ft":15,"slab_length_ft":12,"slab_width_ft":8,"construction_date":"1922-06-01","construction_year":1922,"general_condition":"","pci_2022_2023":95,"pci_2024":95,"pci_change":0,"pci_2024_band":"80-100","scheduled_build_year":null,"in_2026_cip":"N","length_ft":664.7,"object_id":329}},{"type":"Feature","geometry":{"type":"LineString","coordinates":[[-87.77509856405706,41.87459686555985],[-87.77503254966614,41.872769502070504]]},"properties":{"alley_id":"503","alley_name":"ALLEY 503","section_id":"00","pid":"ALLEYS::503::00","from_street":"Van Buren St","to_street":"Harrison St","surface":"PCC","width_ft":18,"slab_length_ft":12,"slab_width_ft":6,"construction_date":"2005-06-01","construction_year":2005,"general_condition":"","pci_2022_2023":84,"pci_2024":84,"pci_change":0,"pci_2024_band":"80-100","scheduled_build_year":null,"in_2026_cip":"N","length_ft":666.1,"object_id":330}},{"type":"Feature","geometry":{"type":"LineString","coordinates":[[-87.77499750857338,41.872311204933844],[-87.77496392504649,41.8714702566699]]},"properties":{"alley_id":"607","alley_name":"ALLEY 607","section_id":"00","pid":"ALLEYS::607::00","from_street":"Alley 607 N","to_street":"Alley 607 S","surface":"PCC","width_ft":16,"slab_length_ft":15,"slab_width_ft":8,"construction_date":"2017-06-01","construction_year":2017,"general_condition":"","pci_2022_2023":90,"pci_2024":90,"pci_change":0,"pci_2024_band":"80-100","scheduled_build_year":null,"in_2026_cip":"N","length_ft":306.6,"object_id":331}},{"type":"Feature","geometry":{"type":"LineString","coordinates":[[-87.77438193580726,41.87232017617076],[-87.77561288244338,41.8723022303314]]},"properties":{"alley_id":"607-N","alley_name":"ALLEY 607-N","section_id":"00","pid":"ALLEYS::607-N::00","from_street":"S Humphrey Ave","to_street":"S Austin Blvd","surface":"PCC","width_ft":16,"slab_length_ft":12,"slab_width_ft":8,"construction_date":"2017-06-01","construction_year":2017,"general_condition":"","pci_2022_2023":96,"pci_2024":96,"pci_change":0,"pci_2024_band":"80-100","scheduled_build_year":null,"in_2026_cip":"N","length_ft":335.3,"object_id":332}},{"type":"Feature","geometry":{"type":"LineString","coordinates":[[-87.77561288244338,41.8723022303314],[-87.77683661542072,41.872284401105084]]},"properties":{"alley_id":"606-N","alley_name":"ALLEY 606-N","section_id":"00","pid":"ALLEYS::606-N::00","from_street":"S Lyman Ave","to_street":"S Humphrey Ave","surface":"AC","width_ft":16,"slab_length_ft":0,"slab_width_ft":0,"construction_date":"1976-06-01","construction_year":1976,"general_condition":"","pci_2022_2023":44,"pci_2024":44,"pci_change":0,"pci_2024_band":"40-59","scheduled_build_year":null,"in_2026_cip":"N","length_ft":333.4,"object_id":333}},{"type":"Feature","geometry":{"type":"LineString","coordinates":[[-87.77622506097971,41.872293318862134],[-87.77619218589894,41.87154233140883]]},"properties":{"alley_id":"606","alley_name":"ALLEY 606","section_id":"00","pid":"ALLEYS::606::00","from_street":"Alley 606 N","to_street":"Flournoy St","surface":"AC","width_ft":16,"slab_length_ft":0,"slab_width_ft":0,"construction_date":"1976-06-01","construction_year":1976,"general_condition":"","pci_2022_2023":31,"pci_2024":31,"pci_change":0,"pci_2024_band":"0-39","scheduled_build_year":null,"in_2026_cip":"N","length_ft":273.8,"object_id":334}},{"type":"Feature","geometry":{"type":"LineString","coordinates":[[-87.77742023968413,41.871617355045075],[-87.77744379984641,41.87227556878081]]},"properties":{"alley_id":"605","alley_name":"ALLEY 605","section_id":"00","pid":"ALLEYS::605::00","from_street":"Alley 605 N","to_street":"Flournoy St","surface":"PCC","width_ft":16,"slab_length_ft":12,"slab_width_ft":8,"construction_date":"1925-06-01","construction_year":1925,"general_condition":"","pci_2022_2023":93,"pci_2024":93,"pci_change":0,"pci_2024_band":"80-100","scheduled_build_year":null,"in_2026_cip":"N","length_ft":239.9,"object_id":335}},{"type":"Feature","geometry":{"type":"LineString","coordinates":[[-87.77683661542072,41.872284401105084],[-87.77744379984641,41.87227556878081],[-87.77805080007612,41.87226670534499]]},"properties":{"alley_id":"605-N","alley_name":"ALLEY 605-N","section_id":"00","pid":"ALLEYS::605-N::00","from_street":"S Taylor Ave","to_street":"S Lyman Ave","surface":"PCC","width_ft":16,"slab_length_ft":12,"slab_width_ft":8,"construction_date":"2015-06-01","construction_year":2015,"general_condition":"","pci_2022_2023":93,"pci_2024":93,"pci_change":0,"pci_2024_band":"80-100","scheduled_build_year":null,"in_2026_cip":"N","length_ft":330.8,"object_id":336}},{"type":"Feature","geometry":{"type":"LineString","coordinates":[[-87.77866162265848,41.87225738988261],[-87.77864021430061,41.871692985582115]]},"properties":{"alley_id":"604","alley_name":"ALLEY 604","section_id":"00","pid":"ALLEYS::604::00","from_street":"Alley 604 N","to_street":"Flournoy St","surface":"PCC","width_ft":16,"slab_length_ft":10,"slab_width_ft":6,"construction_date":"2014-06-01","construction_year":2014,"general_condition":"","pci_2022_2023":100,"pci_2024":100,"pci_change":0,"pci_2024_band":"80-100","scheduled_build_year":null,"in_2026_cip":"N","length_ft":205.8,"object_id":337}},{"type":"Feature","geometry":{"type":"LineString","coordinates":[[-87.77866162265848,41.87225738988261],[-87.77929212822221,41.872247810492]]},"properties":{"alley_id":"604-N","alley_name":"ALLEY 604-N","section_id":"00","pid":"ALLEYS::604-N::00","from_street":"S Lombard Ave","to_street":"Alley 604","surface":"PCC","width_ft":16,"slab_length_ft":10,"slab_width_ft":6,"construction_date":"2014-06-01","construction_year":2014,"general_condition":"","pci_2022_2023":98,"pci_2024":98,"pci_change":0,"pci_2024_band":"80-100","scheduled_build_year":null,"in_2026_cip":"N","length_ft":171.8,"object_id":338}},{"type":"Feature","geometry":{"type":"LineString","coordinates":[[-87.77873667926637,41.87454157679996],[-87.77868014310744,41.87271431595683]]},"properties":{"alley_id":"512","alley_name":"ALLEY 512","section_id":"00","pid":"ALLEYS::512::00","from_street":"Van Buren St","to_street":"Harrison St","surface":"PCC","width_ft":16,"slab_length_ft":33,"slab_width_ft":10,"construction_date":"1923-06-01","construction_year":1923,"general_condition":"","pci_2022_2023":24,"pci_2024":40,"pci_change":16,"pci_2024_band":"40-59","scheduled_build_year":null,"in_2026_cip":"N","length_ft":666.0,"object_id":339}},{"type":"Feature","geometry":{"type":"LineString","coordinates":[[-87.7799419166976,41.87269702181009],[-87.7800027429717,41.87452282078425]]},"properties":{"alley_id":"519","alley_name":"ALLEY 519","section_id":"00","pid":"ALLEYS::519::00","from_street":"Van Buren St","to_street":"Harrison St","surface":"PCC","width_ft":16,"slab_length_ft":33,"slab_width_ft":16,"construction_date":"1924-06-01","construction_year":1924,"general_condition":"","pci_2022_2023":20,"pci_2024":29,"pci_change":9,"pci_2024_band":"0-39","scheduled_build_year":null,"in_2026_cip":"N","length_ft":665.5,"object_id":340}},{"type":"Feature","geometry":{"type":"LineString","coordinates":[[-87.77993125552322,41.872485349851544],[-87.77991712735569,41.872238090362785]]},"properties":{"alley_id":"603-N","alley_name":"ALLEY 603-N","section_id":"00","pid":"ALLEYS::603-N::00","from_street":"Harrison ASt","to_street":"Alley 603 E","surface":"PCC","width_ft":18,"slab_length_ft":15,"slab_width_ft":6,"construction_date":"2011-06-01","construction_year":2011,"general_condition":"","pci_2022_2023":91,"pci_2024":91,"pci_change":0,"pci_2024_band":"80-100","scheduled_build_year":null,"in_2026_cip":"N","length_ft":90.2,"object_id":341}},{"type":"Feature","geometry":{"type":"LineString","coordinates":[[-87.77991712735569,41.872238090362785],[-87.77989093703412,41.871779618501314]]},"properties":{"alley_id":"603-S","alley_name":"ALLEY 603-S","section_id":"00","pid":"ALLEYS::603-S::00","from_street":"Alley 603 E","to_street":"Flournoy St","surface":"PCC","width_ft":18,"slab_length_ft":12,"slab_width_ft":9,"construction_date":"2016-06-01","construction_year":2016,"general_condition":"","pci_2022_2023":98,"pci_2024":98,"pci_change":0,"pci_2024_band":"80-100","scheduled_build_year":null,"in_2026_cip":"N","length_ft":167.2,"object_id":342}},{"type":"Feature","geometry":{"type":"LineString","coordinates":[[-87.77991712735569,41.872238090362785],[-87.78173616548949,41.87220899824487]]},"properties":{"alley_id":"603-E","alley_name":"ALLEY 603-E","section_id":"00","pid":"ALLEYS::603-E::00","from_street":"S Highland Ave","to_street":"Alley 603 N","surface":"PCC","width_ft":16,"slab_length_ft":12,"slab_width_ft":8,"construction_date":"2016-06-01","construction_year":2016,"general_condition":"","pci_2022_2023":97,"pci_2024":97,"pci_change":0,"pci_2024_band":"80-100","scheduled_build_year":null,"in_2026_cip":"N","length_ft":495.6,"object_id":343}},{"type":"Feature","geometry":{"type":"LineString","coordinates":[[-87.78482651376561,41.87262182654206],[-87.78488807366506,41.874448806073225]]},"properties":{"alley_id":"534","alley_name":"ALLEY 534","section_id":"00","pid":"ALLEYS::534::00","from_street":"Van Buren St","to_street":"Harrison St","surface":"AC","width_ft":14,"slab_length_ft":0,"slab_width_ft":0,"construction_date":"1976-06-01","construction_year":1976,"general_condition":"","pci_2022_2023":3,"pci_2024":100,"pci_change":97,"pci_2024_band":"80-100","scheduled_build_year":null,"in_2026_cip":"N","length_ft":666.0,"object_id":344}},{"type":"Feature","geometry":{"type":"LineString","coordinates":[[-87.78296683996422,41.87219478702549],[-87.78419304680472,41.87217063476179],[-87.78419620441754,41.872170594939035]]},"properties":{"alley_id":"601","alley_name":"ALLEY 601","section_id":"00","pid":"ALLEYS::601::00","from_street":"S Ridgeland Ave","to_street":"S Cuyler Aver","surface":"PCC","width_ft":16,"slab_length_ft":33,"slab_width_ft":16,"construction_date":"1900-01-01","construction_year":1900,"general_condition":"","pci_2022_2023":42,"pci_2024":58,"pci_change":16,"pci_2024_band":"40-59","scheduled_build_year":null,"in_2026_cip":"N","length_ft":334.9,"object_id":345}},{"type":"Feature","geometry":{"type":"LineString","coordinates":[[-87.78173616548949,41.87220899824487],[-87.78235148399072,41.87220190769914],[-87.78296683996422,41.87219478702549]]},"properties":{"alley_id":"602-N","alley_name":"ALLEY 602-N","section_id":"00","pid":"ALLEYS::602-N::00","from_street":"S Cuyler Aver","to_street":"S Highland Ave","surface":"PCC","width_ft":16,"slab_length_ft":33,"slab_width_ft":16,"construction_date":"1900-01-01","construction_year":1900,"general_condition":"","pci_2022_2023":14,"pci_2024":30,"pci_change":16,"pci_2024_band":"0-39","scheduled_build_year":null,"in_2026_cip":"N","length_ft":335.2,"object_id":346}},{"type":"Feature","geometry":{"type":"LineString","coordinates":[[-87.78235148399072,41.87220190769914],[-87.78234027367132,41.871904019895105]]},"properties":{"alley_id":"602","alley_name":"ALLEY 602","section_id":"00","pid":"ALLEYS::602::00","from_street":"Alley 602 N","to_street":"Alley 602 S","surface":"PCC","width_ft":18,"slab_length_ft":20,"slab_width_ft":18,"construction_date":"1900-01-01","construction_year":1900,"general_condition":"","pci_2022_2023":36,"pci_2024":44,"pci_change":8,"pci_2024_band":"40-59","scheduled_build_year":null,"in_2026_cip":"N","length_ft":108.6,"object_id":347}},{"type":"Feature","geometry":{"type":"LineString","coordinates":[[-87.78243405393064,41.87448582680988],[-87.78237217696177,41.87266112150848]]},"properties":{"alley_id":"527","alley_name":"ALLEY 527","section_id":"00","pid":"ALLEYS::527::00","from_street":"Van Buren St","to_street":"Harrison St","surface":"PCC","width_ft":16,"slab_length_ft":33,"slab_width_ft":16,"construction_date":"1922-06-01","construction_year":1922,"general_condition":"","pci_2022_2023":26,"pci_2024":45,"pci_change":19,"pci_2024_band":"40-59","scheduled_build_year":null,"in_2026_cip":"N","length_ft":665.1,"object_id":348}},{"type":"Feature","geometry":{"type":"LineString","coordinates":[[-87.78600571228641,41.87136029189169],[-87.78592686886674,41.86895199463149]]},"properties":{"alley_id":"637","alley_name":"ALLEY 637","section_id":"00","pid":"ALLEYS::637::00","from_street":"Garfield St","to_street":"Harvard St","surface":"PCC","width_ft":16,"slab_length_ft":15,"slab_width_ft":6,"construction_date":"2011-06-01","construction_year":2011,"general_condition":"","pci_2022_2023":93,"pci_2024":93,"pci_change":0,"pci_2024_band":"80-100","scheduled_build_year":null,"in_2026_cip":"N","length_ft":877.9,"object_id":349}},{"type":"Feature","geometry":{"type":"LineString","coordinates":[[-87.7841466326919,41.870789914136026],[-87.78476214523586,41.87084022207671]]},"properties":{"alley_id":"632-N","alley_name":"ALLEY 632-N","section_id":"00","pid":"ALLEYS::632-N::00","from_street":"Alley 632","to_street":"S Ridgeland Ave","surface":"PCC","width_ft":15,"slab_length_ft":12,"slab_width_ft":8,"construction_date":"2015-06-01","construction_year":2015,"general_condition":"","pci_2022_2023":99,"pci_2024":99,"pci_change":0,"pci_2024_band":"80-100","scheduled_build_year":null,"in_2026_cip":"N","length_ft":168.6,"object_id":350}},{"type":"Feature","geometry":{"type":"LineString","coordinates":[[-87.78469866581459,41.86897217733446],[-87.78477628249838,41.87125651093835]]},"properties":{"alley_id":"632","alley_name":"ALLEY 632","section_id":"00","pid":"ALLEYS::632::00","from_street":"Garfield St","to_street":"Harvard St","surface":"PCC","width_ft":14,"slab_length_ft":12,"slab_width_ft":8,"construction_date":"2015-06-01","construction_year":2015,"general_condition":"","pci_2022_2023":96,"pci_2024":96,"pci_change":0,"pci_2024_band":"80-100","scheduled_build_year":null,"in_2026_cip":"N","length_ft":832.7,"object_id":351}},{"type":"Feature","geometry":{"type":"LineString","coordinates":[[-87.78353238289556,41.870819522655125],[-87.78347219899872,41.868991092029205]]},"properties":{"alley_id":"631","alley_name":"ALLEY 631","section_id":"00","pid":"ALLEYS::631::00","from_street":"Garfield St","to_street":"Harvard St","surface":"AC","width_ft":16,"slab_length_ft":0,"slab_width_ft":0,"construction_date":"1977-06-01","construction_year":1977,"general_condition":"","pci_2022_2023":47,"pci_2024":47,"pci_change":0,"pci_2024_band":"40-59","scheduled_build_year":null,"in_2026_cip":"N","length_ft":666.5,"object_id":352}},{"type":"Feature","geometry":{"type":"LineString","coordinates":[[-87.78230552966065,41.87083650255576],[-87.7822457942774,41.86900900714408]]},"properties":{"alley_id":"626","alley_name":"ALLEY 626","section_id":"00","pid":"ALLEYS::626::00","from_street":"Garfield St","to_street":"Harvard St","surface":"PCC","width_ft":18,"slab_length_ft":15,"slab_width_ft":6,"construction_date":"2012-06-01","construction_year":2012,"general_condition":"","pci_2022_2023":89,"pci_2024":89,"pci_change":0,"pci_2024_band":"80-100","scheduled_build_year":null,"in_2026_cip":"N","length_ft":666.1,"object_id":353}},{"type":"Feature","geometry":{"type":"LineString","coordinates":[[-87.79091628489729,41.87135252402337],[-87.79088924470507,41.870694516029474]]},"properties":{"alley_id":"651","alley_name":"ALLEY 651","section_id":"00","pid":"ALLEYS::651::00","from_street":"Alley 651 N","to_street":"Lexington St","surface":"PCC","width_ft":16,"slab_length_ft":12,"slab_width_ft":5,"construction_date":"2013-06-01","construction_year":2013,"general_condition":"","pci_2022_2023":95,"pci_2024":96,"pci_change":1,"pci_2024_band":"80-100","scheduled_build_year":null,"in_2026_cip":"N","length_ft":239.9,"object_id":354}},{"type":"Feature","geometry":{"type":"LineString","coordinates":[[-87.79088924470507,41.870694516029474],[-87.79082752911604,41.86886602771507]]},"properties":{"alley_id":"650","alley_name":"ALLEY 650","section_id":"00","pid":"ALLEYS::650::00","from_street":"Lexington St","to_street":"Harvard St","surface":"PCC","width_ft":16,"slab_length_ft":33,"slab_width_ft":16,"construction_date":"1922-06-01","construction_year":1922,"general_condition":"","pci_2022_2023":17,"pci_2024":36,"pci_change":19,"pci_2024_band":"0-39","scheduled_build_year":null,"in_2026_cip":"N","length_ft":666.5,"object_id":355}},{"type":"Feature","geometry":{"type":"LineString","coordinates":[[-87.7896674853185,41.870713162544625],[-87.78960547855644,41.86888845909434]]},"properties":{"alley_id":"645","alley_name":"ALLEY 645","section_id":"00","pid":"ALLEYS::645::00","from_street":"Lexington St","to_street":"Harvard St","surface":"AC","width_ft":16,"slab_length_ft":0,"slab_width_ft":0,"construction_date":"1971-06-01","construction_year":1971,"general_condition":"","pci_2022_2023":21,"pci_2024":21,"pci_change":0,"pci_2024_band":"0-39","scheduled_build_year":null,"in_2026_cip":"Y","length_ft":665.1,"object_id":356}},{"type":"Feature","geometry":{"type":"LineString","coordinates":[[-87.78969099150939,41.87124939233387],[-87.7896674853185,41.870713162544625]]},"properties":{"alley_id":"644","alley_name":"ALLEY 644","section_id":"00","pid":"ALLEYS::644::00","from_street":"Alley 644 N","to_street":"Lexington St","surface":"PCC","width_ft":18,"slab_length_ft":15,"slab_width_ft":5,"construction_date":"2012-06-01","construction_year":2012,"general_condition":"","pci_2022_2023":94,"pci_2024":94,"pci_change":0,"pci_2024_band":"80-100","scheduled_build_year":null,"in_2026_cip":"N","length_ft":195.5,"object_id":357}},{"type":"Feature","geometry":{"type":"LineString","coordinates":[[-87.78842528433081,41.870233314883656],[-87.78837906132117,41.86891039126964]]},"properties":{"alley_id":"643","alley_name":"ALLEY 643","section_id":"00","pid":"ALLEYS::643::00","from_street":"North End","to_street":"Harvard St","surface":"AC","width_ft":16,"slab_length_ft":0,"slab_width_ft":0,"construction_date":"1971-06-01","construction_year":1971,"general_condition":"","pci_2022_2023":41,"pci_2024":41,"pci_change":0,"pci_2024_band":"40-59","scheduled_build_year":null,"in_2026_cip":"N","length_ft":482.2,"object_id":358}},{"type":"Feature","geometry":{"type":"LineString","coordinates":[[-87.78715386960192,41.86893061362168],[-87.7872005808308,41.87025802733566]]},"properties":{"alley_id":"638","alley_name":"ALLEY 638","section_id":"00","pid":"ALLEYS::638::00","from_street":"North End","to_street":"Harvard St","surface":"PCC","width_ft":16,"slab_length_ft":33,"slab_width_ft":16,"construction_date":"1925-06-01","construction_year":1925,"general_condition":"","pci_2022_2023":15,"pci_2024":33,"pci_change":18,"pci_2024_band":"0-39","scheduled_build_year":null,"in_2026_cip":"N","length_ft":483.9,"object_id":359}},{"type":"Feature","geometry":{"type":"LineString","coordinates":[[-87.79528614975952,41.87165458612474],[-87.79594396641461,41.87171055414583],[-87.79659983694854,41.87176645528374]]},"properties":{"alley_id":"667-N","alley_name":"ALLEY 667-N","section_id":"00","pid":"ALLEYS::667-N::00","from_street":"S Kenilworth Ave","to_street":"S Grove Ave","surface":"PCC","width_ft":16,"slab_length_ft":10,"slab_width_ft":10,"construction_date":"1900-01-01","construction_year":1900,"general_condition":"","pci_2022_2023":20,"pci_2024":35,"pci_change":15,"pci_2024_band":"0-39","scheduled_build_year":null,"in_2026_cip":"N","length_ft":360.1,"object_id":360}},{"type":"Feature","geometry":{"type":"LineString","coordinates":[[-87.79594396641461,41.87171055414583],[-87.7959022801517,41.87060526746564]]},"properties":{"alley_id":"667","alley_name":"ALLEY 667","section_id":"00","pid":"ALLEYS::667::00","from_street":"Garfield St","to_street":"Lexington St","surface":"PCC","width_ft":18,"slab_length_ft":30,"slab_width_ft":18,"construction_date":"2008-06-01","construction_year":2008,"general_condition":"","pci_2022_2023":26,"pci_2024":45,"pci_change":19,"pci_2024_band":"40-59","scheduled_build_year":null,"in_2026_cip":"N","length_ft":402.9,"object_id":361}},{"type":"Feature","geometry":{"type":"LineString","coordinates":[[-87.79452174282576,41.87159493698838],[-87.79463112381234,41.87160324349517],[-87.79528614975952,41.87165458612474]]},"properties":{"alley_id":"660-E","alley_name":"ALLEY 660-E","section_id":"00","pid":"ALLEYS::660-E::00","from_street":"S Grove Ave","to_street":"Alley 660 N","surface":"PCC","width_ft":16,"slab_length_ft":12,"slab_width_ft":6,"construction_date":"2006-06-01","construction_year":2006,"general_condition":"","pci_2022_2023":88,"pci_2024":88,"pci_change":0,"pci_2024_band":"80-100","scheduled_build_year":null,"in_2026_cip":"N","length_ft":209.3,"object_id":362}},{"type":"Feature","geometry":{"type":"LineString","coordinates":[[-87.79397161051683,41.87155305730843],[-87.79452174282576,41.87159493698838]]},"properties":{"alley_id":"660-W","alley_name":"ALLEY 660-W","section_id":"00","pid":"ALLEYS::660-W::00","from_street":"Alley 660 N","to_street":"S Oak Park Ave","surface":"PCC","width_ft":16,"slab_length_ft":12,"slab_width_ft":6,"construction_date":"2006-06-01","construction_year":2006,"general_condition":"","pci_2022_2023":86,"pci_2024":90,"pci_change":4,"pci_2024_band":"80-100","scheduled_build_year":null,"in_2026_cip":"N","length_ft":150.6,"object_id":363}},{"type":"Feature","geometry":{"type":"LineString","coordinates":[[-87.79463112381234,41.87160324349517],[-87.79459454226757,41.870629656664285]]},"properties":{"alley_id":"660-S","alley_name":"ALLEY 660-S","section_id":"00","pid":"ALLEYS::660-S::00","from_street":"Alley 660 E","to_street":"Lexington St","surface":"PCC","width_ft":20,"slab_length_ft":12,"slab_width_ft":6,"construction_date":"2006-06-01","construction_year":2006,"general_condition":"","pci_2022_2023":92,"pci_2024":93,"pci_change":1,"pci_2024_band":"80-100","scheduled_build_year":null,"in_2026_cip":"N","length_ft":354.9,"object_id":364}},{"type":"Feature","geometry":{"type":"LineString","coordinates":[[-87.79334263550017,41.87097422480724],[-87.79333023227669,41.87065258844322]]},"properties":{"alley_id":"659","alley_name":"ALLEY 659","section_id":"00","pid":"ALLEYS::659::00","from_street":"Alley 659 N","to_street":"Lexington St","surface":"PCC","width_ft":16,"slab_length_ft":33,"slab_width_ft":8,"construction_date":"1977-06-01","construction_year":1977,"general_condition":"","pci_2022_2023":43,"pci_2024":100,"pci_change":57,"pci_2024_band":"80-100","scheduled_build_year":null,"in_2026_cip":"N","length_ft":117.3,"object_id":365}},{"type":"Feature","geometry":{"type":"LineString","coordinates":[[-87.7927594879565,41.87145004631714],[-87.79336296200957,41.871501322013394],[-87.79397161051683,41.87155305730843]]},"properties":{"alley_id":"659-N","alley_name":"ALLEY 659-N","section_id":"00","pid":"ALLEYS::659-N::00","from_street":"S Oak Park Ave","to_street":"S Euclid Ave","surface":"AC","width_ft":16,"slab_length_ft":0,"slab_width_ft":0,"construction_date":"1900-01-01","construction_year":1900,"general_condition":"","pci_2022_2023":29,"pci_2024":29,"pci_change":0,"pci_2024_band":"0-39","scheduled_build_year":null,"in_2026_cip":"N","length_ft":332.3,"object_id":366}},{"type":"Feature","geometry":{"type":"LineString","coordinates":[[-87.79215134231626,41.87145645844792],[-87.79211472650628,41.87067418591028]]},"properties":{"alley_id":"652","alley_name":"ALLEY 652","section_id":"00","pid":"ALLEYS::652::00","from_street":"Alley 652 N","to_street":"Lexington St","surface":"PCC","width_ft":18,"slab_length_ft":12,"slab_width_ft":6,"construction_date":"2006-06-01","construction_year":2006,"general_condition":"","pci_2022_2023":88,"pci_2024":90,"pci_change":2,"pci_2024_band":"80-100","scheduled_build_year":null,"in_2026_cip":"N","length_ft":285.2,"object_id":367}},{"type":"Feature","geometry":{"type":"LineString","coordinates":[[-87.7915235030118,41.87140363439338],[-87.79276168136602,41.871507823673404]]},"properties":{"alley_id":"652-N","alley_name":"ALLEY 652-N","section_id":"00","pid":"ALLEYS::652-N::00","from_street":"S Euclid Ave","to_street":"S Wesley Ave","surface":"PCC","width_ft":14,"slab_length_ft":12,"slab_width_ft":6,"construction_date":"2006-06-01","construction_year":2006,"general_condition":"","pci_2022_2023":92,"pci_2024":92,"pci_change":0,"pci_2024_band":"80-100","scheduled_build_year":null,"in_2026_cip":"N","length_ft":339.4,"object_id":368}},{"type":"Feature","geometry":{"type":"LineString","coordinates":[[-87.79029707024203,41.871300393951884],[-87.7915235030118,41.87140363439338]]},"properties":{"alley_id":"651-N","alley_name":"ALLEY 651-N","section_id":"00","pid":"ALLEYS::651-N::00","from_street":"S Wesley Ave","to_street":"Clarence Ave","surface":"PCC","width_ft":14,"slab_length_ft":15,"slab_width_ft":4,"construction_date":"2013-06-01","construction_year":2013,"general_condition":"","pci_2022_2023":96,"pci_2024":96,"pci_change":0,"pci_2024_band":"80-100","scheduled_build_year":null,"in_2026_cip":"N","length_ft":336.2,"object_id":369}},{"type":"Feature","geometry":{"type":"LineString","coordinates":[[-87.78906987088796,41.871197108871634],[-87.79029707024203,41.871300393951884]]},"properties":{"alley_id":"644-N","alley_name":"ALLEY 644-N","section_id":"00","pid":"ALLEYS::644-N::00","from_street":"Clarence Ave","to_street":"S East Ave","surface":"PCC","width_ft":16,"slab_length_ft":15,"slab_width_ft":6,"construction_date":"2012-06-01","construction_year":2012,"general_condition":"","pci_2022_2023":83,"pci_2024":83,"pci_change":0,"pci_2024_band":"80-100","scheduled_build_year":null,"in_2026_cip":"N","length_ft":336.4,"object_id":370}},{"type":"Feature","geometry":{"type":"LineString","coordinates":[[-87.79211472650628,41.87067418591028],[-87.79205261777284,41.868844612338265]]},"properties":{"alley_id":"653","alley_name":"ALLEY 653","section_id":"00","pid":"ALLEYS::653::00","from_street":"Lexington St","to_street":"Harvard St","surface":"PCC","width_ft":16,"slab_length_ft":33,"slab_width_ft":16,"construction_date":"1924-06-01","construction_year":1924,"general_condition":"","pci_2022_2023":21,"pci_2024":39,"pci_change":18,"pci_2024_band":"0-39","scheduled_build_year":null,"in_2026_cip":"N","length_ft":666.9,"object_id":371}},{"type":"Feature","geometry":{"type":"LineString","coordinates":[[-87.79333023227669,41.87065258844322],[-87.79326891390143,41.86882317045574]]},"properties":{"alley_id":"658","alley_name":"ALLEY 658","section_id":"00","pid":"ALLEYS::658::00","from_street":"Lexington St","to_street":"Harvard St","surface":"AC","width_ft":16,"slab_length_ft":0,"slab_width_ft":0,"construction_date":"1977-06-01","construction_year":1977,"general_condition":"","pci_2022_2023":55,"pci_2024":55,"pci_change":0,"pci_2024_band":"40-59","scheduled_build_year":null,"in_2026_cip":"N","length_ft":666.9,"object_id":372}},{"type":"Feature","geometry":{"type":"LineString","coordinates":[[-87.79459454226757,41.870629656664285],[-87.79453415118009,41.86880142310525]]},"properties":{"alley_id":"661","alley_name":"ALLEY 661","section_id":"00","pid":"ALLEYS::661::00","from_street":"Lexington St","to_street":"Harvard St","surface":"AC","width_ft":16,"slab_length_ft":0,"slab_width_ft":0,"construction_date":"1976-06-01","construction_year":1976,"general_condition":"","pci_2022_2023":54,"pci_2024":54,"pci_change":0,"pci_2024_band":"40-59","scheduled_build_year":null,"in_2026_cip":"N","length_ft":666.4,"object_id":373}},{"type":"Feature","geometry":{"type":"LineString","coordinates":[[-87.7959022801517,41.87060526746564],[-87.7958392885016,41.86877847733046]]},"properties":{"alley_id":"666","alley_name":"ALLEY 666","section_id":"00","pid":"ALLEYS::666::00","from_street":"Lexington St","to_street":"Harvard St","surface":"PCC","width_ft":22,"slab_length_ft":12,"slab_width_ft":6,"construction_date":"2010-06-01","construction_year":2010,"general_condition":"","pci_2022_2023":96,"pci_2024":96,"pci_change":0,"pci_2024_band":"80-100","scheduled_build_year":null,"in_2026_cip":"N","length_ft":665.9,"object_id":374}},{"type":"Feature","geometry":{"type":"LineString","coordinates":[[-87.79454012012843,41.872078040247814],[-87.79452174282576,41.87159493698838]]},"properties":{"alley_id":"660-N","alley_name":"ALLEY 660-N","section_id":"00","pid":"ALLEYS::660-N::00","from_street":"Garfield St","to_street":"Alley 660 W","surface":"PCC","width_ft":12,"slab_length_ft":12,"slab_width_ft":4,"construction_date":"2006-06-01","construction_year":2006,"general_condition":"","pci_2022_2023":92,"pci_2024":92,"pci_change":0,"pci_2024_band":"80-100","scheduled_build_year":null,"in_2026_cip":"N","length_ft":176.1,"object_id":375}},{"type":"Feature","geometry":{"type":"MultiLineString","coordinates":[[[-87.79725504789963,41.871822429728425],[-87.79721020075043,41.87058311508954]],[[-87.79724343240794,41.872298540930785],[-87.79722591616425,41.87181994294255]]]},"properties":{"alley_id":"668","alley_name":"ALLEY 668","section_id":"00","pid":"ALLEYS::668::00","from_street":"Garfield St","to_street":"Lexington St","surface":"PP","width_ft":14,"slab_length_ft":0,"slab_width_ft":0,"construction_date":"2022-05-01","construction_year":2022,"general_condition":"GOOD","pci_2022_2023":null,"pci_2024":100,"pci_change":null,"pci_2024_band":"80-100","scheduled_build_year":null,"in_2026_cip":"N","length_ft":626.2,"object_id":376}},{"type":"Feature","geometry":{"type":"LineString","coordinates":[[-87.79721020075043,41.87058311508954],[-87.79714750626466,41.86875580480838]]},"properties":{"alley_id":"669","alley_name":"ALLEY 669","section_id":"00","pid":"ALLEYS::669::00","from_street":"Lexington St","to_street":"Harvard St","surface":"PCC","width_ft":16,"slab_length_ft":33,"slab_width_ft":16,"construction_date":"1925-06-01","construction_year":1925,"general_condition":"","pci_2022_2023":17,"pci_2024":37,"pci_change":20,"pci_2024_band":"0-39","scheduled_build_year":null,"in_2026_cip":"N","length_ft":666.1,"object_id":377}},{"type":"Feature","geometry":{"type":"LineString","coordinates":[[-87.79659983694854,41.87176645528374],[-87.79722591616425,41.87181994294255],[-87.79725504789963,41.871822429728425],[-87.79749780783183,41.871843128926585]]},"properties":{"alley_id":"668-N","alley_name":"ALLEY 668-N","section_id":"00","pid":"ALLEYS::668-N::00","from_street":"West End","to_street":"S Kenilworth Ave","surface":"PCC","width_ft":12,"slab_length_ft":12,"slab_width_ft":8,"construction_date":"2022-05-01","construction_year":2022,"general_condition":"","pci_2022_2023":100,"pci_2024":100,"pci_change":0,"pci_2024_band":"80-100","scheduled_build_year":null,"in_2026_cip":"N","length_ft":246.2,"object_id":378}},{"type":"Feature","geometry":{"type":"LineString","coordinates":[[-87.79796129318063,41.87545350285669],[-87.79787695623182,41.87336113564811]]},"properties":{"alley_id":"576","alley_name":"ALLEY 576","section_id":"00","pid":"ALLEYS::576::00","from_street":"Jackson Blvd","to_street":"Harrison St","surface":"AC","width_ft":20,"slab_length_ft":0,"slab_width_ft":0,"construction_date":"1980-06-01","construction_year":1980,"general_condition":"","pci_2022_2023":22,"pci_2024":22,"pci_change":0,"pci_2024_band":"0-39","scheduled_build_year":2026,"in_2026_cip":"N","length_ft":762.8,"object_id":379}},{"type":"Feature","geometry":{"type":"LineString","coordinates":[[-87.79800836191636,41.8768686322441],[-87.79796129318063,41.87545350285669]]},"properties":{"alley_id":"577","alley_name":"ALLEY 577","section_id":"00","pid":"ALLEYS::577::00","from_street":"Adams St","to_street":"Jackson Blvd","surface":"AC","width_ft":16,"slab_length_ft":0,"slab_width_ft":0,"construction_date":"1979-06-01","construction_year":1979,"general_condition":"","pci_2022_2023":26,"pci_2024":27,"pci_change":1,"pci_2024_band":"0-39","scheduled_build_year":2029,"in_2026_cip":"N","length_ft":515.8,"object_id":380}},{"type":"Feature","geometry":{"type":"LineString","coordinates":[[-87.79657266057264,41.87689291362063],[-87.7965243471712,41.87547886188428]]},"properties":{"alley_id":"574","alley_name":"ALLEY 574","section_id":"00","pid":"ALLEYS::574::00","from_street":"Adams St","to_street":"Jackson Blvd","surface":"PCC","width_ft":16,"slab_length_ft":33,"slab_width_ft":16,"construction_date":"1926-06-01","construction_year":1926,"general_condition":"","pci_2022_2023":16,"pci_2024":29,"pci_change":13,"pci_2024_band":"0-39","scheduled_build_year":null,"in_2026_cip":"N","length_ft":515.5,"object_id":381}},{"type":"Feature","geometry":{"type":"LineString","coordinates":[[-87.79465914463813,41.87390998171661],[-87.79461484785735,41.872876941739435]]},"properties":{"alley_id":"566","alley_name":"ALLEY 566","section_id":"00","pid":"ALLEYS::566::00","from_street":"Van Buren St","to_street":"Harrison St","surface":"PCC","width_ft":15,"slab_length_ft":33,"slab_width_ft":15,"construction_date":"1924-06-01","construction_year":1924,"general_condition":"","pci_2022_2023":12,"pci_2024":100,"pci_change":88,"pci_2024_band":"80-100","scheduled_build_year":null,"in_2026_cip":"N","length_ft":376.6,"object_id":382}},{"type":"Feature","geometry":{"type":"LineString","coordinates":[[-87.79473813194019,41.87610149880019],[-87.79467493736591,41.87427827601115]]},"properties":{"alley_id":"565","alley_name":"ALLEY 565","section_id":"00","pid":"ALLEYS::565::00","from_street":"Jackson Blvd","to_street":"Van Buren St","surface":"PCC","width_ft":15,"slab_length_ft":10,"slab_width_ft":6,"construction_date":"2022-05-01","construction_year":2022,"general_condition":"","pci_2022_2023":100,"pci_2024":100,"pci_change":0,"pci_2024_band":"80-100","scheduled_build_year":null,"in_2026_cip":"N","length_ft":664.6,"object_id":383}},{"type":"Feature","geometry":{"type":"LineString","coordinates":[[-87.79345507556248,41.874298919978045],[-87.7935178236019,41.87612312987044]]},"properties":{"alley_id":"560","alley_name":"ALLEY 560","section_id":"00","pid":"ALLEYS::560::00","from_street":"Jackson Blvd","to_street":"Van Buren St","surface":"PCC","width_ft":16,"slab_length_ft":33,"slab_width_ft":10,"construction_date":"1923-06-01","construction_year":1923,"general_condition":"","pci_2022_2023":16,"pci_2024":33,"pci_change":17,"pci_2024_band":"0-39","scheduled_build_year":null,"in_2026_cip":"N","length_ft":665.0,"object_id":384}},{"type":"Feature","geometry":{"type":"LineString","coordinates":[[-87.79345507556248,41.874298919978045],[-87.79339151288707,41.872728879283066]]},"properties":{"alley_id":"559","alley_name":"ALLEY 559","section_id":"00","pid":"ALLEYS::559::00","from_street":"Van Buren St","to_street":"Harrison St","surface":"PCC","width_ft":16,"slab_length_ft":12,"slab_width_ft":10,"construction_date":"2012-06-01","construction_year":2012,"general_condition":"","pci_2022_2023":93,"pci_2024":93,"pci_change":0,"pci_2024_band":"80-100","scheduled_build_year":null,"in_2026_cip":"N","length_ft":572.4,"object_id":385}},{"type":"Feature","geometry":{"type":"LineString","coordinates":[[-87.79279257851952,41.87296552563638],[-87.79217598041639,41.8729797599056]]},"properties":{"alley_id":"558-S","alley_name":"ALLEY 558-S","section_id":"00","pid":"ALLEYS::558-S::00","from_street":"S Euclid Ave","to_street":"Alley 558","surface":"PCC","width_ft":16,"slab_length_ft":15,"slab_width_ft":10,"construction_date":"1900-01-01","construction_year":1900,"general_condition":"","pci_2022_2023":81,"pci_2024":81,"pci_change":0,"pci_2024_band":"80-100","scheduled_build_year":null,"in_2026_cip":"N","length_ft":168.0,"object_id":386}},{"type":"Feature","geometry":{"type":"LineString","coordinates":[[-87.79223112926614,41.87432056173555],[-87.79217598041639,41.8729797599056],[-87.79217276826346,41.8729078594476]]},"properties":{"alley_id":"558","alley_name":"ALLEY 558","section_id":"00","pid":"ALLEYS::558::00","from_street":"Van Buren St","to_street":"South End","surface":"PCC","width_ft":16,"slab_length_ft":15,"slab_width_ft":8,"construction_date":"1900-01-01","construction_year":1900,"general_condition":"","pci_2022_2023":94,"pci_2024":94,"pci_change":0,"pci_2024_band":"80-100","scheduled_build_year":null,"in_2026_cip":"N","length_ft":515.0,"object_id":387}},{"type":"Feature","geometry":{"type":"LineString","coordinates":[[-87.79156522571127,41.87295875462884],[-87.79096116539944,41.87297095992303],[-87.79035202162284,41.872982992149375]]},"properties":{"alley_id":"551-S","alley_name":"ALLEY 551-S","section_id":"00","pid":"ALLEYS::551-S::00","from_street":"Wesley Ave","to_street":"Clarence Ave","surface":"PCC","width_ft":15,"slab_length_ft":12,"slab_width_ft":8,"construction_date":"2018-06-01","construction_year":2018,"general_condition":"","pci_2022_2023":96,"pci_2024":96,"pci_change":0,"pci_2024_band":"80-100","scheduled_build_year":null,"in_2026_cip":"N","length_ft":330.5,"object_id":388}},{"type":"Feature","geometry":{"type":"LineString","coordinates":[[-87.79101028141528,41.874340530437884],[-87.79096116539944,41.87297095992303]]},"properties":{"alley_id":"551","alley_name":"ALLEY 551","section_id":"00","pid":"ALLEYS::551::00","from_street":"Van Buren St","to_street":"Alley 551 S","surface":"PCC","width_ft":16,"slab_length_ft":12,"slab_width_ft":8,"construction_date":"2018-06-01","construction_year":2018,"general_condition":"","pci_2022_2023":88,"pci_2024":88,"pci_change":0,"pci_2024_band":"80-100","scheduled_build_year":null,"in_2026_cip":"N","length_ft":499.3,"object_id":389}},{"type":"Feature","geometry":{"type":"LineString","coordinates":[[-87.79106983315604,41.876167524749214],[-87.79101028141528,41.874340530437884]]},"properties":{"alley_id":"552","alley_name":"ALLEY 552","section_id":"00","pid":"ALLEYS::552::00","from_street":"Jackson Blvd","to_street":"Van Buren St","surface":"AC","width_ft":16,"slab_length_ft":0,"slab_width_ft":0,"construction_date":"1973-06-01","construction_year":1973,"general_condition":"","pci_2022_2023":39,"pci_2024":39,"pci_change":0,"pci_2024_band":"0-39","scheduled_build_year":null,"in_2026_cip":"N","length_ft":666.0,"object_id":390}},{"type":"Feature","geometry":{"type":"LineString","coordinates":[[-87.79229345628218,41.87614714357303],[-87.79223112926614,41.87432056173555]]},"properties":{"alley_id":"557","alley_name":"ALLEY 557","section_id":"00","pid":"ALLEYS::557::00","from_street":"Jackson Blvd","to_street":"Van Buren St","surface":"PCC","width_ft":16,"slab_length_ft":33,"slab_width_ft":16,"construction_date":"1924-06-01","construction_year":1924,"general_condition":"","pci_2022_2023":15,"pci_2024":36,"pci_change":21,"pci_2024_band":"0-39","scheduled_build_year":null,"in_2026_cip":"N","length_ft":665.8,"object_id":391}},{"type":"Feature","geometry":{"type":"LineString","coordinates":[[-87.78978854338692,41.87436140119879],[-87.78984793911533,41.876187489611596]]},"properties":{"alley_id":"549","alley_name":"ALLEY 549","section_id":"00","pid":"ALLEYS::549::00","from_street":"Jackson Blvd","to_street":"Van Buren St","surface":"AC","width_ft":16,"slab_length_ft":0,"slab_width_ft":0,"construction_date":"1975-06-01","construction_year":1975,"general_condition":"","pci_2022_2023":31,"pci_2024":32,"pci_change":1,"pci_2024_band":"0-39","scheduled_build_year":2026,"in_2026_cip":"N","length_ft":665.6,"object_id":392}},{"type":"Feature","geometry":{"type":"LineString","coordinates":[[-87.78862597264455,41.876209513720305],[-87.78856249974986,41.8743853258179]]},"properties":{"alley_id":"544","alley_name":"ALLEY 544","section_id":"00","pid":"ALLEYS::544::00","from_street":"Jackson Blvd","to_street":"Van Buren St","surface":"PCC","width_ft":15,"slab_length_ft":15,"slab_width_ft":8,"construction_date":"2018-06-01","construction_year":2018,"general_condition":"","pci_2022_2023":97,"pci_2024":98,"pci_change":1,"pci_2024_band":"80-100","scheduled_build_year":null,"in_2026_cip":"N","length_ft":665.0,"object_id":393}},{"type":"Feature","geometry":{"type":"LineString","coordinates":[[-87.78851698924474,41.87301906039151],[-87.78856249974986,41.8743853258179]]},"properties":{"alley_id":"543","alley_name":"ALLEY 543","section_id":"00","pid":"ALLEYS::543::00","from_street":"Van Buren St","to_street":"Alley 543 S","surface":"PCC","width_ft":15,"slab_length_ft":12,"slab_width_ft":6,"construction_date":"2010-06-01","construction_year":2010,"general_condition":"","pci_2022_2023":94,"pci_2024":94,"pci_change":0,"pci_2024_band":"80-100","scheduled_build_year":null,"in_2026_cip":"N","length_ft":498.0,"object_id":394}},{"type":"Feature","geometry":{"type":"LineString","coordinates":[[-87.78729333049384,41.87303550544741],[-87.78733860916127,41.87440655825336]]},"properties":{"alley_id":"542","alley_name":"ALLEY 542","section_id":"00","pid":"ALLEYS::542::00","from_street":"Van Buren St","to_street":"Alley 542 S","surface":"PCC","width_ft":15,"slab_length_ft":12,"slab_width_ft":8,"construction_date":"2016-06-01","construction_year":2016,"general_condition":"","pci_2022_2023":90,"pci_2024":90,"pci_change":0,"pci_2024_band":"80-100","scheduled_build_year":null,"in_2026_cip":"N","length_ft":499.8,"object_id":395}},{"type":"Feature","geometry":{"type":"LineString","coordinates":[[-87.78733860916127,41.87440655825336],[-87.78740132162933,41.87623178576812]]},"properties":{"alley_id":"541","alley_name":"ALLEY 541","section_id":"00","pid":"ALLEYS::541::00","from_street":"Jackson Blvd","to_street":"Van Buren St","surface":"PCC","width_ft":15,"slab_length_ft":12,"slab_width_ft":8,"construction_date":"2018-06-01","construction_year":2018,"general_condition":"","pci_2022_2023":96,"pci_2024":96,"pci_change":0,"pci_2024_band":"80-100","scheduled_build_year":null,"in_2026_cip":"N","length_ft":665.3,"object_id":396}},{"type":"Feature","geometry":{"type":"LineString","coordinates":[[-87.78617641506659,41.876253838258656],[-87.78611402949136,41.874428831364845]]},"properties":{"alley_id":"536","alley_name":"ALLEY 536","section_id":"00","pid":"ALLEYS::536::00","from_street":"Jackson Blvd","to_street":"Van Buren St","surface":"PCC","width_ft":15,"slab_length_ft":33,"slab_width_ft":15,"construction_date":"1971-06-01","construction_year":1971,"general_condition":"","pci_2022_2023":14,"pci_2024":30,"pci_change":16,"pci_2024_band":"0-39","scheduled_build_year":2027,"in_2026_cip":"N","length_ft":665.3,"object_id":397}},{"type":"Feature","geometry":{"type":"LineString","coordinates":[[-87.78611402949136,41.874428831364845],[-87.78605331456005,41.87260207525344]]},"properties":{"alley_id":"535","alley_name":"ALLEY 535","section_id":"00","pid":"ALLEYS::535::00","from_street":"Van Buren St","to_street":"Harrison St","surface":"PCC","width_ft":16,"slab_length_ft":33,"slab_width_ft":16,"construction_date":"1923-06-01","construction_year":1923,"general_condition":"","pci_2022_2023":15,"pci_2024":33,"pci_change":18,"pci_2024_band":"0-39","scheduled_build_year":2029,"in_2026_cip":"N","length_ft":665.9,"object_id":398}},{"type":"Feature","geometry":{"type":"LineString","coordinates":[[-87.78488807366506,41.874448806073225],[-87.78495182449024,41.876273216873955]]},"properties":{"alley_id":"533","alley_name":"ALLEY 533","section_id":"00","pid":"ALLEYS::533::00","from_street":"Jackson Blvd","to_street":"Van Buren St","surface":"PCC","width_ft":14,"slab_length_ft":12,"slab_width_ft":6,"construction_date":"2014-06-01","construction_year":2014,"general_condition":"","pci_2022_2023":98,"pci_2024":98,"pci_change":0,"pci_2024_band":"80-100","scheduled_build_year":null,"in_2026_cip":"N","length_ft":665.1,"object_id":399}},{"type":"Feature","geometry":{"type":"LineString","coordinates":[[-87.78669523335543,41.873045805220755],[-87.78729333049384,41.87303550544741],[-87.78791489307699,41.873024970070844]]},"properties":{"alley_id":"542-S","alley_name":"ALLEY 542-S","section_id":"00","pid":"ALLEYS::542-S::00","from_street":"S Scoville Ave","to_street":"Gunderson Ave","surface":"PCC","width_ft":15,"slab_length_ft":12,"slab_width_ft":8,"construction_date":"2016-06-01","construction_year":2016,"general_condition":"","pci_2022_2023":95,"pci_2024":95,"pci_change":0,"pci_2024_band":"80-100","scheduled_build_year":null,"in_2026_cip":"N","length_ft":332.3,"object_id":400}},{"type":"Feature","geometry":{"type":"LineString","coordinates":[[-87.78912936978811,41.873012935189166],[-87.78851698924474,41.87301906039151],[-87.78790453607395,41.87302507214115]]},"properties":{"alley_id":"543-S","alley_name":"ALLEY 543-S","section_id":"00","pid":"ALLEYS::543-S::00","from_street":"S East Ave","to_street":"S Scoville Ave","surface":"PCC","width_ft":15,"slab_length_ft":12,"slab_width_ft":6,"construction_date":"2010-06-01","construction_year":2010,"general_condition":"","pci_2022_2023":88,"pci_2024":88,"pci_change":0,"pci_2024_band":"80-100","scheduled_build_year":null,"in_2026_cip":"N","length_ft":333.6,"object_id":401}},{"type":"Feature","geometry":{"type":"LineString","coordinates":[[-87.79035202162284,41.872982992149375],[-87.78974190254499,41.87299750508056],[-87.7891293749049,41.8730123319825]]},"properties":{"alley_id":"550-S","alley_name":"ALLEY 550-S","section_id":"00","pid":"ALLEYS::550-S::00","from_street":"Clarence Ave","to_street":"S East Ave","surface":"PP","width_ft":16,"slab_length_ft":0,"slab_width_ft":0,"construction_date":"2014-06-01","construction_year":2014,"general_condition":"FAIR","pci_2022_2023":null,"pci_2024":100,"pci_change":null,"pci_2024_band":"80-100","scheduled_build_year":null,"in_2026_cip":"N","length_ft":333.2,"object_id":402}},{"type":"Feature","geometry":{"type":"LineString","coordinates":[[-87.78976381867884,41.873634961861434],[-87.78974190254499,41.87299750508056]]},"properties":{"alley_id":"550","alley_name":"ALLEY 550","section_id":"00","pid":"ALLEYS::550::00","from_street":"North End","to_street":"Alley 550 S","surface":"PP","width_ft":16,"slab_length_ft":0,"slab_width_ft":0,"construction_date":"2014-06-01","construction_year":2014,"general_condition":"FAIR","pci_2022_2023":null,"pci_2024":100,"pci_change":null,"pci_2024_band":"80-100","scheduled_build_year":null,"in_2026_cip":"N","length_ft":232.4,"object_id":403}},{"type":"Feature","geometry":{"type":"LineString","coordinates":[[-87.7830033900083,41.873108717409],[-87.7842292668816,41.87308659347896]]},"properties":{"alley_id":"528-S","alley_name":"ALLEY 528-S","section_id":"00","pid":"ALLEYS::528-S::00","from_street":"S Ridgeland Ave","to_street":"S Cuyler Ave","surface":"PCC","width_ft":16,"slab_length_ft":15,"slab_width_ft":6,"construction_date":"2013-06-01","construction_year":2013,"general_condition":"","pci_2022_2023":84,"pci_2024":82,"pci_change":-2,"pci_2024_band":"80-100","scheduled_build_year":null,"in_2026_cip":"N","length_ft":334.0,"object_id":404}},{"type":"Feature","geometry":{"type":"LineString","coordinates":[[-87.78361632853316,41.87309765708031],[-87.78366255409905,41.87446698709896]]},"properties":{"alley_id":"528","alley_name":"ALLEY 528","section_id":"00","pid":"ALLEYS::528::00","from_street":"Van Buren St","to_street":"Alley 528 S","surface":"PCC","width_ft":16,"slab_length_ft":15,"slab_width_ft":6,"construction_date":"2013-06-01","construction_year":2013,"general_condition":"","pci_2022_2023":92,"pci_2024":92,"pci_change":0,"pci_2024_band":"80-100","scheduled_build_year":null,"in_2026_cip":"N","length_ft":499.1,"object_id":405}},{"type":"Feature","geometry":{"type":"LineString","coordinates":[[-87.78372507160904,41.87629207869275],[-87.78366255409905,41.87446698709896]]},"properties":{"alley_id":"529","alley_name":"ALLEY 529","section_id":"00","pid":"ALLEYS::529::00","from_street":"Jackson Blvd","to_street":"Van Buren St","surface":"PCC","width_ft":16,"slab_length_ft":12,"slab_width_ft":8,"construction_date":"2018-06-01","construction_year":2018,"general_condition":"","pci_2022_2023":95,"pci_2024":95,"pci_change":0,"pci_2024_band":"80-100","scheduled_build_year":null,"in_2026_cip":"N","length_ft":665.3,"object_id":406}},{"type":"Feature","geometry":{"type":"LineString","coordinates":[[-87.78246236507262,41.87532577760929],[-87.78243405393064,41.87448582680988]]},"properties":{"alley_id":"526","alley_name":"ALLEY 526","section_id":"00","pid":"ALLEYS::526::00","from_street":"North End","to_street":"Van Buren St","surface":"PCC","width_ft":16,"slab_length_ft":12,"slab_width_ft":8,"construction_date":"1900-01-01","construction_year":1900,"general_condition":"","pci_2022_2023":98,"pci_2024":98,"pci_change":0,"pci_2024_band":"80-100","scheduled_build_year":null,"in_2026_cip":"N","length_ft":306.2,"object_id":407}},{"type":"Feature","geometry":{"type":"LineString","coordinates":[[-87.78121376201851,41.87450447225505],[-87.78115119535958,41.872678555665374]]},"properties":{"alley_id":"520","alley_name":"ALLEY 520","section_id":"00","pid":"ALLEYS::520::00","from_street":"Van Buren St","to_street":"Harrison St","surface":"AC","width_ft":14,"slab_length_ft":0,"slab_width_ft":0,"construction_date":"1973-06-01","construction_year":1973,"general_condition":"","pci_2022_2023":36,"pci_2024":36,"pci_change":0,"pci_2024_band":"0-39","scheduled_build_year":null,"in_2026_cip":"N","length_ft":665.6,"object_id":408}},{"type":"Feature","geometry":{"type":"LineString","coordinates":[[-87.78127870043728,41.87633020786553],[-87.78121376201851,41.87450447225505]]},"properties":{"alley_id":"521","alley_name":"ALLEY 521","section_id":"00","pid":"ALLEYS::521::00","from_street":"Jackson Blvd","to_street":"Van Buren St","surface":"AC","width_ft":14,"slab_length_ft":0,"slab_width_ft":0,"construction_date":"1974-06-01","construction_year":1974,"general_condition":"","pci_2022_2023":30,"pci_2024":30,"pci_change":0,"pci_2024_band":"0-39","scheduled_build_year":2027,"in_2026_cip":"N","length_ft":665.5,"object_id":409}},{"type":"Feature","geometry":{"type":"LineString","coordinates":[[-87.7800027429717,41.87452282078425],[-87.78006562251804,41.87634917825487]]},"properties":{"alley_id":"518","alley_name":"ALLEY 518","section_id":"00","pid":"ALLEYS::518::00","from_street":"Jackson Blvd","to_street":"Van Buren St","surface":"PCC","width_ft":20,"slab_length_ft":12,"slab_width_ft":8,"construction_date":"2018-06-01","construction_year":2018,"general_condition":"","pci_2022_2023":91,"pci_2024":91,"pci_change":0,"pci_2024_band":"80-100","scheduled_build_year":null,"in_2026_cip":"N","length_ft":665.8,"object_id":410}},{"type":"Feature","geometry":{"type":"LineString","coordinates":[[-87.77879861512399,41.87637092130056],[-87.77873667926637,41.87454157679996]]},"properties":{"alley_id":"513","alley_name":"ALLEY 513","section_id":"00","pid":"ALLEYS::513::00","from_street":"Jackson Blvd","to_street":"Van Buren St","surface":"PCC","width_ft":16,"slab_length_ft":12,"slab_width_ft":8,"construction_date":"1966-06-01","construction_year":1966,"general_condition":"","pci_2022_2023":97,"pci_2024":97,"pci_change":0,"pci_2024_band":"80-100","scheduled_build_year":null,"in_2026_cip":"N","length_ft":666.8,"object_id":411}},{"type":"Feature","geometry":{"type":"LineString","coordinates":[[-87.77764817258955,41.87818765452736],[-87.77758641205607,41.87639039102186]]},"properties":{"alley_id":"509","alley_name":"ALLEY 509","section_id":"00","pid":"ALLEYS::509::00","from_street":"Adams St","to_street":"Jackson Blvd","surface":"PCC","width_ft":16,"slab_length_ft":15,"slab_width_ft":8,"construction_date":"2017-06-01","construction_year":2017,"general_condition":"","pci_2022_2023":96,"pci_2024":96,"pci_change":0,"pci_2024_band":"80-100","scheduled_build_year":null,"in_2026_cip":"N","length_ft":655.1,"object_id":412}},{"type":"Feature","geometry":{"type":"LineString","coordinates":[[-87.77758641205607,41.87639039102186],[-87.77751910581561,41.874559757641585]]},"properties":{"alley_id":"510","alley_name":"ALLEY 510","section_id":"00","pid":"ALLEYS::510::00","from_street":"Jackson Blvd","to_street":"Van Buren St","surface":"AC","width_ft":16,"slab_length_ft":0,"slab_width_ft":0,"construction_date":"1976-06-01","construction_year":1976,"general_condition":"","pci_2022_2023":50,"pci_2024":50,"pci_change":0,"pci_2024_band":"40-59","scheduled_build_year":null,"in_2026_cip":"N","length_ft":667.3,"object_id":413}},{"type":"Feature","geometry":{"type":"LineString","coordinates":[[-87.77886141416232,41.878168903187486],[-87.77879861512399,41.87637092130056]]},"properties":{"alley_id":"514","alley_name":"ALLEY 514","section_id":"00","pid":"ALLEYS::514::00","from_street":"Adams St","to_street":"Jackson Blvd","surface":"PCC","width_ft":16,"slab_length_ft":18,"slab_width_ft":8,"construction_date":"2017-06-01","construction_year":2017,"general_condition":"","pci_2022_2023":92,"pci_2024":92,"pci_change":0,"pci_2024_band":"80-100","scheduled_build_year":null,"in_2026_cip":"N","length_ft":655.4,"object_id":414}},{"type":"Feature","geometry":{"type":"LineString","coordinates":[[-87.77644800731353,41.87820601799005],[-87.77638455273056,41.87640891043272]]},"properties":{"alley_id":"506","alley_name":"ALLEY 506","section_id":"00","pid":"ALLEYS::506::00","from_street":"Adams St","to_street":"Jackson Blvd","surface":"PCC","width_ft":15,"slab_length_ft":12,"slab_width_ft":8,"construction_date":"2015-06-01","construction_year":2015,"general_condition":"","pci_2022_2023":95,"pci_2024":95,"pci_change":0,"pci_2024_band":"80-100","scheduled_build_year":null,"in_2026_cip":"N","length_ft":655.1,"object_id":415}},{"type":"Feature","geometry":{"type":"LineString","coordinates":[[-87.77637640074268,41.87640903566124],[-87.77630955778965,41.87457758005139]]},"properties":{"alley_id":"505","alley_name":"ALLEY 505","section_id":"00","pid":"ALLEYS::505::00","from_street":"Jackson Blvd","to_street":"Van Buren St","surface":"AC","width_ft":15,"slab_length_ft":0,"slab_width_ft":0,"construction_date":"1977-06-01","construction_year":1977,"general_condition":"","pci_2022_2023":48,"pci_2024":48,"pci_change":0,"pci_2024_band":"40-59","scheduled_build_year":null,"in_2026_cip":"N","length_ft":667.6,"object_id":416}},{"type":"Feature","geometry":{"type":"LineString","coordinates":[[-87.77516805698053,41.87642992561385],[-87.77509856405706,41.87459686555985]]},"properties":{"alley_id":"502","alley_name":"ALLEY 502","section_id":"00","pid":"ALLEYS::502::00","from_street":"Jackson Blvd","to_street":"Van Buren St","surface":"PCC","width_ft":18,"slab_length_ft":12,"slab_width_ft":6,"construction_date":"2006-06-01","construction_year":2006,"general_condition":"","pci_2022_2023":85,"pci_2024":86,"pci_change":1,"pci_2024_band":"80-100","scheduled_build_year":null,"in_2026_cip":"N","length_ft":668.2,"object_id":417}},{"type":"Feature","geometry":{"type":"LineString","coordinates":[[-87.77523114357952,41.87822733362256],[-87.77516232775177,41.87643003462061]]},"properties":{"alley_id":"501","alley_name":"ALLEY 501","section_id":"00","pid":"ALLEYS::501::00","from_street":"Adams St","to_street":"Jackson Blvd","surface":"PCC","width_ft":18,"slab_length_ft":10,"slab_width_ft":6,"construction_date":"2003-06-01","construction_year":2003,"general_condition":"","pci_2022_2023":89,"pci_2024":89,"pci_change":0,"pci_2024_band":"80-100","scheduled_build_year":null,"in_2026_cip":"N","length_ft":655.2,"object_id":418}},{"type":"Feature","geometry":{"type":"LineString","coordinates":[[-87.78006562251804,41.87634917825487],[-87.78012723426572,41.878148278308274]]},"properties":{"alley_id":"517","alley_name":"ALLEY 517","section_id":"00","pid":"ALLEYS::517::00","from_street":"Adams St","to_street":"Jackson Blvd","surface":"PCC","width_ft":16,"slab_length_ft":16,"slab_width_ft":6,"construction_date":"2012-06-01","construction_year":2012,"general_condition":"","pci_2022_2023":87,"pci_2024":87,"pci_change":0,"pci_2024_band":"80-100","scheduled_build_year":null,"in_2026_cip":"N","length_ft":655.8,"object_id":419}},{"type":"Feature","geometry":{"type":"LineString","coordinates":[[-87.78134069850752,41.87812686653905],[-87.78127870043728,41.87633020786553]]},"properties":{"alley_id":"522","alley_name":"ALLEY 522","section_id":"00","pid":"ALLEYS::522::00","from_street":"Adams St","to_street":"Jackson Blvd","surface":"PCC","width_ft":14,"slab_length_ft":33,"slab_width_ft":10,"construction_date":"1900-01-01","construction_year":1900,"general_condition":"","pci_2022_2023":9,"pci_2024":27,"pci_change":18,"pci_2024_band":"0-39","scheduled_build_year":null,"in_2026_cip":"N","length_ft":654.9,"object_id":420}},{"type":"Feature","geometry":{"type":"LineString","coordinates":[[-87.78255813954259,41.87810620290161],[-87.78249812936927,41.876311446896175]]},"properties":{"alley_id":"525","alley_name":"ALLEY 525","section_id":"00","pid":"ALLEYS::525::00","from_street":"Adams St","to_street":"Jackson Blvd","surface":"PCC","width_ft":16,"slab_length_ft":33,"slab_width_ft":16,"construction_date":"1922-06-01","construction_year":1922,"general_condition":"","pci_2022_2023":10,"pci_2024":26,"pci_change":16,"pci_2024_band":"0-39","scheduled_build_year":2025,"in_2026_cip":"N","length_ft":654.2,"object_id":421}},{"type":"Feature","geometry":{"type":"LineString","coordinates":[[-87.77954018808965,41.87951631299697],[-87.7801720680795,41.87950453956252],[-87.78077849578735,41.87949382054223]]},"properties":{"alley_id":"516-N","alley_name":"ALLEY 516-N","section_id":"00","pid":"ALLEYS::516-N::00","from_street":"S Harvey Ave","to_street":"S Lombard Ave","surface":"PCC","width_ft":14,"slab_length_ft":33,"slab_width_ft":14,"construction_date":"1900-01-01","construction_year":1900,"general_condition":"","pci_2022_2023":15,"pci_2024":29,"pci_change":14,"pci_2024_band":"0-39","scheduled_build_year":2029,"in_2026_cip":"N","length_ft":337.3,"object_id":422}},{"type":"Feature","geometry":{"type":"LineString","coordinates":[[-87.7801720680795,41.87950453956252],[-87.78012723426572,41.878148278308274]]},"properties":{"alley_id":"516","alley_name":"ALLEY 516","section_id":"00","pid":"ALLEYS::516::00","from_street":"Alley 516 N","to_street":"Adams St","surface":"PCC","width_ft":16,"slab_length_ft":33,"slab_width_ft":10,"construction_date":"1924-06-01","construction_year":1924,"general_condition":"","pci_2022_2023":13,"pci_2024":36,"pci_change":23,"pci_2024_band":"0-39","scheduled_build_year":2029,"in_2026_cip":"N","length_ft":494.4,"object_id":423}},{"type":"Feature","geometry":{"type":"LineString","coordinates":[[-87.77770500698067,41.87990764234894],[-87.77765662952154,41.878234263021206]]},"properties":{"alley_id":"508","alley_name":"ALLEY 508","section_id":"00","pid":"ALLEYS::508::00","from_street":"Madison St","to_street":"Adams St","surface":"PCC","width_ft":20,"slab_length_ft":33,"slab_width_ft":20,"construction_date":"1900-01-01","construction_year":1900,"general_condition":"","pci_2022_2023":18,"pci_2024":34,"pci_change":16,"pci_2024_band":"0-39","scheduled_build_year":null,"in_2026_cip":"N","length_ft":609.9,"object_id":424}},{"type":"Feature","geometry":{"type":"LineString","coordinates":[[-87.776511250633,41.88006583014585],[-87.77644800731353,41.87820601799005]]},"properties":{"alley_id":"507","alley_name":"ALLEY 507","section_id":"00","pid":"ALLEYS::507::00","from_street":"Madison St","to_street":"Adams St","surface":"PCC","width_ft":14,"slab_length_ft":15,"slab_width_ft":5,"construction_date":"2014-06-01","construction_year":2014,"general_condition":"","pci_2022_2023":93,"pci_2024":93,"pci_change":0,"pci_2024_band":"80-100","scheduled_build_year":null,"in_2026_cip":"N","length_ft":677.9,"object_id":425}},{"type":"Feature","geometry":{"type":"LineString","coordinates":[[-87.77464387614334,41.87956444227541],[-87.77588828415105,41.879545488652845]]},"properties":{"alley_id":"500-N","alley_name":"ALLEY 500-N","section_id":"00","pid":"ALLEYS::500-N::00","from_street":"S Humphrey Ave","to_street":"S Austin Blvd","surface":"AC","width_ft":16,"slab_length_ft":0,"slab_width_ft":0,"construction_date":"1977-06-01","construction_year":1977,"general_condition":"","pci_2022_2023":49,"pci_2024":49,"pci_change":0,"pci_2024_band":"40-59","scheduled_build_year":null,"in_2026_cip":"N","length_ft":339.0,"object_id":426}},{"type":"Feature","geometry":{"type":"LineString","coordinates":[[-87.77528352475652,41.879554708888584],[-87.77523114357952,41.87822733362256]]},"properties":{"alley_id":"500","alley_name":"ALLEY 500","section_id":"00","pid":"ALLEYS::500::00","from_street":"Alley 500 N","to_street":"Adams St","surface":"PCC","width_ft":18,"slab_length_ft":10,"slab_width_ft":6,"construction_date":"2003-06-01","construction_year":2003,"general_condition":"","pci_2022_2023":81,"pci_2024":82,"pci_change":1,"pci_2024_band":"80-100","scheduled_build_year":null,"in_2026_cip":"N","length_ft":483.9,"object_id":427}},{"type":"Feature","geometry":{"type":"LineString","coordinates":[[-87.7832180785298,41.87945374743964],[-87.78444350046853,41.87943447330111]]},"properties":{"alley_id":"530-N","alley_name":"ALLEY 530-N","section_id":"00","pid":"ALLEYS::530-N::00","from_street":"S Ridgeland Ave","to_street":"S Cuyler Ave","surface":"AC","width_ft":14,"slab_length_ft":0,"slab_width_ft":0,"construction_date":"1975-06-01","construction_year":1975,"general_condition":"","pci_2022_2023":45,"pci_2024":100,"pci_change":55,"pci_2024_band":"80-100","scheduled_build_year":null,"in_2026_cip":"N","length_ft":333.8,"object_id":428}},{"type":"Feature","geometry":{"type":"LineString","coordinates":[[-87.78383246071445,41.87944409299127],[-87.78378574829652,41.87809010193985]]},"properties":{"alley_id":"530","alley_name":"ALLEY 530","section_id":"00","pid":"ALLEYS::530::00","from_street":"Alley 530 N","to_street":"Adams St","surface":"AC","width_ft":16,"slab_length_ft":0,"slab_width_ft":0,"construction_date":"1975-06-01","construction_year":1975,"general_condition":"","pci_2022_2023":5,"pci_2024":100,"pci_change":95,"pci_2024_band":"80-100","scheduled_build_year":null,"in_2026_cip":"N","length_ft":493.6,"object_id":429}},{"type":"Feature","geometry":{"type":"LineString","coordinates":[[-87.78198878865254,41.87948717754416],[-87.78260379836443,41.879477176146665],[-87.78321854989147,41.87946719632837]]},"properties":{"alley_id":"524-N","alley_name":"ALLEY 524-N","section_id":"00","pid":"ALLEYS::524-N::00","from_street":"S Cuyler Ave","to_street":"S Highland Ave","surface":"PCC","width_ft":18,"slab_length_ft":10,"slab_width_ft":6,"construction_date":"2006-06-01","construction_year":2006,"general_condition":"","pci_2022_2023":92,"pci_2024":92,"pci_change":0,"pci_2024_band":"80-100","scheduled_build_year":null,"in_2026_cip":"N","length_ft":335.0,"object_id":430}},{"type":"Feature","geometry":{"type":"LineString","coordinates":[[-87.78260379836443,41.879477176146665],[-87.78255813954259,41.87810620290161]]},"properties":{"alley_id":"524","alley_name":"ALLEY 524","section_id":"00","pid":"ALLEYS::524::00","from_street":"Alley 524 N","to_street":"Adams St","surface":"PCC","width_ft":18,"slab_length_ft":10,"slab_width_ft":6,"construction_date":"2006-06-01","construction_year":2006,"general_condition":"","pci_2022_2023":93,"pci_2024":93,"pci_change":0,"pci_2024_band":"80-100","scheduled_build_year":null,"in_2026_cip":"N","length_ft":499.7,"object_id":431}},{"type":"Feature","geometry":{"type":"LineString","coordinates":[[-87.78505939091083,41.87943620254053],[-87.78501475648416,41.87809935181785]]},"properties":{"alley_id":"531","alley_name":"ALLEY 531","section_id":"05","pid":"ALLEYS::531::05","from_street":"North End","to_street":"Adams St","surface":"PCC","width_ft":14,"slab_length_ft":15,"slab_width_ft":6,"construction_date":"2013-06-01","construction_year":2013,"general_condition":"","pci_2022_2023":98,"pci_2024":98,"pci_change":0,"pci_2024_band":"80-100","scheduled_build_year":null,"in_2026_cip":"N","length_ft":487.3,"object_id":432}},{"type":"Feature","geometry":{"type":"LineString","coordinates":[[-87.78627500737636,41.87936203291844],[-87.78623890774794,41.87807751434821]]},"properties":{"alley_id":"538","alley_name":"ALLEY 538","section_id":"05","pid":"ALLEYS::538::05","from_street":"Madison St","to_street":"Adams St","surface":"PCC","width_ft":15,"slab_length_ft":10,"slab_width_ft":8,"construction_date":"2010-06-01","construction_year":2010,"general_condition":"","pci_2022_2023":95,"pci_2024":95,"pci_change":0,"pci_2024_band":"80-100","scheduled_build_year":null,"in_2026_cip":"N","length_ft":468.2,"object_id":433}},{"type":"Feature","geometry":{"type":"LineString","coordinates":[[-87.78138924346547,41.87948366649034],[-87.78134069850752,41.87812686653905]]},"properties":{"alley_id":"523","alley_name":"ALLEY 523","section_id":"00","pid":"ALLEYS::523::00","from_street":"Alley 523 N","to_street":"Adams St","surface":"PCC","width_ft":14,"slab_length_ft":33,"slab_width_ft":14,"construction_date":"1922-06-01","construction_year":1922,"general_condition":"","pci_2022_2023":13,"pci_2024":33,"pci_change":20,"pci_2024_band":"0-39","scheduled_build_year":null,"in_2026_cip":"N","length_ft":494.6,"object_id":434}},{"type":"Feature","geometry":{"type":"LineString","coordinates":[[-87.78138924346547,41.87948366649034],[-87.78198835720558,41.87947317963283]]},"properties":{"alley_id":"523-N","alley_name":"ALLEY 523-N","section_id":"00","pid":"ALLEYS::523-N::00","from_street":"S Highland Ave","to_street":"Alley 523","surface":"PCC","width_ft":14,"slab_length_ft":33,"slab_width_ft":14,"construction_date":"1900-01-01","construction_year":1900,"general_condition":"","pci_2022_2023":8,"pci_2024":100,"pci_change":92,"pci_2024_band":"80-100","scheduled_build_year":null,"in_2026_cip":"N","length_ft":163.2,"object_id":435}},{"type":"Feature","geometry":{"type":"LineString","coordinates":[[-87.79178881736397,41.879278057470124],[-87.79241954309997,41.87926548371673],[-87.79301447928323,41.87925464144591]]},"properties":{"alley_id":"555-N","alley_name":"ALLEY 555-N","section_id":"00","pid":"ALLEYS::555-N::00","from_street":"S Euclid Ave","to_street":"Wesley Ave","surface":"PCC","width_ft":15,"slab_length_ft":10,"slab_width_ft":8,"construction_date":"2022-05-01","construction_year":2022,"general_condition":"","pci_2022_2023":100,"pci_2024":100,"pci_change":0,"pci_2024_band":"80-100","scheduled_build_year":null,"in_2026_cip":"N","length_ft":333.9,"object_id":436}},{"type":"Feature","geometry":{"type":"LineString","coordinates":[[-87.79241954309997,41.87926548371673],[-87.7923568672654,41.87797168522801]]},"properties":{"alley_id":"555","alley_name":"ALLEY 555","section_id":"00","pid":"ALLEYS::555::00","from_street":"Alley 555 N","to_street":"Adams St","surface":"PCC","width_ft":16,"slab_length_ft":33,"slab_width_ft":16,"construction_date":"1922-06-01","construction_year":1922,"general_condition":"","pci_2022_2023":17,"pci_2024":37,"pci_change":20,"pci_2024_band":"0-39","scheduled_build_year":null,"in_2026_cip":"N","length_ft":471.8,"object_id":437}},{"type":"Feature","geometry":{"type":"LineString","coordinates":[[-87.7923568672654,41.87797168522801],[-87.79229345628218,41.87614714357303]]},"properties":{"alley_id":"556","alley_name":"ALLEY 556","section_id":"00","pid":"ALLEYS::556::00","from_street":"Adams St","to_street":"Jackson Blvd","surface":"PCC","width_ft":16,"slab_length_ft":33,"slab_width_ft":16,"construction_date":"1924-06-01","construction_year":1924,"general_condition":"","pci_2022_2023":13,"pci_2024":33,"pci_change":20,"pci_2024_band":"0-39","scheduled_build_year":null,"in_2026_cip":"N","length_ft":665.1,"object_id":438}},{"type":"Feature","geometry":{"type":"LineString","coordinates":[[-87.79113436169092,41.877992703449934],[-87.79106983315604,41.876167524749214]]},"properties":{"alley_id":"553","alley_name":"ALLEY 553","section_id":"00","pid":"ALLEYS::553::00","from_street":"Adams St","to_street":"Jackson Blvd","surface":"PCC","width_ft":18,"slab_length_ft":15,"slab_width_ft":6,"construction_date":"2013-06-01","construction_year":2013,"general_condition":"","pci_2022_2023":92,"pci_2024":92,"pci_change":0,"pci_2024_band":"80-100","scheduled_build_year":null,"in_2026_cip":"N","length_ft":665.3,"object_id":439}},{"type":"Feature","geometry":{"type":"LineString","coordinates":[[-87.78991097246927,41.87801384222763],[-87.78984793911533,41.876187489611596]]},"properties":{"alley_id":"548","alley_name":"ALLEY 548","section_id":"00","pid":"ALLEYS::548::00","from_street":"Adams St","to_street":"Jackson Blvd","surface":"AC","width_ft":16,"slab_length_ft":0,"slab_width_ft":0,"construction_date":"1980-06-01","construction_year":1980,"general_condition":"","pci_2022_2023":38,"pci_2024":38,"pci_change":0,"pci_2024_band":"0-39","scheduled_build_year":null,"in_2026_cip":"N","length_ft":665.8,"object_id":440}},{"type":"Feature","geometry":{"type":"LineString","coordinates":[[-87.78995560306527,41.879312277106166],[-87.78991097246927,41.87801384222763]]},"properties":{"alley_id":"547","alley_name":"ALLEY 547","section_id":"00","pid":"ALLEYS::547::00","from_street":"Alley 547 N","to_street":"Adams St","surface":"PCC","width_ft":16,"slab_length_ft":33,"slab_width_ft":16,"construction_date":"1922-06-01","construction_year":1922,"general_condition":"","pci_2022_2023":16,"pci_2024":33,"pci_change":17,"pci_2024_band":"0-39","scheduled_build_year":null,"in_2026_cip":"N","length_ft":473.3,"object_id":441}},{"type":"Feature","geometry":{"type":"LineString","coordinates":[[-87.7886876884735,41.87803540783781],[-87.78862597264455,41.876209513720305]]},"properties":{"alley_id":"545","alley_name":"ALLEY 545","section_id":"00","pid":"ALLEYS::545::00","from_street":"Adams St","to_street":"Jackson Blvd","surface":"PCC","width_ft":15,"slab_length_ft":15,"slab_width_ft":8,"construction_date":"2017-06-01","construction_year":2017,"general_condition":"","pci_2022_2023":93,"pci_2024":93,"pci_change":0,"pci_2024_band":"80-100","scheduled_build_year":null,"in_2026_cip":"N","length_ft":665.6,"object_id":442}},{"type":"Feature","geometry":{"type":"LineString","coordinates":[[-87.78873150720302,41.87933147950707],[-87.7886876884735,41.87803540783781]]},"properties":{"alley_id":"546","alley_name":"ALLEY 546","section_id":"00","pid":"ALLEYS::546::00","from_street":"Alley 546 N","to_street":"Adams St","surface":"PCC","width_ft":15,"slab_length_ft":33,"slab_width_ft":15,"construction_date":"1925-06-01","construction_year":1925,"general_condition":"","pci_2022_2023":16,"pci_2024":33,"pci_change":17,"pci_2024_band":"0-39","scheduled_build_year":2025,"in_2026_cip":"N","length_ft":472.4,"object_id":443}},{"type":"Feature","geometry":{"type":"LineString","coordinates":[[-87.78746283549343,41.87805579961769],[-87.78740132162933,41.87623178576812]]},"properties":{"alley_id":"540","alley_name":"ALLEY 540","section_id":"00","pid":"ALLEYS::540::00","from_street":"Adams St","to_street":"Jackson Blvd","surface":"PCC","width_ft":15,"slab_length_ft":33,"slab_width_ft":15,"construction_date":"1924-06-01","construction_year":1924,"general_condition":"","pci_2022_2023":19,"pci_2024":35,"pci_change":16,"pci_2024_band":"0-39","scheduled_build_year":null,"in_2026_cip":"N","length_ft":664.9,"object_id":444}},{"type":"Feature","geometry":{"type":"LineString","coordinates":[[-87.78752498921418,41.87935193185194],[-87.78746283549343,41.87805579961769]]},"properties":{"alley_id":"539","alley_name":"ALLEY 539","section_id":"00","pid":"ALLEYS::539::00","from_street":"Alley 539 N","to_street":"Adams St","surface":"PCC","width_ft":15,"slab_length_ft":33,"slab_width_ft":15,"construction_date":"1924-06-01","construction_year":1924,"general_condition":"","pci_2022_2023":13,"pci_2024":35,"pci_change":22,"pci_2024_band":"0-39","scheduled_build_year":null,"in_2026_cip":"N","length_ft":472.6,"object_id":445}},{"type":"Feature","geometry":{"type":"LineString","coordinates":[[-87.78690906064543,41.87936225685128],[-87.78811869891278,41.87934199055469]]},"properties":{"alley_id":"539-N","alley_name":"ALLEY 539-N","section_id":"00","pid":"ALLEYS::539-N::00","from_street":"S Scoville Ave","to_street":"Gunderson Ave","surface":"PCC","width_ft":15,"slab_length_ft":33,"slab_width_ft":15,"construction_date":"1900-01-01","construction_year":1900,"general_condition":"","pci_2022_2023":18,"pci_2024":31,"pci_change":13,"pci_2024_band":"0-39","scheduled_build_year":null,"in_2026_cip":"N","length_ft":329.5,"object_id":446}},{"type":"Feature","geometry":{"type":"LineString","coordinates":[[-87.78811869891278,41.87934199055469],[-87.78873150720302,41.87933147950707],[-87.78934391153378,41.879320989385434]]},"properties":{"alley_id":"546-N","alley_name":"ALLEY 546-N","section_id":"00","pid":"ALLEYS::546-N::00","from_street":"S East Ave","to_street":"S Scoville Ave","surface":"PCC","width_ft":15,"slab_length_ft":33,"slab_width_ft":15,"construction_date":"1900-01-01","construction_year":1900,"general_condition":"","pci_2022_2023":17,"pci_2024":33,"pci_change":16,"pci_2024_band":"0-39","scheduled_build_year":2025,"in_2026_cip":"N","length_ft":333.8,"object_id":447}},{"type":"Feature","geometry":{"type":"LineString","coordinates":[[-87.78934391153378,41.879320989385434],[-87.78995560306527,41.879312277106166],[-87.79056791988951,41.87930339976075]]},"properties":{"alley_id":"547-N","alley_name":"ALLEY 547-N","section_id":"00","pid":"ALLEYS::547-N::00","from_street":"Clarence Ave","to_street":"S East Ave","surface":"PCC","width_ft":15,"slab_length_ft":33,"slab_width_ft":15,"construction_date":"1900-01-01","construction_year":1900,"general_condition":"","pci_2022_2023":8,"pci_2024":22,"pci_change":14,"pci_2024_band":"0-39","scheduled_build_year":null,"in_2026_cip":"N","length_ft":333.4,"object_id":448}},{"type":"Feature","geometry":{"type":"LineString","coordinates":[[-87.79056791988951,41.87930339976075],[-87.79119753008848,41.87929044840295],[-87.79178881736397,41.879278057470124]]},"properties":{"alley_id":"554-N","alley_name":"ALLEY 554-N","section_id":"00","pid":"ALLEYS::554-N::00","from_street":"Wesley Ave","to_street":"Clarence Ave","surface":"PP","width_ft":16,"slab_length_ft":0,"slab_width_ft":0,"construction_date":"2014-06-01","construction_year":2014,"general_condition":"FAIR","pci_2022_2023":null,"pci_2024":100,"pci_change":null,"pci_2024_band":"80-100","scheduled_build_year":null,"in_2026_cip":"N","length_ft":332.6,"object_id":449}},{"type":"Feature","geometry":{"type":"LineString","coordinates":[[-87.79810877868698,41.87970383236835],[-87.79805892065275,41.87828600138401]]},"properties":{"alley_id":"579","alley_name":"ALLEY 579","section_id":"00","pid":"ALLEYS::579::00","from_street":"Madison St","to_street":"Monroe Ave","surface":"PCC","width_ft":16,"slab_length_ft":12,"slab_width_ft":8,"construction_date":"2015-06-01","construction_year":2015,"general_condition":"","pci_2022_2023":99,"pci_2024":99,"pci_change":0,"pci_2024_band":"80-100","scheduled_build_year":null,"in_2026_cip":"N","length_ft":516.8,"object_id":450}},{"type":"Feature","geometry":{"type":"LineString","coordinates":[[-87.79662128133926,41.878309752993786],[-87.79657266057264,41.87689291362063]]},"properties":{"alley_id":"573","alley_name":"ALLEY 573","section_id":"00","pid":"ALLEYS::573::00","from_street":"Monroe Ave","to_street":"Adams St","surface":"AC","width_ft":16,"slab_length_ft":0,"slab_width_ft":0,"construction_date":"1971-06-01","construction_year":1971,"general_condition":"","pci_2022_2023":20,"pci_2024":20,"pci_change":0,"pci_2024_band":"0-39","scheduled_build_year":null,"in_2026_cip":"N","length_ft":516.5,"object_id":451}},{"type":"Feature","geometry":{"type":"LineString","coordinates":[[-87.79662128133926,41.878309752993786],[-87.79667263382775,41.87972962271867]]},"properties":{"alley_id":"572","alley_name":"ALLEY 572","section_id":"00","pid":"ALLEYS::572::00","from_street":"Madison St","to_street":"Monroe Ave","surface":"AC","width_ft":16,"slab_length_ft":0,"slab_width_ft":0,"construction_date":"1978-06-01","construction_year":1978,"general_condition":"","pci_2022_2023":28,"pci_2024":28,"pci_change":0,"pci_2024_band":"0-39","scheduled_build_year":null,"in_2026_cip":"N","length_ft":517.6,"object_id":452}},{"type":"Feature","geometry":{"type":"LineString","coordinates":[[-87.7959059558353,41.8791930753716],[-87.79626315966861,41.879185855523595]]},"properties":{"alley_id":"571-W","alley_name":"ALLEY 571-W","section_id":"00","pid":"ALLEYS::571-W::00","from_street":"Carpenter Ave","to_street":"East End","surface":"AC","width_ft":18,"slab_length_ft":0,"slab_width_ft":0,"construction_date":"1900-01-01","construction_year":1900,"general_condition":"","pci_2022_2023":80,"pci_2024":80,"pci_change":0,"pci_2024_band":"80-100","scheduled_build_year":null,"in_2026_cip":"N","length_ft":97.3,"object_id":453}},{"type":"Feature","geometry":{"type":"LineString","coordinates":[[-87.79543831883005,41.87927006135575],[-87.79590835424504,41.87926183054465]]},"properties":{"alley_id":"571-E","alley_name":"ALLEY 571-E","section_id":"00","pid":"ALLEYS::571-E::00","from_street":"West End","to_street":"S Grove St","surface":"AC","width_ft":18,"slab_length_ft":0,"slab_width_ft":0,"construction_date":"1900-01-01","construction_year":1900,"general_condition":"","pci_2022_2023":85,"pci_2024":85,"pci_change":0,"pci_2024_band":"80-100","scheduled_build_year":null,"in_2026_cip":"N","length_ft":128.0,"object_id":454}},{"type":"Feature","geometry":{"type":"LineString","coordinates":[[-87.79424057871475,41.879292734881254],[-87.79485045229595,41.87928176504475],[-87.79543831883005,41.87927006135575]]},"properties":{"alley_id":"563-N","alley_name":"ALLEY 563-N","section_id":"00","pid":"ALLEYS::563-N::00","from_street":"S Grove St","to_street":"S Oak Park Ave","surface":"PCC","width_ft":15,"slab_length_ft":10,"slab_width_ft":10,"construction_date":"1900-01-01","construction_year":1900,"general_condition":"","pci_2022_2023":95,"pci_2024":95,"pci_change":0,"pci_2024_band":"80-100","scheduled_build_year":null,"in_2026_cip":"N","length_ft":326.3,"object_id":455}},{"type":"Feature","geometry":{"type":"LineString","coordinates":[[-87.79485045229595,41.87928176504475],[-87.79479942491088,41.87792859524927]]},"properties":{"alley_id":"563","alley_name":"ALLEY 563","section_id":"00","pid":"ALLEYS::563::00","from_street":"Alley 563 N","to_street":"Adams St","surface":"PCC","width_ft":16,"slab_length_ft":33,"slab_width_ft":16,"construction_date":"1923-06-01","construction_year":1923,"general_condition":"","pci_2022_2023":11,"pci_2024":21,"pci_change":10,"pci_2024_band":"0-39","scheduled_build_year":null,"in_2026_cip":"Y","length_ft":493.3,"object_id":456}},{"type":"Feature","geometry":{"type":"LineString","coordinates":[[-87.7949790123604,41.881613308692465],[-87.79490461007805,41.879763553407564]]},"properties":{"alley_id":"451","alley_name":"ALLEY 451","section_id":"00","pid":"ALLEYS::451::00","from_street":"Washington Blvd","to_street":"Madison St","surface":"PCC","width_ft":18,"slab_length_ft":12,"slab_width_ft":6,"construction_date":"1923-06-01","construction_year":1923,"general_condition":"","pci_2022_2023":88,"pci_2024":88,"pci_change":0,"pci_2024_band":"80-100","scheduled_build_year":null,"in_2026_cip":"N","length_ft":674.4,"object_id":457}},{"type":"Feature","geometry":{"type":"LineString","coordinates":[[-87.79363046393598,41.879249446531404],[-87.79358081307757,41.877949644271254]]},"properties":{"alley_id":"562","alley_name":"ALLEY 562","section_id":"00","pid":"ALLEYS::562::00","from_street":"Alley 562 N","to_street":"Adams St","surface":"PCC","width_ft":16,"slab_length_ft":33,"slab_width_ft":16,"construction_date":"1924-06-01","construction_year":1924,"general_condition":"","pci_2022_2023":33,"pci_2024":100,"pci_change":67,"pci_2024_band":"80-100","scheduled_build_year":null,"in_2026_cip":"N","length_ft":473.8,"object_id":458}},{"type":"Feature","geometry":{"type":"LineString","coordinates":[[-87.79358081307757,41.877949644271254],[-87.79354357705323,41.876898228469265]]},"properties":{"alley_id":"561","alley_name":"ALLEY 561","section_id":"00","pid":"ALLEYS::561::00","from_street":"Adams St","to_street":"South End","surface":"PCC","width_ft":16,"slab_length_ft":15,"slab_width_ft":8,"construction_date":"2010-06-01","construction_year":2010,"general_condition":"","pci_2022_2023":97,"pci_2024":97,"pci_change":0,"pci_2024_band":"80-100","scheduled_build_year":null,"in_2026_cip":"N","length_ft":383.3,"object_id":459}},{"type":"Feature","geometry":{"type":"LineString","coordinates":[[-87.79479942491088,41.87792859524927],[-87.79473813194019,41.87610149880019]]},"properties":{"alley_id":"564","alley_name":"ALLEY 564","section_id":"00","pid":"ALLEYS::564::00","from_street":"Adams St","to_street":"Jackson Blvd","surface":"PCC","width_ft":16,"slab_length_ft":33,"slab_width_ft":16,"construction_date":"1922-06-01","construction_year":1922,"general_condition":"","pci_2022_2023":15,"pci_2024":30,"pci_change":15,"pci_2024_band":"0-39","scheduled_build_year":null,"in_2026_cip":"N","length_ft":666.0,"object_id":460}},{"type":"Feature","geometry":{"type":"LineString","coordinates":[[-87.79301447928323,41.87925464144591],[-87.79363046393598,41.879249446531404],[-87.7942389337675,41.87924377006756]]},"properties":{"alley_id":"562-N","alley_name":"ALLEY 562-N","section_id":"00","pid":"ALLEYS::562-N::00","from_street":"S Oak Park Ave","to_street":"S Euclid Ave","surface":"PCC","width_ft":16,"slab_length_ft":33,"slab_width_ft":16,"construction_date":"1900-01-01","construction_year":1900,"general_condition":"","pci_2022_2023":9,"pci_2024":100,"pci_change":91,"pci_2024_band":"80-100","scheduled_build_year":null,"in_2026_cip":"N","length_ft":333.5,"object_id":461}},{"type":"Feature","geometry":{"type":"LineString","coordinates":[[-87.79636797118336,41.88341057263807],[-87.79630780925616,41.88157644510714]]},"properties":{"alley_id":"453","alley_name":"ALLEY 453","section_id":"00","pid":"ALLEYS::453::00","from_street":"Randolph St","to_street":"Washington Blvd","surface":"PCC","width_ft":20,"slab_length_ft":15,"slab_width_ft":10,"construction_date":"2012-06-01","construction_year":2012,"general_condition":"","pci_2022_2023":91,"pci_2024":91,"pci_change":0,"pci_2024_band":"80-100","scheduled_build_year":null,"in_2026_cip":"N","length_ft":668.6,"object_id":463}},{"type":"Feature","geometry":{"type":"LineString","coordinates":[[-87.79503261540788,41.88344131439853],[-87.7949790123604,41.881613308692465]]},"properties":{"alley_id":"450","alley_name":"ALLEY 450","section_id":"00","pid":"ALLEYS::450::00","from_street":"Randolph St","to_street":"Washington Blvd","surface":"PP","width_ft":16,"slab_length_ft":0,"slab_width_ft":0,"construction_date":"2014-06-01","construction_year":2014,"general_condition":"FAIR","pci_2022_2023":null,"pci_2024":100,"pci_change":null,"pci_2024_band":"80-100","scheduled_build_year":null,"in_2026_cip":"N","length_ft":666.3,"object_id":464}},{"type":"Feature","geometry":{"type":"LineString","coordinates":[[-87.79353249865676,41.883310835963165],[-87.79348226811234,41.881582490023355]]},"properties":{"alley_id":"445","alley_name":"ALLEY 445","section_id":"00","pid":"ALLEYS::445::00","from_street":"Randolph St","to_street":"Washington Blvd","surface":"AC","width_ft":15,"slab_length_ft":0,"slab_width_ft":0,"construction_date":"1971-06-01","construction_year":1971,"general_condition":"","pci_2022_2023":40,"pci_2024":40,"pci_change":0,"pci_2024_band":"40-59","scheduled_build_year":null,"in_2026_cip":"Y","length_ft":630.0,"object_id":465}},{"type":"Feature","geometry":{"type":"LineString","coordinates":[[-87.79190384158068,41.883336786038484],[-87.7918561251425,41.88159212267232]]},"properties":{"alley_id":"442","alley_name":"ALLEY 442","section_id":"00","pid":"ALLEYS::442::00","from_street":"Randolph St","to_street":"Washington Blvd","surface":"PP","width_ft":15,"slab_length_ft":0,"slab_width_ft":0,"construction_date":"2014-06-01","construction_year":2014,"general_condition":"FAIR","pci_2022_2023":null,"pci_2024":100,"pci_change":null,"pci_2024_band":"80-100","scheduled_build_year":null,"in_2026_cip":"N","length_ft":635.9,"object_id":466}},{"type":"Feature","geometry":{"type":"LineString","coordinates":[[-87.7917979297954,41.88032329045425],[-87.7918561251425,41.88159212267232]]},"properties":{"alley_id":"443","alley_name":"ALLEY 443","section_id":"00","pid":"ALLEYS::443::00","from_street":"Washington Blvd","to_street":"Alley 443 S","surface":"PCC","width_ft":16,"slab_length_ft":15,"slab_width_ft":6,"construction_date":"2014-06-01","construction_year":2014,"general_condition":"","pci_2022_2023":87,"pci_2024":87,"pci_change":0,"pci_2024_band":"80-100","scheduled_build_year":null,"in_2026_cip":"N","length_ft":462.6,"object_id":467}},{"type":"Feature","geometry":{"type":"LineString","coordinates":[[-87.79261156806777,41.88028992747364],[-87.7909875265975,41.88032631506708]]},"properties":{"alley_id":"443-S","alley_name":"ALLEY 443-S","section_id":"00","pid":"ALLEYS::443-S::00","from_street":"S Euclid Ave","to_street":"Wesley Ave","surface":"PCC","width_ft":15,"slab_length_ft":12,"slab_width_ft":5,"construction_date":"2015-06-01","construction_year":2015,"general_condition":"","pci_2022_2023":62,"pci_2024":62,"pci_change":0,"pci_2024_band":"60-79","scheduled_build_year":null,"in_2026_cip":"N","length_ft":442.5,"object_id":468}},{"type":"Feature","geometry":{"type":"LineString","coordinates":[[-87.79427188701965,41.88029491843472],[-87.79263116779471,41.880310421540464]]},"properties":{"alley_id":"444-S","alley_name":"ALLEY 444-S","section_id":"00","pid":"ALLEYS::444-S::00","from_street":"S Oak Park Ave","to_street":"S Euclid Ave","surface":"PCC","width_ft":16,"slab_length_ft":25,"slab_width_ft":16,"construction_date":"1900-01-01","construction_year":1900,"general_condition":"","pci_2022_2023":31,"pci_2024":38,"pci_change":7,"pci_2024_band":"0-39","scheduled_build_year":null,"in_2026_cip":"N","length_ft":446.8,"object_id":469}},{"type":"Feature","geometry":{"type":"LineString","coordinates":[[-87.79347900700529,41.881027687577024],[-87.79345374979258,41.880302656355255]]},"properties":{"alley_id":"444","alley_name":"ALLEY 444","section_id":"00","pid":"ALLEYS::444::00","from_street":"Alley 444 N","to_street":"Alley 444 S","surface":"PCC","width_ft":24,"slab_length_ft":15,"slab_width_ft":7,"construction_date":"2009-06-01","construction_year":2009,"general_condition":"","pci_2022_2023":86,"pci_2024":86,"pci_change":0,"pci_2024_band":"80-100","scheduled_build_year":null,"in_2026_cip":"N","length_ft":264.3,"object_id":470}},{"type":"Feature","geometry":{"type":"LineString","coordinates":[[-87.79265340137458,41.88104016820006],[-87.79361423220648,41.88102564284885]]},"properties":{"alley_id":"444-N","alley_name":"ALLEY 444-N","section_id":"00","pid":"ALLEYS::444-N::00","from_street":"Alley 444","to_street":"S Euclid Ave","surface":"PCC","width_ft":20,"slab_length_ft":12,"slab_width_ft":6,"construction_date":"2009-06-01","construction_year":2009,"general_condition":"","pci_2022_2023":97,"pci_2024":97,"pci_change":0,"pci_2024_band":"80-100","scheduled_build_year":null,"in_2026_cip":"N","length_ft":261.7,"object_id":471}},{"type":"Feature","geometry":{"type":"LineString","coordinates":[[-87.79693201728416,41.88021840575074],[-87.79560909985982,41.88025834999287]]},"properties":{"alley_id":"452-S","alley_name":"ALLEY 452-S","section_id":"00","pid":"ALLEYS::452-S::00","from_street":"S Kenilworth Ave","to_street":"S Grove Ave","surface":"BR","width_ft":16,"slab_length_ft":0,"slab_width_ft":0,"construction_date":"2009-06-01","construction_year":2009,"general_condition":"FAIR","pci_2022_2023":null,"pci_2024":100,"pci_change":null,"pci_2024_band":"80-100","scheduled_build_year":null,"in_2026_cip":"N","length_ft":360.6,"object_id":472}},{"type":"Feature","geometry":{"type":"LineString","coordinates":[[-87.79630780925616,41.88157644510714],[-87.79625515084804,41.880238842975665]]},"properties":{"alley_id":"452","alley_name":"ALLEY 452","section_id":"00","pid":"ALLEYS::452::00","from_street":"Washington Blvd","to_street":"Alley 452 S","surface":"AC","width_ft":16,"slab_length_ft":0,"slab_width_ft":0,"construction_date":"1974-06-01","construction_year":1974,"general_condition":"","pci_2022_2023":4,"pci_2024":4,"pci_change":0,"pci_2024_band":"0-39","scheduled_build_year":null,"in_2026_cip":"N","length_ft":487.6,"object_id":473}},{"type":"Feature","geometry":{"type":"LineString","coordinates":[[-87.79767464278412,41.880172695212075],[-87.79771416178906,41.8815349066725]]},"properties":{"alley_id":"459","alley_name":"ALLEY 459","section_id":"00","pid":"ALLEYS::459::00","from_street":"Washington Blvd","to_street":"459 S","surface":"PCC","width_ft":18,"slab_length_ft":12,"slab_width_ft":6,"construction_date":"2002-06-01","construction_year":2002,"general_condition":"","pci_2022_2023":93,"pci_2024":93,"pci_change":0,"pci_2024_band":"80-100","scheduled_build_year":null,"in_2026_cip":"N","length_ft":496.5,"object_id":474}},{"type":"Feature","geometry":{"type":"LineString","coordinates":[[-87.79840888294731,41.88015476683346],[-87.7969312562237,41.88019084987954]]},"properties":{"alley_id":"459-S","alley_name":"ALLEY 459-S","section_id":"00","pid":"ALLEYS::459-S::00","from_street":"Clinton Ave","to_street":"S Kenilworth Ave","surface":"PCC","width_ft":18,"slab_length_ft":10,"slab_width_ft":6,"construction_date":"2002-06-01","construction_year":2002,"general_condition":"","pci_2022_2023":92,"pci_2024":92,"pci_change":0,"pci_2024_band":"80-100","scheduled_build_year":null,"in_2026_cip":"N","length_ft":402.6,"object_id":475}},{"type":"Feature","geometry":{"type":"LineString","coordinates":[[-87.79919980901246,41.881500579559614],[-87.79913361098214,41.87968714434762]]},"properties":{"alley_id":"460","alley_name":"ALLEY 460","section_id":"00","pid":"ALLEYS::460::00","from_street":"Washington Blvd","to_street":"Madison St","surface":"PCC","width_ft":20,"slab_length_ft":15,"slab_width_ft":6,"construction_date":"2009-06-01","construction_year":2009,"general_condition":"","pci_2022_2023":86,"pci_2024":86,"pci_change":0,"pci_2024_band":"80-100","scheduled_build_year":null,"in_2026_cip":"N","length_ft":661.1,"object_id":476}},{"type":"Feature","geometry":{"type":"LineString","coordinates":[[-87.80333766330742,41.88672131451349],[-87.8032910926913,41.88543545952057]]},"properties":{"alley_id":"471","alley_name":"ALLEY 471","section_id":"00","pid":"ALLEYS::471::00","from_street":"South Blvd","to_street":"Pleasant St","surface":"PCC","width_ft":18,"slab_length_ft":12,"slab_width_ft":9,"construction_date":"1970-06-01","construction_year":1970,"general_condition":"","pci_2022_2023":97,"pci_2024":97,"pci_change":0,"pci_2024_band":"80-100","scheduled_build_year":null,"in_2026_cip":"N","length_ft":468.7,"object_id":477}},{"type":"Feature","geometry":{"type":"LineString","coordinates":[[-87.79646558207709,41.88685157855972],[-87.79642544597185,41.885149242548856]]},"properties":{"alley_id":"455","alley_name":"ALLEY 455","section_id":"00","pid":"ALLEYS::455::00","from_street":"South Blvd","to_street":"Pleasant St","surface":"PP","width_ft":15,"slab_length_ft":0,"slab_width_ft":0,"construction_date":"2014-06-01","construction_year":2014,"general_condition":"FAIR","pci_2022_2023":null,"pci_2024":100,"pci_change":null,"pci_2024_band":"80-100","scheduled_build_year":null,"in_2026_cip":"N","length_ft":620.4,"object_id":478}},{"type":"Feature","geometry":{"type":"LineString","coordinates":[[-87.79513868145776,41.88687286506603],[-87.79508398477849,41.88517457676227]]},"properties":{"alley_id":"448","alley_name":"ALLEY 448","section_id":"00","pid":"ALLEYS::448::00","from_street":"South Blvd","to_street":"Pleasant St","surface":"PCC","width_ft":20,"slab_length_ft":10,"slab_width_ft":6,"construction_date":"2002-06-01","construction_year":2002,"general_condition":"","pci_2022_2023":89,"pci_2024":89,"pci_change":0,"pci_2024_band":"80-100","scheduled_build_year":null,"in_2026_cip":"N","length_ft":619.0,"object_id":479}},{"type":"Feature","geometry":{"type":"LineString","coordinates":[[-87.79503261540788,41.88344131439853],[-87.79508398477849,41.88517457676227]]},"properties":{"alley_id":"449","alley_name":"ALLEY 449","section_id":"00","pid":"ALLEYS::449::00","from_street":"Pleasant St","to_street":"Randolph St","surface":"PCC","width_ft":18,"slab_length_ft":15,"slab_width_ft":6,"construction_date":"2012-06-01","construction_year":2012,"general_condition":"","pci_2022_2023":90,"pci_2024":90,"pci_change":0,"pci_2024_band":"80-100","scheduled_build_year":null,"in_2026_cip":"N","length_ft":631.8,"object_id":480}},{"type":"Feature","geometry":{"type":"LineString","coordinates":[[-87.79642544597185,41.885149242548856],[-87.79636797118336,41.88341057263807]]},"properties":{"alley_id":"454","alley_name":"ALLEY 454","section_id":"00","pid":"ALLEYS::454::00","from_street":"Pleasant St","to_street":"Randolph St","surface":"PCC","width_ft":16,"slab_length_ft":33,"slab_width_ft":16,"construction_date":"1925-06-01","construction_year":1925,"general_condition":"","pci_2022_2023":23,"pci_2024":31,"pci_change":8,"pci_2024_band":"0-39","scheduled_build_year":null,"in_2026_cip":"Y","length_ft":633.8,"object_id":481}},{"type":"Feature","geometry":{"type":"LineString","coordinates":[[-87.79358579778034,41.885058789950406],[-87.7936249926888,41.88631427702967]]},"properties":{"alley_id":"447","alley_name":"ALLEY 447","section_id":"00","pid":"ALLEYS::447::00","from_street":"Alley 447 N","to_street":"Pleasant St","surface":"AC","width_ft":15,"slab_length_ft":0,"slab_width_ft":0,"construction_date":"1991-06-01","construction_year":1991,"general_condition":"","pci_2022_2023":35,"pci_2024":35,"pci_change":0,"pci_2024_band":"0-39","scheduled_build_year":2026,"in_2026_cip":"N","length_ft":457.6,"object_id":482}},{"type":"Feature","geometry":{"type":"LineString","coordinates":[[-87.79445459981417,41.88630124107259],[-87.7936249926888,41.88631427702967],[-87.79280429850823,41.88632750020236]]},"properties":{"alley_id":"447-N","alley_name":"ALLEY 447-N","section_id":"00","pid":"ALLEYS::447-N::00","from_street":"S Oak Park Ave","to_street":"S Euclid Ave","surface":"BR","width_ft":19,"slab_length_ft":0,"slab_width_ft":0,"construction_date":"2015-06-01","construction_year":2015,"general_condition":"FAIR","pci_2022_2023":null,"pci_2024":100,"pci_change":null,"pci_2024_band":"80-100","scheduled_build_year":null,"in_2026_cip":"N","length_ft":449.5,"object_id":483}},{"type":"Feature","geometry":{"type":"LineString","coordinates":[[-87.79198968164812,41.886340691236384],[-87.7919554554195,41.88508344348632]]},"properties":{"alley_id":"440","alley_name":"ALLEY 440","section_id":"00","pid":"ALLEYS::440::00","from_street":"Alley 440 N","to_street":"Pleasant St","surface":"PCC","width_ft":15,"slab_length_ft":33,"slab_width_ft":15,"construction_date":"1924-06-01","construction_year":1924,"general_condition":"","pci_2022_2023":14,"pci_2024":30,"pci_change":16,"pci_2024_band":"0-39","scheduled_build_year":null,"in_2026_cip":"N","length_ft":458.2,"object_id":484}},{"type":"Feature","geometry":{"type":"LineString","coordinates":[[-87.79358579778034,41.885058789950406],[-87.79353249865676,41.883310835963165]]},"properties":{"alley_id":"446","alley_name":"ALLEY 446","section_id":"00","pid":"ALLEYS::446::00","from_street":"Pleasant St","to_street":"Randolph St","surface":"PCC","width_ft":15,"slab_length_ft":15,"slab_width_ft":8,"construction_date":"2017-06-01","construction_year":2017,"general_condition":"","pci_2022_2023":85,"pci_2024":85,"pci_change":0,"pci_2024_band":"80-100","scheduled_build_year":null,"in_2026_cip":"N","length_ft":637.1,"object_id":485}},{"type":"Feature","geometry":{"type":"LineString","coordinates":[[-87.7919554554195,41.88508344348632],[-87.79190384158068,41.883336786038484]]},"properties":{"alley_id":"441","alley_name":"ALLEY 441","section_id":"00","pid":"ALLEYS::441::00","from_street":"Pleasant St","to_street":"Randolph St","surface":"PCC","width_ft":15,"slab_length_ft":12,"slab_width_ft":8,"construction_date":"1972-06-01","construction_year":1972,"general_condition":"","pci_2022_2023":98,"pci_2024":98,"pci_change":0,"pci_2024_band":"80-100","scheduled_build_year":null,"in_2026_cip":"N","length_ft":636.6,"object_id":486}},{"type":"Feature","geometry":{"type":"LineString","coordinates":[[-87.79032450638964,41.885110163401706],[-87.79026685825943,41.88336583024242]]},"properties":{"alley_id":"438","alley_name":"ALLEY 438","section_id":"00","pid":"ALLEYS::438::00","from_street":"Pleasant St","to_street":"Randolph St","surface":"AC","width_ft":15,"slab_length_ft":0,"slab_width_ft":0,"construction_date":"1980-06-01","construction_year":1980,"general_condition":"","pci_2022_2023":37,"pci_2024":37,"pci_change":0,"pci_2024_band":"0-39","scheduled_build_year":2026,"in_2026_cip":"Y","length_ft":635.8,"object_id":487}},{"type":"Feature","geometry":{"type":"LineString","coordinates":[[-87.79036339259937,41.886368386189964],[-87.79032450638964,41.885110163401706]]},"properties":{"alley_id":"439","alley_name":"ALLEY 439","section_id":"00","pid":"ALLEYS::439::00","from_street":"Alley 439 N","to_street":"Pleasant St","surface":"PCC","width_ft":22,"slab_length_ft":15,"slab_width_ft":6,"construction_date":"2011-06-01","construction_year":2011,"general_condition":"","pci_2022_2023":97,"pci_2024":97,"pci_change":0,"pci_2024_band":"80-100","scheduled_build_year":null,"in_2026_cip":"N","length_ft":458.6,"object_id":488}},{"type":"Feature","geometry":{"type":"LineString","coordinates":[[-87.789551160088,41.88638076178914],[-87.79036339259937,41.886368386189964],[-87.79117555924945,41.8863550717794]]},"properties":{"alley_id":"439-N","alley_name":"ALLEY 439-N","section_id":"00","pid":"ALLEYS::439-N::00","from_street":"Wesley Ave","to_street":"S East Ave","surface":"PCC","width_ft":20,"slab_length_ft":10,"slab_width_ft":6,"construction_date":"2004-06-01","construction_year":2004,"general_condition":"","pci_2022_2023":89,"pci_2024":89,"pci_change":0,"pci_2024_band":"80-100","scheduled_build_year":null,"in_2026_cip":"N","length_ft":442.4,"object_id":489}},{"type":"Feature","geometry":{"type":"LineString","coordinates":[[-87.79280429850823,41.88632750020236],[-87.79198968164812,41.886340691236384],[-87.79117555924945,41.8863550717794]]},"properties":{"alley_id":"440-N","alley_name":"ALLEY 440-N","section_id":"00","pid":"ALLEYS::440-N::00","from_street":"S Euclid Ave","to_street":"Wesley Ave","surface":"PCC","width_ft":15,"slab_length_ft":10,"slab_width_ft":8,"construction_date":"2017-06-01","construction_year":2017,"general_condition":"","pci_2022_2023":95,"pci_2024":95,"pci_change":0,"pci_2024_band":"80-100","scheduled_build_year":null,"in_2026_cip":"N","length_ft":443.6,"object_id":490}},{"type":"Feature","geometry":{"type":"LineString","coordinates":[[-87.78791112853204,41.88640918074984],[-87.789551160088,41.88638076178914]]},"properties":{"alley_id":"432-N","alley_name":"ALLEY 432-N","section_id":"00","pid":"ALLEYS::432-N::00","from_street":"S East Ave","to_street":"S Scoville Ave","surface":"AC","width_ft":15,"slab_length_ft":0,"slab_width_ft":0,"construction_date":"1976-06-01","construction_year":1976,"general_condition":"","pci_2022_2023":20,"pci_2024":20,"pci_change":0,"pci_2024_band":"0-39","scheduled_build_year":2029,"in_2026_cip":"N","length_ft":446.7,"object_id":491}},{"type":"Feature","geometry":{"type":"LineString","coordinates":[[-87.78872565362593,41.88639507195615],[-87.78868667572064,41.88513837700393]]},"properties":{"alley_id":"432","alley_name":"ALLEY 432","section_id":"00","pid":"ALLEYS::432::00","from_street":"Alley 432 N","to_street":"Pleasant St","surface":"AC","width_ft":15,"slab_length_ft":0,"slab_width_ft":0,"construction_date":"1976-06-01","construction_year":1976,"general_condition":"","pci_2022_2023":22,"pci_2024":22,"pci_change":0,"pci_2024_band":"0-39","scheduled_build_year":2029,"in_2026_cip":"N","length_ft":458.1,"object_id":492}},{"type":"Feature","geometry":{"type":"LineString","coordinates":[[-87.7870914244895,41.886423296045564],[-87.78791112853204,41.88640918074984]]},"properties":{"alley_id":"431-N","alley_name":"ALLEY 431-N","section_id":"00","pid":"ALLEYS::431-N::00","from_street":"S Scoville Ave","to_street":"Alley 431","surface":"PCC","width_ft":12,"slab_length_ft":12,"slab_width_ft":5,"construction_date":"2009-06-01","construction_year":2009,"general_condition":"","pci_2022_2023":93,"pci_2024":93,"pci_change":0,"pci_2024_band":"80-100","scheduled_build_year":null,"in_2026_cip":"N","length_ft":223.3,"object_id":493}},{"type":"Feature","geometry":{"type":"LineString","coordinates":[[-87.78704532438529,41.885165872538465],[-87.7870914244895,41.886423296045564]]},"properties":{"alley_id":"431","alley_name":"ALLEY 431","section_id":"00","pid":"ALLEYS::431::00","from_street":"Alley 431 N","to_street":"Pleasant St","surface":"PCC","width_ft":20,"slab_length_ft":15,"slab_width_ft":10,"construction_date":"2009-06-01","construction_year":2009,"general_condition":"","pci_2022_2023":93,"pci_2024":93,"pci_change":0,"pci_2024_band":"80-100","scheduled_build_year":null,"in_2026_cip":"N","length_ft":458.4,"object_id":494}},{"type":"Feature","geometry":{"type":"LineString","coordinates":[[-87.78546306699108,41.88645202907952],[-87.78542376830019,41.88519523524048]]},"properties":{"alley_id":"424","alley_name":"ALLEY 424","section_id":"00","pid":"ALLEYS::424::00","from_street":"Alley 424 N","to_street":"Pleasant St","surface":"PCC","width_ft":15,"slab_length_ft":33,"slab_width_ft":15,"construction_date":"1925-06-01","construction_year":1925,"general_condition":"","pci_2022_2023":15,"pci_2024":33,"pci_change":18,"pci_2024_band":"0-39","scheduled_build_year":null,"in_2026_cip":"N","length_ft":458.1,"object_id":495}},{"type":"Feature","geometry":{"type":"LineString","coordinates":[[-87.78627682681854,41.886437356886915],[-87.78464827890576,41.88646671760234]]},"properties":{"alley_id":"424-N","alley_name":"ALLEY 424-N","section_id":"00","pid":"ALLEYS::424-N::00","from_street":"S Elmwood Ave","to_street":"S Ridgeland Ave","surface":"PCC","width_ft":15,"slab_length_ft":33,"slab_width_ft":15,"construction_date":"1900-01-01","construction_year":1900,"general_condition":"","pci_2022_2023":14,"pci_2024":30,"pci_change":16,"pci_2024_band":"0-39","scheduled_build_year":null,"in_2026_cip":"N","length_ft":443.6,"object_id":496}},{"type":"Feature","geometry":{"type":"LineString","coordinates":[[-87.78384481508492,41.88647549966369],[-87.78380140042341,41.885224819652294]]},"properties":{"alley_id":"423","alley_name":"ALLEY 423","section_id":"00","pid":"ALLEYS::423::00","from_street":"Alley 423 N","to_street":"Pleasant St","surface":"PCC","width_ft":20,"slab_length_ft":33,"slab_width_ft":20,"construction_date":"1925-06-01","construction_year":1925,"general_condition":"","pci_2022_2023":16,"pci_2024":33,"pci_change":17,"pci_2024_band":"0-39","scheduled_build_year":null,"in_2026_cip":"N","length_ft":455.9,"object_id":497}},{"type":"Feature","geometry":{"type":"LineString","coordinates":[[-87.78384481508492,41.88647549966369],[-87.78301213859704,41.88648613847833]]},"properties":{"alley_id":"423-N","alley_name":"ALLEY 423-N","section_id":"00","pid":"ALLEYS::423-N::00","from_street":"Alley 423","to_street":"S Cuyler Ave","surface":"PCC","width_ft":15,"slab_length_ft":28,"slab_width_ft":15,"construction_date":"1900-01-01","construction_year":1900,"general_condition":"","pci_2022_2023":27,"pci_2024":44,"pci_change":17,"pci_2024_band":"40-59","scheduled_build_year":null,"in_2026_cip":"N","length_ft":226.8,"object_id":498}},{"type":"Feature","geometry":{"type":"LineString","coordinates":[[-87.78380140042341,41.885224819652294],[-87.78375212565221,41.883488406036285]]},"properties":{"alley_id":"422","alley_name":"ALLEY 422","section_id":"00","pid":"ALLEYS::422::00","from_street":"Pleasant St","to_street":"Randolph St","surface":"PCC","width_ft":20,"slab_length_ft":33,"slab_width_ft":20,"construction_date":"1924-06-01","construction_year":1924,"general_condition":"","pci_2022_2023":15,"pci_2024":33,"pci_change":18,"pci_2024_band":"0-39","scheduled_build_year":null,"in_2026_cip":"N","length_ft":632.9,"object_id":499}},{"type":"Feature","geometry":{"type":"LineString","coordinates":[[-87.78542376830019,41.88519523524048],[-87.78538597618893,41.88384390960053],[-87.78537507276693,41.88345244519334]]},"properties":{"alley_id":"425","alley_name":"ALLEY 425","section_id":"00","pid":"ALLEYS::425::00","from_street":"Pleasant St","to_street":"Randolph St","surface":"PCC","width_ft":15,"slab_length_ft":10,"slab_width_ft":6,"construction_date":"2022-05-01","construction_year":2022,"general_condition":"","pci_2022_2023":100,"pci_2024":100,"pci_change":0,"pci_2024_band":"80-100","scheduled_build_year":null,"in_2026_cip":"N","length_ft":635.2,"object_id":500}},{"type":"Feature","geometry":{"type":"LineString","coordinates":[[-87.78705564537893,41.88516570195088],[-87.78700684436264,41.88342358368851]]},"properties":{"alley_id":"430","alley_name":"ALLEY 430","section_id":"00","pid":"ALLEYS::430::00","from_street":"Pleasant St","to_street":"Randolph St","surface":"PCC","width_ft":20,"slab_length_ft":15,"slab_width_ft":6,"construction_date":"2009-06-01","construction_year":2009,"general_condition":"","pci_2022_2023":95,"pci_2024":95,"pci_change":0,"pci_2024_band":"80-100","scheduled_build_year":null,"in_2026_cip":"N","length_ft":635.0,"object_id":501}},{"type":"Feature","geometry":{"type":"LineString","coordinates":[[-87.78868667572064,41.88513837700393],[-87.78863692541331,41.88339471888656]]},"properties":{"alley_id":"433","alley_name":"ALLEY 433","section_id":"00","pid":"ALLEYS::433::00","from_street":"Pleasant St","to_street":"Randolph St","surface":"AC","width_ft":15,"slab_length_ft":0,"slab_width_ft":0,"construction_date":"1976-06-01","construction_year":1976,"general_condition":"","pci_2022_2023":26,"pci_2024":26,"pci_change":0,"pci_2024_band":"0-39","scheduled_build_year":2025,"in_2026_cip":"N","length_ft":635.5,"object_id":502}},{"type":"Feature","geometry":{"type":"LineString","coordinates":[[-87.78301216275747,41.88648767547866],[-87.78221092767068,41.88649349286023],[-87.78138115283657,41.88649984003969]]},"properties":{"alley_id":"416-N","alley_name":"ALLEY 416-N","section_id":"00","pid":"ALLEYS::416-N::00","from_street":"S Cuyler Ave","to_street":"S Harvey Ave","surface":"PCC","width_ft":16,"slab_length_ft":12,"slab_width_ft":8,"construction_date":"2015-06-01","construction_year":2015,"general_condition":"","pci_2022_2023":97,"pci_2024":97,"pci_change":0,"pci_2024_band":"80-100","scheduled_build_year":null,"in_2026_cip":"N","length_ft":444.1,"object_id":503}},{"type":"Feature","geometry":{"type":"LineString","coordinates":[[-87.78221092767068,41.88649349286023],[-87.78216496314342,41.8852527344154]]},"properties":{"alley_id":"416","alley_name":"ALLEY 416","section_id":"00","pid":"ALLEYS::416::00","from_street":"Alley 416 N","to_street":"Pleasant St","surface":"PCC","width_ft":16,"slab_length_ft":12,"slab_width_ft":10,"construction_date":"2015-06-01","construction_year":2015,"general_condition":"","pci_2022_2023":81,"pci_2024":81,"pci_change":0,"pci_2024_band":"80-100","scheduled_build_year":null,"in_2026_cip":"N","length_ft":452.3,"object_id":504}},{"type":"Feature","geometry":{"type":"LineString","coordinates":[[-87.78057297311838,41.886510346614145],[-87.7805346253397,41.885280010571805]]},"properties":{"alley_id":"415","alley_name":"ALLEY 415","section_id":"00","pid":"ALLEYS::415::00","from_street":"Alley 415 N","to_street":"Pleasant St","surface":"PCC","width_ft":20,"slab_length_ft":33,"slab_width_ft":20,"construction_date":"1927-06-01","construction_year":1927,"general_condition":"","pci_2022_2023":16,"pci_2024":34,"pci_change":18,"pci_2024_band":"0-39","scheduled_build_year":null,"in_2026_cip":"N","length_ft":448.5,"object_id":506}},{"type":"Feature","geometry":{"type":"LineString","coordinates":[[-87.77891776357886,41.88576174951731],[-87.77973294805707,41.88575132976329]]},"properties":{"alley_id":"408-W","alley_name":"ALLEY 408-W","section_id":"00","pid":"ALLEYS::408-W::00","from_street":"S Lombard Ave","to_street":"Alley 408","surface":"AC","width_ft":18,"slab_length_ft":0,"slab_width_ft":0,"construction_date":"1900-01-01","construction_year":1900,"general_condition":"","pci_2022_2023":30,"pci_2024":30,"pci_change":0,"pci_2024_band":"0-39","scheduled_build_year":null,"in_2026_cip":"N","length_ft":222.0,"object_id":507}},{"type":"Feature","geometry":{"type":"LineString","coordinates":[[-87.77887590889188,41.88707288712648],[-87.77886123250305,41.886531924810335]]},"properties":{"alley_id":"408-N","alley_name":"ALLEY 408-N","section_id":"00","pid":"ALLEYS::408-N::00","from_street":"South Blvd","to_street":"Alley 408 E","surface":"PCC","width_ft":16,"slab_length_ft":10,"slab_width_ft":6,"construction_date":"1900-01-01","construction_year":1900,"general_condition":"","pci_2022_2023":96,"pci_2024":96,"pci_change":0,"pci_2024_band":"80-100","scheduled_build_year":null,"in_2026_cip":"N","length_ft":197.2,"object_id":509}},{"type":"Feature","geometry":{"type":"LineString","coordinates":[[-87.77893865656206,41.886530953495196],[-87.77891776357886,41.88576174951731],[-87.77890530337069,41.8853064185603]]},"properties":{"alley_id":"408","alley_name":"ALLEY 408","section_id":"00","pid":"ALLEYS::408::00","from_street":"Alley 408 E","to_street":"Pleasant St","surface":"AC","width_ft":16,"slab_length_ft":0,"slab_width_ft":0,"construction_date":"1976-06-01","construction_year":1976,"general_condition":"","pci_2022_2023":48,"pci_2024":48,"pci_change":0,"pci_2024_band":"40-59","scheduled_build_year":null,"in_2026_cip":"N","length_ft":446.3,"object_id":510}},{"type":"Feature","geometry":{"type":"LineString","coordinates":[[-87.77733823354646,41.88700135377003],[-87.7772640353104,41.88533392503367]]},"properties":{"alley_id":"407","alley_name":"ALLEY 407","section_id":"00","pid":"ALLEYS::407::00","from_street":"South Blvd","to_street":"Pleasant St","surface":"PCC","width_ft":20,"slab_length_ft":33,"slab_width_ft":20,"construction_date":"1923-06-01","construction_year":1923,"general_condition":"","pci_2022_2023":21,"pci_2024":38,"pci_change":17,"pci_2024_band":"0-39","scheduled_build_year":null,"in_2026_cip":"N","length_ft":608.0,"object_id":511}},{"type":"Feature","geometry":{"type":"LineString","coordinates":[[-87.7772640353104,41.88533392503367],[-87.77722476964732,41.88401354449358]]},"properties":{"alley_id":"406","alley_name":"ALLEY 406","section_id":"00","pid":"ALLEYS::406::00","from_street":"Pleasant St","to_street":"Randolph St","surface":"PCC","width_ft":20,"slab_length_ft":33,"slab_width_ft":10,"construction_date":"1924-06-01","construction_year":1924,"general_condition":"","pci_2022_2023":16,"pci_2024":29,"pci_change":13,"pci_2024_band":"0-39","scheduled_build_year":null,"in_2026_cip":"N","length_ft":481.3,"object_id":512}},{"type":"Feature","geometry":{"type":"LineString","coordinates":[[-87.77890530337069,41.8853064185603],[-87.77886238632726,41.88399670977444]]},"properties":{"alley_id":"409","alley_name":"ALLEY 409","section_id":"00","pid":"ALLEYS::409::00","from_street":"Pleasant St","to_street":"Randolph St","surface":"PCC","width_ft":20,"slab_length_ft":12,"slab_width_ft":10,"construction_date":"2010-06-01","construction_year":2010,"general_condition":"","pci_2022_2023":95,"pci_2024":95,"pci_change":0,"pci_2024_band":"80-100","scheduled_build_year":null,"in_2026_cip":"N","length_ft":477.4,"object_id":513}},{"type":"Feature","geometry":{"type":"LineString","coordinates":[[-87.7805346253397,41.885280010571805],[-87.7804943195732,41.8839745006134]]},"properties":{"alley_id":"414","alley_name":"ALLEY 414","section_id":"00","pid":"ALLEYS::414::00","from_street":"Pleasant St","to_street":"Randolph St","surface":"PCC","width_ft":20,"slab_length_ft":33,"slab_width_ft":20,"construction_date":"1927-06-01","construction_year":1927,"general_condition":"","pci_2022_2023":13,"pci_2024":33,"pci_change":20,"pci_2024_band":"0-39","scheduled_build_year":null,"in_2026_cip":"N","length_ft":475.9,"object_id":514}},{"type":"Feature","geometry":{"type":"LineString","coordinates":[[-87.78216496314342,41.8852527344154],[-87.78212045218474,41.88374463756417]]},"properties":{"alley_id":"417","alley_name":"ALLEY 417","section_id":"00","pid":"ALLEYS::417::00","from_street":"Pleasant St","to_street":"Randolph St","surface":"AC","width_ft":20,"slab_length_ft":0,"slab_width_ft":0,"construction_date":"1978-06-01","construction_year":1978,"general_condition":"","pci_2022_2023":34,"pci_2024":34,"pci_change":0,"pci_2024_band":"0-39","scheduled_build_year":null,"in_2026_cip":"N","length_ft":549.7,"object_id":515}},{"type":"Feature","geometry":{"type":"LineString","coordinates":[[-87.77650146398648,41.88656016079675],[-87.77487450515562,41.88657915460294]]},"properties":{"alley_id":"400-N","alley_name":"ALLEY 400-N","section_id":"00","pid":"ALLEYS::400-N::00","from_street":"S Humphrey Ave","to_street":"S Austin Blvd","surface":"AC","width_ft":16,"slab_length_ft":0,"slab_width_ft":0,"construction_date":"1900-01-01","construction_year":1900,"general_condition":"","pci_2022_2023":81,"pci_2024":81,"pci_change":0,"pci_2024_band":"80-100","scheduled_build_year":null,"in_2026_cip":"N","length_ft":443.1,"object_id":516}},{"type":"Feature","geometry":{"type":"LineString","coordinates":[[-87.7756770025591,41.88627624736157],[-87.7756439144669,41.88535563781064]]},"properties":{"alley_id":"400","alley_name":"ALLEY 400","section_id":"00","pid":"ALLEYS::400::00","from_street":"North End","to_street":"Pleasant St","surface":"PCC","width_ft":20,"slab_length_ft":33,"slab_width_ft":20,"construction_date":"1927-06-01","construction_year":1927,"general_condition":"","pci_2022_2023":24,"pci_2024":42,"pci_change":18,"pci_2024_band":"40-59","scheduled_build_year":null,"in_2026_cip":"N","length_ft":335.6,"object_id":517}},{"type":"Feature","geometry":{"type":"LineString","coordinates":[[-87.7756439144669,41.88535563781064],[-87.77560185524297,41.88404790831525]]},"properties":{"alley_id":"401","alley_name":"ALLEY 401","section_id":"00","pid":"ALLEYS::401::00","from_street":"Pleasant St","to_street":"Randolph St","surface":"PCC","width_ft":20,"slab_length_ft":33,"slab_width_ft":20,"construction_date":"1926-06-01","construction_year":1926,"general_condition":"","pci_2022_2023":13,"pci_2024":33,"pci_change":20,"pci_2024_band":"0-39","scheduled_build_year":null,"in_2026_cip":"N","length_ft":476.7,"object_id":518}},{"type":"Feature","geometry":{"type":"LineString","coordinates":[[-87.77748206854231,41.89182807708722],[-87.77746825127834,41.891384155325646],[-87.7774398480484,41.89046856484483]]},"properties":{"alley_id":"307","alley_name":"ALLEY 307","section_id":"00","pid":"ALLEYS::307::00","from_street":"Erie St","to_street":"Ontario St","surface":"PCC","width_ft":20,"slab_length_ft":32,"slab_width_ft":20,"construction_date":"1925-06-01","construction_year":1925,"general_condition":"","pci_2022_2023":20,"pci_2024":41,"pci_change":21,"pci_2024_band":"40-59","scheduled_build_year":null,"in_2026_cip":"N","length_ft":495.5,"object_id":520}},{"type":"Feature","geometry":{"type":"LineString","coordinates":[[-87.78069319900911,41.890421108261904],[-87.78063873355443,41.88877859277079]]},"properties":{"alley_id":"317","alley_name":"ALLEY 317","section_id":"00","pid":"ALLEYS::317::00","from_street":"Ontario St","to_street":"Alley 317 S","surface":"AC","width_ft":20,"slab_length_ft":0,"slab_width_ft":0,"construction_date":"1924-06-01","construction_year":1924,"general_condition":"","pci_2022_2023":27,"pci_2024":27,"pci_change":0,"pci_2024_band":"0-39","scheduled_build_year":null,"in_2026_cip":"N","length_ft":598.7,"object_id":521}},{"type":"Feature","geometry":{"type":"LineString","coordinates":[[-87.7790651925181,41.890443874684706],[-87.77900202098954,41.88872986891177]]},"properties":{"alley_id":"310","alley_name":"ALLEY 310","section_id":"00","pid":"ALLEYS::310::00","from_street":"Ontario St","to_street":"Alley 310 S","surface":"PCC","width_ft":20,"slab_length_ft":33,"slab_width_ft":20,"construction_date":"1925-06-01","construction_year":1925,"general_condition":"","pci_2022_2023":21,"pci_2024":43,"pci_change":22,"pci_2024_band":"40-59","scheduled_build_year":null,"in_2026_cip":"N","length_ft":624.8,"object_id":522}},{"type":"Feature","geometry":{"type":"LineString","coordinates":[[-87.7774398480484,41.89046856484483],[-87.77737338432404,41.88868192971639]]},"properties":{"alley_id":"308","alley_name":"ALLEY 308","section_id":"00","pid":"ALLEYS::308::00","from_street":"Ontario St","to_street":"Alley 308 S","surface":"PCC","width_ft":20,"slab_length_ft":15,"slab_width_ft":10,"construction_date":"2016-06-01","construction_year":2016,"general_condition":"","pci_2022_2023":94,"pci_2024":94,"pci_change":0,"pci_2024_band":"80-100","scheduled_build_year":null,"in_2026_cip":"N","length_ft":651.3,"object_id":523}},{"type":"Feature","geometry":{"type":"LineString","coordinates":[[-87.77581349574321,41.89049303533179],[-87.77575291912076,41.88863638580363]]},"properties":{"alley_id":"301","alley_name":"ALLEY 301","section_id":"00","pid":"ALLEYS::301::00","from_street":"Ontario St","to_street":"Alley 301 S","surface":"PCC","width_ft":18,"slab_length_ft":12,"slab_width_ft":10,"construction_date":"1923-06-01","construction_year":1923,"general_condition":"","pci_2022_2023":86,"pci_2024":86,"pci_change":0,"pci_2024_band":"80-100","scheduled_build_year":null,"in_2026_cip":"N","length_ft":676.8,"object_id":524}},{"type":"Feature","geometry":{"type":"LineString","coordinates":[[-87.77656710711425,41.88862662387852],[-87.77493917200074,41.8886461350958]]},"properties":{"alley_id":"301-S","alley_name":"ALLEY 301-S","section_id":"00","pid":"ALLEYS::301-S::00","from_street":"N Humphrey Ave","to_street":"N Austin Blvd","surface":"PCC","width_ft":20,"slab_length_ft":12,"slab_width_ft":8,"construction_date":"1900-01-01","construction_year":1900,"general_condition":"","pci_2022_2023":87,"pci_2024":87,"pci_change":0,"pci_2024_band":"80-100","scheduled_build_year":null,"in_2026_cip":"N","length_ft":443.3,"object_id":525}},{"type":"Feature","geometry":{"type":"LineString","coordinates":[[-87.77819563860999,41.888669496970365],[-87.77656934923826,41.88869408837126]]},"properties":{"alley_id":"308-S","alley_name":"ALLEY 308-S","section_id":"00","pid":"ALLEYS::308-S::00","from_street":"N Taylor Ave","to_street":"N Humphrey Ave","surface":"PCC","width_ft":20,"slab_length_ft":12,"slab_width_ft":10,"construction_date":"2016-06-01","construction_year":2016,"general_condition":"","pci_2022_2023":95,"pci_2024":95,"pci_change":0,"pci_2024_band":"80-100","scheduled_build_year":null,"in_2026_cip":"N","length_ft":442.9,"object_id":526}},{"type":"Feature","geometry":{"type":"LineString","coordinates":[[-87.77982614545915,41.88871773513281],[-87.7781978413473,41.88874170874591]]},"properties":{"alley_id":"310-S","alley_name":"ALLEY 310-S","section_id":"00","pid":"ALLEYS::310-S::00","from_street":"N Lombard Ave","to_street":"N Taylor Ave","surface":"PCC","width_ft":20,"slab_length_ft":33,"slab_width_ft":6,"construction_date":"1900-01-01","construction_year":1900,"general_condition":"","pci_2022_2023":22,"pci_2024":33,"pci_change":11,"pci_2024_band":"0-39","scheduled_build_year":null,"in_2026_cip":"N","length_ft":443.5,"object_id":527}},{"type":"Feature","geometry":{"type":"LineString","coordinates":[[-87.78145351833896,41.88876780149384],[-87.78063873355443,41.88877859277079],[-87.77982835524135,41.88878934368346]]},"properties":{"alley_id":"317-S","alley_name":"ALLEY 317-S","section_id":"00","pid":"ALLEYS::317-S::00","from_street":"N Harvey Ave","to_street":"N Lombard Ave","surface":"AC","width_ft":20,"slab_length_ft":0,"slab_width_ft":0,"construction_date":"1900-01-01","construction_year":1900,"general_condition":"","pci_2022_2023":47,"pci_2024":47,"pci_change":0,"pci_2024_band":"40-59","scheduled_build_year":null,"in_2026_cip":"N","length_ft":442.6,"object_id":528}},{"type":"Feature","geometry":{"type":"LineString","coordinates":[[-87.78308420602431,41.888817037764596],[-87.78226471442102,41.888828393344056],[-87.78204440615843,41.88883144331124],[-87.78145565502503,41.888839574426044]]},"properties":{"alley_id":"320-S","alley_name":"ALLEY 320-S","section_id":"00","pid":"ALLEYS::320-S::00","from_street":"N Cuyler Ave","to_street":"N Harvey Ave","surface":"PCC","width_ft":20,"slab_length_ft":12,"slab_width_ft":10,"construction_date":"2018-06-01","construction_year":2018,"general_condition":"","pci_2022_2023":87,"pci_2024":87,"pci_change":0,"pci_2024_band":"80-100","scheduled_build_year":null,"in_2026_cip":"N","length_ft":443.5,"object_id":529}},{"type":"Feature","geometry":{"type":"LineString","coordinates":[[-87.78231691915678,41.890399094091734],[-87.78226471442102,41.888828393344056]]},"properties":{"alley_id":"320","alley_name":"ALLEY 320","section_id":"00","pid":"ALLEYS::320::00","from_street":"Ontario St","to_street":"Alley 320 S","surface":"PCC","width_ft":20,"slab_length_ft":12,"slab_width_ft":10,"construction_date":"1924-06-01","construction_year":1924,"general_condition":"","pci_2022_2023":95,"pci_2024":95,"pci_change":0,"pci_2024_band":"80-100","scheduled_build_year":null,"in_2026_cip":"N","length_ft":572.5,"object_id":530}},{"type":"Feature","geometry":{"type":"LineString","coordinates":[[-87.78723694315556,41.89168226067073],[-87.78720068151563,41.8903254423849]]},"properties":{"alley_id":"335","alley_name":"ALLEY 335","section_id":"00","pid":"ALLEYS::335::00","from_street":"Erie St","to_street":"Ontario St","surface":"PCC","width_ft":18,"slab_length_ft":10,"slab_width_ft":6,"construction_date":"2005-06-01","construction_year":2005,"general_condition":"","pci_2022_2023":96,"pci_2024":96,"pci_change":0,"pci_2024_band":"80-100","scheduled_build_year":null,"in_2026_cip":"N","length_ft":494.5,"object_id":531}},{"type":"Feature","geometry":{"type":"LineString","coordinates":[[-87.78720068151563,41.8903254423849],[-87.78715099915743,41.889013785026286],[-87.78633974951012,41.889027431828865]]},"properties":{"alley_id":"336","alley_name":"ALLEY 336","section_id":"00","pid":"ALLEYS::336::00","from_street":"Ontario St","to_street":"N Elmwood Ave","surface":"PCC","width_ft":20,"slab_length_ft":33,"slab_width_ft":20,"construction_date":"1923-06-01","construction_year":1923,"general_condition":"","pci_2022_2023":15,"pci_2024":33,"pci_change":18,"pci_2024_band":"0-39","scheduled_build_year":null,"in_2026_cip":"N","length_ft":699.1,"object_id":532}},{"type":"Feature","geometry":{"type":"LineString","coordinates":[[-87.78552551192202,41.88904693157792],[-87.78556805495184,41.89035216131137]]},"properties":{"alley_id":"329","alley_name":"ALLEY 329","section_id":"00","pid":"ALLEYS::329::00","from_street":"Ontario St","to_street":"Alley 329 S","surface":"PCC","width_ft":20,"slab_length_ft":33,"slab_width_ft":20,"construction_date":"1922-06-01","construction_year":1922,"general_condition":"","pci_2022_2023":16,"pci_2024":33,"pci_change":17,"pci_2024_band":"0-39","scheduled_build_year":null,"in_2026_cip":"N","length_ft":475.8,"object_id":533}},{"type":"Feature","geometry":{"type":"LineString","coordinates":[[-87.78552551192202,41.88904693157792],[-87.78471840185358,41.889061821941155]]},"properties":{"alley_id":"329-S","alley_name":"ALLEY 329-S","section_id":"05","pid":"ALLEYS::329-S::05","from_street":"Alley 329","to_street":"N Ridgeland Ave","surface":"PCC","width_ft":16,"slab_length_ft":33,"slab_width_ft":16,"construction_date":"2008-06-01","construction_year":2008,"general_condition":"","pci_2022_2023":8,"pci_2024":57,"pci_change":49,"pci_2024_band":"40-59","scheduled_build_year":null,"in_2026_cip":"N","length_ft":219.8,"object_id":534}},{"type":"Feature","geometry":{"type":"LineString","coordinates":[[-87.78633347397235,41.8888374999772],[-87.78551910860938,41.888850659766874],[-87.78552551192202,41.88904693157792]]},"properties":{"alley_id":"329-S","alley_name":"ALLEY 329-S","section_id":"00","pid":"ALLEYS::329-S::00","from_street":"N Elmwood Ave","to_street":"Alley 329","surface":"PCC","width_ft":16,"slab_length_ft":12,"slab_width_ft":6,"construction_date":"2008-06-01","construction_year":2008,"general_condition":"","pci_2022_2023":90,"pci_2024":57,"pci_change":-33,"pci_2024_band":"40-59","scheduled_build_year":null,"in_2026_cip":"N","length_ft":293.3,"object_id":535}},{"type":"Feature","geometry":{"type":"LineString","coordinates":[[-87.78394378768095,41.89037598891108],[-87.78389401183257,41.88888151712939]]},"properties":{"alley_id":"327","alley_name":"ALLEY 327","section_id":"00","pid":"ALLEYS::327::00","from_street":"Ontario St","to_street":"Alley 327 S","surface":"PCC","width_ft":20,"slab_length_ft":15,"slab_width_ft":10,"construction_date":"2016-06-01","construction_year":2016,"general_condition":"","pci_2022_2023":95,"pci_2024":95,"pci_change":0,"pci_2024_band":"80-100","scheduled_build_year":null,"in_2026_cip":"N","length_ft":544.8,"object_id":536}},{"type":"Feature","geometry":{"type":"LineString","coordinates":[[-87.78471281180227,41.88887373178102],[-87.78308626774873,41.88888919385458]]},"properties":{"alley_id":"327-S","alley_name":"ALLEY 327-S","section_id":"00","pid":"ALLEYS::327-S::00","from_street":"N Ridgeland Ave","to_street":"N Cuyler Ave","surface":"PCC","width_ft":18,"slab_length_ft":10,"slab_width_ft":6,"construction_date":"2004-06-01","construction_year":2004,"general_condition":"","pci_2022_2023":85,"pci_2024":85,"pci_change":0,"pci_2024_band":"80-100","scheduled_build_year":null,"in_2026_cip":"N","length_ft":442.9,"object_id":537}},{"type":"Feature","geometry":{"type":"LineString","coordinates":[[-87.78560421088153,41.8917087058577],[-87.78556805495184,41.89035216131137]]},"properties":{"alley_id":"330","alley_name":"ALLEY 330","section_id":"00","pid":"ALLEYS::330::00","from_street":"Erie St","to_street":"Ontario St","surface":"PCC","width_ft":20,"slab_length_ft":33,"slab_width_ft":20,"construction_date":"1922-06-01","construction_year":1922,"general_condition":"","pci_2022_2023":16,"pci_2024":34,"pci_change":18,"pci_2024_band":"0-39","scheduled_build_year":null,"in_2026_cip":"N","length_ft":494.4,"object_id":538}},{"type":"Feature","geometry":{"type":"LineString","coordinates":[[-87.79364548197796,41.890215487361345],[-87.7935976531348,41.88861544819112]]},"properties":{"alley_id":"352","alley_name":"ALLEY 352","section_id":"00","pid":"ALLEYS::352::00","from_street":"Ontario St","to_street":"Lake St","surface":"PCC","width_ft":16,"slab_length_ft":15,"slab_width_ft":6,"construction_date":"2008-06-01","construction_year":2008,"general_condition":"","pci_2022_2023":80,"pci_2024":81,"pci_change":1,"pci_2024_band":"80-100","scheduled_build_year":null,"in_2026_cip":"N","length_ft":583.2,"object_id":539}},{"type":"Feature","geometry":{"type":"LineString","coordinates":[[-87.7926696871773,41.88818155314052],[-87.79397685397052,41.88816069680826]]},"properties":{"alley_id":"353-N","alley_name":"ALLEY 353-N","section_id":"00","pid":"ALLEYS::353-N::00","from_street":"Alley 353","to_street":"N Euclid Ave","surface":"PCC","width_ft":16,"slab_length_ft":10,"slab_width_ft":6,"construction_date":"2004-06-01","construction_year":2004,"general_condition":"","pci_2022_2023":72,"pci_2024":72,"pci_change":0,"pci_2024_band":"60-79","scheduled_build_year":null,"in_2026_cip":"N","length_ft":356.0,"object_id":540}},{"type":"Feature","geometry":{"type":"LineString","coordinates":[[-87.79396748177213,41.887956343495944],[-87.79397685397052,41.88816069680826]]},"properties":{"alley_id":"353","alley_name":"ALLEY 353","section_id":"00","pid":"ALLEYS::353::00","from_street":"Alley 353 N","to_street":"Alley 353 S","surface":"BR","width_ft":16,"slab_length_ft":0,"slab_width_ft":0,"construction_date":"2004-06-01","construction_year":2004,"general_condition":"GOOD","pci_2022_2023":null,"pci_2024":93,"pci_change":null,"pci_2024_band":"80-100","scheduled_build_year":null,"in_2026_cip":"N","length_ft":74.5,"object_id":541}},{"type":"Feature","geometry":{"type":"LineString","coordinates":[[-87.79396748177213,41.887956343495944],[-87.79448523385373,41.8879480987058]]},"properties":{"alley_id":"353-S","alley_name":"ALLEY 353-S","section_id":"00","pid":"ALLEYS::353-S::00","from_street":"N Oak Park Ave","to_street":"Alley 353","surface":"BR","width_ft":16,"slab_length_ft":0,"slab_width_ft":0,"construction_date":"2004-06-01","construction_year":2004,"general_condition":"FAIR","pci_2022_2023":null,"pci_2024":100,"pci_change":null,"pci_2024_band":"80-100","scheduled_build_year":null,"in_2026_cip":"N","length_ft":141.0,"object_id":542}},{"type":"Feature","geometry":{"type":"LineString","coordinates":[[-87.79663079830848,41.88790570385835],[-87.79510436329245,41.88793016279765]]},"properties":{"alley_id":"354-N","alley_name":"ALLEY 354-N","section_id":"00","pid":"ALLEYS::354-N::00","from_street":"West End","to_street":"N Oak Park Ave","surface":"PCC","width_ft":18,"slab_length_ft":12,"slab_width_ft":9,"construction_date":"2017-06-01","construction_year":2017,"general_condition":"","pci_2022_2023":97,"pci_2024":97,"pci_change":0,"pci_2024_band":"80-100","scheduled_build_year":null,"in_2026_cip":"N","length_ft":415.7,"object_id":543}},{"type":"Feature","geometry":{"type":"LineString","coordinates":[[-87.79648376729764,41.887908062469336],[-87.79646272236475,41.88726336747947]]},"properties":{"alley_id":"354-W","alley_name":"ALLEY 354-W","section_id":"00","pid":"ALLEYS::354-W::00","from_street":"Alley 354 N","to_street":"North Blvd","surface":"PCC","width_ft":18,"slab_length_ft":12,"slab_width_ft":9,"construction_date":"2017-06-01","construction_year":2017,"general_condition":"","pci_2022_2023":93,"pci_2024":93,"pci_change":0,"pci_2024_band":"80-100","scheduled_build_year":null,"in_2026_cip":"N","length_ft":235.0,"object_id":544}},{"type":"Feature","geometry":{"type":"LineString","coordinates":[[-87.79518090291079,41.88792894049825],[-87.79515292882833,41.88728434966673]]},"properties":{"alley_id":"354-E","alley_name":"ALLEY 354-E","section_id":"00","pid":"ALLEYS::354-E::00","from_street":"Alley 354 N","to_street":"North Blvd","surface":"PCC","width_ft":12,"slab_length_ft":12,"slab_width_ft":6,"construction_date":"2017-06-01","construction_year":2017,"general_condition":"","pci_2022_2023":100,"pci_2024":100,"pci_change":0,"pci_2024_band":"80-100","scheduled_build_year":null,"in_2026_cip":"N","length_ft":235.0,"object_id":545}},{"type":"Feature","geometry":{"type":"LineString","coordinates":[[-87.79368980414336,41.89157327533009],[-87.79366393236606,41.89089013819461]]},"properties":{"alley_id":"351","alley_name":"ALLEY 351","section_id":"00","pid":"ALLEYS::351::00","from_street":"Erie St","to_street":"Alley 351 E","surface":"PCC","width_ft":16,"slab_length_ft":33,"slab_width_ft":16,"construction_date":"1925-06-01","construction_year":1925,"general_condition":"","pci_2022_2023":18,"pci_2024":33,"pci_change":15,"pci_2024_band":"0-39","scheduled_build_year":null,"in_2026_cip":"N","length_ft":249.0,"object_id":546}},{"type":"Feature","geometry":{"type":"LineString","coordinates":[[-87.79366393236606,41.89089013819461],[-87.79346408471874,41.89089636107372]]},"properties":{"alley_id":"351-E","alley_name":"ALLEY 351-E","section_id":"00","pid":"ALLEYS::351-E::00","from_street":"Alley 351","to_street":"Alley 351 S","surface":"PCC","width_ft":16,"slab_length_ft":10,"slab_width_ft":5,"construction_date":"2003-06-01","construction_year":2003,"general_condition":"","pci_2022_2023":91,"pci_2024":93,"pci_change":2,"pci_2024_band":"80-100","scheduled_build_year":null,"in_2026_cip":"N","length_ft":54.5,"object_id":547}},{"type":"Feature","geometry":{"type":"LineString","coordinates":[[-87.7934427219473,41.89021881542496],[-87.79346408471874,41.89089636107372]]},"properties":{"alley_id":"351-S","alley_name":"ALLEY 351-S","section_id":"00","pid":"ALLEYS::351-S::00","from_street":"Alley 351 E","to_street":"Ontario St","surface":"AC","width_ft":16,"slab_length_ft":0,"slab_width_ft":0,"construction_date":"1900-01-01","construction_year":1900,"general_condition":"","pci_2022_2023":51,"pci_2024":51,"pci_change":0,"pci_2024_band":"40-59","scheduled_build_year":null,"in_2026_cip":"N","length_ft":247.0,"object_id":548}},{"type":"Feature","geometry":{"type":"LineString","coordinates":[[-87.79684813901817,41.89019262360314],[-87.79682117305482,41.889469525578946]]},"properties":{"alley_id":"359","alley_name":"ALLEY 359","section_id":"00","pid":"ALLEYS::359::00","from_street":"Ontario St","to_street":"South End","surface":"PCC","width_ft":20,"slab_length_ft":33,"slab_width_ft":20,"construction_date":"1960-06-01","construction_year":1960,"general_condition":"","pci_2022_2023":16,"pci_2024":33,"pci_change":17,"pci_2024_band":"0-39","scheduled_build_year":null,"in_2026_cip":"N","length_ft":263.6,"object_id":549}},{"type":"Feature","geometry":{"type":"LineString","coordinates":[[-87.79951821485737,41.89014845276945],[-87.79949871090292,41.889553161189525]]},"properties":{"alley_id":"361","alley_name":"ALLEY 361","section_id":"00","pid":"ALLEYS::361::00","from_street":"Ontario St","to_street":"South End","surface":"AC","width_ft":14,"slab_length_ft":0,"slab_width_ft":0,"construction_date":"1900-01-01","construction_year":1900,"general_condition":"","pci_2022_2023":43,"pci_2024":43,"pci_change":0,"pci_2024_band":"40-59","scheduled_build_year":null,"in_2026_cip":"N","length_ft":217.0,"object_id":550}},{"type":"Feature","geometry":{"type":"LineString","coordinates":[[-87.80329686923709,41.891220980770925],[-87.80332574366176,41.89185986526259]]},"properties":{"alley_id":"373","alley_name":"ALLEY 373","section_id":"00","pid":"ALLEYS::373::00","from_street":"Erie St","to_street":"Ontario Ct","surface":"PCC","width_ft":10,"slab_length_ft":20,"slab_width_ft":10,"construction_date":"1900-01-01","construction_year":1900,"general_condition":"","pci_2022_2023":75,"pci_2024":75,"pci_change":0,"pci_2024_band":"60-79","scheduled_build_year":null,"in_2026_cip":"N","length_ft":232.9,"object_id":551}},{"type":"Feature","geometry":{"type":"LineString","coordinates":[[-87.79205097249766,41.89297972822872],[-87.79201495431909,41.89159936615649]]},"properties":{"alley_id":"347","alley_name":"ALLEY 347","section_id":"00","pid":"ALLEYS::347::00","from_street":"Superior St","to_street":"Erie St","surface":"PCC","width_ft":17,"slab_length_ft":14,"slab_width_ft":10,"construction_date":"2018-06-01","construction_year":2018,"general_condition":"","pci_2022_2023":94,"pci_2024":94,"pci_change":0,"pci_2024_band":"80-100","scheduled_build_year":null,"in_2026_cip":"N","length_ft":503.1,"object_id":552}},{"type":"Feature","geometry":{"type":"LineString","coordinates":[[-87.79201495431909,41.89159936615649],[-87.7919754664411,41.890247199605106]]},"properties":{"alley_id":"346","alley_name":"ALLEY 346","section_id":"00","pid":"ALLEYS::346::00","from_street":"Erie St","to_street":"Ontario St","surface":"PCC","width_ft":17,"slab_length_ft":34,"slab_width_ft":10,"construction_date":"1923-06-01","construction_year":1923,"general_condition":"","pci_2022_2023":16,"pci_2024":34,"pci_change":18,"pci_2024_band":"0-39","scheduled_build_year":null,"in_2026_cip":"N","length_ft":492.9,"object_id":553}},{"type":"Feature","geometry":{"type":"LineString","coordinates":[[-87.79196164713909,41.88974271152581],[-87.7919294272576,41.88856643184246]]},"properties":{"alley_id":"345","alley_name":"ALLEY 345","section_id":"00","pid":"ALLEYS::345::00","from_street":"Ontario St","to_street":"Lake St","surface":"PCC","width_ft":18,"slab_length_ft":33,"slab_width_ft":18,"construction_date":"1924-06-01","construction_year":1924,"general_condition":"","pci_2022_2023":25,"pci_2024":46,"pci_change":21,"pci_2024_band":"40-59","scheduled_build_year":null,"in_2026_cip":"N","length_ft":428.7,"object_id":554}},{"type":"Feature","geometry":{"type":"LineString","coordinates":[[-87.78890316844507,41.89302926825326],[-87.78886646881854,41.891652704197]]},"properties":{"alley_id":"339","alley_name":"ALLEY 339","section_id":"00","pid":"ALLEYS::339::00","from_street":"Superior St","to_street":"Erie St","surface":"BR","width_ft":20,"slab_length_ft":0,"slab_width_ft":0,"construction_date":"2014-06-01","construction_year":2014,"general_condition":"GOOD","pci_2022_2023":null,"pci_2024":100,"pci_change":null,"pci_2024_band":"80-100","scheduled_build_year":null,"in_2026_cip":"N","length_ft":501.7,"object_id":555}},{"type":"Feature","geometry":{"type":"LineString","coordinates":[[-87.79048118270005,41.891624288949025],[-87.79051935294835,41.89300246569731]]},"properties":{"alley_id":"342","alley_name":"ALLEY 342","section_id":"00","pid":"ALLEYS::342::00","from_street":"Superior St","to_street":"Erie St","surface":"AC","width_ft":20,"slab_length_ft":0,"slab_width_ft":0,"construction_date":"1975-06-01","construction_year":1975,"general_condition":"","pci_2022_2023":50,"pci_2024":50,"pci_change":0,"pci_2024_band":"40-59","scheduled_build_year":null,"in_2026_cip":"N","length_ft":502.3,"object_id":556}},{"type":"Feature","geometry":{"type":"LineString","coordinates":[[-87.78894479711361,41.894504402195],[-87.78890316844507,41.89302926825326]]},"properties":{"alley_id":"340","alley_name":"ALLEY 340","section_id":"00","pid":"ALLEYS::340::00","from_street":"Chicago Ave","to_street":"Superior St","surface":"PCC","width_ft":20,"slab_length_ft":10,"slab_width_ft":9,"construction_date":"2022-05-01","construction_year":2022,"general_condition":"","pci_2022_2023":100,"pci_2024":100,"pci_change":0,"pci_2024_band":"80-100","scheduled_build_year":null,"in_2026_cip":"N","length_ft":537.7,"object_id":557}},{"type":"Feature","geometry":{"type":"LineString","coordinates":[[-87.78731992018795,41.89453170482114],[-87.78727396478496,41.89305779854085]]},"properties":{"alley_id":"333","alley_name":"ALLEY 333","section_id":"00","pid":"ALLEYS::333::00","from_street":"Chicago Ave","to_street":"Superior St","surface":"AC","width_ft":20,"slab_length_ft":0,"slab_width_ft":0,"construction_date":"1975-06-01","construction_year":1975,"general_condition":"","pci_2022_2023":9,"pci_2024":9,"pci_change":0,"pci_2024_band":"0-39","scheduled_build_year":null,"in_2026_cip":"N","length_ft":537.2,"object_id":558}},{"type":"Feature","geometry":{"type":"LineString","coordinates":[[-87.78568251055762,41.89455974759687],[-87.78564119748222,41.89308424403961]]},"properties":{"alley_id":"332","alley_name":"ALLEY 332","section_id":"00","pid":"ALLEYS::332::00","from_street":"Chicago Ave","to_street":"Superior St","surface":"PCC","width_ft":20,"slab_length_ft":33,"slab_width_ft":20,"construction_date":"1923-06-01","construction_year":1923,"general_condition":"","pci_2022_2023":19,"pci_2024":38,"pci_change":19,"pci_2024_band":"0-39","scheduled_build_year":null,"in_2026_cip":"N","length_ft":537.8,"object_id":559}},{"type":"Feature","geometry":{"type":"LineString","coordinates":[[-87.78560421088153,41.8917087058577],[-87.78564119748222,41.89308424403961]]},"properties":{"alley_id":"331","alley_name":"ALLEY 331","section_id":"00","pid":"ALLEYS::331::00","from_street":"Superior St","to_street":"Erie St","surface":"PCC","width_ft":20,"slab_length_ft":33,"slab_width_ft":20,"construction_date":"1922-06-01","construction_year":1922,"general_condition":"","pci_2022_2023":25,"pci_2024":46,"pci_change":21,"pci_2024_band":"40-59","scheduled_build_year":null,"in_2026_cip":"N","length_ft":501.4,"object_id":560}},{"type":"Feature","geometry":{"type":"LineString","coordinates":[[-87.78727396478496,41.89305779854085],[-87.78723694315556,41.89168226067073]]},"properties":{"alley_id":"334","alley_name":"ALLEY 334","section_id":"00","pid":"ALLEYS::334::00","from_street":"Superior St","to_street":"Erie St","surface":"PCC","width_ft":20,"slab_length_ft":12,"slab_width_ft":10,"construction_date":"2015-06-01","construction_year":2015,"general_condition":"","pci_2022_2023":96,"pci_2024":96,"pci_change":0,"pci_2024_band":"80-100","scheduled_build_year":null,"in_2026_cip":"N","length_ft":501.4,"object_id":561}},{"type":"Feature","geometry":{"type":"LineString","coordinates":[[-87.77925305615139,41.89647973383781],[-87.77930323655646,41.89830209892464]]},"properties":{"alley_id":"209","alley_name":"ALLEY 209","section_id":"00","pid":"ALLEYS::209::00","from_street":"Augusta St","to_street":"Iowa St","surface":"PCC","width_ft":20,"slab_length_ft":12,"slab_width_ft":10,"construction_date":"2018-06-01","construction_year":2018,"general_condition":"","pci_2022_2023":79,"pci_2024":79,"pci_change":0,"pci_2024_band":"60-79","scheduled_build_year":null,"in_2026_cip":"N","length_ft":664.2,"object_id":562}},{"type":"Feature","geometry":{"type":"LineString","coordinates":[[-87.78128844226268,41.883319426446384],[-87.78047573356169,41.88333598883377],[-87.7796599024809,41.88335258533603]]},"properties":{"alley_id":"413-N","alley_name":"ALLEY 413-N","section_id":"00","pid":"ALLEYS::413-N::00","from_street":"S Harvey Ave","to_street":"S Lombard Ave","surface":"PCC","width_ft":16,"slab_length_ft":16,"slab_width_ft":8,"construction_date":"2017-06-01","construction_year":2017,"general_condition":"","pci_2022_2023":91,"pci_2024":91,"pci_change":0,"pci_2024_band":"80-100","scheduled_build_year":null,"in_2026_cip":"N","length_ft":443.6,"object_id":563}},{"type":"Feature","geometry":{"type":"LineString","coordinates":[[-87.78047573356169,41.88333598883377],[-87.78042928317743,41.88178924241317]]},"properties":{"alley_id":"413","alley_name":"ALLEY 413","section_id":"00","pid":"ALLEYS::413::00","from_street":"Alley 413 N","to_street":"Washington Blvd","surface":"PCC","width_ft":20,"slab_length_ft":12,"slab_width_ft":10,"construction_date":"2017-06-01","construction_year":2017,"general_condition":"","pci_2022_2023":94,"pci_2024":94,"pci_change":0,"pci_2024_band":"80-100","scheduled_build_year":null,"in_2026_cip":"N","length_ft":563.8,"object_id":564}},{"type":"Feature","geometry":{"type":"LineString","coordinates":[[-87.7788220681039,41.88258404910331],[-87.77886238632726,41.88399670977444]]},"properties":{"alley_id":"410","alley_name":"ALLEY 410","section_id":"00","pid":"ALLEYS::410::00","from_street":"Randolph St","to_street":"Alley 410 S","surface":"AC","width_ft":20,"slab_length_ft":0,"slab_width_ft":0,"construction_date":"1980-06-01","construction_year":1980,"general_condition":"","pci_2022_2023":15,"pci_2024":15,"pci_change":0,"pci_2024_band":"0-39","scheduled_build_year":2026,"in_2026_cip":"Y","length_ft":514.9,"object_id":565}},{"type":"Feature","geometry":{"type":"LineString","coordinates":[[-87.77963694357939,41.88257069246625],[-87.778007301976,41.8825974013865]]},"properties":{"alley_id":"410-S","alley_name":"ALLEY 410-S","section_id":"00","pid":"ALLEYS::410-S::00","from_street":"S Lombard Ave","to_street":"S Taylor Ave","surface":"PCC","width_ft":18,"slab_length_ft":15,"slab_width_ft":6,"construction_date":"2009-06-01","construction_year":2009,"general_condition":"","pci_2022_2023":92,"pci_2024":15,"pci_change":-77,"pci_2024_band":"0-39","scheduled_build_year":null,"in_2026_cip":"N","length_ft":443.9,"object_id":566}},{"type":"Feature","geometry":{"type":"LineString","coordinates":[[-87.778007301976,41.8825974013865],[-87.77720564829711,41.88261050887209],[-87.77637666896008,41.88262408236983]]},"properties":{"alley_id":"405-S","alley_name":"ALLEY 405-S","section_id":"00","pid":"ALLEYS::405-S::00","from_street":"S Taylor Ave","to_street":"S Humphrey Ave","surface":"PCC","width_ft":16,"slab_length_ft":12,"slab_width_ft":6,"construction_date":"2011-06-01","construction_year":2011,"general_condition":"","pci_2022_2023":94,"pci_2024":94,"pci_change":0,"pci_2024_band":"80-100","scheduled_build_year":null,"in_2026_cip":"N","length_ft":444.2,"object_id":567}},{"type":"Feature","geometry":{"type":"LineString","coordinates":[[-87.77722476964732,41.88401354449358],[-87.77720564829711,41.88261050887209]]},"properties":{"alley_id":"405","alley_name":"ALLEY 405","section_id":"00","pid":"ALLEYS::405::00","from_street":"Randolph St","to_street":"Alley 405 S","surface":"PCC","width_ft":20,"slab_length_ft":15,"slab_width_ft":10,"construction_date":"2017-06-01","construction_year":2017,"general_condition":"","pci_2022_2023":99,"pci_2024":99,"pci_change":0,"pci_2024_band":"80-100","scheduled_build_year":null,"in_2026_cip":"N","length_ft":511.3,"object_id":568}},{"type":"Feature","geometry":{"type":"LineString","coordinates":[[-87.77637666896008,41.88262408236983],[-87.77555867253503,41.88263720893824],[-87.77474174083872,41.88265033485823]]},"properties":{"alley_id":"402-S","alley_name":"ALLEY 402-S","section_id":"00","pid":"ALLEYS::402-S::00","from_street":"S Humphrey Ave","to_street":"S Austin Blvd","surface":"PCC","width_ft":16,"slab_length_ft":12,"slab_width_ft":8,"construction_date":"2015-06-01","construction_year":2015,"general_condition":"","pci_2022_2023":95,"pci_2024":95,"pci_change":0,"pci_2024_band":"80-100","scheduled_build_year":null,"in_2026_cip":"N","length_ft":445.3,"object_id":569}},{"type":"Feature","geometry":{"type":"LineString","coordinates":[[-87.77560185524297,41.88404790831525],[-87.77555867253503,41.88263720893824]]},"properties":{"alley_id":"402","alley_name":"ALLEY 402","section_id":"00","pid":"ALLEYS::402::00","from_street":"Randolph St","to_street":"Alley 402 S","surface":"PCC","width_ft":20,"slab_length_ft":15,"slab_width_ft":10,"construction_date":"2015-06-01","construction_year":2015,"general_condition":"","pci_2022_2023":67,"pci_2024":67,"pci_change":0,"pci_2024_band":"60-79","scheduled_build_year":null,"in_2026_cip":"N","length_ft":514.2,"object_id":570}},{"type":"Feature","geometry":{"type":"LineString","coordinates":[[-87.7763434074571,41.88153626437065],[-87.77715234476764,41.88152446044228],[-87.77797285013013,41.88151251408399]]},"properties":{"alley_id":"404-N","alley_name":"ALLEY 404-N","section_id":"00","pid":"ALLEYS::404-N::00","from_street":"S Taylor Ave","to_street":"S Humphrey Ave","surface":"PCC","width_ft":18,"slab_length_ft":10,"slab_width_ft":6,"construction_date":"2004-06-01","construction_year":2004,"general_condition":"","pci_2022_2023":96,"pci_2024":96,"pci_change":0,"pci_2024_band":"80-100","scheduled_build_year":null,"in_2026_cip":"N","length_ft":443.8,"object_id":571}},{"type":"Feature","geometry":{"type":"LineString","coordinates":[[-87.77715234476764,41.88152446044228],[-87.7771121131469,41.88058276771334]]},"properties":{"alley_id":"404","alley_name":"ALLEY 404","section_id":"00","pid":"ALLEYS::404::00","from_street":"Alley 404 N","to_street":"Alley 404 S","surface":"PCC","width_ft":20,"slab_length_ft":12,"slab_width_ft":10,"construction_date":"2004-06-01","construction_year":2004,"general_condition":"","pci_2022_2023":93,"pci_2024":93,"pci_change":0,"pci_2024_band":"80-100","scheduled_build_year":null,"in_2026_cip":"N","length_ft":343.3,"object_id":572}},{"type":"Feature","geometry":{"type":"LineString","coordinates":[[-87.77797285013013,41.88151251408399],[-87.77960431264518,41.88148869639296]]},"properties":{"alley_id":"411-N","alley_name":"ALLEY 411-N","section_id":"00","pid":"ALLEYS::411-N::00","from_street":"S Lombard Ave","to_street":"S Taylor Ave","surface":"PCC","width_ft":18,"slab_length_ft":12,"slab_width_ft":6,"construction_date":"2007-06-01","construction_year":2007,"general_condition":"","pci_2022_2023":90,"pci_2024":90,"pci_change":0,"pci_2024_band":"80-100","scheduled_build_year":null,"in_2026_cip":"N","length_ft":444.4,"object_id":573}},{"type":"Feature","geometry":{"type":"LineString","coordinates":[[-87.778780868719,41.881500722150534],[-87.77874767480267,41.88055771883291]]},"properties":{"alley_id":"411","alley_name":"ALLEY 411","section_id":"00","pid":"ALLEYS::411::00","from_street":"Alley 411 N","to_street":"Alley 411 S","surface":"PCC","width_ft":20,"slab_length_ft":10,"slab_width_ft":6,"construction_date":"2007-06-01","construction_year":2007,"general_condition":"","pci_2022_2023":92,"pci_2024":92,"pci_change":0,"pci_2024_band":"80-100","scheduled_build_year":null,"in_2026_cip":"N","length_ft":343.8,"object_id":574}},{"type":"Feature","geometry":{"type":"LineString","coordinates":[[-87.77959824328065,41.881298463329],[-87.78123065719296,41.88126993362208]]},"properties":{"alley_id":"412-N","alley_name":"ALLEY 412-N","section_id":"00","pid":"ALLEYS::412-N::00","from_street":"S Harvey Ave","to_street":"S Lombard Ave","surface":"PCC","width_ft":16,"slab_length_ft":12,"slab_width_ft":8,"construction_date":"1979-06-01","construction_year":1979,"general_condition":"","pci_2022_2023":94,"pci_2024":94,"pci_change":0,"pci_2024_band":"80-100","scheduled_build_year":null,"in_2026_cip":"N","length_ft":444.7,"object_id":575}},{"type":"Feature","geometry":{"type":"LineString","coordinates":[[-87.78041531381072,41.8812841780738],[-87.78038018729477,41.880528324731735]]},"properties":{"alley_id":"412","alley_name":"ALLEY 412","section_id":"00","pid":"ALLEYS::412::00","from_street":"Alley 412 N","to_street":"Alley 412 S","surface":"PCC","width_ft":20,"slab_length_ft":12,"slab_width_ft":10,"construction_date":"1979-06-01","construction_year":1979,"general_condition":"","pci_2022_2023":92,"pci_2024":92,"pci_change":0,"pci_2024_band":"80-100","scheduled_build_year":null,"in_2026_cip":"N","length_ft":275.6,"object_id":576}},{"type":"Feature","geometry":{"type":"LineString","coordinates":[[-87.7812100293611,41.88051373786486],[-87.77957407022774,41.8805424969046]]},"properties":{"alley_id":"412-S","alley_name":"ALLEY 412-S","section_id":"00","pid":"ALLEYS::412-S::00","from_street":"S Harvey Ave","to_street":"S Lombard Ave","surface":"PCC","width_ft":16,"slab_length_ft":12,"slab_width_ft":8,"construction_date":"1979-06-01","construction_year":1979,"general_condition":"","pci_2022_2023":99,"pci_2024":99,"pci_change":0,"pci_2024_band":"80-100","scheduled_build_year":null,"in_2026_cip":"N","length_ft":445.6,"object_id":577}},{"type":"Feature","geometry":{"type":"LineString","coordinates":[[-87.77794054374054,41.88057009196121],[-87.77957412167828,41.880545049626]]},"properties":{"alley_id":"411-S","alley_name":"ALLEY 411-S","section_id":"00","pid":"ALLEYS::411-S::00","from_street":"S Lombard Ave","to_street":"S Taylor Ave","surface":"PCC","width_ft":16,"slab_length_ft":12,"slab_width_ft":6,"construction_date":"2007-06-01","construction_year":2007,"general_condition":"","pci_2022_2023":90,"pci_2024":92,"pci_change":2,"pci_2024_band":"80-100","scheduled_build_year":null,"in_2026_cip":"N","length_ft":445.0,"object_id":578}},{"type":"Feature","geometry":{"type":"LineString","coordinates":[[-87.7763155223171,41.88059496078506],[-87.77794054374054,41.88057009196121]]},"properties":{"alley_id":"404-S","alley_name":"ALLEY 404-S","section_id":"00","pid":"ALLEYS::404-S::00","from_street":"S Taylor Ave","to_street":"S Humphrey Ave","surface":"PCC","width_ft":18,"slab_length_ft":12,"slab_width_ft":6,"construction_date":"2004-06-01","construction_year":2004,"general_condition":"","pci_2022_2023":95,"pci_2024":95,"pci_change":0,"pci_2024_band":"80-100","scheduled_build_year":null,"in_2026_cip":"N","length_ft":442.6,"object_id":579}},{"type":"Feature","geometry":{"type":"LineString","coordinates":[[-87.77467845301105,41.88061999469827],[-87.7763155223171,41.88059496078506]]},"properties":{"alley_id":"403-S","alley_name":"ALLEY 403-S","section_id":"00","pid":"ALLEYS::403-S::00","from_street":"S Humphrey Ave","to_street":"S Austin Blvd","surface":"PCC","width_ft":18,"slab_length_ft":10,"slab_width_ft":6,"construction_date":"2007-06-01","construction_year":2007,"general_condition":"","pci_2022_2023":92,"pci_2024":92,"pci_change":0,"pci_2024_band":"80-100","scheduled_build_year":null,"in_2026_cip":"N","length_ft":445.9,"object_id":580}},{"type":"Feature","geometry":{"type":"LineString","coordinates":[[-87.78201943526416,41.880501325664916],[-87.7812100293611,41.88051373786486]]},"properties":{"alley_id":"419-S","alley_name":"ALLEY 419-S","section_id":"00","pid":"ALLEYS::419-S::00","from_street":"Alley 419","to_street":"S Harvey Ave","surface":"AC","width_ft":16,"slab_length_ft":0,"slab_width_ft":0,"construction_date":"2003-06-01","construction_year":2003,"general_condition":"","pci_2022_2023":22,"pci_2024":22,"pci_change":0,"pci_2024_band":"0-39","scheduled_build_year":2027,"in_2026_cip":"N","length_ft":220.5,"object_id":581}},{"type":"Feature","geometry":{"type":"LineString","coordinates":[[-87.78282777570963,41.880488930562734],[-87.78201943526416,41.880501325664916]]},"properties":{"alley_id":"420-E","alley_name":"ALLEY 420-E","section_id":"00","pid":"ALLEYS::420-E::00","from_street":"S Cuyler Ave","to_street":"Alley 419","surface":"AC","width_ft":18,"slab_length_ft":0,"slab_width_ft":0,"construction_date":"2003-06-01","construction_year":2003,"general_condition":"","pci_2022_2023":58,"pci_2024":58,"pci_change":0,"pci_2024_band":"40-59","scheduled_build_year":null,"in_2026_cip":"N","length_ft":220.2,"object_id":582}},{"type":"Feature","geometry":{"type":"LineString","coordinates":[[-87.7844729821791,41.88045638161702],[-87.78282777570963,41.880488930562734]]},"properties":{"alley_id":"420-S","alley_name":"ALLEY 420-S","section_id":"00","pid":"ALLEYS::420-S::00","from_street":"S Ridgeland Ave","to_street":"S Cuyler Ave","surface":"AC","width_ft":16,"slab_length_ft":0,"slab_width_ft":0,"construction_date":"2003-06-01","construction_year":2003,"general_condition":"","pci_2022_2023":58,"pci_2024":58,"pci_change":0,"pci_2024_band":"40-59","scheduled_build_year":2027,"in_2026_cip":"N","length_ft":448.2,"object_id":583}},{"type":"Feature","geometry":{"type":"LineString","coordinates":[[-87.78204857163404,41.881255640801925],[-87.78201943526416,41.880501325664916]]},"properties":{"alley_id":"419","alley_name":"ALLEY 419","section_id":"00","pid":"ALLEYS::419::00","from_street":"Alley 419 N","to_street":"Alley 419 S","surface":"AC","width_ft":30,"slab_length_ft":0,"slab_width_ft":0,"construction_date":"2003-06-01","construction_year":2003,"general_condition":"","pci_2022_2023":17,"pci_2024":17,"pci_change":0,"pci_2024_band":"0-39","scheduled_build_year":2027,"in_2026_cip":"N","length_ft":275.0,"object_id":584}},{"type":"Feature","geometry":{"type":"LineString","coordinates":[[-87.78123065719296,41.88126993362208],[-87.78204857163404,41.881255640801925]]},"properties":{"alley_id":"419-N","alley_name":"ALLEY 419-N","section_id":"00","pid":"ALLEYS::419-N::00","from_street":"Alley 419","to_street":"S Harvey Ave","surface":"PCC","width_ft":16,"slab_length_ft":15,"slab_width_ft":6,"construction_date":"2012-06-01","construction_year":2012,"general_condition":"","pci_2022_2023":84,"pci_2024":84,"pci_change":0,"pci_2024_band":"80-100","scheduled_build_year":null,"in_2026_cip":"N","length_ft":222.8,"object_id":585}},{"type":"Feature","geometry":{"type":"LineString","coordinates":[[-87.78204857163404,41.881255640801925],[-87.78286296026373,41.88124138107667]]},"properties":{"alley_id":"419-W","alley_name":"ALLEY 419-W","section_id":"00","pid":"ALLEYS::419-W::00","from_street":"S Cuyler Ave","to_street":"Alley 419","surface":"AC","width_ft":16,"slab_length_ft":0,"slab_width_ft":0,"construction_date":"2003-06-01","construction_year":2003,"general_condition":"","pci_2022_2023":21,"pci_2024":21,"pci_change":0,"pci_2024_band":"0-39","scheduled_build_year":2027,"in_2026_cip":"N","length_ft":221.8,"object_id":586}},{"type":"Feature","geometry":{"type":"LineString","coordinates":[[-87.78612113994964,41.88114934957125],[-87.78530683160145,41.8811630304592],[-87.78449221703816,41.88117373927833]]},"properties":{"alley_id":"427-N","alley_name":"ALLEY 427-N","section_id":"00","pid":"ALLEYS::427-N::00","from_street":"S Elmwood Ave","to_street":"S Ridgeland Ave","surface":"PCC","width_ft":24,"slab_length_ft":12,"slab_width_ft":10,"construction_date":"2005-06-01","construction_year":2005,"general_condition":"","pci_2022_2023":92,"pci_2024":92,"pci_change":0,"pci_2024_band":"80-100","scheduled_build_year":null,"in_2026_cip":"N","length_ft":443.7,"object_id":587}},{"type":"Feature","geometry":{"type":"LineString","coordinates":[[-87.78530683160145,41.8811630304592],[-87.78528314884099,41.88044502055522]]},"properties":{"alley_id":"427","alley_name":"ALLEY 427","section_id":"00","pid":"ALLEYS::427::00","from_street":"Alley 427 N","to_street":"Alley 427 S","surface":"PCC","width_ft":24,"slab_length_ft":12,"slab_width_ft":6,"construction_date":"2005-06-01","construction_year":2005,"general_condition":"","pci_2022_2023":91,"pci_2024":91,"pci_change":0,"pci_2024_band":"80-100","scheduled_build_year":null,"in_2026_cip":"N","length_ft":261.7,"object_id":588}},{"type":"Feature","geometry":{"type":"LineString","coordinates":[[-87.78622342560546,41.880431282757975],[-87.78609298518562,41.880433652203166],[-87.7844729821791,41.88045638161702]]},"properties":{"alley_id":"427-S","alley_name":"ALLEY 427-S","section_id":"00","pid":"ALLEYS::427-S::00","from_street":"S Elmwood Ave","to_street":"S Ridgeland Ave","surface":"PCC","width_ft":15,"slab_length_ft":33,"slab_width_ft":8,"construction_date":"1900-01-01","construction_year":1900,"general_condition":"","pci_2022_2023":52,"pci_2024":57,"pci_change":5,"pci_2024_band":"40-59","scheduled_build_year":null,"in_2026_cip":"N","length_ft":476.8,"object_id":589}},{"type":"Feature","geometry":{"type":"LineString","coordinates":[[-87.78690677910112,41.880418865761165],[-87.78622342560546,41.880431282757975]]},"properties":{"alley_id":"428-S","alley_name":"ALLEY 428-S","section_id":"00","pid":"ALLEYS::428-S::00","from_street":"Alley 428","to_street":"S Elmwood Ave","surface":"AC","width_ft":15,"slab_length_ft":0,"slab_width_ft":0,"construction_date":"1900-01-01","construction_year":1900,"general_condition":"","pci_2022_2023":65,"pci_2024":65,"pci_change":0,"pci_2024_band":"60-79","scheduled_build_year":null,"in_2026_cip":"N","length_ft":186.2,"object_id":590}},{"type":"Feature","geometry":{"type":"LineString","coordinates":[[-87.78692316235285,41.881137993064094],[-87.78690677910112,41.880418865761165]]},"properties":{"alley_id":"428","alley_name":"ALLEY 428","section_id":"00","pid":"ALLEYS::428::00","from_street":"Alley 428 N","to_street":"Alley 428 S","surface":"PCC","width_ft":17,"slab_length_ft":33,"slab_width_ft":17,"construction_date":"1923-06-01","construction_year":1923,"general_condition":"","pci_2022_2023":14,"pci_2024":30,"pci_change":16,"pci_2024_band":"0-39","scheduled_build_year":2028,"in_2026_cip":"N","length_ft":262.1,"object_id":591}},{"type":"Feature","geometry":{"type":"LineString","coordinates":[[-87.78775754160537,41.881126152635645],[-87.78692316235285,41.881137993064094],[-87.78612113994964,41.88114934957125]]},"properties":{"alley_id":"428-N","alley_name":"ALLEY 428-N","section_id":"00","pid":"ALLEYS::428-N::00","from_street":"S Scoville Ave","to_street":"S Elmwood Ave","surface":"PCC","width_ft":15,"slab_length_ft":33,"slab_width_ft":15,"construction_date":"1900-01-01","construction_year":1900,"general_condition":"","pci_2022_2023":6,"pci_2024":20,"pci_change":14,"pci_2024_band":"0-39","scheduled_build_year":2028,"in_2026_cip":"N","length_ft":445.7,"object_id":592}},{"type":"Feature","geometry":{"type":"LineString","coordinates":[[-87.78289334494904,41.88221935793464],[-87.78452085506194,41.882182882680716]]},"properties":{"alley_id":"421-S","alley_name":"ALLEY 421-S","section_id":"00","pid":"ALLEYS::421-S::00","from_street":"S Ridgeland Ave","to_street":"S Cuyler Ave","surface":"PCC","width_ft":16,"slab_length_ft":10,"slab_width_ft":6,"construction_date":"2004-06-01","construction_year":2004,"general_condition":"","pci_2022_2023":98,"pci_2024":98,"pci_change":0,"pci_2024_band":"80-100","scheduled_build_year":null,"in_2026_cip":"N","length_ft":443.4,"object_id":593}},{"type":"Feature","geometry":{"type":"LineString","coordinates":[[-87.78370002908137,41.882201285624646],[-87.78375212565221,41.883488406036285]]},"properties":{"alley_id":"421","alley_name":"ALLEY 421","section_id":"00","pid":"ALLEYS::421::00","from_street":"Randolph St","to_street":"Alley 421 S","surface":"AC","width_ft":18,"slab_length_ft":0,"slab_width_ft":0,"construction_date":"1924-06-01","construction_year":1924,"general_condition":"","pci_2022_2023":45,"pci_2024":45,"pci_change":0,"pci_2024_band":"40-59","scheduled_build_year":null,"in_2026_cip":"N","length_ft":469.2,"object_id":594}},{"type":"Feature","geometry":{"type":"LineString","coordinates":[[-87.78289357884462,41.88222635742269],[-87.78207697446253,41.88224057970152],[-87.78125897421269,41.8822548443834]]},"properties":{"alley_id":"418-S","alley_name":"ALLEY 418-S","section_id":"00","pid":"ALLEYS::418-S::00","from_street":"S Cuyler Ave","to_street":"S Harvey Ave","surface":"PCC","width_ft":18,"slab_length_ft":33,"slab_width_ft":18,"construction_date":"1900-01-01","construction_year":1900,"general_condition":"","pci_2022_2023":15,"pci_2024":33,"pci_change":18,"pci_2024_band":"0-39","scheduled_build_year":null,"in_2026_cip":"N","length_ft":445.3,"object_id":595}},{"type":"Feature","geometry":{"type":"LineString","coordinates":[[-87.78212045218474,41.88374463756417],[-87.78207697446253,41.88224057970152]]},"properties":{"alley_id":"418","alley_name":"ALLEY 418","section_id":"00","pid":"ALLEYS::418::00","from_street":"Randolph St","to_street":"Alley 418 S","surface":"PCC","width_ft":20,"slab_length_ft":33,"slab_width_ft":20,"construction_date":"1922-06-01","construction_year":1922,"general_condition":"","pci_2022_2023":16,"pci_2024":33,"pci_change":17,"pci_2024_band":"0-39","scheduled_build_year":null,"in_2026_cip":"N","length_ft":548.2,"object_id":596}},{"type":"Feature","geometry":{"type":"LineString","coordinates":[[-87.78537507276693,41.88345244519334],[-87.7853410153207,41.88224656848234]]},"properties":{"alley_id":"426","alley_name":"ALLEY 426","section_id":"00","pid":"ALLEYS::426::00","from_street":"Randolph St","to_street":"Alley 426 S","surface":"PCC","width_ft":15,"slab_length_ft":33,"slab_width_ft":15,"construction_date":"1922-06-01","construction_year":1922,"general_condition":"","pci_2022_2023":15,"pci_2024":33,"pci_change":18,"pci_2024_band":"0-39","scheduled_build_year":null,"in_2026_cip":"N","length_ft":439.5,"object_id":597}},{"type":"Feature","geometry":{"type":"LineString","coordinates":[[-87.78452311408486,41.882257920870295],[-87.7853410153207,41.88224656848234],[-87.78615752002848,41.88223520361451]]},"properties":{"alley_id":"426-S","alley_name":"ALLEY 426-S","section_id":"00","pid":"ALLEYS::426-S::00","from_street":"S Elmwood Ave","to_street":"S Ridgeland Ave","surface":"PCC","width_ft":15,"slab_length_ft":33,"slab_width_ft":15,"construction_date":"1900-01-01","construction_year":1900,"general_condition":"","pci_2022_2023":14,"pci_2024":30,"pci_change":16,"pci_2024_band":"0-39","scheduled_build_year":null,"in_2026_cip":"N","length_ft":445.2,"object_id":598}},{"type":"Feature","geometry":{"type":"LineString","coordinates":[[-87.7861572326795,41.88222595482083],[-87.78778757022562,41.88219781632817]]},"properties":{"alley_id":"429-S","alley_name":"ALLEY 429-S","section_id":"00","pid":"ALLEYS::429-S::00","from_street":"S Scoville Ave","to_street":"S Elmwood Ave","surface":"PCC","width_ft":18,"slab_length_ft":10,"slab_width_ft":6,"construction_date":"2006-06-01","construction_year":2006,"general_condition":"","pci_2022_2023":93,"pci_2024":93,"pci_change":0,"pci_2024_band":"80-100","scheduled_build_year":null,"in_2026_cip":"N","length_ft":444.1,"object_id":599}},{"type":"Feature","geometry":{"type":"LineString","coordinates":[[-87.78700684436264,41.88342358368851],[-87.7869839710756,41.882211695916006]]},"properties":{"alley_id":"429","alley_name":"ALLEY 429","section_id":"00","pid":"ALLEYS::429::00","from_street":"Randolph St","to_street":"Alley 429 S","surface":"PCC","width_ft":20,"slab_length_ft":12,"slab_width_ft":6,"construction_date":"2006-06-01","construction_year":2006,"general_condition":"","pci_2022_2023":95,"pci_2024":95,"pci_change":0,"pci_2024_band":"80-100","scheduled_build_year":null,"in_2026_cip":"N","length_ft":441.7,"object_id":600}},{"type":"Feature","geometry":{"type":"LineString","coordinates":[[-87.78863692541331,41.88339471888656],[-87.7886092623567,41.88218538816056]]},"properties":{"alley_id":"434","alley_name":"ALLEY 434","section_id":"00","pid":"ALLEYS::434::00","from_street":"Randolph St","to_street":"Alley 434 S","surface":"PCC","width_ft":20,"slab_length_ft":33,"slab_width_ft":20,"construction_date":"2004-06-01","construction_year":2004,"general_condition":"","pci_2022_2023":15,"pci_2024":33,"pci_change":18,"pci_2024_band":"0-39","scheduled_build_year":2025,"in_2026_cip":"N","length_ft":440.8,"object_id":601}},{"type":"Feature","geometry":{"type":"LineString","coordinates":[[-87.78778757022562,41.88219781632817],[-87.78942867702595,41.882172971237146]]},"properties":{"alley_id":"434-S","alley_name":"ALLEY 434-S","section_id":"00","pid":"ALLEYS::434-S::00","from_street":"S East Ave","to_street":"S Scoville Ave","surface":"PCC","width_ft":18,"slab_length_ft":15,"slab_width_ft":6,"construction_date":"2004-06-01","construction_year":2004,"general_condition":"","pci_2022_2023":77,"pci_2024":80,"pci_change":3,"pci_2024_band":"80-100","scheduled_build_year":null,"in_2026_cip":"N","length_ft":447.0,"object_id":604}},{"type":"Feature","geometry":{"type":"LineString","coordinates":[[-87.79027629706762,41.88336565519321],[-87.79023004479289,41.881620202232064]]},"properties":{"alley_id":"437","alley_name":"ALLEY 437","section_id":"00","pid":"ALLEYS::437::00","from_street":"Randolph St","to_street":"Washington Blvd","surface":"PCC","width_ft":18,"slab_length_ft":12,"slab_width_ft":6,"construction_date":"2008-06-01","construction_year":2008,"general_condition":"","pci_2022_2023":94,"pci_2024":94,"pci_change":0,"pci_2024_band":"80-100","scheduled_build_year":null,"in_2026_cip":"N","length_ft":636.2,"object_id":605}},{"type":"Feature","geometry":{"type":"LineString","coordinates":[[-87.79020679822001,41.88109569270369],[-87.7894000213825,41.881113471776565]]},"properties":{"alley_id":"436-N","alley_name":"ALLEY 436-N","section_id":"00","pid":"ALLEYS::436-N::00","from_street":"Alley 436","to_street":"S East Ave","surface":"PCC","width_ft":15,"slab_length_ft":36,"slab_width_ft":5,"construction_date":"1900-01-01","construction_year":1900,"general_condition":"","pci_2022_2023":30,"pci_2024":44,"pci_change":14,"pci_2024_band":"40-59","scheduled_build_year":2027,"in_2026_cip":"N","length_ft":219.8,"object_id":606}},{"type":"Feature","geometry":{"type":"LineString","coordinates":[[-87.78937942308907,41.88037283812893],[-87.79017419434084,41.88035810318939],[-87.79100695431589,41.88034101758849]]},"properties":{"alley_id":"436-S","alley_name":"ALLEY 436-S","section_id":"00","pid":"ALLEYS::436-S::00","from_street":"Wesley Ave","to_street":"S East Ave","surface":"PCC","width_ft":15,"slab_length_ft":33,"slab_width_ft":8,"construction_date":"1900-01-01","construction_year":1900,"general_condition":"","pci_2022_2023":22,"pci_2024":39,"pci_change":17,"pci_2024_band":"0-39","scheduled_build_year":2027,"in_2026_cip":"N","length_ft":443.4,"object_id":607}},{"type":"Feature","geometry":{"type":"LineString","coordinates":[[-87.79023004479289,41.881620202232064],[-87.79020679822001,41.88109569270369],[-87.79017419434084,41.88035810318939]]},"properties":{"alley_id":"436","alley_name":"ALLEY 436","section_id":"00","pid":"ALLEYS::436::00","from_street":"Washington Blvd","to_street":"Alley 436 S","surface":"PCC","width_ft":15,"slab_length_ft":10,"slab_width_ft":10,"construction_date":"2018-06-01","construction_year":2018,"general_condition":"","pci_2022_2023":40,"pci_2024":57,"pci_change":17,"pci_2024_band":"40-59","scheduled_build_year":2027,"in_2026_cip":"N","length_ft":460.2,"object_id":608}},{"type":"Feature","geometry":{"type":"LineString","coordinates":[[-87.78501475648416,41.87809935181785],[-87.78495182449024,41.876273216873955]]},"properties":{"alley_id":"532","alley_name":"ALLEY 532","section_id":"00","pid":"ALLEYS::532::00","from_street":"Adams St","to_street":"Jackson Blvd","surface":"AC","width_ft":16,"slab_length_ft":0,"slab_width_ft":0,"construction_date":"1977-06-01","construction_year":1977,"general_condition":"","pci_2022_2023":51,"pci_2024":51,"pci_change":0,"pci_2024_band":"40-59","scheduled_build_year":null,"in_2026_cip":"N","length_ft":665.7,"object_id":609}},{"type":"Feature","geometry":{"type":"LineString","coordinates":[[-87.78623890774794,41.87807751434821],[-87.78617641506659,41.876253838258656]]},"properties":{"alley_id":"537","alley_name":"ALLEY 537","section_id":"00","pid":"ALLEYS::537::00","from_street":"Adams St","to_street":"Jackson Blvd","surface":"AC","width_ft":15,"slab_length_ft":0,"slab_width_ft":0,"construction_date":"1971-06-01","construction_year":1971,"general_condition":"","pci_2022_2023":8,"pci_2024":100,"pci_change":92,"pci_2024_band":"80-100","scheduled_build_year":null,"in_2026_cip":"N","length_ft":664.8,"object_id":610}},{"type":"Feature","geometry":{"type":"LineString","coordinates":[[-87.79119753008848,41.87929044840295],[-87.79113436169092,41.877992703449934]]},"properties":{"alley_id":"554","alley_name":"ALLEY 554","section_id":"00","pid":"ALLEYS::554::00","from_street":"Alley 554 N","to_street":"Adams St","surface":"AC","width_ft":16,"slab_length_ft":0,"slab_width_ft":0,"construction_date":"1977-06-01","construction_year":1977,"general_condition":"","pci_2022_2023":58,"pci_2024":58,"pci_change":0,"pci_2024_band":"40-59","scheduled_build_year":null,"in_2026_cip":"N","length_ft":473.2,"object_id":611}},{"type":"Feature","geometry":{"type":"LineString","coordinates":[[-87.78518312954421,41.88345583822346],[-87.78518954777276,41.88385205575746],[-87.78538597618893,41.88384390960053]]},"properties":{"alley_id":"425-E","alley_name":"ALLEY 425-E","section_id":"00","pid":"ALLEYS::425-E::00","from_street":"Alley 425","to_street":"Randolph St","surface":"PCC","width_ft":12,"slab_length_ft":10,"slab_width_ft":4,"construction_date":"2022-05-01","construction_year":2022,"general_condition":"","pci_2022_2023":100,"pci_2024":100,"pci_change":0,"pci_2024_band":"80-100","scheduled_build_year":null,"in_2026_cip":"N","length_ft":198.0,"object_id":612}},{"type":"Feature","geometry":{"type":"LineString","coordinates":[[-87.80114230808984,41.89125462237515],[-87.80198138556254,41.89124295983682]]},"properties":{"alley_id":"366-W","alley_name":"ALLEY 366-W","section_id":"05","pid":"ALLEYS::366-W::05","from_street":"N Marion St","to_street":"Alley 366","surface":"PCC","width_ft":22,"slab_length_ft":10,"slab_width_ft":6,"construction_date":"2003-06-01","construction_year":2003,"general_condition":"","pci_2022_2023":93,"pci_2024":80,"pci_change":-13,"pci_2024_band":"80-100","scheduled_build_year":null,"in_2026_cip":"N","length_ft":228.5,"object_id":614}},{"type":"Feature","geometry":{"type":"LineString","coordinates":[[-87.78419620441754,41.872170594939035],[-87.78467107883657,41.87216389084956],[-87.78542523854969,41.87231389724735]]},"properties":{"alley_id":"600","alley_name":"ALLEY 600","section_id":"00","pid":"ALLEYS::600::00","from_street":"S Elmwood Ave","to_street":"S Ridgeland Ave","surface":"PCC","width_ft":16,"slab_length_ft":20,"slab_width_ft":16,"construction_date":"1900-01-01","construction_year":1900,"general_condition":"","pci_2022_2023":41,"pci_2024":55,"pci_change":14,"pci_2024_band":"40-59","scheduled_build_year":null,"in_2026_cip":"N","length_ft":341.9,"object_id":615}},{"type":"Feature","geometry":{"type":"LineString","coordinates":[[-87.77551896808903,41.88140495789862],[-87.77549718958555,41.88060748118979]]},"properties":{"alley_id":"403","alley_name":"ALLEY 403","section_id":"00","pid":"ALLEYS::403::00","from_street":"Alley 403 N","to_street":"Alley 403 S","surface":"PCC","width_ft":18,"slab_length_ft":10,"slab_width_ft":6,"construction_date":"2007-06-01","construction_year":2007,"general_condition":"","pci_2022_2023":92,"pci_2024":92,"pci_change":0,"pci_2024_band":"80-100","scheduled_build_year":null,"in_2026_cip":"N","length_ft":290.7,"object_id":617}},{"type":"Feature","geometry":{"type":"LineString","coordinates":[[-87.778123757507,41.88654120421438],[-87.77732748521647,41.88655052464938],[-87.77730783672082,41.88655073113216],[-87.77650146398648,41.88656016079675]]},"properties":{"alley_id":"407-N","alley_name":"ALLEY 407-N","section_id":"00","pid":"ALLEYS::407-N::00","from_street":"S Taylor Ave","to_street":"S Humphrey Ave","surface":"PCC","width_ft":16,"slab_length_ft":33,"slab_width_ft":6,"construction_date":"1900-01-01","construction_year":1900,"general_condition":"","pci_2022_2023":39,"pci_2024":51,"pci_change":12,"pci_2024_band":"40-59","scheduled_build_year":null,"in_2026_cip":"N","length_ft":441.8,"object_id":618}},{"type":"Feature","geometry":{"type":"LineString","coordinates":[[-87.79805892065275,41.87828600138401],[-87.79800836191636,41.8768686322441]]},"properties":{"alley_id":"578","alley_name":"ALLEY 578","section_id":"00","pid":"ALLEYS::578::00","from_street":"Monroe Ave","to_street":"Adams St","surface":"PCC","width_ft":16,"slab_length_ft":12,"slab_width_ft":6,"construction_date":"2011-06-01","construction_year":2011,"general_condition":"","pci_2022_2023":92,"pci_2024":92,"pci_change":0,"pci_2024_band":"80-100","scheduled_build_year":null,"in_2026_cip":"N","length_ft":516.7,"object_id":619}},{"type":"Feature","geometry":{"type":"LineString","coordinates":[[-87.79368977654369,41.89157254592351],[-87.79373302801056,41.89294534532491]]},"properties":{"alley_id":"350","alley_name":"ALLEY 350","section_id":"00","pid":"ALLEYS::350::00","from_street":"Superior St","to_street":"Erie St","surface":"PCC","width_ft":22,"slab_length_ft":10,"slab_width_ft":6,"construction_date":"2007-06-01","construction_year":2007,"general_condition":"","pci_2022_2023":90,"pci_2024":91,"pci_change":1,"pci_2024_band":"80-100","scheduled_build_year":null,"in_2026_cip":"N","length_ft":500.4,"object_id":620}},{"type":"Feature","geometry":{"type":"LineString","coordinates":[[-87.78210258388265,41.90867886852647],[-87.78145134207024,41.908689323865275],[-87.780801979912,41.90869912640673],[-87.78145134207024,41.908689323865275]]},"properties":{"alley_id":"115-N","alley_name":"ALLEY 115-N","section_id":"00","pid":"ALLEYS::115-N::00","from_street":"N Harvey St","to_street":"N Lombard Ave","surface":"PCC","width_ft":22,"slab_length_ft":15,"slab_width_ft":5,"construction_date":"2013-06-01","construction_year":2013,"general_condition":"","pci_2022_2023":91,"pci_2024":91,"pci_change":0,"pci_2024_band":"80-100","scheduled_build_year":null,"in_2026_cip":"N","length_ft":530.9,"object_id":621}},{"type":"Feature","geometry":{"type":"LineString","coordinates":[[-87.7807479810791,41.90692647255551],[-87.78009718558144,41.906935853682924],[-87.77944503626522,41.90694524980081]]},"properties":{"alley_id":"109-N","alley_name":"ALLEY 109-N","section_id":"00","pid":"ALLEYS::109-N::00","from_street":"N Lombard Ave","to_street":"N Hayes Ave","surface":"PCC","width_ft":22,"slab_length_ft":15,"slab_width_ft":6,"construction_date":"2011-06-01","construction_year":2011,"general_condition":"","pci_2022_2023":92,"pci_2024":92,"pci_change":0,"pci_2024_band":"80-100","scheduled_build_year":null,"in_2026_cip":"N","length_ft":354.7,"object_id":622}},{"type":"Feature","geometry":{"type":"LineString","coordinates":[[-87.8007336185176,41.88085789187199],[-87.80154102055856,41.88084111827367]]},"properties":{"alley_id":"467-N","alley_name":"ALLEY 467-N","section_id":"00","pid":"ALLEYS::467-N::00","from_street":"Pennysylvania Way","to_street":"Chestnut Ln","surface":"PCC","width_ft":24,"slab_length_ft":12,"slab_width_ft":12,"construction_date":"2015-06-01","construction_year":2015,"general_condition":"","pci_2022_2023":93,"pci_2024":93,"pci_change":0,"pci_2024_band":"80-100","scheduled_build_year":null,"in_2026_cip":"N","length_ft":220.0,"object_id":623}},{"type":"Feature","geometry":{"type":"LineString","coordinates":[[-87.80457471892863,41.875388585237324],[-87.80439096074349,41.87539232629818],[-87.80429770213696,41.874221442435775]]},"properties":{"alley_id":"598","alley_name":"ALLEY 598","section_id":"00","pid":"ALLEYS::598::00","from_street":"Harlem Ave","to_street":"Alley 598 S","surface":"PCC","width_ft":16,"slab_length_ft":45,"slab_width_ft":9,"construction_date":"1900-01-01","construction_year":1900,"general_condition":"","pci_2022_2023":45,"pci_2024":56,"pci_change":11,"pci_2024_band":"40-59","scheduled_build_year":null,"in_2026_cip":"N","length_ft":477.5,"object_id":624}},{"type":"Feature","geometry":{"type":"LineString","coordinates":[[-87.77496455607226,41.87148605628475],[-87.7755353889199,41.87147728058254],[-87.77559901441266,41.87151745234963]]},"properties":{"alley_id":"607-S","alley_name":"ALLEY 607-S","section_id":"00","pid":"ALLEYS::607-S::00","from_street":"Flournoy St","to_street":"Alley 607","surface":"PCC","width_ft":18,"slab_length_ft":33,"slab_width_ft":18,"construction_date":"1900-01-01","construction_year":1900,"general_condition":"","pci_2022_2023":48,"pci_2024":63,"pci_change":15,"pci_2024_band":"60-79","scheduled_build_year":null,"in_2026_cip":"N","length_ft":178.2,"object_id":625}},{"type":"Feature","geometry":{"type":"LineString","coordinates":[[-87.77864021430061,41.871692985582115],[-87.77839050266857,41.87165927498344],[-87.77804196254606,41.8716644094913]]},"properties":{"alley_id":"604-S","alley_name":"ALLEY 604-S","section_id":"00","pid":"ALLEYS::604-S::00","from_street":"Alley 604","to_street":"S Taylor Ave","surface":"PCC","width_ft":20,"slab_length_ft":24,"slab_width_ft":20,"construction_date":"1900-01-01","construction_year":1900,"general_condition":"","pci_2022_2023":61,"pci_2024":65,"pci_change":4,"pci_2024_band":"60-79","scheduled_build_year":null,"in_2026_cip":"N","length_ft":164.1,"object_id":626}},{"type":"Feature","geometry":{"type":"LineString","coordinates":[[-87.78234027367132,41.871904019895105],[-87.78173469687444,41.87191787644648]]},"properties":{"alley_id":"602-S","alley_name":"ALLEY 602-S","section_id":"00","pid":"ALLEYS::602-S::00","from_street":"Alley 602","to_street":"Flournoy St","surface":"PCC","width_ft":14,"slab_length_ft":20,"slab_width_ft":14,"construction_date":"1900-01-01","construction_year":1900,"general_condition":"","pci_2022_2023":41,"pci_2024":57,"pci_change":16,"pci_2024_band":"40-59","scheduled_build_year":null,"in_2026_cip":"N","length_ft":165.0,"object_id":627}},{"type":"Feature","geometry":{"type":"LineString","coordinates":[[-87.80432045891354,41.89183925308499],[-87.80427028382198,41.890555125160276]]},"properties":{"alley_id":"373-W","alley_name":"ALLEY 373-W","section_id":"00","pid":"ALLEYS::373-W::00","from_street":"Erie St","to_street":"Ontario St","surface":"PCC","width_ft":22,"slab_length_ft":24,"slab_width_ft":10,"construction_date":"1900-01-01","construction_year":1900,"general_condition":"","pci_2022_2023":68,"pci_2024":66,"pci_change":-2,"pci_2024_band":"60-79","scheduled_build_year":null,"in_2026_cip":"N","length_ft":468.1,"object_id":628}},{"type":"Feature","geometry":{"type":"LineString","coordinates":[[-87.8042928171067,41.891197569042504],[-87.80273375082348,41.891230602441844]]},"properties":{"alley_id":"373-S","alley_name":"ALLEY 373-S","section_id":"00","pid":"ALLEYS::373-S::00","from_street":"Harlem Ct","to_street":"N Marion St","surface":"PCC","width_ft":22,"slab_length_ft":24,"slab_width_ft":10,"construction_date":"1900-01-01","construction_year":1900,"general_condition":"","pci_2022_2023":74,"pci_2024":77,"pci_change":3,"pci_2024_band":"60-79","scheduled_build_year":null,"in_2026_cip":"N","length_ft":424.7,"object_id":629}},{"type":"Feature","geometry":{"type":"LineString","coordinates":[[-87.80199783935178,41.891883139487604],[-87.80198138013125,41.891242742829256],[-87.80196484113755,41.890599208936855]]},"properties":{"alley_id":"366-N","alley_name":"ALLEY 366-N","section_id":"00","pid":"ALLEYS::366-N::00","from_street":"Erie St","to_street":"Ontario St","surface":"PCC","width_ft":18,"slab_length_ft":24,"slab_width_ft":18,"construction_date":"1900-01-01","construction_year":1900,"general_condition":"","pci_2022_2023":45,"pci_2024":59,"pci_change":14,"pci_2024_band":"40-59","scheduled_build_year":null,"in_2026_cip":"N","length_ft":468.0,"object_id":630}},{"type":"Feature","geometry":{"type":"LineString","coordinates":[[-87.79652673293248,41.87548945298267],[-87.79646577522638,41.873178567874035]]},"properties":{"alley_id":"575","alley_name":"ALLEY 575","section_id":"00","pid":"ALLEYS::575::00","from_street":"Jackson Blvd","to_street":"Harrison St","surface":"PCC","width_ft":22,"slab_length_ft":15,"slab_width_ft":8,"construction_date":"2017-06-01","construction_year":2017,"general_condition":"","pci_2022_2023":98,"pci_2024":98,"pci_change":0,"pci_2024_band":"80-100","scheduled_build_year":null,"in_2026_cip":"N","length_ft":842.3,"object_id":631}},{"type":"Feature","geometry":{"type":"LineString","coordinates":[[-87.78232753929792,41.89077362150994],[-87.78230936063333,41.890456844462896]]},"properties":{"alley_id":"321","alley_name":"ALLEY 321","section_id":"00","pid":"ALLEYS::321::00","from_street":"North End","to_street":"Ontario St","surface":"PCC","width_ft":22,"slab_length_ft":15,"slab_width_ft":10,"construction_date":"2018-06-01","construction_year":2018,"general_condition":"","pci_2022_2023":87,"pci_2024":86,"pci_change":-1,"pci_2024_band":"80-100","scheduled_build_year":null,"in_2026_cip":"N","length_ft":115.5,"object_id":632}},{"type":"Feature","geometry":{"type":"LineString","coordinates":[[-87.77599770214619,41.90382768927798],[-87.77594581216637,41.9021551706715]]},"properties":{"alley_id":"100","alley_name":"ALLEY 100","section_id":"00","pid":"ALLEYS::100::00","from_street":"Berksire St","to_street":"Division St","surface":"AC","width_ft":22,"slab_length_ft":0,"slab_width_ft":0,"construction_date":"1900-01-01","construction_year":1900,"general_condition":"","pci_2022_2023":24,"pci_2024":24,"pci_change":0,"pci_2024_band":"0-39","scheduled_build_year":null,"in_2026_cip":"N","length_ft":609.6,"object_id":633}},{"type":"Feature","geometry":{"type":"LineString","coordinates":[[-87.78138115283657,41.88649984003969],[-87.78057297311838,41.886510346614145]]},"properties":{"alley_id":"415-N","alley_name":"ALLEY 415-N","section_id":"00","pid":"ALLEYS::415-N::00","from_street":"S Harvey Ave","to_street":"Alley 415","surface":"PCC","width_ft":16,"slab_length_ft":33,"slab_width_ft":16,"construction_date":"2009-06-01","construction_year":2009,"general_condition":"","pci_2022_2023":16,"pci_2024":30,"pci_change":14,"pci_2024_band":"0-39","scheduled_build_year":null,"in_2026_cip":"N","length_ft":220.1,"object_id":636}},{"type":"Feature","geometry":{"type":"LineString","coordinates":[[-87.80111358309793,41.880241771847516],[-87.80071098582525,41.8802491392871]]},"properties":{"alley_id":"467-S","alley_name":"ALLEY 467-S","section_id":"00","pid":"ALLEYS::467-S::00","from_street":"West End","to_street":"Chestnut Ln","surface":"PCC","width_ft":20,"slab_length_ft":10,"slab_width_ft":6,"construction_date":"1969-06-01","construction_year":1969,"general_condition":"","pci_2022_2023":80,"pci_2024":80,"pci_change":0,"pci_2024_band":"80-100","scheduled_build_year":null,"in_2026_cip":"N","length_ft":109.7,"object_id":637}},{"type":"Feature","geometry":{"type":"LineString","coordinates":[[-87.79396748177213,41.887956343495944],[-87.79396967343496,41.88731963521395]]},"properties":{"alley_id":"353","alley_name":"Alley 353","section_id":"05","pid":"ALLEYS::353::05","from_street":"Alley 353 S","to_street":"North Blvd","surface":"PCC","width_ft":12,"slab_length_ft":10,"slab_width_ft":9,"construction_date":"2004-06-01","construction_year":2004,"general_condition":"","pci_2022_2023":87,"pci_2024":93,"pci_change":6,"pci_2024_band":"80-100","scheduled_build_year":null,"in_2026_cip":"N","length_ft":232.0,"object_id":638}},{"type":"Feature","geometry":{"type":"LineString","coordinates":[[-87.80359132464426,41.871833165526105],[-87.80445700660667,41.871801478266214]]},"properties":{"alley_id":"688-N","alley_name":"ALLEY 688-N","section_id":"00","pid":"ALLEYS::688-N::00","from_street":"Harlem Ave","to_street":"S Maple Ave","surface":"PCC","width_ft":12,"slab_length_ft":10,"slab_width_ft":10,"construction_date":"1900-01-01","construction_year":1900,"general_condition":"","pci_2022_2023":null,"pci_2024":100,"pci_change":null,"pci_2024_band":"80-100","scheduled_build_year":null,"in_2026_cip":"N","length_ft":236.1,"object_id":639}},{"type":"Feature","geometry":{"type":"LineString","coordinates":[[-87.7862901927877,41.879902370816666],[-87.78627500737636,41.87936203291844]]},"properties":{"alley_id":"538","alley_name":"ALLEY 538","section_id":"00","pid":"ALLEYS::538::00","from_street":"Madison St","to_street":"Adams St","surface":"AC","width_ft":8,"slab_length_ft":0,"slab_width_ft":0,"construction_date":"2010-06-01","construction_year":2010,"general_condition":"","pci_2022_2023":43,"pci_2024":95,"pci_change":52,"pci_2024_band":"80-100","scheduled_build_year":null,"in_2026_cip":"N","length_ft":196.9,"object_id":641}},{"type":"Feature","geometry":{"type":"LineString","coordinates":[[-87.78507563650584,41.87992277262646],[-87.78505939091083,41.87943620254053]]},"properties":{"alley_id":"531","alley_name":"ALLEY 531","section_id":"00","pid":"ALLEYS::531::00","from_street":"North End","to_street":"Adams St","surface":"AC","width_ft":8,"slab_length_ft":0,"slab_width_ft":0,"construction_date":"2013-06-01","construction_year":2013,"general_condition":"","pci_2022_2023":41,"pci_2024":98,"pci_change":57,"pci_2024_band":"80-100","scheduled_build_year":null,"in_2026_cip":"N","length_ft":177.4,"object_id":642}},{"type":"Feature","geometry":{"type":"LineString","coordinates":[[-87.77994334915905,41.87269700170221],[-87.77993125552322,41.872485349851544]]},"properties":{"alley_id":"603-N","alley_name":"ALLEY 603-N","section_id":"05","pid":"ALLEYS::603-N::05","from_street":"Harrison ASt","to_street":"Alley 603 E","surface":"BR","width_ft":18,"slab_length_ft":0,"slab_width_ft":0,"construction_date":"2011-06-01","construction_year":2011,"general_condition":"FAIR","pci_2022_2023":null,"pci_2024":91,"pci_change":null,"pci_2024_band":"80-100","scheduled_build_year":null,"in_2026_cip":"N","length_ft":77.2,"object_id":643}},{"type":"Feature","geometry":{"type":"LineString","coordinates":[[-87.79336296200957,41.871501322013394],[-87.7933480016576,41.871113373151616]]},"properties":{"alley_id":"659","alley_name":"ALLEY 659","section_id":"10","pid":"ALLEYS::659::10","from_street":"Alley 659 N","to_street":"Lexington St","surface":"AC","width_ft":16,"slab_length_ft":0,"slab_width_ft":0,"construction_date":"1977-06-01","construction_year":1977,"general_condition":"","pci_2022_2023":27,"pci_2024":100,"pci_change":73,"pci_2024_band":"80-100","scheduled_build_year":null,"in_2026_cip":"N","length_ft":141.4,"object_id":644}},{"type":"Feature","geometry":{"type":"LineString","coordinates":[[-87.7933480016576,41.871113373151616],[-87.79334263550017,41.87097422480724]]},"properties":{"alley_id":"659","alley_name":"ALLEY 659","section_id":"05","pid":"ALLEYS::659::05","from_street":"Alley 659 N","to_street":"Lexington St","surface":"PCC","width_ft":16,"slab_length_ft":9,"slab_width_ft":15,"construction_date":"1977-06-01","construction_year":1977,"general_condition":"","pci_2022_2023":99,"pci_2024":100,"pci_change":1,"pci_2024_band":"80-100","scheduled_build_year":null,"in_2026_cip":"N","length_ft":50.7,"object_id":645}},{"type":"Feature","geometry":{"type":"LineString","coordinates":[[-87.80099412888444,41.892622952231804],[-87.80098754165101,41.89228491897577]]},"properties":{"alley_id":"365","alley_name":"ALLEY 365","section_id":"05","pid":"ALLEYS::365::05","from_street":"Superior Sr","to_street":"South End","surface":"AC","width_ft":15,"slab_length_ft":0,"slab_width_ft":0,"construction_date":"1980-06-01","construction_year":1980,"general_condition":"","pci_2022_2023":49,"pci_2024":100,"pci_change":51,"pci_2024_band":"80-100","scheduled_build_year":null,"in_2026_cip":"N","length_ft":123.2,"object_id":646}},{"type":"Feature","geometry":{"type":"LineString","coordinates":[[-87.7919754664411,41.890247199605106],[-87.79196164713909,41.88974271152581]]},"properties":{"alley_id":"345","alley_name":"ALLEY 345","section_id":"05","pid":"ALLEYS::345::05","from_street":"Ontario St","to_street":"Lake St","surface":"PCC","width_ft":18,"slab_length_ft":10,"slab_width_ft":6,"construction_date":"1924-06-01","construction_year":1924,"general_condition":"","pci_2022_2023":76,"pci_2024":46,"pci_change":-30,"pci_2024_band":"40-59","scheduled_build_year":null,"in_2026_cip":"N","length_ft":183.9,"object_id":648}},{"type":"Feature","geometry":{"type":"LineString","coordinates":[[-87.79510436329245,41.88793016279765],[-87.79448486021275,41.88794008390518]]},"properties":{"alley_id":"354-N","alley_name":"ALLEY 354-N","section_id":"05","pid":"ALLEYS::354-N::05","from_street":"West End","to_street":"N Oak Park Ave","surface":"BR","width_ft":18,"slab_length_ft":0,"slab_width_ft":0,"construction_date":"2017-06-01","construction_year":2017,"general_condition":"FAIR","pci_2022_2023":null,"pci_2024":97,"pci_change":null,"pci_2024_band":"80-100","scheduled_build_year":null,"in_2026_cip":"N","length_ft":168.7,"object_id":649}},{"type":"Feature","geometry":{"type":"LineString","coordinates":[[-87.77886123247968,41.88653192751124],[-87.778123757507,41.88654120421438]]},"properties":{"alley_id":"408-E","alley_name":"ALLEY 408-E","section_id":"00","pid":"ALLEYS::408-E::00","from_street":"S Lombard Ave","to_street":"S Taylor Ave","surface":"PCC","width_ft":18,"slab_length_ft":33,"slab_width_ft":10,"construction_date":"1900-01-01","construction_year":1900,"general_condition":"","pci_2022_2023":8,"pci_2024":51,"pci_change":43,"pci_2024_band":"40-59","scheduled_build_year":null,"in_2026_cip":"N","length_ft":200.8,"object_id":650}},{"type":"Feature","geometry":{"type":"LineString","coordinates":[[-87.77922057868793,41.88652740548201],[-87.77886123247968,41.88653192751124]]},"properties":{"alley_id":"408-E","alley_name":"ALLEY 408-E","section_id":"05","pid":"ALLEYS::408-E::05","from_street":"S Lombard Ave","to_street":"S Taylor Ave","surface":"PCC","width_ft":18,"slab_length_ft":12,"slab_width_ft":6,"construction_date":"1900-01-01","construction_year":1900,"general_condition":"","pci_2022_2023":65,"pci_2024":51,"pci_change":-14,"pci_2024_band":"40-59","scheduled_build_year":null,"in_2026_cip":"N","length_ft":97.9,"object_id":651}},{"type":"Feature","geometry":{"type":"LineString","coordinates":[[-87.79467493736591,41.87427827601115],[-87.79465914463813,41.87390998171661]]},"properties":{"alley_id":"566","alley_name":"ALLEY 566","section_id":"05","pid":"ALLEYS::566::05","from_street":"Van Buren St","to_street":"Harrison St","surface":"PCC","width_ft":15,"slab_length_ft":12,"slab_width_ft":8,"construction_date":"1924-06-01","construction_year":1924,"general_condition":"","pci_2022_2023":96,"pci_2024":100,"pci_change":4,"pci_2024_band":"80-100","scheduled_build_year":null,"in_2026_cip":"N","length_ft":134.3,"object_id":652}},{"type":"Feature","geometry":{"type":"LineString","coordinates":[[-87.79596202504142,41.87219329195009],[-87.79595411059154,41.87198104182334],[-87.79594484505826,41.87173264281873],[-87.79594396641461,41.87171055414583]]},"properties":{"alley_id":"667","alley_name":"ALLEY 667","section_id":"05","pid":"ALLEYS::667::05","from_street":"Garfield St","to_street":"Lexington St","surface":"PCC","width_ft":18,"slab_length_ft":10,"slab_width_ft":6,"construction_date":"2008-06-01","construction_year":2008,"general_condition":"","pci_2022_2023":100,"pci_2024":45,"pci_change":-55,"pci_2024_band":"40-59","scheduled_build_year":null,"in_2026_cip":"N","length_ft":176.0,"object_id":653}},{"type":"Feature","geometry":{"type":"LineString","coordinates":[[-87.78887902026818,41.86570656275115],[-87.78848205978198,41.865713194787396]]},"properties":{"alley_id":"641-S","alley_name":"ALLEY 641-S","section_id":"05","pid":"ALLEYS::641-S::05","from_street":"S East Ave","to_street":"S Scoville Ave","surface":"PCC","width_ft":16,"slab_length_ft":10,"slab_width_ft":6,"construction_date":"1900-01-01","construction_year":1900,"general_condition":"","pci_2022_2023":100,"pci_2024":25,"pci_change":-75,"pci_2024_band":"0-39","scheduled_build_year":2028,"in_2026_cip":"N","length_ft":108.2,"object_id":654}},{"type":"Feature","geometry":{"type":"MultiLineString","coordinates":[[[-87.80198138556254,41.89124295983682],[-87.80198144220118,41.891242959198536]],[[-87.80198138013125,41.891242742829256],[-87.80273375082348,41.891230602441844]]]},"properties":{"alley_id":"366-W","alley_name":"ALLEY 366-W","section_id":"00","pid":"ALLEYS::366-W::00","from_street":"N Marion St","to_street":"Alley 366","surface":"PCC","width_ft":22,"slab_length_ft":30,"slab_width_ft":20,"construction_date":"2003-06-01","construction_year":2003,"general_condition":"","pci_2022_2023":63,"pci_2024":80,"pci_change":17,"pci_2024_band":"80-100","scheduled_build_year":null,"in_2026_cip":"N","length_ft":204.9,"object_id":655}},{"type":"Feature","geometry":{"type":"LineString","coordinates":[[-87.8032403796638,41.88401820252944],[-87.80321297729056,41.88325238995304]]},"properties":{"alley_id":"470","alley_name":"ALLEY 470","section_id":"05","pid":"ALLEYS::470::05","from_street":"280 ft N of Randolph St","to_street":"Randolph St","surface":"AC","width_ft":18,"slab_length_ft":0,"slab_width_ft":0,"construction_date":"1970-06-01","construction_year":1970,"general_condition":"","pci_2022_2023":79,"pci_2024":100,"pci_change":21,"pci_2024_band":"80-100","scheduled_build_year":null,"in_2026_cip":"N","length_ft":279.2,"object_id":656}},{"type":"Feature","geometry":{"type":"LineString","coordinates":[[-87.80321297729056,41.88325238995304],[-87.80319582163298,41.882769996844665]]},"properties":{"alley_id":"469","alley_name":"ALLEY 469","section_id":"05","pid":"ALLEYS::469::05","from_street":"Randolph St","to_street":"175 ft S of Randolph St","surface":"AC","width_ft":18,"slab_length_ft":0,"slab_width_ft":0,"construction_date":"1970-06-01","construction_year":1970,"general_condition":"","pci_2022_2023":65,"pci_2024":38,"pci_change":-27,"pci_2024_band":"0-39","scheduled_build_year":2028,"in_2026_cip":"N","length_ft":175.8,"object_id":657}}]}