{"type":"FeatureCollection","name":"historic-districts-oak-park","features":[{"type":"Feature","id":11,"geometry":{"type":"Polygon","coordinates":[[[-87.80535990577197,41.89745147573301],[-87.8053339433773,41.8967171609683],[-87.80533277494621,41.89668409978667],[-87.8049989869008,41.896690836421016],[-87.804724538821,41.89669689986104],[-87.80464638315514,41.89669862638147],[-87.8046309986222,41.896698954839714],[-87.80452245918782,41.89670127135398],[-87.80451367812363,41.89670145937572],[-87.80451301954163,41.89668467459578],[-87.80450371468362,41.896442373180626],[-87.80450156574774,41.89638641154692],[-87.80450050228896,41.896358710350555],[-87.80449794968858,41.89629224188464],[-87.80449853379119,41.896292230853305],[-87.80450316252018,41.896292144457576],[-87.8048378259021,41.89628591274296],[-87.8048351243642,41.896215080247174],[-87.80483003357129,41.89608120417349],[-87.80482949468227,41.89606704412938],[-87.80482433079294,41.89593123302233],[-87.804823578301,41.89591146207013],[-87.80482220490899,41.895875338729454],[-87.80482639908763,41.89587527501893],[-87.80485276812755,41.89587487565326],[-87.80485960101485,41.89587474244367],[-87.80493358428963,41.8958736558832],[-87.80493353625691,41.89587235351751],[-87.80493046470247,41.89578858294093],[-87.80492980873484,41.89577068881124],[-87.80492455988903,41.895627559778625],[-87.80492398927731,41.8956120103133],[-87.80491903216942,41.89547682515315],[-87.80491824044663,41.89545523801464],[-87.8049169104619,41.895418967368684],[-87.80491570720949,41.89533033914769],[-87.80491215912599,41.89523788014484],[-87.80491158533448,41.895222939886445],[-87.80491107216275,41.89520955726668],[-87.8049078883543,41.89512660051849],[-87.80490750060862,41.895116493733525],[-87.80490487849548,41.895048162970944],[-87.80490415438804,41.89502929088752],[-87.80490301912216,41.89499969925814],[-87.80490048837783,41.894933763955535],[-87.80489866148926,41.894885704481496],[-87.80489726169087,41.89484888260304],[-87.80489475327072,41.894782913784304],[-87.80494568635966,41.89478197429925],[-87.80498341780128,41.89478127866423],[-87.80503155627741,41.894780390087064],[-87.80510834529302,41.894778973975335],[-87.80514484518709,41.89477830143691],[-87.80526531853099,41.8947760810577],[-87.80524608344764,41.89423199580824],[-87.80524509568119,41.89423196588159],[-87.80502724665025,41.89422533267641],[-87.80497245414823,41.89422366455838],[-87.804952926522,41.89422407141892],[-87.80485205107378,41.89422617378704],[-87.80451621128555,41.894233171959634],[-87.80446025038071,41.894234337825914],[-87.80438351191519,41.894235936916424],[-87.80415916389873,41.89423840704009],[-87.80396042021951,41.8942405954714],[-87.80395712164028,41.89424063240623],[-87.80395574501378,41.89420107117545],[-87.80395531974531,41.894188855259294],[-87.80395463545469,41.89416919918249],[-87.80394794094559,41.89397679800053],[-87.80394722403673,41.893956199809885],[-87.8039436729932,41.893854156461195],[-87.8040386334894,41.893852402903484],[-87.80421025334472,41.893849233843206],[-87.8042936645033,41.893847693736994],[-87.80439069680435,41.89384590209442],[-87.80438911065227,41.89379776069905],[-87.80457270937013,41.89379438007967],[-87.80457035467062,41.893723622553146],[-87.80456576548623,41.89358534626229],[-87.80456483029863,41.89355701172269],[-87.80456463048299,41.8935509569938],[-87.80456445413047,41.89354561999356],[-87.8045612402669,41.89344822284624],[-87.80456050689963,41.893426034290385],[-87.80456033934776,41.893420966266746],[-87.80455756238956,41.893336949333495],[-87.80455671370588,41.89331126407544],[-87.80455839522095,41.893311232026505],[-87.80465984622404,41.89330931025408],[-87.80468491647439,41.893308835654096],[-87.8046845831563,41.893299594239735],[-87.80468282456258,41.89325084831539],[-87.80468144939583,41.89321272782252],[-87.80467786138075,41.89311324812482],[-87.80455024663645,41.89311567924644],[-87.80454625858944,41.89303266318452],[-87.80454330301932,41.89295115709517],[-87.80454228338462,41.89292304376139],[-87.80454069673966,41.89287929178158],[-87.8045395926831,41.89284883447151],[-87.8045394093156,41.892843791758786],[-87.8045361794591,41.89275502038085],[-87.80453310421446,41.892670103322835],[-87.80453121362196,41.89261789491509],[-87.80452782047728,41.892524098064456],[-87.80452689623037,41.892498559271864],[-87.80452624870841,41.892480659680245],[-87.80452193695358,41.89236164445086],[-87.80452193461215,41.89236159435759],[-87.80452128245503,41.89234358909061],[-87.80451850815003,41.89234364011895],[-87.80451840919228,41.89234105458209],[-87.80451659662067,41.89228996481131],[-87.80451120958554,41.89213812273832],[-87.8045112037398,41.89213794090499],[-87.80454156773726,41.89213736996624],[-87.80454683350129,41.89213727072226],[-87.80465176854688,41.892135297763176],[-87.80465167639188,41.89213277743352],[-87.80464984935904,41.8920829835673],[-87.80464570869894,41.89196847037417],[-87.80464410719384,41.89192417564508],[-87.80464076585805,41.89183176212578],[-87.80464669246167,41.89183169130392],[-87.80465855393793,41.89183154901123],[-87.80466931990404,41.891831419511675],[-87.80466624540652,41.891742608359245],[-87.80466345200881,41.89166191049619],[-87.80466298997575,41.89164857063837],[-87.80466244866251,41.89163293073588],[-87.80465996551682,41.89156204429974],[-87.80465927722146,41.891542404664996],[-87.80465668102009,41.89146830419287],[-87.8046200211012,41.89146901357529],[-87.8045832457433,41.89146969222775],[-87.80451948806785,41.891470869565275],[-87.8044915286545,41.89147138571015],[-87.80437100227184,41.89147366198467],[-87.80436303574692,41.891473812584046],[-87.80430145336787,41.89147497580829],[-87.80430141595039,41.8914738354009],[-87.80430124699946,41.89146871728622],[-87.80430060779707,41.89144937288198],[-87.80429996768824,41.891430027101364],[-87.8042993717434,41.891412005623785],[-87.80429927772944,41.89140915597522],[-87.80429735271107,41.89135090867619],[-87.80429716087959,41.891345113998824],[-87.8042952070874,41.89128601447752],[-87.80429504692471,41.891281166711586],[-87.80429365458579,41.89123903883402],[-87.80429290515418,41.891216362403995],[-87.80429250907116,41.89120438673893],[-87.80429170751131,41.89118012732351],[-87.80429161113977,41.891177229639624],[-87.8042913987694,41.891170808492866],[-87.8042911335049,41.89116278583365],[-87.80429102196207,41.89115938999884],[-87.80429050396229,41.891143717955806],[-87.80429045467389,41.89114223583477],[-87.80428996303083,41.89112737552453],[-87.80428980653681,41.891122639603466],[-87.80428927312848,41.89110649822294],[-87.80428926432413,41.891106229932156],[-87.80428898575447,41.89109781684225],[-87.8042889350544,41.89109628326002],[-87.80428873820108,41.89109031841591],[-87.80428873527009,41.89109022852828],[-87.80428848470082,41.89108265050484],[-87.80428785062432,41.8910634646032],[-87.80434872813447,41.8910623290116],[-87.80451387945088,41.89105924769347],[-87.80461665841925,41.89105730599921],[-87.80467910420568,41.89105616647587],[-87.8047781362196,41.89105431715785],[-87.80501036209678,41.891049952161445],[-87.8051309187992,41.89104768564515],[-87.80513351306269,41.89104763720411],[-87.80511577146021,41.89054573549343],[-87.80507455039394,41.89054635612164],[-87.80499375749916,41.89054757336246],[-87.80486741747319,41.890549476265754],[-87.80476379131345,41.89055103763807],[-87.80464177182724,41.89055287510762],[-87.8044529128267,41.89055571913566],[-87.80437204736842,41.89055693697698],[-87.80427182896206,41.89055844636782],[-87.80404255235541,41.89056189796853],[-87.80376034185443,41.890566146462014],[-87.80363410093973,41.89056804709316],[-87.8032371354077,41.89057402412851],[-87.80320706785275,41.89057447671699],[-87.80305442578526,41.890577254424535],[-87.80288459643624,41.890582466957945],[-87.80270898016225,41.89058785763359],[-87.8025426930578,41.89059296185142],[-87.80248807989965,41.89059441290363],[-87.80226468178002,41.89060034834636],[-87.80222340987795,41.890601334759104],[-87.80219761688677,41.890601951611565],[-87.80219750117267,41.89060195450668],[-87.80219448534513,41.890508585348044],[-87.8021907656756,41.890393445554544],[-87.8021906122742,41.8903886876905],[-87.80218598645914,41.89024549748454],[-87.80218546325001,41.89022929782429],[-87.80218132860662,41.8901012999875],[-87.80218115621115,41.89009595339406],[-87.80218043875938,41.890073719604615],[-87.8021766709902,41.88995696527534],[-87.8021760106174,41.88993648669631],[-87.80217219903835,41.8898183723863],[-87.80217133622916,41.88979162980895],[-87.8021691969801,41.88972534356495],[-87.80216835384178,41.889699219220155],[-87.80216787455434,41.88968436855968],[-87.80216716879953,41.88966249706352],[-87.80216677134857,41.88965018109515],[-87.80216646972829,41.88964081632346],[-87.8021658427856,41.88962140129427],[-87.80210972208583,41.88962260918942],[-87.80205155351888,41.88962386109585],[-87.80202688178447,41.88962439253762],[-87.80188881430816,41.889627363735634],[-87.80186360351742,41.889627906368936],[-87.80185937096823,41.88949751163967],[-87.80185805674422,41.889457011422444],[-87.8018544759162,41.88934668839711],[-87.80185410830514,41.88933410294272],[-87.80184157645569,41.889334314566284],[-87.80175663044403,41.889335744257245],[-87.80134410433597,41.889342688973464],[-87.80120253771308,41.88934507164747],[-87.80110584495563,41.88934669958197],[-87.80104821241162,41.889347669434976],[-87.80097251075453,41.889348943121846],[-87.80073202001356,41.889348113418805],[-87.80072127512571,41.88934807593441],[-87.80071771185888,41.889348063524565],[-87.8003080548112,41.88934595151328],[-87.80027656152029,41.889345788866436],[-87.80019766762275,41.889345381465695],[-87.8002030821893,41.8894837194826],[-87.80020344101091,41.889492906148774],[-87.80020454518393,41.889521109116096],[-87.80021057871593,41.88967533645713],[-87.80021058489154,41.88967547712855],[-87.8000956187013,41.88967761419385],[-87.79995650385797,41.88968019949864],[-87.79985918012189,41.88968200800276],[-87.79982934532437,41.88968256301186],[-87.79966658687981,41.889685586971545],[-87.79965027595077,41.889685890563875],[-87.79954272596183,41.88968788865274],[-87.79951561210113,41.88968839242395],[-87.79951555802788,41.88968628527577],[-87.79951550250676,41.88968413146863],[-87.79951550187992,41.88968409647655],[-87.79948759002559,41.88968461368329],[-87.79947917101563,41.889684769387344],[-87.79936681466295,41.88968685130737],[-87.79927498414074,41.8896885647973],[-87.79927218055627,41.88968861693502],[-87.79918308016425,41.889690277872134],[-87.7991829662471,41.88968598739572],[-87.79918089869844,41.889608269578325],[-87.79916253252472,41.88960862322918],[-87.79904381435658,41.88961081519779],[-87.7989395060194,41.88961276125567],[-87.79890219440429,41.889613456862556],[-87.79887674910934,41.88961393188681],[-87.79886015351406,41.88961424158879],[-87.79873408894888,41.88961656370069],[-87.79871939618967,41.889616824611245],[-87.79857246767672,41.88961954337918],[-87.7984432464709,41.88962197327747],[-87.79842039627474,41.88962240265869],[-87.79835790833097,41.88962357768941],[-87.79826832486127,41.88962526173676],[-87.79826844616372,41.88962976012526],[-87.79826936476202,41.889663705270976],[-87.79827016027947,41.889693145159086],[-87.7982716926566,41.88974981211122],[-87.79827495252871,41.88987189284257],[-87.79827538621215,41.889888139441666],[-87.7982764644091,41.88992793606695],[-87.79828019489047,41.89006569138925],[-87.7982813614344,41.89010876505739],[-87.79828145068326,41.89011204347782],[-87.79828304257825,41.89017082240207],[-87.79828201864161,41.89017084370171],[-87.79789141638628,41.89017899574691],[-87.79786021797577,41.89017964679537],[-87.79775885100722,41.89017944302705],[-87.79761707882321,41.8901791590847],[-87.79755251881704,41.890179029411144],[-87.79741315128702,41.890178749575405],[-87.79733181384755,41.8901785867605],[-87.7972514817884,41.890178425837],[-87.79702930240354,41.89018268416595],[-87.79687204431404,41.89018569897707],[-87.79686166917287,41.890185897491826],[-87.7968427940868,41.89018625937097],[-87.79684231931982,41.89018626812997],[-87.79683869847075,41.890045545375074],[-87.79683845115545,41.89003592837376],[-87.79683327188549,41.88983467187907],[-87.7968327038965,41.88981257390984],[-87.79683105762841,41.88974860190533],[-87.79683105345144,41.889748442719416],[-87.7967928710599,41.88974873016819],[-87.79651375202914,41.88975082929785],[-87.79649673555686,41.88975095694253],[-87.79624669014814,41.889752837322526],[-87.7962141281918,41.889753081572685],[-87.79617116002825,41.889753404745946],[-87.79616723187682,41.88975343439603],[-87.79606318455845,41.88975421618645],[-87.79606332102705,41.88975874895107],[-87.79606381831742,41.889775227058664],[-87.79606474092455,41.8898058153368],[-87.79606694315491,41.88987884391301],[-87.796067718484,41.88990454605352],[-87.79606887118373,41.88994273903331],[-87.79606827608828,41.88997157143779],[-87.79606749141513,41.89000955022065],[-87.79606661656545,41.89005193515793],[-87.79606559610058,41.89010139751578],[-87.79606448017576,41.89015545810048],[-87.79606384181672,41.89018638484885],[-87.79606372110233,41.89019224393996],[-87.79596764427441,41.89019164278419],[-87.7959571923788,41.890191577410235],[-87.79582344135285,41.89019074083243],[-87.79567118590154,41.8901938027984],[-87.79566692946614,41.890193888523584],[-87.79539960241291,41.89019926395705],[-87.79537740190892,41.89019971086917],[-87.7951814589542,41.89020365081609],[-87.79511996950343,41.890203714598314],[-87.79508865505026,41.89020374689405],[-87.79490063058925,41.89020394258759],[-87.79484559317595,41.890203999426625],[-87.79469737172484,41.89020415364868],[-87.79462446473637,41.89020422878803],[-87.7945599737589,41.89020429602769],[-87.79455965996667,41.89019367088517],[-87.7945590002268,41.890171330296624],[-87.79455600895348,41.890070136520954],[-87.79455578874055,41.890062688970495],[-87.79455265471087,41.88995663171529],[-87.79455212786625,41.889938799863025],[-87.794551929671,41.889932119433034],[-87.79455030933671,41.88986620596585],[-87.79455000349057,41.88985376142338],[-87.79454992197955,41.88985045902425],[-87.79454927729172,41.88982425185918],[-87.79454875790401,41.88980312900173],[-87.79454873868193,41.88980235709173],[-87.79454752413966,41.88975294737786],[-87.79454747557851,41.88975096854704],[-87.79454641087506,41.88970765656941],[-87.79454630337074,41.88970329545449],[-87.79454521052588,41.88965885271417],[-87.79454515919167,41.88965676684457],[-87.79454406567783,41.88961229460008],[-87.79454396572507,41.889608236759926],[-87.79454291732426,41.889565607489494],[-87.79454285174229,41.88956292262082],[-87.79454177805977,41.88951925933583],[-87.7945417121954,41.889516608082864],[-87.79454072012231,41.889476235534254],[-87.7945405523122,41.88946943587148],[-87.79453966066681,41.889433173991826],[-87.79453949316243,41.88942633796913],[-87.79453851512608,41.88938658980227],[-87.79453840629944,41.889382167621356],[-87.79453743871537,41.889342814675004],[-87.79453732590206,41.889338211354946],[-87.79453638640955,41.88929999534501],[-87.79453626245183,41.8892949700444],[-87.79453543447329,41.88926129354446],[-87.79453513953982,41.88924929910858],[-87.79453442984655,41.88922044892437],[-87.79453426093339,41.88921356212621],[-87.79453348218142,41.88918189464666],[-87.79453332748733,41.88917561027774],[-87.79453292435831,41.889159227966665],[-87.7945329108327,41.88915865229705],[-87.79441264481186,41.88916079791333],[-87.79424656876024,41.88916376980852],[-87.79423954657425,41.88916389532432],[-87.79407018302685,41.88916692494026],[-87.79405397515055,41.889167215186575],[-87.79390335853762,41.88916990997605],[-87.79389056395956,41.88917013870751],[-87.79372877813807,41.88917303258585],[-87.7937155143079,41.88917327006989],[-87.79366177486672,41.88917423118301],[-87.79361499149617,41.889175067855206],[-87.79361502581821,41.88917611700551],[-87.79361664055929,41.88922534543557],[-87.79361674651076,41.88922857454186],[-87.79361678966741,41.88922988306517],[-87.79358961275693,41.889230368675506],[-87.79327345970054,41.88923602010064],[-87.79326583234896,41.889236156432155],[-87.79322251549574,41.8892369303497],[-87.79316697708785,41.88923791981757],[-87.7931019269924,41.88923907856472],[-87.79298386194911,41.889241182269686],[-87.79289918423574,41.88924269037026],[-87.79283499549032,41.88924383381001],[-87.79271383027628,41.88924599193826],[-87.79271376341018,41.88924357737091],[-87.79271289493217,41.88921209538066],[-87.79271288439965,41.8892117111363],[-87.79259175317347,41.88921387409824],[-87.79252840375301,41.88921500485328],[-87.792494339636,41.88921561350656],[-87.79232890346799,41.88921856711787],[-87.79229652442069,41.88921914523138],[-87.79218602609974,41.88922111773782],[-87.79218441166405,41.88922115541028],[-87.79210176894522,41.88922262174368],[-87.79198262120441,41.889224748131085],[-87.79197877354929,41.889224817122965],[-87.79194120797457,41.88922548731707],[-87.79194117114874,41.88922343307354],[-87.7919411509445,41.88922234625592],[-87.7919408992545,41.88920844133479],[-87.79194089427874,41.889208160711924],[-87.79194004861748,41.889161407767176],[-87.79193992995788,41.88915697524653],[-87.79193901501971,41.889122667827586],[-87.79193772913644,41.8890744432617],[-87.79193673393065,41.88903713737234],[-87.79192926999083,41.88875728007707],[-87.79192875327814,41.88873790050145],[-87.79192400909008,41.88856002063389],[-87.79144296084962,41.888544184146],[-87.79143615927667,41.888543960639744],[-87.79142063774037,41.88854345037447],[-87.7913307999596,41.888540620382884],[-87.7911612020654,41.888535277390176],[-87.79089694081877,41.88852719697092],[-87.79072273902075,41.8885214665991],[-87.79070428563139,41.888520874463836],[-87.79069934734322,41.88852071666142],[-87.79066969101275,41.888519766972394],[-87.79066277190441,41.8885195456092],[-87.79056501681393,41.88851641484318],[-87.7904718521331,41.88851343124305],[-87.790415794358,41.88851163494388],[-87.79019374785003,41.88850452360959],[-87.79002656956577,41.88849916843101],[-87.78999920983556,41.88849829186585],[-87.78982217155742,41.88849261943033],[-87.78962922573184,41.888487031261064],[-87.78959079060182,41.888485917610744],[-87.78952113059682,41.88848390004744],[-87.78917999592856,41.88847401843756],[-87.78901275974108,41.88846825741818],[-87.78892768269992,41.8884653259929],[-87.7883579460316,41.888445695778074],[-87.78832934502647,41.888444710015186],[-87.78829154345553,41.88844338145508],[-87.78796291660352,41.8884318287749],[-87.78775354684245,41.888424467626315],[-87.7877153254088,41.88842328164099],[-87.78767899026055,41.88842215468816],[-87.78712694131849,41.88840502420746],[-87.7869867392457,41.88840067381132],[-87.78674257022905,41.888393095859755],[-87.7864992791685,41.888385069454756],[-87.78643664175786,41.88838300250492],[-87.78633032953583,41.888379494642145],[-87.78608349187482,41.888371350983945],[-87.78586055845577,41.88836381540783],[-87.78580942161398,41.888362086972],[-87.78547725985291,41.88835085884496],[-87.78548035870323,41.88846002268107],[-87.78548049923809,41.888464958882324],[-87.78548456339944,41.888608148454544],[-87.78548551253303,41.88864159507913],[-87.78549068828892,41.88882393527936],[-87.78549074693682,41.88882599031504],[-87.78552988263947,41.888849147051445],[-87.7855336942517,41.88900622130368],[-87.78553408269615,41.88902222623993],[-87.78553469065302,41.8890472498227],[-87.78553852325682,41.88920509324512],[-87.7855388486902,41.88921847918148],[-87.7855397709866,41.88925646809071],[-87.78554154267789,41.8893020756537],[-87.78554174224956,41.88930719531434],[-87.7855417481351,41.88930736617185],[-87.78550455093202,41.889308001028155],[-87.78515288687413,41.88931400198834],[-87.78511162255693,41.88931470580488],[-87.78508933655694,41.88931508583033],[-87.7849186923898,41.88931799704094],[-87.78490183440145,41.889318284948914],[-87.78487364837854,41.88931876573531],[-87.78472818924226,41.8893212474065],[-87.78472812927535,41.88931913473512],[-87.78472810039612,41.88931811030659],[-87.78472805680315,41.88931655205153],[-87.78472805611982,41.889316524605796],[-87.78472799754306,41.88931446408179],[-87.78457971077255,41.889316483372106],[-87.78451460218243,41.8893173700967],[-87.78441330113583,41.88931874927221],[-87.78428256788162,41.889320529633196],[-87.78423245453696,41.88932121209342],[-87.78402816832,41.889323993360385],[-87.784001868318,41.88932435123026],[-87.7839502214682,41.88932505436029],[-87.78390971867263,41.88932560565193],[-87.7839098676892,41.88932964521179],[-87.78391030027998,41.88934130827704],[-87.78391051581895,41.889347120939334],[-87.78391109681242,41.88936439532947],[-87.78391197851442,41.88939061534827],[-87.78391236918388,41.88940224185153],[-87.78391291489103,41.889418491096045],[-87.7839131798704,41.88942635600619],[-87.78391741028425,41.88955220412715],[-87.78391816086042,41.889574547267664],[-87.78391891240808,41.88959688423813],[-87.78392462212351,41.88976675716647],[-87.78392802433699,41.88988628954771],[-87.78392982313937,41.88994949543318],[-87.78393585647412,41.89016154280945],[-87.78393958228332,41.890283604182294],[-87.78394109294652,41.890333077156455],[-87.78394237461393,41.89037509291428],[-87.78394678191847,41.89051952727537],[-87.78395086708187,41.89065569647681],[-87.78395216063028,41.89069879146433],[-87.7839582661394,41.890902322386154],[-87.78396320885828,41.891054144063936],[-87.78396453453065,41.89109488463801],[-87.78396595998444,41.89113866082638],[-87.78397438918778,41.89139762771849],[-87.78397515613193,41.891421172223964],[-87.78397770017996,41.89149931927914],[-87.78398155456328,41.89161774922687],[-87.78398244154185,41.89170936877875],[-87.78398267044967,41.89173312544637],[-87.7839828710323,41.89175375833948],[-87.78398551387615,41.892026764531224],[-87.78398591526876,41.892068218297226],[-87.7839866971917,41.89214905999689],[-87.78399136620206,41.89235791537927],[-87.78399191968268,41.892382691712314],[-87.78399218320341,41.892394479511616],[-87.78399722445917,41.892620011392786],[-87.78399751115865,41.89263284486039],[-87.7839993007292,41.89271289416872],[-87.78400214951422,41.89284035471154],[-87.78400229092907,41.892858356271475],[-87.78400245567248,41.89287942189396],[-87.78400320266344,41.89297484428134],[-87.78400373539164,41.893042871204706],[-87.7840038267921,41.8930544935245],[-87.78400393839756,41.893068794325224],[-87.78400614471734,41.89310792410847],[-87.78400706294265,41.89312421079937],[-87.78400919112966,41.89316195779441],[-87.7840099132121,41.8931747741337],[-87.78401614221659,41.89328527492915],[-87.7840166937938,41.89329505806061],[-87.7840226415021,41.893400562294026],[-87.78402375422648,41.89342029805945],[-87.78402936077943,41.89351975439847],[-87.78403068461867,41.89354325010415],[-87.78403218626745,41.89356989156613],[-87.78403339498732,41.89361871816899],[-87.7840333975138,41.89361885196308],[-87.78403660792978,41.893748590566894],[-87.78403688401517,41.893759770572984],[-87.78403958946075,41.89386914308223],[-87.7840399202328,41.89388251394386],[-87.78404240476875,41.893982948071724],[-87.78404311284525,41.89401154649923],[-87.78404394406846,41.89404516954348],[-87.78395793784875,41.89404653776569],[-87.78392299830779,41.894047093718534],[-87.78387551961787,41.89404784899643],[-87.78376234598487,41.894049847236666],[-87.78376281844275,41.89406682059917],[-87.78376596796292,41.8941799287799],[-87.78376640045363,41.89419545916359],[-87.7837693471727,41.89430127010823],[-87.78376971215529,41.89431439277909],[-87.78377234151628,41.89440881015349],[-87.78377313556082,41.894437328036595],[-87.78377350571344,41.89445059754898],[-87.78377395484488,41.894466757815906],[-87.78377418948948,41.894475161818555],[-87.78377427433755,41.894478224802576],[-87.78377427650992,41.89447829273306],[-87.7837773621793,41.89458910572462],[-87.78378463265656,41.894589008794064],[-87.78385544194498,41.89458806881268],[-87.78385561367092,41.89458806689014],[-87.78385945272872,41.894696703179484],[-87.78386381287868,41.89482007169693],[-87.78386711482261,41.89491349200187],[-87.78386717610331,41.89491523420478],[-87.78386908051418,41.89496912177066],[-87.78386919062991,41.894972237015914],[-87.78387094208594,41.89502179411645],[-87.78387157249124,41.89503962718021],[-87.78396340766814,41.89503831023627],[-87.78396428318389,41.89506290354806],[-87.78396706986929,41.89514114158914],[-87.78396731557386,41.895148043855166],[-87.78396828079391,41.895175670672586],[-87.78396855592007,41.89518353287908],[-87.78397082852544,41.89524857687275],[-87.78397115003463,41.895257777120534],[-87.78397189264341,41.89527859302817],[-87.78397315143233,41.89531385916955],[-87.78397464488906,41.89535570850518],[-87.78397552086489,41.895380248991046],[-87.78397747437143,41.895380202079316],[-87.78408836769296,41.89537754919833],[-87.78409903895145,41.895377294253876],[-87.78409930689382,41.895398428966764],[-87.78409951146755,41.89541452768679],[-87.78409990462019,41.89544548396539],[-87.78410153310162,41.89557372003311],[-87.78410171076986,41.895587707613515],[-87.78410352058317,41.895730254410466],[-87.78410378521042,41.89575113320537],[-87.78410529643672,41.89587012060031],[-87.78410535977072,41.895875160708876],[-87.78410636265335,41.895901936299936],[-87.78411113048737,41.896029227572456],[-87.78411142268462,41.89603702879963],[-87.78411676523515,41.896179661087416],[-87.78411749170678,41.89619904441794],[-87.78412239108533,41.896329849631854],[-87.78412337222446,41.89635605637194],[-87.78412532787475,41.89640827909509],[-87.78412953475367,41.89650030481661],[-87.78413297479702,41.896598129574116],[-87.7841371842355,41.89671783238209],[-87.78413826598613,41.896748588186654],[-87.78414400676124,41.89691184604268],[-87.78414846718013,41.89703998585105],[-87.7841487818265,41.89704902621045],[-87.78414969980004,41.897074998012144],[-87.7841497264615,41.8970757445741],[-87.78415363083784,41.89718615184357],[-87.78415734699735,41.89729259140573],[-87.78415784195039,41.89730598842857],[-87.7841584798668,41.89732327747332],[-87.78415929332978,41.89734708630951],[-87.78416118187256,41.89740232462651],[-87.78416137403663,41.89740561863846],[-87.78416170779211,41.89741510845862],[-87.78416426868297,41.89748790491974],[-87.78416501675889,41.897512057845134],[-87.78416640686677,41.897551840938604],[-87.78416792760096,41.89759534859561],[-87.78416885165635,41.89762179106166],[-87.78416904335116,41.897625139956084],[-87.78417268656493,41.897731524276004],[-87.78417418397328,41.8977745399143],[-87.78417620679006,41.89783265072041],[-87.78417746173392,41.897868704423765],[-87.78418057925325,41.89795927938039],[-87.78418245212654,41.89800648933095],[-87.78418318224087,41.898031882566414],[-87.78418369725023,41.89804979945293],[-87.78418430238654,41.898065664076015],[-87.78418729702285,41.89814410957033],[-87.78418918111885,41.89823288457476],[-87.78420039125622,41.898561444729275],[-87.78420344019386,41.898650813251486],[-87.7842177487772,41.89907016296517],[-87.78422149961045,41.89919755152372],[-87.7842251852885,41.89932268537204],[-87.78422726456996,41.89939329440132],[-87.78424236218706,41.89990590818421],[-87.78442277334177,41.89990373556761],[-87.78442768172134,41.900039590821656],[-87.78442990719468,41.900101199420995],[-87.78445267737055,41.900731432352295],[-87.78445463512371,41.900785596592364],[-87.78445927896827,41.90091031991257],[-87.78447769089954,41.90140472554743],[-87.7844802935854,41.901487816490146],[-87.78448459496737,41.90162508757675],[-87.78449280744883,41.90188719439992],[-87.78462247755796,41.90188708685761],[-87.78482705220449,41.901881784691966],[-87.78487548042699,41.901880529309125],[-87.78501096058025,41.90187701740288],[-87.78561383999826,41.901861386006075],[-87.78594125171695,41.90185634455232],[-87.78654886630478,41.90184698906165],[-87.78666457958283,41.90184471341064],[-87.78675229726849,41.901842987709365],[-87.78693978965548,41.901839298469675],[-87.78709918908069,41.901836161355874],[-87.7875606546657,41.90182864364371],[-87.78809289326655,41.90181997275825],[-87.7882497427208,41.90181733442675],[-87.78837442927839,41.90181523617216],[-87.78878365426465,41.90180834926207],[-87.78884178231195,41.901807360487055],[-87.78918662688667,41.901801491639496],[-87.78967405259465,41.9017931965661],[-87.78978897319138,41.90179124057824],[-87.78999799794519,41.9017881463427],[-87.79027688005625,41.90178401753585],[-87.79033681081484,41.90178312983338],[-87.79060707933186,41.90177808202261],[-87.79086923577232,41.90177318735192],[-87.79121776436656,41.90176731677181],[-87.79149074721576,41.90176271945988],[-87.79158699879227,41.90176109825207],[-87.79182219312688,41.90175746553437],[-87.79190142090253,41.90175624196778],[-87.79209060612146,41.901753319314196],[-87.79243381629087,41.90174692052314],[-87.79281198007112,41.90173986745458],[-87.79303973722796,41.90173562368895],[-87.7933293410727,41.90173022685167],[-87.7936487067582,41.90172477157506],[-87.79383021602011,41.901721672081685],[-87.79398960858734,41.90171895004113],[-87.79425520538196,41.90171505721361],[-87.79450849496745,41.90171134202878],[-87.79486412777958,41.90170452225263],[-87.79533182179377,41.90169555355261],[-87.79561514995693,41.90169172967373],[-87.79599155537404,41.90168665021918],[-87.79636201747596,41.90167935457786],[-87.79673927629139,41.90167192484662],[-87.79711144081702,41.90166748326629],[-87.79756049592011,41.901662120434054],[-87.79777715070124,41.90165755476734],[-87.79790169871194,41.90165493028874],[-87.79802657736994,41.90165229898365],[-87.79841241895518,41.901644165562715],[-87.79863009443297,41.90164052510676],[-87.79915806301344,41.90163169248516],[-87.79937981132043,41.90162859095972],[-87.79982058931019,41.901622423389774],[-87.80017104168942,41.90161604609434],[-87.80073961189335,41.901605696017214],[-87.80094963281574,41.9016019443115],[-87.80137368741624,41.90159436503233],[-87.80220709078193,41.90158134561883],[-87.80241533341095,41.901577955538116],[-87.80247029478346,41.90157706048078],[-87.8029578373163,41.901569118446496],[-87.80371987572937,41.90155507235893],[-87.80398976995708,41.901551075296084],[-87.80439526335225,41.90154506779445],[-87.8045011096628,41.90154314790154],[-87.80460874423284,41.90154119498102],[-87.80475188500215,41.90153859790786],[-87.80474869488494,41.901449054347296],[-87.80474703874481,41.90140255855751],[-87.80474689258271,41.90139845661317],[-87.80474479197647,41.901339489621634],[-87.80474460399188,41.901334223239544],[-87.80474258471538,41.901277532285434],[-87.80474236028408,41.90127122909763],[-87.80474044690908,41.90121750927376],[-87.80474010989404,41.90120804351324],[-87.80474010460328,41.901207905590645],[-87.80473828898253,41.90115669719883],[-87.80473809899652,41.90115133956126],[-87.80473655452602,41.90110778473976],[-87.80473591606447,41.901089774075686],[-87.80473436933389,41.901046159555975],[-87.80473413168474,41.90103945496141],[-87.80473348872742,41.901021321471525],[-87.80473221674629,41.90098614882278],[-87.80473206648098,41.900981987858046],[-87.8047301111234,41.90092790422584],[-87.80472977254766,41.90091851666855],[-87.80472972013258,41.90091707775764],[-87.80472805712134,41.900870081793286],[-87.80472791855993,41.9008661719806],[-87.80472783515876,41.90086381360546],[-87.80472673289408,41.9008326709725],[-87.80472652736007,41.90082686046285],[-87.8047263239755,41.90082112337159],[-87.80472549846262,41.90079795678406],[-87.804725246406,41.90079088370818],[-87.80472414882477,41.90076006423103],[-87.80472414069833,41.90075982475839],[-87.80472401610498,41.90075633693736],[-87.80472392745862,41.9007538351513],[-87.80472352848861,41.900742640231336],[-87.80472341444846,41.90073943168565],[-87.80472328693457,41.90073585260505],[-87.80472325399312,41.900734947539085],[-87.8047231988614,41.90073339267133],[-87.80472280443942,41.90072231440261],[-87.80472280067976,41.900722213534344],[-87.80472278720035,41.90072184368549],[-87.80472220063996,41.90070611441154],[-87.80472215769592,41.90070497466671],[-87.80472190211727,41.900698106020634],[-87.80472169253316,41.90068978039295],[-87.80472167604499,41.900689107291306],[-87.80472130742382,41.90067445545006],[-87.8047212936469,41.90067389899125],[-87.80472128202675,41.900673526406685],[-87.80472085430193,41.90065969413608],[-87.80472083332187,41.900659231634464],[-87.804720538704,41.90064963640262],[-87.80472047823174,41.90064839504007],[-87.80472030984566,41.900644983856225],[-87.8047202679308,41.9006440533647],[-87.80471973517292,41.90063304649535],[-87.80471963400566,41.90063094942755],[-87.80471940875267,41.90062630513043],[-87.80471931595443,41.900620187098184],[-87.80471928133011,41.90061703654713],[-87.80471924623835,41.90061561280921],[-87.8047191200998,41.900607301972805],[-87.8047190813127,41.90060476748528],[-87.80471902791435,41.90060122099065],[-87.80471855800712,41.90059317133308],[-87.80471848163954,41.900591853058515],[-87.8047183737761,41.900590011174515],[-87.80471780406812,41.90058025551012],[-87.80471761180861,41.90057695535816],[-87.80471759857258,41.90057655600979],[-87.80471717367062,41.90056416310772],[-87.8047171580928,41.90056371366611],[-87.80471678295255,41.90055274731372],[-87.80471667469357,41.900549839975305],[-87.8047165754227,41.90054717897409],[-87.80471618670337,41.9005367456285],[-87.80471606034942,41.9005333600223],[-87.80471588063438,41.900528538931034],[-87.80471587538165,41.90052828506431],[-87.80471536405234,41.90050510482848],[-87.80471534608253,41.90050427735629],[-87.80471459069057,41.900480069649745],[-87.8047145856149,41.9004799056578],[-87.80471397453233,41.90046236232518],[-87.80471361366945,41.900452003202254],[-87.80471241965061,41.90043154142716],[-87.80471181722082,41.900414507877485],[-87.80471158865996,41.9004080379568],[-87.80470971986671,41.90035515326587],[-87.80470936245501,41.900345043884805],[-87.80470902443737,41.90033547795321],[-87.80470792781041,41.90030465573368],[-87.80470734032664,41.90028814846115],[-87.80470705266649,41.90028004818748],[-87.80470561234331,41.9002395694497],[-87.80470478934343,41.900216433744],[-87.8047046112368,41.90021141781854],[-87.80470383186015,41.90019011889872],[-87.80470347299259,41.90017996354456],[-87.80470276735302,41.90015996779384],[-87.80470112508368,41.90011346725449],[-87.80470019895618,41.900087247915536],[-87.80470006008248,41.900083487662094],[-87.80469863839774,41.90004486960603],[-87.8046974449712,41.90001108795822],[-87.80469737120094,41.90000900953993],[-87.80469679201059,41.89999261070233],[-87.80469425992626,41.8999207224949],[-87.80469396605844,41.899912373151956],[-87.8046934585355,41.899897973825716],[-87.80469224671583,41.899864307350555],[-87.8046913814763,41.89984028162771],[-87.80469082490752,41.899824814564596],[-87.80469053954904,41.89981688101368],[-87.80469005160701,41.899803336609324],[-87.80468690422408,41.89971185852495],[-87.80468361109763,41.899622241737745],[-87.80468276732253,41.899599288426025],[-87.8046826975915,41.899597388402036],[-87.80468159530676,41.89956736609943],[-87.80468153899255,41.89956584347076],[-87.80468048676885,41.89953721135808],[-87.80468032410303,41.899532773166456],[-87.80467939856625,41.899507597326284],[-87.80467926431588,41.89950394480533],[-87.80467839593862,41.89948030051639],[-87.80467819115245,41.89947473424649],[-87.80467737532473,41.89945251240389],[-87.80467712559953,41.89944571444748],[-87.80467649335093,41.89942851267251],[-87.80467620990309,41.89942079318084],[-87.80467545316957,41.8994002023772],[-87.80467522886025,41.89939410843636],[-87.80467509165584,41.899390368771996],[-87.80467446317903,41.89937326649304],[-87.80467426594649,41.89936789784336],[-87.80467421579608,41.8993665186298],[-87.80467321467493,41.89933926230375],[-87.80467242355111,41.899317719774785],[-87.80467216251424,41.899310623329576],[-87.8046705051794,41.89926550855699],[-87.80466993981729,41.89925010662754],[-87.80466975228777,41.89924500901654],[-87.8046690961468,41.89922714165169],[-87.80466868005574,41.899215797774524],[-87.80466736954943,41.899180070599456],[-87.80466690392713,41.899167383872616],[-87.80466577613225,41.89913667058665],[-87.80466525665746,41.89912249691745],[-87.80466441384588,41.899099539491715],[-87.80466383359376,41.89908360510982],[-87.80466334471075,41.899070175957576],[-87.80466225985779,41.89904038013248],[-87.80466139812286,41.89901671117392],[-87.80466082010624,41.89900083991973],[-87.80466026373678,41.898985350215106],[-87.80465975833383,41.898971252077],[-87.80465927226206,41.89895770493492],[-87.80465914752763,41.89895423494968],[-87.80465907360261,41.89895228688188],[-87.80465824499764,41.898930390857366],[-87.80465779338974,41.89891845474529],[-87.80465727765551,41.89890482994161],[-87.80465540486188,41.89885388677065],[-87.80465373747731,41.89880854554783],[-87.80465370761078,41.8988077132182],[-87.80465224295362,41.898767185647124],[-87.8046502685054,41.89871253590464],[-87.80464803116017,41.89865179547259],[-87.80464666710748,41.898614769333534],[-87.80464650475123,41.89861029409529],[-87.80464313510514,41.898517497044196],[-87.80464192347806,41.898486261962155],[-87.80464114911688,41.898464359324876],[-87.80464052167663,41.89844245736389],[-87.8046399422992,41.89842430289023],[-87.80463982122923,41.89842050018184],[-87.80463968467856,41.898416236369094],[-87.80463912032953,41.898398597882505],[-87.80463809525934,41.89838037137849],[-87.80463754729021,41.89836664763223],[-87.80463696362494,41.89835023779212],[-87.80463665271998,41.898341506232285],[-87.80463575815037,41.89831636483222],[-87.80463479012127,41.89829122309383],[-87.8046338955529,41.898266081693535],[-87.80463292752512,41.89824093995491],[-87.80463669302446,41.89824087564999],[-87.80463577870702,41.89821567927368],[-87.80463203341063,41.8982157436716],[-87.80462734558674,41.898087824502184],[-87.80462458569092,41.8980125104032],[-87.80462393797474,41.89799484889147],[-87.80461987295496,41.89788394072829],[-87.80462121936829,41.89788391468244],[-87.80469909896419,41.897882434578385],[-87.80495068610615,41.89787970455861],[-87.80495188365049,41.897879691545135],[-87.8049476344853,41.89776955436231],[-87.80494079092792,41.897592167119484],[-87.80493744826215,41.897505518665554],[-87.8049364972336,41.89748086342171],[-87.8049355711747,41.89745685524847],[-87.80493835658962,41.89745682004086],[-87.8049536244855,41.897456626845155],[-87.80507239450009,41.897455121260265],[-87.80511890717929,41.8974545311535],[-87.80521637743445,41.89745329585859],[-87.80523042665627,41.897453117603334],[-87.80524071239748,41.89745298721508],[-87.80535990577197,41.89745147573301]]]},"properties":{"OBJECTID":11,"GEODBID":"026","FEATUREID":"0261","DATECREATED":1418662966000,"DATEMODIFIED":1481627964000,"SOURCE":"VOP","SOURCETYPE":"DATABASE","TYPE":"Local; National","NAME":"Frank Lloyd Wright","ESTABLISHED":null,"GlobalID":"{6FF4F5C1-A835-4970-BF5C-9D170A4D6181}","PRODUCTIONNOTES":null,"REPLICAFILTER":"VOP","WEBLINK":null,"CREATEDBY":"JTEISINGER","MODIFIEDBY":"APUMP","HASPLAQUE":null,"PLAQUETEXT":null,"DESCRIPTION":null,"HISTORICALSIGNIFICANCE":null,"STYLE":null,"Shape.STArea()":25273814.05165825,"Shape.STLength()":23845.084956993665,"layer":"district","name":"Frank Lloyd Wright"}},{"type":"Feature","id":12,"geometry":{"type":"MultiPolygon","coordinates":[[[[-87.78506101368657,41.87945316381047],[-87.7850635498944,41.879527512921435],[-87.78507144157703,41.8797587971015],[-87.78507489779336,41.87986008749709],[-87.78533183572246,41.87985630145873],[-87.78542668020349,41.87985490368435],[-87.78568665254056,41.879851072327575],[-87.78568268940774,41.879723884764225],[-87.78568160222254,41.87968897131439],[-87.78567476129422,41.87946940808263],[-87.785674690733,41.879467135504875],[-87.78577127416695,41.87946542740447],[-87.78586177298746,41.879463826743226],[-87.78601573096275,41.879461104195826],[-87.78626017304347,41.87945678039664],[-87.78627142961335,41.87945658154763],[-87.78627142736264,41.87945652253547],[-87.78626921060511,41.879374585053185],[-87.78626920143908,41.87937426050162],[-87.78628665762847,41.87937392103982],[-87.78631236567452,41.87937349464558],[-87.7863993405276,41.879371950869796],[-87.78660250219139,41.87936834494529],[-87.7866123447793,41.87936817226233],[-87.78663594955441,41.8793677570507],[-87.78680133723995,41.87936484567895],[-87.78690871238602,41.87936295540319],[-87.78690869391932,41.87936242910482],[-87.7869061114429,41.87928948898367],[-87.78690446740174,41.879243031250844],[-87.78690407883627,41.87923206885594],[-87.78690152981095,41.87916005233333],[-87.78689639355525,41.87900498857852],[-87.78688987582434,41.87880821108755],[-87.78687837883976,41.878487520585146],[-87.78687516929332,41.87839800217868],[-87.78687017526164,41.878258690407385],[-87.78686485845297,41.87806772544446],[-87.7868594627987,41.87787394998421],[-87.78685517601872,41.87776541562502],[-87.78684978060662,41.87762883246014],[-87.78683970881848,41.87737385296717],[-87.78683526185158,41.87723219263362],[-87.78682637662075,41.87694914916672],[-87.78682253114681,41.87682664795001],[-87.78681773046118,41.87667371663969],[-87.78680470048813,41.876297285656975],[-87.78680275863083,41.87624119209068],[-87.78679572597667,41.876037999413896],[-87.78679568998189,41.87603694476285],[-87.7867838484489,41.87567318275508],[-87.78677468515727,41.875391681528264],[-87.78677130279053,41.875287784411995],[-87.78675313175191,41.874752236172306],[-87.78674864587866,41.87462002680088],[-87.786740817055,41.874415827935664],[-87.7867333253299,41.8742203354449],[-87.78672181876787,41.87384706194992],[-87.78671857855996,41.87374772025919],[-87.78670717569798,41.87339805948779],[-87.78669739534311,41.87309801158517],[-87.78669555142655,41.873045093556364],[-87.78669150703284,41.8729290718665],[-87.78667978113423,41.87259268209994],[-87.78630690396845,41.87259922172697],[-87.78605363695003,41.87260296024534],[-87.78606026649825,41.87282189633254],[-87.78606052788747,41.87283053032113],[-87.78603520605049,41.87283096879404],[-87.7855454778977,41.87283944630307],[-87.78545054256332,41.87284108936706],[-87.7854504734952,41.87283907338161],[-87.78544277513154,41.872612254090534],[-87.78514694505797,41.872616962087754],[-87.78481483517402,41.872622097042644],[-87.78457467607477,41.87262580983176],[-87.78421696499807,41.87263109515141],[-87.7842258865001,41.87288084039133],[-87.78423256908809,41.873087597813004],[-87.78423331079811,41.87311054539497],[-87.7842373290357,41.873234895853244],[-87.78425446655216,41.873765266057546],[-87.78425980842486,41.873930597305204],[-87.784268267997,41.87419241294206],[-87.784278158805,41.87445764857626],[-87.78428343868167,41.874599238957074],[-87.78428351624564,41.87460154518812],[-87.78428871713673,41.87475633505361],[-87.78430363056314,41.875200217525986],[-87.78430947711621,41.87536205633502],[-87.78431731902731,41.87557916916171],[-87.784337501236,41.876137899097266],[-87.78434150396353,41.87625980977106],[-87.78434226918078,41.876283128612535],[-87.78435908487678,41.876795168799],[-87.78436845972344,41.87706177533943],[-87.78437273449524,41.87718333808693],[-87.78439647300856,41.8778584439482],[-87.78440379480888,41.87808329367019],[-87.78410291920753,41.8780832492223],[-87.78378795908556,41.878089278228636],[-87.78369558708867,41.87809104666962],[-87.78356393124429,41.87809356826443],[-87.78348918520851,41.87809453520832],[-87.78317205391876,41.87809863732741],[-87.78318020535595,41.878329437884],[-87.78318867433093,41.878577379870315],[-87.78319075393881,41.87863824227085],[-87.78320453675809,41.879041770414716],[-87.7832047503966,41.87904854356794],[-87.78332655150489,41.87904688285317],[-87.78357288602119,41.87904352403313],[-87.78362757642573,41.87904277800078],[-87.78379126477431,41.87904054546206],[-87.78382082630927,41.879040142181374],[-87.78382083542064,41.87904036450946],[-87.78382878060572,41.87924526648536],[-87.78382985433358,41.8792729529003],[-87.78383655818801,41.879445841337244],[-87.78391942214354,41.879443246558964],[-87.78404440436154,41.87944336485682],[-87.78411954700499,41.87944343540573],[-87.784240309678,41.879440162682705],[-87.78435020602971,41.87943718366451],[-87.78444571373676,41.87943459406184],[-87.78444496136063,41.879409767328184],[-87.78444485389292,41.87940623427527],[-87.7845687574613,41.87940408901303],[-87.78469310724203,41.879401936143935],[-87.7847800469596,41.87940043047424],[-87.78503334183576,41.879396044546205],[-87.78505114191357,41.87939574945001],[-87.785059049896,41.8793956184326],[-87.78506101368657,41.87945316381047]]],[[[-87.80015908350282,41.866874036828925],[-87.79974912470018,41.86688132341305],[-87.79944655386184,41.86688669833247],[-87.79904382473323,41.866893870560794],[-87.79906251716443,41.867404290947],[-87.79909793570647,41.86838887626085],[-87.7991101895413,41.868721537402166],[-87.7991114883943,41.8687568057935],[-87.79912470723475,41.86911568044017],[-87.79915963863002,41.87013868759165],[-87.79916107318748,41.87018070404893],[-87.79917393262762,41.870548738634604],[-87.79955844636478,41.87054221403909],[-87.79987534471186,41.87053701242609],[-87.79987275938046,41.87046797135908],[-87.79986714246053,41.87031798804786],[-87.79986433396316,41.870234391084054],[-87.7998575777961,41.87003331811345],[-87.79985756385366,41.87003289749116],[-87.79988875611987,41.870032356314255],[-87.80044000489784,41.870022785837804],[-87.80056134699417,41.87002067864382],[-87.80056103084081,41.87001188388859],[-87.80055565683408,41.86986274421149],[-87.8005423851655,41.869494442308394],[-87.80051965745946,41.86890654485906],[-87.80051443731959,41.868763323173006],[-87.80051201730014,41.86869695714542],[-87.8004976782091,41.86830372067847],[-87.8004669304264,41.86742610120994],[-87.80044615777973,41.86686906837537],[-87.80015908350282,41.866874036828925]]]]},"properties":{"OBJECTID":12,"GEODBID":"026","FEATUREID":"026416","DATECREATED":1418982006000,"DATEMODIFIED":1426175133000,"SOURCE":"VOP","SOURCETYPE":"DATABASE","TYPE":"Local","NAME":"Gunderson ","ESTABLISHED":null,"GlobalID":"{7BE50833-872F-4B5A-8EFE-80B49CC0A537}","PRODUCTIONNOTES":null,"REPLICAFILTER":"VOP","WEBLINK":null,"CREATEDBY":"JTEISINGER","MODIFIEDBY":"JTEISINGER","HASPLAQUE":null,"PLAQUETEXT":null,"DESCRIPTION":null,"HISTORICALSIGNIFICANCE":null,"STYLE":null,"Shape.STArea()":2289707.3799908436,"Shape.STLength()":10906.086857606651,"layer":"district","name":"Gunderson"}},{"type":"Feature","id":13,"geometry":{"type":"Polygon","coordinates":[[[-87.79152182326096,41.88854678046175],[-87.79152189026559,41.888546782836116],[-87.79158597739384,41.88854889295691],[-87.79167713129587,41.88855189361155],[-87.79192400909008,41.88856002063389],[-87.79247944356239,41.88857829932875],[-87.79269539139662,41.8885848595555],[-87.7927258174062,41.88858578421617],[-87.79286808543696,41.88859010645623],[-87.79288138598083,41.888590510024805],[-87.79297651100362,41.88859340004321],[-87.79343340331438,41.888607848014736],[-87.79344064556652,41.88860807690477],[-87.79349031602881,41.88860964754599],[-87.79360280712362,41.88861404294539],[-87.79416385939467,41.8886359712239],[-87.79422936513096,41.88863853109831],[-87.79438581814043,41.88864216269356],[-87.79452370618066,41.88864536256915],[-87.79488898059435,41.88865383764425],[-87.79512133741227,41.88865982054417],[-87.7955946909427,41.88867200651125],[-87.79562781974853,41.888672859359495],[-87.79603031387238,41.88868424108729],[-87.79620629126525,41.88868921841683],[-87.79623714200072,41.88869009062087],[-87.79661522939247,41.88869530782207],[-87.79686276939611,41.88869872299388],[-87.7971600582933,41.88869962292385],[-87.7972644307437,41.888699940040794],[-87.7973347617444,41.888699510227184],[-87.79751204964248,41.88869842551019],[-87.79765115529592,41.8886975754283],[-87.7976666369839,41.88869748093088],[-87.7979712267333,41.88869489468837],[-87.79830141980848,41.888693314691],[-87.79839539144572,41.88869286470108],[-87.7987438440934,41.888691459732584],[-87.79907124472989,41.88869013826118],[-87.79955506520196,41.88868710886497],[-87.79955804566407,41.888687090473404],[-87.79955604999002,41.88859914242236],[-87.79955296272546,41.888463097702186],[-87.79954921512069,41.888297960867746],[-87.7995452847801,41.88812477772616],[-87.79954305739678,41.88802661655146],[-87.79954304869392,41.88802622819972],[-87.79954270743296,41.88801119430158],[-87.79954111072315,41.887940837360965],[-87.79953818058574,41.8879408806843],[-87.79950144232124,41.887941421357965],[-87.7995011171862,41.88792720875107],[-87.79949955747514,41.88785903022891],[-87.7994961030488,41.887859077974596],[-87.7993563852636,41.88786099907682],[-87.79913703551475,41.88786404042606],[-87.79913688375524,41.88785580697191],[-87.79896341046855,41.88785819488721],[-87.7989163588492,41.88785884243313],[-87.7989180912143,41.88793300011323],[-87.7989129720079,41.88793307096693],[-87.79883064417935,41.887934206754295],[-87.79875555026383,41.887935243060795],[-87.79851061167967,41.88793862238321],[-87.79847255603246,41.88793914492936],[-87.79831660537303,41.88794128622561],[-87.79829045371237,41.88794165835094],[-87.79813621383343,41.887943763464826],[-87.79813457293355,41.88794378600427],[-87.79805521743124,41.887944880889],[-87.79803625937477,41.88794514309946],[-87.79784918290248,41.88794772456751],[-87.79757203683452,41.887951548576666],[-87.79755352504698,41.88795180387062],[-87.79754594219264,41.88795190844933],[-87.79754541178579,41.887927482155966],[-87.79754402447472,41.887864961683995],[-87.79754257242531,41.88780139878056],[-87.79754222596893,41.88778616383594],[-87.79754101476163,41.88773289504871],[-87.79753945710048,41.88766439131604],[-87.7975378999005,41.88759583269969],[-87.79753719064567,41.887564242393175],[-87.79753666874022,41.88754099685112],[-87.79753634224453,41.8875273289654],[-87.79753629594997,41.88752528771382],[-87.79753548694109,41.887489703372395],[-87.79753499262645,41.88746799062214],[-87.7975347845911,41.887458825230276],[-87.79753355389344,41.88740393449756],[-87.79753322785741,41.88739021172861],[-87.79753156270772,41.887316992869465],[-87.79752937038114,41.88722061076896],[-87.79752844700461,41.88717981524797],[-87.79783168450147,41.887175798791816],[-87.79865550030337,41.887164879447425],[-87.79997645622079,41.88714735908496],[-87.8001358485724,41.88714524386084],[-87.80027627720649,41.88714222260542],[-87.80044219022189,41.88713865258411],[-87.80028414005952,41.88700438387426],[-87.80026504302262,41.88698815561044],[-87.80012711197,41.886870942965054],[-87.80006027402959,41.88681414497216],[-87.80022309443298,41.88680753811389],[-87.80018827432323,41.886776330765926],[-87.80018399894607,41.886772097121444],[-87.8001538527155,41.88674225202768],[-87.8001414574122,41.88670920859276],[-87.80013377870137,41.88662755825891],[-87.80011142744009,41.88638991287713],[-87.80010847987485,41.886310798237844],[-87.80010472591896,41.88621007848737],[-87.80012842719196,41.886209613615335],[-87.8001839710414,41.88620852543942],[-87.80038846897185,41.88620451716218],[-87.8004401735632,41.88620350366357],[-87.80085756041748,41.886195322350574],[-87.80098151526012,41.8861926114701],[-87.80117882131246,41.88618829607944],[-87.8013768858385,41.88618396396729],[-87.80141767487355,41.88618307166701],[-87.80157935303848,41.886179589468014],[-87.80161984627152,41.88617871699418],[-87.80175079338649,41.88617589632869],[-87.80178193488888,41.886175225433355],[-87.8017902710005,41.88617504585],[-87.8017927696283,41.88617499223909],[-87.80179194073503,41.88615126984676],[-87.80178885300997,41.88606289686753],[-87.80178744456632,41.88602258760089],[-87.80178287924495,41.885891949067414],[-87.80178135650459,41.8858483722403],[-87.80178024561536,41.8858165818169],[-87.8017769983322,41.88572364783536],[-87.80190754975027,41.88572137812474],[-87.80201411586907,41.88571952487978],[-87.80227875114011,41.885714922208855],[-87.80252116777334,41.885710706080054],[-87.80252281304719,41.885747082551816],[-87.80253456622545,41.886006899398076],[-87.80253500704059,41.88602962245719],[-87.80253641066888,41.8861018486974],[-87.80253660956622,41.88611209321743],[-87.80253755869437,41.88616092056318],[-87.8025405957022,41.88631721554137],[-87.80254187121376,41.88638284812447],[-87.80254222983405,41.886401304179046],[-87.80254245709519,41.88641300259624],[-87.802543609619,41.88647230842692],[-87.8025456182945,41.88657570322146],[-87.80254749454522,41.88667224775367],[-87.80254216890425,41.88669471912906],[-87.80253618395372,41.88671997492876],[-87.80253340506292,41.886731700614334],[-87.80253126452988,41.8867407323386],[-87.80253667109598,41.8867406509886],[-87.80264213215223,41.886739068538596],[-87.80269785406124,41.88673848148182],[-87.80277525927681,41.886737665266914],[-87.8031258685718,41.886733969619655],[-87.8032249616635,41.88673292529338],[-87.80329747010273,41.886732160903236],[-87.80333587965856,41.88673149500338],[-87.80333250587952,41.886652589101125],[-87.80333074711214,41.886611446731834],[-87.80332219152673,41.886411347972],[-87.803321434549,41.88639362965655],[-87.80332117757091,41.88638761993449],[-87.8033086066107,41.8862396797529],[-87.80330843678719,41.886237677038444],[-87.80335378590759,41.886236918983165],[-87.8035192435632,41.88623415402315],[-87.80354988889859,41.88623364227004],[-87.80366718210635,41.88623168192814],[-87.80396327863032,41.88622673268932],[-87.80397921743315,41.886226466559414],[-87.8041017233694,41.886224430322514],[-87.80410246436172,41.88624177534184],[-87.80410333930429,41.88626224667965],[-87.8041059432592,41.88632318652712],[-87.80411019109864,41.88642256237321],[-87.80411028566107,41.88642478770997],[-87.80422938085002,41.88642279050434],[-87.80424187721542,41.8864225812002],[-87.80429532538216,41.88642168445501],[-87.80430289537708,41.88642155741712],[-87.8045642979863,41.8864171733406],[-87.80468132985641,41.88641521075991],[-87.80468214893162,41.88641519669279],[-87.80485070064049,41.886412369277146],[-87.80496958459868,41.88641037444807],[-87.80494583322795,41.88573980085227],[-87.80492856309138,41.88525218396373],[-87.8049075049197,41.88465763220299],[-87.8048932732548,41.8842558007779],[-87.80486269439037,41.88339240152166],[-87.80485727618718,41.88323940444331],[-87.80482039149626,41.882197932345086],[-87.80481074915025,41.88192566567356],[-87.80478413793107,41.88117424433965],[-87.80466411745167,41.88117630099189],[-87.80454272705215,41.881178381397646],[-87.80452124461588,41.88117874968853],[-87.80450095488405,41.88117909739724],[-87.80440915986772,41.88118067041379],[-87.8043757999951,41.881181239874806],[-87.80421625783978,41.88118396336288],[-87.80412997371944,41.88118543599717],[-87.80404203872101,41.881186937319285],[-87.80391958878451,41.88118902727641],[-87.80391958001658,41.88118875486889],[-87.80391746674027,41.881117236072484],[-87.80391252400018,41.88099523399031],[-87.80391057625133,41.88094714913029],[-87.80390495172601,41.88080831820002],[-87.80389887049175,41.88065820010596],[-87.8038988346681,41.88065731286099],[-87.8037811178681,41.88065933187345],[-87.80373724159503,41.880660084545696],[-87.80367667770365,41.88066112316579],[-87.80349443879064,41.880664248658796],[-87.80344807613021,41.880665043262184],[-87.80322551053818,41.88066885972747],[-87.80315566491396,41.88067005761681],[-87.80312177549544,41.88067063867653],[-87.8031209090166,41.880630976103355],[-87.80311997283661,41.88058830687889],[-87.80311967418382,41.88057468302781],[-87.80311914067613,41.88055037883154],[-87.80311832591906,41.88051323297644],[-87.80311830332191,41.880512190741975],[-87.80311763397158,41.88048166469648],[-87.80311760653649,41.88048043034199],[-87.80308283027529,41.880481026505635],[-87.80306718481512,41.88048129455348],[-87.80302128410904,41.880482082198945],[-87.8030061014034,41.880482342084434],[-87.80299500726434,41.88048253234677],[-87.80293456105318,41.880483569060914],[-87.80286569990017,41.88048474936693],[-87.80283649135993,41.88048525042657],[-87.80280716713477,41.88048575300257],[-87.80272522125952,41.88048715817953],[-87.80271012026485,41.8804874170313],[-87.80265739761697,41.88048832120021],[-87.80245745242246,41.880491748795066],[-87.8023380703509,41.88049379499196],[-87.80234016448559,41.88054612111488],[-87.8023404725257,41.8805538229132],[-87.80234285799574,41.8806134295137],[-87.80234325357326,41.88062330996751],[-87.80234446542627,41.88065357644853],[-87.80234579126757,41.88068670777051],[-87.8023470259031,41.88071754927751],[-87.80234783682778,41.88073780561376],[-87.80234992940727,41.88079009948217],[-87.80235043977312,41.88080285918768],[-87.8023526998755,41.88085931411741],[-87.80235334420205,41.88087540939545],[-87.80235562239362,41.88093234122198],[-87.80235618149482,41.88094631136799],[-87.80235874586073,41.88101037134152],[-87.80235898095218,41.881016239641006],[-87.8023617208852,41.88108470906753],[-87.80236214762562,41.88109537246265],[-87.80236349723266,41.88112907263812],[-87.8023640288773,41.88114236757053],[-87.80236492273315,41.88116469482735],[-87.8023660813107,41.88119363627099],[-87.80236732341652,41.881246864737264],[-87.8023677204257,41.88126389191664],[-87.80236927561316,41.88133053505077],[-87.80237020203892,41.88137021985544],[-87.80237115683862,41.88141113490231],[-87.80237185142686,41.88144089884735],[-87.80237189818537,41.881442902367944],[-87.80202036003345,41.88144917448012],[-87.80195736817004,41.88145031072953],[-87.80185974248579,41.881452071524635],[-87.80178968061446,41.88145333550147],[-87.80156126632059,41.881457455779355],[-87.80156692531847,41.88171497931281],[-87.80157054645147,41.88187980558916],[-87.80157271110987,41.88193872373353],[-87.80157703348871,41.88205640150771],[-87.80109227104788,41.882070895116044],[-87.80088579505565,41.882076897425705],[-87.8007666295536,41.88208036245347],[-87.80076245648584,41.88196135575318],[-87.80073476644588,41.881962321609414],[-87.80007567933285,41.88198420764588],[-87.80007571271446,41.88198527188471],[-87.7999546119228,41.88198765270889],[-87.79995417381863,41.88197520205987],[-87.7999532411866,41.88194869579818],[-87.79993846912957,41.8815289720012],[-87.79993694991443,41.881485793051205],[-87.79993464721034,41.88142036417891],[-87.79993395578639,41.881400732015315],[-87.79993260947197,41.88136248391709],[-87.79993100405237,41.88131686629699],[-87.79993083326063,41.88131201366518],[-87.79993050879743,41.88130278872529],[-87.79993048875828,41.8813022178277],[-87.79992864267221,41.881249773447024],[-87.79992823195857,41.88123811464042],[-87.7999272576874,41.881210435699835],[-87.79992622438445,41.88118499785324],[-87.79992532739627,41.881162928523736],[-87.79991826390206,41.88098908641422],[-87.79991819539191,41.88098738946176],[-87.79991802841784,41.88098329220296],[-87.79979700564257,41.88098535009011],[-87.79921136142622,41.88099530623753],[-87.79917951017765,41.88099584758849],[-87.79916243099865,41.88046444101426],[-87.79914970991392,41.880068612533194],[-87.7991491800187,41.88005210201376],[-87.79914901518306,41.880046982528896],[-87.79911085300085,41.88004763240492],[-87.79853116676216,41.88005750303979],[-87.79839977511392,41.88005973962911],[-87.79839987124345,41.880062192753066],[-87.7984042664175,41.88017373555341],[-87.79807550276556,41.880184305874074],[-87.79767642316732,41.88019251929809],[-87.79768784208682,41.88048782672968],[-87.79769834823443,41.8807595402916],[-87.79770326383341,41.88088667288637],[-87.79770680321319,41.88097820061466],[-87.79771077667353,41.881152413323115],[-87.79771110333924,41.8811667226933],[-87.79771123890839,41.881172694819085],[-87.79767410713796,41.881173328440674],[-87.79709037043828,41.88118328266575],[-87.79696427609245,41.881185432574476],[-87.7969642718294,41.881185283678874],[-87.79696318976016,41.88115198603997],[-87.79696300718443,41.88114637387695],[-87.79695907202694,41.881025235854345],[-87.79695835275413,41.881003115191476],[-87.79695642903044,41.88094388935237],[-87.79695593694335,41.8809287428961],[-87.79695591286855,41.8809279990912],[-87.79684020808696,41.88093041144084],[-87.7967281347676,41.88093274802363],[-87.79672640672196,41.88093278385726],[-87.79632623793404,41.880941126763844],[-87.79629621379361,41.88094175269781],[-87.79629620851647,41.88094161546048],[-87.79629433340607,41.8808937606483],[-87.79629398389233,41.880884849111794],[-87.79628689724913,41.88070398618931],[-87.79628587539773,41.88067790209145],[-87.79627858368715,41.880491822750685],[-87.79627824253456,41.88048311912975],[-87.79627582284085,41.88042136624268],[-87.79626866522977,41.88023868353313],[-87.79613291072106,41.88024179106533],[-87.79607444688389,41.880243129134875],[-87.79596437961727,41.88024536733283],[-87.79579355613123,41.88024884000458],[-87.7956053850289,41.88025292617838],[-87.79560600456188,41.88026662976157],[-87.79560614480725,41.88026972113299],[-87.79549063131624,41.88027211929885],[-87.79537574218445,41.880274504493705],[-87.7952344175082,41.88027743805342],[-87.79497292041097,41.88028286593762],[-87.79493899337467,41.8802835699559],[-87.79493936006644,41.88029686483556],[-87.79494272685052,41.88041897997179],[-87.79494277676737,41.880420798273256],[-87.79491821981586,41.880421304032424],[-87.79490063466986,41.88042166615541],[-87.79489780114253,41.88042172422105],[-87.79482919226129,41.88042313689633],[-87.7947631558722,41.880424528663724],[-87.79468977414857,41.88042605059672],[-87.79467179691332,41.88042642319474],[-87.79461639242194,41.88042757248278],[-87.79454301069232,41.88042909432194],[-87.79447146494711,41.88043062472904],[-87.79439991966014,41.88043210020864],[-87.7942768905895,41.88043463751571],[-87.79427710874639,41.880441667942996],[-87.79415782856373,41.88044380696504],[-87.79389889960594,41.88044844039364],[-87.79386881306465,41.88044897895618],[-87.79363267392816,41.880453204288834],[-87.79359820863887,41.88045382099554],[-87.7935091609897,41.88045541399149],[-87.79347642828208,41.88045599970014],[-87.79347642870303,41.8804563859557],[-87.793476434305,41.8804595377562],[-87.79347649216474,41.88049225500818],[-87.79347651539122,41.88050574654935],[-87.7934766722144,41.8805955275687],[-87.79347671630859,41.88062028230635],[-87.79347677758808,41.88065553800709],[-87.79347842794391,41.88071250272667],[-87.79347892023375,41.88072949059185],[-87.79348148895447,41.880818155057874],[-87.79348224441681,41.88084423175193],[-87.7934829229212,41.88086767222958],[-87.7934475190911,41.88086829888615],[-87.79315835757207,41.88087346153941],[-87.79313488995922,41.8808738801084],[-87.79313135498957,41.8808739430637],[-87.79305807550111,41.88087525106848],[-87.79305251320046,41.88087535044997],[-87.7930268777727,41.88087580819476],[-87.79300660723501,41.880876170428465],[-87.79300632168506,41.88087617525952],[-87.79296103365391,41.88087698371984],[-87.79295909814604,41.88087701783452],[-87.79294165925685,41.880877329576855],[-87.7929231038716,41.8808776607609],[-87.79291506250274,41.88087780404107],[-87.79288221756833,41.880878390424044],[-87.79287863852268,41.88087845453627],[-87.7928528066062,41.880878915433904],[-87.79284900628205,41.880878983306246],[-87.79283587818189,41.88087922270193],[-87.79283206871821,41.88087928572825],[-87.79281612094888,41.880879570166265],[-87.79280204441584,41.88087982155967],[-87.79280024295898,41.88087985355837],[-87.79265266202647,41.8808824876133],[-87.79265251260539,41.8808776700608],[-87.79265242095143,41.88087471201125],[-87.79265072035037,41.880819873841354],[-87.7926498056758,41.88079039900801],[-87.79264719197585,41.8807061175698],[-87.79264283776817,41.88056574433265],[-87.79263980257296,41.88046786656524],[-87.79263502117612,41.880313702813226],[-87.79262870796023,41.88031380412727],[-87.7923275614025,41.88031862423259],[-87.79227123315472,41.88031958828898],[-87.79196789943659,41.88032477791156],[-87.79181221170991,41.88032795719819],[-87.79182061994197,41.88052661212619],[-87.79182417204005,41.880610526849175],[-87.79182771419322,41.880694206890375],[-87.79182996678459,41.88074740935692],[-87.79183527075597,41.88087272389548],[-87.79183619916307,41.880894656221585],[-87.79183716283087,41.88091741404775],[-87.79183820781785,41.88094326228539],[-87.79184385260605,41.88108290685352],[-87.79184522955023,41.88111695510918],[-87.7918487395485,41.881203797055456],[-87.79184875779843,41.881204245140694],[-87.79182195801272,41.88120471976635],[-87.79163832237542,41.88120797010308],[-87.79143646980532,41.88121157326867],[-87.79137604266135,41.88121264172097],[-87.79123885214287,41.881215067089954],[-87.79118408097365,41.88121603521769],[-87.7910347438592,41.88121867536705],[-87.79103470192338,41.88121712055017],[-87.7910312287415,41.881089139669356],[-87.79103121826628,41.88108874993608],[-87.79088673723321,41.881091139771414],[-87.79079356983146,41.88109268101408],[-87.79074260784438,41.88109352422569],[-87.79032949473398,41.88110035669087],[-87.79025865715491,41.88110152832343],[-87.79024409317677,41.88110176886536],[-87.79021138986712,41.88110230987383],[-87.79021138412071,41.88110212117932],[-87.7902112781286,41.88109837614594],[-87.78984174283448,41.88110505275802],[-87.78950298841187,41.881109239465104],[-87.78939754619351,41.88111009026928],[-87.78939706699074,41.88109276902435],[-87.78939698141494,41.88108965320678],[-87.78925210246868,41.881092408202605],[-87.78905795173546,41.881096099933245],[-87.78879090239779,41.88110117731994],[-87.7885796953682,41.88110519214232],[-87.78790714069427,41.88111802632859],[-87.78775911031977,41.881120850917185],[-87.7877591116539,41.88112090992495],[-87.78775918116389,41.88112331490604],[-87.7877182723398,41.88112364539283],[-87.78766355157859,41.88112408724274],[-87.78759458504432,41.88112502531394],[-87.7874699292795,41.88112672088994],[-87.78735948733288,41.88112822251606],[-87.78718013943838,41.881130660774176],[-87.78712336862647,41.881131432904446],[-87.78706690356097,41.88113220028644],[-87.78704117611525,41.88113180416685],[-87.78694133221343,41.881130263718376],[-87.78654189947149,41.88113942400137],[-87.78648961238162,41.88114062331572],[-87.78639643789691,41.88114275988992],[-87.78614017842901,41.88114863510943],[-87.78612717368372,41.88114893332723],[-87.7861259496993,41.88114896111217],[-87.7860416516868,41.88115196228306],[-87.7859412254166,41.881153902017495],[-87.78592209581244,41.88115427186902],[-87.78573871736202,41.88115781312062],[-87.78573808105722,41.881157825179955],[-87.78562795132612,41.88115995163271],[-87.78537612746649,41.881164241600054],[-87.78531621295018,41.88116526197112],[-87.78519997214805,41.881167240162696],[-87.78504853695374,41.88116947900381],[-87.78504090340549,41.88116959143457],[-87.78503854741136,41.88116962683851],[-87.78503902640675,41.8811881233249],[-87.78503964333349,41.88121196284209],[-87.78504003201678,41.881226955859645],[-87.78504218534789,41.88131011971533],[-87.78504284255364,41.88133547630948],[-87.7850451566272,41.88142485940552],[-87.7850453277676,41.88143147249721],[-87.78504795064099,41.881532736931675],[-87.78504822172745,41.88154323018627],[-87.78504968292276,41.88159964800027],[-87.78505260924403,41.88171266888231],[-87.78501470671603,41.881713312567705],[-87.78491943201641,41.88171488426179],[-87.7848503125221,41.881716024400255],[-87.78472964101745,41.88171801525635],[-87.78454396435458,41.88172107846831],[-87.78451357266596,41.88172158018962],[-87.78430003297193,41.88172510123427],[-87.78404037495118,41.881728961131664],[-87.78325391309053,41.881740649624746],[-87.78323520888094,41.88174095794823],[-87.78287694577519,41.88174686481408],[-87.78287401998043,41.8816550871356],[-87.78287350493424,41.881638938176835],[-87.7828727207832,41.88161435278489],[-87.78286888777386,41.881494145797475],[-87.7828686983178,41.88148819535185],[-87.78286684648583,41.88143013046],[-87.78286635824891,41.881414815881584],[-87.7828641780389,41.881346450238375],[-87.78286350890849,41.88132547134318],[-87.78286338382686,41.88132154028912],[-87.78286138243362,41.88125876074023],[-87.78286039209046,41.881227715761774],[-87.78264805771359,41.88123281677275],[-87.78252521132012,41.88123576703567],[-87.78230504439395,41.8812410548739],[-87.78223014831276,41.88124228097728],[-87.78222440056186,41.881242375513956],[-87.78210006467258,41.88124441051285],[-87.78205248599514,41.88124518926818],[-87.78203588639131,41.88124546084712],[-87.7820302818015,41.88106474760512],[-87.78202976559085,41.881048118391504],[-87.78202915605206,41.881028462506166],[-87.78202794766719,41.88098950891145],[-87.78202336603101,41.88084177070027],[-87.78202255017247,41.8808154658735],[-87.78202052878355,41.8807503035127],[-87.78201758527092,41.880655393149404],[-87.78201548917069,41.8805878161724],[-87.7820132500395,41.88051562610625],[-87.78201290932297,41.88050464060175],[-87.78198793067439,41.880505061987904],[-87.78198330012091,41.88050175214299],[-87.78197140028661,41.88049324614584],[-87.7817621676154,41.88049673787462],[-87.78166610945836,41.8804983415286],[-87.7813559376435,41.88050351692125],[-87.78106227298225,41.88050836196618],[-87.78098591857862,41.880509635131226],[-87.78090910325149,41.88051091631924],[-87.78070085660491,41.8805143882171],[-87.78064830739308,41.88051526459167],[-87.78062504665975,41.88051565209911],[-87.7805359086629,41.88051713786479],[-87.7804682988201,41.880518265482515],[-87.7804491606356,41.88051858429868],[-87.78043289447204,41.880531314097084],[-87.78043116927344,41.88053133940827],[-87.78041197728407,41.88053161610935],[-87.7804010890013,41.88053177293493],[-87.78040111841308,41.880533792159916],[-87.78040231042156,41.88061510185109],[-87.78040371955895,41.880711265163704],[-87.78040456624136,41.88076905838184],[-87.78040605995503,41.880870958957495],[-87.78040611958023,41.88087266822734],[-87.78041482456538,41.88111981011152],[-87.78041799357344,41.881209801147975],[-87.78042057427082,41.88128305627641],[-87.78041677484975,41.88128312168344],[-87.78030356167935,41.881285066959],[-87.77998849240603,41.88128901034204],[-87.77980274364499,41.88129246277228],[-87.77959684061443,41.88129628905019],[-87.77958959170424,41.88105811549003],[-87.77958848534068,41.881021765286235],[-87.77944392275232,41.88102389677855],[-87.77943729367334,41.88102399447172],[-87.77902067160736,41.88103013677835],[-87.77891773539685,41.881031653478445],[-87.77888429251006,41.88103214652683],[-87.77882964023625,41.881032952227585],[-87.77877656968448,41.881034401520594],[-87.77877636475418,41.881028904481056],[-87.77877435308358,41.880974890638775],[-87.77877302166124,41.88093914101755],[-87.77876860878159,41.88082063732681],[-87.77876676347465,41.88075046338724],[-87.77876425702863,41.880655144791206],[-87.77876175453048,41.88056000733326],[-87.77874566011158,41.88056016081528],[-87.77856281907142,41.88056190326651],[-87.77832849241723,41.88056795413574],[-87.7781656054717,41.88057215998971],[-87.77815817142701,41.880572351824725],[-87.77794465283165,41.880574371029255],[-87.77788788719461,41.88057490878819],[-87.77763769295377,41.88057727624032],[-87.77749408633447,41.880578634653894],[-87.77740271790555,41.88058048178221],[-87.77724650488098,41.88058363809041],[-87.77714737441934,41.880584751076064],[-87.77712762655403,41.88058497239523],[-87.77686965561655,41.88058786719727],[-87.77671869536887,41.88058956085509],[-87.77666918365176,41.88059034996553],[-87.77645977458162,41.88059368435973],[-87.77630962256178,41.88059565102163],[-87.77630961254592,41.8805953244071],[-87.77620060488806,41.88059707816025],[-87.77619544581377,41.88059715329707],[-87.77614890187529,41.880597754878345],[-87.77602083194886,41.88059943106708],[-87.77581018157493,41.88060139984813],[-87.77579312943074,41.88060178770284],[-87.77564742915153,41.88060509921272],[-87.7755152504689,41.88060810368455],[-87.7755007803454,41.880608432000784],[-87.77538949738502,41.88061096770663],[-87.77526847216743,41.880613724899874],[-87.77515715077111,41.88061592813931],[-87.77505442489172,41.88061781630371],[-87.77499394042904,41.88061864945654],[-87.77496354349441,41.88061906767003],[-87.77489977299989,41.88061994585585],[-87.77488067648116,41.880620006672885],[-87.77482537820198,41.88062018163753],[-87.77476643432013,41.880620367658786],[-87.77467923636291,41.88064392827137],[-87.77466841946031,41.880646847675884],[-87.77467768640273,41.88091377876494],[-87.77467868811743,41.88094264150024],[-87.77468787268646,41.881207233385965],[-87.77469030054006,41.88127715362649],[-87.77469878444882,41.88152154028269],[-87.7747003755228,41.881567377016985],[-87.77470044085848,41.88156925646082],[-87.77471042258173,41.88185680991204],[-87.77471124240259,41.88188041926113],[-87.77471924433642,41.882110908031585],[-87.77472063495061,41.882150987719626],[-87.77472303713357,41.88222017305009],[-87.77473171560173,41.88247017809195],[-87.77473322676424,41.88251370514263],[-87.77473827256611,41.882659039817874],[-87.77474170809546,41.88275799774062],[-87.77474343344127,41.88280771342984],[-87.77475244620028,41.883067312598364],[-87.7747536901708,41.88310315169922],[-87.77476249378712,41.883356730323456],[-87.77476495616594,41.88342765647224],[-87.77477253183437,41.88364588179461],[-87.77477460003307,41.883705463350495],[-87.77477517913248,41.88372214160315],[-87.77477904405517,41.88383347404677],[-87.77478338471188,41.883958491632654],[-87.7747904247713,41.88416127586481],[-87.77479175540537,41.88419960715893],[-87.77480128736447,41.884474157401485],[-87.77480295477567,41.88452220634767],[-87.7748117088943,41.88477433775993],[-87.77481364206888,41.88483003347552],[-87.77482274031615,41.88509210004439],[-87.77482416345745,41.885133095762114],[-87.77483374767634,41.88540915692135],[-87.77483513200089,41.88544902387539],[-87.7748446628614,41.8857235253396],[-87.77484626571135,41.88576971679024],[-87.77485638740544,41.886061249177054],[-87.774857300473,41.88608755038377],[-87.77486738040108,41.88637787919745],[-87.77486865034514,41.88641443808224],[-87.77487876406576,41.88670574605368],[-87.77488001544818,41.88674180196245],[-87.77488909959129,41.8870034320359],[-87.77489078635932,41.88705201206619],[-87.77489176111357,41.88708008841087],[-87.77489176480181,41.887080192024214],[-87.7748991952313,41.88708008133955],[-87.77490540073106,41.88707998802403],[-87.77515775446388,41.88707621416168],[-87.77528024640102,41.887074382867546],[-87.77557413777876,41.88706998802981],[-87.77581364970035,41.88706726177476],[-87.77624847519715,41.88706231167483],[-87.77640523511245,41.88706164843262],[-87.77651713932173,41.8870611750156],[-87.77672288468139,41.88707777141797],[-87.77692256375269,41.88709387839826],[-87.77728935730157,41.88709908254493],[-87.77734937461994,41.88709808333294],[-87.77809598011595,41.88708568147522],[-87.77814262756846,41.887084906723814],[-87.77824786347604,41.88708315966766],[-87.77845198863713,41.88708132162718],[-87.77888080193216,41.88707746039559],[-87.77913200561477,41.88707436242503],[-87.77912840995928,41.88695626759323],[-87.77912564876014,41.88686559457657],[-87.77912333677982,41.88678965828485],[-87.77911588084297,41.88654478932805],[-87.77911525014508,41.88652406926223],[-87.77911641253337,41.88652406320891],[-87.77916760734175,41.886523779938756],[-87.78058119631241,41.88649787225443],[-87.78084974390856,41.88649548723811],[-87.78085723906942,41.88649542038722],[-87.78085841067345,41.88649541024423],[-87.78085906855028,41.88651762330349],[-87.78086675430522,41.886776978094154],[-87.78087130324312,41.88693047210181],[-87.78087487330019,41.887050951512535],[-87.78105966512943,41.887047113376966],[-87.78137826168133,41.887040495368005],[-87.7814086552781,41.88712838880412],[-87.78140832096351,41.88716893621854],[-87.78140764164377,41.887251699498385],[-87.78140697781683,41.887331809162966],[-87.7814065188553,41.88738769083891],[-87.78140593488303,41.88745852258049],[-87.78155469520532,41.88745795862164],[-87.7815620140189,41.88745801917116],[-87.78156305969935,41.887493130683104],[-87.7815647577983,41.88755186576401],[-87.78156697850739,41.88762711687147],[-87.78156849191231,41.887678401114606],[-87.78157144386904,41.88777846579906],[-87.78157403638957,41.88786631273247],[-87.78157405561733,41.887866959095376],[-87.7815768747059,41.88796251365174],[-87.78158030255057,41.888078658483046],[-87.781580899509,41.88809891184634],[-87.78158153367758,41.888120389323156],[-87.7815847908848,41.88823075806067],[-87.78143974148924,41.88822644346528],[-87.78144066105355,41.888260946516496],[-87.7814541838517,41.8887681341663],[-87.78114711871406,41.88877168623952],[-87.78083410702446,41.88877530630304],[-87.78073601582904,41.8887773089597],[-87.78065953065331,41.88877886941093],[-87.78064051518746,41.8887792581384],[-87.78063978469342,41.888754611961254],[-87.78063409464689,41.888562596978765],[-87.78061652009211,41.8885628471921],[-87.78053903649393,41.88856395064315],[-87.78044339074872,41.888565301399844],[-87.78034869983266,41.88856665667471],[-87.78025954609298,41.88856792396688],[-87.78015836315868,41.8885693623907],[-87.77996809992068,41.88857206814505],[-87.77982165412135,41.88857415396788],[-87.77982097205086,41.88855223099858],[-87.77982055073653,41.88853871011563],[-87.779818942795,41.88848705081319],[-87.77981498084732,41.888359757602885],[-87.7798110172837,41.88823244036966],[-87.77980932101741,41.88817793210893],[-87.77962988443062,41.888172591211905],[-87.77953376147201,41.88816972992001],[-87.77944891497799,41.88816720422183],[-87.77908633693842,41.88815571005263],[-87.77905282390549,41.88815464750381],[-87.77858308808179,41.88813975371265],[-87.7785404374472,41.88813851240479],[-87.77850543574617,41.888137493958986],[-87.77818031065566,41.88812803229816],[-87.7780857367115,41.88812527950575],[-87.77801684126504,41.88812327375436],[-87.7778934092249,41.88811968009749],[-87.77760953667877,41.88811102556281],[-87.77754115794006,41.88810894107114],[-87.77723862925154,41.88809971645535],[-87.77710596382065,41.88809567109123],[-87.77706308608026,41.888094474100825],[-87.77680753251163,41.888087339228704],[-87.77674133694357,41.88808549124126],[-87.77655280145721,41.88808022698546],[-87.77655591533971,41.888155033821846],[-87.77656127005436,41.88828370190156],[-87.7765619549746,41.88831457869907],[-87.77656251038486,41.888339645981446],[-87.77656311934815,41.88836711062401],[-87.77656738475605,41.88855948044775],[-87.77656800912621,41.8885876030974],[-87.77656885219434,41.88862564451916],[-87.77646205727797,41.888626671712935],[-87.77644349997429,41.88862685066008],[-87.77613826774005,41.88862978557475],[-87.77602210569556,41.88863072780412],[-87.77592269825477,41.88863153444641],[-87.77574920306697,41.88863294110264],[-87.77558800179806,41.888634249412135],[-87.77556764856828,41.88863464246542],[-87.77547601587773,41.88863641129393],[-87.77520484242187,41.8886416441966],[-87.77511993443693,41.88864328282699],[-87.77505177902833,41.888644597375134],[-87.77494615231586,41.88864663597713],[-87.77495287827708,41.888840357688814],[-87.77495399193721,41.888872415231035],[-87.774956881067,41.8889556341828],[-87.77496005655581,41.889056683902446],[-87.77496157708447,41.8891050696368],[-87.77496636158978,41.889257314254394],[-87.77496857365938,41.88932771701679],[-87.77497322881186,41.8894758405118],[-87.77497478458893,41.88952534675285],[-87.77498001053365,41.88969164267941],[-87.7749812535855,41.889731196757324],[-87.77498731719736,41.88992413653033],[-87.77498827343439,41.88995455841562],[-87.77499459641196,41.89015578089359],[-87.77499533780363,41.89017934934803],[-87.77500079304853,41.89035295841595],[-87.7750030313334,41.890424153693175],[-87.77500579128608,41.89051199193315],[-87.77500722786849,41.89055768788468],[-87.775008759241,41.8906064166895],[-87.77501393487388,41.89077112616432],[-87.77501493563038,41.89080297526974],[-87.77502099946966,41.890995908145904],[-87.77502204555331,41.89102919545564],[-87.7750247617473,41.89111563184931],[-87.77502766641975,41.891208050243456],[-87.7750284213693,41.89123206744365],[-87.77502917775537,41.89125613061689],[-87.77503371089114,41.891400367614075],[-87.77503415873953,41.89141462821017],[-87.77503965376009,41.891589488809096],[-87.77504039224138,41.89161297285774],[-87.77504441849732,41.89174108630621],[-87.77504589516742,41.891788088703734],[-87.77504707585108,41.891825639163685],[-87.77504815143506,41.89185986445805],[-87.77504816068281,41.891860173230704],[-87.77518591954622,41.89185832296524],[-87.77535753706358,41.89185601754012],[-87.77537597653415,41.89185577027709],[-87.7754209897875,41.891855165699944],[-87.77548667307109,41.89185428281043],[-87.77566363783173,41.89185190548236],[-87.77569973806084,41.8918514201089],[-87.77574622058906,41.89185079578248],[-87.77576802930247,41.89185050307016],[-87.77585503000134,41.89184933378695],[-87.77599380905316,41.89184746966711],[-87.77605104579352,41.891846700510634],[-87.77632442652772,41.89184302752025],[-87.77636894296826,41.891842429080555],[-87.77645433019086,41.89184128170453],[-87.77667136215963,41.89183836508661],[-87.77667111227349,41.89186841405927],[-87.77667010364195,41.89198976180165],[-87.7766698278076,41.89202290478543],[-87.77666970725043,41.8920374240082],[-87.77666925335451,41.89208969969964],[-87.77666910115018,41.89210722920699],[-87.77666887777556,41.89213295543286],[-87.7766687537102,41.89214724412165],[-87.77666862171047,41.892162446605965],[-87.77666787361748,41.89225706458906],[-87.77666761511452,41.89228683634888],[-87.77666750573147,41.892299433966755],[-87.77666694722946,41.89236375638934],[-87.77667390000302,41.8923666989933],[-87.77669866665286,41.89238224170776],[-87.77670407449276,41.89238894604338],[-87.7767193787022,41.892407918474916],[-87.77672639515109,41.892437370801815],[-87.77672839469889,41.89250318751478],[-87.77683866543806,41.892501691193964],[-87.77684078342521,41.892570801573605],[-87.77684105139508,41.892579598180745],[-87.7768418126013,41.892604560787255],[-87.77684331251069,41.89265358783635],[-87.77684333906898,41.89265444211163],[-87.77684495977286,41.892707430378685],[-87.77684668429434,41.892762950715195],[-87.77684732001966,41.892783434789486],[-87.77684920815946,41.892844224184245],[-87.77685128715032,41.89291232860454],[-87.77685166942085,41.89292488263763],[-87.7768521013669,41.892939012794635],[-87.77685338310738,41.892981017630575],[-87.77685675723403,41.893091065889706],[-87.77685726758114,41.893107694375914],[-87.7768576768707,41.89312104985929],[-87.7768605064556,41.893213332660295],[-87.77686379407831,41.89321328410159],[-87.7770281257221,41.89321084483005],[-87.77736745080026,41.89320580726483],[-87.7774937212801,41.89320393223137],[-87.77752471861794,41.89320347166813],[-87.77766080695918,41.893201451185746],[-87.77790944864142,41.893197759686366],[-87.77805680304648,41.893195570940236],[-87.77826537257383,41.89319266871149],[-87.77833548836959,41.893191693104875],[-87.77873026434317,41.89318620186952],[-87.7787602094161,41.893185738635054],[-87.77914817659774,41.893179736954664],[-87.7792538521511,41.893178102940034],[-87.77935631169801,41.893176517803745],[-87.77996076985129,41.89316726142069],[-87.78034449086257,41.89316138273979],[-87.78038524925356,41.89316075778686],[-87.7805280386673,41.89315872157824],[-87.7807739908406,41.893155214002995],[-87.78077906654823,41.89330395460163],[-87.78078101783917,41.89338224703474],[-87.78081607990485,41.89338171183671],[-87.78097950236759,41.89337921725625],[-87.78113296275768,41.89337686938165],[-87.7811378050969,41.89337680073409],[-87.78114686438448,41.893376673466406],[-87.78134838775303,41.89337358562592],[-87.78137515724342,41.89337317642376],[-87.78144488279864,41.89337211197137],[-87.7815947707916,41.89336982314987],[-87.78159503821477,41.89337907940407],[-87.78159528520439,41.89338761588157],[-87.7815956059069,41.89339878993353],[-87.78159562474912,41.89339937454846],[-87.78159568095109,41.89340116612499],[-87.78159568384444,41.893401256699015],[-87.78159570978427,41.89340208352771],[-87.78159573273626,41.89340283075894],[-87.78159574367491,41.893403160121004],[-87.78159576670367,41.89340389843379],[-87.78159577822984,41.89340426621811],[-87.78159579690679,41.89340487004192],[-87.78159581208506,41.893405346927594],[-87.7815958221764,41.89340566805284],[-87.78159583230315,41.8934059850619],[-87.78159583437868,41.89340606396894],[-87.78159584982599,41.89340704305288],[-87.78159585140848,41.89340707256113],[-87.78159586347496,41.89340748425598],[-87.7815958732446,41.89340794945261],[-87.78159593869658,41.89341026659665],[-87.78159601089483,41.89341276009095],[-87.78159610700762,41.893416102358145],[-87.7815961325991,41.8934169696628],[-87.78159633266924,41.893423916310425],[-87.78159636165307,41.893424922901865],[-87.78159651957458,41.89343036550017],[-87.78159658598614,41.89343267784639],[-87.78159691781663,41.8934441593073],[-87.78159702527857,41.8934478899398],[-87.78159744261403,41.89346234588794],[-87.78159753170608,41.89346543702288],[-87.7815975538167,41.89346617533126],[-87.78159799650726,41.893480885929954],[-87.78159799715975,41.89348091680585],[-87.78159847268134,41.89349672045815],[-87.78159866764399,41.89350319369869],[-87.78159883684982,41.893508818843515],[-87.78174276816549,41.89350680376321],[-87.78179539200427,41.89350606721737],[-87.78181181812735,41.89350583738021],[-87.78193413750986,41.89350412509732],[-87.78194982254372,41.89350390540323],[-87.78205944604348,41.89350237077661],[-87.7820698947708,41.89350222472184],[-87.78208731635758,41.89350198110027],[-87.78215522391379,41.89350103029483],[-87.7821774915148,41.893500718672655],[-87.78221333107625,41.893500216966316],[-87.78224320794013,41.89349979846251],[-87.78226836735183,41.893499446501345],[-87.78232131076045,41.893498705073455],[-87.78235742582099,41.89349819915558],[-87.78237046331228,41.893498016783795],[-87.7824096621123,41.893497468015475],[-87.78240973186631,41.89349982222703],[-87.78241145397286,41.89355768193616],[-87.78241277819299,41.89360093828977],[-87.7824156166842,41.89369365115904],[-87.78241991576255,41.893834055047876],[-87.7824229397821,41.89393285485415],[-87.78242780529015,41.89409176041396],[-87.78242889072638,41.8941272240186],[-87.78242960707682,41.8941630034988],[-87.7824331945119,41.894342309130316],[-87.78243493672902,41.894429353977635],[-87.78243852613284,41.89460875360059],[-87.78252785199489,41.8946074497783],[-87.78282665664182,41.894603090177874],[-87.7829026410424,41.894601945076104],[-87.782917659763,41.89460171862609],[-87.78321513581051,41.89459723638832],[-87.78325543857217,41.894596629503056],[-87.78325255209576,41.89450305062825],[-87.78325201101903,41.89448552877339],[-87.7832487831388,41.894380908161615],[-87.78324876662381,41.89438037158251],[-87.78324530191774,41.894271569662266],[-87.78324345515554,41.8942135948025],[-87.78323853511169,41.89405909627551],[-87.78338009816301,41.89405659647564],[-87.78376234598487,41.894049847236666],[-87.78381137191559,41.89404898140702],[-87.78387551961787,41.89404784899643],[-87.78389148237919,41.894047594690925],[-87.78392299830779,41.894047093718534],[-87.78395793784875,41.89404653776569],[-87.78404394406846,41.89404516954348],[-87.78404311284525,41.89401154649923],[-87.78404240476875,41.893982948071724],[-87.78404209041874,41.89397023247753],[-87.7840414833888,41.893945701505366],[-87.7840399202328,41.89388251394386],[-87.78403982140676,41.89387850893046],[-87.78403958946075,41.89386914308223],[-87.78403900373644,41.89384544783437],[-87.78403728979326,41.89377617555744],[-87.78403688401517,41.893759770572984],[-87.78403667475175,41.89375129396869],[-87.78403660792978,41.893748590566894],[-87.78403485175292,41.89367760361914],[-87.78403426518369,41.89365390013369],[-87.7840333975138,41.89361885196308],[-87.78403339498732,41.89361871816899],[-87.78403224098228,41.89357207899184],[-87.78403218626745,41.89356989156613],[-87.78403122739313,41.89355288225948],[-87.78403068461867,41.89354325010415],[-87.78402936077943,41.89351975439847],[-87.78402597722824,41.893459733903164],[-87.78402531807107,41.89344803889009],[-87.78402375422648,41.89342029805945],[-87.7840226415021,41.893400562294026],[-87.78402001992029,41.89335406291211],[-87.78401909619642,41.893337667111915],[-87.7840166937938,41.89329505806061],[-87.78401614221659,41.89328527492915],[-87.78401482624027,41.89326193430977],[-87.78401274518329,41.893225008756545],[-87.7840099132121,41.8931747741337],[-87.78400939198933,41.893165520786724],[-87.78400919112966,41.89316195779441],[-87.78400794215615,41.89313979957899],[-87.78400706294265,41.89312421079937],[-87.78400614471734,41.89310792410847],[-87.78400393839756,41.893068794325224],[-87.78400387651169,41.89306080004008],[-87.7840038267921,41.8930544935245],[-87.78400373539164,41.893042871204706],[-87.78400367795658,41.893035536245925],[-87.78400320266344,41.89297484428134],[-87.78400308664371,41.89295998706335],[-87.78400290821503,41.89293719661695],[-87.78400245567248,41.89287942189396],[-87.78400229092907,41.892858356271475],[-87.78400215601528,41.89284120340078],[-87.78400214951422,41.89284035471154],[-87.78400182622806,41.89282589716165],[-87.78399987964075,41.89273877518101],[-87.78399939442706,41.892717068615624],[-87.7839993007292,41.89271289416872],[-87.78399761884144,41.89263763751575],[-87.78399751115865,41.89263284486039],[-87.78399722445917,41.892620011392786],[-87.78399714011827,41.89261624519723],[-87.78399524786214,41.89253157065502],[-87.78399470353637,41.89250722589918],[-87.78399301835337,41.8924318189802],[-87.78399236917285,41.89240278037478],[-87.78399218320341,41.892394479511616],[-87.78399191968268,41.892382691712314],[-87.78399136620206,41.89235791537927],[-87.78399064133247,41.89232549412754],[-87.78399006857383,41.892299860125],[-87.78398842244559,41.892226218626696],[-87.78398773809072,41.89219560602652],[-87.7839866971917,41.89214905999689],[-87.78398643689586,41.8921221081917],[-87.78398618895068,41.89209650112632],[-87.78398591526876,41.892068218297226],[-87.78398551387615,41.892026764531224],[-87.78398549452622,41.89202473644037],[-87.7839851487079,41.89198901292703],[-87.78398465286557,41.891937793306695],[-87.7839843510857,41.89190668171008],[-87.78398353483287,41.891822345730596],[-87.78398339345294,41.89180776967361],[-87.7839828710323,41.89175375833948],[-87.78398267044967,41.89173312544637],[-87.78398259760559,41.891725553034895],[-87.78398244154185,41.89170936877875],[-87.78398227580439,41.89169227750272],[-87.78398164294947,41.891626829676504],[-87.78398155456328,41.89161774922687],[-87.78398103994779,41.89160193990311],[-87.78397831502295,41.891518219104675],[-87.78397770017996,41.89149931927914],[-87.78397760353671,41.89149634611133],[-87.78397515613193,41.891421172223964],[-87.78397477153237,41.89140937080823],[-87.78397438918778,41.89139762771849],[-87.78397408461095,41.89138827455385],[-87.78397120563814,41.8912998164449],[-87.78397058558255,41.89128077526493],[-87.78396788891692,41.89119793824439],[-87.78396701251155,41.89117098828978],[-87.78396595998444,41.89113866082638],[-87.78396453453065,41.89109488463801],[-87.78396419733384,41.89108451663139],[-87.78396348790469,41.89106272597357],[-87.78396320885828,41.891054144063936],[-87.78396138219779,41.890998040855465],[-87.78396013131076,41.89095960992246],[-87.78395827494093,41.89090258107357],[-87.7839582661394,41.890902322386154],[-87.78395723498033,41.89086793066344],[-87.78395490370491,41.890790245650756],[-87.78395434092056,41.89077148671444],[-87.78395216063028,41.89069879146433],[-87.78395151347324,41.89067723504998],[-87.7839509441908,41.890658270263636],[-87.78395086708187,41.89065569647681],[-87.7839483461113,41.89057164801617],[-87.78394773117856,41.89055115309314],[-87.78394678191847,41.89051952727537],[-87.78394521055971,41.89046802875791],[-87.78394474033404,41.89045261275667],[-87.78394237461393,41.89037509291428],[-87.78394134382813,41.89034130218031],[-87.78394109294652,41.890333077156455],[-87.78393958228332,41.890283604182294],[-87.78393890411006,41.8902613821379],[-87.78393848111598,41.89024752646678],[-87.78393585647412,41.89016154280945],[-87.78393572171964,41.89015680284921],[-87.78393511411228,41.89013545381267],[-87.78393246222596,41.89004225676843],[-87.78393205018648,41.890027765855805],[-87.78392982313937,41.88994949543318],[-87.78392944916376,41.889936348697695],[-87.78392869822231,41.88990997562921],[-87.78392802433699,41.88988628954771],[-87.78392653463162,41.88983394412856],[-87.78392580700661,41.889808386212714],[-87.78392462212351,41.88976675716647],[-87.78392308936776,41.88972115072671],[-87.7839225106059,41.88970393672181],[-87.78391942526757,41.88961214539574],[-87.78391899651787,41.88959939082488],[-87.78391891240808,41.88959688423813],[-87.78391856413003,41.88958652509454],[-87.78391816086042,41.889574547267664],[-87.78391745570349,41.889553546967704],[-87.78391741028425,41.88955220412715],[-87.78391724044612,41.8895471655616],[-87.78391566083171,41.889500170992456],[-87.78391531841815,41.88948998476434],[-87.78391395464601,41.88944941070924],[-87.78391357275964,41.88943804495164],[-87.7839131798704,41.88942635600619],[-87.78391291489103,41.889418491096045],[-87.78391236918388,41.88940224185153],[-87.78391236260207,41.88940204560632],[-87.78391197851442,41.88939061534827],[-87.7839118783038,41.88938763049921],[-87.78391109681242,41.88936439532947],[-87.78391089920555,41.88935852580983],[-87.78391051581895,41.889347120939334],[-87.78391036449473,41.88934302922771],[-87.78391030027998,41.88934130827704],[-87.7839098676892,41.88932964521179],[-87.78390978936925,41.889327534510414],[-87.78390974618247,41.88932635976567],[-87.78390971867263,41.88932560565193],[-87.7839502214682,41.88932505436029],[-87.784001868318,41.88932435123026],[-87.78402816832,41.889323993360385],[-87.7842000205296,41.889321653878866],[-87.78423245453696,41.88932121209342],[-87.78425844508371,41.889320858179616],[-87.78428256788162,41.889320529633196],[-87.78441330113583,41.88931874927221],[-87.78443277016923,41.88931848420711],[-87.78448954183963,41.889317711362644],[-87.78451460218243,41.8893173700967],[-87.78457971077255,41.889316483372106],[-87.78472799754306,41.88931446408179],[-87.7847280237418,41.88931537255302],[-87.78472805611982,41.889316524605796],[-87.78472805680315,41.88931655205153],[-87.78472810039612,41.88931811030659],[-87.78472812927535,41.88931913473512],[-87.78472818924226,41.8893212474065],[-87.78487364837854,41.88931876573531],[-87.78490183440145,41.889318284948914],[-87.7849186923898,41.88931799704094],[-87.78498548979239,41.88931685744771],[-87.78504191785214,41.88931589470842],[-87.78508445216443,41.889315169537525],[-87.78508933655694,41.88931508583033],[-87.78511162255693,41.88931470580488],[-87.78515288687413,41.88931400198834],[-87.78526753456919,41.889312045762274],[-87.78535706976182,41.889310517758],[-87.78550455093202,41.889308001028155],[-87.7855417481351,41.88930736617185],[-87.78554164429306,41.889304690034656],[-87.78554154267789,41.8893020756537],[-87.78554119280298,41.88929305501353],[-87.78554012703391,41.889265625972754],[-87.7855397709866,41.88925646809071],[-87.78553892801753,41.88922176785512],[-87.7855388486902,41.88921847918148],[-87.78553852325682,41.88920509324512],[-87.78553633356628,41.889114915039684],[-87.78553469065302,41.8890472498227],[-87.78553408269615,41.88902222623993],[-87.7855340630866,41.889021404930126],[-87.7855336942517,41.88900622130368],[-87.78552988263947,41.888849147051445],[-87.78549074693682,41.88882599031504],[-87.78549068828892,41.88882393527936],[-87.78548570441664,41.88864836605523],[-87.78548551253303,41.88864159507913],[-87.78548456339944,41.888608148454544],[-87.78548280412086,41.888546157781555],[-87.78548049923809,41.888464958882324],[-87.78548035870323,41.88846002268107],[-87.78547725985291,41.88835085884496],[-87.78536328786882,41.88834700550269],[-87.7846993523128,41.88832561370123],[-87.78432518842557,41.88831355656925],[-87.78423740333314,41.88831072741169],[-87.7835753153576,41.888291427005164],[-87.78335668507293,41.88828505289227],[-87.78319182473285,41.88827998289492],[-87.78305992070061,41.88827592541622],[-87.782925265735,41.88827178393676],[-87.78292152213943,41.88816101292988],[-87.78291800340672,41.88805688407993],[-87.78291696583533,41.888026195664295],[-87.78291260579473,41.88789718136362],[-87.78291230492452,41.887888271404606],[-87.78291074617395,41.88784214409158],[-87.78290562457056,41.887690614378464],[-87.78290557624304,41.887689185079324],[-87.78290275831009,41.88760578002941],[-87.78290037727075,41.88753533335674],[-87.78289732086193,41.88744473585745],[-87.7828967155806,41.887426794487936],[-87.78289575179147,41.887398208517034],[-87.78301482782031,41.88739669357281],[-87.78301594602608,41.88742986592256],[-87.78301650309338,41.887446368388005],[-87.78301658635384,41.88744886262308],[-87.78302458356086,41.88745428447612],[-87.78304758297523,41.88746987499459],[-87.78307026832451,41.887475417308785],[-87.78310050817717,41.88747794969881],[-87.78330987090725,41.88747436013692],[-87.78341951365601,41.88747247988696],[-87.78346154903909,41.887471765961614],[-87.78360479918182,41.88746933225801],[-87.7838845226518,41.88746457939448],[-87.78418953801636,41.88746301966734],[-87.7841938277337,41.88746299489997],[-87.7845282355532,41.88746107124928],[-87.78467537586437,41.88748287485529],[-87.78467356302676,41.88741639980017],[-87.78467246641328,41.88737620434964],[-87.78467299807053,41.88737619728484],[-87.7846913113252,41.887375953409666],[-87.78470575514295,41.887375761024245],[-87.78478753487967,41.88737467185056],[-87.78480513466496,41.88737443758441],[-87.78481859321728,41.88737425831628],[-87.78488031494794,41.88737344854612],[-87.78490068868652,41.887373180861026],[-87.78497988529249,41.88737214164582],[-87.7849969129883,41.88737191833979],[-87.78508691718433,41.887370737185094],[-87.785097342792,41.887370600348035],[-87.78520007001545,41.88736925138438],[-87.78520485951432,41.88736918848708],[-87.78529269024739,41.887368035902625],[-87.78531121465952,41.88736779293625],[-87.78531914726662,41.88736768877624],[-87.78565328731004,41.88736330172361],[-87.78567815762374,41.88736297507587],[-87.78600655224591,41.88735866319115],[-87.78604323101806,41.88735818143613],[-87.7863531204821,41.88735411105038],[-87.78639771991944,41.887353524893214],[-87.78671881911811,41.88734930657764],[-87.7867478389107,41.887348925354246],[-87.78709535743627,41.88734435834462],[-87.78711130344522,41.887344148789666],[-87.78747795420016,41.88733932927629],[-87.78749265049187,41.88733913636825],[-87.78774417795047,41.88733582900007],[-87.7877837472923,41.88733530896715],[-87.78778847711133,41.88733524567858],[-87.78782388508401,41.887334773783266],[-87.7879310869305,41.887333343466544],[-87.78793242754834,41.887333325821295],[-87.78804930222107,41.887331314957756],[-87.78807743963138,41.88733083110165],[-87.78809743389506,41.88733048626681],[-87.78835698466119,41.88732600886569],[-87.78842427223192,41.88732484764133],[-87.78862343155204,41.88732141196833],[-87.78878901457259,41.887318554945544],[-87.78891039424265,41.887316460285774],[-87.7889956292423,41.88731498932362],[-87.78931444927734,41.88730947481211],[-87.78942397970309,41.887307578691384],[-87.7895676511484,41.887305090833436],[-87.78957082833793,41.88730503589909],[-87.78967188594011,41.88730328603173],[-87.78971767696311,41.88730249291896],[-87.78975519993796,41.88730184383094],[-87.79026092208942,41.8872930982767],[-87.79076997533878,41.887284321639015],[-87.79083887436572,41.88728313368204],[-87.79124529888306,41.88727612447851],[-87.79175519323965,41.88726730490742],[-87.79186529191365,41.887265400905015],[-87.79265890783357,41.887251668810286],[-87.7927040853948,41.88725088533955],[-87.79287910791065,41.887247850746874],[-87.79291925339184,41.887247154651554],[-87.79391614740945,41.88722986285115],[-87.79391910211092,41.8873271974194],[-87.7939216453954,41.88741101050902],[-87.79392364892139,41.8874770218609],[-87.79393138758273,41.887732012688694],[-87.79393205435018,41.88775403567618],[-87.79385859308385,41.88775528226775],[-87.7938588073658,41.88776233325054],[-87.7938592606576,41.88777720646632],[-87.79386584402359,41.88799346158456],[-87.7938943819938,41.88799297749905],[-87.79393930556277,41.88799221499],[-87.79398312996096,41.88799147131318],[-87.79398311236247,41.887992799447105],[-87.79398116393477,41.88813929889267],[-87.79397960811708,41.88817526800411],[-87.79354511830608,41.8881812541634],[-87.79339132710989,41.88818276294033],[-87.79332762949993,41.888183387558776],[-87.79316375352377,41.8881849947401],[-87.79303720855982,41.888186236026414],[-87.79268467665833,41.88818969285014],[-87.79268470971041,41.888191217436],[-87.79181771716632,41.88820168932085],[-87.7918118080542,41.88786194813292],[-87.79156464391772,41.88786597174146],[-87.79150355208446,41.88786694518419],[-87.79150699658476,41.887994981337705],[-87.79151088267245,41.88813943018022],[-87.79151265731278,41.88820539863328],[-87.79151825238851,41.88841337528795],[-87.79151917474175,41.888447647073974],[-87.79151908661495,41.88844764528605],[-87.79152182326096,41.88854678046175]],[[-87.79702193744139,41.88795253603833],[-87.79702080800982,41.88795255065956],[-87.79691991656064,41.887953874864],[-87.79682711662646,41.88795509270911],[-87.7967511002568,41.88795608977811],[-87.79674973662306,41.88795611359329],[-87.79674964020515,41.88795611520097],[-87.79663635074554,41.88795759527743],[-87.79663626391527,41.88795381878466],[-87.79663620764454,41.88795132742947],[-87.79663586392066,41.88793634016399],[-87.79663585713413,41.887936054044275],[-87.79663581287588,41.88793410199014],[-87.7966357414377,41.887930899803465],[-87.7966351080562,41.887902692821626],[-87.79663438632547,41.887902701797735],[-87.79657074402884,41.88790509096814],[-87.79653549852738,41.88790641429266],[-87.79649287531129,41.887908014590096],[-87.79649128735169,41.88790807440092],[-87.79646713367684,41.887908980974785],[-87.79643604130077,41.88791014736636],[-87.79642290138156,41.887910640957934],[-87.79634113761742,41.887913709549096],[-87.79629863012482,41.88791530414099],[-87.79625404789856,41.88791697751605],[-87.79622991098697,41.887917197370044],[-87.79620099114052,41.8879174600239],[-87.79612304270452,41.88791816909909],[-87.79608978432381,41.887918471802905],[-87.79608736576375,41.88791849410532],[-87.79599798473237,41.88791930671868],[-87.7958836954893,41.88792034641114],[-87.79585161608689,41.8879206380981],[-87.79568709431135,41.887921059657174],[-87.7955803833632,41.88792133320634],[-87.79543873838166,41.88792169619087],[-87.79541188360608,41.887921936759696],[-87.79518533182247,41.88792396810438],[-87.79518323893632,41.88783562914766],[-87.79518246412094,41.88780290857741],[-87.79517909852241,41.88766087790567],[-87.79517721906134,41.88758157058353],[-87.79517371240789,41.8874335945149],[-87.79517290086847,41.88739934316511],[-87.79517012727385,41.887282281067286],[-87.79516967364155,41.88726314603397],[-87.7951684384771,41.88721099813285],[-87.79534786039623,41.887208625292395],[-87.79559841106081,41.88720531123639],[-87.79568391193,41.88720418027157],[-87.79602888028371,41.88719962368137],[-87.79646417748084,41.88719387201152],[-87.79646980162568,41.88719379813895],[-87.79650921566021,41.887193277117355],[-87.79697165364887,41.88718718043935],[-87.79700461527757,41.887186745741865],[-87.79700773028466,41.88732398237424],[-87.7970097161238,41.8874114783239],[-87.797011803417,41.887504408359945],[-87.79701389071484,41.887597338394514],[-87.79701635535727,41.88770662591614],[-87.79701882001189,41.88781591274962],[-87.79702193744139,41.88795253603833]]]},"properties":{"OBJECTID":13,"GEODBID":"026","FEATUREID":"026402","DATECREATED":1418906468000,"DATEMODIFIED":1523021641000,"SOURCE":"VOP","SOURCETYPE":"DATABASE","TYPE":"Local","NAME":"Ridgeland - Oak Park","ESTABLISHED":"","GlobalID":"{BA7A464D-C529-420C-A36D-79892D451C75}","PRODUCTIONNOTES":null,"REPLICAFILTER":"VOP","WEBLINK":null,"CREATEDBY":"JTEISINGER","MODIFIEDBY":"APUMP","HASPLAQUE":null,"PLAQUETEXT":null,"DESCRIPTION":null,"HISTORICALSIGNIFICANCE":null,"STYLE":null,"Shape.STArea()":23430685.31631356,"Shape.STLength()":42985.632823338135,"layer":"district","name":"Ridgeland - Oak Park"}},{"type":"Feature","id":1,"geometry":{"type":"MultiPolygon","coordinates":[[[[-87.80494613317715,41.88920853956828],[-87.80485977887616,41.88719464928098],[-87.8024881531472,41.88722606498283],[-87.80249941823558,41.88749638312598],[-87.80231603168261,41.88750435942608],[-87.80172855149158,41.88751600138124],[-87.80175468841853,41.888146440816556],[-87.80218085048445,41.88813726349235],[-87.80219634855914,41.88855415097098],[-87.80220516349796,41.888735177718644],[-87.80227186693038,41.88873374703456],[-87.80228378545058,41.88908804422685],[-87.80228948922868,41.88921351090847],[-87.80257563565044,41.88920891236744],[-87.8025773168651,41.889260924340846],[-87.80494613317715,41.88920853956828]]],[[[-87.80330404623403,41.886656340180174],[-87.80329300025143,41.886375445371364],[-87.80266389444708,41.886385929217624],[-87.8026737914407,41.886672200248526],[-87.80330404623403,41.886656340180174]]]]},"properties":{"OBJECTID":1,"GEODBID":"026","FEATUREID":"0263603","DATECREATE":1704153600000,"DATEMODIFI":1704153600000,"SOURCE":"VOP","SOURCETYPE":"LEGALDOCUMENT","TYPE":"Survey","NAME":"2005 Downtown Survey","ESTABLISHE":" ","GlobalID":"{913E1D3E-33CA-4C9B-8CAE-FC5110261E14}","PRODUCTION":" ","REPLICAFIL":"VOP","WEBLINK":"https://www.oak-park.us/sites/default/files/historic-preservation/booklets-reports/downtown-architectural-survey.pdf","CREATEDBY":"JGUERCIO","MODIFIEDBY":"JGUERCIO","HASPLAQUE":0,"PLAQUETEXT":" ","DESCRIPTIO":" ","HISTORICAL":" ","STYLE":" ","Shape_Leng":3737.72890321,"Shape_Length":3737.7289031868722,"Shape_Area":576820.91155948,"layer":"survey_area","name":"2005 Downtown Survey"}},{"type":"Feature","id":2,"geometry":{"type":"Polygon","coordinates":[[[-87.78523680670725,41.888664679152896],[-87.78522520228375,41.88834255740163],[-87.78469935231278,41.88832561370123],[-87.78466917719601,41.887239021467465],[-87.7872010942467,41.88720879450829],[-87.78719764279347,41.88684898644101],[-87.78718623704124,41.886437514329586],[-87.77487075325337,41.886587279042],[-87.77493934403294,41.888646766841305],[-87.77656885219434,41.88862564451918],[-87.77657035808737,41.88869340730061],[-87.77819712908388,41.88867079415128],[-87.77819933938866,41.88874212715432],[-87.77982634035186,41.88872465190926],[-87.77982855755857,41.88879582094691],[-87.7814541838517,41.8887681341663],[-87.78145612202358,41.88884078372713],[-87.78308713099099,41.88881513044088],[-87.78308924592957,41.888888795508485],[-87.7847152197672,41.888861174684806],[-87.78472001271909,41.88903123394322],[-87.78524681667867,41.88902318063401],[-87.78523680670725,41.888664679152896]]]},"properties":{"OBJECTID":2,"GEODBID":"026","FEATUREID":"0263604","DATECREATE":1704153600000,"DATEMODIFI":1704758400000,"SOURCE":"VOP","SOURCETYPE":"LEGALDOCUMENT","TYPE":"Survey","NAME":"2006 Lake Street Survey","ESTABLISHE":" ","GlobalID":"{FB3B324F-C3F3-4D4F-9232-24B6E9FFF954}","PRODUCTION":" ","REPLICAFIL":"VOP","WEBLINK":"https://www.oak-park.us/sites/default/files/historic-preservation/booklets-reports/lake-street-architectural-survey.pdf","CREATEDBY":"JGUERCIO","MODIFIEDBY":"JGUERCIO","HASPLAQUE":0,"PLAQUETEXT":" ","DESCRIPTIO":" ","HISTORICAL":" ","STYLE":" ","Shape_Leng":8857.90362836,"Shape_Length":8857.90362838035,"Shape_Area":2391419.409530673,"layer":"survey_area","name":"2006 Lake Street Survey"}},{"type":"Feature","id":3,"geometry":{"type":"Polygon","coordinates":[[[-87.80463463676585,41.88035135257694],[-87.80459204553023,41.87915691292549],[-87.80397050361901,41.87916716716754],[-87.80372818898134,41.879171154284],[-87.80372729087955,41.87914650674347],[-87.80240972700756,41.879168304753414],[-87.80241062460316,41.8791929523013],[-87.80216845668147,41.879196936804576],[-87.79997652956553,41.87923315577066],[-87.79998145227428,41.87937398696698],[-87.7995620784398,41.87937716961255],[-87.79950337579224,41.87937774335841],[-87.79950109711828,41.87930959706882],[-87.79895043394092,41.87931861680461],[-87.79895176913062,41.87935856699862],[-87.79867623675452,41.87935883370074],[-87.79812542574496,41.879367903676496],[-87.79812354153451,41.879312068548224],[-87.7980649772807,41.87931586532947],[-87.7975153388457,41.87932526715496],[-87.79751598940756,41.87934409576848],[-87.79724069133422,41.87934895811595],[-87.79663147915058,41.87936688322353],[-87.7966264807159,41.879219963411906],[-87.79636183487663,41.879224489239384],[-87.79591224326343,41.87923155200154],[-87.79591378523425,41.879275412385766],[-87.79533572313734,41.87928494518877],[-87.79436455187647,41.879300918493776],[-87.79436301096489,41.87925705809508],[-87.79412052004265,41.87925570025847],[-87.79301490210379,41.87927528440421],[-87.79108132126085,41.87930945393414],[-87.78922618819746,41.879342331146745],[-87.78800181393851,41.87936396623614],[-87.78701858244081,41.87938135692401],[-87.78680243345728,41.879397154181866],[-87.78680133723994,41.87936484567897],[-87.78628665762847,41.879373921039836],[-87.78629047568658,41.87948575106202],[-87.78577220033702,41.87949286131244],[-87.78558123873685,41.879496244729786],[-87.78506265070354,41.879501146651364],[-87.78505904989599,41.8793956184326],[-87.7845687574613,41.87940408901304],[-87.78457057413111,41.879454958301054],[-87.78432829826231,41.87945694663952],[-87.78187419374532,41.87949875634911],[-87.77990074970971,41.87953311629688],[-87.77939726650804,41.87954232313053],[-87.77935398142338,41.87825086592976],[-87.77838266120695,41.87826623410438],[-87.77842123057289,41.87938097125162],[-87.77817896224464,41.87938358674968],[-87.77763766928177,41.87938616781715],[-87.77764327568941,41.87955166855733],[-87.77764443781787,41.87958940010256],[-87.77697559326559,41.87959944398476],[-87.77697243582666,41.87949778158531],[-87.77651630688679,41.879504517193546],[-87.77651778619102,41.87955216527081],[-87.77600955317384,41.879564682894376],[-87.77479517081662,41.87958490841033],[-87.77483056243699,41.88059781924506],[-87.77645972700732,41.880573787617976],[-87.77809498655452,41.8805497074592],[-87.77942887293645,41.880529968639784],[-87.78135486843581,41.88048716152871],[-87.78462633981822,41.88043373324847],[-87.78625531656928,41.880405006283034],[-87.7878867899779,41.8803761582957],[-87.78952531235362,41.880347210736616],[-87.79115935460611,41.8803183284155],[-87.79271098412892,41.88028954877127],[-87.79439487705281,41.880257935183884],[-87.79439593181581,41.88029486885737],[-87.79497292223542,41.88028286731832],[-87.79497132973522,41.8802281490566],[-87.79573156510406,41.88022335827212],[-87.79681803647986,41.88020072082244],[-87.79681698738142,41.880166125985006],[-87.7970594950705,41.88016787475431],[-87.79853385594144,41.880138281674995],[-87.7985291075492,41.87999662866077],[-87.79917488558787,41.879988502765684],[-87.79917964048394,41.88012017630896],[-87.7997653703607,41.880110550020945],[-87.79976214271413,41.88002192103264],[-87.80000443618009,41.88001934862099],[-87.80073119827229,41.8800061866018],[-87.80073942718134,41.88023340844927],[-87.80147799048181,41.88022118969016],[-87.80147567819637,41.880156287684905],[-87.80220273463335,41.8801481980164],[-87.80219970332618,41.88006272383441],[-87.8024421304676,41.88006253165379],[-87.8040012996275,41.88002342841703],[-87.80401315355105,41.88036199150011],[-87.80463463676585,41.88035135257694]]]},"properties":{"OBJECTID":3,"GEODBID":"026","FEATUREID":"0263605","DATECREATE":1704153600000,"DATEMODIFI":1704153600000,"SOURCE":"VOP","SOURCETYPE":"LEGALDOCUMENT","TYPE":"Survey","NAME":"2006 Madison Street Survey","ESTABLISHE":" ","GlobalID":"{335FD23F-45B3-4C07-BC90-5905EC355B33}","PRODUCTION":" ","REPLICAFIL":"VOP","WEBLINK":"https://www.oak-park.us/sites/default/files/historic-preservation/booklets-reports/madison-street-architectural-survey.pdf","CREATEDBY":"JGUERCIO","MODIFIEDBY":"JGUERCIO","HASPLAQUE":0,"PLAQUETEXT":" ","DESCRIPTIO":" ","HISTORICAL":" ","STYLE":" ","Shape_Leng":18813.1513359,"Shape_Length":18813.151335857776,"Shape_Area":2974922.8992307833,"layer":"survey_area","name":"2006 Madison Street Survey"}},{"type":"Feature","id":4,"geometry":{"type":"Polygon","coordinates":[[[-87.80514484518709,41.894778301436936],[-87.80501036209678,41.891049952161445],[-87.80434872813446,41.891062329011596],[-87.8043725988773,41.89174811676743],[-87.80450109233449,41.89174568988609],[-87.80455024663645,41.89311567924645],[-87.80457270937013,41.89379438007968],[-87.80438911065225,41.893797760699066],[-87.80439069680435,41.89384590209442],[-87.8040386334894,41.893852402903505],[-87.80403969713976,41.893884724056214],[-87.80385603355937,41.893886028873396],[-87.80344313062854,41.8938944976088],[-87.80343653002274,41.89368881329606],[-87.8029045403935,41.89369887103852],[-87.8027207592277,41.893697692698225],[-87.80211478864366,41.8937088319303],[-87.80211333701479,41.893662392559605],[-87.80196647323692,41.89366506107245],[-87.80198266204395,41.89416683984206],[-87.8020251163539,41.89416605245903],[-87.80203447456898,41.89438546670501],[-87.8020559526408,41.89496707186686],[-87.80259955185714,41.894949058527565],[-87.80259339112453,41.89478816233946],[-87.80314198907719,41.894778402271335],[-87.80314338152195,41.8948147699638],[-87.80338575277861,41.89481064720873],[-87.80514484518709,41.894778301436936]]]},"properties":{"OBJECTID":4,"GEODBID":"026","FEATUREID":"0263606","DATECREATE":1704153600000,"DATEMODIFI":1704153600000,"SOURCE":"VOP","SOURCETYPE":"LEGALDOCUMENT","TYPE":"Survey","NAME":"2008 Chicago-Harlem Survey","ESTABLISHE":" ","GlobalID":"{016E2D7D-C912-486A-A2BD-CDBEE7839218}","PRODUCTION":" ","REPLICAFIL":"VOP","WEBLINK":"https://www.oak-park.us/sites/default/files/historic-preservation/booklets-reports/chicago-harlem-survey-2008.pdf","CREATEDBY":"JGUERCIO","MODIFIEDBY":"JGUERCIO","HASPLAQUE":0,"PLAQUETEXT":" ","DESCRIPTIO":" ","HISTORICAL":" ","STYLE":" ","Shape_Leng":4801.73640896,"Shape_Length":4801.73640897795,"Shape_Area":478466.4344093154,"layer":"survey_area","name":"2008 Chicago-Harlem Survey"}},{"type":"Feature","id":5,"geometry":{"type":"Polygon","coordinates":[[[-87.78544277513154,41.872612254090534],[-87.78543380752836,41.87231920297464],[-87.78474892878096,41.872172292315184],[-87.78420033872732,41.87217778805307],[-87.78174098012187,41.8722142929736],[-87.77989142680653,41.87223791083531],[-87.77943263039928,41.872244919669185],[-87.77929062986306,41.87225049229992],[-87.77805597847093,41.872269082249424],[-87.7756064643958,41.872306408985736],[-87.77439115521929,41.87231739424399],[-87.77442693085654,41.87312439177908],[-87.77501556850633,41.87311332922373],[-87.7750742973706,41.87311258699519],[-87.77507501146874,41.87313463918482],[-87.77577264998914,41.87312441676503],[-87.77629197047446,41.87311650867107],[-87.776294239086,41.87318507117077],[-87.77675252793199,41.87317812731033],[-87.77675151275075,41.873169128779814],[-87.77699434634062,41.87316118691256],[-87.77750740169276,41.87315576768706],[-87.77750634431615,41.873167837292954],[-87.77766050112717,41.87316567436792],[-87.77796712533723,41.87316139461251],[-87.77821000262438,41.87315920303097],[-87.77820976439952,41.873168275759774],[-87.77865828525684,41.87316144173299],[-87.7786888544302,41.87316128750305],[-87.77868860980819,41.87305771400683],[-87.77916762406355,41.8730510019275],[-87.77946156874819,41.873054012287966],[-87.77946221350034,41.873071193750505],[-87.78043540286421,41.8730577161268],[-87.7804361869118,41.87304577072689],[-87.78067728437753,41.87304181109244],[-87.78067845845037,41.87307601016606],[-87.78119103563637,41.87306908479438],[-87.78118976956173,41.87303445169097],[-87.78288079815454,41.87300963817966],[-87.78299285071631,41.8730070927081],[-87.78300173857576,41.8731078316428],[-87.78423256817018,41.87308759780863],[-87.78421696499807,41.87263109515143],[-87.78544277513154,41.872612254090534]]]},"properties":{"OBJECTID":5,"GEODBID":"026","FEATUREID":"0263607","DATECREATE":1704153600000,"DATEMODIFI":1704153600000,"SOURCE":"VOP","SOURCETYPE":"LEGALDOCUMENT","TYPE":"Survey","NAME":"2010 Harrison Street Survey","ESTABLISHE":" ","GlobalID":"{ABE6DEA1-5429-4274-BE57-FFF76C961D2E}","PRODUCTION":" ","REPLICAFIL":"VOP","WEBLINK":"https://www.oak-park.us/sites/default/files/historic-preservation/booklets-reports/harrison-arts-district-survey-2010-sm.pdf","CREATEDBY":"JGUERCIO","MODIFIEDBY":"JGUERCIO","HASPLAQUE":0,"PLAQUETEXT":" ","DESCRIPTIO":" ","HISTORICAL":" ","STYLE":" ","Shape_Leng":6739.66740786,"Shape_Length":6739.667407873104,"Shape_Area":873348.9894258197,"layer":"survey_area","name":"2010 Harrison Street Survey"}},{"type":"Feature","id":6,"geometry":{"type":"Polygon","coordinates":[[[-87.79467198532511,41.87427826217994],[-87.7946277131593,41.873087696464076],[-87.79522538109109,41.87308006610755],[-87.79522264897165,41.87297220609302],[-87.7941137447599,41.87282835070032],[-87.79408341201804,41.87203409317194],[-87.79530141960885,41.87213674665621],[-87.79528521316429,41.871650756154416],[-87.79462915170998,41.871596363738846],[-87.7945963585947,41.87062938547959],[-87.79333157490849,41.870650073014716],[-87.79335560891052,41.87149051321978],[-87.79348102738159,41.87150131010277],[-87.79350142524537,41.871985425648354],[-87.79387566013898,41.872016680773314],[-87.79390613336619,41.87276411994485],[-87.79338462773683,41.87271900361457],[-87.79345751589662,41.874299999285036],[-87.79467198532511,41.87427826217994]]]},"properties":{"OBJECTID":6,"GEODBID":"026","FEATUREID":"0263608","DATECREATE":1704153600000,"DATEMODIFI":1704758400000,"SOURCE":"VOP","SOURCETYPE":"LEGALDOCUMENT","TYPE":"Survey","NAME":"2010 South Town Survey","ESTABLISHE":" ","GlobalID":"{BBEB52F4-CFA8-4DDC-994E-9048237E4FB9}","PRODUCTION":" ","REPLICAFIL":"VOP","WEBLINK":"https://www.oak-park.us/sites/default/files/historic-preservation/booklets-reports/south-town-survey-2010-sm.pdf","CREATEDBY":"JGUERCIO","MODIFIEDBY":"JGUERCIO","HASPLAQUE":0,"PLAQUETEXT":" ","DESCRIPTIO":" ","HISTORICAL":" ","STYLE":" ","Shape_Leng":4562.63640827,"Shape_Length":4562.636408246593,"Shape_Area":405556.9255268236,"layer":"survey_area","name":"2010 South Town Survey"}},{"type":"Feature","id":7,"geometry":{"type":"MultiPolygon","coordinates":[[[[-87.80451169035432,41.87368326881431],[-87.80440191659582,41.87048562410476],[-87.78905313217176,41.87072367222429],[-87.78899143464166,41.868897477802264],[-87.77426982299252,41.869121556288256],[-87.77439115521929,41.87231739424399],[-87.78420033872732,41.87217778805307],[-87.78421696499807,41.87263109515143],[-87.78911580113824,41.87256165242099],[-87.78917676313195,41.874373537023715],[-87.79526521828465,41.874267295082056],[-87.79600380399287,41.87425428689529],[-87.79618744626883,41.874251787681864],[-87.79618896210602,41.8742948349924],[-87.796458803156,41.874290114281955],[-87.79645761878827,41.87425515104358],[-87.79651637855551,41.87425476298083],[-87.79720235695035,41.87423996301586],[-87.79716806689488,41.87324151874507],[-87.7941137447599,41.87282835070032],[-87.79410634750488,41.872495006134706],[-87.80188166783307,41.87336635329889],[-87.80451169035432,41.87368326881431]]],[[[-87.79964794913262,41.873483126030656],[-87.79971729239053,41.875421850597675],[-87.8036217471899,41.87535472236732],[-87.80367178487913,41.87536919583833],[-87.80371118023263,41.87541852782606],[-87.80373823234623,41.875968714564884],[-87.80374624641804,41.87599014710725],[-87.80375687917135,41.87599927139042],[-87.8037746968077,41.87600595485699],[-87.80379557897317,41.87601103882908],[-87.80393772517931,41.87601560335901],[-87.80458841254749,41.87601266790434],[-87.80451954312413,41.8739217074421],[-87.79964794913262,41.873483126030656]]]]},"properties":{"OBJECTID":7,"GEODBID":"026","FEATUREID":"0263609","DATECREATE":1704153600000,"DATEMODIFI":1704758400000,"SOURCE":"VOP","SOURCETYPE":"LEGALDOCUMENT","TYPE":"Survey","NAME":"2012 I-290 Survey","ESTABLISHE":" ","GlobalID":"{113A647A-5B15-4B84-82D1-787D4405692A}","PRODUCTION":" ","REPLICAFIL":"VOP","WEBLINK":"https://www.oak-park.us/sites/default/files/historic-preservation/survey_report_final_06-2012.pdf","CREATEDBY":"JGUERCIO","MODIFIEDBY":"JGUERCIO","HASPLAQUE":0,"PLAQUETEXT":" ","DESCRIPTIO":" ","HISTORICAL":" ","STYLE":" ","Shape_Leng":26778.337285,"Shape_Length":26778.337285050853,"Shape_Area":10530127.87619784,"layer":"survey_area","name":"2012 I-290 Survey"}},{"type":"Feature","id":8,"geometry":{"type":"Polygon","coordinates":[[[-87.79964794913262,41.873483126030656],[-87.79932776676429,41.8734838900438],[-87.7995413470387,41.87968403171714],[-87.79986874619763,41.87967923368523],[-87.79964794913262,41.873483126030656]]]},"properties":{"OBJECTID":8,"GEODBID":"026","FEATUREID":"0263610","DATECREATE":1704758400000,"DATEMODIFI":1704758400000,"SOURCE":"VOP","SOURCETYPE":"LEGALDOCUMENT","TYPE":"Survey","NAME":"Hogans Subdivision Survey 2013","ESTABLISHE":" ","GlobalID":"{42DB22E9-C604-4ABF-8858-938929188567}","PRODUCTION":" ","REPLICAFIL":"VOP","WEBLINK":"","CREATEDBY":"JGUERCIO","MODIFIEDBY":"JGUERCIO","HASPLAQUE":0,"PLAQUETEXT":" ","DESCRIPTIO":" ","HISTORICAL":" ","STYLE":" ","Shape_Leng":4695.18304612,"Shape_Length":4695.183046111619,"Shape_Area":199230.9406423015,"layer":"survey_area","name":"Hogans Subdivision Survey 2013"}},{"type":"Feature","id":9,"geometry":{"type":"Polygon","coordinates":[[[-87.7995413470387,41.87968403171714],[-87.79932776676429,41.8734838900438],[-87.79909256916662,41.8734869674524],[-87.79861284864027,41.87346162617145],[-87.79842546306581,41.87344612940664],[-87.79791379168984,41.87336460073165],[-87.79644596951054,41.87312086195697],[-87.79666526586703,41.879732448040194],[-87.7995413470387,41.87968403171714]]]},"properties":{"OBJECTID":9,"GEODBID":"026","FEATUREID":"0263611","DATECREATE":1704758400000,"DATEMODIFI":1704758400000,"SOURCE":"VOP","SOURCETYPE":"LEGALDOCUMENT","TYPE":"Survey","NAME":"Hulbert Subdivision Survey 2012","ESTABLISHE":" ","GlobalID":"{E48DADAA-0366-4CEA-90DD-ACA6F48B9D93}","PRODUCTION":" ","REPLICAFIL":"VOP","WEBLINK":" ","CREATEDBY":"JGUERCIO","MODIFIEDBY":"JGUERCIO","HASPLAQUE":0,"PLAQUETEXT":" ","DESCRIPTIO":" ","HISTORICAL":" ","STYLE":" ","Shape_Leng":6251.99318905,"Shape_Length":6251.993189052586,"Shape_Area":1815064.1134607033,"layer":"survey_area","name":"Hulbert Subdivision Survey 2012"}}]}