{"type":"FeatureCollection","features":[{"type":"Feature","geometry":{"type":"MultiPolygon","coordinates":[[[[-87.774994,41.8842324],[-87.7749951,41.8842325],[-87.7749962,41.8842327],[-87.7749972,41.884233],[-87.7749983,41.8842332],[-87.7749994,41.8842336],[-87.7750004,41.8842339],[-87.7750015,41.8842343],[-87.7750025,41.8842348],[-87.7750035,41.8842353],[-87.7750045,41.8842358],[-87.7750054,41.8842364],[-87.7750063,41.884237],[-87.7750072,41.8842377],[-87.775008,41.8842384],[-87.7750088,41.8842391],[-87.7750095,41.8842398],[-87.7750101,41.8842406],[-87.7750107,41.8842414],[-87.7750113,41.8842422],[-87.7750118,41.884243],[-87.7750122,41.8842438],[-87.7750125,41.8842447],[-87.7750128,41.8842455],[-87.7750131,41.8842464],[-87.7750133,41.8842472],[-87.7750134,41.884248],[-87.7750135,41.8842489],[-87.7750135,41.8842497],[-87.7750135,41.8842505],[-87.7750155,41.8842931],[-87.7755419,41.884283],[-87.7755406,41.8842355],[-87.7755406,41.8842339],[-87.7755553,41.8842161],[-87.775554,41.8841829],[-87.7755388,41.8841688],[-87.7755404,41.8841174],[-87.7752339,41.8841218],[-87.7750113,41.8841242],[-87.7750147,41.8841668],[-87.7750145,41.8841675],[-87.7750143,41.8841683],[-87.775014,41.884169],[-87.7750137,41.8841697],[-87.7750133,41.8841705],[-87.7750129,41.8841712],[-87.7750124,41.8841719],[-87.7750118,41.8841726],[-87.7750112,41.8841733],[-87.7750105,41.884174],[-87.7750098,41.8841747],[-87.7750091,41.8841753],[-87.7750082,41.8841759],[-87.7750074,41.8841764],[-87.7750065,41.884177],[-87.7750055,41.8841775],[-87.7750046,41.8841779],[-87.7750036,41.8841783],[-87.7750025,41.8841787],[-87.7750015,41.884179],[-87.7750004,41.8841793],[-87.7749994,41.8841795],[-87.7749983,41.8841797],[-87.7749972,41.8841798],[-87.7749962,41.8841799],[-87.7749951,41.88418],[-87.7749941,41.88418],[-87.7749931,41.88418],[-87.774992,41.88418],[-87.7749911,41.8841799],[-87.774934,41.8841637],[-87.7749151,41.8841584],[-87.7748949,41.8841527],[-87.774893,41.8841515],[-87.7748911,41.8841503],[-87.7748892,41.8841491],[-87.7748874,41.8841478],[-87.7748856,41.8841465],[-87.7748839,41.8841452],[-87.7748822,41.8841438],[-87.7748805,41.8841424],[-87.7748789,41.8841409],[-87.7748773,41.8841395],[-87.7748757,41.884138],[-87.7748742,41.8841364],[-87.7748728,41.8841349],[-87.7748714,41.8841333],[-87.77487,41.8841317],[-87.7748688,41.88413],[-87.7748678,41.8841287],[-87.7748702,41.8841912],[-87.7748703,41.8841911],[-87.7748709,41.8841908],[-87.7748715,41.8841905],[-87.774872,41.8841902],[-87.7748726,41.88419],[-87.7748732,41.8841897],[-87.7748738,41.8841895],[-87.7748745,41.8841893],[-87.7748751,41.8841891],[-87.7748758,41.884189],[-87.7748764,41.8841888],[-87.7748771,41.8841887],[-87.7748777,41.8841886],[-87.7748784,41.8841885],[-87.7748791,41.8841884],[-87.7748797,41.8841883],[-87.7748804,41.8841883],[-87.7748811,41.8841882],[-87.7748817,41.8841882],[-87.7748824,41.8841882],[-87.774883,41.8841882],[-87.7748837,41.8841883],[-87.7748843,41.8841883],[-87.7749163,41.8841956],[-87.7749164,41.8841957],[-87.7749169,41.8841959],[-87.7749175,41.8841963],[-87.774918,41.8841966],[-87.7749185,41.884197],[-87.7749191,41.8841975],[-87.7749195,41.8841979],[-87.77492,41.8841984],[-87.7749204,41.884199],[-87.7749208,41.8841995],[-87.7749211,41.8842001],[-87.7749214,41.8842007],[-87.7749216,41.8842013],[-87.7749218,41.884202],[-87.7749218,41.8842026],[-87.7749219,41.8842033],[-87.7749218,41.884204],[-87.7749217,41.8842046],[-87.7749216,41.8842053],[-87.7749214,41.8842059],[-87.7749211,41.8842065],[-87.7749208,41.8842071],[-87.7749204,41.8842076],[-87.77492,41.8842082],[-87.7749195,41.8842087],[-87.774919,41.8842091],[-87.7749185,41.8842096],[-87.774918,41.88421],[-87.7749174,41.8842103],[-87.7749169,41.8842107],[-87.7749163,41.884211],[-87.7749003,41.8842145],[-87.7748996,41.8842146],[-87.7748989,41.8842148],[-87.7748981,41.884215],[-87.7748974,41.8842151],[-87.7748966,41.8842153],[-87.7748959,41.8842154],[-87.7748951,41.8842155],[-87.7748944,41.8842156],[-87.7748936,41.8842157],[-87.7748928,41.8842158],[-87.774892,41.8842158],[-87.7748913,41.8842159],[-87.7748905,41.8842159],[-87.7748897,41.8842159],[-87.7748889,41.8842159],[-87.7748881,41.8842159],[-87.7748874,41.8842159],[-87.7748866,41.8842158],[-87.7748858,41.8842158],[-87.774885,41.8842157],[-87.7748843,41.8842156],[-87.7748835,41.8842155],[-87.7748827,41.8842154],[-87.774882,41.8842152],[-87.7748812,41.8842151],[-87.7748805,41.8842149],[-87.7748798,41.8842147],[-87.774879,41.8842146],[-87.7748783,41.8842144],[-87.7748776,41.8842142],[-87.774871,41.8842115],[-87.7748736,41.8842786],[-87.7748741,41.884278],[-87.7748755,41.8842764],[-87.7748769,41.8842748],[-87.7748784,41.8842733],[-87.77488,41.8842718],[-87.7748816,41.8842703],[-87.7748832,41.8842689],[-87.7748849,41.8842674],[-87.7748867,41.8842661],[-87.7748884,41.8842647],[-87.7748903,41.8842634],[-87.7748921,41.8842621],[-87.7748941,41.8842608],[-87.774896,41.8842596],[-87.774898,41.8842584],[-87.7749,41.8842573],[-87.7749021,41.8842562],[-87.7749042,41.8842551],[-87.7749063,41.8842541],[-87.7749084,41.8842532],[-87.7749106,41.8842522],[-87.7749128,41.8842513],[-87.774915,41.8842505],[-87.7749172,41.8842497],[-87.7749193,41.8842492],[-87.7749375,41.8842448],[-87.7749505,41.8842417],[-87.7749929,41.8842322],[-87.774994,41.8842324]]],[[[-87.7749609,41.8840885],[-87.7749609,41.8840892],[-87.7749609,41.8840898],[-87.774961,41.8840905],[-87.7749612,41.8840912],[-87.7749614,41.8840919],[-87.7749616,41.8840925],[-87.7749619,41.8840932],[-87.7749623,41.8840939],[-87.7749627,41.8840946],[-87.7749632,41.8840952],[-87.7749637,41.8840959],[-87.7749643,41.8840965],[-87.7749649,41.8840971],[-87.7749656,41.8840976],[-87.7749663,41.8840982],[-87.7749671,41.8840987],[-87.7749679,41.8840992],[-87.7749687,41.8840996],[-87.7749696,41.8841],[-87.7749705,41.8841003],[-87.7749714,41.8841006],[-87.7749723,41.8841009],[-87.7749732,41.8841011],[-87.7749742,41.8841013],[-87.7749751,41.8841015],[-87.774976,41.8841016],[-87.7749769,41.8841016],[-87.7749778,41.8841016],[-87.7749787,41.8841016],[-87.7749795,41.8841016],[-87.7755252,41.8840932],[-87.7755242,41.88406],[-87.7755247,41.8840593],[-87.7755251,41.8840586],[-87.7755256,41.8840579],[-87.7755261,41.8840572],[-87.7755267,41.8840565],[-87.7755273,41.8840558],[-87.775528,41.8840552],[-87.7755286,41.8840545],[-87.7755294,41.8840539],[-87.7755301,41.8840533],[-87.7755309,41.8840527],[-87.7755317,41.8840521],[-87.7755325,41.8840515],[-87.7755334,41.884051],[-87.7755343,41.8840505],[-87.7755352,41.88405],[-87.7755362,41.8840496],[-87.7755371,41.8840491],[-87.7755381,41.8840487],[-87.7755391,41.8840484],[-87.7755402,41.884048],[-87.7755412,41.8840477],[-87.7755422,41.8840474],[-87.7755433,41.8840472],[-87.7755443,41.8840469],[-87.7755454,41.8840468],[-87.7755464,41.8840466],[-87.7755475,41.8840465],[-87.7755485,41.8840464],[-87.7755496,41.8840463],[-87.7755508,41.8840466],[-87.775552,41.884047],[-87.7755532,41.8840474],[-87.7755543,41.8840478],[-87.7755555,41.8840483],[-87.7755567,41.8840488],[-87.7755578,41.8840493],[-87.7755589,41.8840499],[-87.77556,41.8840505],[-87.7755611,41.8840511],[-87.7755621,41.8840518],[-87.7755632,41.8840525],[-87.7755641,41.8840532],[-87.7755651,41.8840539],[-87.775566,41.8840547],[-87.7755668,41.8840554],[-87.7755663,41.8839741],[-87.7755661,41.8839743],[-87.7755654,41.8839749],[-87.7755647,41.8839755],[-87.775564,41.8839761],[-87.7755632,41.8839767],[-87.7755625,41.8839772],[-87.7755617,41.8839778],[-87.7755609,41.8839783],[-87.7755601,41.8839788],[-87.7755592,41.8839793],[-87.7755584,41.8839797],[-87.7755575,41.8839802],[-87.7755567,41.8839806],[-87.7755558,41.883981],[-87.7755549,41.8839814],[-87.775554,41.8839818],[-87.7755531,41.8839821],[-87.7755522,41.8839824],[-87.7754325,41.8839862],[-87.7752867,41.8839882],[-87.775275,41.8839883],[-87.7750985,41.8839907],[-87.7749831,41.8839925],[-87.7749756,41.8839929],[-87.774975,41.8839929],[-87.7749744,41.8839928],[-87.7749737,41.8839928],[-87.774973,41.8839928],[-87.7749724,41.8839929],[-87.7749717,41.8839929],[-87.774971,41.883993],[-87.7749703,41.8839931],[-87.7749696,41.8839932],[-87.774969,41.8839934],[-87.7749683,41.8839936],[-87.7749676,41.8839938],[-87.774967,41.883994],[-87.7749664,41.8839943],[-87.7749657,41.8839946],[-87.7749651,41.8839949],[-87.7749646,41.8839952],[-87.774964,41.8839955],[-87.7749635,41.8839959],[-87.774963,41.8839963],[-87.7749625,41.8839967],[-87.7749621,41.8839971],[-87.7749617,41.8839975],[-87.7749613,41.883998],[-87.774961,41.8839984],[-87.7749607,41.8839988],[-87.7749604,41.8839993],[-87.7749601,41.8839998],[-87.7749599,41.8840002],[-87.7749597,41.8840007],[-87.77496,41.8840098],[-87.7749609,41.8840885]]]]},"properties":{"ban_type":"lot","source_layer":9,"object_id":1,"parking_area_type":"PARKINGLOT","parking_area_name":"31","parking_enforcement":"Overnight Parking Ban","date_created":"2016-11-22","date_modified":null,"shape_length":969.8,"shape_area":16242.9}},{"type":"Feature","geometry":{"type":"Polygon","coordinates":[[[-87.8013167,41.8868467],[-87.8012557,41.8868026],[-87.8005239,41.8868133],[-87.8005744,41.8868578],[-87.8013167,41.8868467]]]},"properties":{"ban_type":"lot","source_layer":9,"object_id":2,"parking_area_type":"ENCLAVE","parking_area_name":"SB10","parking_enforcement":"Overnight Parking Ban","date_created":"2016-11-22","date_modified":null,"shape_length":445.8,"shape_area":3300.0}},{"type":"Feature","geometry":{"type":"MultiPolygon","coordinates":[[[[-87.7881488,41.8870289],[-87.7893515,41.8870128],[-87.789353,41.8869726],[-87.7881009,41.8869801],[-87.7881488,41.8870289]]],[[[-87.7866285,41.8870502],[-87.7877404,41.8870345],[-87.7877441,41.8869943],[-87.7865649,41.8870029],[-87.7866285,41.8870502]]]]},"properties":{"ban_type":"lot","source_layer":9,"object_id":3,"parking_area_type":"ENCLAVE","parking_area_name":"SB4","parking_enforcement":"Overnight Parking Ban","date_created":"2016-11-22","date_modified":null,"shape_length":1368.3,"shape_area":10459.1}},{"type":"Feature","geometry":{"type":"MultiPolygon","coordinates":[[[[-87.7988176,41.8868825],[-87.7993946,41.8868732],[-87.7993241,41.8868319],[-87.7988148,41.8868401],[-87.7988176,41.8868825]]],[[[-87.7999699,41.8867632],[-87.7997602,41.8867666],[-87.7996952,41.8868143],[-87.7999079,41.8868109],[-87.7999699,41.8867632]]]]},"properties":{"ban_type":"lot","source_layer":9,"object_id":4,"parking_area_type":"ENCLAVE","parking_area_name":"SB9","parking_enforcement":"Overnight Parking Ban","date_created":"2016-11-22","date_modified":null,"shape_length":499.8,"shape_area":3261.5}},{"type":"Feature","geometry":{"type":"Polygon","coordinates":[[[-87.7939313,41.8881285],[-87.7938991,41.8874304],[-87.7934617,41.887424],[-87.7934935,41.8881355],[-87.7939313,41.8881285]]]},"properties":{"ban_type":"lot","source_layer":9,"object_id":5,"parking_area_type":"GARAGE","parking_area_name":"2","parking_enforcement":"Overnight Parking Ban","date_created":"2016-11-22","date_modified":null,"shape_length":752.3,"shape_area":30603.2}},{"type":"Feature","geometry":{"type":"Polygon","coordinates":[[[-87.7930739,41.8869644],[-87.7939098,41.8869514],[-87.7939092,41.8869302],[-87.7930721,41.8869431],[-87.7930739,41.8869644]]]},"properties":{"ban_type":"lot","source_layer":9,"object_id":6,"parking_area_type":"ENCLAVE","parking_area_name":"SB6","parking_enforcement":"Overnight Parking Ban","date_created":"2016-11-22","date_modified":null,"shape_length":471.1,"shape_area":1768.1}},{"type":"Feature","geometry":{"type":"Polygon","coordinates":[[[-87.7828956,41.8804246],[-87.7828893,41.8801748],[-87.7827723,41.8801752],[-87.7827818,41.880427],[-87.7828956,41.8804246]]]},"properties":{"ban_type":"lot","source_layer":9,"object_id":7,"parking_area_type":"ENCLAVE","parking_area_name":"107","parking_enforcement":"Overnight Parking Ban","date_created":"2016-11-22","date_modified":null,"shape_length":245.7,"shape_area":2873.4}},{"type":"Feature","geometry":{"type":"Polygon","coordinates":[[[-87.804921,41.8899216],[-87.8048914,41.889298],[-87.8034705,41.8893327],[-87.8034853,41.8897747],[-87.8039358,41.8897663],[-87.8039407,41.8899372],[-87.804921,41.8899216]]]},"properties":{"ban_type":"lot","source_layer":9,"object_id":8,"parking_area_type":"GARAGE","parking_area_name":"18","parking_enforcement":"Overnight Parking Ban","date_created":"2016-11-22","date_modified":null,"shape_length":1227.6,"shape_area":79823.7}},{"type":"Feature","geometry":{"type":"Polygon","coordinates":[[[-87.7972983,41.8869069],[-87.7985347,41.886887],[-87.7984787,41.8868399],[-87.7972827,41.8868591],[-87.7972983,41.8869069]]]},"properties":{"ban_type":"lot","source_layer":9,"object_id":9,"parking_area_type":"ENCLAVE","parking_area_name":"SB8","parking_enforcement":"Overnight Parking Ban","date_created":"2016-11-22","date_modified":null,"shape_length":703.3,"shape_area":5790.1}},{"type":"Feature","geometry":{"type":"Polygon","coordinates":[[[-87.777917,41.8716004],[-87.7762903,41.871501],[-87.7758146,41.8714876],[-87.7758208,41.8715295],[-87.7779183,41.8716414],[-87.777917,41.8716004]]]},"properties":{"ban_type":"lot","source_layer":9,"object_id":10,"parking_area_type":"ENCLAVE","parking_area_name":"54","parking_enforcement":"Overnight Parking Ban","date_created":"2016-11-22","date_modified":null,"shape_length":1177.2,"shape_area":9855.1}},{"type":"Feature","geometry":{"type":"Polygon","coordinates":[[[-87.7842287,41.8816474],[-87.783925,41.8816533],[-87.7838632,41.8816761],[-87.7842829,41.8816679],[-87.7842287,41.8816474]]]},"properties":{"ban_type":"lot","source_layer":9,"object_id":11,"parking_area_type":"ENCLAVE","parking_area_name":"97","parking_enforcement":"Overnight Parking Ban","date_created":"2016-11-22","date_modified":null,"shape_length":232.4,"shape_area":776.1}},{"type":"Feature","geometry":{"type":"Polygon","coordinates":[[[-87.7768109,41.9090682],[-87.7768496,41.9090667],[-87.7768423,41.9088426],[-87.7768036,41.9088437],[-87.7768109,41.9090682]]]},"properties":{"ban_type":"lot","source_layer":9,"object_id":12,"parking_area_type":"ENCLAVE","parking_area_name":"99","parking_enforcement":"Overnight Parking Ban","date_created":"2016-11-22","date_modified":null,"shape_length":184.6,"shape_area":862.2}},{"type":"Feature","geometry":{"type":"Polygon","coordinates":[[[-87.8034293,41.8737807],[-87.8026648,41.8737165],[-87.8023366,41.873689],[-87.8020002,41.8736616],[-87.8015946,41.8736292],[-87.8010283,41.8735828],[-87.8010249,41.8736009],[-87.8013429,41.8736286],[-87.8013867,41.8736314],[-87.8015668,41.8736461],[-87.8019006,41.8736749],[-87.802169,41.873697],[-87.8024137,41.8737183],[-87.8029233,41.8737606],[-87.8034272,41.873803],[-87.8034293,41.8737807]]]},"properties":{"ban_type":"lot","source_layer":9,"object_id":13,"parking_area_type":"ENCLAVE","parking_area_name":"98","parking_enforcement":"Overnight Parking Ban","date_created":"2016-11-22","date_modified":null,"shape_length":1331.1,"shape_area":5081.1}},{"type":"Feature","geometry":{"type":"Polygon","coordinates":[[[-87.7894593,41.888585],[-87.7881101,41.8885447],[-87.7881222,41.888966],[-87.7894694,41.8889444],[-87.7894593,41.888585]]]},"properties":{"ban_type":"lot","source_layer":9,"object_id":14,"parking_area_type":"GARAGE","parking_area_name":"19","parking_enforcement":"Overnight Parking Ban","date_created":"2016-11-22","date_modified":null,"shape_length":1019.2,"shape_area":52214.1}},{"type":"Feature","geometry":{"type":"Polygon","coordinates":[[[-87.7841848,41.8798333],[-87.7834354,41.879844],[-87.7834353,41.8798602],[-87.7841864,41.8798515],[-87.7841848,41.8798333]]]},"properties":{"ban_type":"lot","source_layer":9,"object_id":15,"parking_area_type":"ENCLAVE","parking_area_name":"45","parking_enforcement":"Overnight Parking Ban","date_created":"2016-11-22","date_modified":null,"shape_length":421.2,"shape_area":1282.5}},{"type":"Feature","geometry":{"type":"Polygon","coordinates":[[[-87.7912255,41.8869846],[-87.7919532,41.8869747],[-87.7919984,41.8869554],[-87.7925194,41.8869711],[-87.7925206,41.8869489],[-87.7919311,41.886931],[-87.7911677,41.8869373],[-87.7912255,41.8869846]]]},"properties":{"ban_type":"lot","source_layer":9,"object_id":16,"parking_area_type":"ENCLAVE","parking_area_name":"SB6E","parking_enforcement":"Overnight Parking Ban","date_created":"2016-11-22","date_modified":null,"shape_length":754.4,"shape_area":4745.6}},{"type":"Feature","geometry":{"type":"Polygon","coordinates":[[[-87.7897783,41.8870097],[-87.7912255,41.8869846],[-87.7911677,41.8869373],[-87.789704,41.8869587],[-87.7897783,41.8870097]]]},"properties":{"ban_type":"lot","source_layer":9,"object_id":17,"parking_area_type":"ENCLAVE","parking_area_name":"SB5","parking_enforcement":"Overnight Parking Ban","date_created":"2016-11-22","date_modified":null,"shape_length":843.6,"shape_area":7243.0}},{"type":"Feature","geometry":{"type":"MultiPolygon","coordinates":[[[[-87.8003557,41.8871302],[-87.7987371,41.8871582],[-87.7987381,41.8871935],[-87.8003559,41.8871579],[-87.8003557,41.8871302]]],[[[-87.7985039,41.887162],[-87.7972741,41.8871817],[-87.7972752,41.8872194],[-87.7985022,41.8871997],[-87.7985039,41.887162]]]]},"properties":{"ban_type":"lot","source_layer":9,"object_id":18,"parking_area_type":"ENCLAVE","parking_area_name":"NB10","parking_enforcement":"Overnight Parking Ban","date_created":"2016-11-22","date_modified":null,"shape_length":1601.1,"shape_area":9638.4}},{"type":"Feature","geometry":{"type":"Polygon","coordinates":[[[-87.7946541,41.8869493],[-87.7969933,41.8869118],[-87.7969333,41.8868641],[-87.7946502,41.8869007],[-87.7946541,41.8869493]]]},"properties":{"ban_type":"lot","source_layer":9,"object_id":19,"parking_area_type":"ENCLAVE","parking_area_name":"SB7","parking_enforcement":"Overnight Parking Ban","date_created":"2016-11-22","date_modified":null,"shape_length":1300.5,"shape_area":11152.2}},{"type":"Feature","geometry":{"type":"Polygon","coordinates":[[[-87.7763071,41.8822356],[-87.7763169,41.8825553],[-87.7764321,41.8825534],[-87.7764219,41.8822316],[-87.7763071,41.8822356]]]},"properties":{"ban_type":"lot","source_layer":9,"object_id":20,"parking_area_type":"ENCLAVE","parking_area_name":"82","parking_enforcement":"Overnight Parking Ban","date_created":"2016-11-22","date_modified":null,"shape_length":296.5,"shape_area":3664.0}},{"type":"Feature","geometry":{"type":"Polygon","coordinates":[[[-87.7888872,41.8724978],[-87.7882928,41.8725065],[-87.7877722,41.8725164],[-87.7874105,41.8725221],[-87.7874112,41.8725444],[-87.7888925,41.8725201],[-87.7888872,41.8724978]]]},"properties":{"ban_type":"lot","source_layer":9,"object_id":21,"parking_area_type":"ENCLAVE","parking_area_name":"87","parking_enforcement":"Overnight Parking Ban","date_created":"2016-11-22","date_modified":null,"shape_length":822.2,"shape_area":3326.0}},{"type":"Feature","geometry":{"type":"Polygon","coordinates":[[[-87.7779427,41.8825035],[-87.778056,41.8825329],[-87.7780463,41.8822019],[-87.7779338,41.8822038],[-87.7779427,41.8825035]]]},"properties":{"ban_type":"lot","source_layer":9,"object_id":22,"parking_area_type":"ENCLAVE","parking_area_name":"83","parking_enforcement":"Overnight Parking Ban","date_created":"2016-11-22","date_modified":null,"shape_length":293.2,"shape_area":3519.9}},{"type":"Feature","geometry":{"type":"Polygon","coordinates":[[[-87.7897273,41.8873024],[-87.7897284,41.8873575],[-87.7903654,41.8873474],[-87.7903621,41.8872923],[-87.7897273,41.8873024]]]},"properties":{"ban_type":"lot","source_layer":9,"object_id":23,"parking_area_type":"ENCLAVE","parking_area_name":"66","parking_enforcement":"Overnight Parking Ban","date_created":"2016-11-22","date_modified":null,"shape_length":386.6,"shape_area":3479.3}},{"type":"Feature","geometry":{"type":"MultiPolygon","coordinates":[[[[-87.8023436,41.8834718],[-87.8023542,41.8837726],[-87.8024035,41.8838048],[-87.8023901,41.8834237],[-87.8023436,41.8834718]]],[[[-87.8023736,41.883911],[-87.802382,41.8841478],[-87.8024164,41.8841471],[-87.8024079,41.8839065],[-87.8023736,41.883911]]]]},"properties":{"ban_type":"lot","source_layer":9,"object_id":24,"parking_area_type":"ENCLAVE","parking_area_name":"81","parking_enforcement":"Overnight Parking Ban","date_created":"2016-11-22","date_modified":null,"shape_length":480.9,"shape_area":2447.0}},{"type":"Feature","geometry":{"type":"MultiPolygon","coordinates":[[[[-87.7994902,41.872426],[-87.8004419,41.8724111],[-87.8004411,41.8723826],[-87.7994869,41.8723975],[-87.7994902,41.872426]]],[[[-87.7985079,41.872443],[-87.7988939,41.872437],[-87.7988931,41.8724085],[-87.7985068,41.8724145],[-87.7985079,41.872443]]]]},"properties":{"ban_type":"lot","source_layer":9,"object_id":25,"parking_area_type":"ENCLAVE","parking_area_name":"72","parking_enforcement":"Overnight Parking Ban","date_created":"2016-11-22","date_modified":null,"shape_length":771.1,"shape_area":3789.5}},{"type":"Feature","geometry":{"type":"Polygon","coordinates":[[[-87.7877256,41.8821499],[-87.7878397,41.8821478],[-87.7878303,41.8818247],[-87.7877162,41.8818266],[-87.7877256,41.8821499]]]},"properties":{"ban_type":"lot","source_layer":9,"object_id":26,"parking_area_type":"ENCLAVE","parking_area_name":"86","parking_enforcement":"Overnight Parking Ban","date_created":"2016-11-22","date_modified":null,"shape_length":297.7,"shape_area":3659.6}},{"type":"Feature","geometry":{"type":"Polygon","coordinates":[[[-87.7906269,41.8873415],[-87.7912235,41.8873417],[-87.791553,41.8873397],[-87.7915527,41.8873064],[-87.7915525,41.887306],[-87.7915502,41.8872833],[-87.7914081,41.8872845],[-87.7914093,41.8873249],[-87.791409,41.8873254],[-87.7914086,41.8873259],[-87.7914081,41.8873264],[-87.7914075,41.8873269],[-87.7914069,41.8873273],[-87.7914062,41.8873276],[-87.7914055,41.8873279],[-87.7914047,41.8873282],[-87.7914039,41.8873284],[-87.7914031,41.8873285],[-87.7914023,41.8873286],[-87.7914015,41.8873286],[-87.7914007,41.8873286],[-87.7913999,41.8873285],[-87.7913992,41.8873284],[-87.7913985,41.8873282],[-87.7913978,41.8873279],[-87.7913971,41.8873276],[-87.7913964,41.8873273],[-87.7913958,41.8873269],[-87.7913952,41.8873264],[-87.7913947,41.8873259],[-87.7913942,41.8873254],[-87.7913939,41.8873248],[-87.7913936,41.8873242],[-87.7913934,41.8873236],[-87.7913932,41.887323],[-87.7913932,41.8873224],[-87.7913932,41.8873218],[-87.7913933,41.8873213],[-87.7913938,41.8872847],[-87.7912241,41.8872862],[-87.790626,41.8872958],[-87.7906269,41.8873415]]]},"properties":{"ban_type":"lot","source_layer":9,"object_id":27,"parking_area_type":"PARKINGLOT","parking_area_name":"66N","parking_enforcement":"Overnight Parking Ban","date_created":"2016-11-22","date_modified":null,"shape_length":572.0,"shape_area":4759.0}},{"type":"Feature","geometry":{"type":"Polygon","coordinates":[[[-87.7763117,41.88751],[-87.7751458,41.8875246],[-87.7751464,41.8875496],[-87.776312,41.887535],[-87.7763117,41.88751]]]},"properties":{"ban_type":"lot","source_layer":9,"object_id":28,"parking_area_type":"ENCLAVE","parking_area_name":"61","parking_enforcement":"Overnight Parking Ban","date_created":"2016-11-22","date_modified":null,"shape_length":653.2,"shape_area":2892.2}},{"type":"Feature","geometry":{"type":"Polygon","coordinates":[[[-87.7821192,41.8798085],[-87.7824307,41.8798037],[-87.7824167,41.8795039],[-87.7821084,41.8795109],[-87.7821119,41.879651],[-87.7820942,41.879649],[-87.78205,41.8796442],[-87.7820537,41.8797406],[-87.7820966,41.8797315],[-87.7821147,41.8797277],[-87.7821192,41.8798085]]]},"properties":{"ban_type":"lot","source_layer":9,"object_id":29,"parking_area_type":"PARKINGLOT","parking_area_name":"44","parking_enforcement":"Overnight Parking Ban","date_created":"2016-11-22","date_modified":null,"shape_length":428.2,"shape_area":9751.9}},{"type":"Feature","geometry":{"type":"Polygon","coordinates":[[[-87.7884591,41.8715226],[-87.788446,41.8715109],[-87.7884461,41.87151],[-87.7884461,41.8715094],[-87.7884462,41.8715079],[-87.7884462,41.8715064],[-87.7884462,41.8715049],[-87.7884462,41.8715034],[-87.7884461,41.8715019],[-87.788446,41.8715003],[-87.7884459,41.8714988],[-87.7884458,41.8714973],[-87.7884456,41.8714958],[-87.7884454,41.8714943],[-87.7884451,41.8714928],[-87.7884449,41.8714913],[-87.7884446,41.8714898],[-87.7884443,41.8714883],[-87.7884439,41.8714868],[-87.7884435,41.8714853],[-87.7884431,41.8714838],[-87.7884427,41.8714823],[-87.7884422,41.8714809],[-87.7884417,41.8714794],[-87.7884412,41.8714779],[-87.7884407,41.8714765],[-87.7884401,41.871475],[-87.7884395,41.8714736],[-87.7884388,41.8714722],[-87.7884382,41.8714707],[-87.7884375,41.8714693],[-87.7884368,41.8714679],[-87.7884361,41.8714665],[-87.7884217,41.8714398],[-87.7883565,41.8713476],[-87.788355,41.8713469],[-87.7883535,41.8713461],[-87.7883519,41.8713454],[-87.7883503,41.8713447],[-87.7883487,41.871344],[-87.7883471,41.8713434],[-87.7883455,41.8713427],[-87.7883438,41.8713421],[-87.7883421,41.8713415],[-87.7883404,41.871341],[-87.7883387,41.8713404],[-87.788337,41.8713399],[-87.7883353,41.8713394],[-87.7883335,41.871339],[-87.7883318,41.8713385],[-87.78833,41.8713381],[-87.7883282,41.8713377],[-87.7883264,41.8713374],[-87.7883246,41.871337],[-87.7883228,41.8713367],[-87.788321,41.8713365],[-87.7883192,41.8713362],[-87.7883174,41.871336],[-87.7883155,41.8713358],[-87.7883137,41.8713356],[-87.7883119,41.8713354],[-87.78831,41.8713353],[-87.7883082,41.8713352],[-87.7883064,41.8713352],[-87.7883046,41.8713351],[-87.788303,41.871335],[-87.7883015,41.871335],[-87.7882999,41.8713349],[-87.7882984,41.8713349],[-87.7882968,41.8713349],[-87.7882953,41.8713349],[-87.788295,41.8713349],[-87.7882937,41.8713349],[-87.7882922,41.8713349],[-87.7882906,41.8713349],[-87.7882891,41.8713349],[-87.7882875,41.871335],[-87.788286,41.871335],[-87.7882844,41.8713351],[-87.7882829,41.8713352],[-87.7882813,41.8713353],[-87.7882798,41.8713354],[-87.7882782,41.8713355],[-87.7882767,41.8713356],[-87.7882751,41.8713357],[-87.7882736,41.8713359],[-87.788272,41.871336],[-87.7882705,41.8713362],[-87.788269,41.8713364],[-87.7882674,41.8713366],[-87.7882659,41.8713368],[-87.7882644,41.871337],[-87.7882629,41.8713372],[-87.7882614,41.8713375],[-87.7882598,41.8713377],[-87.7882583,41.871338],[-87.7882578,41.8713382],[-87.7882571,41.8713383],[-87.7882565,41.8713384],[-87.7882558,41.8713385],[-87.7882552,41.8713385],[-87.7882545,41.8713385],[-87.7882538,41.8713385],[-87.7882531,41.8713384],[-87.7882524,41.8713383],[-87.7882518,41.8713382],[-87.7882512,41.871338],[-87.7882506,41.8713377],[-87.78825,41.8713375],[-87.7882495,41.8713372],[-87.788249,41.8713369],[-87.7882485,41.8713366],[-87.7882481,41.8713362],[-87.7882477,41.8713358],[-87.7882473,41.8713354],[-87.788247,41.871335],[-87.7882467,41.8713345],[-87.7882464,41.871334],[-87.7882462,41.8713335],[-87.7882461,41.871333],[-87.788246,41.8713325],[-87.788246,41.871332],[-87.788246,41.8713315],[-87.7882461,41.871331],[-87.7882462,41.8713306],[-87.7882464,41.8713301],[-87.7882495,41.8713134],[-87.7882498,41.8713118],[-87.7881597,41.8713044],[-87.7879979,41.8712911],[-87.7879947,41.8713087],[-87.7879915,41.8713261],[-87.7879911,41.8713269],[-87.7879905,41.8713276],[-87.7879898,41.8713283],[-87.7879891,41.871329],[-87.7879882,41.8713297],[-87.7879873,41.8713303],[-87.7879862,41.8713308],[-87.7879852,41.8713312],[-87.787984,41.8713316],[-87.7879829,41.8713319],[-87.7879817,41.8713321],[-87.7879805,41.8713323],[-87.7879793,41.8713323],[-87.7879782,41.8713323],[-87.7879771,41.8713322],[-87.787976,41.871332],[-87.7879749,41.8713318],[-87.7879738,41.8713315],[-87.7879727,41.8713311],[-87.7879716,41.8713306],[-87.7879707,41.87133],[-87.7879697,41.8713294],[-87.7879689,41.8713287],[-87.7879682,41.871328],[-87.7879675,41.8713272],[-87.7879669,41.8713264],[-87.7879665,41.8713256],[-87.7879662,41.8713247],[-87.7879659,41.8713239],[-87.7879658,41.8713231],[-87.7879673,41.8713106],[-87.7879661,41.8713105],[-87.787733,41.871291],[-87.787727,41.8713084],[-87.7877268,41.8713086],[-87.7877267,41.8713088],[-87.7877265,41.8713091],[-87.7877263,41.8713093],[-87.7877261,41.8713095],[-87.7877259,41.8713097],[-87.7877257,41.8713099],[-87.7877254,41.8713101],[-87.7877252,41.8713103],[-87.787725,41.8713105],[-87.7877247,41.8713107],[-87.7877245,41.8713108],[-87.7877242,41.871311],[-87.7877239,41.8713112],[-87.7877237,41.8713114],[-87.7877234,41.8713115],[-87.7877231,41.8713117],[-87.7877228,41.8713118],[-87.7877225,41.871312],[-87.7877222,41.8713121],[-87.7877219,41.8713122],[-87.7877216,41.8713124],[-87.7877213,41.8713125],[-87.787721,41.8713126],[-87.7877207,41.8713127],[-87.7877204,41.8713128],[-87.7877201,41.8713129],[-87.7877198,41.871313],[-87.7877194,41.8713131],[-87.7877191,41.8713132],[-87.7876921,41.871311],[-87.7875046,41.8712962],[-87.787482,41.8712936],[-87.7874761,41.8712923],[-87.7874727,41.8712905],[-87.7874704,41.871286],[-87.7874703,41.8712854],[-87.7874703,41.8712848],[-87.7874703,41.8712842],[-87.7874703,41.8712837],[-87.7874703,41.8712831],[-87.7874703,41.8712825],[-87.7874703,41.8712819],[-87.7874703,41.8712813],[-87.7874703,41.8712808],[-87.7874703,41.8712802],[-87.7874703,41.8712796],[-87.7874703,41.871279],[-87.7874703,41.8712785],[-87.7874703,41.8712779],[-87.7874703,41.8712773],[-87.7874704,41.8712767],[-87.7874704,41.8712761],[-87.7874704,41.8712756],[-87.7874705,41.871275],[-87.7874705,41.8712744],[-87.7874705,41.8712738],[-87.7874706,41.8712733],[-87.7874706,41.8712727],[-87.7874707,41.8712721],[-87.7874707,41.8712715],[-87.7874708,41.871271],[-87.7874709,41.8712704],[-87.7874709,41.8712698],[-87.787471,41.8712692],[-87.7874711,41.8712686],[-87.787367,41.8712591],[-87.7871477,41.8712412],[-87.7869769,41.8712273],[-87.7869752,41.8712272],[-87.7869744,41.8712277],[-87.7869736,41.8712281],[-87.7869728,41.8712286],[-87.786972,41.871229],[-87.7869711,41.8712295],[-87.7869703,41.8712299],[-87.7869694,41.8712303],[-87.7869684,41.8712306],[-87.7869675,41.871231],[-87.7869665,41.8712313],[-87.7869655,41.8712316],[-87.7869645,41.8712319],[-87.7869635,41.8712321],[-87.7869625,41.8712323],[-87.7869615,41.8712325],[-87.7869604,41.8712327],[-87.7869594,41.8712328],[-87.7869583,41.8712329],[-87.7869573,41.871233],[-87.7869562,41.8712331],[-87.7869552,41.8712331],[-87.7869541,41.8712331],[-87.7869531,41.8712331],[-87.786952,41.8712331],[-87.786951,41.871233],[-87.78695,41.8712329],[-87.786949,41.8712328],[-87.786948,41.8712326],[-87.786947,41.8712325],[-87.786946,41.8712323],[-87.7868923,41.8712318],[-87.7868919,41.8712595],[-87.786892,41.8712603],[-87.786892,41.8712611],[-87.786892,41.871262],[-87.786892,41.8712628],[-87.7868919,41.8712636],[-87.7868918,41.8712645],[-87.7868917,41.8712653],[-87.7868915,41.8712662],[-87.7868912,41.871267],[-87.7868909,41.8712679],[-87.7868906,41.8712687],[-87.7868902,41.8712695],[-87.7868897,41.8712704],[-87.7868892,41.8712712],[-87.7868887,41.871272],[-87.7868881,41.8712727],[-87.7868875,41.8712735],[-87.7868869,41.8712742],[-87.7868862,41.8712749],[-87.7868854,41.8712756],[-87.7868847,41.8712763],[-87.7868839,41.8712769],[-87.7868831,41.8712775],[-87.7868822,41.8712781],[-87.7868814,41.8712787],[-87.7868805,41.8712792],[-87.7868796,41.8712797],[-87.7868786,41.8712802],[-87.7868777,41.8712806],[-87.7868768,41.871281],[-87.786876,41.8712814],[-87.7868752,41.8712819],[-87.7868744,41.8712823],[-87.7868736,41.8712828],[-87.7868727,41.8712832],[-87.7868719,41.8712836],[-87.7868711,41.8712841],[-87.7868703,41.8712845],[-87.7868695,41.8712849],[-87.7868687,41.8712854],[-87.7868679,41.8712858],[-87.786867,41.8712862],[-87.7868662,41.8712866],[-87.7868654,41.8712871],[-87.7868645,41.8712875],[-87.7868637,41.8712879],[-87.7868629,41.8712883],[-87.786862,41.8712887],[-87.7868612,41.8712891],[-87.7868604,41.8712895],[-87.7868595,41.8712899],[-87.7868587,41.8712903],[-87.7868578,41.8712907],[-87.786857,41.8712911],[-87.7868561,41.8712915],[-87.7868553,41.8712919],[-87.7868544,41.8712923],[-87.7868535,41.8712927],[-87.7868527,41.871293],[-87.7868518,41.8712934],[-87.7868487,41.8712951],[-87.7868456,41.8712969],[-87.7868426,41.8712987],[-87.7868396,41.8713006],[-87.7868367,41.8713025],[-87.7868338,41.8713045],[-87.786831,41.8713066],[-87.7868283,41.8713087],[-87.7868256,41.8713109],[-87.786823,41.8713132],[-87.7868205,41.8713155],[-87.786818,41.8713178],[-87.7868157,41.8713202],[-87.7868134,41.8713227],[-87.7868112,41.8713252],[-87.7868091,41.8713277],[-87.786807,41.8713303],[-87.7868051,41.8713329],[-87.7868033,41.8713355],[-87.7868015,41.8713382],[-87.7867999,41.8713409],[-87.7867983,41.8713436],[-87.7867969,41.8713464],[-87.7867955,41.8713491],[-87.7867943,41.8713519],[-87.7867931,41.8713547],[-87.786792,41.8713575],[-87.7867911,41.8713604],[-87.7867902,41.8713632],[-87.7867895,41.871366],[-87.7867879,41.871371],[-87.7867875,41.8713723],[-87.7867845,41.871376],[-87.7867788,41.8713805],[-87.7867781,41.871381],[-87.7867774,41.8713814],[-87.7867767,41.8713819],[-87.786776,41.8713823],[-87.7867752,41.8713828],[-87.7867745,41.8713832],[-87.7867737,41.8713837],[-87.786773,41.8713841],[-87.7867722,41.8713845],[-87.7867714,41.8713849],[-87.7867706,41.8713853],[-87.7867698,41.8713857],[-87.786769,41.8713861],[-87.7867682,41.8713865],[-87.786859,41.8713937],[-87.7868477,41.8713762],[-87.7868472,41.8713754],[-87.786848,41.8713736],[-87.7868488,41.8713719],[-87.7868496,41.8713701],[-87.7868505,41.8713684],[-87.7868514,41.8713666],[-87.7868524,41.8713649],[-87.7868534,41.8713632],[-87.7868544,41.8713615],[-87.7868555,41.8713597],[-87.7868565,41.871358],[-87.7868577,41.8713564],[-87.7868588,41.8713547],[-87.78686,41.871353],[-87.7868613,41.8713514],[-87.7868625,41.8713498],[-87.7868638,41.8713481],[-87.7868651,41.8713465],[-87.7868665,41.8713449],[-87.7868679,41.8713434],[-87.7868693,41.8713418],[-87.7868707,41.8713403],[-87.7868722,41.8713388],[-87.7868737,41.8713372],[-87.7868752,41.8713358],[-87.7868768,41.8713343],[-87.7868784,41.8713328],[-87.78688,41.8713314],[-87.7868816,41.87133],[-87.7868833,41.8713286],[-87.786885,41.8713272],[-87.7868875,41.8713257],[-87.7868902,41.8713243],[-87.7868929,41.8713229],[-87.7868958,41.8713216],[-87.7868987,41.8713203],[-87.7869017,41.8713191],[-87.7869047,41.871318],[-87.7869078,41.871317],[-87.786911,41.871316],[-87.7869143,41.8713151],[-87.7869176,41.8713143],[-87.7869209,41.8713136],[-87.7869243,41.871313],[-87.7869277,41.8713125],[-87.7869312,41.8713121],[-87.7869346,41.8713117],[-87.7869381,41.8713115],[-87.7869416,41.8713113],[-87.786945,41.8713113],[-87.7869485,41.8713113],[-87.786952,41.8713115],[-87.7869554,41.8713117],[-87.7869588,41.871312],[-87.7869621,41.8713124],[-87.7869655,41.8713129],[-87.7869687,41.8713135],[-87.786972,41.8713142],[-87.7869751,41.8713149],[-87.7869782,41.8713157],[-87.7869813,41.8713166],[-87.7869827,41.8713169],[-87.7869842,41.8713172],[-87.7869856,41.8713176],[-87.7869871,41.871318],[-87.7869885,41.8713184],[-87.7869899,41.8713189],[-87.7869913,41.8713194],[-87.7869927,41.87132],[-87.7869941,41.8713206],[-87.7869954,41.8713213],[-87.7869967,41.871322],[-87.786998,41.8713227],[-87.7869992,41.8713235],[-87.7870004,41.8713243],[-87.7870016,41.8713252],[-87.7870027,41.8713261],[-87.7870037,41.871327],[-87.7870048,41.8713279],[-87.7870057,41.8713289],[-87.7870066,41.8713299],[-87.7870075,41.8713309],[-87.7870083,41.8713319],[-87.787009,41.871333],[-87.7870097,41.871334],[-87.7870103,41.8713351],[-87.7870109,41.8713362],[-87.7870114,41.8713373],[-87.7870118,41.8713384],[-87.7870122,41.8713395],[-87.7870126,41.8713405],[-87.7870096,41.8713664],[-87.7872353,41.8713848],[-87.7874817,41.8714051],[-87.7874889,41.8713669],[-87.7874891,41.8713665],[-87.7874894,41.8713661],[-87.7874897,41.8713657],[-87.7874901,41.8713653],[-87.7874904,41.871365],[-87.7874908,41.8713646],[-87.7874911,41.8713642],[-87.7874915,41.8713639],[-87.7874919,41.8713635],[-87.7874924,41.8713632],[-87.7874928,41.8713629],[-87.7874933,41.8713625],[-87.7874937,41.8713622],[-87.7874942,41.8713619],[-87.7874947,41.8713617],[-87.7874952,41.8713614],[-87.7874958,41.8713611],[-87.7874963,41.8713609],[-87.7874968,41.8713607],[-87.7874974,41.8713604],[-87.7874979,41.8713602],[-87.7874985,41.87136],[-87.7874991,41.8713599],[-87.7874996,41.8713597],[-87.7875002,41.8713596],[-87.7875008,41.8713594],[-87.7875014,41.8713593],[-87.787502,41.8713592],[-87.7875025,41.8713591],[-87.7875031,41.871359],[-87.7875361,41.8713617],[-87.7876384,41.8713698],[-87.7876687,41.8713722],[-87.7876694,41.8713723],[-87.7876702,41.8713724],[-87.7876709,41.8713726],[-87.7876717,41.8713728],[-87.7876724,41.871373],[-87.7876731,41.8713733],[-87.7876738,41.8713736],[-87.7876745,41.871374],[-87.7876752,41.8713743],[-87.7876759,41.8713748],[-87.7876765,41.8713752],[-87.7876771,41.8713757],[-87.7876777,41.8713762],[-87.7876782,41.8713767],[-87.7876787,41.8713773],[-87.7876791,41.8713779],[-87.7876795,41.8713785],[-87.7876798,41.8713791],[-87.7876801,41.8713797],[-87.7876803,41.8713803],[-87.7876805,41.871381],[-87.7876806,41.8713816],[-87.7876807,41.8713822],[-87.7876807,41.8713828],[-87.7876807,41.8713835],[-87.7876806,41.8713841],[-87.7876805,41.8713846],[-87.7876804,41.8713852],[-87.7876802,41.8713858],[-87.7876799,41.8713863],[-87.7876767,41.8714203],[-87.7879088,41.8714401],[-87.788258,41.8714688],[-87.7882604,41.8714483],[-87.7882607,41.8714476],[-87.788261,41.8714469],[-87.7882613,41.8714462],[-87.7882616,41.8714456],[-87.788262,41.8714449],[-87.7882625,41.8714443],[-87.788263,41.8714436],[-87.7882635,41.871443],[-87.7882641,41.8714423],[-87.7882647,41.8714417],[-87.7882653,41.8714412],[-87.788266,41.8714406],[-87.7882667,41.87144],[-87.7882675,41.8714395],[-87.7882683,41.871439],[-87.7882691,41.8714386],[-87.7882699,41.8714381],[-87.7882708,41.8714377],[-87.7882717,41.8714373],[-87.7882726,41.871437],[-87.7882735,41.8714366],[-87.7882744,41.8714364],[-87.7882754,41.8714361],[-87.7882763,41.8714359],[-87.7882773,41.8714357],[-87.7882782,41.8714355],[-87.7882792,41.8714354],[-87.7882801,41.8714353],[-87.788281,41.8714352],[-87.788282,41.8714352],[-87.7882832,41.8714351],[-87.7882845,41.871435],[-87.7882857,41.8714349],[-87.788287,41.8714348],[-87.7882883,41.8714348],[-87.7882895,41.8714347],[-87.7882908,41.8714347],[-87.7882921,41.8714347],[-87.7882933,41.8714347],[-87.7882946,41.8714347],[-87.7882959,41.8714347],[-87.7882972,41.8714348],[-87.7882984,41.8714349],[-87.7882997,41.871435],[-87.788301,41.8714351],[-87.7883022,41.8714352],[-87.7883035,41.8714353],[-87.7883048,41.8714355],[-87.788306,41.8714356],[-87.7883073,41.8714358],[-87.7883085,41.871436],[-87.7883098,41.8714362],[-87.788311,41.8714365],[-87.7883122,41.8714367],[-87.7883135,41.871437],[-87.7883147,41.8714372],[-87.7883159,41.8714375],[-87.7883171,41.8714378],[-87.7883183,41.8714382],[-87.7883194,41.8714385],[-87.7883221,41.8714394],[-87.7883247,41.8714403],[-87.7883273,41.8714413],[-87.7883298,41.8714424],[-87.7883323,41.8714436],[-87.7883348,41.8714448],[-87.7883373,41.8714461],[-87.7883397,41.8714474],[-87.7883421,41.8714488],[-87.7883444,41.8714503],[-87.7883466,41.8714518],[-87.7883488,41.8714534],[-87.7883509,41.871455],[-87.788353,41.8714567],[-87.7883549,41.8714584],[-87.7883569,41.8714601],[-87.7883587,41.871462],[-87.7883604,41.8714638],[-87.7883621,41.8714657],[-87.7883637,41.8714676],[-87.7883652,41.8714696],[-87.7883666,41.8714716],[-87.7883679,41.8714736],[-87.7883692,41.8714756],[-87.7883703,41.8714777],[-87.7883713,41.8714797],[-87.7883723,41.8714818],[-87.7883732,41.8714839],[-87.788374,41.871486],[-87.7883747,41.8714881],[-87.7883749,41.8714886],[-87.7883752,41.8714891],[-87.7883755,41.8714896],[-87.7883757,41.8714901],[-87.788376,41.8714907],[-87.7883762,41.8714912],[-87.7883764,41.8714917],[-87.7883766,41.8714923],[-87.7883767,41.8714928],[-87.7883769,41.8714934],[-87.788377,41.8714939],[-87.7883771,41.8714945],[-87.7883772,41.8714951],[-87.7883773,41.8714956],[-87.7883773,41.8714962],[-87.7883774,41.8714967],[-87.7883774,41.8714973],[-87.7883774,41.8714979],[-87.7883774,41.8714984],[-87.7883774,41.871499],[-87.7883773,41.8714996],[-87.7883772,41.8715001],[-87.7883772,41.8715007],[-87.7883771,41.8715012],[-87.7883769,41.8715018],[-87.7883768,41.8715023],[-87.7883766,41.8715029],[-87.7883765,41.8715034],[-87.7883763,41.8715039],[-87.7883761,41.8715043],[-87.7883761,41.8715045],[-87.7883625,41.8715193],[-87.7884591,41.8715265],[-87.7884591,41.8715226]]]},"properties":{"ban_type":"lot","source_layer":9,"object_id":30,"parking_area_type":"PARKINGLOT","parking_area_name":"53","parking_enforcement":"Overnight Parking Ban","date_created":"2016-11-22","date_modified":null,"shape_length":1151.1,"shape_area":19319.7}},{"type":"Feature","geometry":{"type":"Polygon","coordinates":[[[-87.7994994,41.8900881],[-87.7994971,41.8900932],[-87.7994865,41.890116],[-87.7995615,41.8901146],[-87.7995613,41.8901143],[-87.79956,41.8901129],[-87.7995588,41.8901115],[-87.7995576,41.89011],[-87.7995564,41.8901085],[-87.7995553,41.890107],[-87.7995542,41.8901055],[-87.7995532,41.8901039],[-87.7995522,41.8901024],[-87.7995512,41.8901008],[-87.7995504,41.8900992],[-87.7995495,41.8900976],[-87.7995487,41.8900959],[-87.799548,41.8900943],[-87.7995473,41.8900926],[-87.7995472,41.8900922],[-87.7995467,41.890091],[-87.7995461,41.8900893],[-87.7995456,41.8900876],[-87.7995452,41.8900859],[-87.7995447,41.8900842],[-87.7995444,41.8900825],[-87.7995441,41.8900808],[-87.7995438,41.8900792],[-87.7995436,41.8900775],[-87.7995435,41.8900758],[-87.7995434,41.8900741],[-87.7995344,41.8898457],[-87.7995347,41.8898447],[-87.799535,41.8898436],[-87.7995354,41.8898426],[-87.7995358,41.8898415],[-87.7995363,41.8898405],[-87.7995369,41.8898395],[-87.7995375,41.8898384],[-87.7995383,41.8898374],[-87.799539,41.8898364],[-87.7995399,41.8898355],[-87.7995408,41.8898345],[-87.7995417,41.8898336],[-87.7995427,41.8898327],[-87.7995438,41.8898319],[-87.7995449,41.889831],[-87.7995461,41.8898303],[-87.7995473,41.8898295],[-87.7995486,41.8898288],[-87.7995499,41.8898282],[-87.7995512,41.8898276],[-87.7995526,41.889827],[-87.799554,41.8898265],[-87.7995554,41.8898261],[-87.7995568,41.8898257],[-87.7995582,41.8898253],[-87.7995596,41.889825],[-87.799561,41.8898248],[-87.7995625,41.8898246],[-87.7995639,41.8898244],[-87.7995653,41.8898243],[-87.7995658,41.8898243],[-87.7996329,41.8898234],[-87.7998449,41.8898205],[-87.7998489,41.8898207],[-87.7998529,41.8898209],[-87.7998569,41.8898211],[-87.7998609,41.8898212],[-87.7998649,41.8898212],[-87.7998689,41.8898212],[-87.7998729,41.8898212],[-87.7998769,41.8898211],[-87.7998809,41.889821],[-87.7998849,41.8898208],[-87.799889,41.8898205],[-87.799893,41.8898202],[-87.799897,41.8898199],[-87.799901,41.8898195],[-87.799905,41.889819],[-87.799909,41.8898185],[-87.7999129,41.889818],[-87.7999169,41.8898174],[-87.7999208,41.8898168],[-87.7999247,41.8898161],[-87.7999287,41.8898154],[-87.7999325,41.8898146],[-87.7999364,41.8898137],[-87.7999402,41.8898129],[-87.7999441,41.8898119],[-87.7999479,41.889811],[-87.7999516,41.88981],[-87.7999553,41.8898089],[-87.7999568,41.8898085],[-87.7999591,41.8898078],[-87.7999627,41.8898067],[-87.7999662,41.8898052],[-87.7999697,41.8898037],[-87.7999732,41.8898022],[-87.7999741,41.8898018],[-87.7999767,41.8898007],[-87.7999802,41.8897992],[-87.7999837,41.8897977],[-87.7999871,41.8897962],[-87.7999906,41.8897947],[-87.7999941,41.8897931],[-87.7999975,41.8897916],[-87.800001,41.8897901],[-87.8000044,41.8897885],[-87.8000078,41.889787],[-87.8000113,41.8897854],[-87.8000147,41.8897838],[-87.8000181,41.8897822],[-87.8000215,41.8897807],[-87.8000249,41.8897791],[-87.8000283,41.8897775],[-87.8000317,41.8897759],[-87.8000351,41.8897743],[-87.8000385,41.8897726],[-87.8000419,41.889771],[-87.8000452,41.8897694],[-87.8000486,41.8897677],[-87.800052,41.8897661],[-87.8000553,41.8897645],[-87.8000586,41.8897628],[-87.800062,41.8897611],[-87.8000653,41.8897595],[-87.8000661,41.889759],[-87.800067,41.8897586],[-87.8000678,41.8897581],[-87.8000687,41.8897577],[-87.8000695,41.8897573],[-87.8000704,41.8897569],[-87.8000713,41.8897565],[-87.8000722,41.8897561],[-87.8000732,41.8897557],[-87.8000741,41.8897553],[-87.800075,41.8897549],[-87.800076,41.8897546],[-87.800077,41.8897542],[-87.8000779,41.8897539],[-87.8000789,41.8897536],[-87.8000799,41.8897532],[-87.8000809,41.8897529],[-87.8000819,41.8897526],[-87.8000829,41.8897523],[-87.8000839,41.8897521],[-87.8000849,41.8897518],[-87.800086,41.8897516],[-87.800087,41.8897513],[-87.800088,41.8897511],[-87.800089,41.8897509],[-87.80009,41.8897507],[-87.8000911,41.8897505],[-87.8000921,41.8897503],[-87.800093,41.8897502],[-87.8000931,41.8897502],[-87.8000941,41.88975],[-87.8001133,41.8897562],[-87.8001206,41.8897586],[-87.8001409,41.8897585],[-87.8001378,41.8896598],[-87.8001093,41.8896604],[-87.8001101,41.8896788],[-87.8000923,41.8896865],[-87.8000895,41.8896877],[-87.7999899,41.8896973],[-87.799989,41.889697],[-87.799988,41.8896967],[-87.799987,41.8896963],[-87.799986,41.8896959],[-87.7999851,41.8896955],[-87.7999841,41.889695],[-87.7999832,41.8896945],[-87.7999823,41.889694],[-87.7999814,41.8896935],[-87.7999805,41.8896929],[-87.7999797,41.8896923],[-87.7999789,41.8896917],[-87.7999781,41.889691],[-87.7999774,41.8896904],[-87.7999767,41.8896897],[-87.799976,41.8896889],[-87.7999754,41.8896882],[-87.7999748,41.8896874],[-87.7999743,41.8896867],[-87.7999738,41.8896859],[-87.7999733,41.8896851],[-87.7999729,41.8896843],[-87.7999726,41.8896835],[-87.7999722,41.8896827],[-87.799972,41.8896819],[-87.7999717,41.889681],[-87.7999715,41.8896802],[-87.7999714,41.8896794],[-87.7999713,41.8896786],[-87.7999712,41.8896778],[-87.7999697,41.8896415],[-87.7999703,41.8896406],[-87.799971,41.8896398],[-87.7999718,41.889639],[-87.7999725,41.8896381],[-87.7999734,41.8896373],[-87.7999743,41.8896366],[-87.7999752,41.8896358],[-87.7999762,41.8896351],[-87.7999772,41.8896344],[-87.7999782,41.8896337],[-87.7999793,41.889633],[-87.7999805,41.8896324],[-87.7999816,41.8896318],[-87.7999828,41.8896313],[-87.7999841,41.8896307],[-87.7999853,41.8896303],[-87.7999866,41.8896298],[-87.7999879,41.8896294],[-87.7999892,41.889629],[-87.7999906,41.8896287],[-87.7999919,41.8896284],[-87.7999932,41.8896282],[-87.7999946,41.889628],[-87.799996,41.8896278],[-87.7999973,41.8896277],[-87.7999987,41.8896276],[-87.8,41.8896276],[-87.8000013,41.8896276],[-87.8000027,41.8896276],[-87.800004,41.8896277],[-87.8000914,41.8896253],[-87.8000966,41.8896251],[-87.8001088,41.8896248],[-87.8001366,41.8896242],[-87.8001346,41.8895616],[-87.8001137,41.8895669],[-87.8001079,41.8895684],[-87.8000889,41.8895733],[-87.8000878,41.8895736],[-87.8000483,41.8895738],[-87.8000478,41.8895737],[-87.8000472,41.8895736],[-87.8000465,41.8895734],[-87.8000459,41.8895732],[-87.8000453,41.889573],[-87.8000447,41.8895727],[-87.8000442,41.8895725],[-87.8000436,41.8895722],[-87.800043,41.8895718],[-87.8000425,41.8895715],[-87.800042,41.8895711],[-87.8000415,41.8895706],[-87.8000411,41.8895702],[-87.8000407,41.8895697],[-87.8000403,41.8895692],[-87.80004,41.8895687],[-87.8000397,41.8895682],[-87.8000395,41.8895677],[-87.8000393,41.8895672],[-87.8000392,41.8895666],[-87.8000391,41.8895661],[-87.8000391,41.8895655],[-87.8000391,41.889565],[-87.8000391,41.8895645],[-87.8000392,41.889564],[-87.8000394,41.8895635],[-87.8000395,41.889563],[-87.8000397,41.8895626],[-87.8000399,41.8895621],[-87.8000402,41.8895617],[-87.8000389,41.8895505],[-87.7992461,41.8895553],[-87.7992462,41.8895572],[-87.7991848,41.8895586],[-87.7991878,41.8896183],[-87.7991207,41.8896198],[-87.7991206,41.8896218],[-87.7991429,41.8896217],[-87.7991437,41.8896832],[-87.7991663,41.8896823],[-87.7991765,41.8896899],[-87.7992489,41.8896866],[-87.7992495,41.889685],[-87.7992648,41.8896846],[-87.7992735,41.8896844],[-87.7992894,41.8896841],[-87.7992908,41.8897078],[-87.7993537,41.8897061],[-87.7993556,41.8897454],[-87.7994176,41.8897466],[-87.7994177,41.889688],[-87.7994678,41.8896864],[-87.7994751,41.8896755],[-87.7994754,41.8896752],[-87.7994758,41.8896748],[-87.7994762,41.8896744],[-87.7994766,41.8896741],[-87.7994771,41.8896737],[-87.7994776,41.8896735],[-87.7994782,41.8896732],[-87.7994788,41.889673],[-87.7994794,41.8896728],[-87.79948,41.8896726],[-87.7994806,41.8896725],[-87.7994812,41.8896724],[-87.7994819,41.8896723],[-87.7994825,41.8896723],[-87.7994831,41.8896723],[-87.7994837,41.8896724],[-87.7994843,41.8896725],[-87.7994849,41.8896726],[-87.7994856,41.8896727],[-87.7994862,41.8896729],[-87.7994867,41.8896731],[-87.7994873,41.8896734],[-87.7994878,41.8896737],[-87.7994883,41.889674],[-87.7994888,41.8896743],[-87.7994892,41.8896747],[-87.7994896,41.8896751],[-87.7994899,41.8896755],[-87.7994902,41.8896759],[-87.7994905,41.8896763],[-87.7994915,41.8897269],[-87.7994931,41.8898145],[-87.7994994,41.8900881]],[[-87.7999147,41.8896973],[-87.7999159,41.8896975],[-87.799917,41.8896978],[-87.7999181,41.8896982],[-87.7999192,41.8896987],[-87.7999202,41.8896993],[-87.7999212,41.8896999],[-87.799922,41.8897006],[-87.7999228,41.8897014],[-87.7999234,41.8897022],[-87.7999239,41.8897031],[-87.7999243,41.889704],[-87.7999246,41.8897049],[-87.7999247,41.8897057],[-87.7999248,41.8897066],[-87.7999247,41.8897075],[-87.7999246,41.8897083],[-87.7999243,41.8897092],[-87.7999238,41.8897101],[-87.7999233,41.8897109],[-87.7999227,41.8897118],[-87.7999219,41.8897125],[-87.799921,41.8897132],[-87.79992,41.8897139],[-87.799919,41.8897144],[-87.7999179,41.8897149],[-87.7999168,41.8897153],[-87.7999156,41.8897156],[-87.7999145,41.8897158],[-87.7999133,41.8897159],[-87.7997863,41.8897169],[-87.7995927,41.8897203],[-87.7995919,41.8897199],[-87.7995911,41.8897195],[-87.7995903,41.889719],[-87.7995896,41.8897185],[-87.7995889,41.8897179],[-87.7995883,41.8897172],[-87.7995878,41.8897165],[-87.7995874,41.8897158],[-87.799587,41.889715],[-87.7995868,41.8897143],[-87.7995867,41.8897135],[-87.7995866,41.8897127],[-87.7995867,41.889712],[-87.7995868,41.8897112],[-87.7995871,41.8897105],[-87.7995874,41.8897099],[-87.7995877,41.8897092],[-87.7995882,41.8897085],[-87.7995888,41.8897079],[-87.7995895,41.8897073],[-87.7995902,41.8897067],[-87.799591,41.8897062],[-87.7995919,41.8897057],[-87.7995928,41.8897053],[-87.7995938,41.889705],[-87.7995948,41.8897047],[-87.7995958,41.8897046],[-87.7995968,41.8897045],[-87.7995978,41.8897044],[-87.7995987,41.8897045],[-87.7998547,41.8896985],[-87.7999136,41.8896971],[-87.7999147,41.8896973]]]},"properties":{"ban_type":"lot","source_layer":9,"object_id":31,"parking_area_type":"PARKINGLOT","parking_area_name":"12","parking_enforcement":"Overnight Parking Ban","date_created":"2016-11-22","date_modified":null,"shape_length":1304.5,"shape_area":20722.5}},{"type":"Feature","geometry":{"type":"Polygon","coordinates":[[[-87.7784081,41.8790447],[-87.7784095,41.8790448],[-87.778411,41.879045],[-87.7784125,41.8790452],[-87.7784139,41.8790454],[-87.7784154,41.8790458],[-87.7784168,41.8790462],[-87.7784183,41.8790466],[-87.7784197,41.8790471],[-87.778421,41.8790477],[-87.7784223,41.8790483],[-87.7784236,41.879049],[-87.7784248,41.8790498],[-87.7784259,41.8790506],[-87.778427,41.8790514],[-87.778428,41.8790523],[-87.7784289,41.8790532],[-87.7784298,41.8790541],[-87.7784306,41.879055],[-87.7784313,41.879056],[-87.7784319,41.879057],[-87.7784324,41.879058],[-87.7784329,41.879059],[-87.7784333,41.87906],[-87.7784336,41.879061],[-87.7784339,41.8790619],[-87.7784373,41.8791056],[-87.778797,41.879096],[-87.7788874,41.8790935],[-87.778886,41.8790498],[-87.7788856,41.8790493],[-87.7788853,41.8790487],[-87.778885,41.879048],[-87.7788847,41.8790474],[-87.7788845,41.8790467],[-87.7788843,41.879046],[-87.7788842,41.8790453],[-87.7788841,41.8790445],[-87.7788842,41.8790437],[-87.7788842,41.879043],[-87.7788844,41.8790422],[-87.7788846,41.8790414],[-87.7788849,41.8790407],[-87.7788853,41.8790399],[-87.7788858,41.8790392],[-87.7788863,41.8790385],[-87.7788869,41.8790378],[-87.7788875,41.8790372],[-87.7788882,41.8790366],[-87.7788889,41.879036],[-87.7788897,41.8790355],[-87.7788905,41.879035],[-87.7788913,41.8790346],[-87.7788922,41.8790343],[-87.7788931,41.8790339],[-87.7788939,41.8790337],[-87.7788948,41.8790334],[-87.7788957,41.8790332],[-87.7788965,41.8790331],[-87.7788974,41.879033],[-87.7789419,41.8790322],[-87.7789427,41.8790321],[-87.7789436,41.8790321],[-87.7789445,41.8790321],[-87.7789454,41.8790321],[-87.7789463,41.8790321],[-87.7789472,41.8790322],[-87.7789481,41.8790323],[-87.778949,41.8790324],[-87.7789499,41.8790326],[-87.7789508,41.8790328],[-87.7789517,41.879033],[-87.7789526,41.8790333],[-87.7789534,41.8790335],[-87.7789543,41.8790339],[-87.7789551,41.8790342],[-87.7789559,41.8790346],[-87.7789567,41.879035],[-87.7789575,41.8790354],[-87.7789582,41.8790359],[-87.7789589,41.8790363],[-87.7789596,41.8790368],[-87.7789602,41.8790373],[-87.7789608,41.8790379],[-87.7789613,41.8790384],[-87.7789619,41.879039],[-87.7789624,41.8790395],[-87.7789628,41.8790401],[-87.7789632,41.8790407],[-87.7789636,41.8790413],[-87.7789639,41.8790418],[-87.7789651,41.8790933],[-87.7793127,41.8790904],[-87.7793513,41.8790901],[-87.779351,41.8790514],[-87.7793509,41.8790505],[-87.7793508,41.8790495],[-87.7793508,41.8790485],[-87.7793509,41.8790474],[-87.7793511,41.8790464],[-87.7793513,41.8790453],[-87.7793516,41.8790443],[-87.779352,41.8790432],[-87.7793525,41.8790422],[-87.7793531,41.8790411],[-87.7793538,41.8790401],[-87.7793545,41.8790391],[-87.7793554,41.8790381],[-87.7793563,41.8790372],[-87.7793573,41.8790363],[-87.7793584,41.8790355],[-87.7793595,41.8790347],[-87.7793607,41.879034],[-87.779362,41.8790333],[-87.7793632,41.8790327],[-87.7793646,41.8790321],[-87.7793659,41.8790317],[-87.7793673,41.8790313],[-87.7793687,41.8790309],[-87.77937,41.8790306],[-87.7793714,41.8790304],[-87.7793728,41.8790302],[-87.7793741,41.8790301],[-87.7793754,41.8790301],[-87.7793767,41.8790301],[-87.7793799,41.8790301],[-87.7793986,41.8790302],[-87.7794234,41.8790304],[-87.7794248,41.8790305],[-87.7794262,41.8790307],[-87.7794276,41.8790309],[-87.779429,41.8790312],[-87.7794304,41.8790315],[-87.7794318,41.8790318],[-87.7794332,41.8790322],[-87.7794346,41.8790326],[-87.779436,41.879033],[-87.7794373,41.8790335],[-87.7794387,41.879034],[-87.77944,41.8790345],[-87.7794413,41.8790351],[-87.7794426,41.8790357],[-87.7794438,41.8790363],[-87.779445,41.879037],[-87.7794462,41.8790377],[-87.7794474,41.8790384],[-87.7794485,41.8790391],[-87.7794496,41.8790399],[-87.7794506,41.8790407],[-87.7794516,41.8790415],[-87.7794526,41.8790424],[-87.7794535,41.8790432],[-87.7794544,41.8790441],[-87.7794552,41.879045],[-87.779456,41.8790459],[-87.7794568,41.8790468],[-87.7794575,41.8790478],[-87.7794581,41.8790487],[-87.7794589,41.8790487],[-87.7794559,41.8789557],[-87.7794541,41.8789559],[-87.7794539,41.8789569],[-87.7794536,41.878958],[-87.7794533,41.878959],[-87.779453,41.87896],[-87.7794526,41.8789611],[-87.7794522,41.8789621],[-87.7794517,41.8789631],[-87.7794512,41.8789641],[-87.7794506,41.8789651],[-87.77945,41.8789661],[-87.7794493,41.878967],[-87.7794486,41.878968],[-87.7794479,41.8789689],[-87.7794471,41.8789699],[-87.7794462,41.8789708],[-87.7794454,41.8789717],[-87.7794445,41.8789725],[-87.7794435,41.8789733],[-87.7794425,41.8789742],[-87.7794415,41.8789749],[-87.7794405,41.8789757],[-87.7794394,41.8789764],[-87.7794383,41.8789771],[-87.7794372,41.8789778],[-87.779436,41.8789784],[-87.7794349,41.878979],[-87.7794337,41.8789796],[-87.7794325,41.8789801],[-87.7794313,41.8789806],[-87.77943,41.8789811],[-87.7793968,41.8789817],[-87.7793781,41.8789821],[-87.7793773,41.8789821],[-87.779376,41.8789822],[-87.7793746,41.8789823],[-87.7793733,41.8789823],[-87.7793719,41.8789823],[-87.7793704,41.8789822],[-87.779369,41.878982],[-87.7793676,41.8789818],[-87.7793661,41.8789815],[-87.7793647,41.8789812],[-87.7793633,41.8789808],[-87.7793619,41.8789803],[-87.7793605,41.8789798],[-87.7793592,41.8789792],[-87.7793579,41.8789785],[-87.7793567,41.8789777],[-87.7793555,41.878977],[-87.7793544,41.8789761],[-87.7793534,41.8789752],[-87.7793525,41.8789743],[-87.7793516,41.8789734],[-87.7793508,41.8789724],[-87.7793501,41.8789714],[-87.7793495,41.8789704],[-87.779349,41.8789693],[-87.7793486,41.8789683],[-87.7793483,41.8789673],[-87.779348,41.8789663],[-87.7793478,41.8789653],[-87.7793477,41.8789643],[-87.7793476,41.8789633],[-87.7793381,41.8787022],[-87.779338,41.8787017],[-87.7793379,41.8787011],[-87.7793378,41.8787005],[-87.7793377,41.8786999],[-87.7793377,41.8786993],[-87.7793377,41.8786988],[-87.7793377,41.8786982],[-87.7793377,41.8786976],[-87.7793377,41.878697],[-87.7793377,41.8786964],[-87.7793378,41.8786958],[-87.7793379,41.8786952],[-87.779338,41.8786946],[-87.7793381,41.878694],[-87.7793382,41.8786934],[-87.7793384,41.8786929],[-87.7793385,41.8786923],[-87.7793387,41.8786917],[-87.7793389,41.8786911],[-87.7793391,41.8786905],[-87.7793394,41.87869],[-87.7793396,41.8786894],[-87.7793399,41.8786889],[-87.7793402,41.8786883],[-87.7793405,41.8786878],[-87.7793408,41.8786872],[-87.7793411,41.8786867],[-87.7793415,41.8786862],[-87.7793418,41.8786857],[-87.7793422,41.8786851],[-87.7793428,41.8786846],[-87.7793435,41.8786842],[-87.7793441,41.8786837],[-87.7793448,41.8786832],[-87.7793455,41.8786827],[-87.7793462,41.8786823],[-87.7793469,41.8786818],[-87.7793477,41.8786814],[-87.7793484,41.878681],[-87.7793492,41.8786805],[-87.7793499,41.8786801],[-87.7793507,41.8786798],[-87.7793515,41.8786794],[-87.7793523,41.878679],[-87.7793531,41.8786787],[-87.779354,41.8786783],[-87.7793548,41.878678],[-87.7793556,41.8786777],[-87.7793565,41.8786774],[-87.7793573,41.8786771],[-87.7793582,41.8786768],[-87.7793591,41.8786766],[-87.77936,41.8786763],[-87.7793608,41.8786761],[-87.7793617,41.8786759],[-87.7793626,41.8786757],[-87.7793635,41.8786755],[-87.7793644,41.8786753],[-87.7793653,41.8786752],[-87.7793662,41.878675],[-87.7793666,41.878675],[-87.7793861,41.8786747],[-87.7794154,41.8786741],[-87.7794166,41.8786744],[-87.7794178,41.8786746],[-87.7794189,41.8786749],[-87.7794201,41.8786752],[-87.7794213,41.8786755],[-87.7794225,41.8786759],[-87.7794236,41.8786763],[-87.7794248,41.8786767],[-87.7794259,41.8786772],[-87.779427,41.8786776],[-87.7794281,41.8786782],[-87.7794292,41.8786787],[-87.7794302,41.8786793],[-87.7794313,41.8786799],[-87.7794323,41.8786805],[-87.7794332,41.8786812],[-87.7794341,41.8786819],[-87.779435,41.8786826],[-87.7794359,41.8786833],[-87.7794367,41.878684],[-87.7794375,41.8786848],[-87.7794383,41.8786856],[-87.779439,41.8786864],[-87.7794397,41.8786872],[-87.7794403,41.878688],[-87.7794409,41.8786888],[-87.7794415,41.8786897],[-87.779442,41.8786905],[-87.7794425,41.8786914],[-87.7794429,41.8786922],[-87.7794474,41.8786916],[-87.7794442,41.8786031],[-87.7794397,41.8786106],[-87.7794385,41.8786117],[-87.7794373,41.8786127],[-87.779436,41.8786138],[-87.7794347,41.8786148],[-87.7794333,41.8786158],[-87.7794319,41.8786167],[-87.7794304,41.8786176],[-87.7794289,41.8786185],[-87.7794274,41.8786194],[-87.7794258,41.8786202],[-87.7794242,41.878621],[-87.7794225,41.8786218],[-87.7794208,41.8786225],[-87.7794191,41.8786232],[-87.7794173,41.8786238],[-87.7794156,41.8786245],[-87.7794138,41.878625],[-87.779412,41.8786255],[-87.7794101,41.878626],[-87.7794083,41.8786265],[-87.7794064,41.8786269],[-87.7794046,41.8786272],[-87.7794027,41.8786275],[-87.7794008,41.8786278],[-87.7793989,41.878628],[-87.779397,41.8786282],[-87.7793952,41.8786284],[-87.7793933,41.8786285],[-87.7793914,41.8786285],[-87.7793895,41.8786286],[-87.7793846,41.8786284],[-87.7793648,41.878628],[-87.7793616,41.8786279],[-87.7793604,41.8786278],[-87.7793592,41.8786277],[-87.779358,41.8786276],[-87.7793569,41.8786274],[-87.7793557,41.8786272],[-87.7793545,41.8786269],[-87.7793533,41.8786266],[-87.7793521,41.8786263],[-87.7793509,41.8786259],[-87.7793498,41.8786255],[-87.7793487,41.878625],[-87.7793476,41.8786245],[-87.7793465,41.878624],[-87.7793455,41.8786234],[-87.7793445,41.8786228],[-87.7793435,41.8786221],[-87.7793426,41.8786215],[-87.7793417,41.8786208],[-87.7793408,41.87862],[-87.7793401,41.8786193],[-87.7793393,41.8786185],[-87.7793386,41.8786177],[-87.779338,41.8786169],[-87.7793374,41.878616],[-87.7793369,41.8786152],[-87.7793365,41.8786144],[-87.779336,41.8786135],[-87.7793357,41.8786127],[-87.7793354,41.8786118],[-87.7793351,41.878611],[-87.7793338,41.87857],[-87.7789441,41.8785759],[-87.7789482,41.8786215],[-87.7789483,41.878622],[-87.7789484,41.8786225],[-87.7789485,41.878623],[-87.7789486,41.8786235],[-87.7789486,41.8786241],[-87.7789486,41.8786246],[-87.7789485,41.8786252],[-87.7789485,41.8786257],[-87.7789483,41.8786263],[-87.7789481,41.8786268],[-87.7789479,41.8786274],[-87.7789476,41.8786279],[-87.7789473,41.8786285],[-87.778947,41.878629],[-87.7789466,41.8786295],[-87.7789461,41.87863],[-87.7789457,41.8786304],[-87.7789452,41.8786309],[-87.7789446,41.8786313],[-87.7789441,41.8786317],[-87.7789435,41.8786321],[-87.7789429,41.8786324],[-87.7789423,41.8786327],[-87.7789416,41.878633],[-87.778941,41.8786333],[-87.7789403,41.8786335],[-87.7789397,41.8786337],[-87.778939,41.8786338],[-87.7789384,41.878634],[-87.7789377,41.8786341],[-87.7788896,41.8786342],[-87.7788887,41.8786342],[-87.7788879,41.8786343],[-87.778887,41.8786343],[-87.7788861,41.8786343],[-87.7788852,41.8786342],[-87.7788843,41.8786341],[-87.7788834,41.878634],[-87.7788825,41.8786338],[-87.7788816,41.8786336],[-87.7788807,41.8786334],[-87.7788798,41.8786331],[-87.7788789,41.8786328],[-87.7788781,41.8786324],[-87.7788773,41.878632],[-87.7788765,41.8786316],[-87.7788757,41.8786312],[-87.778875,41.8786307],[-87.7788743,41.8786302],[-87.7788736,41.8786296],[-87.778873,41.8786291],[-87.7788725,41.8786285],[-87.778872,41.8786279],[-87.7788715,41.8786273],[-87.7788711,41.8786267],[-87.7788707,41.8786261],[-87.7788704,41.8786254],[-87.7788701,41.8786248],[-87.7788698,41.8786242],[-87.7788697,41.8786236],[-87.7788695,41.8786229],[-87.7788644,41.8785781],[-87.7784189,41.8785859],[-87.7784196,41.8786238],[-87.7784195,41.8786247],[-87.7784194,41.8786256],[-87.7784193,41.8786265],[-87.778419,41.8786275],[-87.7784187,41.8786284],[-87.7784183,41.8786294],[-87.7784179,41.8786303],[-87.7784173,41.8786312],[-87.7784167,41.8786321],[-87.7784161,41.878633],[-87.7784153,41.8786339],[-87.7784145,41.8786348],[-87.7784136,41.8786356],[-87.7784127,41.8786364],[-87.7784117,41.8786371],[-87.7784106,41.8786378],[-87.7784095,41.8786385],[-87.7784083,41.8786391],[-87.7784071,41.8786396],[-87.7784059,41.8786401],[-87.7784046,41.8786406],[-87.7784034,41.8786409],[-87.7784021,41.8786413],[-87.7784008,41.8786415],[-87.7783995,41.8786417],[-87.7783982,41.8786419],[-87.7783969,41.878642],[-87.7783957,41.8786421],[-87.7783945,41.8786421],[-87.7783933,41.8786421],[-87.7783905,41.8786421],[-87.7783718,41.8786424],[-87.7783705,41.8786425],[-87.7783688,41.8786425],[-87.7783672,41.8786425],[-87.7783655,41.8786425],[-87.7783637,41.8786424],[-87.778362,41.8786422],[-87.7783603,41.878642],[-87.7783586,41.8786417],[-87.7783568,41.8786414],[-87.7783551,41.878641],[-87.7783534,41.8786405],[-87.7783517,41.87864],[-87.7783501,41.8786394],[-87.7783484,41.8786387],[-87.7783469,41.878638],[-87.7783453,41.8786373],[-87.7783438,41.8786365],[-87.7783424,41.8786356],[-87.778341,41.8786347],[-87.7783397,41.8786338],[-87.7783384,41.8786328],[-87.7783373,41.8786317],[-87.7783361,41.8786307],[-87.7783351,41.8786296],[-87.7783341,41.8786285],[-87.7783332,41.8786274],[-87.7783324,41.8786262],[-87.7783317,41.878625],[-87.778331,41.8786239],[-87.7783304,41.8786227],[-87.7783299,41.8786215],[-87.7783281,41.8786213],[-87.7783314,41.8787137],[-87.7783323,41.8787119],[-87.7783335,41.8787099],[-87.7783349,41.878708],[-87.7783365,41.8787061],[-87.7783382,41.8787042],[-87.77834,41.8787024],[-87.778342,41.8787007],[-87.7783442,41.878699],[-87.7783465,41.8786974],[-87.7783489,41.878696],[-87.7783515,41.8786946],[-87.7783541,41.8786934],[-87.7783568,41.8786922],[-87.7783596,41.8786912],[-87.7783625,41.8786903],[-87.7783654,41.8786896],[-87.7783683,41.878689],[-87.7783713,41.8786885],[-87.7783735,41.8786882],[-87.7783742,41.8786881],[-87.7783772,41.8786879],[-87.7783801,41.8786878],[-87.7783829,41.8786878],[-87.7783857,41.8786879],[-87.7783885,41.8786881],[-87.7783911,41.8786885],[-87.7783922,41.8786886],[-87.7783937,41.8786889],[-87.7783952,41.8786889],[-87.7783967,41.878689],[-87.7783982,41.8786891],[-87.7783998,41.8786893],[-87.7784013,41.8786896],[-87.7784029,41.8786899],[-87.7784044,41.8786903],[-87.778406,41.8786907],[-87.7784075,41.8786913],[-87.778409,41.8786919],[-87.7784104,41.8786925],[-87.7784118,41.8786932],[-87.7784132,41.878694],[-87.7784145,41.8786948],[-87.7784157,41.8786957],[-87.7784169,41.8786967],[-87.778418,41.8786977],[-87.778419,41.8786987],[-87.77842,41.8786998],[-87.7784208,41.8787009],[-87.7784216,41.878702],[-87.7784222,41.8787031],[-87.7784228,41.8787043],[-87.7784233,41.8787054],[-87.7784237,41.8787066],[-87.7784241,41.8787078],[-87.7784243,41.8787089],[-87.7784245,41.8787101],[-87.7784245,41.8787112],[-87.7784245,41.8787123],[-87.7784352,41.8789749],[-87.7784353,41.8789759],[-87.7784353,41.878977],[-87.7784352,41.8789781],[-87.7784351,41.8789792],[-87.7784349,41.8789804],[-87.7784346,41.8789815],[-87.7784342,41.8789827],[-87.7784337,41.8789838],[-87.7784332,41.878985],[-87.7784325,41.8789861],[-87.7784318,41.8789872],[-87.7784309,41.8789883],[-87.77843,41.8789893],[-87.778429,41.8789903],[-87.7784279,41.8789913],[-87.7784268,41.8789922],[-87.7784256,41.8789931],[-87.7784243,41.8789939],[-87.7784229,41.8789946],[-87.7784216,41.8789953],[-87.7784202,41.8789959],[-87.7784187,41.8789965],[-87.7784172,41.878997],[-87.7784158,41.8789974],[-87.7784143,41.8789977],[-87.7784128,41.878998],[-87.7784113,41.8789982],[-87.7784098,41.8789984],[-87.7784084,41.8789985],[-87.7784069,41.8789986],[-87.7784043,41.8789987],[-87.7783899,41.8789997],[-87.7783883,41.8789996],[-87.7783866,41.8789995],[-87.778385,41.8789994],[-87.7783844,41.8789993],[-87.7783834,41.8789992],[-87.7783817,41.878999],[-87.7783801,41.8789988],[-87.7783785,41.8789985],[-87.7783768,41.8789982],[-87.7783752,41.8789979],[-87.7783736,41.8789975],[-87.778372,41.8789971],[-87.7783704,41.8789966],[-87.7783688,41.8789962],[-87.7783673,41.8789957],[-87.7783657,41.8789951],[-87.7783642,41.8789946],[-87.7783627,41.878994],[-87.7783612,41.8789933],[-87.7783598,41.8789927],[-87.7783584,41.878992],[-87.778357,41.8789913],[-87.7783556,41.8789906],[-87.7783543,41.8789898],[-87.778353,41.878989],[-87.7783517,41.8789882],[-87.7783505,41.8789874],[-87.7783493,41.8789865],[-87.7783481,41.8789856],[-87.778347,41.8789847],[-87.7783459,41.8789838],[-87.7783408,41.8789762],[-87.7783444,41.879061],[-87.7783446,41.8790609],[-87.7783459,41.8790598],[-87.7783472,41.8790587],[-87.7783485,41.8790577],[-87.7783499,41.8790567],[-87.7783514,41.8790557],[-87.7783528,41.8790547],[-87.7783543,41.8790538],[-87.7783559,41.8790529],[-87.7783574,41.8790521],[-87.778359,41.8790513],[-87.7783607,41.8790505],[-87.7783623,41.8790497],[-87.778364,41.879049],[-87.7783656,41.8790484],[-87.7783674,41.8790477],[-87.7783691,41.8790471],[-87.7783708,41.8790466],[-87.7783725,41.8790461],[-87.7783743,41.8790456],[-87.7783859,41.8790454],[-87.7784012,41.8790451],[-87.7784025,41.8790449],[-87.7784039,41.8790448],[-87.7784053,41.8790447],[-87.7784061,41.8790447],[-87.7784067,41.8790447],[-87.7784081,41.8790447]],[[-87.7789405,41.8786842],[-87.7789411,41.8786845],[-87.7789417,41.8786847],[-87.7789423,41.878685],[-87.7789429,41.8786854],[-87.7789435,41.8786857],[-87.7789441,41.8786861],[-87.7789446,41.8786864],[-87.7789451,41.8786868],[-87.7789457,41.8786872],[-87.7789462,41.8786876],[-87.7789467,41.8786881],[-87.7789471,41.8786885],[-87.7789476,41.878689],[-87.778948,41.8786895],[-87.7789484,41.8786899],[-87.7789487,41.8786904],[-87.7789491,41.8786909],[-87.7789494,41.8786914],[-87.7789497,41.878692],[-87.77895,41.8786925],[-87.7789502,41.878693],[-87.7789504,41.8786936],[-87.7789506,41.8786941],[-87.7789508,41.8786946],[-87.7789509,41.8786952],[-87.778951,41.8786957],[-87.7789511,41.8786962],[-87.7789511,41.8786968],[-87.7789512,41.8786973],[-87.778955,41.8787998],[-87.778955,41.8788003],[-87.778955,41.8788008],[-87.778955,41.8788013],[-87.7789549,41.8788018],[-87.7789548,41.8788024],[-87.7789546,41.8788029],[-87.7789545,41.8788034],[-87.7789542,41.878804],[-87.778954,41.8788045],[-87.7789537,41.878805],[-87.7789534,41.8788055],[-87.778953,41.878806],[-87.7789526,41.8788065],[-87.7789522,41.878807],[-87.7789517,41.8788075],[-87.7789512,41.8788079],[-87.7789507,41.8788083],[-87.7789501,41.8788087],[-87.7789496,41.8788091],[-87.778949,41.8788095],[-87.7789484,41.8788098],[-87.7789477,41.8788101],[-87.7789471,41.8788104],[-87.7789465,41.8788106],[-87.7789458,41.8788109],[-87.7789451,41.8788111],[-87.7789445,41.8788112],[-87.7789438,41.8788114],[-87.7789431,41.8788115],[-87.7789425,41.8788116],[-87.7789378,41.8788117],[-87.7789291,41.8788115],[-87.7789037,41.8788108],[-87.7788927,41.8788106],[-87.7788921,41.8788107],[-87.7788914,41.8788108],[-87.7788906,41.8788109],[-87.7788899,41.8788109],[-87.7788891,41.8788109],[-87.7788884,41.8788109],[-87.7788876,41.8788108],[-87.7788868,41.8788107],[-87.778886,41.8788106],[-87.7788852,41.8788104],[-87.7788844,41.8788102],[-87.7788836,41.8788099],[-87.7788829,41.8788095],[-87.7788822,41.8788092],[-87.7788815,41.8788088],[-87.7788809,41.8788083],[-87.7788803,41.8788079],[-87.7788797,41.8788074],[-87.7788792,41.8788069],[-87.7788788,41.8788063],[-87.7788784,41.8788058],[-87.7788781,41.8788052],[-87.7788778,41.8788046],[-87.7788776,41.878804],[-87.7788775,41.8788035],[-87.7788774,41.8788029],[-87.7788773,41.8788024],[-87.7788773,41.8788018],[-87.7788773,41.8788013],[-87.7788774,41.8788008],[-87.7788734,41.8786952],[-87.7788735,41.8786947],[-87.7788736,41.8786941],[-87.7788737,41.8786935],[-87.7788739,41.8786929],[-87.7788742,41.8786923],[-87.7788745,41.8786917],[-87.7788749,41.8786911],[-87.7788753,41.8786905],[-87.7788758,41.8786899],[-87.7788763,41.8786894],[-87.7788769,41.8786888],[-87.7788775,41.8786883],[-87.7788782,41.8786878],[-87.7788789,41.8786874],[-87.7788797,41.8786869],[-87.7788805,41.8786866],[-87.7788813,41.8786862],[-87.7788821,41.8786859],[-87.778883,41.8786857],[-87.7788839,41.8786855],[-87.7788848,41.8786853],[-87.7788857,41.8786852],[-87.7788866,41.8786851],[-87.7788874,41.8786851],[-87.7788883,41.8786851],[-87.7788891,41.8786851],[-87.77889,41.8786852],[-87.7788908,41.8786853],[-87.7788915,41.8786854],[-87.7788923,41.8786856],[-87.778898,41.8786854],[-87.7789245,41.8786845],[-87.7789398,41.878684],[-87.7789405,41.8786842]],[[-87.778952,41.8789839],[-87.7789511,41.8789842],[-87.7789502,41.8789845],[-87.7789492,41.8789848],[-87.7789483,41.8789851],[-87.7789474,41.8789853],[-87.7789464,41.8789855],[-87.7789455,41.8789856],[-87.7789445,41.8789857],[-87.7789436,41.8789858],[-87.7789427,41.8789858],[-87.7789418,41.8789858],[-87.7789409,41.8789858],[-87.7789171,41.8789856],[-87.7788984,41.8789854],[-87.7788978,41.8789852],[-87.7788972,41.8789851],[-87.7788965,41.8789849],[-87.7788959,41.8789847],[-87.7788953,41.8789844],[-87.7788947,41.8789842],[-87.7788941,41.878984],[-87.7788935,41.8789837],[-87.7788929,41.8789834],[-87.7788924,41.8789832],[-87.7788918,41.8789828],[-87.7788913,41.8789825],[-87.7788907,41.8789822],[-87.7788902,41.8789819],[-87.7788897,41.8789815],[-87.7788892,41.8789812],[-87.7788887,41.8789808],[-87.7788882,41.8789804],[-87.7788878,41.87898],[-87.7788874,41.8789796],[-87.778887,41.8789792],[-87.7788866,41.8789788],[-87.7788862,41.8789783],[-87.7788858,41.8789779],[-87.7788855,41.8789775],[-87.7788852,41.878977],[-87.7788849,41.8789766],[-87.7788846,41.8789761],[-87.7788843,41.8789757],[-87.7788841,41.8789752],[-87.778883,41.8789725],[-87.7788816,41.8789357],[-87.7788791,41.8788704],[-87.7788792,41.8788698],[-87.7788794,41.8788692],[-87.7788796,41.8788685],[-87.7788798,41.8788679],[-87.7788801,41.8788673],[-87.7788805,41.8788667],[-87.7788808,41.878866],[-87.7788813,41.8788654],[-87.7788818,41.8788648],[-87.7788823,41.8788642],[-87.7788829,41.8788637],[-87.7788835,41.8788631],[-87.7788841,41.8788626],[-87.7788848,41.8788621],[-87.7788856,41.8788616],[-87.7788863,41.8788612],[-87.7788871,41.8788608],[-87.778888,41.8788604],[-87.7788888,41.8788601],[-87.7788897,41.8788598],[-87.7788906,41.8788595],[-87.7788914,41.8788593],[-87.7788923,41.8788591],[-87.7788932,41.878859],[-87.7788941,41.8788589],[-87.778895,41.8788588],[-87.7788959,41.8788588],[-87.7788967,41.8788588],[-87.7788976,41.8788588],[-87.7788984,41.8788588],[-87.7789004,41.8788588],[-87.7789357,41.8788582],[-87.778944,41.878858],[-87.7789446,41.8788584],[-87.7789453,41.8788588],[-87.7789459,41.8788593],[-87.7789466,41.8788597],[-87.7789472,41.8788602],[-87.7789478,41.8788607],[-87.7789484,41.8788612],[-87.7789489,41.8788617],[-87.7789495,41.8788622],[-87.77895,41.8788627],[-87.7789505,41.8788632],[-87.778951,41.8788638],[-87.7789515,41.8788643],[-87.778952,41.8788649],[-87.7789524,41.8788655],[-87.7789528,41.8788661],[-87.7789532,41.8788667],[-87.7789536,41.8788673],[-87.778954,41.8788679],[-87.7789543,41.8788685],[-87.7789546,41.8788691],[-87.7789549,41.8788697],[-87.7789552,41.8788704],[-87.7789554,41.878871],[-87.7789556,41.8788716],[-87.7789558,41.8788723],[-87.778956,41.8788729],[-87.7789562,41.8788735],[-87.7789563,41.8788742],[-87.7789564,41.8788748],[-87.7789596,41.8789347],[-87.7789617,41.8789734],[-87.7789615,41.8789741],[-87.7789613,41.8789747],[-87.7789611,41.8789754],[-87.7789608,41.878976],[-87.7789604,41.8789767],[-87.77896,41.8789774],[-87.7789596,41.878978],[-87.7789591,41.8789786],[-87.7789586,41.8789793],[-87.778958,41.8789799],[-87.7789574,41.8789805],[-87.7789567,41.878981],[-87.778956,41.8789816],[-87.7789553,41.8789821],[-87.7789545,41.8789826],[-87.7789537,41.878983],[-87.7789528,41.8789835],[-87.778952,41.8789839]],[[-87.7789876,41.8789321],[-87.7790228,41.8789322],[-87.7790235,41.878982],[-87.7789893,41.878984],[-87.7789876,41.8789321]]]},"properties":{"ban_type":"lot","source_layer":9,"object_id":32,"parking_area_type":"PARKINGLOT","parking_area_name":"47","parking_enforcement":"Overnight Parking Ban","date_created":"2016-11-22","date_modified":null,"shape_length":1549.8,"shape_area":46178.8}},{"type":"Feature","geometry":{"type":"Polygon","coordinates":[[[-87.7781943,41.8724878],[-87.7785026,41.8724847],[-87.7785031,41.8724536],[-87.7785034,41.8724529],[-87.7785038,41.8724523],[-87.7785042,41.8724517],[-87.7785047,41.8724511],[-87.7785052,41.8724505],[-87.7785058,41.8724499],[-87.7785064,41.8724493],[-87.778507,41.8724487],[-87.7785077,41.8724482],[-87.7785084,41.8724477],[-87.7785091,41.8724472],[-87.7785099,41.8724467],[-87.7785108,41.8724462],[-87.7785116,41.8724458],[-87.7785125,41.8724454],[-87.7785134,41.8724451],[-87.7785143,41.8724448],[-87.7785153,41.8724445],[-87.7785162,41.8724442],[-87.7785172,41.872444],[-87.7785182,41.8724438],[-87.7785192,41.8724437],[-87.7785201,41.8724436],[-87.7785211,41.8724435],[-87.7785221,41.8724435],[-87.778523,41.8724435],[-87.778524,41.8724435],[-87.7785249,41.8724436],[-87.7785258,41.8724437],[-87.7785267,41.8724438],[-87.7785569,41.8724424],[-87.7785561,41.8723424],[-87.7785681,41.8723422],[-87.778571,41.8723421],[-87.778569,41.8722923],[-87.7785685,41.8722923],[-87.7785678,41.8722796],[-87.7781879,41.872284],[-87.778188,41.8722842],[-87.7781889,41.8722852],[-87.7781898,41.8722862],[-87.7781906,41.8722873],[-87.7781913,41.8722884],[-87.7781921,41.8722895],[-87.7781927,41.8722906],[-87.7781934,41.8722917],[-87.7781939,41.8722929],[-87.7781945,41.8722941],[-87.7781949,41.8722952],[-87.7781954,41.8722964],[-87.7781958,41.8722976],[-87.7781961,41.8722988],[-87.7781964,41.8723],[-87.7781966,41.8723012],[-87.7781968,41.8723024],[-87.7781969,41.8723036],[-87.778197,41.8723048],[-87.778197,41.872306],[-87.778197,41.8723072],[-87.7781969,41.8723083],[-87.7781968,41.8723095],[-87.7781966,41.8723106],[-87.7781954,41.8723655],[-87.7781946,41.8723669],[-87.7781938,41.8723682],[-87.778193,41.8723696],[-87.778192,41.8723709],[-87.778191,41.8723722],[-87.7781899,41.8723735],[-87.7781887,41.8723747],[-87.7781874,41.8723759],[-87.7781861,41.8723771],[-87.7781847,41.8723783],[-87.7781832,41.8723794],[-87.7781817,41.8723805],[-87.7781801,41.8723815],[-87.7781793,41.872382],[-87.7781784,41.8723825],[-87.7781767,41.8723834],[-87.7781749,41.8723843],[-87.7781731,41.8723851],[-87.7781712,41.8723859],[-87.7781694,41.8723866],[-87.7781674,41.8723872],[-87.7781655,41.8723878],[-87.7781635,41.8723883],[-87.7781615,41.8723888],[-87.778161,41.8723889],[-87.7781596,41.8723892],[-87.7781576,41.8723895],[-87.7781556,41.8723897],[-87.7781536,41.8723899],[-87.7781516,41.8723901],[-87.7781497,41.8723902],[-87.7781477,41.8723902],[-87.7781268,41.8723883],[-87.7781261,41.8723878],[-87.7781254,41.8723873],[-87.7781247,41.8723868],[-87.778124,41.8723863],[-87.7781233,41.8723858],[-87.7781226,41.8723853],[-87.7781219,41.8723848],[-87.7781213,41.8723843],[-87.7781206,41.8723837],[-87.77812,41.8723832],[-87.7781193,41.8723827],[-87.7781187,41.8723821],[-87.7781181,41.8723815],[-87.7781175,41.872381],[-87.7781169,41.8723804],[-87.7781163,41.8723798],[-87.7781158,41.8723792],[-87.7781152,41.8723786],[-87.7781147,41.872378],[-87.7781142,41.8723774],[-87.7781138,41.872377],[-87.7781163,41.8724614],[-87.7781164,41.8724612],[-87.7781171,41.8724605],[-87.7781178,41.8724597],[-87.7781185,41.872459],[-87.7781193,41.8724583],[-87.7781201,41.8724576],[-87.778121,41.872457],[-87.7781219,41.8724564],[-87.7781229,41.8724558],[-87.7781238,41.8724552],[-87.7781249,41.8724547],[-87.7781259,41.8724542],[-87.778127,41.8724538],[-87.7781281,41.8724534],[-87.7781292,41.872453],[-87.7781303,41.8724527],[-87.7781314,41.8724524],[-87.7781326,41.8724522],[-87.7781337,41.872452],[-87.7781349,41.8724518],[-87.778136,41.8724517],[-87.7781372,41.8724516],[-87.7781383,41.8724515],[-87.7781394,41.8724515],[-87.7781632,41.8724507],[-87.7781819,41.87245],[-87.7781893,41.8724498],[-87.7781943,41.8724878]]]},"properties":{"ban_type":"lot","source_layer":9,"object_id":33,"parking_area_type":"PARKINGLOT","parking_area_name":"93","parking_enforcement":"Overnight Parking Ban","date_created":"2016-11-22","date_modified":null,"shape_length":402.6,"shape_area":7730.1}},{"type":"Feature","geometry":{"type":"Polygon","coordinates":[[[-87.7757406,41.9058362],[-87.7757378,41.9058391],[-87.7757355,41.9058433],[-87.7759988,41.9058374],[-87.7759978,41.9058356],[-87.7759969,41.9058357],[-87.7759959,41.9058358],[-87.7759949,41.9058359],[-87.7759939,41.9058359],[-87.7759929,41.9058359],[-87.7759918,41.9058359],[-87.7759908,41.9058358],[-87.7759898,41.9058357],[-87.7759887,41.9058355],[-87.7759877,41.9058353],[-87.7759866,41.9058351],[-87.7759856,41.9058348],[-87.7759846,41.9058344],[-87.7759836,41.9058341],[-87.7759827,41.9058337],[-87.7759818,41.9058332],[-87.7759809,41.9058327],[-87.77598,41.9058322],[-87.7759792,41.9058317],[-87.7759784,41.9058311],[-87.7759777,41.9058305],[-87.775977,41.9058299],[-87.7759764,41.9058292],[-87.7759758,41.9058286],[-87.7759753,41.9058279],[-87.7759748,41.9058272],[-87.7759744,41.9058266],[-87.775974,41.9058259],[-87.7759737,41.9058252],[-87.7759734,41.9058245],[-87.7759537,41.905809],[-87.7757274,41.9058119],[-87.7757404,41.905829],[-87.7757406,41.9058362]]]},"properties":{"ban_type":"lot","source_layer":9,"object_id":34,"parking_area_type":"PARKINGLOT","parking_area_name":"111","parking_enforcement":"Overnight Parking Ban","date_created":"2016-11-22","date_modified":null,"shape_length":163.1,"shape_area":709.3}},{"type":"Feature","geometry":{"type":"MultiPolygon","coordinates":[[[[-87.7876121,41.8804726],[-87.7876121,41.8804741],[-87.787657,41.8804521],[-87.7876576,41.8804518],[-87.7876583,41.8804514],[-87.787659,41.880451],[-87.7876598,41.8804507],[-87.7876606,41.8804504],[-87.7876614,41.8804502],[-87.7876623,41.8804499],[-87.7876632,41.8804497],[-87.7876641,41.8804496],[-87.787665,41.8804495],[-87.787666,41.8804494],[-87.787667,41.8804494],[-87.787668,41.8804494],[-87.787669,41.8804495],[-87.78767,41.8804497],[-87.7876709,41.8804498],[-87.7876719,41.8804501],[-87.7876728,41.8804503],[-87.7876737,41.8804507],[-87.7876745,41.880451],[-87.7876753,41.8804514],[-87.787676,41.8804519],[-87.7876767,41.8804523],[-87.7876774,41.8804528],[-87.787678,41.8804533],[-87.7876785,41.8804538],[-87.787679,41.8804543],[-87.7876794,41.8804549],[-87.7876798,41.8804554],[-87.7876801,41.8804559],[-87.7876781,41.8803559],[-87.7876585,41.8803646],[-87.7876105,41.8803854],[-87.7876098,41.8803857],[-87.7876121,41.8804726]]],[[[-87.7876051,41.8801802],[-87.7876544,41.8801599],[-87.787655,41.8801597],[-87.7876556,41.8801595],[-87.7876563,41.8801593],[-87.787657,41.8801591],[-87.7876577,41.880159],[-87.7876584,41.8801589],[-87.7876591,41.8801588],[-87.7876599,41.8801587],[-87.7876606,41.8801587],[-87.7876614,41.8801587],[-87.7876622,41.8801588],[-87.787663,41.8801588],[-87.7876637,41.880159],[-87.7876645,41.8801591],[-87.7876653,41.8801593],[-87.787666,41.8801595],[-87.7876667,41.8801598],[-87.7876674,41.8801601],[-87.7876681,41.8801604],[-87.7876687,41.8801607],[-87.7876693,41.8801611],[-87.7876699,41.8801615],[-87.7876704,41.8801619],[-87.7876709,41.8801623],[-87.7876714,41.8801627],[-87.7876718,41.8801632],[-87.7876721,41.8801636],[-87.7876725,41.8801641],[-87.7876727,41.8801646],[-87.787673,41.880165],[-87.7876729,41.8801598],[-87.7876688,41.8800622],[-87.7876652,41.8800653],[-87.7876609,41.880068],[-87.7876038,41.880094],[-87.7876051,41.8801802]]],[[[-87.7876148,41.8805572],[-87.7876148,41.8805588],[-87.7876675,41.8805367],[-87.7876684,41.8805365],[-87.7876694,41.8805363],[-87.7876704,41.8805362],[-87.7876714,41.880536],[-87.7876724,41.880536],[-87.7876735,41.8805359],[-87.7876745,41.8805359],[-87.7876756,41.8805359],[-87.7876767,41.880536],[-87.7876778,41.8805361],[-87.7876788,41.8805362],[-87.7876799,41.8805364],[-87.787681,41.8805367],[-87.787682,41.8805369],[-87.7876824,41.880537],[-87.7876803,41.8804652],[-87.7876803,41.8804656],[-87.7876802,41.8804659],[-87.7876801,41.8804663],[-87.7876799,41.8804667],[-87.7876798,41.8804671],[-87.7876796,41.8804674],[-87.7876795,41.8804678],[-87.7876793,41.8804682],[-87.7876791,41.8804685],[-87.7876789,41.8804689],[-87.7876786,41.8804692],[-87.7876784,41.8804696],[-87.7876781,41.8804699],[-87.7876779,41.8804703],[-87.7876776,41.8804706],[-87.7876773,41.8804709],[-87.787677,41.8804713],[-87.7876767,41.8804716],[-87.7876763,41.8804719],[-87.787676,41.8804722],[-87.7876756,41.8804725],[-87.7876753,41.8804728],[-87.7876749,41.8804731],[-87.7876745,41.8804733],[-87.7876741,41.8804736],[-87.7876737,41.8804739],[-87.7876733,41.8804741],[-87.7876729,41.8804743],[-87.7876725,41.8804746],[-87.787672,41.8804748],[-87.787613,41.8805008],[-87.787613,41.880501],[-87.7876148,41.8805572]]],[[[-87.7876076,41.8802423],[-87.7876504,41.8802223],[-87.7876511,41.8802218],[-87.7876519,41.8802214],[-87.7876527,41.8802209],[-87.7876535,41.8802205],[-87.7876544,41.8802202],[-87.7876554,41.8802199],[-87.7876564,41.8802196],[-87.7876573,41.8802194],[-87.7876584,41.8802192],[-87.7876594,41.8802191],[-87.7876604,41.8802191],[-87.7876614,41.8802191],[-87.7876624,41.8802192],[-87.7876634,41.8802193],[-87.7876643,41.8802194],[-87.7876653,41.8802196],[-87.7876662,41.8802199],[-87.7876671,41.8802202],[-87.787668,41.8802205],[-87.7876689,41.8802209],[-87.7876697,41.8802214],[-87.7876705,41.8802219],[-87.7876712,41.8802224],[-87.7876719,41.880223],[-87.7876725,41.8802236],[-87.7876731,41.8802243],[-87.7876736,41.8802249],[-87.787674,41.8802256],[-87.7876744,41.8802263],[-87.7876746,41.880227],[-87.7876734,41.8801804],[-87.7876733,41.8801806],[-87.7876732,41.8801809],[-87.7876731,41.8801811],[-87.787673,41.8801814],[-87.7876729,41.8801816],[-87.7876727,41.8801818],[-87.7876726,41.8801821],[-87.7876725,41.8801823],[-87.7876723,41.8801826],[-87.7876722,41.8801828],[-87.787672,41.880183],[-87.7876718,41.8801833],[-87.7876716,41.8801835],[-87.7876715,41.8801837],[-87.7876713,41.880184],[-87.7876711,41.8801842],[-87.7876709,41.8801844],[-87.7876707,41.8801846],[-87.7876705,41.8801848],[-87.7876702,41.880185],[-87.78767,41.8801853],[-87.7876698,41.8801855],[-87.7876695,41.8801857],[-87.7876693,41.8801858],[-87.7876691,41.880186],[-87.7876688,41.8801862],[-87.7876686,41.8801864],[-87.7876683,41.8801866],[-87.787668,41.8801868],[-87.7876678,41.8801869],[-87.7876071,41.8802146],[-87.7876072,41.8802149],[-87.7876076,41.8802423]]]]},"properties":{"ban_type":"lot","source_layer":9,"object_id":35,"parking_area_type":"ON-STREET","parking_area_name":"110","parking_enforcement":"Overnight Parking Ban","date_created":"2016-11-22","date_modified":null,"shape_length":386.1,"shape_area":1783.7}},{"type":"Feature","geometry":{"type":"Polygon","coordinates":[[[-87.7774887,41.8805396],[-87.7774877,41.8805396],[-87.7774952,41.880544],[-87.7777776,41.8805382],[-87.7777786,41.8805031],[-87.7777786,41.8805026],[-87.7777785,41.880502],[-87.7777785,41.8805014],[-87.7777786,41.8805008],[-87.7777787,41.8805002],[-87.7777788,41.8804996],[-87.777779,41.880499],[-87.7777793,41.8804984],[-87.7777796,41.8804978],[-87.77778,41.8804972],[-87.7777804,41.8804966],[-87.7777808,41.8804961],[-87.7777813,41.8804955],[-87.7777819,41.880495],[-87.7777825,41.8804945],[-87.7777831,41.880494],[-87.7777838,41.8804936],[-87.7777845,41.8804932],[-87.7777853,41.8804928],[-87.777786,41.8804925],[-87.7777868,41.8804922],[-87.7777876,41.8804919],[-87.7777884,41.8804917],[-87.7777892,41.8804915],[-87.77779,41.8804914],[-87.7777908,41.8804913],[-87.7777916,41.8804912],[-87.7777924,41.8804912],[-87.7777931,41.8804912],[-87.7777939,41.8804912],[-87.777796,41.8804912],[-87.7778194,41.8804908],[-87.7778202,41.8804908],[-87.7778218,41.8804909],[-87.7778241,41.8804909],[-87.7778265,41.8804911],[-87.7778289,41.8804912],[-87.7778313,41.8804914],[-87.7778337,41.8804916],[-87.7778361,41.8804919],[-87.7778385,41.8804921],[-87.7778408,41.8804924],[-87.7778432,41.8804928],[-87.7778456,41.8804931],[-87.7778479,41.8804935],[-87.7778503,41.880494],[-87.7778526,41.8804944],[-87.777855,41.8804949],[-87.7778573,41.8804954],[-87.7778596,41.880496],[-87.7778619,41.8804965],[-87.7778641,41.8804971],[-87.7778664,41.8804978],[-87.7778687,41.8804984],[-87.7778709,41.8804991],[-87.7778731,41.8804998],[-87.7778753,41.8805006],[-87.7778763,41.8805009],[-87.7778734,41.8804192],[-87.7778657,41.880422],[-87.7778634,41.8804225],[-87.7778611,41.880423],[-87.7778588,41.8804235],[-87.7778564,41.880424],[-87.7778541,41.8804245],[-87.7778517,41.8804249],[-87.7778494,41.8804254],[-87.777847,41.8804258],[-87.7778446,41.8804262],[-87.7778423,41.8804266],[-87.7778399,41.880427],[-87.7778375,41.8804273],[-87.7778351,41.8804277],[-87.7778327,41.880428],[-87.7778303,41.8804283],[-87.7778279,41.8804286],[-87.7778255,41.8804289],[-87.7778231,41.8804291],[-87.7778207,41.8804294],[-87.7778186,41.8804296],[-87.7778183,41.8804296],[-87.7778159,41.8804298],[-87.7778135,41.88043],[-87.7778111,41.8804302],[-87.7778087,41.8804303],[-87.7778062,41.8804305],[-87.7778038,41.8804306],[-87.7778014,41.8804307],[-87.777799,41.8804308],[-87.7777966,41.8804309],[-87.7777946,41.8804309],[-87.7777942,41.8804309],[-87.7777935,41.880431],[-87.7777928,41.8804311],[-87.7777921,41.8804311],[-87.7777914,41.8804311],[-87.7777907,41.8804311],[-87.77779,41.8804311],[-87.7777893,41.8804311],[-87.7777885,41.880431],[-87.7777878,41.8804309],[-87.7777871,41.8804307],[-87.7777863,41.8804306],[-87.7777856,41.8804304],[-87.7777849,41.8804302],[-87.7777842,41.88043],[-87.7777836,41.8804297],[-87.7777829,41.8804294],[-87.7777823,41.8804291],[-87.7777816,41.8804288],[-87.777781,41.8804285],[-87.7777805,41.8804281],[-87.7777799,41.8804277],[-87.7777794,41.8804274],[-87.7777789,41.880427],[-87.7777784,41.8804265],[-87.777778,41.8804261],[-87.7777776,41.8804257],[-87.7777772,41.8804252],[-87.7777769,41.8804248],[-87.7777766,41.8804243],[-87.7777763,41.8804238],[-87.7777741,41.8803846],[-87.7776529,41.8803862],[-87.777652,41.8803864],[-87.7776512,41.8803865],[-87.7776502,41.8803865],[-87.7776493,41.8803864],[-87.7776484,41.8803863],[-87.7776474,41.8803861],[-87.7776465,41.8803857],[-87.7776457,41.8803853],[-87.7776449,41.8803849],[-87.7776442,41.8803843],[-87.7776436,41.8803838],[-87.7776431,41.8803832],[-87.7776428,41.8803825],[-87.7776425,41.8803819],[-87.7776423,41.8803813],[-87.7776423,41.8803807],[-87.7776423,41.88038],[-87.7776424,41.8803793],[-87.7776426,41.8803786],[-87.7776429,41.8803779],[-87.7776434,41.8803773],[-87.7776439,41.8803767],[-87.7776446,41.8803761],[-87.7776453,41.8803756],[-87.7776461,41.8803752],[-87.7776469,41.8803748],[-87.7776478,41.8803746],[-87.7776487,41.8803744],[-87.7776496,41.8803743],[-87.7776504,41.8803742],[-87.7777721,41.8803706],[-87.7777715,41.8803341],[-87.7777735,41.8803313],[-87.7777739,41.8803309],[-87.7777744,41.8803305],[-87.7777749,41.8803301],[-87.7777753,41.8803297],[-87.7777759,41.8803293],[-87.7777764,41.880329],[-87.7777769,41.8803286],[-87.7777775,41.8803283],[-87.7777781,41.8803279],[-87.7777787,41.8803276],[-87.7777793,41.8803273],[-87.7777799,41.880327],[-87.7777806,41.8803268],[-87.7777812,41.8803265],[-87.7777819,41.8803263],[-87.7777826,41.880326],[-87.7777833,41.8803258],[-87.777784,41.8803256],[-87.7777847,41.8803255],[-87.7777854,41.8803253],[-87.7777861,41.8803252],[-87.7777868,41.8803251],[-87.7777876,41.880325],[-87.7777883,41.8803249],[-87.777789,41.8803248],[-87.7777897,41.8803248],[-87.7777904,41.8803248],[-87.7777911,41.8803248],[-87.7777919,41.8803248],[-87.7777924,41.8803248],[-87.7777926,41.8803248],[-87.7777948,41.8803248],[-87.7777971,41.8803247],[-87.7777994,41.8803247],[-87.7778017,41.8803247],[-87.777804,41.8803247],[-87.7778063,41.8803248],[-87.7778086,41.8803248],[-87.7778109,41.8803249],[-87.7778132,41.8803249],[-87.7778155,41.880325],[-87.777816,41.880325],[-87.7778177,41.8803251],[-87.77782,41.8803252],[-87.7778223,41.8803253],[-87.7778246,41.8803255],[-87.7778269,41.8803256],[-87.7778292,41.8803258],[-87.7778315,41.880326],[-87.7778337,41.8803262],[-87.777836,41.8803264],[-87.7778383,41.8803266],[-87.7778406,41.8803268],[-87.7778428,41.8803271],[-87.7778451,41.8803273],[-87.7778474,41.8803276],[-87.7778496,41.8803279],[-87.7778519,41.8803282],[-87.7778541,41.8803285],[-87.7778564,41.8803288],[-87.7778586,41.8803291],[-87.7778609,41.8803295],[-87.7778704,41.8803333],[-87.7778675,41.8802508],[-87.7778659,41.8802515],[-87.7778632,41.8802526],[-87.7778605,41.8802537],[-87.7778577,41.8802547],[-87.7778549,41.8802557],[-87.777852,41.8802566],[-87.7778491,41.8802574],[-87.7778462,41.8802582],[-87.7778432,41.880259],[-87.7778402,41.8802597],[-87.7778372,41.8802603],[-87.7778342,41.8802609],[-87.7778311,41.8802614],[-87.7778281,41.8802619],[-87.777825,41.8802622],[-87.7778219,41.8802626],[-87.7778188,41.8802629],[-87.7778157,41.8802631],[-87.7778144,41.8802631],[-87.7778126,41.8802632],[-87.7778095,41.8802633],[-87.7778064,41.8802633],[-87.7778033,41.8802633],[-87.7778003,41.8802632],[-87.7777972,41.8802631],[-87.7777942,41.8802629],[-87.7777912,41.8802626],[-87.7777904,41.8802627],[-87.7777897,41.8802628],[-87.7777889,41.8802628],[-87.7777881,41.8802629],[-87.7777872,41.8802629],[-87.7777864,41.8802628],[-87.7777856,41.8802628],[-87.7777848,41.8802627],[-87.7777839,41.8802626],[-87.7777831,41.8802625],[-87.7777823,41.8802623],[-87.7777815,41.8802622],[-87.7777807,41.8802619],[-87.7777799,41.8802617],[-87.7777791,41.8802614],[-87.7777783,41.8802612],[-87.7777776,41.8802608],[-87.7777768,41.8802605],[-87.7777761,41.8802602],[-87.7777754,41.8802598],[-87.7777748,41.8802594],[-87.7777742,41.880259],[-87.7777736,41.8802585],[-87.777773,41.8802581],[-87.7777724,41.8802576],[-87.7777719,41.8802572],[-87.7777714,41.8802567],[-87.777771,41.8802562],[-87.7777706,41.8802557],[-87.7777702,41.8802552],[-87.7777694,41.8802307],[-87.7777695,41.8802301],[-87.7777695,41.8802294],[-87.7777694,41.8802288],[-87.7777693,41.8802281],[-87.7777692,41.8802275],[-87.777769,41.8802268],[-87.7777688,41.8802262],[-87.7777685,41.8802255],[-87.7777682,41.8802249],[-87.7777679,41.8802242],[-87.7777674,41.8802236],[-87.777767,41.880223],[-87.7777665,41.8802224],[-87.7777659,41.8802218],[-87.7777654,41.8802212],[-87.7777647,41.8802207],[-87.7777641,41.8802202],[-87.7777634,41.8802197],[-87.7777627,41.8802192],[-87.7777619,41.8802188],[-87.7777612,41.8802184],[-87.7777604,41.8802181],[-87.7777596,41.8802178],[-87.7777588,41.8802175],[-87.777758,41.8802173],[-87.7777572,41.8802171],[-87.7777563,41.8802169],[-87.7777555,41.8802167],[-87.7777547,41.8802166],[-87.7777539,41.8802166],[-87.7774805,41.8802234],[-87.7774822,41.8802825],[-87.7774747,41.8802926],[-87.7774758,41.8803393],[-87.7774822,41.8803392],[-87.7774887,41.8805396]],[[-87.7776244,41.8803865],[-87.7776235,41.8803866],[-87.7776227,41.8803867],[-87.7776159,41.8803869],[-87.7775566,41.8803878],[-87.777556,41.8803875],[-87.7775555,41.8803871],[-87.7775549,41.8803867],[-87.7775545,41.8803862],[-87.777554,41.8803857],[-87.7775536,41.8803851],[-87.7775533,41.8803846],[-87.7775531,41.880384],[-87.7775529,41.8803834],[-87.7775528,41.8803828],[-87.7775528,41.8803822],[-87.7775529,41.8803816],[-87.777553,41.880381],[-87.7775532,41.8803804],[-87.7775535,41.8803799],[-87.7775538,41.8803794],[-87.7775541,41.8803789],[-87.7775546,41.8803784],[-87.7775551,41.8803779],[-87.7775556,41.8803775],[-87.7775562,41.8803771],[-87.7775569,41.8803767],[-87.7775576,41.8803764],[-87.7775584,41.8803761],[-87.7775592,41.8803759],[-87.7775599,41.8803758],[-87.7775607,41.8803757],[-87.7775615,41.8803756],[-87.7775623,41.8803756],[-87.777563,41.8803757],[-87.7776218,41.8803731],[-87.7776226,41.8803732],[-87.7776235,41.8803733],[-87.7776243,41.8803734],[-87.7776252,41.8803737],[-87.7776261,41.880374],[-87.7776269,41.8803744],[-87.7776276,41.8803748],[-87.7776283,41.8803753],[-87.777629,41.8803758],[-87.7776295,41.8803764],[-87.7776299,41.8803771],[-87.7776303,41.8803777],[-87.7776305,41.8803783],[-87.7776307,41.880379],[-87.7776308,41.8803796],[-87.7776308,41.8803803],[-87.7776307,41.8803809],[-87.7776306,41.8803816],[-87.7776303,41.8803822],[-87.7776299,41.8803829],[-87.7776295,41.8803835],[-87.7776289,41.8803841],[-87.7776283,41.8803847],[-87.7776276,41.8803852],[-87.7776269,41.8803856],[-87.7776261,41.880386],[-87.7776252,41.8803863],[-87.7776244,41.8803865]]]},"properties":{"ban_type":"lot","source_layer":9,"object_id":36,"parking_area_type":"PARKINGLOT","parking_area_name":"24","parking_enforcement":"Overnight Parking Ban","date_created":"2016-11-22","date_modified":null,"shape_length":625.4,"shape_area":10299.2}},{"type":"Feature","geometry":{"type":"Polygon","coordinates":[[[-87.7910594,41.8802651],[-87.7911281,41.8802431],[-87.7911502,41.8802419],[-87.791149,41.8802039],[-87.7911272,41.880204],[-87.7911143,41.8802041],[-87.7910642,41.8801907],[-87.7911129,41.880171],[-87.7911104,41.8800222],[-87.7911104,41.880022],[-87.79108,41.8800356],[-87.7910791,41.8800359],[-87.7910781,41.8800361],[-87.791077,41.8800363],[-87.791076,41.8800365],[-87.7910749,41.8800366],[-87.7910738,41.8800367],[-87.7910727,41.8800368],[-87.7910716,41.8800368],[-87.7910704,41.8800368],[-87.7910693,41.8800367],[-87.7910681,41.8800366],[-87.791067,41.8800364],[-87.7910659,41.8800362],[-87.7910648,41.8800359],[-87.7910637,41.8800356],[-87.7910626,41.8800353],[-87.7910615,41.8800349],[-87.7910605,41.8800345],[-87.7910595,41.880034],[-87.7910586,41.8800335],[-87.7910577,41.880033],[-87.7910568,41.8800324],[-87.791056,41.8800318],[-87.7910553,41.8800312],[-87.7910548,41.8800308],[-87.7910557,41.8801022],[-87.7910594,41.8802651]]]},"properties":{"ban_type":"lot","source_layer":9,"object_id":37,"parking_area_type":"ON-STREET","parking_area_name":"91","parking_enforcement":"Overnight Parking Ban","date_created":"2016-11-22","date_modified":null,"shape_length":236.2,"shape_area":1301.2}},{"type":"Feature","geometry":{"type":"Polygon","coordinates":[[[-87.7812459,41.8801549],[-87.7812509,41.8803441],[-87.7812576,41.8804784],[-87.781258,41.8804794],[-87.7812585,41.8804804],[-87.781259,41.8804814],[-87.7812596,41.8804824],[-87.7812603,41.8804833],[-87.7812611,41.8804843],[-87.7812619,41.8804852],[-87.7812628,41.8804862],[-87.7812638,41.8804871],[-87.7812648,41.8804879],[-87.781266,41.8804887],[-87.7812671,41.8804895],[-87.7812681,41.8804901],[-87.7812681,41.8804899],[-87.781268,41.8804888],[-87.7812679,41.8804877],[-87.781268,41.8804865],[-87.7812681,41.8804854],[-87.7812683,41.8804842],[-87.7812686,41.8804831],[-87.7812689,41.880482],[-87.7812694,41.8804809],[-87.7812699,41.8804798],[-87.7812706,41.8804787],[-87.7812713,41.8804777],[-87.781272,41.8804767],[-87.7812729,41.8804757],[-87.7812738,41.8804748],[-87.7812747,41.8804739],[-87.7812757,41.8804731],[-87.7812768,41.8804723],[-87.7812779,41.8804716],[-87.781279,41.8804709],[-87.7812801,41.8804703],[-87.7812813,41.8804698],[-87.7812825,41.8804693],[-87.7812837,41.8804688],[-87.7813163,41.8804525],[-87.7813151,41.8804342],[-87.7812712,41.8804339],[-87.7812703,41.8804335],[-87.7812694,41.8804331],[-87.7812686,41.8804326],[-87.7812678,41.8804321],[-87.781267,41.8804315],[-87.7812662,41.8804309],[-87.7812655,41.8804302],[-87.7812648,41.8804295],[-87.7812642,41.8804288],[-87.7812636,41.880428],[-87.7812631,41.8804272],[-87.7812627,41.8804263],[-87.7812623,41.8804254],[-87.781262,41.8804245],[-87.7812618,41.8804236],[-87.7812617,41.8804227],[-87.7812617,41.8804218],[-87.7812617,41.8804208],[-87.7812618,41.8804199],[-87.781262,41.880419],[-87.7812623,41.8804182],[-87.7812627,41.8804173],[-87.7812631,41.8804165],[-87.7812636,41.8804157],[-87.7812641,41.880415],[-87.7812647,41.8804143],[-87.7812653,41.8804136],[-87.7812659,41.880413],[-87.7812666,41.8804124],[-87.7812673,41.8804119],[-87.7813166,41.8803921],[-87.7813106,41.880267],[-87.7812649,41.880263],[-87.781264,41.8802628],[-87.781263,41.8802625],[-87.781262,41.8802622],[-87.7812611,41.8802618],[-87.7812602,41.8802613],[-87.7812594,41.8802607],[-87.7812586,41.8802601],[-87.7812579,41.8802594],[-87.7812573,41.8802587],[-87.7812569,41.880258],[-87.7812565,41.8802572],[-87.7812562,41.8802564],[-87.781256,41.8802556],[-87.7812559,41.8802549],[-87.7812559,41.8802541],[-87.781256,41.8802534],[-87.7812561,41.8802526],[-87.7812564,41.8802518],[-87.7812568,41.8802511],[-87.7812573,41.8802503],[-87.7812578,41.8802496],[-87.7812585,41.8802489],[-87.7812592,41.8802483],[-87.7812601,41.8802477],[-87.781261,41.8802472],[-87.7812619,41.8802468],[-87.7812629,41.8802464],[-87.7812639,41.8802462],[-87.7812649,41.8802459],[-87.7812658,41.8802458],[-87.7813131,41.8802257],[-87.781309,41.8801537],[-87.7812459,41.8801549]]]},"properties":{"ban_type":"lot","source_layer":9,"object_id":38,"parking_area_type":"ON-STREET","parking_area_name":"104","parking_enforcement":"Overnight Parking Ban","date_created":"2016-11-22","date_modified":null,"shape_length":311.8,"shape_area":1650.3}},{"type":"Feature","geometry":{"type":"Polygon","coordinates":[[[-87.7982918,41.8879594],[-87.7982837,41.8879782],[-87.7982846,41.888041],[-87.7982816,41.8880411],[-87.7982837,41.8881728],[-87.798289,41.8884582],[-87.7983541,41.8884589],[-87.7983547,41.8884596],[-87.7983553,41.8884603],[-87.7983559,41.888461],[-87.7983564,41.8884618],[-87.798357,41.8884625],[-87.7983575,41.8884632],[-87.798358,41.888464],[-87.7983585,41.8884648],[-87.798359,41.8884655],[-87.7983594,41.8884663],[-87.7983598,41.8884671],[-87.7983602,41.8884679],[-87.7983606,41.8884687],[-87.7983609,41.8884695],[-87.7983613,41.8884703],[-87.7983616,41.8884711],[-87.7983618,41.888472],[-87.7983621,41.8884728],[-87.7983623,41.8884736],[-87.7983625,41.8884745],[-87.7983627,41.8884753],[-87.7983629,41.8884761],[-87.798363,41.888477],[-87.7983631,41.8884778],[-87.7983632,41.8884786],[-87.7983633,41.8884795],[-87.7983633,41.8884803],[-87.7983634,41.8884812],[-87.7983633,41.888482],[-87.7983633,41.8884828],[-87.7983693,41.8885504],[-87.7983696,41.8885534],[-87.7983698,41.8885564],[-87.79837,41.8885594],[-87.79837,41.8885624],[-87.79837,41.8885654],[-87.7983699,41.8885684],[-87.7983698,41.8885715],[-87.7983696,41.8885745],[-87.7983693,41.8885775],[-87.7983689,41.8885805],[-87.7983684,41.8885835],[-87.7983679,41.8885866],[-87.7983673,41.8885896],[-87.7983666,41.8885926],[-87.7983658,41.8885956],[-87.798365,41.8885985],[-87.7983641,41.8886015],[-87.7983634,41.8886035],[-87.7983631,41.8886044],[-87.7983621,41.8886074],[-87.798361,41.8886103],[-87.7983598,41.8886132],[-87.7983585,41.8886161],[-87.7983572,41.8886189],[-87.7983558,41.8886218],[-87.7983543,41.8886246],[-87.798354,41.8886251],[-87.7984688,41.8886248],[-87.7984532,41.888603],[-87.7984503,41.888599],[-87.7984465,41.88857],[-87.7984466,41.888569],[-87.7984467,41.8885681],[-87.7984469,41.8885672],[-87.7984471,41.8885662],[-87.7984474,41.8885653],[-87.7984478,41.8885643],[-87.7984482,41.8885633],[-87.7984488,41.8885624],[-87.7984494,41.8885615],[-87.79845,41.8885606],[-87.7984508,41.8885597],[-87.7984516,41.8885588],[-87.7984525,41.888558],[-87.7984534,41.8885572],[-87.7984544,41.8885564],[-87.7984555,41.8885557],[-87.7984566,41.888555],[-87.7984577,41.8885544],[-87.7984589,41.8885538],[-87.7984601,41.8885533],[-87.7984614,41.8885528],[-87.7984626,41.8885524],[-87.7984639,41.888552],[-87.7984652,41.8885517],[-87.7984665,41.8885515],[-87.7984678,41.8885513],[-87.7984691,41.8885511],[-87.7984703,41.888551],[-87.7984716,41.888551],[-87.7984728,41.888551],[-87.7985194,41.8885498],[-87.7985182,41.8884837],[-87.798518,41.8884691],[-87.7985149,41.8882935],[-87.7985148,41.8882886],[-87.7985142,41.8882135],[-87.7985124,41.8880126],[-87.79851,41.8879579],[-87.7984612,41.8879564],[-87.7984608,41.8879562],[-87.7984604,41.887956],[-87.79846,41.8879557],[-87.7984597,41.8879555],[-87.7984593,41.8879552],[-87.7984589,41.8879548],[-87.7984586,41.8879545],[-87.7984583,41.8879542],[-87.798458,41.8879538],[-87.7984577,41.8879534],[-87.7984575,41.887953],[-87.7984573,41.8879526],[-87.7984572,41.8879521],[-87.798457,41.8879517],[-87.7984569,41.8879513],[-87.7984569,41.8879508],[-87.7984568,41.8879504],[-87.7984568,41.8879499],[-87.7984569,41.8879495],[-87.798457,41.8879491],[-87.7984571,41.8879486],[-87.7984572,41.8879482],[-87.7984574,41.8879478],[-87.7984576,41.8879474],[-87.7984578,41.887947],[-87.798458,41.8879467],[-87.7984583,41.8879463],[-87.7984586,41.887946],[-87.7984589,41.8879457],[-87.7984592,41.8879454],[-87.7984985,41.8879058],[-87.798488,41.8876305],[-87.7984834,41.8873715],[-87.7984893,41.887356],[-87.7985244,41.8873022],[-87.7985258,41.8873],[-87.7985318,41.887286],[-87.7985465,41.887252],[-87.798474,41.8872529],[-87.7984903,41.887284],[-87.7984904,41.887285],[-87.7984904,41.8872861],[-87.7984904,41.8872865],[-87.7984904,41.8872871],[-87.7984904,41.8872881],[-87.7984904,41.8872892],[-87.7984903,41.8872902],[-87.7984902,41.8872913],[-87.7984901,41.8872923],[-87.79849,41.8872933],[-87.7984898,41.8872944],[-87.7984896,41.8872954],[-87.7984894,41.8872965],[-87.7984892,41.8872975],[-87.7984889,41.8872985],[-87.7984886,41.8872995],[-87.7984883,41.8873006],[-87.798488,41.8873016],[-87.7984876,41.8873026],[-87.7984872,41.8873036],[-87.7984868,41.8873046],[-87.7984863,41.8873056],[-87.7984859,41.8873066],[-87.7984854,41.8873075],[-87.7984849,41.8873085],[-87.7984844,41.8873095],[-87.7984838,41.8873104],[-87.7984832,41.8873113],[-87.7984826,41.8873123],[-87.798482,41.8873132],[-87.7984814,41.8873141],[-87.7984287,41.8873636],[-87.798428,41.8873638],[-87.7984272,41.8873639],[-87.7984265,41.887364],[-87.7984257,41.8873641],[-87.7984248,41.8873641],[-87.798424,41.887364],[-87.7984232,41.8873639],[-87.7984224,41.8873637],[-87.7984216,41.8873635],[-87.7984209,41.8873632],[-87.7984202,41.8873629],[-87.7984195,41.8873625],[-87.7984189,41.8873621],[-87.7984184,41.8873617],[-87.7984179,41.8873612],[-87.7984175,41.8873608],[-87.7984171,41.8873603],[-87.7984167,41.8873597],[-87.7984165,41.8873591],[-87.7984163,41.8873585],[-87.7984161,41.8873579],[-87.7984161,41.8873573],[-87.7984161,41.8873567],[-87.7984161,41.887356],[-87.7984163,41.8873554],[-87.7984165,41.8873548],[-87.7984168,41.8873543],[-87.7984172,41.8873537],[-87.7984176,41.8873532],[-87.798418,41.8873528],[-87.7984188,41.8873032],[-87.7984191,41.8872873],[-87.7984191,41.887285],[-87.7984287,41.8872535],[-87.7983553,41.8872546],[-87.79837,41.8872866],[-87.7983701,41.8872879],[-87.7983711,41.8873037],[-87.798375,41.8873645],[-87.7983749,41.8873649],[-87.7983748,41.8873654],[-87.7983747,41.8873658],[-87.7983745,41.8873662],[-87.7983743,41.8873666],[-87.798374,41.887367],[-87.7983737,41.8873674],[-87.7983734,41.8873678],[-87.798373,41.8873682],[-87.7983726,41.8873685],[-87.7983722,41.8873688],[-87.7983717,41.8873691],[-87.7983712,41.8873693],[-87.7983707,41.8873695],[-87.7983702,41.8873697],[-87.7983697,41.8873699],[-87.7983692,41.88737],[-87.7983686,41.8873701],[-87.798368,41.8873702],[-87.7983674,41.8873703],[-87.7983668,41.8873703],[-87.7983662,41.8873703],[-87.7983656,41.8873702],[-87.798365,41.8873702],[-87.7983644,41.88737],[-87.7983639,41.8873699],[-87.7983633,41.8873697],[-87.7983628,41.8873695],[-87.7983623,41.8873693],[-87.7983619,41.8873691],[-87.7983107,41.8873584],[-87.7983136,41.8876944],[-87.7983175,41.8879129],[-87.7983589,41.8879463],[-87.7983594,41.8879467],[-87.7983599,41.8879471],[-87.7983604,41.8879476],[-87.7983609,41.8879481],[-87.7983612,41.8879486],[-87.7983615,41.8879492],[-87.7983618,41.8879498],[-87.798362,41.8879504],[-87.7983621,41.887951],[-87.7983621,41.8879517],[-87.798362,41.8879523],[-87.7983619,41.8879529],[-87.7983617,41.8879534],[-87.7983615,41.887954],[-87.7983612,41.8879545],[-87.7983608,41.887955],[-87.7983604,41.8879555],[-87.7983599,41.887956],[-87.7983594,41.8879564],[-87.7983588,41.8879568],[-87.7983581,41.8879572],[-87.7983574,41.8879575],[-87.7983567,41.8879578],[-87.7983559,41.8879581],[-87.7983551,41.8879582],[-87.7983543,41.8879584],[-87.7983535,41.8879584],[-87.7983527,41.8879585],[-87.7983519,41.8879584],[-87.7983512,41.8879584],[-87.7982918,41.8879594]]]},"properties":{"ban_type":"lot","source_layer":9,"object_id":39,"parking_area_type":"PARKINGLOT","parking_area_name":"16","parking_enforcement":"Overnight Parking Ban","date_created":"2016-11-22","date_modified":null,"shape_length":1262.6,"shape_area":24646.5}},{"type":"Feature","geometry":{"type":"Polygon","coordinates":[[[-87.8044159,41.8947524],[-87.8044178,41.89479],[-87.8044241,41.8947893],[-87.8044928,41.8947821],[-87.8045006,41.8947816],[-87.80456,41.8947778],[-87.8045666,41.8947699],[-87.8046258,41.8947615],[-87.8046087,41.8943572],[-87.8045654,41.8943602],[-87.8045645,41.8943603],[-87.8045636,41.8943603],[-87.8045627,41.8943603],[-87.8045618,41.8943602],[-87.8045609,41.8943601],[-87.8045599,41.89436],[-87.804559,41.8943599],[-87.8045581,41.8943597],[-87.8045571,41.8943595],[-87.8045562,41.8943593],[-87.8045553,41.894359],[-87.8045544,41.8943587],[-87.8045535,41.8943584],[-87.8045526,41.8943581],[-87.8045518,41.8943577],[-87.804551,41.8943573],[-87.8045502,41.8943569],[-87.8045494,41.8943564],[-87.8045486,41.894356],[-87.8045479,41.8943555],[-87.8045472,41.8943549],[-87.8045466,41.8943544],[-87.804546,41.8943539],[-87.8045454,41.8943533],[-87.8045448,41.8943527],[-87.8045443,41.8943521],[-87.8045439,41.8943515],[-87.8045434,41.8943509],[-87.804543,41.8943503],[-87.8045427,41.8943497],[-87.8045425,41.8943479],[-87.8045423,41.8943462],[-87.8045422,41.8943444],[-87.8045421,41.8943426],[-87.804542,41.8943408],[-87.804542,41.8943395],[-87.804542,41.8943391],[-87.804542,41.8943373],[-87.8045421,41.8943355],[-87.8045422,41.8943337],[-87.8045423,41.8943319],[-87.8045424,41.8943301],[-87.8045426,41.8943284],[-87.8045429,41.8943266],[-87.8045431,41.8943248],[-87.8045434,41.894323],[-87.8045438,41.8943213],[-87.8045441,41.8943195],[-87.8045446,41.8943177],[-87.804545,41.894316],[-87.8045455,41.8943142],[-87.804546,41.8943125],[-87.8045465,41.8943108],[-87.8045471,41.894309],[-87.8045477,41.8943073],[-87.8045484,41.8943056],[-87.804549,41.8943039],[-87.8045491,41.8943038],[-87.8044425,41.8943052],[-87.8044439,41.8943064],[-87.8044455,41.8943077],[-87.804447,41.8943091],[-87.8044484,41.8943105],[-87.8044499,41.894312],[-87.8044512,41.8943135],[-87.8044525,41.894315],[-87.8044537,41.8943165],[-87.8044549,41.8943181],[-87.804456,41.8943197],[-87.8044571,41.8943214],[-87.804458,41.894323],[-87.8044589,41.8943247],[-87.8044598,41.8943264],[-87.8044605,41.8943281],[-87.8044612,41.8943298],[-87.8044618,41.8943316],[-87.8044624,41.8943333],[-87.8044629,41.8943351],[-87.8044633,41.8943368],[-87.8044636,41.8943386],[-87.8044639,41.8943403],[-87.8044639,41.8943411],[-87.804464,41.8943421],[-87.8044642,41.8943438],[-87.8044642,41.8943455],[-87.8044644,41.8943462],[-87.8044645,41.8943468],[-87.8044646,41.8943475],[-87.8044646,41.8943482],[-87.8044646,41.894349],[-87.8044645,41.8943497],[-87.8044643,41.8943504],[-87.8044641,41.8943512],[-87.8044639,41.8943519],[-87.8044635,41.8943527],[-87.8044631,41.8943534],[-87.8044627,41.8943541],[-87.8044622,41.8943548],[-87.8044616,41.8943555],[-87.8044609,41.8943561],[-87.8044603,41.8943567],[-87.8044595,41.8943573],[-87.8044587,41.8943578],[-87.8044579,41.8943583],[-87.8044571,41.8943588],[-87.8044562,41.8943592],[-87.8044553,41.8943596],[-87.8044544,41.8943599],[-87.8044535,41.8943602],[-87.8044525,41.8943604],[-87.8044516,41.8943606],[-87.8044507,41.8943608],[-87.8044498,41.8943609],[-87.8044489,41.894361],[-87.804448,41.894361],[-87.8044052,41.8943617],[-87.8044115,41.8944869],[-87.8044197,41.8947497],[-87.8044196,41.89475],[-87.8044194,41.8947503],[-87.8044192,41.8947506],[-87.8044189,41.8947509],[-87.8044186,41.8947511],[-87.8044183,41.8947514],[-87.804418,41.8947516],[-87.8044176,41.8947518],[-87.8044172,41.894752],[-87.8044168,41.8947522],[-87.8044164,41.8947523],[-87.8044163,41.8947523],[-87.8044159,41.8947524]]]},"properties":{"ban_type":"lot","source_layer":9,"object_id":40,"parking_area_type":"PARKINGLOT","parking_area_name":"7","parking_enforcement":"Overnight Parking Ban","date_created":"2016-11-22","date_modified":null,"shape_length":464.5,"shape_area":8940.7}},{"type":"Feature","geometry":{"type":"Polygon","coordinates":[[[-87.7816281,41.8794981],[-87.7816244,41.8794982],[-87.7816249,41.8794985],[-87.7816257,41.8794992],[-87.7816265,41.8794999],[-87.7816272,41.8795006],[-87.7816279,41.8795013],[-87.7816286,41.879502],[-87.7816293,41.8795028],[-87.7816299,41.8795035],[-87.7816305,41.8795043],[-87.781631,41.8795051],[-87.7816315,41.8795059],[-87.781632,41.8795068],[-87.7816324,41.8795076],[-87.7816327,41.8795084],[-87.7816331,41.8795093],[-87.7816334,41.8795101],[-87.7816336,41.879511],[-87.7816339,41.8795118],[-87.781634,41.8795127],[-87.7816342,41.8795135],[-87.7816343,41.8795144],[-87.7816343,41.8795152],[-87.7816437,41.8797995],[-87.781731,41.8797987],[-87.7817463,41.8797986],[-87.7818362,41.8797978],[-87.7818237,41.8795098],[-87.7818236,41.8795091],[-87.7818236,41.8795083],[-87.7818235,41.8795075],[-87.7818236,41.8795067],[-87.7818237,41.8795059],[-87.7818238,41.8795052],[-87.781824,41.8795043],[-87.7818242,41.8795035],[-87.7818245,41.8795028],[-87.7818249,41.879502],[-87.7818252,41.8795012],[-87.7818257,41.8795004],[-87.7818262,41.8794996],[-87.7818267,41.8794989],[-87.7818273,41.8794982],[-87.7818279,41.8794975],[-87.7818286,41.8794968],[-87.7818293,41.8794961],[-87.78183,41.8794955],[-87.7818308,41.8794949],[-87.7818316,41.8794944],[-87.7818319,41.8794942],[-87.7816281,41.8794981]]]},"properties":{"ban_type":"lot","source_layer":9,"object_id":41,"parking_area_type":"PARKINGLOT","parking_area_name":"58","parking_enforcement":"Overnight Parking Ban","date_created":"2016-11-22","date_modified":null,"shape_length":330.9,"shape_area":5742.1}},{"type":"Feature","geometry":{"type":"Polygon","coordinates":[[[-87.7851936,41.8870816],[-87.7852753,41.8870804],[-87.7860194,41.8870697],[-87.7860492,41.8870686],[-87.7860239,41.8870458],[-87.7860229,41.8870449],[-87.7860219,41.887044],[-87.786021,41.8870431],[-87.7860202,41.8870421],[-87.7860194,41.8870411],[-87.7860186,41.88704],[-87.7860179,41.8870389],[-87.7860173,41.8870378],[-87.7860168,41.8870366],[-87.7860163,41.8870354],[-87.7860159,41.8870342],[-87.7860155,41.887033],[-87.7860153,41.8870317],[-87.7860151,41.8870305],[-87.786015,41.8870292],[-87.7860149,41.8870279],[-87.786015,41.8870267],[-87.7860152,41.8870254],[-87.7860154,41.8870242],[-87.7860157,41.8870229],[-87.786016,41.8870217],[-87.7860165,41.8870205],[-87.786017,41.8870194],[-87.7860176,41.8870182],[-87.7860182,41.8870171],[-87.7860189,41.8870161],[-87.7860197,41.887015],[-87.7860205,41.8870141],[-87.7860214,41.8870131],[-87.7860223,41.8870122],[-87.7860417,41.8869991],[-87.7860522,41.8869921],[-87.78608,41.8869824],[-87.7859784,41.8869778],[-87.7859787,41.8869781],[-87.7859792,41.8869788],[-87.7859796,41.8869796],[-87.78598,41.8869803],[-87.7859804,41.8869811],[-87.7859808,41.8869818],[-87.7859811,41.8869826],[-87.7859814,41.8869834],[-87.7859816,41.8869841],[-87.7859818,41.8869849],[-87.785982,41.8869857],[-87.7859821,41.8869861],[-87.7859821,41.8869865],[-87.7859821,41.8869869],[-87.785982,41.8869873],[-87.7859819,41.8869877],[-87.7859818,41.8869882],[-87.7859816,41.8869886],[-87.7859814,41.8869891],[-87.7859811,41.8869895],[-87.7859808,41.8869899],[-87.7859804,41.8869904],[-87.78598,41.8869908],[-87.7859796,41.8869911],[-87.7859791,41.8869915],[-87.7859786,41.8869918],[-87.785978,41.8869921],[-87.7859774,41.8869924],[-87.7859768,41.8869926],[-87.7859762,41.8869928],[-87.7859756,41.886993],[-87.7859749,41.8869931],[-87.7859743,41.8869932],[-87.7859737,41.8869932],[-87.785973,41.8869933],[-87.7859724,41.8869932],[-87.7859718,41.8869932],[-87.7859713,41.8869931],[-87.7859707,41.886993],[-87.7859702,41.8869929],[-87.7859697,41.8869928],[-87.7855747,41.8869981],[-87.7851605,41.8870031],[-87.7849486,41.8870057],[-87.7849477,41.8870054],[-87.7849469,41.8870049],[-87.7849461,41.8870045],[-87.7849453,41.8870039],[-87.7849446,41.8870034],[-87.784944,41.8870028],[-87.7849433,41.8870021],[-87.7849428,41.8870014],[-87.7849423,41.8870007],[-87.7849419,41.887],[-87.7849416,41.8869992],[-87.7849414,41.8869985],[-87.7849412,41.8869977],[-87.7849411,41.886997],[-87.7849411,41.8869963],[-87.7849411,41.8869955],[-87.7849412,41.8869948],[-87.7849413,41.8869943],[-87.7848469,41.8870154],[-87.784848,41.8870155],[-87.78485,41.8870158],[-87.7848519,41.8870161],[-87.7848539,41.8870165],[-87.7848558,41.8870169],[-87.7848577,41.8870174],[-87.7848596,41.887018],[-87.7848615,41.8870185],[-87.7848633,41.8870191],[-87.7848651,41.8870198],[-87.7848669,41.8870205],[-87.7848686,41.8870212],[-87.7848703,41.887022],[-87.7848719,41.8870228],[-87.7848735,41.8870237],[-87.7848751,41.8870245],[-87.7848766,41.8870254],[-87.7848781,41.8870264],[-87.7848795,41.8870273],[-87.7848808,41.8870283],[-87.7849038,41.8870432],[-87.7851421,41.8870406],[-87.7851936,41.8870816]]]},"properties":{"ban_type":"lot","source_layer":9,"object_id":42,"parking_area_type":"ON-STREET","parking_area_name":"SB3","parking_enforcement":"Overnight Parking Ban","date_created":"2016-11-22","date_modified":null,"shape_length":726.3,"shape_area":7882.1}},{"type":"Feature","geometry":{"type":"Polygon","coordinates":[[[-87.7924217,41.8718133],[-87.792423,41.8718139],[-87.7924243,41.8718145],[-87.7924255,41.8718151],[-87.7924268,41.8718158],[-87.792428,41.8718166],[-87.7924291,41.8718175],[-87.7924302,41.8718184],[-87.7924313,41.8718193],[-87.7924323,41.8718203],[-87.7924332,41.8718214],[-87.792434,41.8718225],[-87.7924348,41.8718237],[-87.7924354,41.8718248],[-87.792436,41.8718261],[-87.7924365,41.8718273],[-87.7924368,41.8718286],[-87.7924371,41.8718298],[-87.7924373,41.8718311],[-87.7924373,41.8718323],[-87.7924373,41.8718336],[-87.7924372,41.8718348],[-87.792437,41.871836],[-87.7924367,41.8718372],[-87.7924363,41.8718384],[-87.7924358,41.8718395],[-87.7924353,41.8718406],[-87.7924347,41.8718416],[-87.792434,41.8718426],[-87.7924333,41.8718435],[-87.7924323,41.8718446],[-87.7924182,41.8718591],[-87.7924234,41.8718595],[-87.7925275,41.8718688],[-87.7925273,41.8718684],[-87.7925234,41.8718608],[-87.7925207,41.8718513],[-87.7925206,41.8718509],[-87.7925202,41.8718496],[-87.7925198,41.8718483],[-87.7925195,41.8718469],[-87.7925194,41.8718454],[-87.7925193,41.871844],[-87.7925194,41.8718425],[-87.7925195,41.871841],[-87.7925198,41.8718395],[-87.7925202,41.8718379],[-87.7925207,41.8718364],[-87.7925214,41.8718349],[-87.7925222,41.8718334],[-87.7925231,41.871832],[-87.7925241,41.8718306],[-87.7925252,41.8718292],[-87.7925265,41.8718279],[-87.7925278,41.8718266],[-87.7925292,41.8718254],[-87.7925308,41.8718243],[-87.7925324,41.8718233],[-87.792534,41.8718223],[-87.7925357,41.8718214],[-87.7925375,41.8718206],[-87.7925393,41.8718199],[-87.7925411,41.8718193],[-87.7925429,41.8718188],[-87.7925447,41.8718183],[-87.7925465,41.871818],[-87.7925484,41.8718177],[-87.7925501,41.8718174],[-87.7925841,41.8718164],[-87.7925711,41.8715196],[-87.7925278,41.8715194],[-87.7925213,41.8715181],[-87.7925151,41.8715155],[-87.7925113,41.8715123],[-87.7925074,41.8715061],[-87.7924253,41.8714992],[-87.7924231,41.8715042],[-87.7924209,41.8715057],[-87.7924142,41.8715088],[-87.7923624,41.871509],[-87.7923631,41.8715634],[-87.7923716,41.8718127],[-87.7924204,41.8718128],[-87.7924217,41.8718133]]]},"properties":{"ban_type":"lot","source_layer":9,"object_id":43,"parking_area_type":"PARKINGLOT","parking_area_name":"29","parking_enforcement":"Overnight Parking Ban","date_created":"2016-11-22","date_modified":null,"shape_length":376.1,"shape_area":6857.6}},{"type":"Feature","geometry":{"type":"MultiPolygon","coordinates":[[[[-87.7892834,41.8814976],[-87.7893346,41.8814613],[-87.7893349,41.881461],[-87.7893353,41.8814608],[-87.7893357,41.8814606],[-87.7893362,41.8814604],[-87.7893366,41.8814602],[-87.7893371,41.8814601],[-87.7893376,41.8814599],[-87.7893381,41.8814599],[-87.7893386,41.8814598],[-87.7893391,41.8814598],[-87.7893396,41.8814597],[-87.7893401,41.8814598],[-87.7893406,41.8814598],[-87.7893411,41.8814599],[-87.7893416,41.88146],[-87.7893421,41.8814601],[-87.7893425,41.8814603],[-87.7893429,41.8814604],[-87.7893434,41.8814606],[-87.7893438,41.8814608],[-87.7893442,41.8814611],[-87.7893446,41.8814614],[-87.7893449,41.8814617],[-87.7893452,41.881462],[-87.7893455,41.8814623],[-87.7893457,41.8814626],[-87.789346,41.881463],[-87.7893461,41.8814633],[-87.7893463,41.8814637],[-87.7893464,41.881464],[-87.7893432,41.8813141],[-87.789338,41.8811506],[-87.789275,41.8811964],[-87.7892834,41.8814976]]],[[[-87.7892753,41.8811517],[-87.7893185,41.8811191],[-87.7893189,41.8811188],[-87.7893194,41.8811185],[-87.7893199,41.8811182],[-87.7893204,41.8811179],[-87.789321,41.8811176],[-87.7893216,41.8811173],[-87.7893222,41.8811171],[-87.7893228,41.8811169],[-87.7893235,41.8811167],[-87.7893242,41.8811165],[-87.7893249,41.8811164],[-87.7893256,41.8811163],[-87.7893263,41.8811162],[-87.789327,41.8811162],[-87.7893278,41.8811162],[-87.7893285,41.8811162],[-87.7893292,41.8811162],[-87.78933,41.8811163],[-87.7893307,41.8811164],[-87.7893314,41.8811165],[-87.789332,41.8811167],[-87.7893327,41.8811169],[-87.7893333,41.8811171],[-87.7893339,41.8811174],[-87.7893345,41.8811176],[-87.7893351,41.8811179],[-87.7893356,41.8811182],[-87.7893361,41.8811185],[-87.7893366,41.8811188],[-87.789337,41.8811191],[-87.7893342,41.8810394],[-87.7893341,41.8810364],[-87.7892727,41.8810822],[-87.7892753,41.8811517]]]]},"properties":{"ban_type":"lot","source_layer":9,"object_id":44,"parking_area_type":"ON-STREET","parking_area_name":"70","parking_enforcement":"Overnight Parking Ban","date_created":"2016-11-22","date_modified":null,"shape_length":372.9,"shape_area":2380.2}},{"type":"Feature","geometry":{"type":"Polygon","coordinates":[[[-87.7916857,41.8727827],[-87.7916865,41.8727828],[-87.7916873,41.872783],[-87.791688,41.8727832],[-87.7916888,41.8727834],[-87.7916896,41.8727836],[-87.7916903,41.8727839],[-87.7916911,41.8727842],[-87.7916918,41.8727845],[-87.7916926,41.8727848],[-87.7916933,41.8727852],[-87.791694,41.8727856],[-87.7916946,41.872786],[-87.7916953,41.8727864],[-87.7916959,41.8727868],[-87.7916965,41.8727873],[-87.7916971,41.8727878],[-87.7916976,41.8727883],[-87.7916981,41.8727888],[-87.7916986,41.8727893],[-87.7916991,41.8727899],[-87.7916995,41.8727904],[-87.7916999,41.872791],[-87.7917002,41.8727915],[-87.7917006,41.8727921],[-87.7917008,41.8727927],[-87.7917011,41.8727933],[-87.7917013,41.8727938],[-87.7917015,41.8727944],[-87.7917017,41.872795],[-87.7917038,41.8728358],[-87.7919251,41.8728312],[-87.7921188,41.8728265],[-87.7921175,41.8728025],[-87.7921177,41.8728009],[-87.792118,41.8727994],[-87.7921184,41.8727978],[-87.7921189,41.8727962],[-87.7921195,41.8727946],[-87.7921202,41.872793],[-87.7921209,41.8727915],[-87.7921218,41.8727899],[-87.7921228,41.8727884],[-87.7921239,41.8727868],[-87.7921251,41.8727854],[-87.7921263,41.8727839],[-87.7921277,41.8727825],[-87.7921291,41.8727811],[-87.7921307,41.8727798],[-87.7921323,41.8727785],[-87.7921339,41.8727773],[-87.7921357,41.8727762],[-87.7921375,41.8727751],[-87.7921394,41.8727741],[-87.7921413,41.8727732],[-87.7921433,41.8727723],[-87.7921453,41.8727715],[-87.7921473,41.8727707],[-87.7921493,41.8727701],[-87.7921514,41.8727695],[-87.7921535,41.872769],[-87.7921555,41.8727685],[-87.7921576,41.8727682],[-87.7921597,41.8727679],[-87.7922332,41.872768],[-87.7922333,41.8727819],[-87.7923024,41.8727802],[-87.7922971,41.8726774],[-87.7922963,41.8726774],[-87.792237,41.8726791],[-87.7922362,41.8726793],[-87.7922354,41.8726794],[-87.7922345,41.8726795],[-87.7922336,41.8726795],[-87.7922328,41.8726796],[-87.7922318,41.8726795],[-87.7922309,41.8726795],[-87.79223,41.8726793],[-87.792229,41.8726792],[-87.7922281,41.872679],[-87.7922272,41.8726787],[-87.7922262,41.8726784],[-87.7922254,41.872678],[-87.7922245,41.8726776],[-87.7922237,41.8726771],[-87.7922229,41.8726766],[-87.7922222,41.8726761],[-87.7922215,41.8726755],[-87.7922209,41.8726749],[-87.7922204,41.8726743],[-87.7922199,41.8726737],[-87.7922195,41.872673],[-87.7922192,41.8726724],[-87.7922189,41.8726717],[-87.7922187,41.872671],[-87.7922185,41.8726704],[-87.7922184,41.87267],[-87.7922184,41.8726697],[-87.7922184,41.8726691],[-87.7922184,41.8726685],[-87.7922184,41.8726679],[-87.7922178,41.8726563],[-87.7921198,41.8726484],[-87.7921099,41.8726476],[-87.7921107,41.8726479],[-87.7921115,41.8726483],[-87.7921123,41.8726486],[-87.7921131,41.8726491],[-87.7921139,41.8726495],[-87.7921147,41.8726499],[-87.7921154,41.8726504],[-87.7921162,41.8726509],[-87.7921169,41.8726514],[-87.7921176,41.872652],[-87.7921182,41.8726525],[-87.7921189,41.8726531],[-87.7921195,41.8726537],[-87.7921201,41.8726543],[-87.7921207,41.8726549],[-87.7921212,41.8726556],[-87.7921217,41.8726562],[-87.7921222,41.8726569],[-87.7921226,41.8726576],[-87.792123,41.8726582],[-87.7921234,41.8726589],[-87.7921237,41.8726596],[-87.792124,41.8726603],[-87.7921243,41.872661],[-87.7921245,41.8726618],[-87.7921248,41.8726625],[-87.7921248,41.8726626],[-87.7921249,41.8726632],[-87.7921251,41.8726639],[-87.7921252,41.8726646],[-87.7921253,41.8726653],[-87.7921262,41.8726851],[-87.7921259,41.8726855],[-87.7921257,41.8726858],[-87.7921254,41.8726861],[-87.7921251,41.8726865],[-87.7921247,41.8726868],[-87.7921243,41.872687],[-87.7921239,41.8726873],[-87.7921234,41.8726875],[-87.7921229,41.8726877],[-87.7921224,41.8726879],[-87.7921219,41.872688],[-87.7921214,41.8726881],[-87.7921209,41.8726882],[-87.7921203,41.8726882],[-87.7921198,41.8726883],[-87.7921193,41.8726882],[-87.7921188,41.8726882],[-87.7921183,41.8726881],[-87.7921178,41.872688],[-87.7921172,41.8726879],[-87.7921167,41.8726877],[-87.7921163,41.8726875],[-87.7921158,41.8726873],[-87.7921154,41.872687],[-87.792115,41.8726867],[-87.7921146,41.8726864],[-87.7921143,41.8726861],[-87.792114,41.8726858],[-87.7921137,41.8726855],[-87.7921135,41.8726851],[-87.7921123,41.8726648],[-87.7919882,41.8726669],[-87.7916972,41.8726737],[-87.7916979,41.8727171],[-87.7916979,41.8727176],[-87.7916978,41.8727182],[-87.7916977,41.8727188],[-87.7916976,41.8727193],[-87.7916974,41.8727199],[-87.7916971,41.8727205],[-87.7916969,41.8727211],[-87.7916965,41.8727216],[-87.7916961,41.8727222],[-87.7916957,41.8727228],[-87.7916952,41.8727233],[-87.7916947,41.8727238],[-87.7916941,41.8727243],[-87.7916935,41.8727248],[-87.7916928,41.8727252],[-87.7916922,41.8727256],[-87.7916914,41.872726],[-87.7916907,41.8727264],[-87.7916899,41.8727267],[-87.7916891,41.8727269],[-87.7916884,41.8727272],[-87.7916875,41.8727274],[-87.7916867,41.8727275],[-87.7916859,41.8727277],[-87.7916851,41.8727278],[-87.7916843,41.8727278],[-87.7916835,41.8727278],[-87.7916828,41.8727278],[-87.791682,41.8727278],[-87.7916813,41.8727277],[-87.7916757,41.8727275],[-87.7916556,41.8727268],[-87.791638,41.8727262],[-87.791637,41.8727258],[-87.7916359,41.8727255],[-87.7916349,41.8727251],[-87.7916338,41.8727247],[-87.7916328,41.8727243],[-87.7916318,41.8727239],[-87.7916308,41.8727234],[-87.7916298,41.8727229],[-87.7916289,41.8727224],[-87.7916279,41.8727219],[-87.791627,41.8727214],[-87.7916261,41.8727208],[-87.7916252,41.8727203],[-87.7916243,41.8727197],[-87.7916235,41.8727191],[-87.7916226,41.8727184],[-87.7916218,41.8727178],[-87.7916211,41.8727171],[-87.7916203,41.8727165],[-87.7916196,41.8727158],[-87.7916189,41.8727151],[-87.7916182,41.8727144],[-87.7916175,41.8727136],[-87.7916169,41.8727129],[-87.7916163,41.8727122],[-87.7916158,41.8727114],[-87.7916152,41.8727106],[-87.7916147,41.8727099],[-87.7916143,41.8727091],[-87.7916138,41.8727083],[-87.7916178,41.8727992],[-87.7916183,41.8727983],[-87.7916189,41.8727974],[-87.7916195,41.8727965],[-87.7916201,41.8727956],[-87.7916208,41.8727947],[-87.7916216,41.8727938],[-87.7916224,41.872793],[-87.7916233,41.8727921],[-87.7916243,41.8727913],[-87.7916253,41.8727905],[-87.7916263,41.8727898],[-87.7916274,41.8727891],[-87.7916285,41.8727884],[-87.7916297,41.8727877],[-87.7916309,41.8727871],[-87.7916321,41.8727866],[-87.7916334,41.872786],[-87.7916347,41.8727855],[-87.791636,41.8727851],[-87.7916374,41.8727847],[-87.7916387,41.8727843],[-87.7916401,41.872784],[-87.7916415,41.8727838],[-87.7916428,41.8727836],[-87.7916442,41.8727834],[-87.7916456,41.8727833],[-87.791647,41.8727832],[-87.7916483,41.8727831],[-87.7916497,41.8727831],[-87.791651,41.8727832],[-87.7916577,41.8727831],[-87.7916772,41.8727827],[-87.7916849,41.8727826],[-87.7916857,41.8727827]]]},"properties":{"ban_type":"lot","source_layer":9,"object_id":45,"parking_area_type":"PARKINGLOT","parking_area_name":"11","parking_enforcement":"Overnight Parking Ban","date_created":"2016-11-22","date_modified":null,"shape_length":539.1,"shape_area":9213.5}},{"type":"Feature","geometry":{"type":"Polygon","coordinates":[[[-87.7760238,41.8723659],[-87.7761354,41.8723628],[-87.7761399,41.8723627],[-87.7761398,41.8723567],[-87.7761453,41.8723572],[-87.7761454,41.8723498],[-87.7761622,41.8723498],[-87.7761619,41.8723591],[-87.7762,41.8723579],[-87.7761999,41.8723455],[-87.7761992,41.8723276],[-87.7761998,41.8723276],[-87.7761998,41.8723165],[-87.7761848,41.8723168],[-87.7761829,41.8722745],[-87.7761825,41.8722592],[-87.7761824,41.8722593],[-87.7761817,41.8722597],[-87.776181,41.87226],[-87.7761802,41.8722603],[-87.7761795,41.8722606],[-87.7761786,41.8722608],[-87.7761778,41.872261],[-87.776177,41.8722611],[-87.7761761,41.8722612],[-87.7761752,41.8722613],[-87.7761744,41.8722612],[-87.7761736,41.8722612],[-87.7761728,41.8722611],[-87.776172,41.872261],[-87.7761712,41.8722608],[-87.7761705,41.8722606],[-87.7761698,41.8722604],[-87.7761691,41.8722601],[-87.7761685,41.8722598],[-87.7761679,41.8722595],[-87.7761674,41.8722592],[-87.7761598,41.8720339],[-87.775761,41.8720411],[-87.7757624,41.8720843],[-87.7757619,41.8720853],[-87.7757613,41.8720863],[-87.7757606,41.8720873],[-87.77576,41.8720882],[-87.7757592,41.8720892],[-87.7757584,41.8720902],[-87.7757576,41.8720911],[-87.7757567,41.872092],[-87.7757558,41.872093],[-87.7757548,41.8720938],[-87.7757537,41.8720947],[-87.7757527,41.8720955],[-87.7757516,41.8720963],[-87.7757504,41.8720971],[-87.7757492,41.8720979],[-87.775748,41.8720986],[-87.7757468,41.8720993],[-87.7757455,41.8720999],[-87.7757442,41.8721005],[-87.7757428,41.8721011],[-87.7757415,41.8721016],[-87.7757401,41.8721021],[-87.7757387,41.8721026],[-87.7757373,41.872103],[-87.7757359,41.8721034],[-87.7757345,41.8721038],[-87.775733,41.8721041],[-87.7757316,41.8721043],[-87.7757302,41.8721046],[-87.7757287,41.8721048],[-87.7757191,41.872107],[-87.7756981,41.8721118],[-87.77569,41.8721137],[-87.7756884,41.8721135],[-87.7756869,41.8721133],[-87.7756854,41.8721131],[-87.7756839,41.8721128],[-87.7756823,41.8721125],[-87.7756808,41.8721121],[-87.7756793,41.8721116],[-87.7756778,41.8721112],[-87.7756763,41.8721106],[-87.7756749,41.8721101],[-87.7756734,41.8721094],[-87.775672,41.8721088],[-87.7756707,41.8721081],[-87.7756693,41.8721073],[-87.7756681,41.8721065],[-87.7756668,41.8721057],[-87.7756656,41.8721048],[-87.7756645,41.8721039],[-87.7756634,41.872103],[-87.7756624,41.872102],[-87.7756614,41.872101],[-87.7756605,41.8721],[-87.7756596,41.8720989],[-87.7756588,41.8720979],[-87.7756581,41.8720968],[-87.7756574,41.8720957],[-87.7756568,41.8720946],[-87.7756563,41.8720935],[-87.7756558,41.8720924],[-87.7756554,41.8720913],[-87.7756531,41.8720915],[-87.7756564,41.8721884],[-87.7756621,41.8721843],[-87.7756999,41.8721694],[-87.7757208,41.8721611],[-87.7757387,41.872154],[-87.7757397,41.8721537],[-87.7757408,41.8721535],[-87.7757419,41.8721533],[-87.775743,41.8721532],[-87.7757441,41.8721532],[-87.7757452,41.8721532],[-87.7757463,41.8721532],[-87.7757475,41.8721534],[-87.7757486,41.8721535],[-87.7757496,41.8721538],[-87.7757507,41.8721541],[-87.7757517,41.8721544],[-87.7757527,41.8721548],[-87.7757536,41.8721553],[-87.7757544,41.8721558],[-87.7757552,41.8721563],[-87.775756,41.8721569],[-87.7757567,41.8721575],[-87.7757574,41.8721581],[-87.775758,41.8721588],[-87.7757585,41.8721596],[-87.775759,41.8721603],[-87.7757594,41.8721611],[-87.7757597,41.8721619],[-87.77576,41.8721628],[-87.7757601,41.8721636],[-87.7757602,41.8721644],[-87.7757602,41.8721653],[-87.7757602,41.8721661],[-87.77576,41.8721669],[-87.7757638,41.8722649],[-87.7757639,41.8722655],[-87.775764,41.8722662],[-87.775764,41.8722669],[-87.775764,41.8722676],[-87.7757639,41.8722683],[-87.7757638,41.872269],[-87.7757636,41.8722697],[-87.7757634,41.8722704],[-87.7757632,41.8722711],[-87.7757628,41.8722718],[-87.7757625,41.8722725],[-87.7757621,41.8722731],[-87.7757616,41.8722738],[-87.7757611,41.8722744],[-87.7757605,41.8722751],[-87.7757599,41.8722757],[-87.7757593,41.8722762],[-87.7757586,41.8722768],[-87.7757579,41.8722773],[-87.7757571,41.8722778],[-87.7757563,41.8722783],[-87.7757555,41.8722787],[-87.7757547,41.8722791],[-87.7757539,41.8722794],[-87.775753,41.8722797],[-87.7757522,41.87228],[-87.7757513,41.8722802],[-87.7757505,41.8722804],[-87.7757496,41.8722806],[-87.7757487,41.8722808],[-87.7757248,41.8722815],[-87.7757033,41.8722822],[-87.7756884,41.8722827],[-87.7756869,41.8722825],[-87.7756854,41.8722823],[-87.775684,41.872282],[-87.7756825,41.8722817],[-87.775681,41.8722813],[-87.7756795,41.8722809],[-87.7756781,41.8722805],[-87.7756766,41.87228],[-87.7756752,41.8722794],[-87.7756738,41.8722788],[-87.7756725,41.8722781],[-87.7756711,41.8722774],[-87.7756698,41.8722767],[-87.7756686,41.8722759],[-87.7756674,41.872275],[-87.7756662,41.8722742],[-87.7756651,41.8722733],[-87.7756641,41.8722723],[-87.7756631,41.8722713],[-87.7756621,41.8722703],[-87.7756613,41.8722693],[-87.7756605,41.8722683],[-87.7756597,41.8722672],[-87.775659,41.8722661],[-87.7756618,41.872348],[-87.7756624,41.8723478],[-87.7756711,41.8723274],[-87.7756718,41.8723269],[-87.7756726,41.8723265],[-87.7756733,41.872326],[-87.7756741,41.8723256],[-87.7756749,41.8723251],[-87.7756756,41.8723247],[-87.7756764,41.8723243],[-87.7756773,41.8723239],[-87.7756781,41.8723236],[-87.7756789,41.8723232],[-87.7756798,41.8723228],[-87.7756807,41.8723225],[-87.7756815,41.8723222],[-87.7756824,41.8723219],[-87.7756833,41.8723216],[-87.7756842,41.8723213],[-87.7756851,41.872321],[-87.7756861,41.8723208],[-87.775687,41.8723206],[-87.7756879,41.8723204],[-87.7756889,41.8723202],[-87.7756898,41.87232],[-87.7756908,41.8723198],[-87.7756917,41.8723197],[-87.7756927,41.8723195],[-87.7756936,41.8723194],[-87.7756946,41.8723193],[-87.7756955,41.8723192],[-87.7756965,41.8723192],[-87.7756974,41.8723191],[-87.7757046,41.8723192],[-87.7757266,41.8723193],[-87.7757407,41.8723195],[-87.7757407,41.8723239],[-87.7759968,41.8723205],[-87.775998,41.8723322],[-87.7760087,41.8723325],[-87.7760091,41.872345],[-87.7760227,41.8723455],[-87.7760238,41.8723659]]]},"properties":{"ban_type":"lot","source_layer":9,"object_id":46,"parking_area_type":"PARKINGLOT","parking_area_name":"33","parking_enforcement":"Overnight Parking Ban","date_created":"2016-11-22","date_modified":null,"shape_length":637.4,"shape_area":13306.7}},{"type":"Feature","geometry":{"type":"MultiPolygon","coordinates":[[[[-87.782074,41.8812158],[-87.7820801,41.8812153],[-87.7827402,41.8812037],[-87.7827392,41.8812031],[-87.7827383,41.8812025],[-87.7827373,41.8812019],[-87.7827364,41.8812012],[-87.7827356,41.8812005],[-87.7827347,41.8811998],[-87.782734,41.881199],[-87.7827332,41.8811982],[-87.7827326,41.8811974],[-87.7827319,41.8811965],[-87.7827314,41.8811956],[-87.7827308,41.8811947],[-87.7827304,41.8811938],[-87.78273,41.8811929],[-87.7827297,41.881192],[-87.7827294,41.8811911],[-87.7827292,41.8811902],[-87.782729,41.8811892],[-87.7827289,41.8811883],[-87.7827288,41.8811874],[-87.7827288,41.8811865],[-87.7827289,41.8811856],[-87.782729,41.8811847],[-87.7827291,41.8811839],[-87.782729,41.8811522],[-87.7821163,41.8811582],[-87.7820917,41.8805261],[-87.7820398,41.8805585],[-87.782074,41.8812158]]],[[[-87.7821063,41.8805232],[-87.7821357,41.880582],[-87.7827885,41.880571],[-87.7827561,41.8805226],[-87.7827562,41.8805222],[-87.7827562,41.8805217],[-87.7827563,41.8805212],[-87.7827565,41.8805207],[-87.7827566,41.8805203],[-87.7827568,41.8805198],[-87.7827569,41.8805193],[-87.7827571,41.8805188],[-87.7827573,41.8805184],[-87.7827576,41.8805179],[-87.7827578,41.8805175],[-87.7827581,41.880517],[-87.7827584,41.8805166],[-87.7827587,41.8805161],[-87.7827591,41.8805157],[-87.7827594,41.8805153],[-87.7827598,41.8805148],[-87.7827602,41.8805144],[-87.7827606,41.880514],[-87.782761,41.8805136],[-87.7827615,41.8805133],[-87.7827619,41.8805129],[-87.7827624,41.8805126],[-87.7827629,41.8805122],[-87.7827634,41.8805119],[-87.7827639,41.8805116],[-87.7827644,41.8805113],[-87.7827649,41.880511],[-87.7827654,41.8805107],[-87.782766,41.8805105],[-87.7827659,41.8805099],[-87.7821063,41.8805232]]],[[[-87.7829237,41.8816284],[-87.7829236,41.8816311],[-87.7829266,41.8816272],[-87.7829269,41.8816266],[-87.7829272,41.881626],[-87.7829275,41.8816254],[-87.7829279,41.8816248],[-87.7829283,41.8816243],[-87.7829288,41.8816237],[-87.7829292,41.8816231],[-87.7829297,41.8816226],[-87.7829303,41.881622],[-87.7829308,41.8816215],[-87.7829314,41.881621],[-87.782932,41.8816205],[-87.7829326,41.88162],[-87.7829333,41.8816195],[-87.782934,41.8816191],[-87.7829346,41.8816186],[-87.7829354,41.8816182],[-87.7829361,41.8816178],[-87.7829368,41.8816175],[-87.7829376,41.8816171],[-87.7829384,41.8816168],[-87.7829392,41.8816165],[-87.78294,41.8816162],[-87.7829408,41.8816159],[-87.7829416,41.8816157],[-87.7829424,41.8816155],[-87.7829433,41.8816153],[-87.7829441,41.8816151],[-87.7829449,41.8816149],[-87.7829457,41.8816148],[-87.7829916,41.8816138],[-87.7829912,41.8816053],[-87.7829848,41.881477],[-87.7829424,41.8814771],[-87.7829408,41.8814767],[-87.7829391,41.8814761],[-87.7829375,41.8814754],[-87.782936,41.8814746],[-87.7829345,41.8814738],[-87.7829331,41.8814728],[-87.7829318,41.8814718],[-87.7829306,41.8814706],[-87.7829295,41.8814695],[-87.7829286,41.8814682],[-87.7829278,41.881467],[-87.7829271,41.8814656],[-87.7829266,41.8814643],[-87.7829262,41.881463],[-87.782926,41.8814617],[-87.7829259,41.8814603],[-87.7829259,41.881459],[-87.7829261,41.8814576],[-87.7829264,41.8814562],[-87.7829268,41.8814549],[-87.7829274,41.8814535],[-87.7829281,41.8814522],[-87.782929,41.8814509],[-87.78293,41.8814497],[-87.7829311,41.8814485],[-87.7829324,41.8814475],[-87.7829337,41.8814465],[-87.7829351,41.8814456],[-87.7829365,41.8814447],[-87.7829381,41.881444],[-87.7829855,41.881443],[-87.7829825,41.8812447],[-87.7829822,41.8812258],[-87.7829213,41.881226],[-87.7830022,41.8811559],[-87.7829915,41.8811457],[-87.7828481,41.8811477],[-87.7828473,41.8811475],[-87.7828466,41.8811473],[-87.7828458,41.8811472],[-87.782845,41.8811471],[-87.7828442,41.881147],[-87.7828434,41.8811469],[-87.7828425,41.8811469],[-87.7828417,41.8811469],[-87.7828408,41.881147],[-87.7828399,41.881147],[-87.7828391,41.8811472],[-87.7828382,41.8811473],[-87.7828373,41.8811475],[-87.7828365,41.8811477],[-87.7828357,41.881148],[-87.7828348,41.8811483],[-87.7828341,41.8811486],[-87.7828333,41.8811489],[-87.7828326,41.8811493],[-87.7828319,41.8811497],[-87.7828312,41.8811502],[-87.7828306,41.8811506],[-87.78283,41.8811511],[-87.7828295,41.8811516],[-87.782829,41.8811521],[-87.7828285,41.8811526],[-87.7828281,41.8811531],[-87.7828278,41.8811537],[-87.7828274,41.8811542],[-87.7828272,41.8811547],[-87.7828277,41.8812007],[-87.7828286,41.8812007],[-87.7828311,41.8812007],[-87.7828335,41.8812008],[-87.7828359,41.8812009],[-87.7828384,41.881201],[-87.7828408,41.8812012],[-87.7828432,41.8812014],[-87.7828456,41.8812017],[-87.782848,41.881202],[-87.7828504,41.8812024],[-87.7828528,41.8812028],[-87.7828551,41.8812032],[-87.7828575,41.8812037],[-87.7828598,41.8812042],[-87.7828621,41.8812048],[-87.7828643,41.8812054],[-87.7828666,41.881206],[-87.7828688,41.8812067],[-87.782871,41.8812074],[-87.7828731,41.8812082],[-87.7828753,41.881209],[-87.7828774,41.8812098],[-87.7828786,41.8812105],[-87.7828798,41.8812113],[-87.7828811,41.881212],[-87.7828824,41.8812127],[-87.7828836,41.8812134],[-87.7828849,41.8812141],[-87.7828862,41.8812148],[-87.7828875,41.8812155],[-87.7828888,41.8812162],[-87.7828901,41.8812168],[-87.7828914,41.8812175],[-87.7828928,41.8812181],[-87.7828941,41.8812188],[-87.7828954,41.8812194],[-87.7828968,41.88122],[-87.7828982,41.8812207],[-87.7828995,41.8812213],[-87.7829009,41.8812219],[-87.7829023,41.8812225],[-87.7829037,41.881223],[-87.782905,41.8812236],[-87.7829064,41.8812242],[-87.7829078,41.8812247],[-87.7829093,41.8812253],[-87.7829107,41.8812258],[-87.7829121,41.8812263],[-87.7829135,41.8812268],[-87.7829149,41.8812274],[-87.7829164,41.8812279],[-87.7829178,41.8812283],[-87.7829237,41.8816284]]],[[[-87.7827845,41.8805095],[-87.7827846,41.8805112],[-87.7827863,41.8805117],[-87.782788,41.8805123],[-87.7827897,41.8805129],[-87.7827914,41.8805135],[-87.7827931,41.8805142],[-87.7827948,41.8805149],[-87.7827964,41.8805156],[-87.782798,41.8805164],[-87.7827996,41.8805173],[-87.7828011,41.8805182],[-87.7828026,41.8805191],[-87.782804,41.8805201],[-87.7828055,41.8805211],[-87.7828068,41.8805221],[-87.7828082,41.8805232],[-87.7828095,41.8805243],[-87.7828107,41.8805255],[-87.7828119,41.8805266],[-87.782813,41.8805278],[-87.782814,41.880529],[-87.7828151,41.8805303],[-87.782816,41.8805315],[-87.7828169,41.8805328],[-87.7828177,41.8805341],[-87.7828185,41.8805354],[-87.7828192,41.8805367],[-87.7828198,41.8805381],[-87.7828204,41.8805394],[-87.782821,41.8805407],[-87.7828214,41.8805421],[-87.7828271,41.880569],[-87.7829443,41.8805676],[-87.782911,41.8805212],[-87.7829112,41.8805207],[-87.7829115,41.8805202],[-87.7829118,41.8805197],[-87.7829121,41.8805192],[-87.7829124,41.8805187],[-87.7829127,41.8805182],[-87.7829131,41.8805178],[-87.7829134,41.8805173],[-87.7829138,41.8805168],[-87.7829142,41.8805163],[-87.7829146,41.8805159],[-87.782915,41.8805154],[-87.7829154,41.8805149],[-87.7829158,41.8805145],[-87.7829162,41.880514],[-87.7829167,41.8805136],[-87.7829171,41.8805132],[-87.7829176,41.8805128],[-87.7829181,41.8805123],[-87.7829186,41.8805119],[-87.782919,41.8805115],[-87.7829196,41.8805111],[-87.7829201,41.8805107],[-87.7828577,41.880508],[-87.7827845,41.8805095]]]]},"properties":{"ban_type":"lot","source_layer":9,"object_id":47,"parking_area_type":"PARKINGLOT","parking_area_name":"46","parking_enforcement":"Overnight Parking Ban","date_created":"2016-11-22","date_modified":null,"shape_length":1862.8,"shape_area":14370.6}},{"type":"Feature","geometry":{"type":"Polygon","coordinates":[[[-87.7769766,41.8721887],[-87.7769774,41.8721887],[-87.7769783,41.8721888],[-87.7769792,41.8721889],[-87.7769801,41.8721891],[-87.776981,41.8721893],[-87.7769819,41.8721896],[-87.7769828,41.8721898],[-87.7769836,41.8721902],[-87.7769844,41.8721905],[-87.7769852,41.872191],[-87.776986,41.8721914],[-87.7769867,41.8721919],[-87.7769874,41.8721924],[-87.776988,41.8721929],[-87.7769886,41.8721935],[-87.7769891,41.872194],[-87.7769896,41.8721946],[-87.77699,41.8721952],[-87.7769904,41.8721958],[-87.7769907,41.8721965],[-87.7769909,41.8721971],[-87.7769911,41.8721977],[-87.7769913,41.8721983],[-87.7769914,41.8721989],[-87.7769915,41.8721995],[-87.7769943,41.8722512],[-87.776994,41.8722518],[-87.7769937,41.8722524],[-87.7769934,41.872253],[-87.776993,41.8722536],[-87.7769927,41.8722542],[-87.7769923,41.8722548],[-87.7769919,41.8722553],[-87.7769915,41.8722559],[-87.7769911,41.8722565],[-87.7769906,41.872257],[-87.7769901,41.8722576],[-87.7769897,41.8722581],[-87.7769892,41.8722587],[-87.7769887,41.8722592],[-87.7769881,41.8722597],[-87.7769876,41.8722602],[-87.776987,41.8722607],[-87.7769864,41.8722612],[-87.7769859,41.8722617],[-87.7769853,41.8722622],[-87.7769846,41.8722627],[-87.7769843,41.8722629],[-87.7774155,41.8722548],[-87.7774123,41.8721327],[-87.7773992,41.872133],[-87.7769905,41.8721399],[-87.7769899,41.8721513],[-87.7769893,41.8721519],[-87.7769887,41.8721526],[-87.7769881,41.8721533],[-87.7769874,41.8721539],[-87.7769866,41.8721545],[-87.7769859,41.8721551],[-87.7769851,41.8721557],[-87.7769842,41.8721563],[-87.7769834,41.8721569],[-87.7769825,41.8721574],[-87.7769815,41.8721579],[-87.7769806,41.8721584],[-87.7769796,41.8721588],[-87.7769786,41.8721592],[-87.7769775,41.8721596],[-87.7769765,41.87216],[-87.7769754,41.8721603],[-87.7769743,41.8721606],[-87.7769732,41.8721609],[-87.7769721,41.8721611],[-87.776971,41.8721613],[-87.7769699,41.8721614],[-87.7769687,41.8721616],[-87.7769676,41.8721616],[-87.7769665,41.8721617],[-87.7769654,41.8721617],[-87.7769643,41.8721617],[-87.7769632,41.8721617],[-87.7769621,41.8721616],[-87.7769611,41.8721615],[-87.7769492,41.872161],[-87.776929,41.8721602],[-87.7769287,41.8721602],[-87.7768787,41.8721484],[-87.7768802,41.8721955],[-87.7769297,41.8721909],[-87.77693,41.8721909],[-87.7769502,41.87219],[-87.7769724,41.872189],[-87.7769732,41.8721888],[-87.776974,41.8721888],[-87.7769748,41.8721887],[-87.7769757,41.8721887],[-87.7769766,41.8721887]]]},"properties":{"ban_type":"lot","source_layer":9,"object_id":48,"parking_area_type":"PARKINGLOT","parking_area_name":"103","parking_enforcement":"Overnight Parking Ban","date_created":"2016-11-22","date_modified":null,"shape_length":387.0,"shape_area":5509.7}},{"type":"Feature","geometry":{"type":"Polygon","coordinates":[[[-87.796073,41.8885733],[-87.7960719,41.8885751],[-87.7960708,41.8885769],[-87.7960697,41.8885786],[-87.7960685,41.8885804],[-87.7960674,41.8885822],[-87.7960662,41.8885839],[-87.796065,41.8885857],[-87.7960638,41.8885874],[-87.7960636,41.8885878],[-87.7960626,41.8885891],[-87.7960614,41.8885909],[-87.7960602,41.8885926],[-87.7960589,41.8885943],[-87.7960576,41.8885961],[-87.7960564,41.8885978],[-87.7960551,41.8885995],[-87.7960538,41.8886012],[-87.7960525,41.8886029],[-87.7960511,41.8886046],[-87.7960498,41.8886063],[-87.7960485,41.8886079],[-87.7960471,41.8886096],[-87.7960457,41.8886113],[-87.7960443,41.8886129],[-87.7960429,41.8886146],[-87.7960417,41.888616],[-87.7961557,41.8886194],[-87.7961405,41.8885909],[-87.7961364,41.8885833],[-87.7961354,41.8885815],[-87.7961345,41.8885797],[-87.7961336,41.8885779],[-87.7961329,41.8885759],[-87.7961323,41.888574],[-87.7961318,41.8885719],[-87.7961315,41.8885699],[-87.7961313,41.8885677],[-87.7961312,41.8885656],[-87.7961313,41.8885635],[-87.7961316,41.8885613],[-87.796132,41.8885591],[-87.7961326,41.888557],[-87.7961334,41.8885549],[-87.7961343,41.8885528],[-87.7961354,41.8885507],[-87.7961366,41.8885487],[-87.7961379,41.8885468],[-87.7961394,41.8885449],[-87.7961411,41.8885431],[-87.7961428,41.8885414],[-87.7961446,41.8885397],[-87.7961466,41.8885382],[-87.7961486,41.8885368],[-87.7961507,41.8885354],[-87.7961528,41.8885342],[-87.796155,41.888533],[-87.7961573,41.888532],[-87.7961595,41.888531],[-87.7961618,41.8885302],[-87.7961724,41.8885273],[-87.7961981,41.8885282],[-87.7961952,41.8883319],[-87.7961813,41.8883315],[-87.7961806,41.8883311],[-87.7961799,41.8883307],[-87.7961792,41.8883303],[-87.7961785,41.8883298],[-87.7961778,41.8883293],[-87.7961772,41.8883288],[-87.7961766,41.8883282],[-87.796176,41.8883276],[-87.7961755,41.888327],[-87.796175,41.8883263],[-87.7961746,41.8883256],[-87.7961742,41.8883249],[-87.7961739,41.8883241],[-87.7961737,41.8883233],[-87.7961735,41.8883226],[-87.7961734,41.8883218],[-87.7961734,41.888321],[-87.7961734,41.8883202],[-87.7961735,41.8883194],[-87.7961737,41.8883187],[-87.7961739,41.8883179],[-87.7961742,41.8883172],[-87.7961745,41.8883165],[-87.7961749,41.8883158],[-87.7961753,41.8883152],[-87.7961757,41.8883145],[-87.7961762,41.888314],[-87.7961768,41.8883134],[-87.7961773,41.8883129],[-87.7961779,41.8883124],[-87.7961936,41.8882845],[-87.7961891,41.8879581],[-87.7958963,41.8879616],[-87.7958456,41.8879622],[-87.795847,41.8880058],[-87.7958467,41.8880064],[-87.7958463,41.8880069],[-87.7958459,41.8880074],[-87.7958454,41.8880079],[-87.7958449,41.8880083],[-87.7958443,41.8880087],[-87.7958436,41.8880091],[-87.795843,41.8880095],[-87.7958423,41.8880098],[-87.7958415,41.8880101],[-87.7958408,41.8880103],[-87.79584,41.8880105],[-87.7958392,41.8880106],[-87.7958385,41.8880107],[-87.7958377,41.8880107],[-87.7958369,41.8880107],[-87.7958362,41.8880107],[-87.7958354,41.8880106],[-87.7958346,41.8880104],[-87.7958338,41.8880103],[-87.7958331,41.88801],[-87.7958323,41.8880097],[-87.7958316,41.8880094],[-87.795831,41.8880091],[-87.7958304,41.8880087],[-87.7958298,41.8880082],[-87.7958293,41.8880078],[-87.7958288,41.8880073],[-87.7958284,41.8880068],[-87.795828,41.8880063],[-87.7958273,41.8879776],[-87.7958276,41.8879763],[-87.7958279,41.8879751],[-87.7958283,41.8879738],[-87.7958288,41.8879725],[-87.7958293,41.8879712],[-87.7958298,41.8879699],[-87.7958304,41.8879687],[-87.7958311,41.8879674],[-87.7958318,41.8879662],[-87.7958326,41.887965],[-87.7958334,41.8879638],[-87.7958343,41.8879626],[-87.7958352,41.8879614],[-87.7958362,41.8879602],[-87.7958372,41.8879591],[-87.7958383,41.887958],[-87.7958394,41.8879569],[-87.7958406,41.8879559],[-87.7958418,41.8879549],[-87.795843,41.8879539],[-87.7958443,41.8879529],[-87.7958456,41.887952],[-87.795847,41.8879511],[-87.7958484,41.8879502],[-87.7958498,41.8879494],[-87.7958512,41.8879486],[-87.7958527,41.8879479],[-87.7958542,41.8879472],[-87.7958557,41.8879465],[-87.7958572,41.8879459],[-87.795868,41.8879414],[-87.7956648,41.887942],[-87.7956719,41.8884786],[-87.795673,41.8884808],[-87.7956741,41.888483],[-87.7956752,41.8884853],[-87.7956764,41.8884875],[-87.7956777,41.8884897],[-87.795679,41.8884918],[-87.7956804,41.888494],[-87.7956818,41.8884962],[-87.7956833,41.8884983],[-87.7956848,41.8885004],[-87.7956864,41.8885025],[-87.795688,41.8885046],[-87.7956897,41.8885066],[-87.7956907,41.8885078],[-87.7956914,41.8885087],[-87.7956932,41.8885107],[-87.795695,41.8885127],[-87.7956969,41.8885146],[-87.7956988,41.8885166],[-87.7957007,41.8885185],[-87.7957027,41.8885204],[-87.7957048,41.8885222],[-87.7957068,41.888524],[-87.7957089,41.8885258],[-87.7957111,41.8885276],[-87.7957133,41.8885293],[-87.7957155,41.888531],[-87.7957177,41.8885326],[-87.79572,41.8885343],[-87.7957223,41.8885358],[-87.7957247,41.8885374],[-87.7957259,41.8885385],[-87.795727,41.8885397],[-87.7957281,41.8885408],[-87.7957292,41.8885421],[-87.7957302,41.8885433],[-87.7957311,41.8885446],[-87.795732,41.888546],[-87.7957328,41.8885474],[-87.7957336,41.8885487],[-87.7957343,41.8885502],[-87.795735,41.8885516],[-87.7957355,41.8885531],[-87.795736,41.8885546],[-87.7957365,41.8885561],[-87.7957368,41.8885576],[-87.7957371,41.8885591],[-87.7957373,41.8885606],[-87.7957375,41.8885621],[-87.7957375,41.8885637],[-87.7957375,41.8885652],[-87.7957374,41.8885667],[-87.7957373,41.8885682],[-87.7957371,41.8885697],[-87.7957368,41.8885712],[-87.7957364,41.8885727],[-87.795736,41.8885741],[-87.7957355,41.8885755],[-87.7957352,41.8885763],[-87.795735,41.8885769],[-87.7957343,41.8885783],[-87.7957337,41.8885797],[-87.7957326,41.8885811],[-87.7957315,41.8885825],[-87.7957304,41.8885838],[-87.7957293,41.8885852],[-87.7957281,41.8885866],[-87.7957269,41.8885879],[-87.7957256,41.8885893],[-87.7957243,41.8885906],[-87.795723,41.8885919],[-87.7957217,41.8885932],[-87.7957203,41.8885945],[-87.7957189,41.8885957],[-87.7957175,41.888597],[-87.7957161,41.8885982],[-87.7957146,41.8885994],[-87.7957131,41.8886006],[-87.7957116,41.8886018],[-87.7957102,41.8886028],[-87.7957114,41.8886029],[-87.7957249,41.8886033],[-87.7957383,41.8886038],[-87.7957518,41.8886043],[-87.7957652,41.8886048],[-87.7957786,41.8886053],[-87.7957921,41.8886059],[-87.7958055,41.8886065],[-87.7958189,41.888607],[-87.7958324,41.8886076],[-87.7958458,41.8886082],[-87.7958592,41.8886089],[-87.7958659,41.8886092],[-87.7958516,41.8885801],[-87.7958493,41.8885753],[-87.7958489,41.8885737],[-87.7958486,41.888572],[-87.7958484,41.8885703],[-87.7958482,41.8885686],[-87.7958482,41.8885669],[-87.7958483,41.8885651],[-87.7958485,41.8885633],[-87.7958488,41.8885616],[-87.7958492,41.8885598],[-87.7958497,41.888558],[-87.7958503,41.8885563],[-87.795851,41.8885545],[-87.7958519,41.8885528],[-87.7958528,41.8885511],[-87.7958538,41.8885494],[-87.795855,41.8885478],[-87.7958562,41.8885462],[-87.7958575,41.8885447],[-87.7958589,41.8885432],[-87.7958604,41.8885417],[-87.795862,41.8885404],[-87.7958637,41.888539],[-87.7958654,41.8885378],[-87.7958671,41.8885366],[-87.795869,41.8885355],[-87.7958708,41.8885344],[-87.7958727,41.8885335],[-87.7958746,41.8885326],[-87.7958766,41.8885317],[-87.7958786,41.888531],[-87.7958805,41.8885304],[-87.7958825,41.8885298],[-87.7958844,41.8885291],[-87.7958864,41.8885285],[-87.7958883,41.8885278],[-87.7958902,41.8885271],[-87.7958921,41.8885264],[-87.795894,41.8885257],[-87.7958959,41.888525],[-87.7958978,41.8885242],[-87.7958996,41.8885234],[-87.7959015,41.8885226],[-87.7959033,41.8885218],[-87.7959051,41.8885209],[-87.7959069,41.8885201],[-87.7959087,41.8885192],[-87.7959104,41.8885183],[-87.7959122,41.8885174],[-87.7959139,41.8885165],[-87.7959156,41.8885155],[-87.7959173,41.8885145],[-87.795919,41.8885136],[-87.7959207,41.8885126],[-87.7959223,41.8885116],[-87.7959239,41.8885105],[-87.7959255,41.8885095],[-87.7959271,41.8885084],[-87.7959287,41.8885074],[-87.7959302,41.8885063],[-87.7959317,41.8885052],[-87.7959324,41.8885046],[-87.7959326,41.8885044],[-87.7959335,41.8885036],[-87.7959343,41.8885028],[-87.7959351,41.888502],[-87.7959359,41.8885012],[-87.7959367,41.8885003],[-87.7959374,41.8884994],[-87.7959381,41.8884986],[-87.7959388,41.8884977],[-87.7959394,41.8884967],[-87.7959401,41.8884958],[-87.7959407,41.8884949],[-87.7959412,41.8884939],[-87.7959418,41.888493],[-87.7959421,41.8884923],[-87.7959372,41.8884914],[-87.7959529,41.8884463],[-87.7958674,41.8884297],[-87.7958583,41.888456],[-87.7957321,41.8884315],[-87.7957564,41.8883613],[-87.7958797,41.8883852],[-87.7958889,41.8883589],[-87.7959759,41.8883757],[-87.7960003,41.8883055],[-87.7960093,41.8883072],[-87.7960095,41.8883066],[-87.7960097,41.8883056],[-87.79601,41.8883047],[-87.7960102,41.8883038],[-87.7960103,41.8883028],[-87.7960105,41.8883019],[-87.7960106,41.8883009],[-87.7960107,41.8882999],[-87.7960107,41.888299],[-87.7960108,41.888298],[-87.7960108,41.8882971],[-87.7960107,41.8882961],[-87.7960107,41.8882951],[-87.7960106,41.8882942],[-87.7960105,41.8882932],[-87.7960103,41.8882923],[-87.7960101,41.8882913],[-87.7960099,41.8882904],[-87.7960097,41.8882895],[-87.7960094,41.8882885],[-87.7960091,41.8882876],[-87.7960088,41.8882867],[-87.7960084,41.8882858],[-87.796008,41.8882849],[-87.7960076,41.888284],[-87.7960038,41.8882669],[-87.7960036,41.888266],[-87.7960034,41.8882652],[-87.7960033,41.8882643],[-87.7960033,41.8882633],[-87.7960033,41.8882624],[-87.7960034,41.8882614],[-87.7960036,41.8882604],[-87.7960039,41.8882594],[-87.7960043,41.8882584],[-87.7960048,41.8882574],[-87.7960054,41.8882565],[-87.7960061,41.8882555],[-87.7960069,41.8882546],[-87.7960078,41.8882538],[-87.7960088,41.8882529],[-87.7960098,41.8882522],[-87.7960109,41.8882514],[-87.7960121,41.8882508],[-87.7960133,41.8882502],[-87.7960145,41.8882497],[-87.7960158,41.8882493],[-87.7960171,41.8882489],[-87.7960184,41.8882486],[-87.7960197,41.8882484],[-87.796021,41.8882482],[-87.7960223,41.8882481],[-87.7960235,41.8882481],[-87.7960248,41.8882481],[-87.7960259,41.8882482],[-87.7960271,41.8882483],[-87.7961197,41.8882465],[-87.7961214,41.8882468],[-87.7961231,41.8882472],[-87.7961248,41.8882477],[-87.7961264,41.8882483],[-87.7961281,41.888249],[-87.7961297,41.8882497],[-87.7961313,41.8882505],[-87.7961329,41.8882514],[-87.7961344,41.8882524],[-87.7961358,41.8882534],[-87.7961372,41.8882545],[-87.7961385,41.8882557],[-87.7961397,41.888257],[-87.7961408,41.8882583],[-87.7961418,41.8882596],[-87.7961427,41.888261],[-87.7961435,41.8882624],[-87.7961441,41.8882639],[-87.7961447,41.8882654],[-87.7961451,41.8882669],[-87.7961454,41.8882683],[-87.7961455,41.8882698],[-87.7961456,41.8882713],[-87.7961456,41.8882727],[-87.7961454,41.8882742],[-87.7961451,41.8882756],[-87.7961448,41.8882769],[-87.7961443,41.8882782],[-87.7961438,41.8882795],[-87.7961432,41.8882807],[-87.7960881,41.88838],[-87.7960875,41.8883809],[-87.7960869,41.8883817],[-87.7960862,41.8883825],[-87.7960854,41.8883833],[-87.7960846,41.8883841],[-87.7960838,41.8883848],[-87.7960829,41.8883856],[-87.796082,41.8883863],[-87.796081,41.888387],[-87.79608,41.8883877],[-87.7960789,41.8883883],[-87.7960778,41.8883889],[-87.7960767,41.8883895],[-87.7960755,41.8883901],[-87.7960743,41.8883906],[-87.7960731,41.888391],[-87.7960718,41.8883915],[-87.7960706,41.8883919],[-87.7960693,41.8883922],[-87.796068,41.8883925],[-87.7960667,41.8883928],[-87.7960653,41.888393],[-87.796064,41.8883932],[-87.7960627,41.8883934],[-87.7960614,41.8883935],[-87.7960601,41.8883936],[-87.7960588,41.8883936],[-87.7960575,41.8883936],[-87.7960562,41.8883936],[-87.7960549,41.8883935],[-87.7960519,41.8884288],[-87.7960335,41.8884349],[-87.7960163,41.8884842],[-87.7960461,41.8884729],[-87.7960478,41.888473],[-87.7960496,41.8884731],[-87.7960514,41.8884733],[-87.7960532,41.8884735],[-87.796055,41.8884738],[-87.7960568,41.8884741],[-87.7960586,41.8884746],[-87.7960604,41.8884751],[-87.7960622,41.8884757],[-87.7960639,41.8884763],[-87.7960656,41.888477],[-87.7960673,41.8884778],[-87.7960689,41.8884786],[-87.7960705,41.8884795],[-87.796072,41.8884804],[-87.7960735,41.8884815],[-87.7960748,41.8884825],[-87.7960761,41.8884836],[-87.7960774,41.8884848],[-87.7960785,41.8884859],[-87.7960796,41.8884872],[-87.7960805,41.8884884],[-87.7960814,41.8884897],[-87.7960822,41.888491],[-87.7960829,41.8884922],[-87.7960835,41.8884936],[-87.7960841,41.8884949],[-87.7960845,41.8884962],[-87.7960849,41.8884975],[-87.7960851,41.8884988],[-87.796073,41.8885733]],[[-87.7958082,41.8882956],[-87.7958054,41.8882954],[-87.7958025,41.8882949],[-87.7957997,41.8882942],[-87.7957969,41.8882933],[-87.7957943,41.8882922],[-87.7957918,41.8882908],[-87.7957894,41.8882892],[-87.7957874,41.8882875],[-87.7957855,41.8882856],[-87.795784,41.8882837],[-87.7957828,41.8882816],[-87.7957819,41.8882796],[-87.7957812,41.8882775],[-87.7957809,41.8882755],[-87.7957808,41.8882734],[-87.7957809,41.8882713],[-87.7957814,41.8882692],[-87.7957821,41.888267],[-87.7957832,41.8882649],[-87.7957846,41.8882628],[-87.7957862,41.8882609],[-87.7957881,41.888259],[-87.7957903,41.8882574],[-87.7957927,41.8882559],[-87.7957952,41.8882547],[-87.7957979,41.8882536],[-87.7958006,41.8882528],[-87.7958033,41.8882522],[-87.795806,41.8882518],[-87.7958868,41.8882502],[-87.7958945,41.8882504],[-87.7958952,41.8882505],[-87.7958958,41.8882506],[-87.7958965,41.8882508],[-87.7958972,41.8882509],[-87.7958979,41.8882511],[-87.7958985,41.8882514],[-87.7958992,41.8882517],[-87.7958999,41.888252],[-87.7959005,41.8882524],[-87.7959011,41.8882528],[-87.7959017,41.8882532],[-87.7959022,41.8882537],[-87.7959027,41.8882542],[-87.7959031,41.8882547],[-87.7959035,41.8882553],[-87.7959039,41.8882558],[-87.7959042,41.8882564],[-87.7959044,41.888257],[-87.7959046,41.8882576],[-87.7959047,41.8882582],[-87.7959048,41.8882588],[-87.7959048,41.8882594],[-87.7959047,41.88826],[-87.7959047,41.8882606],[-87.7959045,41.8882611],[-87.7959043,41.8882617],[-87.7959041,41.8882622],[-87.7959039,41.8882627],[-87.7959036,41.8882631],[-87.7959033,41.8882636],[-87.7958768,41.8882799],[-87.795875,41.8882809],[-87.7958731,41.8882819],[-87.7958711,41.8882829],[-87.7958691,41.8882838],[-87.7958671,41.8882847],[-87.7958651,41.8882856],[-87.795863,41.8882864],[-87.7958609,41.8882872],[-87.7958588,41.888288],[-87.7958567,41.8882887],[-87.7958545,41.8882894],[-87.7958523,41.8882901],[-87.7958501,41.8882907],[-87.7958479,41.8882913],[-87.7958456,41.8882918],[-87.7958434,41.8882924],[-87.7958411,41.8882928],[-87.7958388,41.8882933],[-87.7958365,41.8882937],[-87.7958342,41.8882941],[-87.7958319,41.8882944],[-87.7958295,41.8882947],[-87.7958272,41.888295],[-87.7958249,41.8882952],[-87.7958226,41.8882954],[-87.7958202,41.8882955],[-87.7958179,41.8882956],[-87.7958156,41.8882957],[-87.7958133,41.8882957],[-87.7958109,41.8882957],[-87.7958082,41.8882956]]]},"properties":{"ban_type":"lot","source_layer":9,"object_id":49,"parking_area_type":"PARKINGLOT","parking_area_name":"13","parking_enforcement":"Overnight Parking Ban","date_created":"2016-11-22","date_modified":null,"shape_length":1356.9,"shape_area":26065.8}},{"type":"Feature","geometry":{"type":"Polygon","coordinates":[[[-87.793124,41.8799525],[-87.7932115,41.8799523],[-87.7932126,41.8802706],[-87.7937606,41.8802623],[-87.7937892,41.8802618],[-87.7938723,41.8802605],[-87.7938892,41.8802603],[-87.7939101,41.88026],[-87.7941367,41.8802566],[-87.7941282,41.8800746],[-87.794123,41.8799338],[-87.7937717,41.8799417],[-87.7934981,41.8799456],[-87.7933416,41.8799485],[-87.793339,41.8799414],[-87.7933333,41.8799264],[-87.7933323,41.8799237],[-87.7933394,41.8798858],[-87.7932717,41.8798868],[-87.7932825,41.8799275],[-87.7932825,41.8799277],[-87.7932849,41.8799422],[-87.7932266,41.8799435],[-87.7932261,41.8799287],[-87.7932245,41.8798874],[-87.7931501,41.8798885],[-87.7931507,41.8799301],[-87.793151,41.8799442],[-87.7931235,41.8799449],[-87.793124,41.8799525]]]},"properties":{"ban_type":"lot","source_layer":9,"object_id":50,"parking_area_type":"PARKINGLOT","parking_area_name":"116","parking_enforcement":"Overnight Parking Ban","date_created":"2016-11-22","date_modified":null,"shape_length":871.6,"shape_area":30112.1}},{"type":"Feature","geometry":{"type":"Polygon","coordinates":[[[-87.7761927,41.8805696],[-87.7761974,41.8805703],[-87.7762012,41.8805679],[-87.7762403,41.8805377],[-87.7762411,41.8805374],[-87.7762419,41.880537],[-87.7762427,41.8805367],[-87.7762435,41.8805364],[-87.7762444,41.8805362],[-87.7762453,41.8805359],[-87.7762463,41.8805357],[-87.7762473,41.8805356],[-87.7762483,41.8805355],[-87.7762493,41.8805354],[-87.7762503,41.8805354],[-87.7762514,41.8805355],[-87.7762524,41.8805355],[-87.7762535,41.8805357],[-87.7762539,41.8805358],[-87.776254,41.8805327],[-87.7762434,41.880242],[-87.7762415,41.8802449],[-87.776181,41.8802933],[-87.7761864,41.8804203],[-87.7761873,41.8804413],[-87.7761906,41.8805187],[-87.7761927,41.8805696]]]},"properties":{"ban_type":"lot","source_layer":9,"object_id":51,"parking_area_type":"ON-STREET","parking_area_name":"73","parking_enforcement":"Overnight Parking Ban","date_created":"2016-11-22","date_modified":null,"shape_length":255.0,"shape_area":1786.8}},{"type":"Feature","geometry":{"type":"Polygon","coordinates":[[[-87.7832117,41.8874936],[-87.7832126,41.8874937],[-87.7832135,41.8874938],[-87.7832144,41.887494],[-87.7832153,41.8874942],[-87.7832162,41.8874944],[-87.7832171,41.8874947],[-87.783218,41.887495],[-87.7832189,41.8874954],[-87.7832198,41.8874958],[-87.7832206,41.8874962],[-87.7832214,41.8874967],[-87.7832222,41.8874972],[-87.7832229,41.8874978],[-87.7832236,41.8874984],[-87.7832242,41.887499],[-87.7832248,41.8874997],[-87.7832253,41.8875004],[-87.7832258,41.8875011],[-87.7832262,41.8875018],[-87.7832266,41.8875025],[-87.7832269,41.8875033],[-87.7832271,41.887504],[-87.7832273,41.8875047],[-87.7832274,41.8875055],[-87.7832275,41.8875062],[-87.7832275,41.8875069],[-87.7832274,41.8875076],[-87.7832273,41.8875083],[-87.7832272,41.887509],[-87.783227,41.8875096],[-87.7832272,41.8875186],[-87.7832276,41.8875297],[-87.7833276,41.887528],[-87.7833998,41.8875268],[-87.7833999,41.8875245],[-87.7834004,41.8875152],[-87.7834008,41.8875095],[-87.7834009,41.8875085],[-87.7834011,41.8875074],[-87.7834013,41.8875063],[-87.7834016,41.8875053],[-87.783402,41.8875042],[-87.7834025,41.8875032],[-87.783403,41.8875021],[-87.7834036,41.8875011],[-87.7834043,41.8875],[-87.783405,41.887499],[-87.7834058,41.887498],[-87.7834067,41.887497],[-87.7834077,41.8874961],[-87.7834087,41.8874952],[-87.7834097,41.8874943],[-87.7834108,41.8874935],[-87.783412,41.8874927],[-87.7834132,41.887492],[-87.7834145,41.8874913],[-87.7834158,41.8874907],[-87.7834171,41.8874901],[-87.7834185,41.8874895],[-87.7834199,41.887489],[-87.7834213,41.8874886],[-87.7834227,41.8874882],[-87.7834241,41.8874879],[-87.7834255,41.8874876],[-87.7834269,41.8874874],[-87.7834283,41.8874872],[-87.7834297,41.8874871],[-87.7834312,41.8875146],[-87.7834317,41.8875239],[-87.7834318,41.8875263],[-87.7838481,41.8875192],[-87.7838506,41.887517],[-87.7838499,41.8875095],[-87.7838475,41.8874823],[-87.7838496,41.8874821],[-87.7838517,41.887482],[-87.7838539,41.8874819],[-87.7838561,41.8874819],[-87.7838583,41.8874819],[-87.7838605,41.8874821],[-87.7838628,41.8874823],[-87.783865,41.8874826],[-87.7838673,41.887483],[-87.7838695,41.8874835],[-87.7838718,41.8874841],[-87.783874,41.8874847],[-87.7838761,41.8874854],[-87.7838782,41.8874862],[-87.7838803,41.8874871],[-87.7838823,41.8874881],[-87.7838842,41.8874891],[-87.7838861,41.8874902],[-87.7838878,41.8874914],[-87.7838895,41.8874926],[-87.7838911,41.8874938],[-87.7838926,41.8874952],[-87.783894,41.8874965],[-87.7838954,41.8874979],[-87.7838966,41.8874993],[-87.7838977,41.8875008],[-87.7838987,41.8875022],[-87.7838996,41.8875037],[-87.7839004,41.8875052],[-87.7839011,41.8875067],[-87.7839012,41.8875089],[-87.7839018,41.8875165],[-87.783902,41.8875183],[-87.7841113,41.8875147],[-87.7841548,41.887514],[-87.7841551,41.8875137],[-87.7841552,41.8875064],[-87.7841553,41.8874958],[-87.7841553,41.8874951],[-87.7841553,41.8874944],[-87.7841555,41.8874937],[-87.7841556,41.887493],[-87.7841558,41.8874922],[-87.7841561,41.8874915],[-87.7841564,41.8874908],[-87.7841567,41.8874901],[-87.7841572,41.8874894],[-87.7841576,41.8874887],[-87.7841581,41.887488],[-87.7841587,41.8874873],[-87.7841593,41.8874866],[-87.78416,41.887486],[-87.7841607,41.8874854],[-87.7841614,41.8874848],[-87.7841622,41.8874843],[-87.784163,41.8874838],[-87.7841638,41.8874833],[-87.7841647,41.8874828],[-87.7841656,41.8874824],[-87.7841665,41.887482],[-87.7841674,41.8874817],[-87.7841684,41.8874814],[-87.7841693,41.8874811],[-87.7841702,41.8874809],[-87.7841712,41.8874807],[-87.7841721,41.8874806],[-87.7841731,41.8874805],[-87.784174,41.8874804],[-87.7842049,41.8874792],[-87.7842058,41.8875057],[-87.784206,41.8875131],[-87.7843728,41.8875103],[-87.7843722,41.8875026],[-87.7843712,41.8874901],[-87.7843714,41.8874894],[-87.7843717,41.8874888],[-87.784372,41.8874882],[-87.7843723,41.8874876],[-87.7843727,41.887487],[-87.7843731,41.8874863],[-87.7843735,41.8874857],[-87.784374,41.8874851],[-87.7843745,41.8874846],[-87.7843751,41.887484],[-87.7843757,41.8874834],[-87.7843763,41.8874829],[-87.784377,41.8874824],[-87.7843776,41.8874819],[-87.7843784,41.8874814],[-87.7843791,41.887481],[-87.7843799,41.8874806],[-87.7843807,41.8874802],[-87.7843815,41.8874799],[-87.7843824,41.8874795],[-87.7843832,41.8874792],[-87.7843841,41.887479],[-87.784385,41.8874787],[-87.7843859,41.8874785],[-87.7843868,41.8874784],[-87.7843876,41.8874782],[-87.7843885,41.8874781],[-87.7843894,41.887478],[-87.7843903,41.887478],[-87.7843911,41.887478],[-87.7845009,41.8874744],[-87.7845262,41.8874742],[-87.784528,41.8874742],[-87.7845288,41.8874742],[-87.7845297,41.8874742],[-87.7845305,41.8874742],[-87.7845314,41.8874742],[-87.7845322,41.8874742],[-87.7845331,41.8874743],[-87.7845339,41.8874743],[-87.7845348,41.8874744],[-87.7845356,41.8874744],[-87.7845365,41.8874745],[-87.7845373,41.8874746],[-87.7845382,41.8874747],[-87.784539,41.8874748],[-87.7845399,41.8874749],[-87.7845407,41.887475],[-87.7845416,41.8874752],[-87.7845424,41.8874753],[-87.7845432,41.8874755],[-87.7845441,41.8874757],[-87.7845449,41.8874759],[-87.7845457,41.8874761],[-87.7845465,41.8874763],[-87.7845473,41.8874765],[-87.7845481,41.8874767],[-87.7845489,41.8874769],[-87.7845493,41.8874771],[-87.7845497,41.8874772],[-87.7845505,41.8874774],[-87.7845513,41.8874777],[-87.784552,41.887478],[-87.7845528,41.8874783],[-87.7845542,41.8874789],[-87.7845557,41.8874797],[-87.7845571,41.8874804],[-87.7845584,41.8874812],[-87.7845598,41.887482],[-87.7845611,41.8874829],[-87.7845624,41.8874838],[-87.7845637,41.8874847],[-87.7845649,41.8874857],[-87.7845661,41.8874867],[-87.7845672,41.8874877],[-87.7845683,41.8874888],[-87.7845694,41.8874899],[-87.7845704,41.887491],[-87.7845714,41.8874921],[-87.7845723,41.8874933],[-87.7845731,41.8874944],[-87.7845739,41.8874956],[-87.7845747,41.8874969],[-87.7845754,41.8874981],[-87.784576,41.8874993],[-87.7845766,41.8875006],[-87.7845771,41.8875019],[-87.7845776,41.8875031],[-87.784578,41.8875044],[-87.7845784,41.8875057],[-87.7845787,41.887507],[-87.784579,41.8875082],[-87.7845792,41.8875095],[-87.7845793,41.8875108],[-87.7845797,41.8875108],[-87.7845792,41.8874904],[-87.7845814,41.8874308],[-87.7845812,41.8874311],[-87.7845809,41.8874318],[-87.7845805,41.8874325],[-87.7845801,41.8874331],[-87.7845796,41.8874338],[-87.7845791,41.8874344],[-87.7845786,41.887435],[-87.784578,41.8874356],[-87.7845773,41.8874362],[-87.7845766,41.8874367],[-87.7845759,41.8874373],[-87.7845752,41.8874378],[-87.7845744,41.8874382],[-87.7845736,41.8874387],[-87.7845728,41.8874391],[-87.784572,41.8874395],[-87.7845711,41.8874398],[-87.7845702,41.8874401],[-87.7845694,41.8874404],[-87.7845685,41.8874406],[-87.7845676,41.8874409],[-87.7845667,41.887441],[-87.7845658,41.8874412],[-87.7845649,41.8874413],[-87.784564,41.8874414],[-87.7845558,41.8874424],[-87.7845493,41.8874431],[-87.7845333,41.887443],[-87.7844701,41.8874425],[-87.7844691,41.8874426],[-87.7844682,41.8874426],[-87.7844672,41.8874425],[-87.7844662,41.8874424],[-87.7844652,41.8874423],[-87.7844642,41.887442],[-87.7844633,41.8874417],[-87.7844624,41.8874414],[-87.7844615,41.8874409],[-87.7844607,41.8874405],[-87.78446,41.8874399],[-87.7844593,41.8874394],[-87.7844588,41.8874388],[-87.7844583,41.8874382],[-87.7844578,41.8874375],[-87.7844575,41.8874369],[-87.7844572,41.8874362],[-87.784457,41.8874355],[-87.7844568,41.8874348],[-87.7844568,41.887434],[-87.7844568,41.8874332],[-87.784457,41.8874325],[-87.7844572,41.8874317],[-87.7844575,41.887431],[-87.7844579,41.8874303],[-87.7844584,41.8874296],[-87.7844589,41.887429],[-87.7844595,41.8874284],[-87.7844602,41.8874279],[-87.7844609,41.8874274],[-87.7844865,41.8874099],[-87.7844411,41.8873798],[-87.7831476,41.8874003],[-87.7831103,41.8874465],[-87.7831101,41.8874468],[-87.7831098,41.887447],[-87.7831095,41.8874473],[-87.7831092,41.8874476],[-87.7831089,41.8874478],[-87.7831085,41.8874481],[-87.7831082,41.8874484],[-87.7831079,41.8874486],[-87.7831075,41.8874488],[-87.7831072,41.8874491],[-87.7831068,41.8874493],[-87.7831064,41.8874495],[-87.783106,41.8874498],[-87.7831056,41.88745],[-87.7831052,41.8874502],[-87.7831048,41.8874504],[-87.7831044,41.8874505],[-87.783104,41.8874507],[-87.7831036,41.8874509],[-87.7831032,41.8874511],[-87.7831027,41.8874512],[-87.7831023,41.8874514],[-87.7831019,41.8874515],[-87.7831014,41.8874516],[-87.783101,41.8874517],[-87.7831005,41.8874519],[-87.7831001,41.887452],[-87.7830996,41.8874521],[-87.7830992,41.8874521],[-87.7830987,41.8874522],[-87.7830979,41.8874524],[-87.7830971,41.8874526],[-87.7830963,41.8874528],[-87.7830955,41.8874529],[-87.7830946,41.8874531],[-87.7830937,41.8874531],[-87.7830928,41.8874532],[-87.7830919,41.8874532],[-87.783091,41.8874532],[-87.7830901,41.8874532],[-87.7830892,41.8874531],[-87.7830883,41.887453],[-87.7830873,41.8874529],[-87.7830864,41.8874527],[-87.7830855,41.8874525],[-87.7830847,41.8874523],[-87.7830838,41.887452],[-87.7830829,41.8874517],[-87.7830821,41.8874514],[-87.7830813,41.8874511],[-87.7830805,41.8874507],[-87.7830798,41.8874503],[-87.7830791,41.8874499],[-87.7830784,41.8874494],[-87.7830777,41.887449],[-87.7830771,41.8874485],[-87.7830765,41.887448],[-87.783076,41.8874475],[-87.7830754,41.887447],[-87.783075,41.8874465],[-87.7830715,41.887447],[-87.783072,41.8874476],[-87.7830735,41.8874496],[-87.783075,41.8874516],[-87.7830765,41.8874536],[-87.7830778,41.8874557],[-87.7830791,41.8874578],[-87.7830804,41.88746],[-87.7830815,41.8874621],[-87.7830826,41.8874644],[-87.7830836,41.8874666],[-87.7830845,41.8874689],[-87.7830853,41.8874711],[-87.7830861,41.8874735],[-87.7830867,41.8874758],[-87.7830873,41.8874781],[-87.7830878,41.8874805],[-87.7830882,41.8874828],[-87.7830885,41.8874852],[-87.7830888,41.8874876],[-87.7830889,41.8874899],[-87.783089,41.8874923],[-87.7830889,41.8874947],[-87.7830888,41.887497],[-87.7830886,41.8874993],[-87.7830883,41.8875017],[-87.783088,41.887504],[-87.7830875,41.8875063],[-87.783087,41.8875086],[-87.7830864,41.8875108],[-87.7830857,41.887513],[-87.7830863,41.8875121],[-87.7830869,41.8875112],[-87.7830875,41.8875103],[-87.7830882,41.8875093],[-87.783089,41.8875084],[-87.7830897,41.8875076],[-87.7830906,41.8875067],[-87.7830914,41.8875059],[-87.7830923,41.887505],[-87.7830933,41.8875042],[-87.7830943,41.8875034],[-87.7830953,41.8875027],[-87.7830964,41.8875019],[-87.7830975,41.8875012],[-87.7830986,41.8875006],[-87.7830998,41.8874999],[-87.783101,41.8874993],[-87.7831022,41.8874987],[-87.7831035,41.8874982],[-87.7831047,41.8874977],[-87.783106,41.8874972],[-87.7831073,41.8874967],[-87.7831087,41.8874963],[-87.78311,41.887496],[-87.7831113,41.8874956],[-87.7831127,41.8874953],[-87.783114,41.8874951],[-87.7831154,41.8874948],[-87.7831167,41.8874946],[-87.7831181,41.8874945],[-87.7831897,41.8874923],[-87.7832117,41.8874936]]]},"properties":{"ban_type":"lot","source_layer":9,"object_id":52,"parking_area_type":"ON-STREET","parking_area_name":"112","parking_enforcement":"Overnight Parking Ban","date_created":"2016-11-22","date_modified":null,"shape_length":1010.7,"shape_area":16792.0}},{"type":"Feature","geometry":{"type":"Polygon","coordinates":[[[-87.7754616,41.9001922],[-87.7754642,41.9002423],[-87.7758382,41.9002395],[-87.7758348,41.900204],[-87.7758349,41.9002031],[-87.775835,41.9002022],[-87.7758352,41.9002013],[-87.7758355,41.9002004],[-87.7758358,41.9001994],[-87.7758362,41.9001985],[-87.7758367,41.9001976],[-87.7758372,41.9001967],[-87.7758378,41.9001958],[-87.7758385,41.9001949],[-87.7758392,41.900194],[-87.77584,41.9001932],[-87.7758408,41.9001924],[-87.7758417,41.9001916],[-87.7758427,41.9001908],[-87.7758437,41.9001901],[-87.7758447,41.9001895],[-87.7758458,41.9001888],[-87.7758468,41.9001883],[-87.7754616,41.9001922]]]},"properties":{"ban_type":"lot","source_layer":9,"object_id":53,"parking_area_type":"ON-STREET","parking_area_name":"90","parking_enforcement":"Overnight Parking Ban","date_created":"2016-11-22","date_modified":null,"shape_length":244.8,"shape_area":1878.6}},{"type":"Feature","geometry":{"type":"MultiPolygon","coordinates":[[[[-87.7878044,41.8810813],[-87.7878084,41.8811802],[-87.7878086,41.8811798],[-87.7878089,41.8811794],[-87.7878091,41.881179],[-87.7878093,41.8811786],[-87.7878096,41.8811782],[-87.7878099,41.8811778],[-87.7878101,41.8811774],[-87.7878104,41.881177],[-87.7878107,41.8811766],[-87.787811,41.8811762],[-87.7878113,41.8811759],[-87.7878116,41.8811755],[-87.7878119,41.8811751],[-87.7878122,41.8811747],[-87.7878125,41.8811744],[-87.7878128,41.881174],[-87.7878132,41.8811736],[-87.7878135,41.8811733],[-87.7878139,41.8811729],[-87.7878142,41.8811725],[-87.7878146,41.8811722],[-87.787815,41.8811719],[-87.7878153,41.8811715],[-87.7878157,41.8811712],[-87.7878161,41.8811708],[-87.7878165,41.8811705],[-87.7878169,41.8811702],[-87.7878173,41.8811699],[-87.7878177,41.8811695],[-87.7878181,41.8811692],[-87.7878705,41.8811462],[-87.7878587,41.8808717],[-87.7878193,41.8808907],[-87.7878187,41.880891],[-87.787818,41.8808912],[-87.7878173,41.8808914],[-87.7878166,41.8808916],[-87.7878159,41.8808918],[-87.7878151,41.880892],[-87.7878143,41.8808921],[-87.7878135,41.8808922],[-87.7878127,41.8808922],[-87.7878118,41.8808923],[-87.787811,41.8808923],[-87.7878102,41.8808922],[-87.7878093,41.8808921],[-87.7878085,41.880892],[-87.7878077,41.8808919],[-87.7878068,41.8808917],[-87.787806,41.8808915],[-87.7878053,41.8808912],[-87.7878045,41.8808909],[-87.7878038,41.8808906],[-87.7878031,41.8808903],[-87.7878025,41.88089],[-87.7878044,41.8810813]]],[[[-87.7878145,41.8813316],[-87.7878147,41.881331],[-87.7878149,41.8813305],[-87.7878151,41.8813299],[-87.7878153,41.8813294],[-87.7878156,41.8813288],[-87.7878159,41.8813283],[-87.7878161,41.8813278],[-87.7878164,41.8813272],[-87.7878168,41.8813267],[-87.7878171,41.8813262],[-87.7878175,41.8813257],[-87.7878178,41.8813252],[-87.7878182,41.8813247],[-87.7878186,41.8813242],[-87.787819,41.8813237],[-87.7878195,41.8813232],[-87.7878199,41.8813227],[-87.7878204,41.8813223],[-87.7878209,41.8813218],[-87.7878214,41.8813214],[-87.7878219,41.8813209],[-87.7878224,41.8813205],[-87.7878229,41.8813201],[-87.7878235,41.8813197],[-87.787824,41.8813193],[-87.7878246,41.8813189],[-87.7878252,41.8813185],[-87.7878258,41.8813182],[-87.7878264,41.8813178],[-87.787827,41.8813175],[-87.7878459,41.8813079],[-87.7878727,41.8812944],[-87.7878694,41.8811883],[-87.7878263,41.8812078],[-87.7878258,41.881208],[-87.7878252,41.8812081],[-87.7878247,41.8812083],[-87.7878241,41.8812084],[-87.7878235,41.8812085],[-87.7878229,41.8812086],[-87.7878223,41.8812086],[-87.7878217,41.8812087],[-87.7878211,41.8812087],[-87.7878204,41.8812087],[-87.7878198,41.8812087],[-87.7878192,41.8812087],[-87.7878186,41.8812087],[-87.7878179,41.8812086],[-87.7878173,41.8812085],[-87.7878167,41.8812084],[-87.7878161,41.8812083],[-87.7878155,41.8812081],[-87.7878149,41.881208],[-87.7878143,41.8812078],[-87.7878138,41.8812076],[-87.7878132,41.8812074],[-87.7878127,41.8812072],[-87.7878122,41.881207],[-87.7878117,41.8812067],[-87.7878112,41.8812065],[-87.7878107,41.8812062],[-87.7878103,41.8812059],[-87.7878098,41.8812056],[-87.7878094,41.8812053],[-87.7878145,41.8813316]]]]},"properties":{"ban_type":"lot","source_layer":9,"object_id":54,"parking_area_type":"ON-STREET","parking_area_name":"109","parking_enforcement":"Overnight Parking Ban","date_created":"2016-11-22","date_modified":null,"shape_length":369.6,"shape_area":2318.9}},{"type":"Feature","geometry":{"type":"Polygon","coordinates":[[[-87.7814047,41.8798058],[-87.7814051,41.879806],[-87.7814055,41.8798063],[-87.7814059,41.8798066],[-87.7814062,41.8798069],[-87.7814066,41.8798073],[-87.7814069,41.8798076],[-87.7814073,41.8798079],[-87.7814076,41.8798083],[-87.7814079,41.8798087],[-87.7814082,41.879809],[-87.7814085,41.8798094],[-87.7814087,41.8798098],[-87.781409,41.8798102],[-87.7814092,41.8798106],[-87.7814094,41.879811],[-87.7814096,41.8798114],[-87.7814098,41.8798118],[-87.7814099,41.8798122],[-87.78141,41.8798126],[-87.7814101,41.8798131],[-87.7814102,41.8798135],[-87.7814103,41.8798139],[-87.7814104,41.8798143],[-87.7814104,41.8798148],[-87.7814104,41.8798152],[-87.7814104,41.8798156],[-87.7814104,41.879816],[-87.7814104,41.8798164],[-87.7814103,41.8798168],[-87.78141,41.8798185],[-87.7814075,41.8798342],[-87.7814006,41.8798769],[-87.781495,41.8798753],[-87.7814776,41.8798333],[-87.7814773,41.8798326],[-87.7814762,41.8798177],[-87.7814753,41.8798067],[-87.7815549,41.8798032],[-87.7815465,41.8795155],[-87.7815467,41.8795148],[-87.781547,41.8795141],[-87.7815473,41.8795135],[-87.7815476,41.8795128],[-87.7815479,41.8795122],[-87.7815483,41.8795115],[-87.7815486,41.8795109],[-87.781549,41.8795102],[-87.7815494,41.8795096],[-87.7815498,41.8795089],[-87.7815502,41.8795083],[-87.7815506,41.8795076],[-87.7815511,41.879507],[-87.7815516,41.8795064],[-87.781552,41.8795058],[-87.7815525,41.8795051],[-87.781553,41.8795045],[-87.7815535,41.8795039],[-87.7815541,41.8795033],[-87.7815546,41.8795027],[-87.7815552,41.8795022],[-87.7815557,41.8795016],[-87.7815563,41.879501],[-87.7815569,41.8795004],[-87.7815575,41.8794999],[-87.7815579,41.8794995],[-87.781406,41.8795026],[-87.7813015,41.8795042],[-87.7813019,41.8795043],[-87.781303,41.8795046],[-87.7813041,41.879505],[-87.7813052,41.8795054],[-87.7813063,41.8795058],[-87.7813073,41.8795062],[-87.7813084,41.8795067],[-87.7813094,41.8795073],[-87.7813104,41.8795078],[-87.7813114,41.8795085],[-87.7813123,41.8795091],[-87.7813132,41.8795098],[-87.781314,41.8795105],[-87.7813149,41.8795112],[-87.7813156,41.879512],[-87.7813164,41.8795128],[-87.781317,41.8795136],[-87.7813177,41.8795144],[-87.7813182,41.8795153],[-87.7813188,41.8795161],[-87.7813192,41.879517],[-87.7813196,41.8795179],[-87.78132,41.8795188],[-87.7813203,41.8795197],[-87.7813205,41.8795206],[-87.7813207,41.8795215],[-87.7813209,41.8795224],[-87.781321,41.8795233],[-87.781321,41.8795241],[-87.781321,41.879525],[-87.7813307,41.8798066],[-87.7814043,41.8798055],[-87.7814047,41.8798058]]]},"properties":{"ban_type":"lot","source_layer":9,"object_id":55,"parking_area_type":"PARKINGLOT","parking_area_name":"56","parking_enforcement":"Overnight Parking Ban","date_created":"2016-11-22","date_modified":null,"shape_length":413.8,"shape_area":7332.2}},{"type":"Feature","geometry":{"type":"Polygon","coordinates":[[[-87.7831844,41.887099],[-87.7831888,41.887102],[-87.7831957,41.8871078],[-87.7834631,41.8871018],[-87.7838955,41.8870959],[-87.7841028,41.8870919],[-87.7840696,41.8870535],[-87.7842677,41.8870485],[-87.7842673,41.8870476],[-87.7842669,41.8870466],[-87.7842666,41.8870456],[-87.7842664,41.8870446],[-87.7842662,41.8870436],[-87.7842661,41.8870425],[-87.784266,41.8870415],[-87.7842659,41.8870404],[-87.784266,41.8870393],[-87.7842661,41.8870382],[-87.7842663,41.8870371],[-87.7842665,41.8870361],[-87.7842668,41.887035],[-87.7842672,41.8870339],[-87.7842676,41.8870329],[-87.7842681,41.8870318],[-87.7842686,41.8870308],[-87.7842692,41.8870298],[-87.7842699,41.8870288],[-87.7842706,41.8870279],[-87.7842714,41.8870269],[-87.7842722,41.887026],[-87.784273,41.8870252],[-87.7842739,41.8870244],[-87.7842749,41.8870236],[-87.7842759,41.8870228],[-87.7842769,41.8870221],[-87.7842779,41.8870214],[-87.7842789,41.8870208],[-87.78428,41.8870202],[-87.7843272,41.8870035],[-87.7842243,41.8869988],[-87.7842269,41.8870005],[-87.7842275,41.8870008],[-87.784228,41.8870011],[-87.7842284,41.8870015],[-87.7842289,41.8870019],[-87.7842293,41.8870023],[-87.7842296,41.8870028],[-87.78423,41.8870032],[-87.7842302,41.8870037],[-87.7842304,41.8870042],[-87.7842306,41.8870047],[-87.7842307,41.8870053],[-87.7842307,41.8870058],[-87.7842307,41.8870063],[-87.7842307,41.8870068],[-87.7842306,41.8870073],[-87.7842305,41.8870078],[-87.7842303,41.8870082],[-87.78423,41.8870087],[-87.7842297,41.8870092],[-87.7842294,41.8870096],[-87.784229,41.8870101],[-87.7842286,41.8870105],[-87.7842281,41.8870109],[-87.7842276,41.8870112],[-87.784227,41.8870116],[-87.7842265,41.8870119],[-87.7842259,41.8870121],[-87.7842252,41.8870123],[-87.7842246,41.8870125],[-87.784224,41.8870126],[-87.7837112,41.8870192],[-87.7835607,41.887021],[-87.7835414,41.8870213],[-87.7831892,41.8870256],[-87.7831862,41.8870256],[-87.783185,41.8870256],[-87.7831838,41.8870256],[-87.7831826,41.8870254],[-87.7831814,41.8870252],[-87.7831802,41.8870249],[-87.783179,41.8870245],[-87.7831779,41.887024],[-87.7831768,41.8870234],[-87.7831758,41.8870228],[-87.783175,41.8870221],[-87.7831742,41.8870214],[-87.7831735,41.8870206],[-87.7831729,41.8870198],[-87.7831724,41.887019],[-87.783172,41.8870181],[-87.7831718,41.8870173],[-87.7831716,41.8870164],[-87.7831715,41.8870155],[-87.7831715,41.8870145],[-87.7831717,41.8870136],[-87.7831719,41.8870127],[-87.7831721,41.8870121],[-87.7830645,41.8870193],[-87.7831844,41.887099]]]},"properties":{"ban_type":"lot","source_layer":9,"object_id":56,"parking_area_type":"ON-STREET","parking_area_name":"34","parking_enforcement":"Overnight Parking Ban","date_created":"2016-11-22","date_modified":null,"shape_length":745.7,"shape_area":8425.2}},{"type":"Feature","geometry":{"type":"Polygon","coordinates":[[[-87.7955345,41.8877503],[-87.7955387,41.8878984],[-87.7956188,41.8878956],[-87.7956874,41.8878951],[-87.7956876,41.8878857],[-87.7957118,41.8878847],[-87.7956998,41.887369],[-87.7956583,41.8873425],[-87.7956589,41.8873414],[-87.7956789,41.8873071],[-87.7955657,41.8873088],[-87.7955745,41.8873239],[-87.7955767,41.887341],[-87.7955768,41.8873415],[-87.7955254,41.8873629],[-87.7955281,41.8875189],[-87.7955299,41.8875189],[-87.7955345,41.8877503]]]},"properties":{"ban_type":"lot","source_layer":9,"object_id":57,"parking_area_type":"PARKINGLOT","parking_area_name":"96","parking_enforcement":"Overnight Parking Ban","date_created":"2016-11-22","date_modified":null,"shape_length":522.4,"shape_area":9761.9}},{"type":"Feature","geometry":{"type":"Polygon","coordinates":[[[-87.77462,41.8734366],[-87.7746217,41.8734367],[-87.7746234,41.8734369],[-87.774625,41.8734372],[-87.7746267,41.8734376],[-87.7746284,41.873438],[-87.7746301,41.8734385],[-87.7746317,41.8734392],[-87.7746333,41.8734398],[-87.7746348,41.8734406],[-87.7746363,41.8734415],[-87.7746377,41.8734424],[-87.774639,41.8734433],[-87.7746402,41.8734444],[-87.7746414,41.8734454],[-87.7746424,41.8734466],[-87.7746433,41.8734477],[-87.7746442,41.8734489],[-87.7746449,41.8734501],[-87.7746455,41.8734514],[-87.774646,41.8734526],[-87.7746464,41.8734538],[-87.7746467,41.8734551],[-87.774647,41.8734563],[-87.7746471,41.8734575],[-87.7746471,41.8734587],[-87.7746471,41.8734598],[-87.7746479,41.8734798],[-87.7750214,41.8734736],[-87.7750166,41.8733456],[-87.7746437,41.8733533],[-87.774644,41.8733545],[-87.7746442,41.8733557],[-87.7746443,41.873357],[-87.7746443,41.8733582],[-87.7746442,41.8733595],[-87.7746441,41.8733609],[-87.7746438,41.8733622],[-87.7746434,41.8733635],[-87.774643,41.8733648],[-87.7746424,41.8733662],[-87.7746417,41.8733675],[-87.7746409,41.8733687],[-87.7746401,41.87337],[-87.7746391,41.8733712],[-87.774638,41.8733724],[-87.7746369,41.8733735],[-87.7746356,41.8733746],[-87.7746343,41.8733756],[-87.7746329,41.8733765],[-87.7746315,41.8733774],[-87.77463,41.8733782],[-87.7746285,41.873379],[-87.7746269,41.8733797],[-87.7746253,41.8733803],[-87.7746237,41.8733808],[-87.7746221,41.8733813],[-87.7746204,41.8733816],[-87.7746188,41.873382],[-87.7746172,41.8733822],[-87.7746156,41.8733824],[-87.7745677,41.8733832],[-87.7745478,41.8733836],[-87.7745456,41.8733836],[-87.7745437,41.8733836],[-87.7745418,41.8733835],[-87.7745399,41.8733834],[-87.7745379,41.8733832],[-87.774536,41.8733831],[-87.7745341,41.8733829],[-87.7745322,41.8733827],[-87.7745303,41.8733825],[-87.7745284,41.8733822],[-87.7745265,41.8733819],[-87.7745246,41.8733816],[-87.7745227,41.8733813],[-87.7745208,41.873381],[-87.7745189,41.8733806],[-87.774517,41.8733802],[-87.7745152,41.8733797],[-87.7745133,41.8733793],[-87.7745115,41.8733788],[-87.7745097,41.8733783],[-87.7745078,41.8733778],[-87.774506,41.8733773],[-87.7745046,41.8733768],[-87.7745025,41.873453],[-87.77455,41.8734439],[-87.7745694,41.8734401],[-87.7745701,41.87344],[-87.7746137,41.8734367],[-87.7746152,41.8734366],[-87.7746168,41.8734365],[-87.7746184,41.8734365],[-87.77462,41.8734366]]]},"properties":{"ban_type":"lot","source_layer":9,"object_id":58,"parking_area_type":"PARKINGLOT","parking_area_name":"68","parking_enforcement":"Overnight Parking Ban","date_created":"2016-11-22","date_modified":null,"shape_length":375.4,"shape_area":5583.6}},{"type":"Feature","geometry":{"type":"Polygon","coordinates":[[[-87.7936072,41.8713333],[-87.793608,41.8713334],[-87.7936089,41.8713336],[-87.7936097,41.8713338],[-87.7936106,41.871334],[-87.7936114,41.8713344],[-87.7936122,41.8713348],[-87.7936129,41.8713352],[-87.7936136,41.8713357],[-87.7936143,41.8713363],[-87.7936148,41.8713368],[-87.7936153,41.8713375],[-87.7936157,41.8713381],[-87.793616,41.8713388],[-87.7936163,41.8713394],[-87.7936164,41.8713401],[-87.7936165,41.8713407],[-87.7936202,41.8714716],[-87.7936203,41.8714849],[-87.7936204,41.8714923],[-87.7936972,41.8714982],[-87.793802,41.8714983],[-87.7938015,41.871498],[-87.793801,41.8714977],[-87.7938006,41.8714974],[-87.7938002,41.871497],[-87.7937998,41.8714966],[-87.7937994,41.8714962],[-87.793799,41.8714957],[-87.7937987,41.8714952],[-87.7937985,41.8714947],[-87.7937982,41.8714942],[-87.7937981,41.8714936],[-87.793798,41.8714931],[-87.7937979,41.8714925],[-87.7937979,41.8714919],[-87.793798,41.8714913],[-87.7937981,41.8714907],[-87.7937983,41.8714902],[-87.7937985,41.8714896],[-87.7937988,41.8714891],[-87.7937991,41.8714886],[-87.7937995,41.8714881],[-87.7937999,41.8714877],[-87.7938004,41.8714872],[-87.7938009,41.8714869],[-87.7938014,41.8714865],[-87.7938019,41.8714862],[-87.7938024,41.8714859],[-87.7938029,41.8714857],[-87.7938035,41.8714854],[-87.793804,41.8714853],[-87.793834,41.8714838],[-87.7938242,41.871177],[-87.7936921,41.8711792],[-87.7936721,41.871169],[-87.7936667,41.8711797],[-87.7933736,41.8711856],[-87.7933736,41.8711858],[-87.7933833,41.8714664],[-87.7933998,41.8714677],[-87.7934035,41.8714691],[-87.7934063,41.8714723],[-87.7934074,41.8714766],[-87.7935609,41.8714878],[-87.793595,41.8714904],[-87.7935956,41.87149],[-87.7935995,41.8714849],[-87.7936022,41.8714785],[-87.7936028,41.8714603],[-87.7935966,41.8713378],[-87.793597,41.8713372],[-87.7935975,41.8713367],[-87.793598,41.8713361],[-87.7935986,41.8713356],[-87.7935993,41.8713351],[-87.7936001,41.8713347],[-87.7936009,41.8713343],[-87.7936017,41.871334],[-87.7936026,41.8713337],[-87.7936035,41.8713335],[-87.7936044,41.8713334],[-87.7936054,41.8713333],[-87.7936063,41.8713333],[-87.7936072,41.8713333]],[[-87.7936037,41.8712554],[-87.7936047,41.8712555],[-87.7936056,41.8712557],[-87.7936066,41.8712559],[-87.7936076,41.8712563],[-87.7936085,41.8712567],[-87.7936094,41.8712572],[-87.7936102,41.8712577],[-87.7936109,41.8712584],[-87.7936115,41.871259],[-87.793612,41.8712597],[-87.7936124,41.8712604],[-87.7936127,41.8712612],[-87.7936129,41.8712619],[-87.793613,41.8712626],[-87.7936145,41.871311],[-87.7936142,41.8713116],[-87.7936138,41.8713121],[-87.7936133,41.8713126],[-87.7936128,41.871313],[-87.7936123,41.8713135],[-87.7936117,41.8713139],[-87.793611,41.8713143],[-87.7936103,41.8713146],[-87.7936096,41.8713149],[-87.7936088,41.8713152],[-87.7936081,41.8713154],[-87.7936073,41.8713155],[-87.7936065,41.8713156],[-87.7936057,41.8713157],[-87.793605,41.8713157],[-87.7936042,41.8713157],[-87.7936034,41.8713156],[-87.7936026,41.8713155],[-87.7936019,41.8713153],[-87.7936011,41.8713151],[-87.7936003,41.8713148],[-87.7935996,41.8713145],[-87.7935989,41.8713142],[-87.7935983,41.8713138],[-87.7935977,41.8713133],[-87.7935972,41.8713129],[-87.7935967,41.8713124],[-87.7935962,41.8713119],[-87.7935959,41.8713114],[-87.7935956,41.8713109],[-87.7935927,41.8712962],[-87.7935922,41.8712624],[-87.7935924,41.8712617],[-87.7935926,41.871261],[-87.7935929,41.8712603],[-87.7935933,41.8712596],[-87.7935939,41.8712589],[-87.7935945,41.8712582],[-87.7935952,41.8712576],[-87.793596,41.8712571],[-87.7935969,41.8712566],[-87.7935978,41.8712562],[-87.7935988,41.8712559],[-87.7935998,41.8712556],[-87.7936008,41.8712554],[-87.7936018,41.8712553],[-87.7936027,41.8712553],[-87.7936037,41.8712554]]]},"properties":{"ban_type":"lot","source_layer":9,"object_id":59,"parking_area_type":"PARKINGLOT","parking_area_name":"15","parking_enforcement":"Overnight Parking Ban","date_created":"2016-11-22","date_modified":null,"shape_length":633.7,"shape_area":13349.8}},{"type":"Feature","geometry":{"type":"Polygon","coordinates":[[[-87.7971509,41.8826976],[-87.797152,41.8826977],[-87.7971531,41.8826978],[-87.7971542,41.8826979],[-87.7971553,41.8826981],[-87.7971563,41.8826983],[-87.7971574,41.8826986],[-87.7971585,41.8826989],[-87.7971595,41.8826993],[-87.7971606,41.8826996],[-87.7971616,41.8827001],[-87.7971626,41.8827005],[-87.7971635,41.8827011],[-87.7971644,41.8827016],[-87.7971653,41.8827022],[-87.7971661,41.8827028],[-87.7971669,41.8827034],[-87.7971677,41.8827041],[-87.7971684,41.8827047],[-87.797169,41.8827054],[-87.7971696,41.8827062],[-87.7971701,41.8827069],[-87.7971706,41.8827076],[-87.7971711,41.8827084],[-87.7971714,41.8827091],[-87.7971718,41.8827099],[-87.797172,41.8827106],[-87.7971723,41.8827114],[-87.7971735,41.882746],[-87.7975184,41.8827397],[-87.7975158,41.882703],[-87.7975161,41.8827023],[-87.7975164,41.8827015],[-87.7975168,41.8827007],[-87.7975173,41.8827],[-87.7975178,41.8826992],[-87.7975184,41.8826985],[-87.797519,41.8826977],[-87.7975197,41.882697],[-87.7975204,41.8826963],[-87.7975212,41.8826956],[-87.7975221,41.882695],[-87.797523,41.8826944],[-87.797524,41.8826938],[-87.797525,41.8826933],[-87.7975261,41.8826928],[-87.7975272,41.8826923],[-87.7975283,41.882692],[-87.7975294,41.8826916],[-87.7975306,41.8826913],[-87.7975318,41.8826911],[-87.7975329,41.8826909],[-87.7975341,41.8826907],[-87.7975353,41.8826906],[-87.7975365,41.8826906],[-87.7975376,41.8826906],[-87.7975388,41.8826906],[-87.7975399,41.8826907],[-87.797541,41.8826909],[-87.797542,41.882691],[-87.7975431,41.8826912],[-87.7975818,41.8826916],[-87.7975732,41.8824557],[-87.7975311,41.882457],[-87.7975301,41.8824569],[-87.797529,41.8824568],[-87.7975279,41.8824567],[-87.7975269,41.8824565],[-87.7975258,41.8824563],[-87.7975247,41.8824561],[-87.7975236,41.8824558],[-87.7975225,41.8824554],[-87.7975215,41.882455],[-87.7975205,41.8824546],[-87.7975195,41.8824541],[-87.7975185,41.8824536],[-87.7975175,41.8824531],[-87.7975166,41.8824525],[-87.7975157,41.8824519],[-87.7975149,41.8824513],[-87.7975141,41.8824506],[-87.7975134,41.8824499],[-87.7975127,41.8824491],[-87.7975121,41.8824484],[-87.7975115,41.8824476],[-87.7975109,41.8824469],[-87.7975105,41.8824461],[-87.7975101,41.8824453],[-87.7975097,41.8824445],[-87.7975094,41.8824437],[-87.7975092,41.8824428],[-87.797509,41.882442],[-87.7975088,41.8824412],[-87.7975087,41.8824405],[-87.7975077,41.8824122],[-87.797439,41.8824136],[-87.7973923,41.8824146],[-87.7972382,41.8824177],[-87.7972161,41.8824182],[-87.7971447,41.8824196],[-87.7971533,41.8826055],[-87.797153,41.8826068],[-87.7971526,41.8826082],[-87.7971522,41.8826096],[-87.7971516,41.882611],[-87.797151,41.8826124],[-87.7971502,41.8826137],[-87.7971494,41.8826151],[-87.7971485,41.8826165],[-87.7971475,41.8826178],[-87.7971464,41.8826191],[-87.7971452,41.8826203],[-87.797144,41.8826216],[-87.7971427,41.8826228],[-87.7971412,41.8826239],[-87.7971398,41.882625],[-87.7971382,41.882626],[-87.7971366,41.882627],[-87.797135,41.8826279],[-87.7971333,41.8826288],[-87.7971315,41.8826296],[-87.7971297,41.8826304],[-87.7971279,41.882631],[-87.797126,41.8826316],[-87.7971242,41.8826322],[-87.7971233,41.8826324],[-87.7971223,41.8826327],[-87.7971204,41.8826331],[-87.7971185,41.8826334],[-87.7971166,41.8826337],[-87.7971148,41.8826339],[-87.7971129,41.8826341],[-87.797111,41.8826342],[-87.7971091,41.8826343],[-87.7971072,41.8826344],[-87.7971053,41.8826344],[-87.7971033,41.8826343],[-87.7971022,41.8826343],[-87.7971014,41.8826342],[-87.7970994,41.8826341],[-87.7970974,41.8826339],[-87.7970955,41.8826336],[-87.7970935,41.8826333],[-87.7970916,41.882633],[-87.7970896,41.8826326],[-87.7970877,41.8826321],[-87.7970858,41.8826316],[-87.797084,41.8826311],[-87.7970821,41.8826305],[-87.7970803,41.8826298],[-87.7970785,41.8826291],[-87.7970768,41.8826284],[-87.7970751,41.8826276],[-87.7970734,41.8826268],[-87.7970718,41.8826259],[-87.7970702,41.882625],[-87.7970687,41.8826241],[-87.7970672,41.8826231],[-87.7970658,41.8826221],[-87.7970644,41.8826211],[-87.7970631,41.8826201],[-87.7970619,41.882619],[-87.7970607,41.8826179],[-87.7970648,41.8827262],[-87.7970656,41.8827248],[-87.7970664,41.8827233],[-87.7970672,41.8827219],[-87.7970682,41.8827205],[-87.7970692,41.8827191],[-87.7970703,41.8827177],[-87.7970715,41.8827164],[-87.7970728,41.882715],[-87.7970741,41.8827137],[-87.7970755,41.8827125],[-87.7970769,41.8827112],[-87.7970785,41.88271],[-87.7970801,41.8827089],[-87.7970817,41.8827078],[-87.7970834,41.8827067],[-87.7970852,41.8827057],[-87.797087,41.8827048],[-87.7970889,41.8827039],[-87.7970908,41.882703],[-87.7970927,41.8827023],[-87.7970947,41.8827015],[-87.7970967,41.8827009],[-87.7970987,41.8827002],[-87.7971007,41.8826997],[-87.7971028,41.8826992],[-87.7971044,41.8826989],[-87.7971048,41.8826988],[-87.7971069,41.8826984],[-87.797109,41.8826981],[-87.797111,41.8826979],[-87.7971131,41.8826977],[-87.797126,41.8826977],[-87.7971478,41.8826977],[-87.7971488,41.8826976],[-87.7971499,41.8826976],[-87.7971509,41.8826976]]]},"properties":{"ban_type":"lot","source_layer":9,"object_id":60,"parking_area_type":"PARKINGLOT","parking_area_name":"85","parking_enforcement":"Overnight Parking Ban","date_created":"2016-11-22","date_modified":null,"shape_length":532.0,"shape_area":13857.3}},{"type":"Feature","geometry":{"type":"Polygon","coordinates":[[[-87.7780236,41.8801308],[-87.7780203,41.8801333],[-87.778017,41.8801359],[-87.778014,41.8801386],[-87.7780112,41.8801415],[-87.7780085,41.8801444],[-87.7780061,41.8801473],[-87.7780038,41.8801504],[-87.7780018,41.8801534],[-87.778,41.8801566],[-87.7779984,41.8801597],[-87.777997,41.8801628],[-87.7779957,41.880166],[-87.7779947,41.8801691],[-87.7779939,41.8801723],[-87.7779963,41.880218],[-87.7779965,41.8802177],[-87.7779978,41.8802158],[-87.7779994,41.8802135],[-87.7780012,41.8802114],[-87.778003,41.8802092],[-87.778005,41.8802071],[-87.778007,41.8802051],[-87.7780092,41.8802031],[-87.7780115,41.8802012],[-87.7780138,41.8801994],[-87.7780163,41.8801976],[-87.7780188,41.8801959],[-87.7780214,41.8801943],[-87.778024,41.8801927],[-87.7780267,41.8801912],[-87.7780295,41.8801898],[-87.7780323,41.8801885],[-87.7780352,41.8801873],[-87.7780381,41.8801862],[-87.778041,41.8801851],[-87.7780439,41.8801841],[-87.7780469,41.8801833],[-87.7784875,41.8801717],[-87.7787968,41.8801696],[-87.7788662,41.8801684],[-87.7789144,41.8801676],[-87.7791352,41.8801638],[-87.7793246,41.8801226],[-87.7793438,41.8801185],[-87.7791863,41.8801078],[-87.779186,41.880108],[-87.7791857,41.8801083],[-87.7791854,41.8801085],[-87.779185,41.8801087],[-87.7791847,41.8801089],[-87.7791843,41.880109],[-87.779184,41.8801092],[-87.7791836,41.8801094],[-87.7791832,41.8801096],[-87.7791828,41.8801097],[-87.7791824,41.8801099],[-87.7791821,41.88011],[-87.7791816,41.8801101],[-87.7791812,41.8801102],[-87.7791808,41.8801103],[-87.7791804,41.8801104],[-87.77918,41.8801105],[-87.7791796,41.8801106],[-87.7791791,41.8801107],[-87.7791787,41.8801107],[-87.7791783,41.8801108],[-87.7791778,41.8801108],[-87.7791774,41.8801108],[-87.779177,41.8801109],[-87.7791765,41.8801109],[-87.7791761,41.8801109],[-87.7791757,41.8801109],[-87.7791753,41.8801108],[-87.7791748,41.8801108],[-87.7791744,41.8801108],[-87.778674,41.8801199],[-87.7784625,41.8801233],[-87.7784365,41.8801237],[-87.778225,41.8801271],[-87.7782021,41.8801275],[-87.7780939,41.8801293],[-87.7780932,41.8801291],[-87.7780925,41.8801289],[-87.7780918,41.8801287],[-87.7780911,41.8801284],[-87.7780904,41.8801281],[-87.7780898,41.8801277],[-87.7780891,41.8801273],[-87.7780885,41.8801269],[-87.7780879,41.8801264],[-87.7780873,41.8801259],[-87.7780868,41.8801253],[-87.7780863,41.8801247],[-87.7780859,41.8801241],[-87.7780855,41.8801235],[-87.7780852,41.8801228],[-87.778085,41.8801221],[-87.7780848,41.8801214],[-87.7780847,41.8801208],[-87.7780847,41.8801201],[-87.7780847,41.8801194],[-87.7780848,41.8801187],[-87.7780849,41.8801181],[-87.7780851,41.8801174],[-87.7780854,41.8801168],[-87.7780857,41.8801163],[-87.778086,41.8801157],[-87.7780864,41.8801152],[-87.7780868,41.8801147],[-87.7780872,41.8801142],[-87.7780877,41.8801138],[-87.7780964,41.8801102],[-87.7780902,41.8801103],[-87.7780859,41.8801104],[-87.7780816,41.8801107],[-87.7780773,41.8801111],[-87.7780729,41.8801117],[-87.7780685,41.8801124],[-87.7780641,41.8801133],[-87.7780597,41.8801144],[-87.7780554,41.8801156],[-87.7780511,41.880117],[-87.7780469,41.8801185],[-87.7780427,41.8801202],[-87.7780387,41.880122],[-87.7780347,41.880124],[-87.7780309,41.8801261],[-87.7780272,41.8801284],[-87.7780236,41.8801308]]]},"properties":{"ban_type":"lot","source_layer":9,"object_id":61,"parking_area_type":"ON-STREET","parking_area_name":"74","parking_enforcement":"Overnight Parking Ban","date_created":"2016-11-22","date_modified":null,"shape_length":781.3,"shape_area":6500.8}},{"type":"Feature","geometry":{"type":"Polygon","coordinates":[[[-87.7748012,41.8767126],[-87.7748019,41.8767127],[-87.7748025,41.8767128],[-87.7748032,41.8767129],[-87.7748038,41.876713],[-87.7748045,41.8767132],[-87.7748051,41.8767134],[-87.7748057,41.8767136],[-87.7748063,41.8767139],[-87.7748069,41.8767142],[-87.7748075,41.8767145],[-87.774808,41.8767149],[-87.7748085,41.8767152],[-87.7748089,41.8767156],[-87.7748093,41.876716],[-87.7748097,41.8767164],[-87.7748101,41.8767168],[-87.7748104,41.8767173],[-87.7748106,41.8767177],[-87.7748109,41.8767181],[-87.7748111,41.8767186],[-87.7748112,41.876719],[-87.7748113,41.8767194],[-87.7748114,41.8767199],[-87.7748124,41.8767593],[-87.7751483,41.8767542],[-87.7751449,41.8766547],[-87.7751422,41.8765941],[-87.7748094,41.8766031],[-87.7748109,41.8766293],[-87.774811,41.8766301],[-87.774811,41.8766309],[-87.7748109,41.8766317],[-87.7748109,41.8766325],[-87.7748108,41.8766333],[-87.7748106,41.8766342],[-87.7748104,41.876635],[-87.7748102,41.8766358],[-87.7748099,41.8766366],[-87.7748096,41.8766374],[-87.7748092,41.8766382],[-87.7748088,41.876639],[-87.7748084,41.8766398],[-87.7748079,41.8766406],[-87.7748074,41.8766414],[-87.7748068,41.8766421],[-87.7748062,41.8766429],[-87.7748056,41.8766436],[-87.774805,41.8766443],[-87.7748043,41.876645],[-87.7748036,41.8766456],[-87.7748028,41.8766463],[-87.774802,41.8766469],[-87.7748012,41.8766475],[-87.7748004,41.876648],[-87.7747996,41.8766486],[-87.7747987,41.8766491],[-87.7747978,41.8766496],[-87.7747969,41.87665],[-87.774796,41.8766504],[-87.7747824,41.8766519],[-87.7747827,41.8766652],[-87.7747833,41.8766936],[-87.7747838,41.8767129],[-87.774797,41.876713],[-87.7747975,41.8767129],[-87.7747981,41.8767128],[-87.7747987,41.8767127],[-87.7747993,41.8767126],[-87.7747999,41.8767126],[-87.7748006,41.8767126],[-87.7748012,41.8767126]]]},"properties":{"ban_type":"lot","source_layer":9,"object_id":62,"parking_area_type":"PARKINGLOT","parking_area_name":"30","parking_enforcement":"Overnight Parking Ban","date_created":"2016-11-22","date_modified":null,"shape_length":308.5,"shape_area":5432.6}},{"type":"Feature","geometry":{"type":"Polygon","coordinates":[[[-87.7963151,41.8872951],[-87.7963114,41.8872952],[-87.7963078,41.8872954],[-87.7963042,41.8872956],[-87.7963007,41.8872959],[-87.7962989,41.8872961],[-87.7963211,41.8873306],[-87.7963213,41.8873308],[-87.7963215,41.8873311],[-87.7963217,41.8873313],[-87.7963219,41.8873316],[-87.796322,41.8873319],[-87.7963221,41.8873319],[-87.7963222,41.8873321],[-87.7963224,41.8873324],[-87.7963225,41.8873327],[-87.7963226,41.887333],[-87.7963227,41.8873333],[-87.7963228,41.8873336],[-87.7963229,41.8873339],[-87.7963229,41.8873342],[-87.796323,41.8873345],[-87.796323,41.8873348],[-87.796323,41.8873351],[-87.796323,41.8873354],[-87.7963229,41.8873357],[-87.7963229,41.887336],[-87.7963228,41.8873363],[-87.7963228,41.8873366],[-87.7963227,41.8873369],[-87.7963226,41.8873372],[-87.7963224,41.8873375],[-87.7963223,41.8873377],[-87.7963221,41.887338],[-87.796322,41.8873383],[-87.7963218,41.8873385],[-87.7963216,41.8873388],[-87.7963214,41.887339],[-87.7962779,41.8873662],[-87.79628,41.8874581],[-87.7962544,41.8874584],[-87.7962642,41.8878804],[-87.7962568,41.8878805],[-87.7962576,41.8878898],[-87.7964432,41.8878847],[-87.7964449,41.8878759],[-87.7964397,41.8873834],[-87.7963705,41.8873359],[-87.7963685,41.8873319],[-87.7963682,41.8873314],[-87.7963812,41.8873127],[-87.7963871,41.8873085],[-87.7963859,41.887308],[-87.7963827,41.8873067],[-87.7963794,41.8873055],[-87.796376,41.8873043],[-87.7963727,41.8873032],[-87.7963692,41.8873022],[-87.7963658,41.8873013],[-87.7963622,41.8873004],[-87.7963587,41.8872995],[-87.7963551,41.8872988],[-87.7963515,41.8872981],[-87.7963479,41.8872975],[-87.7963443,41.8872969],[-87.7963407,41.8872965],[-87.796337,41.8872961],[-87.7963333,41.8872957],[-87.7963297,41.8872955],[-87.796326,41.8872953],[-87.7963223,41.8872952],[-87.7963187,41.8872951],[-87.7963151,41.8872951]]]},"properties":{"ban_type":"lot","source_layer":9,"object_id":63,"parking_area_type":"PARKINGLOT","parking_area_name":"55","parking_enforcement":"Overnight Parking Ban","date_created":"2016-11-22","date_modified":null,"shape_length":527.8,"shape_area":9775.1}},{"type":"Feature","geometry":{"type":"Polygon","coordinates":[[[-87.774448,41.8691277],[-87.7744465,41.86913],[-87.7744494,41.8691836],[-87.774819,41.8691834],[-87.7748196,41.8691401],[-87.7748199,41.8691392],[-87.7748202,41.8691384],[-87.7748205,41.8691376],[-87.7748209,41.8691367],[-87.7748213,41.8691359],[-87.7748218,41.8691351],[-87.7748222,41.8691343],[-87.7748227,41.8691335],[-87.7748232,41.8691327],[-87.7748238,41.8691319],[-87.7748244,41.8691311],[-87.774825,41.8691303],[-87.7748256,41.8691296],[-87.7748263,41.8691288],[-87.774827,41.8691281],[-87.7748271,41.869128],[-87.774448,41.8691277]]]},"properties":{"ban_type":"lot","source_layer":9,"object_id":64,"parking_area_type":"ON-STREET","parking_area_name":"39","parking_enforcement":"Overnight Parking Ban","date_created":"2016-11-22","date_modified":null,"shape_length":245.1,"shape_area":2054.7}},{"type":"Feature","geometry":{"type":"Polygon","coordinates":[[[-87.7929118,41.8731126],[-87.7929288,41.8731124],[-87.7931583,41.8731095],[-87.7933521,41.873108],[-87.79335,41.8730651],[-87.7933504,41.8730647],[-87.7933508,41.8730643],[-87.7933512,41.8730639],[-87.7933517,41.8730635],[-87.7933523,41.8730632],[-87.7933529,41.8730629],[-87.7933535,41.8730626],[-87.7933541,41.8730623],[-87.7933548,41.8730621],[-87.7933555,41.873062],[-87.7933562,41.8730619],[-87.7933569,41.8730618],[-87.7933576,41.8730617],[-87.7933583,41.8730617],[-87.793359,41.8730618],[-87.7933596,41.8730618],[-87.7933603,41.8730619],[-87.793361,41.8730621],[-87.7933616,41.8730623],[-87.7933623,41.8730625],[-87.7933629,41.8730628],[-87.7933635,41.8730631],[-87.7933641,41.8730634],[-87.7933646,41.8730638],[-87.7933651,41.8730642],[-87.7933655,41.8730646],[-87.7933659,41.8730651],[-87.7933662,41.8730655],[-87.7933665,41.873066],[-87.7933667,41.8730665],[-87.7933703,41.8731075],[-87.7933782,41.8731073],[-87.7933706,41.8728283],[-87.7933663,41.8728013],[-87.793366,41.8728016],[-87.7933654,41.8728023],[-87.7933648,41.872803],[-87.7933642,41.8728037],[-87.7933635,41.8728044],[-87.7933628,41.872805],[-87.7933621,41.8728056],[-87.7933614,41.8728063],[-87.7933606,41.8728069],[-87.7933598,41.8728075],[-87.793359,41.8728081],[-87.7933582,41.8728086],[-87.7933574,41.8728092],[-87.7933566,41.8728097],[-87.7933557,41.8728102],[-87.7933548,41.8728107],[-87.7933545,41.8728109],[-87.7933539,41.8728112],[-87.793353,41.8728117],[-87.7933521,41.8728121],[-87.7933512,41.8728125],[-87.7933503,41.8728129],[-87.7933493,41.8728133],[-87.7933425,41.8728124],[-87.7933413,41.8728117],[-87.793341,41.8728101],[-87.7933396,41.8727753],[-87.7933043,41.8727666],[-87.7931309,41.872768],[-87.7929007,41.872771],[-87.7929084,41.8730012],[-87.7928908,41.8730036],[-87.7928862,41.8730042],[-87.7928421,41.8729948],[-87.7928449,41.8730692],[-87.7928921,41.8730595],[-87.7928942,41.8730591],[-87.7929115,41.8730577],[-87.7929118,41.8731126]],[[-87.7933554,41.8728799],[-87.7933561,41.8728799],[-87.7933568,41.87288],[-87.7933574,41.8728801],[-87.7933581,41.8728803],[-87.7933587,41.8728805],[-87.7933593,41.8728807],[-87.79336,41.872881],[-87.7933605,41.8728813],[-87.7933611,41.8728817],[-87.7933616,41.8728821],[-87.793362,41.8728825],[-87.7933625,41.8728829],[-87.7933628,41.8728833],[-87.7933631,41.8728838],[-87.7933634,41.8728843],[-87.7933636,41.8728848],[-87.7933663,41.872989],[-87.793366,41.8729895],[-87.7933657,41.87299],[-87.7933654,41.8729905],[-87.7933649,41.8729909],[-87.7933644,41.8729914],[-87.7933639,41.8729918],[-87.7933633,41.8729922],[-87.7933626,41.8729925],[-87.793362,41.8729928],[-87.7933612,41.872993],[-87.7933605,41.8729932],[-87.7933598,41.8729934],[-87.793359,41.8729935],[-87.7933583,41.8729935],[-87.7933576,41.8729935],[-87.7933569,41.8729935],[-87.7933562,41.8729934],[-87.7933554,41.8729933],[-87.7933547,41.8729931],[-87.793354,41.8729929],[-87.7933533,41.8729926],[-87.7933527,41.8729923],[-87.7933521,41.8729919],[-87.7933515,41.8729915],[-87.793351,41.872991],[-87.7933505,41.8729906],[-87.7933501,41.8729901],[-87.7933498,41.8729896],[-87.7933495,41.8729891],[-87.7933493,41.8729886],[-87.7933475,41.8729455],[-87.7931121,41.8729491],[-87.7930918,41.8729499],[-87.7929714,41.8729491],[-87.7929707,41.8729488],[-87.7929699,41.8729485],[-87.7929692,41.8729481],[-87.7929685,41.8729476],[-87.7929679,41.8729471],[-87.7929673,41.8729466],[-87.7929668,41.872946],[-87.7929663,41.8729454],[-87.7929659,41.8729448],[-87.7929656,41.8729441],[-87.7929654,41.8729435],[-87.7929652,41.8729428],[-87.7929652,41.8729421],[-87.7929652,41.8729415],[-87.7929652,41.8729408],[-87.7929654,41.8729402],[-87.7929656,41.8729396],[-87.7929658,41.8729389],[-87.7929662,41.8729383],[-87.7929666,41.8729377],[-87.7929671,41.8729371],[-87.7929677,41.8729366],[-87.7929683,41.8729361],[-87.792969,41.8729356],[-87.7929698,41.8729352],[-87.7929705,41.8729348],[-87.7929713,41.8729345],[-87.7929721,41.8729342],[-87.792973,41.872934],[-87.7929738,41.8729339],[-87.7933478,41.8729286],[-87.7933472,41.8728832],[-87.7933476,41.8728828],[-87.793348,41.8728824],[-87.7933484,41.872882],[-87.7933489,41.8728816],[-87.7933495,41.8728813],[-87.7933501,41.872881],[-87.7933507,41.8728807],[-87.7933513,41.8728804],[-87.793352,41.8728803],[-87.7933527,41.8728801],[-87.7933534,41.87288],[-87.7933541,41.8728799],[-87.7933548,41.8728799],[-87.7933554,41.8728799]]]},"properties":{"ban_type":"lot","source_layer":9,"object_id":65,"parking_area_type":"PARKINGLOT","parking_area_name":"1","parking_enforcement":"Overnight Parking Ban","date_created":"2016-11-22","date_modified":null,"shape_length":874.3,"shape_area":15203.1}},{"type":"Feature","geometry":{"type":"Polygon","coordinates":[[[-87.7824528,41.8870652],[-87.782474,41.8870804],[-87.7824962,41.8870963],[-87.7828989,41.8870825],[-87.782952,41.8870582],[-87.782971,41.8870495],[-87.7830321,41.8870215],[-87.7824528,41.8870652]]]},"properties":{"ban_type":"lot","source_layer":9,"object_id":66,"parking_area_type":"ON-STREET","parking_area_name":"SB2","parking_enforcement":"Overnight Parking Ban","date_created":"2016-11-22","date_modified":null,"shape_length":327.2,"shape_area":2113.8}},{"type":"Feature","geometry":{"type":"Polygon","coordinates":[[[-87.7745519,41.8722885],[-87.774554,41.872336],[-87.7748847,41.8723325],[-87.7748844,41.8722939],[-87.7748844,41.8722933],[-87.7748845,41.8722927],[-87.7748847,41.872292],[-87.774885,41.8722914],[-87.7748854,41.8722908],[-87.7748858,41.8722902],[-87.7748863,41.8722896],[-87.7748869,41.8722891],[-87.7748876,41.8722886],[-87.7748883,41.8722882],[-87.7748891,41.8722878],[-87.7748899,41.8722875],[-87.7748907,41.8722873],[-87.7748916,41.8722871],[-87.7748924,41.872287],[-87.7748932,41.8722869],[-87.774894,41.8722869],[-87.7748949,41.872287],[-87.7748958,41.8722871],[-87.7748967,41.8722873],[-87.7748975,41.8722876],[-87.7748984,41.8722879],[-87.7748991,41.8722883],[-87.7748998,41.8722887],[-87.7749005,41.8722892],[-87.7749011,41.8722897],[-87.7749016,41.8722903],[-87.774902,41.8722909],[-87.7749023,41.8722914],[-87.7749026,41.872292],[-87.7749046,41.8723376],[-87.7749661,41.8723364],[-87.7749679,41.8723345],[-87.7749676,41.8723346],[-87.7749646,41.872251],[-87.7749637,41.8722507],[-87.7749622,41.8722501],[-87.7749608,41.8722496],[-87.7749594,41.8722489],[-87.7749581,41.8722483],[-87.7749567,41.8722475],[-87.7749554,41.8722467],[-87.7749541,41.8722459],[-87.7749529,41.872245],[-87.7749518,41.8722441],[-87.7749506,41.8722432],[-87.7749496,41.8722422],[-87.7749486,41.8722411],[-87.7749477,41.8722401],[-87.7749468,41.872239],[-87.774946,41.8722379],[-87.7749453,41.8722368],[-87.7749446,41.8722356],[-87.7749441,41.8722344],[-87.7749435,41.8722333],[-87.7749431,41.8722321],[-87.7749428,41.8722309],[-87.7749425,41.8722297],[-87.7749422,41.8722286],[-87.7749421,41.8722274],[-87.774942,41.8722262],[-87.774942,41.8722251],[-87.774942,41.8721788],[-87.7746347,41.8721821],[-87.7746185,41.8721823],[-87.7745483,41.8721831],[-87.7745491,41.8722228],[-87.7745485,41.8722235],[-87.7745386,41.872235],[-87.7745401,41.872279],[-87.7745519,41.8722885]]]},"properties":{"ban_type":"lot","source_layer":9,"object_id":67,"parking_area_type":"PARKINGLOT","parking_area_name":"114","parking_enforcement":"Overnight Parking Ban","date_created":"2016-11-22","date_modified":null,"shape_length":370.0,"shape_area":6161.5}},{"type":"Feature","geometry":{"type":"Polygon","coordinates":[[[-87.7866163,41.8889867],[-87.7872146,41.8889774],[-87.7872152,41.8889868],[-87.787243,41.8889863],[-87.7872423,41.8889327],[-87.7872833,41.8889316],[-87.7872789,41.8887845],[-87.7872786,41.8887741],[-87.7872777,41.8887446],[-87.7872773,41.8887285],[-87.7872715,41.8885358],[-87.787103,41.888529],[-87.7870982,41.8885268],[-87.7870973,41.8885259],[-87.7870964,41.888525],[-87.7870955,41.888524],[-87.7870947,41.8885231],[-87.7870939,41.8885221],[-87.7870931,41.888521],[-87.7870924,41.88852],[-87.7870917,41.8885189],[-87.7870911,41.8885178],[-87.7870905,41.8885167],[-87.78709,41.8885156],[-87.7870895,41.8885145],[-87.7870891,41.8885133],[-87.7870887,41.8885121],[-87.7870884,41.888511],[-87.7870882,41.8885104],[-87.7870881,41.8885098],[-87.7870879,41.8885086],[-87.7870877,41.8885074],[-87.7870876,41.8885062],[-87.7870876,41.888505],[-87.7870876,41.8885038],[-87.7870876,41.8885026],[-87.7870878,41.8885014],[-87.7870879,41.8885003],[-87.7870881,41.8884991],[-87.7870884,41.888498],[-87.7870887,41.8884968],[-87.7870891,41.8884957],[-87.7870894,41.8884949],[-87.7870895,41.8884946],[-87.7870899,41.8884935],[-87.7871081,41.8884712],[-87.7869992,41.8884675],[-87.787013,41.8884921],[-87.787013,41.8884923],[-87.7870139,41.8885061],[-87.7870138,41.888507],[-87.7870137,41.8885079],[-87.7870135,41.8885088],[-87.7870132,41.8885097],[-87.7870128,41.8885106],[-87.7870124,41.8885115],[-87.7870119,41.8885124],[-87.7870114,41.8885133],[-87.7870108,41.8885142],[-87.7870101,41.888515],[-87.7870093,41.8885159],[-87.7870085,41.8885167],[-87.7870077,41.8885175],[-87.7870067,41.8885182],[-87.7870058,41.8885189],[-87.7870047,41.8885196],[-87.7870037,41.8885202],[-87.7870026,41.8885208],[-87.7870014,41.8885214],[-87.7870002,41.8885219],[-87.786999,41.8885223],[-87.7869978,41.8885227],[-87.7869966,41.888523],[-87.7869953,41.8885233],[-87.7869941,41.8885235],[-87.7869928,41.8885237],[-87.7869916,41.8885239],[-87.7869904,41.888524],[-87.7869892,41.888524],[-87.786988,41.888524],[-87.7868934,41.8885233],[-87.7865396,41.888524],[-87.7865404,41.8885504],[-87.7865414,41.8885502],[-87.7865425,41.88855],[-87.7865435,41.8885499],[-87.7865445,41.8885497],[-87.7865456,41.8885496],[-87.7865467,41.8885494],[-87.7865477,41.8885493],[-87.7865488,41.8885492],[-87.7865499,41.8885492],[-87.7865509,41.8885491],[-87.786552,41.8885491],[-87.7865531,41.888549],[-87.7865542,41.888549],[-87.7865552,41.888549],[-87.7865563,41.888549],[-87.7865574,41.888549],[-87.7865585,41.8885491],[-87.7865596,41.8885491],[-87.7865606,41.8885492],[-87.7865617,41.8885493],[-87.7865628,41.8885494],[-87.7865638,41.8885495],[-87.7865649,41.8885497],[-87.786566,41.8885498],[-87.786567,41.88855],[-87.786568,41.8885502],[-87.7865691,41.8885504],[-87.7865701,41.8885506],[-87.7865711,41.8885508],[-87.7865721,41.888551],[-87.7865746,41.8885516],[-87.7865772,41.8885523],[-87.7865796,41.8885532],[-87.786582,41.8885544],[-87.7865843,41.8885557],[-87.7865864,41.8885572],[-87.7865884,41.8885588],[-87.7865901,41.8885606],[-87.7865915,41.8885625],[-87.7865927,41.8885644],[-87.7865937,41.8885665],[-87.7865943,41.8885685],[-87.7865947,41.8885706],[-87.7865949,41.8885726],[-87.7865948,41.8885746],[-87.7865944,41.8885765],[-87.7865939,41.8885785],[-87.786593,41.8885804],[-87.7865919,41.8885824],[-87.7865905,41.8885843],[-87.7865889,41.8885861],[-87.7865871,41.8885878],[-87.786585,41.8885893],[-87.7865827,41.8885907],[-87.7865803,41.8885919],[-87.7865778,41.8885929],[-87.7865751,41.8885937],[-87.7865725,41.8885943],[-87.7865699,41.8885947],[-87.7865673,41.888595],[-87.7865439,41.8885946],[-87.7865525,41.8889412],[-87.7865946,41.88894],[-87.7865955,41.88894],[-87.7865965,41.8889399],[-87.7865975,41.8889399],[-87.7865985,41.88894],[-87.7865995,41.88894],[-87.7866005,41.8889402],[-87.7866016,41.8889404],[-87.7866026,41.8889406],[-87.7866037,41.8889409],[-87.7866047,41.8889412],[-87.7866057,41.8889416],[-87.7866067,41.888942],[-87.7866076,41.8889425],[-87.7866085,41.888943],[-87.7866093,41.8889436],[-87.7866102,41.8889442],[-87.7866109,41.8889449],[-87.7866116,41.8889455],[-87.7866122,41.8889462],[-87.7866128,41.888947],[-87.7866133,41.8889477],[-87.7866137,41.8889485],[-87.786614,41.8889492],[-87.7866143,41.88895],[-87.7866146,41.8889508],[-87.7866147,41.8889515],[-87.7866148,41.8889523],[-87.7866149,41.888953],[-87.7866148,41.8889537],[-87.7866148,41.8889545],[-87.7866163,41.8889867]]]},"properties":{"ban_type":"lot","source_layer":9,"object_id":68,"parking_area_type":"PARKINGLOT","parking_area_name":"22","parking_enforcement":"Overnight Parking Ban","date_created":"2016-11-22","date_modified":null,"shape_length":801.9,"shape_area":32878.6}},{"type":"Feature","geometry":{"type":"Polygon","coordinates":[[[-87.7789898,41.865801],[-87.7789909,41.865801],[-87.7789921,41.8658011],[-87.7789932,41.8658013],[-87.7789943,41.8658014],[-87.7789955,41.8658017],[-87.7789966,41.865802],[-87.7789977,41.8658023],[-87.7789988,41.8658026],[-87.7789999,41.8658031],[-87.7790009,41.8658035],[-87.779002,41.865804],[-87.7790029,41.8658045],[-87.7790039,41.8658051],[-87.7790048,41.8658057],[-87.7790056,41.8658064],[-87.7790064,41.865807],[-87.7790072,41.8658077],[-87.779004,41.8655135],[-87.7789781,41.8655146],[-87.7789412,41.8655161],[-87.7789426,41.8656478],[-87.7789918,41.8656486],[-87.7789928,41.8656487],[-87.7789937,41.8656488],[-87.7789947,41.865649],[-87.7789956,41.8656493],[-87.7789965,41.8656497],[-87.7789974,41.8656501],[-87.7789982,41.8656506],[-87.778999,41.8656512],[-87.7789997,41.8656518],[-87.7790002,41.8656524],[-87.7790007,41.8656531],[-87.7790011,41.8656538],[-87.7790014,41.8656545],[-87.7790016,41.8656552],[-87.7790018,41.8656559],[-87.7790018,41.8656566],[-87.7790018,41.8656574],[-87.7790016,41.8656581],[-87.7790014,41.8656589],[-87.7790011,41.8656596],[-87.7790006,41.8656603],[-87.7790001,41.865661],[-87.7789995,41.8656617],[-87.7789988,41.8656623],[-87.7789981,41.8656628],[-87.7789972,41.8656633],[-87.7789964,41.8656637],[-87.7789955,41.8656641],[-87.7789946,41.8656644],[-87.7789937,41.8656646],[-87.7789444,41.8656654],[-87.7789453,41.8658003],[-87.7789855,41.8658011],[-87.7789865,41.865801],[-87.7789876,41.865801],[-87.7789887,41.865801],[-87.7789898,41.865801]]]},"properties":{"ban_type":"lot","source_layer":9,"object_id":69,"parking_area_type":"ON-STREET","parking_area_name":"102","parking_enforcement":"Overnight Parking Ban","date_created":"2016-11-22","date_modified":null,"shape_length":274.3,"shape_area":1675.6}},{"type":"Feature","geometry":{"type":"Polygon","coordinates":[[[-87.7753782,41.8826198],[-87.7757097,41.8826147],[-87.775719,41.8826148],[-87.7757182,41.8826145],[-87.7757173,41.8826141],[-87.7757165,41.8826137],[-87.7757157,41.8826133],[-87.7757149,41.8826129],[-87.7757141,41.8826125],[-87.7757133,41.882612],[-87.7757125,41.8826116],[-87.7757118,41.8826111],[-87.775711,41.8826107],[-87.7757103,41.8826102],[-87.7757096,41.8826097],[-87.7757088,41.8826092],[-87.7757081,41.8826087],[-87.7757075,41.8826082],[-87.7757068,41.8826077],[-87.7757061,41.8826071],[-87.7757055,41.8826066],[-87.7757049,41.882606],[-87.7757036,41.8826005],[-87.7757014,41.8825908],[-87.7757007,41.8825853],[-87.7756939,41.88253],[-87.7756935,41.8825171],[-87.775693,41.8825037],[-87.7756894,41.8823996],[-87.7756889,41.882386],[-87.775684,41.8822414],[-87.7756078,41.8822427],[-87.7755844,41.8822031],[-87.7755844,41.8822025],[-87.7755851,41.8821877],[-87.7755852,41.8821864],[-87.7755953,41.8821529],[-87.7754868,41.8821559],[-87.775502,41.8821889],[-87.7755087,41.8822035],[-87.77551,41.8822063],[-87.7755272,41.8822284],[-87.7755276,41.8822291],[-87.7755279,41.8822297],[-87.7755283,41.8822304],[-87.7755285,41.8822311],[-87.7755288,41.8822319],[-87.775529,41.8822326],[-87.7755291,41.8822334],[-87.7755292,41.8822342],[-87.7755292,41.8822349],[-87.7755292,41.8822357],[-87.7755291,41.8822365],[-87.775529,41.8822373],[-87.7755288,41.8822381],[-87.7755286,41.8822389],[-87.7755283,41.8822397],[-87.7755279,41.8822405],[-87.7755275,41.8822412],[-87.775527,41.8822419],[-87.7755265,41.8822427],[-87.775526,41.8822433],[-87.7755254,41.882244],[-87.7755247,41.8822446],[-87.7755241,41.8822452],[-87.7755233,41.8822458],[-87.7755226,41.8822463],[-87.7755218,41.8822468],[-87.7755211,41.8822473],[-87.7755203,41.8822477],[-87.7755195,41.8822481],[-87.7755186,41.8822484],[-87.7754551,41.8822501],[-87.7754658,41.8825348],[-87.7754657,41.8825485],[-87.7753765,41.8825506],[-87.7753782,41.8826198]],[[-87.7756867,41.8825335],[-87.7756873,41.8825337],[-87.7756879,41.8825338],[-87.7756884,41.8825341],[-87.7756889,41.8825343],[-87.7756894,41.8825346],[-87.7756899,41.8825349],[-87.7756903,41.8825353],[-87.7756907,41.8825357],[-87.775691,41.8825361],[-87.7756913,41.8825365],[-87.7756915,41.8825369],[-87.7756917,41.8825374],[-87.7756918,41.8825378],[-87.7756918,41.8825382],[-87.7756918,41.8825387],[-87.7756918,41.8825391],[-87.7756917,41.8825396],[-87.7756915,41.88254],[-87.7756913,41.8825405],[-87.7756911,41.8825409],[-87.7756908,41.8825413],[-87.7756904,41.8825417],[-87.77569,41.8825421],[-87.7756895,41.8825424],[-87.775689,41.8825427],[-87.7756885,41.882543],[-87.775688,41.8825432],[-87.7756874,41.8825434],[-87.7756869,41.8825435],[-87.7756504,41.8825451],[-87.775474,41.8825461],[-87.7754735,41.8825459],[-87.775473,41.8825457],[-87.7754725,41.8825455],[-87.7754721,41.8825453],[-87.7754716,41.882545],[-87.7754713,41.8825447],[-87.7754709,41.8825443],[-87.7754706,41.882544],[-87.7754703,41.8825436],[-87.77547,41.8825432],[-87.7754698,41.8825428],[-87.7754697,41.8825424],[-87.7754695,41.882542],[-87.7754695,41.8825416],[-87.7754694,41.8825412],[-87.7754694,41.8825408],[-87.7754695,41.8825404],[-87.7754696,41.88254],[-87.7754697,41.8825396],[-87.7754699,41.8825392],[-87.7754701,41.8825388],[-87.7754704,41.8825384],[-87.7754707,41.8825381],[-87.775471,41.8825377],[-87.7754714,41.8825374],[-87.7754718,41.8825372],[-87.7754723,41.8825369],[-87.7754727,41.8825367],[-87.7754732,41.8825365],[-87.7754737,41.8825363],[-87.7756862,41.8825334],[-87.7756867,41.8825335]]]},"properties":{"ban_type":"lot","source_layer":9,"object_id":70,"parking_area_type":"PARKINGLOT","parking_area_name":"36","parking_enforcement":"Overnight Parking Ban","date_created":"2016-11-22","date_modified":null,"shape_length":653.9,"shape_area":9611.2}},{"type":"Feature","geometry":{"type":"Polygon","coordinates":[[[-87.7794545,41.88025],[-87.7794628,41.8804754],[-87.7795056,41.8804563],[-87.7794976,41.8802127],[-87.7794545,41.88025]]]},"properties":{"ban_type":"lot","source_layer":9,"object_id":71,"parking_area_type":"ON-STREET","parking_area_name":"92","parking_enforcement":"Overnight Parking Ban","date_created":"2016-11-22","date_modified":null,"shape_length":202.5,"shape_area":1023.8}},{"type":"Feature","geometry":{"type":"Polygon","coordinates":[[[-87.7752391,41.8871874],[-87.7752525,41.8872005],[-87.7752465,41.8872065],[-87.7752517,41.8872063],[-87.7752568,41.8872062],[-87.7762764,41.8871923],[-87.7762341,41.8871594],[-87.7762332,41.8871588],[-87.7762323,41.8871581],[-87.7762314,41.8871573],[-87.7762306,41.8871565],[-87.7762298,41.8871557],[-87.776229,41.8871548],[-87.7762283,41.8871539],[-87.7762277,41.887153],[-87.7762271,41.887152],[-87.7762266,41.887151],[-87.7762261,41.88715],[-87.7762257,41.8871489],[-87.7762254,41.8871478],[-87.7762251,41.8871468],[-87.776225,41.8871457],[-87.7762248,41.8871446],[-87.7762248,41.8871435],[-87.7762249,41.8871424],[-87.776225,41.8871413],[-87.7762252,41.8871402],[-87.7762254,41.8871392],[-87.7762257,41.8871381],[-87.7762261,41.8871371],[-87.7762266,41.8871361],[-87.7762271,41.8871352],[-87.7762276,41.8871342],[-87.7762283,41.8871333],[-87.7762289,41.8871325],[-87.7762296,41.8871316],[-87.7762303,41.8871308],[-87.7762319,41.8871296],[-87.7762336,41.8871284],[-87.7762352,41.8871273],[-87.7762369,41.8871261],[-87.7762387,41.887125],[-87.7762404,41.8871239],[-87.7762422,41.8871228],[-87.776244,41.8871218],[-87.7762458,41.8871208],[-87.7762477,41.8871197],[-87.7762496,41.8871188],[-87.7762515,41.8871178],[-87.7762535,41.8871169],[-87.7762554,41.887116],[-87.7762574,41.8871151],[-87.7762594,41.8871142],[-87.7762615,41.8871134],[-87.7762635,41.8871126],[-87.7762656,41.8871119],[-87.7762676,41.8871111],[-87.7762697,41.8871104],[-87.7762719,41.8871097],[-87.776274,41.8871091],[-87.7762761,41.8871084],[-87.7762783,41.8871079],[-87.7762799,41.8871074],[-87.7761732,41.887104],[-87.7761733,41.8871041],[-87.7761738,41.8871047],[-87.7761743,41.8871054],[-87.7761747,41.887106],[-87.7761751,41.8871067],[-87.7761754,41.8871074],[-87.7761756,41.8871082],[-87.7761757,41.8871089],[-87.7761758,41.8871097],[-87.7761757,41.8871105],[-87.7761756,41.8871113],[-87.7761753,41.8871121],[-87.776175,41.8871128],[-87.7761746,41.8871136],[-87.7761742,41.8871143],[-87.7761736,41.8871149],[-87.776173,41.8871156],[-87.7761724,41.8871161],[-87.7761717,41.8871166],[-87.77517,41.8871311],[-87.7751691,41.8871308],[-87.7751682,41.8871303],[-87.7751674,41.8871299],[-87.7751665,41.8871294],[-87.7751657,41.8871288],[-87.7751649,41.8871282],[-87.7751642,41.8871275],[-87.7751635,41.8871267],[-87.7751628,41.8871259],[-87.7751623,41.8871251],[-87.7751618,41.8871242],[-87.7751614,41.8871233],[-87.7751611,41.8871224],[-87.7751609,41.8871214],[-87.7751607,41.8871205],[-87.7751607,41.8871195],[-87.7751608,41.8871185],[-87.775161,41.8871176],[-87.7751611,41.8871172],[-87.7750513,41.8871278],[-87.7750526,41.8871279],[-87.7750547,41.8871282],[-87.7750567,41.8871285],[-87.7750587,41.8871288],[-87.7750607,41.8871291],[-87.7750628,41.8871294],[-87.7750648,41.8871298],[-87.7750668,41.8871302],[-87.7750688,41.8871306],[-87.7750707,41.8871311],[-87.7750727,41.8871315],[-87.7750746,41.887132],[-87.7750766,41.8871325],[-87.7750785,41.8871331],[-87.7750804,41.8871337],[-87.7750823,41.8871342],[-87.7750842,41.8871349],[-87.775086,41.8871355],[-87.7750879,41.8871361],[-87.7750897,41.8871368],[-87.7750944,41.8871399],[-87.775141,41.8871709],[-87.7752068,41.8871702],[-87.7752391,41.8871874]]]},"properties":{"ban_type":"lot","source_layer":9,"object_id":72,"parking_area_type":"PARKINGLOT","parking_area_name":"35","parking_enforcement":"Overnight Parking Ban","date_created":"2016-11-22","date_modified":null,"shape_length":735.0,"shape_area":8346.4}},{"type":"Feature","geometry":{"type":"Polygon","coordinates":[[[-87.8033601,41.8866402],[-87.8038014,41.8866322],[-87.8038015,41.8866384],[-87.8038094,41.8866382],[-87.8038068,41.8865606],[-87.8039363,41.8865582],[-87.803939,41.8866348],[-87.8039855,41.8866338],[-87.8039862,41.8865556],[-87.8039936,41.8865558],[-87.8040031,41.886556],[-87.8040088,41.8865568],[-87.8040221,41.8865585],[-87.8040435,41.886564],[-87.8040402,41.8864994],[-87.8040399,41.8864881],[-87.8040046,41.8864969],[-87.8040039,41.8864971],[-87.8039903,41.8864952],[-87.8039891,41.886495],[-87.8039825,41.8864898],[-87.8039713,41.8862371],[-87.803508,41.8862493],[-87.8034221,41.886252],[-87.8034054,41.8862598],[-87.8033446,41.8862613],[-87.8033553,41.8865193],[-87.8033601,41.8866402]]]},"properties":{"ban_type":"lot","source_layer":9,"object_id":73,"parking_area_type":"PARKINGLOT","parking_area_name":"115","parking_enforcement":"Overnight Parking Ban","date_created":"2016-11-22","date_modified":null,"shape_length":719.8,"shape_area":23675.3}},{"type":"Feature","geometry":{"type":"MultiPolygon","coordinates":[[[[-87.7767845,41.887193],[-87.777334,41.8871846],[-87.7773124,41.8871617],[-87.777312,41.8871609],[-87.7773116,41.8871601],[-87.7773113,41.8871593],[-87.777311,41.8871585],[-87.7773108,41.8871576],[-87.7773107,41.8871567],[-87.7773106,41.8871557],[-87.7773106,41.8871548],[-87.7773107,41.8871538],[-87.7773109,41.8871528],[-87.7773111,41.8871519],[-87.7773115,41.8871509],[-87.7773119,41.88715],[-87.7773123,41.8871493],[-87.7767471,41.8871324],[-87.7767454,41.8871324],[-87.7767845,41.887193]]],[[[-87.7778805,41.887141],[-87.7779118,41.8871769],[-87.7782328,41.8871733],[-87.7782177,41.8871562],[-87.7782175,41.8871555],[-87.7782173,41.8871547],[-87.7782171,41.8871539],[-87.778217,41.887153],[-87.778217,41.8871522],[-87.778217,41.8871514],[-87.778217,41.8871505],[-87.7782171,41.8871497],[-87.7782172,41.8871488],[-87.7782174,41.887148],[-87.7782177,41.8871471],[-87.778218,41.8871463],[-87.7782183,41.8871454],[-87.7782187,41.8871446],[-87.7782192,41.8871438],[-87.7782197,41.887143],[-87.7782202,41.8871422],[-87.7782208,41.8871414],[-87.7782214,41.8871407],[-87.7782221,41.88714],[-87.7782228,41.8871393],[-87.7782235,41.8871386],[-87.7782243,41.887138],[-87.7782251,41.8871374],[-87.7782259,41.8871368],[-87.7782268,41.8871363],[-87.7778805,41.887141]]],[[[-87.7774002,41.8871464],[-87.7774078,41.8871511],[-87.7774295,41.8871818],[-87.7776539,41.8871802],[-87.7776382,41.8871615],[-87.7776377,41.8871611],[-87.7776372,41.8871607],[-87.7776368,41.8871603],[-87.7776363,41.8871598],[-87.7776359,41.8871593],[-87.7776355,41.8871587],[-87.7776352,41.8871582],[-87.7776349,41.8871576],[-87.7776346,41.887157],[-87.7776344,41.8871563],[-87.7776343,41.8871557],[-87.7776342,41.887155],[-87.7776342,41.8871543],[-87.7776343,41.8871537],[-87.7776344,41.887153],[-87.7776345,41.8871523],[-87.7776348,41.8871517],[-87.7776351,41.887151],[-87.7776354,41.8871504],[-87.7776358,41.8871498],[-87.7776363,41.8871493],[-87.7776367,41.8871487],[-87.7776373,41.8871483],[-87.7776378,41.8871478],[-87.7776384,41.8871474],[-87.777639,41.887147],[-87.7776396,41.8871466],[-87.7776403,41.8871463],[-87.7776409,41.887146],[-87.7776416,41.8871458],[-87.7776472,41.8871437],[-87.7774002,41.8871464]]]]},"properties":{"ban_type":"lot","source_layer":9,"object_id":74,"parking_area_type":"ON-STREET","parking_area_name":"SB1","parking_enforcement":"Overnight Parking Ban","date_created":"2016-11-22","date_modified":null,"shape_length":716.6,"shape_area":4620.5}},{"type":"Feature","geometry":{"type":"Polygon","coordinates":[[[-87.776601,41.8879386],[-87.7766021,41.887938],[-87.7766033,41.8879374],[-87.7766046,41.8879368],[-87.7766059,41.8879362],[-87.7766072,41.8879357],[-87.7766085,41.8879352],[-87.7766098,41.8879348],[-87.7766112,41.8879343],[-87.7766126,41.887934],[-87.776614,41.8879336],[-87.7766154,41.8879333],[-87.7766168,41.8879331],[-87.7766182,41.8879328],[-87.7766196,41.8879326],[-87.776621,41.8879325],[-87.7766224,41.8879324],[-87.7766239,41.8879323],[-87.7766253,41.8879323],[-87.7766266,41.8879323],[-87.7766601,41.8879319],[-87.776653,41.8876279],[-87.7766126,41.8876276],[-87.7766027,41.8876255],[-87.7765967,41.8876226],[-87.7765946,41.8876211],[-87.776601,41.8879386]]]},"properties":{"ban_type":"lot","source_layer":9,"object_id":75,"parking_area_type":"ON-STREET","parking_area_name":"101","parking_enforcement":"Overnight Parking Ban","date_created":"2016-11-22","date_modified":null,"shape_length":259.6,"shape_area":1783.8}},{"type":"Feature","geometry":{"type":"Polygon","coordinates":[[[-87.7972235,41.8864423],[-87.7972413,41.8864427],[-87.7972419,41.8864432],[-87.7972474,41.8864481],[-87.797257,41.8867333],[-87.7973181,41.8867638],[-87.7973233,41.8867702],[-87.7973239,41.8867748],[-87.797324,41.8867787],[-87.7973238,41.8867793],[-87.7973224,41.8867831],[-87.7973213,41.8867877],[-87.79732,41.8867926],[-87.7973186,41.8867948],[-87.7973157,41.8867994],[-87.7973044,41.8868129],[-87.7974088,41.8868112],[-87.7974016,41.8868044],[-87.7973983,41.8867985],[-87.7973969,41.8867937],[-87.7973961,41.8867912],[-87.7973957,41.8867829],[-87.7973969,41.8867789],[-87.7973979,41.8867755],[-87.7974045,41.8867654],[-87.7974102,41.8867611],[-87.797463,41.8867275],[-87.7974582,41.8864244],[-87.7973695,41.8864266],[-87.797368,41.8863925],[-87.7972405,41.886395],[-87.7972222,41.8863953],[-87.7972118,41.8863955],[-87.7972041,41.8863955],[-87.797196,41.886395],[-87.7971829,41.8863914],[-87.7971792,41.8863902],[-87.7971809,41.8864424],[-87.7971811,41.8864486],[-87.7971812,41.8864482],[-87.7971812,41.8864479],[-87.7971813,41.8864476],[-87.7971814,41.8864473],[-87.7971815,41.886447],[-87.7971817,41.8864467],[-87.7971818,41.8864463],[-87.797182,41.886446],[-87.7971822,41.8864457],[-87.7971825,41.8864454],[-87.7971827,41.8864451],[-87.797183,41.8864448],[-87.7971832,41.8864445],[-87.7971835,41.8864443],[-87.7971838,41.886444],[-87.7971842,41.8864437],[-87.7971845,41.8864435],[-87.7971849,41.8864433],[-87.7971853,41.8864431],[-87.7971856,41.8864429],[-87.797186,41.8864427],[-87.7971864,41.8864425],[-87.7971868,41.8864423],[-87.7971872,41.8864422],[-87.7971877,41.8864421],[-87.7971881,41.886442],[-87.7971885,41.8864419],[-87.7971889,41.8864418],[-87.7971893,41.8864417],[-87.7971898,41.8864417],[-87.7972235,41.8864423]]]},"properties":{"ban_type":"lot","source_layer":9,"object_id":76,"parking_area_type":"PARKINGLOT","parking_area_name":"59","parking_enforcement":"Overnight Parking Ban","date_created":"2016-11-22","date_modified":null,"shape_length":451.5,"shape_area":7898.6}},{"type":"Feature","geometry":{"type":"MultiPolygon","coordinates":[[[[-87.7808177,41.8871029],[-87.7808491,41.8871406],[-87.7812608,41.8871349],[-87.7812591,41.8871111],[-87.781259,41.8871105],[-87.7812589,41.8871098],[-87.7812589,41.8871091],[-87.7812589,41.8871084],[-87.781259,41.8871077],[-87.7812591,41.887107],[-87.7812593,41.8871062],[-87.7812595,41.8871055],[-87.7812597,41.8871048],[-87.7812601,41.8871041],[-87.7812604,41.8871034],[-87.7812609,41.8871027],[-87.7812613,41.887102],[-87.7812619,41.8871013],[-87.7812624,41.8871007],[-87.7812631,41.8871001],[-87.7812637,41.8870995],[-87.7812644,41.8870989],[-87.7812652,41.8870984],[-87.7812659,41.8870979],[-87.7812667,41.8870974],[-87.7812676,41.887097],[-87.7812684,41.8870966],[-87.7812693,41.8870962],[-87.7812701,41.8870959],[-87.781271,41.8870956],[-87.7812719,41.8870954],[-87.7812728,41.8870952],[-87.7812737,41.887095],[-87.7812745,41.8870948],[-87.781275,41.8870943],[-87.7808177,41.8871029]]],[[[-87.7799499,41.887114],[-87.7799522,41.8871162],[-87.7799822,41.8871509],[-87.780359,41.8871473],[-87.7803586,41.887117],[-87.7803589,41.8871165],[-87.7803593,41.887116],[-87.7803597,41.8871156],[-87.7803601,41.8871151],[-87.7803605,41.8871146],[-87.7803609,41.8871141],[-87.7803614,41.8871137],[-87.7803618,41.8871132],[-87.7803623,41.8871128],[-87.7803628,41.8871123],[-87.7803633,41.8871119],[-87.7803638,41.8871115],[-87.7803644,41.8871111],[-87.7803649,41.8871107],[-87.7803655,41.8871103],[-87.7803661,41.8871099],[-87.7803667,41.8871096],[-87.7803673,41.8871092],[-87.7803679,41.8871089],[-87.7803685,41.8871085],[-87.7799499,41.887114]]],[[[-87.7804182,41.8871079],[-87.7804188,41.8871082],[-87.7804194,41.8871086],[-87.7804201,41.887109],[-87.7804207,41.8871094],[-87.7804212,41.8871099],[-87.7804218,41.8871103],[-87.7804224,41.8871108],[-87.7804229,41.8871112],[-87.7804234,41.8871117],[-87.7804239,41.8871121],[-87.7804244,41.8871126],[-87.7804249,41.8871131],[-87.7804253,41.8871136],[-87.7804258,41.8871141],[-87.7804505,41.8871445],[-87.7807575,41.8871412],[-87.7807568,41.8871162],[-87.780757,41.8871156],[-87.7807571,41.8871149],[-87.7807573,41.8871142],[-87.7807575,41.8871135],[-87.7807578,41.8871128],[-87.780758,41.8871121],[-87.7807584,41.8871115],[-87.7807587,41.8871108],[-87.7807591,41.8871101],[-87.7807595,41.8871095],[-87.7807599,41.8871088],[-87.7807604,41.8871082],[-87.7807609,41.8871076],[-87.7807614,41.887107],[-87.7807619,41.8871064],[-87.7807625,41.8871058],[-87.7807631,41.8871052],[-87.7807637,41.8871047],[-87.7807644,41.8871041],[-87.7807651,41.8871036],[-87.7807652,41.8871035],[-87.7804182,41.8871079]]]]},"properties":{"ban_type":"lot","source_layer":9,"object_id":77,"parking_area_type":"ON-STREET","parking_area_name":"65","parking_enforcement":"Overnight Parking Ban","date_created":"2016-11-22","date_modified":null,"shape_length":726.2,"shape_area":4341.9}},{"type":"Feature","geometry":{"type":"Polygon","coordinates":[[[-87.8043138,41.8866479],[-87.8043093,41.8866682],[-87.8043042,41.8866814],[-87.8044014,41.88668],[-87.8043975,41.8866726],[-87.8043912,41.8866532],[-87.8043914,41.8866464],[-87.8043917,41.8866327],[-87.8048097,41.8866261],[-87.8048081,41.886528],[-87.8048446,41.8865271],[-87.80484,41.8862162],[-87.8046109,41.8862182],[-87.8046059,41.8863237],[-87.8043668,41.886335],[-87.8043344,41.8863368],[-87.8043087,41.8863412],[-87.8042843,41.8863468],[-87.8042715,41.8863511],[-87.8042572,41.886357],[-87.8042408,41.8863637],[-87.8042268,41.8863686],[-87.8042229,41.8863696],[-87.8042155,41.8863713],[-87.8042005,41.8863715],[-87.8041987,41.8863711],[-87.8041826,41.8863669],[-87.8041668,41.8863611],[-87.8041698,41.8864318],[-87.8041978,41.8864307],[-87.8042012,41.8864308],[-87.8042233,41.8864315],[-87.8042328,41.8866348],[-87.8043156,41.886633],[-87.8043138,41.8866479]]]},"properties":{"ban_type":"lot","source_layer":9,"object_id":78,"parking_area_type":"PARKINGLOT","parking_area_name":"108","parking_enforcement":"Overnight Parking Ban","date_created":"2016-11-22","date_modified":null,"shape_length":695.8,"shape_area":21146.7}},{"type":"Feature","geometry":{"type":"MultiPolygon","coordinates":[[[[-87.7796801,41.8877679],[-87.7796871,41.8880123],[-87.7797466,41.8879748],[-87.7797359,41.8877209],[-87.7796801,41.8877679]]],[[[-87.7796753,41.8876782],[-87.7797209,41.8876423],[-87.7797278,41.8876407],[-87.7797326,41.8876418],[-87.7797304,41.8875902],[-87.7797181,41.8876004],[-87.7796744,41.8876333],[-87.7796753,41.8876782]]]]},"properties":{"ban_type":"lot","source_layer":9,"object_id":79,"parking_area_type":"ON-STREET","parking_area_name":"67","parking_enforcement":"Overnight Parking Ban","date_created":"2016-11-22","date_modified":null,"shape_length":304.2,"shape_area":1718.0}},{"type":"Feature","geometry":{"type":"MultiPolygon","coordinates":[[[[-87.7790526,41.8871259],[-87.7790532,41.8871263],[-87.7790539,41.8871267],[-87.7790546,41.8871271],[-87.7790553,41.8871276],[-87.779056,41.887128],[-87.7790567,41.8871284],[-87.7790574,41.8871288],[-87.7790581,41.8871293],[-87.7790587,41.8871297],[-87.7790594,41.8871302],[-87.7790601,41.8871306],[-87.7790608,41.887131],[-87.7790614,41.8871315],[-87.7790621,41.8871319],[-87.7790628,41.8871324],[-87.7790634,41.8871328],[-87.779084,41.8871604],[-87.7792056,41.8871592],[-87.7796146,41.887155],[-87.7796032,41.8871382],[-87.779603,41.8871372],[-87.7796028,41.8871361],[-87.7796027,41.887135],[-87.7796027,41.8871339],[-87.7796027,41.8871327],[-87.7796029,41.8871316],[-87.7796031,41.8871304],[-87.7796034,41.8871292],[-87.7796037,41.8871281],[-87.7796042,41.8871269],[-87.7796047,41.8871258],[-87.7796053,41.8871246],[-87.779606,41.8871235],[-87.7796068,41.8871224],[-87.7796076,41.8871214],[-87.7796086,41.8871203],[-87.7796096,41.8871194],[-87.7796106,41.8871184],[-87.7796117,41.8871175],[-87.7796129,41.8871167],[-87.7790526,41.8871259]]],[[[-87.7787353,41.8871305],[-87.7787681,41.8871662],[-87.7789631,41.8871638],[-87.7789782,41.8871636],[-87.7789645,41.887139],[-87.778964,41.8871385],[-87.7789635,41.8871379],[-87.7789631,41.8871372],[-87.7789627,41.8871366],[-87.7789624,41.8871359],[-87.7789622,41.8871352],[-87.778962,41.8871345],[-87.778962,41.8871337],[-87.7789619,41.887133],[-87.778962,41.8871323],[-87.7789621,41.8871315],[-87.7789623,41.8871308],[-87.7789626,41.8871302],[-87.7789629,41.8871295],[-87.7789632,41.8871289],[-87.7789637,41.8871283],[-87.7789642,41.8871277],[-87.7789646,41.8871272],[-87.7787353,41.8871305]]],[[[-87.7783049,41.8871355],[-87.7783135,41.8871389],[-87.7783394,41.8871708],[-87.7785033,41.8871695],[-87.7785207,41.8871693],[-87.7785012,41.8871468],[-87.7785008,41.8871461],[-87.7785005,41.8871454],[-87.7785001,41.8871447],[-87.7784999,41.8871439],[-87.7784996,41.8871431],[-87.7784994,41.8871423],[-87.7784993,41.8871415],[-87.7784992,41.8871407],[-87.7784992,41.8871398],[-87.7784993,41.887139],[-87.7784994,41.8871381],[-87.7784996,41.8871373],[-87.7784998,41.8871364],[-87.7785001,41.8871356],[-87.7785005,41.8871348],[-87.7785009,41.887134],[-87.7785012,41.8871335],[-87.7783049,41.8871355]]]]},"properties":{"ban_type":"lot","source_layer":9,"object_id":80,"parking_area_type":"ON-STREET","parking_area_name":"64","parking_enforcement":"Overnight Parking Ban","date_created":"2016-11-22","date_modified":null,"shape_length":611.6,"shape_area":3378.6}},{"type":"Feature","geometry":{"type":"Polygon","coordinates":[[[-87.7984899,41.8799519],[-87.7984893,41.8799362],[-87.7984864,41.879867],[-87.7984717,41.879867],[-87.798471,41.879867],[-87.7984703,41.8798671],[-87.7984696,41.8798671],[-87.7984689,41.8798671],[-87.7984681,41.8798671],[-87.7984674,41.879867],[-87.7984666,41.8798669],[-87.7984659,41.8798667],[-87.7984651,41.8798666],[-87.7984644,41.8798664],[-87.7984636,41.8798661],[-87.7984629,41.8798659],[-87.7984622,41.8798656],[-87.7984615,41.8798653],[-87.7984609,41.8798649],[-87.7984602,41.8798645],[-87.7984596,41.8798641],[-87.7984591,41.8798637],[-87.7984586,41.8798632],[-87.7984581,41.8798627],[-87.7984576,41.8798622],[-87.7984572,41.8798617],[-87.7984569,41.8798612],[-87.7984565,41.8798607],[-87.7984563,41.8798602],[-87.798456,41.8798596],[-87.7984558,41.8798591],[-87.7984557,41.8798586],[-87.7984556,41.8798581],[-87.7984555,41.8798575],[-87.7984549,41.8798444],[-87.7984861,41.8798425],[-87.7984852,41.8798176],[-87.7984572,41.8798194],[-87.7984476,41.87982],[-87.798447,41.8798199],[-87.7984464,41.8798197],[-87.7984459,41.8798195],[-87.7984453,41.8798193],[-87.7984447,41.8798191],[-87.7984441,41.8798189],[-87.7984436,41.8798187],[-87.798443,41.8798184],[-87.7984424,41.8798182],[-87.7984418,41.8798179],[-87.7984413,41.8798177],[-87.7984407,41.8798174],[-87.7984402,41.8798171],[-87.7984396,41.8798168],[-87.7984391,41.8798165],[-87.7984386,41.8798162],[-87.798438,41.8798159],[-87.7984375,41.8798156],[-87.7984371,41.8798153],[-87.7984366,41.8798149],[-87.7984361,41.8798146],[-87.7984357,41.8798143],[-87.7984353,41.879814],[-87.7984349,41.8798136],[-87.7984345,41.8798133],[-87.7984341,41.879813],[-87.7984337,41.8798126],[-87.7984334,41.8798123],[-87.7984331,41.879812],[-87.7984328,41.8798116],[-87.7984326,41.879812],[-87.7984322,41.8798131],[-87.7984295,41.8801057],[-87.7984342,41.8802007],[-87.7984988,41.8802013],[-87.7984948,41.8800887],[-87.798471,41.8800884],[-87.7984707,41.8800884],[-87.7984705,41.8800884],[-87.7984702,41.8800884],[-87.7984699,41.8800884],[-87.7984695,41.8800884],[-87.7984692,41.8800883],[-87.7984689,41.8800883],[-87.7984686,41.8800882],[-87.7984683,41.8800881],[-87.798468,41.880088],[-87.7984677,41.8800879],[-87.7984674,41.8800878],[-87.7984671,41.8800877],[-87.7984669,41.8800876],[-87.7984666,41.8800874],[-87.7984663,41.8800872],[-87.7984661,41.8800871],[-87.7984659,41.8800869],[-87.7984657,41.8800867],[-87.7984655,41.8800865],[-87.7984653,41.8800863],[-87.7984651,41.8800861],[-87.798465,41.8800859],[-87.7984649,41.8800857],[-87.7984647,41.8800854],[-87.7984647,41.8800852],[-87.7984646,41.880085],[-87.7984645,41.8800848],[-87.7984645,41.8800846],[-87.7984644,41.8800844],[-87.7984638,41.8800647],[-87.7984638,41.8800645],[-87.7984638,41.8800642],[-87.7984638,41.8800639],[-87.7984639,41.8800636],[-87.798464,41.8800633],[-87.798464,41.880063],[-87.7984641,41.8800628],[-87.7984643,41.8800625],[-87.7984644,41.8800622],[-87.7984646,41.8800619],[-87.7984648,41.8800616],[-87.7984651,41.8800613],[-87.7984653,41.8800611],[-87.7984656,41.8800608],[-87.7984659,41.8800606],[-87.7984662,41.8800604],[-87.7984665,41.8800602],[-87.7984669,41.88006],[-87.7984672,41.8800598],[-87.7984676,41.8800597],[-87.798468,41.8800595],[-87.7984684,41.8800594],[-87.7984688,41.8800593],[-87.7984691,41.8800592],[-87.7984695,41.8800592],[-87.7984699,41.8800591],[-87.7984703,41.8800591],[-87.7984707,41.8800591],[-87.798471,41.8800591],[-87.7984714,41.8800591],[-87.7984899,41.8800585],[-87.7984895,41.8800198],[-87.7984894,41.8800089],[-87.7984899,41.8799519]]]},"properties":{"ban_type":"lot","source_layer":9,"object_id":81,"parking_area_type":"ON-STREET","parking_area_name":"100","parking_enforcement":"Overnight Parking Ban","date_created":"2016-11-22","date_modified":null,"shape_length":343.0,"shape_area":2131.8}},{"type":"Feature","geometry":{"type":"Polygon","coordinates":[[[-87.7950667,41.8652041],[-87.7950076,41.8652057],[-87.7950088,41.8652097],[-87.7950101,41.86521],[-87.7950114,41.8652103],[-87.7950126,41.8652107],[-87.7950139,41.8652112],[-87.7950151,41.8652117],[-87.7950163,41.8652122],[-87.7950175,41.8652127],[-87.7950187,41.8652134],[-87.7950198,41.865214],[-87.7950209,41.8652147],[-87.795022,41.8652154],[-87.795023,41.8652162],[-87.795024,41.865217],[-87.795025,41.8652179],[-87.7950259,41.8652188],[-87.7950267,41.8652197],[-87.7950275,41.8652206],[-87.7950282,41.8652215],[-87.7950288,41.8652225],[-87.7950294,41.8652235],[-87.79503,41.8652245],[-87.7950304,41.8652255],[-87.7950308,41.8652265],[-87.7950308,41.8652265],[-87.7950312,41.8652276],[-87.7950315,41.8652286],[-87.7950317,41.8652296],[-87.7950319,41.8652306],[-87.795032,41.8652317],[-87.795032,41.8652327],[-87.795032,41.8652337],[-87.795032,41.8652343],[-87.7950319,41.8652349],[-87.7950318,41.8652355],[-87.7950317,41.8652361],[-87.7950315,41.8652367],[-87.7950313,41.8652373],[-87.7950311,41.865238],[-87.7950308,41.8652386],[-87.7950305,41.8652392],[-87.7950302,41.8652398],[-87.7950299,41.8652404],[-87.7950295,41.865241],[-87.795029,41.8652415],[-87.7950286,41.8652421],[-87.7950281,41.8652427],[-87.7950276,41.8652432],[-87.795027,41.8652437],[-87.7950265,41.8652442],[-87.7950259,41.8652447],[-87.7950252,41.8652451],[-87.7950246,41.8652456],[-87.7950239,41.865246],[-87.7950233,41.8652464],[-87.7950226,41.8652468],[-87.7950219,41.8652471],[-87.7950211,41.8652475],[-87.7950204,41.8652478],[-87.7950197,41.865248],[-87.7950189,41.8652483],[-87.7950182,41.8652485],[-87.7949709,41.8652661],[-87.7949766,41.8654887],[-87.7949761,41.8654892],[-87.7949756,41.8654896],[-87.794975,41.8654901],[-87.7949745,41.8654905],[-87.7949739,41.8654909],[-87.7949733,41.8654913],[-87.7949727,41.8654917],[-87.7949721,41.8654921],[-87.7949714,41.8654925],[-87.7949708,41.8654928],[-87.7949707,41.8654929],[-87.7949701,41.8654932],[-87.7949695,41.8654935],[-87.7949688,41.8654939],[-87.7949681,41.8654942],[-87.7949674,41.8654945],[-87.7949667,41.8654948],[-87.794966,41.8654951],[-87.7949652,41.8654953],[-87.7949645,41.8654956],[-87.7949638,41.8654958],[-87.794963,41.8654961],[-87.7949623,41.8654963],[-87.7949615,41.8654965],[-87.7949607,41.8654967],[-87.79496,41.8654968],[-87.7949592,41.865497],[-87.7949584,41.8654971],[-87.7949576,41.8654973],[-87.7949569,41.8654974],[-87.7949561,41.8654975],[-87.794949,41.8654975],[-87.7949504,41.865567],[-87.7949514,41.865567],[-87.7949563,41.8655674],[-87.7949713,41.8655699],[-87.7949825,41.8655718],[-87.79507,41.86557],[-87.7950692,41.8654862],[-87.7950667,41.8652041]]]},"properties":{"ban_type":"lot","source_layer":9,"object_id":82,"parking_area_type":"PARKINGLOT","parking_area_name":"37","parking_enforcement":"Overnight Parking Ban","date_created":"2016-11-22","date_modified":null,"shape_length":331.6,"shape_area":3353.0}},{"type":"Feature","geometry":{"type":"MultiPolygon","coordinates":[[[[-87.774994,41.8842324],[-87.7749951,41.8842325],[-87.7749962,41.8842327],[-87.7749972,41.884233],[-87.7749983,41.8842332],[-87.7749994,41.8842336],[-87.7750004,41.8842339],[-87.7750015,41.8842343],[-87.7750025,41.8842348],[-87.7750035,41.8842353],[-87.7750045,41.8842358],[-87.7750054,41.8842364],[-87.7750063,41.884237],[-87.7750072,41.8842377],[-87.775008,41.8842384],[-87.7750088,41.8842391],[-87.7750095,41.8842398],[-87.7750101,41.8842406],[-87.7750107,41.8842414],[-87.7750113,41.8842422],[-87.7750118,41.884243],[-87.7750122,41.8842438],[-87.7750125,41.8842447],[-87.7750128,41.8842455],[-87.7750131,41.8842464],[-87.7750133,41.8842472],[-87.7750134,41.884248],[-87.7750135,41.8842489],[-87.7750135,41.8842497],[-87.7750135,41.8842505],[-87.7750155,41.8842931],[-87.7755419,41.884283],[-87.7755406,41.8842355],[-87.7755406,41.8842339],[-87.7755553,41.8842161],[-87.775554,41.8841829],[-87.7755388,41.8841688],[-87.7755404,41.8841174],[-87.7752339,41.8841218],[-87.7750113,41.8841242],[-87.7750147,41.8841668],[-87.7750145,41.8841675],[-87.7750143,41.8841683],[-87.775014,41.884169],[-87.7750137,41.8841697],[-87.7750133,41.8841705],[-87.7750129,41.8841712],[-87.7750124,41.8841719],[-87.7750118,41.8841726],[-87.7750112,41.8841733],[-87.7750105,41.884174],[-87.7750098,41.8841747],[-87.7750091,41.8841753],[-87.7750082,41.8841759],[-87.7750074,41.8841764],[-87.7750065,41.884177],[-87.7750055,41.8841775],[-87.7750046,41.8841779],[-87.7750036,41.8841783],[-87.7750025,41.8841787],[-87.7750015,41.884179],[-87.7750004,41.8841793],[-87.7749994,41.8841795],[-87.7749983,41.8841797],[-87.7749972,41.8841798],[-87.7749962,41.8841799],[-87.7749951,41.88418],[-87.7749941,41.88418],[-87.7749931,41.88418],[-87.774992,41.88418],[-87.7749911,41.8841799],[-87.774934,41.8841637],[-87.7749151,41.8841584],[-87.7748949,41.8841527],[-87.774893,41.8841515],[-87.7748911,41.8841503],[-87.7748892,41.8841491],[-87.7748874,41.8841478],[-87.7748856,41.8841465],[-87.7748839,41.8841452],[-87.7748822,41.8841438],[-87.7748805,41.8841424],[-87.7748789,41.8841409],[-87.7748773,41.8841395],[-87.7748757,41.884138],[-87.7748742,41.8841364],[-87.7748728,41.8841349],[-87.7748714,41.8841333],[-87.77487,41.8841317],[-87.7748688,41.88413],[-87.7748678,41.8841287],[-87.7748702,41.8841912],[-87.7748703,41.8841911],[-87.7748709,41.8841908],[-87.7748715,41.8841905],[-87.774872,41.8841902],[-87.7748726,41.88419],[-87.7748732,41.8841897],[-87.7748738,41.8841895],[-87.7748745,41.8841893],[-87.7748751,41.8841891],[-87.7748758,41.884189],[-87.7748764,41.8841888],[-87.7748771,41.8841887],[-87.7748777,41.8841886],[-87.7748784,41.8841885],[-87.7748791,41.8841884],[-87.7748797,41.8841883],[-87.7748804,41.8841883],[-87.7748811,41.8841882],[-87.7748817,41.8841882],[-87.7748824,41.8841882],[-87.774883,41.8841882],[-87.7748837,41.8841883],[-87.7748843,41.8841883],[-87.7749163,41.8841956],[-87.7749164,41.8841957],[-87.7749169,41.8841959],[-87.7749175,41.8841963],[-87.774918,41.8841966],[-87.7749185,41.884197],[-87.7749191,41.8841975],[-87.7749195,41.8841979],[-87.77492,41.8841984],[-87.7749204,41.884199],[-87.7749208,41.8841995],[-87.7749211,41.8842001],[-87.7749214,41.8842007],[-87.7749216,41.8842013],[-87.7749218,41.884202],[-87.7749218,41.8842026],[-87.7749219,41.8842033],[-87.7749218,41.884204],[-87.7749217,41.8842046],[-87.7749216,41.8842053],[-87.7749214,41.8842059],[-87.7749211,41.8842065],[-87.7749208,41.8842071],[-87.7749204,41.8842076],[-87.77492,41.8842082],[-87.7749195,41.8842087],[-87.774919,41.8842091],[-87.7749185,41.8842096],[-87.774918,41.88421],[-87.7749174,41.8842103],[-87.7749169,41.8842107],[-87.7749163,41.884211],[-87.7749003,41.8842145],[-87.7748996,41.8842146],[-87.7748989,41.8842148],[-87.7748981,41.884215],[-87.7748974,41.8842151],[-87.7748966,41.8842153],[-87.7748959,41.8842154],[-87.7748951,41.8842155],[-87.7748944,41.8842156],[-87.7748936,41.8842157],[-87.7748928,41.8842158],[-87.774892,41.8842158],[-87.7748913,41.8842159],[-87.7748905,41.8842159],[-87.7748897,41.8842159],[-87.7748889,41.8842159],[-87.7748881,41.8842159],[-87.7748874,41.8842159],[-87.7748866,41.8842158],[-87.7748858,41.8842158],[-87.774885,41.8842157],[-87.7748843,41.8842156],[-87.7748835,41.8842155],[-87.7748827,41.8842154],[-87.774882,41.8842152],[-87.7748812,41.8842151],[-87.7748805,41.8842149],[-87.7748798,41.8842147],[-87.774879,41.8842146],[-87.7748783,41.8842144],[-87.7748776,41.8842142],[-87.774871,41.8842115],[-87.7748736,41.8842786],[-87.7748741,41.884278],[-87.7748755,41.8842764],[-87.7748769,41.8842748],[-87.7748784,41.8842733],[-87.77488,41.8842718],[-87.7748816,41.8842703],[-87.7748832,41.8842689],[-87.7748849,41.8842674],[-87.7748867,41.8842661],[-87.7748884,41.8842647],[-87.7748903,41.8842634],[-87.7748921,41.8842621],[-87.7748941,41.8842608],[-87.774896,41.8842596],[-87.774898,41.8842584],[-87.7749,41.8842573],[-87.7749021,41.8842562],[-87.7749042,41.8842551],[-87.7749063,41.8842541],[-87.7749084,41.8842532],[-87.7749106,41.8842522],[-87.7749128,41.8842513],[-87.774915,41.8842505],[-87.7749172,41.8842497],[-87.7749193,41.8842492],[-87.7749375,41.8842448],[-87.7749505,41.8842417],[-87.7749929,41.8842322],[-87.774994,41.8842324]]],[[[-87.7749609,41.8840885],[-87.7749609,41.8840892],[-87.7749609,41.8840898],[-87.774961,41.8840905],[-87.7749612,41.8840912],[-87.7749614,41.8840919],[-87.7749616,41.8840925],[-87.7749619,41.8840932],[-87.7749623,41.8840939],[-87.7749627,41.8840946],[-87.7749632,41.8840952],[-87.7749637,41.8840959],[-87.7749643,41.8840965],[-87.7749649,41.8840971],[-87.7749656,41.8840976],[-87.7749663,41.8840982],[-87.7749671,41.8840987],[-87.7749679,41.8840992],[-87.7749687,41.8840996],[-87.7749696,41.8841],[-87.7749705,41.8841003],[-87.7749714,41.8841006],[-87.7749723,41.8841009],[-87.7749732,41.8841011],[-87.7749742,41.8841013],[-87.7749751,41.8841015],[-87.774976,41.8841016],[-87.7749769,41.8841016],[-87.7749778,41.8841016],[-87.7749787,41.8841016],[-87.7749795,41.8841016],[-87.7755252,41.8840932],[-87.7755242,41.88406],[-87.7755247,41.8840593],[-87.7755251,41.8840586],[-87.7755256,41.8840579],[-87.7755261,41.8840572],[-87.7755267,41.8840565],[-87.7755273,41.8840558],[-87.775528,41.8840552],[-87.7755286,41.8840545],[-87.7755294,41.8840539],[-87.7755301,41.8840533],[-87.7755309,41.8840527],[-87.7755317,41.8840521],[-87.7755325,41.8840515],[-87.7755334,41.884051],[-87.7755343,41.8840505],[-87.7755352,41.88405],[-87.7755362,41.8840496],[-87.7755371,41.8840491],[-87.7755381,41.8840487],[-87.7755391,41.8840484],[-87.7755402,41.884048],[-87.7755412,41.8840477],[-87.7755422,41.8840474],[-87.7755433,41.8840472],[-87.7755443,41.8840469],[-87.7755454,41.8840468],[-87.7755464,41.8840466],[-87.7755475,41.8840465],[-87.7755485,41.8840464],[-87.7755496,41.8840463],[-87.7755508,41.8840466],[-87.775552,41.884047],[-87.7755532,41.8840474],[-87.7755543,41.8840478],[-87.7755555,41.8840483],[-87.7755567,41.8840488],[-87.7755578,41.8840493],[-87.7755589,41.8840499],[-87.77556,41.8840505],[-87.7755611,41.8840511],[-87.7755621,41.8840518],[-87.7755632,41.8840525],[-87.7755641,41.8840532],[-87.7755651,41.8840539],[-87.775566,41.8840547],[-87.7755668,41.8840554],[-87.7755663,41.8839741],[-87.7755661,41.8839743],[-87.7755654,41.8839749],[-87.7755647,41.8839755],[-87.775564,41.8839761],[-87.7755632,41.8839767],[-87.7755625,41.8839772],[-87.7755617,41.8839778],[-87.7755609,41.8839783],[-87.7755601,41.8839788],[-87.7755592,41.8839793],[-87.7755584,41.8839797],[-87.7755575,41.8839802],[-87.7755567,41.8839806],[-87.7755558,41.883981],[-87.7755549,41.8839814],[-87.775554,41.8839818],[-87.7755531,41.8839821],[-87.7755522,41.8839824],[-87.7754325,41.8839862],[-87.7752867,41.8839882],[-87.775275,41.8839883],[-87.7750985,41.8839907],[-87.7749831,41.8839925],[-87.7749756,41.8839929],[-87.774975,41.8839929],[-87.7749744,41.8839928],[-87.7749737,41.8839928],[-87.774973,41.8839928],[-87.7749724,41.8839929],[-87.7749717,41.8839929],[-87.774971,41.883993],[-87.7749703,41.8839931],[-87.7749696,41.8839932],[-87.774969,41.8839934],[-87.7749683,41.8839936],[-87.7749676,41.8839938],[-87.774967,41.883994],[-87.7749664,41.8839943],[-87.7749657,41.8839946],[-87.7749651,41.8839949],[-87.7749646,41.8839952],[-87.774964,41.8839955],[-87.7749635,41.8839959],[-87.774963,41.8839963],[-87.7749625,41.8839967],[-87.7749621,41.8839971],[-87.7749617,41.8839975],[-87.7749613,41.883998],[-87.774961,41.8839984],[-87.7749607,41.8839988],[-87.7749604,41.8839993],[-87.7749601,41.8839998],[-87.7749599,41.8840002],[-87.7749597,41.8840007],[-87.77496,41.8840098],[-87.7749609,41.8840885]]]]},"properties":{"ban_type":"lot","source_layer":9,"object_id":83,"parking_area_type":"PARKINGLOT","parking_area_name":"31","parking_enforcement":"Overnight Parking Ban","date_created":"2016-11-22","date_modified":null,"shape_length":969.8,"shape_area":16242.9}},{"type":"Feature","geometry":{"type":"Polygon","coordinates":[[[-87.7764395,41.8883122],[-87.7764999,41.8883115],[-87.7764959,41.8881911],[-87.7764364,41.8881922],[-87.7764395,41.8883122]]]},"properties":{"ban_type":"lot","source_layer":9,"object_id":84,"parking_area_type":"ENCLAVE","parking_area_name":"50N","parking_enforcement":"Overnight Parking Ban","date_created":"2016-11-22","date_modified":null,"shape_length":120.3,"shape_area":714.8}},{"type":"Feature","geometry":{"type":"Polygon","coordinates":[[[-87.7832706,41.8797484],[-87.7832705,41.8797506],[-87.7832705,41.8797528],[-87.7832705,41.8797549],[-87.7832705,41.8797571],[-87.7832706,41.8797593],[-87.7832706,41.8797615],[-87.7832707,41.8797637],[-87.7832707,41.8797659],[-87.7832708,41.8797681],[-87.7832709,41.8797703],[-87.783271,41.8797725],[-87.7832712,41.8797747],[-87.7832713,41.8797769],[-87.7832715,41.879779],[-87.7832717,41.8797812],[-87.7832718,41.8797834],[-87.783272,41.8797856],[-87.7832723,41.8797878],[-87.7832725,41.87979],[-87.7832727,41.8797922],[-87.783273,41.8797943],[-87.7832733,41.8797965],[-87.7832736,41.8797987],[-87.7832736,41.8797992],[-87.7832739,41.8797984],[-87.7832744,41.8797973],[-87.783275,41.8797962],[-87.7832756,41.8797951],[-87.7832763,41.8797941],[-87.7832771,41.8797931],[-87.783278,41.8797921],[-87.7832789,41.8797912],[-87.7832798,41.8797903],[-87.7832809,41.8797894],[-87.7832819,41.8797886],[-87.783283,41.8797878],[-87.7832842,41.8797871],[-87.7832854,41.8797864],[-87.7832866,41.8797858],[-87.7832878,41.8797852],[-87.7832891,41.8797847],[-87.7832903,41.8797843],[-87.7832916,41.8797839],[-87.7832929,41.8797835],[-87.7833414,41.8797695],[-87.7833338,41.8795753],[-87.7832802,41.8795909],[-87.7832793,41.879591],[-87.7832783,41.879591],[-87.7832773,41.8795909],[-87.7832763,41.8795908],[-87.7832753,41.8795907],[-87.7832742,41.8795906],[-87.7832732,41.8795903],[-87.7832722,41.8795901],[-87.7832711,41.8795898],[-87.7832701,41.8795894],[-87.7832692,41.879589],[-87.7832682,41.8795886],[-87.7832673,41.8795881],[-87.7832664,41.8795875],[-87.7832656,41.879587],[-87.7832706,41.8797484]]]},"properties":{"ban_type":"lot","source_layer":9,"object_id":85,"parking_area_type":"ON-STREET","parking_area_name":"48W","parking_enforcement":"Overnight Parking Ban","date_created":"2016-11-22","date_modified":null,"shape_length":190.4,"shape_area":1349.9}},{"type":"Feature","geometry":{"type":"Polygon","coordinates":[[[-87.776651,41.8950021],[-87.7766531,41.8950032],[-87.7766685,41.8950118],[-87.7767014,41.8949921],[-87.77671,41.8949913],[-87.7767179,41.8949951],[-87.7767102,41.8948111],[-87.7767085,41.8948116],[-87.7766418,41.8948539],[-87.776651,41.8950021]]]},"properties":{"ban_type":"lot","source_layer":9,"object_id":86,"parking_area_type":"ON-STREET","parking_area_name":"51N","parking_enforcement":"Overnight Parking Ban","date_created":"2016-11-22","date_modified":null,"shape_length":167.8,"shape_area":1153.5}},{"type":"Feature","geometry":{"type":"Polygon","coordinates":[[[-87.7926877,41.8800963],[-87.7926878,41.8800971],[-87.7927406,41.8800805],[-87.7927426,41.8800799],[-87.792738,41.8799673],[-87.7926935,41.8799819],[-87.7926931,41.8799819],[-87.7926928,41.8799819],[-87.7926925,41.8799819],[-87.7926922,41.8799818],[-87.7926918,41.8799818],[-87.7926915,41.8799818],[-87.7926912,41.8799818],[-87.7926908,41.8799817],[-87.7926905,41.8799817],[-87.7926902,41.8799816],[-87.7926899,41.8799815],[-87.7926895,41.8799815],[-87.7926892,41.8799814],[-87.7926889,41.8799813],[-87.7926886,41.8799812],[-87.7926883,41.8799811],[-87.792688,41.879981],[-87.7926877,41.8799808],[-87.7926874,41.8799807],[-87.7926871,41.8799806],[-87.7926868,41.8799804],[-87.7926865,41.8799803],[-87.7926863,41.8799802],[-87.792686,41.87998],[-87.7926858,41.8799798],[-87.7926855,41.8799797],[-87.7926853,41.8799795],[-87.792685,41.8799793],[-87.7926848,41.8799792],[-87.7926846,41.879979],[-87.7926877,41.8800963]]]},"properties":{"ban_type":"lot","source_layer":9,"object_id":87,"parking_area_type":"ON-STREET","parking_area_name":"71W","parking_enforcement":"Overnight Parking Ban","date_created":"2016-11-22","date_modified":null,"shape_length":116.3,"shape_area":611.9}},{"type":"Feature","geometry":{"type":"Polygon","coordinates":[[[-87.7766322,41.8944574],[-87.7766352,41.8945815],[-87.776694,41.8945807],[-87.7766941,41.8945777],[-87.7766895,41.8944177],[-87.7766322,41.8944574]]]},"properties":{"ban_type":"lot","source_layer":9,"object_id":88,"parking_area_type":"ON-STREET","parking_area_name":"51S","parking_enforcement":"Overnight Parking Ban","date_created":"2016-11-22","date_modified":null,"shape_length":141.9,"shape_area":835.1}},{"type":"Feature","geometry":{"type":"Polygon","coordinates":[[[-87.786719,41.8724994],[-87.7867206,41.8725001],[-87.7867222,41.8725009],[-87.7867237,41.8725018],[-87.7867251,41.8725028],[-87.7867264,41.8725039],[-87.7867276,41.8725051],[-87.7867286,41.8725064],[-87.7867296,41.8725077],[-87.7867303,41.8725091],[-87.786731,41.8725105],[-87.7867314,41.8725119],[-87.7867317,41.8725134],[-87.7867319,41.8725148],[-87.7867319,41.8725162],[-87.7867318,41.872517],[-87.7867317,41.8725176],[-87.7867315,41.872519],[-87.786731,41.8725203],[-87.7867305,41.8725217],[-87.7867297,41.8725231],[-87.7867288,41.8725244],[-87.7867278,41.8725256],[-87.7867266,41.8725269],[-87.7867253,41.872528],[-87.7867239,41.872529],[-87.7867224,41.87253],[-87.7867208,41.8725309],[-87.7867191,41.8725316],[-87.7867174,41.8725323],[-87.7867156,41.8725328],[-87.7867139,41.8725332],[-87.7867129,41.8725339],[-87.7868547,41.8725315],[-87.7868553,41.8725315],[-87.7868521,41.8725302],[-87.7868465,41.8725277],[-87.7868314,41.8725204],[-87.7868303,41.8725192],[-87.7868293,41.8725179],[-87.7868284,41.8725165],[-87.7868276,41.8725153],[-87.7868275,41.8725151],[-87.7868267,41.8725135],[-87.7868261,41.8725119],[-87.7868256,41.8725103],[-87.7868252,41.8725086],[-87.7868249,41.8725069],[-87.7868249,41.8725051],[-87.786825,41.8725033],[-87.7868252,41.8725015],[-87.7868257,41.8724997],[-87.7868263,41.8724979],[-87.786827,41.8724961],[-87.786828,41.8724944],[-87.7868291,41.8724928],[-87.7868303,41.8724912],[-87.7868317,41.8724897],[-87.7868332,41.8724883],[-87.7868348,41.872487],[-87.7868365,41.8724857],[-87.7868383,41.8724846],[-87.7868401,41.8724836],[-87.786842,41.8724828],[-87.7868439,41.872482],[-87.7868458,41.8724813],[-87.7868477,41.8724807],[-87.7868496,41.8724803],[-87.7868515,41.8724799],[-87.7871823,41.8724731],[-87.7871852,41.8724736],[-87.7871881,41.8724743],[-87.7871909,41.8724751],[-87.7871937,41.8724761],[-87.7871964,41.8724774],[-87.787199,41.8724788],[-87.7872014,41.8724803],[-87.7872036,41.8724821],[-87.7872056,41.8724839],[-87.7872074,41.8724859],[-87.787209,41.8724879],[-87.7872103,41.8724901],[-87.7872113,41.8724922],[-87.7872121,41.8724944],[-87.7872126,41.8724966],[-87.7872129,41.8724987],[-87.787213,41.872501],[-87.7872128,41.8725033],[-87.7872123,41.8725056],[-87.7872116,41.8725079],[-87.7872114,41.8725083],[-87.7872106,41.8725101],[-87.7872094,41.8725123],[-87.7872079,41.8725145],[-87.7872061,41.8725165],[-87.7872042,41.8725184],[-87.7872021,41.8725201],[-87.7871998,41.8725217],[-87.7871973,41.8725231],[-87.7871948,41.8725243],[-87.7871922,41.8725254],[-87.7873343,41.8725234],[-87.7873377,41.8725233],[-87.7873276,41.8725203],[-87.7873248,41.8725195],[-87.787322,41.8725185],[-87.7873192,41.8725172],[-87.7873166,41.8725158],[-87.7873141,41.8725141],[-87.7873118,41.8725122],[-87.7873097,41.8725102],[-87.787308,41.872508],[-87.7873077,41.8725077],[-87.7873065,41.8725057],[-87.7873053,41.8725034],[-87.7873045,41.8725009],[-87.787304,41.8724985],[-87.7873037,41.8724961],[-87.7873038,41.8724938],[-87.7873042,41.8724915],[-87.7873048,41.8724893],[-87.7873057,41.872487],[-87.7873069,41.8724848],[-87.7873084,41.8724826],[-87.7873102,41.8724805],[-87.7873123,41.8724785],[-87.7873147,41.8724767],[-87.7873172,41.872475],[-87.78732,41.8724736],[-87.787323,41.8724723],[-87.787326,41.8724713],[-87.7873292,41.8724705],[-87.7873323,41.87247],[-87.7873354,41.8724697],[-87.7873385,41.8724696],[-87.7873355,41.8724237],[-87.7873223,41.8724239],[-87.7873212,41.872424],[-87.7873202,41.872424],[-87.7873191,41.8724239],[-87.7873181,41.8724239],[-87.787317,41.8724238],[-87.7873159,41.8724237],[-87.7873148,41.8724235],[-87.7873138,41.8724233],[-87.7873127,41.8724231],[-87.7873117,41.8724229],[-87.7873106,41.8724226],[-87.7873096,41.8724223],[-87.7873085,41.872422],[-87.7873075,41.8724217],[-87.7873065,41.8724213],[-87.7873056,41.8724209],[-87.7873046,41.8724204],[-87.7873037,41.87242],[-87.7873028,41.8724195],[-87.7873019,41.8724189],[-87.7873011,41.8724184],[-87.7873003,41.8724179],[-87.7872995,41.8724173],[-87.7872988,41.8724167],[-87.7872981,41.8724161],[-87.7872974,41.8724155],[-87.7872968,41.8724148],[-87.7872962,41.8724142],[-87.7872956,41.8724135],[-87.7872951,41.8724128],[-87.7872595,41.8723698],[-87.7869972,41.8723738],[-87.7866991,41.87238],[-87.7866363,41.8723575],[-87.7865825,41.8724343],[-87.7865905,41.8724382],[-87.786719,41.8724994]],[[-87.7872781,41.8724188],[-87.7872083,41.8724199],[-87.7872077,41.8723997],[-87.7872775,41.8723986],[-87.7872781,41.8724188]]]},"properties":{"ban_type":"lot","source_layer":9,"object_id":89,"parking_area_type":"PARKINGLOT","parking_area_name":"62W","parking_enforcement":"Overnight Parking Ban","date_created":"2016-11-22","date_modified":null,"shape_length":613.9,"shape_area":8124.6}},{"type":"Feature","geometry":{"type":"Polygon","coordinates":[[[-87.7759653,41.8965652],[-87.7759675,41.8964957],[-87.7759607,41.8965016],[-87.7759596,41.8965023],[-87.7759583,41.8965029],[-87.775957,41.8965035],[-87.7759556,41.896504],[-87.7759541,41.8965044],[-87.7759526,41.8965047],[-87.7759511,41.896505],[-87.7759495,41.8965051],[-87.7759479,41.8965052],[-87.7759463,41.8965052],[-87.7759448,41.8965051],[-87.7759432,41.8965049],[-87.7759418,41.8965046],[-87.7759403,41.8965043],[-87.7759389,41.8965039],[-87.7759376,41.8965034],[-87.7759363,41.8965028],[-87.7759351,41.8965022],[-87.7759338,41.8965014],[-87.7759327,41.8965006],[-87.7759316,41.8964998],[-87.7759306,41.8964988],[-87.7759298,41.8964979],[-87.775929,41.8964968],[-87.7759283,41.8964958],[-87.7759278,41.8964947],[-87.7759273,41.8964936],[-87.775927,41.8964924],[-87.7759268,41.8964913],[-87.7759267,41.8964902],[-87.775926,41.8964643],[-87.775923,41.8964588],[-87.7759185,41.8964588],[-87.7757422,41.8964595],[-87.7755118,41.8964638],[-87.775374,41.896468],[-87.7753695,41.8964681],[-87.7753649,41.896471],[-87.7753687,41.8965738],[-87.7754275,41.8965729],[-87.7754378,41.8965728],[-87.7754389,41.8965727],[-87.7754701,41.8965835],[-87.7755282,41.8965825],[-87.7755742,41.8965822],[-87.7755873,41.8965821],[-87.7757334,41.8965809],[-87.7757438,41.8965808],[-87.7758102,41.8965803],[-87.7758233,41.8965802],[-87.7758786,41.8965798],[-87.7758917,41.8965797],[-87.7758954,41.8965796],[-87.7759316,41.8965651],[-87.7759653,41.8965652]]]},"properties":{"ban_type":"lot","source_layer":9,"object_id":90,"parking_area_type":"ON-STREET","parking_area_name":"25I","parking_enforcement":"Overnight Parking Ban","date_created":"2016-11-22","date_modified":null,"shape_length":406.9,"shape_area":6786.9}},{"type":"Feature","geometry":{"type":"Polygon","coordinates":[[[-87.78554,41.872408],[-87.7855415,41.872408],[-87.7855429,41.8724082],[-87.7855449,41.8724084],[-87.7855469,41.8724088],[-87.7855489,41.8724091],[-87.7855509,41.8724096],[-87.7855529,41.8724101],[-87.7855549,41.8724107],[-87.7855569,41.8724113],[-87.7855589,41.872412],[-87.7855608,41.8724127],[-87.7855627,41.8724136],[-87.7855646,41.8724145],[-87.7855664,41.8724154],[-87.7855681,41.8724164],[-87.7855698,41.8724175],[-87.7855715,41.8724186],[-87.7855731,41.8724197],[-87.7855746,41.8724209],[-87.785576,41.8724222],[-87.7855774,41.8724235],[-87.7855787,41.8724248],[-87.7855799,41.8724261],[-87.7855811,41.8724275],[-87.7855821,41.8724289],[-87.7855831,41.8724304],[-87.785584,41.8724318],[-87.7855848,41.8724333],[-87.7855855,41.8724347],[-87.7855861,41.8724362],[-87.7855866,41.8724377],[-87.7855871,41.8724391],[-87.7855931,41.872462],[-87.7857252,41.8724622],[-87.7858163,41.8724602],[-87.7858142,41.8724212],[-87.7858142,41.8724204],[-87.7858143,41.8724196],[-87.7858145,41.8724187],[-87.7858147,41.8724179],[-87.785815,41.872417],[-87.7858154,41.8724162],[-87.7858158,41.8724153],[-87.7858163,41.8724145],[-87.7858168,41.8724137],[-87.7858174,41.8724129],[-87.7858181,41.8724121],[-87.7858188,41.8724113],[-87.7858196,41.8724106],[-87.7858205,41.8724099],[-87.7858214,41.8724092],[-87.7858223,41.8724086],[-87.7858233,41.872408],[-87.7858243,41.8724074],[-87.7858254,41.8724069],[-87.7858265,41.8724065],[-87.7858276,41.8724061],[-87.7858287,41.8724057],[-87.7858298,41.8724054],[-87.785831,41.8724051],[-87.7858321,41.8724049],[-87.7858333,41.8724047],[-87.7858344,41.8724046],[-87.7858355,41.8724045],[-87.7858366,41.8724044],[-87.7858377,41.8724044],[-87.7858492,41.872404],[-87.7858469,41.8723406],[-87.7858346,41.8723408],[-87.7858336,41.8723409],[-87.7858325,41.8723409],[-87.7858315,41.8723409],[-87.7858304,41.8723409],[-87.7858292,41.8723408],[-87.7858281,41.8723407],[-87.785827,41.8723405],[-87.7858259,41.8723403],[-87.7858247,41.87234],[-87.7858236,41.8723396],[-87.7858226,41.8723392],[-87.7858215,41.8723388],[-87.7858205,41.8723382],[-87.7858195,41.8723377],[-87.7858185,41.8723371],[-87.7858177,41.8723364],[-87.7858168,41.8723358],[-87.7858161,41.872335],[-87.7858154,41.8723343],[-87.7858147,41.8723335],[-87.7858142,41.8723327],[-87.7858137,41.8723319],[-87.7858133,41.8723311],[-87.7858129,41.8723303],[-87.7858126,41.8723294],[-87.7858124,41.8723286],[-87.7858123,41.8723278],[-87.7858122,41.872327],[-87.7858122,41.8723262],[-87.7858122,41.8723255],[-87.7858111,41.8722904],[-87.7858087,41.8722904],[-87.7856926,41.8722919],[-87.7855848,41.8722937],[-87.7855784,41.8723191],[-87.7855769,41.8723209],[-87.7855753,41.8723227],[-87.7855736,41.8723244],[-87.7855717,41.8723261],[-87.7855697,41.8723278],[-87.7855675,41.8723294],[-87.7855652,41.8723309],[-87.7855627,41.8723324],[-87.7855601,41.8723337],[-87.7855574,41.872335],[-87.7855546,41.8723361],[-87.7855517,41.8723372],[-87.7855487,41.8723381],[-87.7855456,41.8723389],[-87.7855425,41.8723396],[-87.7855393,41.8723401],[-87.7855361,41.8723406],[-87.7855329,41.8723408],[-87.7855297,41.872341],[-87.7855264,41.872341],[-87.7855233,41.8723408],[-87.7855201,41.8723406],[-87.785517,41.8723402],[-87.785514,41.8723397],[-87.7855111,41.8723391],[-87.7855082,41.8723384],[-87.7855055,41.8723376],[-87.7855028,41.8723367],[-87.7855003,41.8723357],[-87.7854979,41.8723347],[-87.785482,41.872326],[-87.7854822,41.8723265],[-87.7854832,41.8723286],[-87.7854841,41.8723308],[-87.7854885,41.8724444],[-87.7855053,41.8724245],[-87.7855059,41.8724235],[-87.7855065,41.8724225],[-87.7855071,41.8724215],[-87.7855079,41.8724206],[-87.7855087,41.8724196],[-87.7855096,41.8724186],[-87.7855105,41.8724177],[-87.7855116,41.8724168],[-87.7855126,41.8724159],[-87.7855138,41.8724151],[-87.785515,41.8724143],[-87.7855162,41.8724135],[-87.7855175,41.8724127],[-87.7855189,41.8724121],[-87.7855202,41.8724114],[-87.7855217,41.8724108],[-87.7855231,41.8724103],[-87.7855246,41.8724098],[-87.7855261,41.8724094],[-87.7855277,41.872409],[-87.7855292,41.8724087],[-87.7855308,41.8724084],[-87.7855323,41.8724082],[-87.7855339,41.8724081],[-87.7855354,41.872408],[-87.785537,41.8724079],[-87.7855385,41.8724079],[-87.78554,41.872408]]]},"properties":{"ban_type":"lot","source_layer":9,"object_id":91,"parking_area_type":"PARKINGLOT","parking_area_name":"62E","parking_enforcement":"Overnight Parking Ban","date_created":"2016-11-22","date_modified":null,"shape_length":328.9,"shape_area":4900.1}},{"type":"Feature","geometry":{"type":"Polygon","coordinates":[[[-87.7751727,41.8782792],[-87.7751742,41.8782794],[-87.7751757,41.8782797],[-87.7751772,41.8782799],[-87.7751787,41.8782802],[-87.7751801,41.8782805],[-87.7751816,41.8782809],[-87.775183,41.8782812],[-87.7751845,41.8782817],[-87.7751859,41.8782821],[-87.7751873,41.8782826],[-87.7751887,41.8782831],[-87.7751901,41.8782836],[-87.7751915,41.8782842],[-87.7751928,41.8782848],[-87.7751941,41.8782854],[-87.7751954,41.8782861],[-87.7751967,41.8782868],[-87.7751979,41.8782875],[-87.7751991,41.8782882],[-87.7752003,41.878289],[-87.7752011,41.8782895],[-87.7751945,41.8781782],[-87.7751934,41.8781473],[-87.7751474,41.8781478],[-87.7751405,41.8781479],[-87.7751406,41.8781542],[-87.7751419,41.8782077],[-87.7751416,41.8782088],[-87.7751412,41.8782099],[-87.7751406,41.878211],[-87.7751399,41.878212],[-87.775139,41.878213],[-87.7751381,41.878214],[-87.7751369,41.8782149],[-87.7751357,41.8782157],[-87.7751344,41.8782164],[-87.775133,41.878217],[-87.7751315,41.8782175],[-87.7751301,41.8782179],[-87.7751286,41.8782182],[-87.7751271,41.8782183],[-87.7751256,41.8782184],[-87.7751241,41.8782184],[-87.7751226,41.8782183],[-87.7751211,41.878218],[-87.7751196,41.8782177],[-87.7751181,41.8782173],[-87.7751167,41.8782167],[-87.7751153,41.878216],[-87.7751141,41.8782153],[-87.7751129,41.8782144],[-87.7751118,41.8782135],[-87.7751109,41.8782125],[-87.7751101,41.8782115],[-87.7751095,41.8782105],[-87.775109,41.8782094],[-87.7751086,41.8782083],[-87.7751049,41.8781719],[-87.7748336,41.878176],[-87.7748333,41.8781765],[-87.7748331,41.878177],[-87.7748328,41.8781775],[-87.7748325,41.878178],[-87.7748322,41.8781785],[-87.7748319,41.878179],[-87.7748315,41.8781795],[-87.7748312,41.87818],[-87.7748308,41.8781804],[-87.7748304,41.8781809],[-87.77483,41.8781814],[-87.7748295,41.8781818],[-87.7748291,41.8781822],[-87.7748286,41.8781827],[-87.7748281,41.8781831],[-87.7748276,41.8781835],[-87.7748271,41.8781839],[-87.7748266,41.8781843],[-87.774826,41.8781847],[-87.7748255,41.878185],[-87.7748249,41.8781854],[-87.7748243,41.8781857],[-87.7748237,41.878186],[-87.7748231,41.8781864],[-87.7748225,41.8781867],[-87.7748219,41.8781869],[-87.7748213,41.8781872],[-87.7748207,41.8781875],[-87.77482,41.8781877],[-87.7748194,41.8781879],[-87.77481,41.8781881],[-87.7748085,41.8781881],[-87.7748079,41.8781881],[-87.7748074,41.8781882],[-87.7748068,41.8781882],[-87.7748062,41.8781882],[-87.7748057,41.8781882],[-87.7748051,41.8781883],[-87.7748046,41.8781883],[-87.774804,41.8781884],[-87.7748034,41.8781884],[-87.7748029,41.8781885],[-87.7748023,41.8781886],[-87.7748018,41.8781887],[-87.7748012,41.8781888],[-87.7748007,41.8781889],[-87.7748001,41.878189],[-87.7747996,41.8781891],[-87.7747991,41.8781892],[-87.7747985,41.8781894],[-87.774798,41.8781895],[-87.7747975,41.8781897],[-87.7747969,41.8781898],[-87.7747964,41.87819],[-87.7747959,41.8781902],[-87.7747954,41.8781903],[-87.7747949,41.8781905],[-87.7747944,41.8781907],[-87.7747939,41.8781909],[-87.7747934,41.8781911],[-87.7747929,41.8781913],[-87.7747925,41.8781915],[-87.7747904,41.8781943],[-87.7747885,41.8781972],[-87.7747867,41.8782002],[-87.774785,41.8782032],[-87.7747835,41.8782063],[-87.7747821,41.8782095],[-87.7747809,41.8782127],[-87.7747798,41.8782159],[-87.7747788,41.8782192],[-87.7747781,41.8782226],[-87.7747775,41.878226],[-87.7747771,41.8782294],[-87.7747768,41.8782328],[-87.7747767,41.8782362],[-87.7747768,41.8782397],[-87.7747771,41.8782431],[-87.7747776,41.8782465],[-87.7747782,41.8782499],[-87.774779,41.8782533],[-87.7747799,41.8782566],[-87.7747811,41.8782599],[-87.7747823,41.8782631],[-87.7747838,41.8782663],[-87.7747854,41.8782694],[-87.7747871,41.8782725],[-87.774789,41.8782755],[-87.7747909,41.8782784],[-87.7747931,41.8782812],[-87.7747953,41.878284],[-87.7747976,41.8782867],[-87.7748131,41.8782863],[-87.7748225,41.8782862],[-87.7751021,41.8782805],[-87.7751178,41.8782802],[-87.7751713,41.8782791],[-87.7751727,41.8782792]]]},"properties":{"ban_type":"lot","source_layer":9,"object_id":92,"parking_area_type":"ENCLAVE","parking_area_name":"25A","parking_enforcement":"Overnight Parking Ban","date_created":"2016-11-22","date_modified":null,"shape_length":349.1,"shape_area":4415.0}},{"type":"Feature","geometry":{"type":"Polygon","coordinates":[[[-87.775268,41.8932941],[-87.7752682,41.8932945],[-87.7752684,41.8932948],[-87.7752686,41.8932952],[-87.7752688,41.8932956],[-87.7752691,41.893296],[-87.7752694,41.8932964],[-87.7752697,41.8932967],[-87.77527,41.8932971],[-87.7752704,41.8932974],[-87.7752707,41.8932978],[-87.7752711,41.8932981],[-87.7752715,41.8932984],[-87.7752719,41.8932988],[-87.7752724,41.8932991],[-87.7752728,41.8932993],[-87.7752733,41.8932996],[-87.7752738,41.8932999],[-87.7752743,41.8933001],[-87.7752748,41.8933004],[-87.7752753,41.8933006],[-87.7752758,41.8933008],[-87.7752763,41.893301],[-87.7752769,41.8933011],[-87.7752774,41.8933013],[-87.7752779,41.8933014],[-87.7752785,41.8933015],[-87.775279,41.8933016],[-87.7752796,41.8933017],[-87.7752799,41.8933018],[-87.7752801,41.8933018],[-87.7752807,41.8933019],[-87.7753658,41.8933022],[-87.7753659,41.8932821],[-87.7753884,41.8932818],[-87.7753888,41.8933001],[-87.7754783,41.8932994],[-87.7754779,41.8932821],[-87.775481,41.8932802],[-87.7755085,41.8932794],[-87.7755123,41.8932831],[-87.7755132,41.8932962],[-87.7755157,41.8932984],[-87.7755158,41.8932985],[-87.7755914,41.8932976],[-87.7755912,41.8932854],[-87.775591,41.893285],[-87.7755908,41.8932845],[-87.7755907,41.8932841],[-87.7755906,41.8932836],[-87.7755906,41.8932831],[-87.7755907,41.8932826],[-87.7755908,41.8932821],[-87.7755909,41.8932816],[-87.7755911,41.8932811],[-87.7755913,41.8932806],[-87.7755916,41.8932802],[-87.775592,41.8932798],[-87.7755923,41.8932794],[-87.7755927,41.893279],[-87.7755932,41.8932787],[-87.7755936,41.8932784],[-87.7755941,41.8932781],[-87.7755947,41.8932778],[-87.7755952,41.8932776],[-87.7755958,41.8932774],[-87.7755965,41.8932772],[-87.7755971,41.893277],[-87.7755978,41.893277],[-87.7755984,41.8932769],[-87.7755991,41.8932769],[-87.7755998,41.8932769],[-87.7756004,41.893277],[-87.7756011,41.8932771],[-87.7756017,41.8932772],[-87.7756023,41.8932774],[-87.7756135,41.8932767],[-87.7756139,41.8932768],[-87.7756143,41.8932768],[-87.7756147,41.8932769],[-87.7756151,41.8932769],[-87.7756155,41.893277],[-87.7756159,41.8932771],[-87.7756163,41.8932773],[-87.7756167,41.8932774],[-87.775617,41.8932776],[-87.7756174,41.8932778],[-87.7756178,41.893278],[-87.7756181,41.8932782],[-87.7756184,41.8932785],[-87.7756187,41.8932787],[-87.775619,41.893279],[-87.7756193,41.8932793],[-87.7756195,41.8932796],[-87.7756197,41.8932799],[-87.7756199,41.8932803],[-87.77562,41.8932806],[-87.7756201,41.8932809],[-87.7756202,41.8932812],[-87.7756202,41.8932816],[-87.7756203,41.8932819],[-87.7756203,41.8932822],[-87.7756202,41.8932825],[-87.7756202,41.8932828],[-87.7756201,41.8932831],[-87.77562,41.8932834],[-87.7756199,41.8932837],[-87.7756214,41.8932963],[-87.7757196,41.8932955],[-87.7757193,41.8932801],[-87.7757197,41.8932794],[-87.7757202,41.8932787],[-87.7757207,41.893278],[-87.7757214,41.8932773],[-87.7757221,41.8932767],[-87.7757229,41.8932761],[-87.7757238,41.8932756],[-87.7757247,41.8932751],[-87.7757257,41.8932746],[-87.7757267,41.8932743],[-87.7757277,41.893274],[-87.7757288,41.8932737],[-87.7757298,41.8932736],[-87.7757309,41.8932735],[-87.7757319,41.8932734],[-87.775733,41.8932734],[-87.7757341,41.8932735],[-87.7757351,41.8932737],[-87.7757362,41.8932739],[-87.7757372,41.8932741],[-87.7757383,41.8932745],[-87.7757393,41.8932749],[-87.7757402,41.8932754],[-87.7757411,41.8932759],[-87.7757419,41.8932765],[-87.7757427,41.8932771],[-87.7757434,41.8932777],[-87.775744,41.8932784],[-87.7757445,41.8932791],[-87.7757449,41.8932798],[-87.7757458,41.8932929],[-87.7757486,41.8932941],[-87.775749,41.8932942],[-87.7758003,41.8932945],[-87.7758008,41.8932946],[-87.7758013,41.8932947],[-87.7758017,41.8932947],[-87.7758018,41.8932947],[-87.7758023,41.8932947],[-87.7758028,41.8932947],[-87.7758034,41.8932946],[-87.7758039,41.8932945],[-87.7758044,41.8932944],[-87.7758049,41.8932942],[-87.7758054,41.8932941],[-87.7758058,41.8932939],[-87.7758063,41.8932937],[-87.7758067,41.8932934],[-87.7758071,41.8932932],[-87.7758074,41.8932929],[-87.7758077,41.8932926],[-87.775808,41.8932923],[-87.7758083,41.893292],[-87.7758085,41.8932916],[-87.7758088,41.8932913],[-87.7758089,41.8932909],[-87.7758091,41.8932905],[-87.7758092,41.8932901],[-87.7758093,41.8932897],[-87.7758093,41.8932893],[-87.7758093,41.8932889],[-87.7758092,41.8932885],[-87.7758091,41.8932882],[-87.775809,41.8932878],[-87.7758089,41.8932874],[-87.7758071,41.8932613],[-87.7758072,41.8932605],[-87.7758074,41.8932596],[-87.7758076,41.8932588],[-87.775808,41.893258],[-87.7758084,41.8932571],[-87.7758088,41.8932563],[-87.7758094,41.8932554],[-87.77581,41.8932546],[-87.7758107,41.8932538],[-87.7758115,41.893253],[-87.7758123,41.8932523],[-87.7758132,41.8932516],[-87.7758142,41.8932509],[-87.7758153,41.8932503],[-87.7758164,41.8932497],[-87.7758175,41.8932492],[-87.7758187,41.8932487],[-87.7758199,41.8932483],[-87.7758211,41.8932479],[-87.7758224,41.8932477],[-87.7758236,41.8932474],[-87.7758249,41.8932473],[-87.7758262,41.8932472],[-87.7758274,41.8932471],[-87.7758286,41.8932471],[-87.7758298,41.8932472],[-87.775831,41.8932473],[-87.7758321,41.8932474],[-87.7758332,41.8932476],[-87.7758343,41.8932479],[-87.7758456,41.8932487],[-87.7758462,41.8932489],[-87.7758469,41.8932491],[-87.7758476,41.8932493],[-87.7758482,41.8932496],[-87.7758489,41.8932499],[-87.7758495,41.8932502],[-87.7758501,41.8932505],[-87.7758507,41.8932508],[-87.7758513,41.8932511],[-87.7758519,41.8932515],[-87.7758525,41.8932518],[-87.7758531,41.8932522],[-87.7758536,41.8932526],[-87.7758542,41.893253],[-87.7758547,41.8932534],[-87.7758552,41.8932538],[-87.7758557,41.8932543],[-87.7758562,41.8932547],[-87.7758566,41.8932552],[-87.775857,41.8932556],[-87.7758575,41.8932561],[-87.7758578,41.8932566],[-87.7758582,41.8932571],[-87.7758586,41.8932576],[-87.7758589,41.8932581],[-87.7758592,41.8932586],[-87.7758595,41.8932591],[-87.7758597,41.8932596],[-87.77586,41.8932601],[-87.7758602,41.8932606],[-87.7758629,41.8932642],[-87.7758622,41.8932596],[-87.7758601,41.8931658],[-87.7758539,41.8931719],[-87.7758534,41.8931726],[-87.7758529,41.8931733],[-87.7758524,41.893174],[-87.7758519,41.8931747],[-87.7758513,41.8931754],[-87.7758507,41.893176],[-87.77585,41.8931767],[-87.7758493,41.8931773],[-87.7758486,41.8931779],[-87.7758478,41.8931785],[-87.775847,41.8931791],[-87.7758462,41.8931796],[-87.7758454,41.8931802],[-87.7758445,41.8931807],[-87.7758436,41.8931812],[-87.7758427,41.8931816],[-87.7758418,41.8931821],[-87.7758408,41.8931825],[-87.7758398,41.8931829],[-87.7758388,41.8931832],[-87.7758378,41.8931836],[-87.7758368,41.8931839],[-87.7758358,41.8931842],[-87.7758348,41.8931844],[-87.7758337,41.8931846],[-87.7758327,41.8931848],[-87.7758316,41.893185],[-87.7758306,41.8931851],[-87.7758296,41.8931852],[-87.7758285,41.8931853],[-87.7757003,41.893186],[-87.7755933,41.8931876],[-87.7755678,41.893188],[-87.7753852,41.8931908],[-87.7753413,41.8931911],[-87.7752933,41.8931914],[-87.7752895,41.8931915],[-87.7752601,41.8931909],[-87.7752381,41.893186],[-87.7752211,41.8931811],[-87.7752188,41.8931804],[-87.7752165,41.8931797],[-87.7752142,41.8931789],[-87.7752119,41.8931782],[-87.775211,41.8931778],[-87.7752097,41.8931773],[-87.7752074,41.8931764],[-87.7752052,41.8931755],[-87.775203,41.8931746],[-87.7752008,41.8931736],[-87.7751987,41.8931726],[-87.7751966,41.8931715],[-87.7751945,41.8931704],[-87.7751925,41.8931692],[-87.7751911,41.8931684],[-87.7751905,41.8931681],[-87.7751885,41.8931669],[-87.7751865,41.8931656],[-87.7751846,41.8931643],[-87.7751828,41.893163],[-87.775181,41.8931617],[-87.7751792,41.8931603],[-87.7751775,41.8931589],[-87.7751758,41.8931575],[-87.7751741,41.8931561],[-87.7751725,41.8931546],[-87.775171,41.8931531],[-87.7751695,41.8931516],[-87.7751681,41.89315],[-87.7751667,41.8931485],[-87.7751653,41.8931469],[-87.775164,41.8931453],[-87.7751601,41.8931387],[-87.7751624,41.8932006],[-87.7751671,41.8931986],[-87.7751715,41.8931999],[-87.7751736,41.8932008],[-87.7751758,41.8932017],[-87.775178,41.8932025],[-87.7751802,41.8932034],[-87.7751824,41.8932042],[-87.7751846,41.893205],[-87.7751868,41.8932058],[-87.775189,41.8932066],[-87.7751912,41.8932074],[-87.7751924,41.8932078],[-87.7751934,41.8932082],[-87.7751957,41.8932089],[-87.7751979,41.8932097],[-87.7752002,41.8932104],[-87.7752025,41.8932112],[-87.7752047,41.8932119],[-87.775207,41.8932126],[-87.7752093,41.8932133],[-87.7752116,41.8932139],[-87.7752118,41.893214],[-87.7752139,41.8932146],[-87.7752162,41.8932152],[-87.7752185,41.8932159],[-87.7752208,41.8932165],[-87.7752231,41.8932171],[-87.7752254,41.8932177],[-87.7752278,41.8932183],[-87.7752301,41.8932189],[-87.7752325,41.8932194],[-87.7752348,41.89322],[-87.7752371,41.8932205],[-87.7752395,41.8932211],[-87.7752502,41.8932223],[-87.7752509,41.8932224],[-87.7752516,41.8932226],[-87.7752524,41.8932227],[-87.7752531,41.8932229],[-87.7752539,41.8932231],[-87.7752546,41.8932233],[-87.7752553,41.8932236],[-87.775256,41.8932238],[-87.7752567,41.8932241],[-87.7752574,41.8932244],[-87.7752581,41.8932248],[-87.7752588,41.8932251],[-87.7752594,41.8932255],[-87.77526,41.8932259],[-87.7752606,41.8932263],[-87.7752612,41.8932267],[-87.7752618,41.8932271],[-87.7752623,41.8932276],[-87.7752629,41.8932281],[-87.7752633,41.8932285],[-87.7752638,41.893229],[-87.7752642,41.8932295],[-87.7752646,41.8932301],[-87.775265,41.8932306],[-87.7752654,41.8932311],[-87.7752657,41.8932316],[-87.775266,41.8932322],[-87.7752662,41.8932327],[-87.7752665,41.8932333],[-87.7752667,41.8932338],[-87.7752681,41.8932431],[-87.775268,41.8932941]]]},"properties":{"ban_type":"lot","source_layer":9,"object_id":93,"parking_area_type":"ON-STREET","parking_area_name":"25S","parking_enforcement":"Overnight Parking Ban","date_created":"2016-11-22","date_modified":null,"shape_length":545.8,"shape_area":6436.6}},{"type":"Feature","geometry":{"type":"Polygon","coordinates":[[[-87.7747547,41.8673259],[-87.7747567,41.8673261],[-87.7747588,41.8673263],[-87.7747609,41.8673267],[-87.774763,41.8673271],[-87.774765,41.8673277],[-87.774767,41.8673283],[-87.774769,41.867329],[-87.774771,41.8673298],[-87.7747729,41.8673307],[-87.7747747,41.8673317],[-87.7747764,41.8673328],[-87.774778,41.8673339],[-87.7747796,41.8673351],[-87.774781,41.8673364],[-87.7747823,41.8673377],[-87.7747835,41.8673391],[-87.7747845,41.8673403],[-87.7747812,41.8672528],[-87.7747745,41.8672583],[-87.7747735,41.8672588],[-87.7747726,41.8672594],[-87.7747715,41.8672599],[-87.7747704,41.8672604],[-87.7747692,41.8672608],[-87.774768,41.8672612],[-87.7747667,41.8672616],[-87.7747653,41.8672619],[-87.774764,41.8672621],[-87.7747625,41.8672623],[-87.7747611,41.8672624],[-87.7747596,41.8672624],[-87.7747582,41.8672624],[-87.7747567,41.8672623],[-87.7747552,41.8672621],[-87.7747538,41.8672618],[-87.7747524,41.8672615],[-87.774751,41.8672611],[-87.7747497,41.8672607],[-87.7747484,41.8672601],[-87.7747472,41.8672596],[-87.774746,41.8672589],[-87.774745,41.8672583],[-87.774744,41.8672576],[-87.774743,41.8672568],[-87.7747422,41.8672561],[-87.7747414,41.8672553],[-87.7747407,41.8672545],[-87.7747401,41.8672537],[-87.7747395,41.8672529],[-87.7747369,41.8672157],[-87.7743782,41.8672237],[-87.7743835,41.8673311],[-87.7747449,41.8673262],[-87.7747467,41.867326],[-87.7747487,41.8673259],[-87.7747506,41.8673258],[-87.7747526,41.8673258],[-87.7747547,41.8673259]]]},"properties":{"ban_type":"lot","source_layer":9,"object_id":94,"parking_area_type":"ON-STREET","parking_area_name":"25F","parking_enforcement":"Overnight Parking Ban","date_created":"2016-11-22","date_modified":null,"shape_length":307.6,"shape_area":4177.0}},{"type":"Feature","geometry":{"type":"Polygon","coordinates":[[[-87.7831469,41.8795352],[-87.783159,41.8797698],[-87.7831606,41.8797701],[-87.7831622,41.8797705],[-87.7831637,41.8797709],[-87.7831653,41.8797714],[-87.7831668,41.8797719],[-87.7831684,41.8797725],[-87.7831699,41.8797731],[-87.7831714,41.8797738],[-87.7831728,41.8797746],[-87.7831742,41.8797753],[-87.7831756,41.8797762],[-87.7831769,41.8797771],[-87.7831782,41.879778],[-87.7831794,41.879779],[-87.7831806,41.87978],[-87.7831817,41.8797811],[-87.7831827,41.8797821],[-87.7831837,41.8797833],[-87.7831846,41.8797844],[-87.7831854,41.8797856],[-87.7831858,41.8797862],[-87.7831731,41.8795316],[-87.7831723,41.879532],[-87.7831713,41.8795324],[-87.7831702,41.8795328],[-87.7831692,41.8795332],[-87.7831681,41.8795336],[-87.783167,41.8795339],[-87.7831659,41.8795341],[-87.7831648,41.8795344],[-87.7831637,41.8795346],[-87.7831626,41.8795347],[-87.7831615,41.8795349],[-87.7831604,41.879535],[-87.7831593,41.879535],[-87.7831582,41.8795351],[-87.7831572,41.8795351],[-87.7831561,41.879535],[-87.7831469,41.8795352]]]},"properties":{"ban_type":"lot","source_layer":9,"object_id":95,"parking_area_type":"ON-STREET","parking_area_name":"48E","parking_enforcement":"Overnight Parking Ban","date_created":"2016-11-22","date_modified":null,"shape_length":195.5,"shape_area":625.2}},{"type":"Feature","geometry":{"type":"Polygon","coordinates":[[[-87.7750381,41.8854402],[-87.7750901,41.8854394],[-87.7750899,41.8854316],[-87.77509,41.885431],[-87.7750901,41.8854305],[-87.7750903,41.88543],[-87.7750905,41.8854295],[-87.7750907,41.885429],[-87.775091,41.8854285],[-87.7750913,41.885428],[-87.7750916,41.8854275],[-87.7750919,41.885427],[-87.7750923,41.8854265],[-87.7750927,41.885426],[-87.7750932,41.8854256],[-87.7750937,41.8854251],[-87.7750942,41.8854247],[-87.7750947,41.8854242],[-87.7750952,41.8854238],[-87.7750958,41.8854234],[-87.7750964,41.8854231],[-87.775097,41.8854227],[-87.7750976,41.8854224],[-87.7750983,41.8854221],[-87.7750989,41.8854218],[-87.7750996,41.8854216],[-87.7751003,41.8854213],[-87.775101,41.8854211],[-87.7751016,41.8854209],[-87.7751023,41.8854207],[-87.775103,41.8854206],[-87.7751037,41.8854205],[-87.7751044,41.8854204],[-87.7752946,41.8854188],[-87.7753056,41.8854187],[-87.7755,41.8854178],[-87.7755157,41.8854176],[-87.7755827,41.885416],[-87.7755857,41.8854089],[-87.7755857,41.8854082],[-87.7755858,41.8854075],[-87.775586,41.8854068],[-87.7755863,41.8854061],[-87.7755867,41.8854054],[-87.7755872,41.8854047],[-87.7755877,41.8854041],[-87.7755883,41.8854035],[-87.775589,41.8854029],[-87.7755898,41.8854024],[-87.7755906,41.885402],[-87.7755914,41.8854016],[-87.7755922,41.8854013],[-87.7755931,41.885401],[-87.775594,41.8854008],[-87.7755949,41.8854006],[-87.7755958,41.8854005],[-87.7755968,41.8854005],[-87.7755978,41.8854005],[-87.7755988,41.8854006],[-87.7755998,41.8854008],[-87.7756007,41.885401],[-87.7756017,41.8854013],[-87.7756026,41.8854017],[-87.7756034,41.8854021],[-87.7756042,41.8854025],[-87.7756049,41.885403],[-87.7756056,41.8854036],[-87.7756061,41.8854041],[-87.7756066,41.8854047],[-87.775611,41.8854141],[-87.7756155,41.885414],[-87.7756106,41.8853298],[-87.7756084,41.8853311],[-87.7756078,41.8853317],[-87.7756072,41.8853324],[-87.7756065,41.885333],[-87.7756058,41.8853335],[-87.7756049,41.8853341],[-87.775604,41.8853345],[-87.7756031,41.885335],[-87.7756021,41.8853354],[-87.7756011,41.8853357],[-87.7756001,41.8853359],[-87.775599,41.8853361],[-87.7755979,41.8853363],[-87.7755969,41.8853364],[-87.7755958,41.8853364],[-87.7755948,41.8853363],[-87.7755938,41.8853362],[-87.7755928,41.8853361],[-87.7755917,41.8853359],[-87.7755907,41.8853356],[-87.7755897,41.8853353],[-87.7755887,41.8853349],[-87.7755878,41.8853344],[-87.7755869,41.8853339],[-87.7755861,41.8853334],[-87.7755853,41.8853328],[-87.7755847,41.8853322],[-87.775584,41.8853315],[-87.7755835,41.8853308],[-87.775583,41.8853301],[-87.7755826,41.8853294],[-87.77558,41.8852851],[-87.7750359,41.8852938],[-87.7750381,41.8854402]]]},"properties":{"ban_type":"lot","source_layer":9,"object_id":96,"parking_area_type":"ON-STREET","parking_area_name":"25P","parking_enforcement":"Overnight Parking Ban","date_created":"2016-11-22","date_modified":null,"shape_length":426.9,"shape_area":7319.9}},{"type":"Feature","geometry":{"type":"Polygon","coordinates":[[[-87.7925101,41.8801279],[-87.7925105,41.8801279],[-87.7925128,41.8802105],[-87.7925138,41.8802456],[-87.7925351,41.8802402],[-87.7925354,41.8802401],[-87.7925357,41.88024],[-87.7925359,41.8802399],[-87.7925362,41.8802398],[-87.7925365,41.8802397],[-87.7925368,41.8802396],[-87.7925371,41.8802395],[-87.7925374,41.8802394],[-87.7925377,41.8802394],[-87.792538,41.8802393],[-87.7925383,41.8802392],[-87.7925386,41.8802391],[-87.7925389,41.8802391],[-87.7925392,41.880239],[-87.7925395,41.880239],[-87.7925398,41.8802389],[-87.7925401,41.8802388],[-87.7925404,41.8802388],[-87.7925407,41.8802387],[-87.7925411,41.8802387],[-87.7925414,41.8802387],[-87.7925417,41.8802386],[-87.792542,41.8802386],[-87.7925423,41.8802386],[-87.7925426,41.8802385],[-87.7925429,41.8802385],[-87.7925432,41.8802385],[-87.7925435,41.8802385],[-87.7925439,41.8802385],[-87.7925442,41.8802384],[-87.7925454,41.8802385],[-87.7925467,41.8802387],[-87.7925479,41.8802388],[-87.7925492,41.8802391],[-87.7925505,41.8802394],[-87.7925518,41.8802397],[-87.792553,41.8802401],[-87.7925543,41.8802406],[-87.7925555,41.8802411],[-87.7925567,41.8802417],[-87.7925579,41.8802423],[-87.792559,41.880243],[-87.7925601,41.8802438],[-87.7925611,41.8802446],[-87.7925621,41.8802454],[-87.792563,41.8802463],[-87.7925638,41.8802472],[-87.7925645,41.8802482],[-87.7925652,41.8802491],[-87.7925658,41.8802501],[-87.7925663,41.8802511],[-87.7925667,41.8802522],[-87.792567,41.8802532],[-87.7925673,41.8802542],[-87.7925675,41.8802552],[-87.7925676,41.8802562],[-87.7925676,41.8802572],[-87.7925676,41.8802582],[-87.7925675,41.8802591],[-87.7925673,41.88026],[-87.7925675,41.8802595],[-87.7925681,41.8802576],[-87.7925647,41.8800921],[-87.7925568,41.8799627],[-87.7925564,41.8799634],[-87.792556,41.8799641],[-87.7925555,41.8799648],[-87.7925551,41.8799655],[-87.7925546,41.8799662],[-87.7925541,41.8799668],[-87.7925536,41.8799675],[-87.792553,41.8799682],[-87.7925525,41.8799688],[-87.7925519,41.8799695],[-87.7925513,41.8799701],[-87.7925507,41.8799707],[-87.79255,41.8799713],[-87.7925494,41.8799719],[-87.7925487,41.8799725],[-87.792548,41.8799731],[-87.7925473,41.8799737],[-87.7925465,41.8799742],[-87.7925458,41.8799748],[-87.792545,41.8799753],[-87.7925442,41.8799758],[-87.7925434,41.8799763],[-87.7925426,41.8799768],[-87.7925418,41.8799773],[-87.792541,41.8799777],[-87.7925401,41.8799781],[-87.7925393,41.8799786],[-87.7925384,41.879979],[-87.7925376,41.8799794],[-87.7925367,41.8799797],[-87.7925058,41.8799926],[-87.7925085,41.8800567],[-87.7925092,41.8800838],[-87.7925094,41.8800901],[-87.792509,41.8800901],[-87.7925101,41.8801279]]]},"properties":{"ban_type":"lot","source_layer":9,"object_id":97,"parking_area_type":"ON-STREET","parking_area_name":"71E","parking_enforcement":"Overnight Parking Ban","date_created":"2016-11-22","date_modified":null,"shape_length":239.0,"shape_area":1408.7}},{"type":"Feature","geometry":{"type":"Polygon","coordinates":[[[-87.7933204,41.8655944],[-87.7933204,41.8655995],[-87.7933205,41.8655996],[-87.7933207,41.8656001],[-87.7933209,41.8656007],[-87.793321,41.8656013],[-87.7933211,41.8656018],[-87.7933211,41.8656024],[-87.7933211,41.865603],[-87.793321,41.8656035],[-87.7933209,41.8656041],[-87.7933207,41.8656046],[-87.7933205,41.8656051],[-87.793323,41.8656429],[-87.7936183,41.8656376],[-87.7936188,41.8655964],[-87.793619,41.8655959],[-87.7936193,41.8655954],[-87.7936196,41.8655949],[-87.7936199,41.8655944],[-87.7936203,41.8655939],[-87.7936207,41.8655935],[-87.7936211,41.865593],[-87.7936215,41.8655925],[-87.793622,41.8655921],[-87.7936225,41.8655916],[-87.793623,41.8655912],[-87.7936236,41.8655908],[-87.7936242,41.8655904],[-87.7936248,41.86559],[-87.7933204,41.8655944]]]},"properties":{"ban_type":"lot","source_layer":9,"object_id":98,"parking_area_type":"PARKINGLOT","parking_area_name":"79","parking_enforcement":"Overnight Parking Ban","date_created":"2016-11-22","date_modified":null,"shape_length":199.0,"shape_area":1417.1}},{"type":"Feature","geometry":{"type":"Polygon","coordinates":[[[-87.7746332,41.8746161],[-87.7746358,41.8746578],[-87.7746364,41.8746587],[-87.774637,41.8746595],[-87.7746376,41.8746604],[-87.7746384,41.8746612],[-87.7746392,41.874662],[-87.77464,41.8746629],[-87.7746409,41.8746636],[-87.7746418,41.8746644],[-87.7746428,41.8746651],[-87.7746438,41.8746659],[-87.7746449,41.8746665],[-87.774646,41.8746672],[-87.7746471,41.8746678],[-87.7746483,41.8746684],[-87.7746495,41.8746689],[-87.7746508,41.8746694],[-87.774652,41.8746699],[-87.7746533,41.8746703],[-87.7746546,41.8746707],[-87.774656,41.874671],[-87.7746573,41.8746713],[-87.7746587,41.8746716],[-87.77466,41.8746718],[-87.7746614,41.8746719],[-87.7746627,41.8746721],[-87.7746641,41.8746721],[-87.7746654,41.8746722],[-87.7746667,41.8746722],[-87.774668,41.8746721],[-87.7746693,41.874672],[-87.7750141,41.8746696],[-87.7750291,41.8746696],[-87.7750282,41.8746238],[-87.7750285,41.874623],[-87.7750288,41.8746221],[-87.7750292,41.8746212],[-87.7750297,41.8746204],[-87.7750303,41.8746195],[-87.7750309,41.8746187],[-87.7750317,41.8746178],[-87.7750325,41.874617],[-87.7750334,41.8746162],[-87.7750344,41.8746155],[-87.7750354,41.8746148],[-87.7746332,41.8746161]]]},"properties":{"ban_type":"lot","source_layer":9,"object_id":99,"parking_area_type":"ON-STREET","parking_area_name":"25V","parking_enforcement":"Overnight Parking Ban","date_created":"2016-11-22","date_modified":null,"shape_length":254.5,"shape_area":2157.0}},{"type":"Feature","geometry":{"type":"Polygon","coordinates":[[[-87.799182,41.8895508],[-87.8000444,41.8895489],[-87.8000385,41.8894088],[-87.8000606,41.8894091],[-87.8000606,41.8893967],[-87.8000574,41.8893246],[-87.8000575,41.8893138],[-87.8000552,41.8892452],[-87.8000553,41.8892352],[-87.8000538,41.8891802],[-87.8000523,41.88917],[-87.7999975,41.8891699],[-87.7991713,41.8891716],[-87.799182,41.8895508]]]},"properties":{"ban_type":"lot","source_layer":9,"object_id":100,"parking_area_type":"PARKINGLOT","parking_area_name":"32","parking_enforcement":"Overnight Parking Ban","date_created":"2016-11-22","date_modified":null,"shape_length":757.2,"shape_area":32899.6}},{"type":"Feature","geometry":{"type":"Polygon","coordinates":[[[-87.8033788,41.8898025],[-87.8033742,41.8895905],[-87.8027716,41.8895925],[-87.8027666,41.8898116],[-87.8033788,41.8898025]]]},"properties":{"ban_type":"lot","source_layer":9,"object_id":101,"parking_area_type":"PARKINGLOT","parking_area_name":null,"parking_enforcement":"Overnight Parking Ban","date_created":null,"date_modified":null,"shape_length":487.9,"shape_area":12992.2}},{"type":"Feature","geometry":{"type":"Polygon","coordinates":[[[-87.8023761,41.8795243],[-87.8023811,41.8791922],[-87.8021523,41.8792056],[-87.8021862,41.8795265],[-87.8023761,41.8795243]]]},"properties":{"ban_type":"lot","source_layer":9,"object_id":102,"parking_area_type":"PARKINGLOT","parking_area_name":null,"parking_enforcement":"Overnight Parking Ban","date_created":null,"date_modified":null,"shape_length":352.5,"shape_area":6794.5}},{"type":"Feature","geometry":{"type":"Polygon","coordinates":[[[-87.8023132,41.8874911],[-87.8023101,41.8872909],[-87.8008777,41.8873165],[-87.8008834,41.8874987],[-87.8023132,41.8874911]]]},"properties":{"ban_type":"lot","source_layer":9,"object_id":103,"parking_area_type":"PARKINGLOT","parking_area_name":null,"parking_enforcement":"Overnight Parking Ban","date_created":null,"date_modified":null,"shape_length":918.9,"shape_area":27157.3}},{"type":"Feature","geometry":{"type":"Polygon","coordinates":[[[-87.802347,41.8883202],[-87.8023365,41.8881486],[-87.8017626,41.8881567],[-87.8017707,41.8883247],[-87.802347,41.8883202]]]},"properties":{"ban_type":"lot","source_layer":9,"object_id":104,"parking_area_type":"PARKINGLOT","parking_area_name":null,"parking_enforcement":"Overnight Parking Ban","date_created":null,"date_modified":null,"shape_length":437.1,"shape_area":9693.6}},{"type":"Feature","geometry":{"type":"LineString","coordinates":[[-87.7960934,41.8901201],[-87.7960843,41.8897482]]},"properties":{"ban_type":"on_street","source_layer":10,"object_id":1,"parking_enforcement":"Overnight Parking Ban","date_created":"2016-11-22","date_modified":null,"shape_length":135.6,"status":"Migrated","classification":null,"days_of_enforcement":null,"enforcement_times":null}},{"type":"Feature","geometry":{"type":"LineString","coordinates":[[-87.7960214,41.8911538],[-87.7960023,41.8903517]]},"properties":{"ban_type":"on_street","source_layer":10,"object_id":2,"parking_enforcement":"Overnight Parking Ban","date_created":"2016-11-22","date_modified":null,"shape_length":292.3,"status":"Migrated","classification":null,"days_of_enforcement":null,"enforcement_times":null}},{"type":"Feature","geometry":{"type":"LineString","coordinates":[[-87.7961442,41.8912087],[-87.7961367,41.8908925]]},"properties":{"ban_type":"on_street","source_layer":10,"object_id":3,"parking_enforcement":"Overnight Parking Ban","date_created":"2016-11-22","date_modified":null,"shape_length":115.2,"status":"Migrated","classification":null,"days_of_enforcement":null,"enforcement_times":null}},{"type":"Feature","geometry":{"type":"LineString","coordinates":[[-87.796128,41.8905271],[-87.7961245,41.8903762]]},"properties":{"ban_type":"on_street","source_layer":10,"object_id":4,"parking_enforcement":"Overnight Parking Ban","date_created":"2016-11-22","date_modified":null,"shape_length":55.0,"status":"Migrated","classification":null,"days_of_enforcement":null,"enforcement_times":null}},{"type":"Feature","geometry":{"type":"LineString","coordinates":[[-87.7954974,41.8912881],[-87.794843,41.8912963]]},"properties":{"ban_type":"on_street","source_layer":10,"object_id":5,"parking_enforcement":"Overnight Parking Ban","date_created":"2016-11-22","date_modified":null,"shape_length":178.2,"status":"Migrated","classification":null,"days_of_enforcement":null,"enforcement_times":null}},{"type":"Feature","geometry":{"type":"LineString","coordinates":[[-87.797307,41.8901624],[-87.7969484,41.8901683]]},"properties":{"ban_type":"on_street","source_layer":10,"object_id":6,"parking_enforcement":"Overnight Parking Ban","date_created":"2016-11-22","date_modified":null,"shape_length":97.7,"status":"Migrated","classification":null,"days_of_enforcement":null,"enforcement_times":null}},{"type":"Feature","geometry":{"type":"LineString","coordinates":[[-87.7967117,41.8901722],[-87.7963699,41.8901779]]},"properties":{"ban_type":"on_street","source_layer":10,"object_id":7,"parking_enforcement":"Overnight Parking Ban","date_created":"2016-11-22","date_modified":null,"shape_length":93.1,"status":"Migrated","classification":null,"days_of_enforcement":null,"enforcement_times":null}},{"type":"Feature","geometry":{"type":"LineString","coordinates":[[-87.7973851,41.8912518],[-87.7970252,41.8912585]]},"properties":{"ban_type":"on_street","source_layer":10,"object_id":8,"parking_enforcement":"Overnight Parking Ban","date_created":"2016-11-22","date_modified":null,"shape_length":98.0,"status":"Migrated","classification":null,"days_of_enforcement":null,"enforcement_times":null}},{"type":"Feature","geometry":{"type":"LineString","coordinates":[[-87.796887,41.891261],[-87.7963257,41.8912714]]},"properties":{"ban_type":"on_street","source_layer":10,"object_id":9,"parking_enforcement":"Overnight Parking Ban","date_created":"2016-11-22","date_modified":null,"shape_length":152.9,"status":"Migrated","classification":null,"days_of_enforcement":null,"enforcement_times":null}},{"type":"Feature","geometry":{"type":"LineString","coordinates":[[-87.7960357,41.8916738],[-87.7960292,41.8914517]]},"properties":{"ban_type":"on_street","source_layer":10,"object_id":10,"parking_enforcement":"Overnight Parking Ban","date_created":"2016-11-22","date_modified":null,"shape_length":80.9,"status":"Migrated","classification":null,"days_of_enforcement":null,"enforcement_times":null}},{"type":"Feature","geometry":{"type":"LineString","coordinates":[[-87.7918633,41.8902073],[-87.7914067,41.8902189]]},"properties":{"ban_type":"on_street","source_layer":10,"object_id":11,"parking_enforcement":"Overnight Parking Ban","date_created":"2016-11-22","date_modified":null,"shape_length":124.4,"status":"Migrated","classification":null,"days_of_enforcement":null,"enforcement_times":null}},{"type":"Feature","geometry":{"type":"LineString","coordinates":[[-87.791242,41.890096],[-87.7912322,41.889755]]},"properties":{"ban_type":"on_street","source_layer":10,"object_id":12,"parking_enforcement":"Overnight Parking Ban","date_created":"2016-11-22","date_modified":null,"shape_length":124.3,"status":"Migrated","classification":null,"days_of_enforcement":null,"enforcement_times":null}},{"type":"Feature","geometry":{"type":"LineString","coordinates":[[-87.7943296,41.8902421],[-87.79353,41.890255]]},"properties":{"ban_type":"on_street","source_layer":10,"object_id":13,"parking_enforcement":"Overnight Parking Ban","date_created":"2016-11-22","date_modified":null,"shape_length":217.8,"status":"Migrated","classification":null,"days_of_enforcement":null,"enforcement_times":null}},{"type":"Feature","geometry":{"type":"LineString","coordinates":[[-87.7943685,41.8901704],[-87.7937454,41.8901801]]},"properties":{"ban_type":"on_street","source_layer":10,"object_id":14,"parking_enforcement":"Overnight Parking Ban","date_created":"2016-11-22","date_modified":null,"shape_length":169.7,"status":"Migrated","classification":null,"days_of_enforcement":null,"enforcement_times":null}},{"type":"Feature","geometry":{"type":"LineString","coordinates":[[-87.7943758,41.8915986],[-87.7937807,41.8916075]]},"properties":{"ban_type":"on_street","source_layer":10,"object_id":15,"parking_enforcement":"Overnight Parking Ban","date_created":"2016-11-22","date_modified":null,"shape_length":162.1,"status":"Migrated","classification":null,"days_of_enforcement":null,"enforcement_times":null}},{"type":"Feature","geometry":{"type":"LineString","coordinates":[[-87.7944111,41.8915255],[-87.7937516,41.8915366]]},"properties":{"ban_type":"on_street","source_layer":10,"object_id":16,"parking_enforcement":"Overnight Parking Ban","date_created":"2016-11-22","date_modified":null,"shape_length":179.6,"status":"Migrated","classification":null,"days_of_enforcement":null,"enforcement_times":null}},{"type":"Feature","geometry":{"type":"LineString","coordinates":[[-87.7975998,41.8900843],[-87.7975796,41.8894022]]},"properties":{"ban_type":"on_street","source_layer":10,"object_id":17,"parking_enforcement":"Overnight Parking Ban","date_created":"2016-11-22","date_modified":null,"shape_length":248.6,"status":"Migrated","classification":null,"days_of_enforcement":null,"enforcement_times":null}},{"type":"Feature","geometry":{"type":"LineString","coordinates":[[-87.7975764,41.8891009],[-87.7975737,41.8890095]]},"properties":{"ban_type":"on_street","source_layer":10,"object_id":18,"parking_enforcement":"Overnight Parking Ban","date_created":"2016-11-22","date_modified":null,"shape_length":33.3,"status":"Migrated","classification":null,"days_of_enforcement":null,"enforcement_times":null}},{"type":"Feature","geometry":{"type":"LineString","coordinates":[[-87.7999899,41.8901633],[-87.7997156,41.8901678]]},"properties":{"ban_type":"on_street","source_layer":10,"object_id":19,"parking_enforcement":"Overnight Parking Ban","date_created":"2016-11-22","date_modified":null,"shape_length":74.7,"status":"Migrated","classification":null,"days_of_enforcement":null,"enforcement_times":null}},{"type":"Feature","geometry":{"type":"LineString","coordinates":[[-87.7996009,41.8901697],[-87.7993459,41.8901739]]},"properties":{"ban_type":"on_street","source_layer":10,"object_id":20,"parking_enforcement":"Overnight Parking Ban","date_created":"2016-11-22","date_modified":null,"shape_length":69.4,"status":"Migrated","classification":null,"days_of_enforcement":null,"enforcement_times":null}},{"type":"Feature","geometry":{"type":"LineString","coordinates":[[-87.7991806,41.8901767],[-87.7977473,41.8902004]]},"properties":{"ban_type":"on_street","source_layer":10,"object_id":21,"parking_enforcement":"Overnight Parking Ban","date_created":"2016-11-22","date_modified":null,"shape_length":390.4,"status":"Migrated","classification":null,"days_of_enforcement":null,"enforcement_times":null}},{"type":"Feature","geometry":{"type":"LineString","coordinates":[[-87.7918633,41.8902738],[-87.7913944,41.8902853]]},"properties":{"ban_type":"on_street","source_layer":10,"object_id":22,"parking_enforcement":"Overnight Parking Ban","date_created":"2016-11-22","date_modified":null,"shape_length":127.8,"status":"Migrated","classification":null,"days_of_enforcement":null,"enforcement_times":null}},{"type":"Feature","geometry":{"type":"LineString","coordinates":[[-87.7924931,41.8902636],[-87.7920611,41.890272]]},"properties":{"ban_type":"on_street","source_layer":10,"object_id":23,"parking_enforcement":"Overnight Parking Ban","date_created":"2016-11-22","date_modified":null,"shape_length":117.7,"status":"Migrated","classification":null,"days_of_enforcement":null,"enforcement_times":null}},{"type":"Feature","geometry":{"type":"LineString","coordinates":[[-87.7933536,41.8902555],[-87.7929255,41.8902628]]},"properties":{"ban_type":"on_street","source_layer":10,"object_id":24,"parking_enforcement":"Overnight Parking Ban","date_created":"2016-11-22","date_modified":null,"shape_length":116.6,"status":"Migrated","classification":null,"days_of_enforcement":null,"enforcement_times":null}},{"type":"Feature","geometry":{"type":"LineString","coordinates":[[-87.7957691,41.8901759],[-87.7948074,41.8901917]]},"properties":{"ban_type":"on_street","source_layer":10,"object_id":25,"parking_enforcement":"Overnight Parking Ban","date_created":"2016-11-22","date_modified":null,"shape_length":261.9,"status":"Migrated","classification":null,"days_of_enforcement":null,"enforcement_times":null}},{"type":"Feature","geometry":{"type":"LineString","coordinates":[[-87.792658,41.8890735],[-87.7926499,41.8887921]]},"properties":{"ban_type":"on_street","source_layer":10,"object_id":26,"parking_enforcement":"Overnight Parking Ban","date_created":"2016-11-22","date_modified":null,"shape_length":102.6,"status":null,"classification":"NOPARKING","days_of_enforcement":"DAILY","enforcement_times":"Overnight"}},{"type":"Feature","geometry":{"type":"LineString","coordinates":[[-87.7935882,41.891537],[-87.79302,41.8915471]]},"properties":{"ban_type":"on_street","source_layer":10,"object_id":27,"parking_enforcement":"Overnight Parking Ban","date_created":"2016-11-22","date_modified":null,"shape_length":154.7,"status":"Migrated","classification":null,"days_of_enforcement":null,"enforcement_times":null}},{"type":"Feature","geometry":{"type":"LineString","coordinates":[[-87.7975215,41.891062],[-87.7975021,41.8902846]]},"properties":{"ban_type":"on_street","source_layer":10,"object_id":28,"parking_enforcement":"Overnight Parking Ban","date_created":"2016-11-22","date_modified":null,"shape_length":283.3,"status":"Migrated","classification":null,"days_of_enforcement":null,"enforcement_times":null}},{"type":"Feature","geometry":{"type":"LineString","coordinates":[[-87.797608,41.8903595],[-87.7976121,41.8904984]]},"properties":{"ban_type":"on_street","source_layer":10,"object_id":29,"parking_enforcement":"Overnight Parking Ban","date_created":"2016-11-22","date_modified":null,"shape_length":50.6,"status":"Migrated","classification":null,"days_of_enforcement":null,"enforcement_times":null}},{"type":"Feature","geometry":{"type":"LineString","coordinates":[[-87.7976158,41.8906214],[-87.7976363,41.8912776]]},"properties":{"ban_type":"on_street","source_layer":10,"object_id":30,"parking_enforcement":"Overnight Parking Ban","date_created":"2016-11-22","date_modified":null,"shape_length":239.2,"status":"Migrated","classification":null,"days_of_enforcement":null,"enforcement_times":null}},{"type":"Feature","geometry":{"type":"LineString","coordinates":[[-87.7912197,41.8780176],[-87.7915051,41.8780126]]},"properties":{"ban_type":"on_street","source_layer":10,"object_id":31,"parking_enforcement":"Overnight Parking Ban","date_created":"2016-11-22","date_modified":null,"shape_length":77.7,"status":"Migrated","classification":null,"days_of_enforcement":null,"enforcement_times":null}},{"type":"Feature","geometry":{"type":"LineString","coordinates":[[-87.7917106,41.878118],[-87.791715,41.8782242]]},"properties":{"ban_type":"on_street","source_layer":10,"object_id":32,"parking_enforcement":"Overnight Parking Ban","date_created":"2016-11-22","date_modified":null,"shape_length":38.7,"status":"Migrated","classification":null,"days_of_enforcement":null,"enforcement_times":null}},{"type":"Feature","geometry":{"type":"LineString","coordinates":[[-87.7925799,41.880367],[-87.7925974,41.8809414]]},"properties":{"ban_type":"on_street","source_layer":10,"object_id":33,"parking_enforcement":"Overnight Parking Ban","date_created":"2016-11-22","date_modified":null,"shape_length":209.4,"status":"Migrated","classification":null,"days_of_enforcement":null,"enforcement_times":null}},{"type":"Feature","geometry":{"type":"LineString","coordinates":[[-87.7926035,41.8811307],[-87.7926135,41.8814157]]},"properties":{"ban_type":"on_street","source_layer":10,"object_id":34,"parking_enforcement":"Overnight Parking Ban","date_created":"2016-11-22","date_modified":null,"shape_length":103.9,"status":"Migrated","classification":null,"days_of_enforcement":null,"enforcement_times":null}},{"type":"Feature","geometry":{"type":"LineString","coordinates":[[-87.7927031,41.880972],[-87.7926846,41.8803652]]},"properties":{"ban_type":"on_street","source_layer":10,"object_id":35,"parking_enforcement":"Overnight Parking Ban","date_created":"2016-11-22","date_modified":null,"shape_length":221.2,"status":"Migrated","classification":null,"days_of_enforcement":null,"enforcement_times":null}},{"type":"Feature","geometry":{"type":"LineString","coordinates":[[-87.7927176,41.8814497],[-87.7927091,41.8811717]]},"properties":{"ban_type":"on_street","source_layer":10,"object_id":36,"parking_enforcement":"Overnight Parking Ban","date_created":"2016-11-22","date_modified":null,"shape_length":101.3,"status":"Migrated","classification":null,"days_of_enforcement":null,"enforcement_times":null}},{"type":"Feature","geometry":{"type":"LineString","coordinates":[[-87.7926213,41.8817373],[-87.7926319,41.8821171]]},"properties":{"ban_type":"on_street","source_layer":10,"object_id":37,"parking_enforcement":"Overnight Parking Ban","date_created":"2016-11-22","date_modified":null,"shape_length":138.5,"status":"Migrated","classification":null,"days_of_enforcement":null,"enforcement_times":null}},{"type":"Feature","geometry":{"type":"LineString","coordinates":[[-87.7927328,41.8819381],[-87.792728,41.8817637]]},"properties":{"ban_type":"on_street","source_layer":10,"object_id":38,"parking_enforcement":"Overnight Parking Ban","date_created":"2016-11-22","date_modified":null,"shape_length":63.5,"status":"Migrated","classification":null,"days_of_enforcement":null,"enforcement_times":null}},{"type":"Feature","geometry":{"type":"LineString","coordinates":[[-87.7909354,41.8804021],[-87.7909664,41.8814273]]},"properties":{"ban_type":"on_street","source_layer":10,"object_id":39,"parking_enforcement":"Overnight Parking Ban","date_created":"2016-11-22","date_modified":null,"shape_length":373.7,"status":"Migrated","classification":null,"days_of_enforcement":null,"enforcement_times":null}},{"type":"Feature","geometry":{"type":"LineString","coordinates":[[-87.7911135,41.88147],[-87.7911064,41.8812729]]},"properties":{"ban_type":"on_street","source_layer":10,"object_id":40,"parking_enforcement":"Overnight Parking Ban","date_created":"2016-11-22","date_modified":null,"shape_length":71.9,"status":"Migrated","classification":null,"days_of_enforcement":null,"enforcement_times":null}},{"type":"Feature","geometry":{"type":"LineString","coordinates":[[-87.7911039,41.881199],[-87.7910793,41.8803891]]},"properties":{"ban_type":"on_street","source_layer":10,"object_id":41,"parking_enforcement":"Overnight Parking Ban","date_created":"2016-11-22","date_modified":null,"shape_length":295.2,"status":"Migrated","classification":null,"days_of_enforcement":null,"enforcement_times":null}},{"type":"Feature","geometry":{"type":"LineString","coordinates":[[-87.7911318,41.8821108],[-87.791123,41.881775]]},"properties":{"ban_type":"on_street","source_layer":10,"object_id":42,"parking_enforcement":"Overnight Parking Ban","date_created":"2016-11-22","date_modified":null,"shape_length":122.4,"status":"Migrated","classification":null,"days_of_enforcement":null,"enforcement_times":null}},{"type":"Feature","geometry":{"type":"LineString","coordinates":[[-87.7894668,41.8821822],[-87.7894575,41.881828]]},"properties":{"ban_type":"on_street","source_layer":10,"object_id":43,"parking_enforcement":"Overnight Parking Ban","date_created":"2016-11-22","date_modified":null,"shape_length":129.1,"status":"Migrated","classification":null,"days_of_enforcement":null,"enforcement_times":null}},{"type":"Feature","geometry":{"type":"LineString","coordinates":[[-87.7895096,41.8836478],[-87.7895085,41.8835601]]},"properties":{"ban_type":"on_street","source_layer":10,"object_id":44,"parking_enforcement":"Overnight Parking Ban","date_created":"2016-11-22","date_modified":null,"shape_length":32.0,"status":"Migrated","classification":null,"days_of_enforcement":null,"enforcement_times":null}},{"type":"Feature","geometry":{"type":"LineString","coordinates":[[-87.7896774,41.8833796],[-87.7902259,41.8833699]]},"properties":{"ban_type":"on_street","source_layer":10,"object_id":45,"parking_enforcement":"Overnight Parking Ban","date_created":"2016-11-22","date_modified":null,"shape_length":149.4,"status":"Migrated","classification":null,"days_of_enforcement":null,"enforcement_times":null}},{"type":"Feature","geometry":{"type":"LineString","coordinates":[[-87.789455,41.8813655],[-87.7894491,41.8811527]]},"properties":{"ban_type":"on_street","source_layer":10,"object_id":46,"parking_enforcement":"Overnight Parking Ban","date_created":"2016-11-22","date_modified":null,"shape_length":77.5,"status":"Migrated","classification":null,"days_of_enforcement":null,"enforcement_times":null}},{"type":"Feature","geometry":{"type":"LineString","coordinates":[[-87.7894463,41.8810512],[-87.7894401,41.8808311]]},"properties":{"ban_type":"on_street","source_layer":10,"object_id":47,"parking_enforcement":"Overnight Parking Ban","date_created":"2016-11-22","date_modified":null,"shape_length":80.2,"status":"Migrated","classification":null,"days_of_enforcement":null,"enforcement_times":null}},{"type":"Feature","geometry":{"type":"LineString","coordinates":[[-87.7893628,41.881784],[-87.7893722,41.8821379]]},"properties":{"ban_type":"on_street","source_layer":10,"object_id":48,"parking_enforcement":"Overnight Parking Ban","date_created":"2016-11-22","date_modified":null,"shape_length":129.0,"status":"Migrated","classification":null,"days_of_enforcement":null,"enforcement_times":null}},{"type":"Feature","geometry":{"type":"LineString","coordinates":[[-87.7876919,41.8805533],[-87.7877053,41.8810469]]},"properties":{"ban_type":"on_street","source_layer":10,"object_id":49,"parking_enforcement":"Overnight Parking Ban","date_created":"2016-11-22","date_modified":null,"shape_length":179.9,"status":"Migrated","classification":null,"days_of_enforcement":null,"enforcement_times":null}},{"type":"Feature","geometry":{"type":"LineString","coordinates":[[-87.7877093,41.8811914],[-87.7877175,41.8814562]]},"properties":{"ban_type":"on_street","source_layer":10,"object_id":50,"parking_enforcement":"Overnight Parking Ban","date_created":"2016-11-22","date_modified":null,"shape_length":96.5,"status":"Migrated","classification":null,"days_of_enforcement":null,"enforcement_times":null}},{"type":"Feature","geometry":{"type":"LineString","coordinates":[[-87.7881722,41.8796588],[-87.7881677,41.8795276]]},"properties":{"ban_type":"on_street","source_layer":10,"object_id":51,"parking_enforcement":"Overnight Parking Ban","date_created":"2016-11-22","date_modified":null,"shape_length":47.8,"status":"Migrated","classification":null,"days_of_enforcement":null,"enforcement_times":null}},{"type":"Feature","geometry":{"type":"LineString","coordinates":[[-87.7877822,41.8803347],[-87.7877768,41.880133]]},"properties":{"ban_type":"on_street","source_layer":10,"object_id":52,"parking_enforcement":"Overnight Parking Ban","date_created":"2016-11-22","date_modified":null,"shape_length":73.5,"status":"Migrated","classification":null,"days_of_enforcement":null,"enforcement_times":null}},{"type":"Feature","geometry":{"type":"LineString","coordinates":[[-87.7860964,41.8818564],[-87.7861051,41.8821707]]},"properties":{"ban_type":"on_street","source_layer":10,"object_id":53,"parking_enforcement":"Overnight Parking Ban","date_created":"2016-11-22","date_modified":null,"shape_length":114.6,"status":"Migrated","classification":null,"days_of_enforcement":null,"enforcement_times":null}},{"type":"Feature","geometry":{"type":"LineString","coordinates":[[-87.7861844,41.8815382],[-87.7861756,41.8813153]]},"properties":{"ban_type":"on_street","source_layer":10,"object_id":54,"parking_enforcement":"Overnight Parking Ban","date_created":"2016-11-22","date_modified":null,"shape_length":81.3,"status":"Migrated","classification":null,"days_of_enforcement":null,"enforcement_times":null}},{"type":"Feature","geometry":{"type":"LineString","coordinates":[[-87.7861691,41.8810878],[-87.7861607,41.8807037]]},"properties":{"ban_type":"on_street","source_layer":10,"object_id":55,"parking_enforcement":"Overnight Parking Ban","date_created":"2016-11-22","date_modified":null,"shape_length":140.0,"status":"Migrated","classification":null,"days_of_enforcement":null,"enforcement_times":null}},{"type":"Feature","geometry":{"type":"LineString","coordinates":[[-87.7860657,41.8808299],[-87.7860743,41.881048]]},"properties":{"ban_type":"on_street","source_layer":10,"object_id":56,"parking_enforcement":"Overnight Parking Ban","date_created":"2016-11-22","date_modified":null,"shape_length":79.5,"status":"Migrated","classification":null,"days_of_enforcement":null,"enforcement_times":null}},{"type":"Feature","geometry":{"type":"LineString","coordinates":[[-87.7860804,41.8813357],[-87.7860853,41.8814626]]},"properties":{"ban_type":"on_street","source_layer":10,"object_id":57,"parking_enforcement":"Overnight Parking Ban","date_created":"2016-11-22","date_modified":null,"shape_length":46.3,"status":"Migrated","classification":null,"days_of_enforcement":null,"enforcement_times":null}},{"type":"Feature","geometry":{"type":"LineString","coordinates":[[-87.7845743,41.8814951],[-87.7845673,41.881235]]},"properties":{"ban_type":"on_street","source_layer":10,"object_id":58,"parking_enforcement":"Overnight Parking Ban","date_created":"2016-11-22","date_modified":null,"shape_length":94.8,"status":"Migrated","classification":null,"days_of_enforcement":null,"enforcement_times":null}},{"type":"Feature","geometry":{"type":"LineString","coordinates":[[-87.7877961,41.8808461],[-87.7877867,41.8804991]]},"properties":{"ban_type":"on_street","source_layer":10,"object_id":59,"parking_enforcement":"Overnight Parking Ban","date_created":"2016-11-22","date_modified":null,"shape_length":126.5,"status":"Migrated","classification":null,"days_of_enforcement":null,"enforcement_times":null}},{"type":"Feature","geometry":{"type":"LineString","coordinates":[[-87.7893067,41.8804628],[-87.7893173,41.8808426]]},"properties":{"ban_type":"on_street","source_layer":10,"object_id":60,"parking_enforcement":"Overnight Parking Ban","date_created":"2016-11-22","date_modified":null,"shape_length":138.4,"status":"Migrated","classification":null,"days_of_enforcement":null,"enforcement_times":null}},{"type":"Feature","geometry":{"type":"LineString","coordinates":[[-87.7776151,41.8932384],[-87.7781256,41.8932309]]},"properties":{"ban_type":"on_street","source_layer":10,"object_id":61,"parking_enforcement":"Overnight Parking Ban","date_created":"2016-11-22","date_modified":null,"shape_length":139.0,"status":"Migrated","classification":null,"days_of_enforcement":null,"enforcement_times":null}},{"type":"Feature","geometry":{"type":"LineString","coordinates":[[-87.7782998,41.8933402],[-87.7783137,41.893802]]},"properties":{"ban_type":"on_street","source_layer":10,"object_id":62,"parking_enforcement":"Overnight Parking Ban","date_created":"2016-11-22","date_modified":null,"shape_length":168.3,"status":"Migrated","classification":null,"days_of_enforcement":null,"enforcement_times":null}},{"type":"Feature","geometry":{"type":"LineString","coordinates":[[-87.7800424,41.8944759],[-87.7800316,41.8941242]]},"properties":{"ban_type":"on_street","source_layer":10,"object_id":63,"parking_enforcement":"Overnight Parking Ban","date_created":"2016-11-22","date_modified":null,"shape_length":128.2,"status":"Migrated","classification":null,"days_of_enforcement":null,"enforcement_times":null}},{"type":"Feature","geometry":{"type":"LineString","coordinates":[[-87.804042,41.8830105],[-87.803986,41.881605]]},"properties":{"ban_type":"on_street","source_layer":10,"object_id":64,"parking_enforcement":"Overnight Parking Ban","date_created":"2016-11-22","date_modified":null,"shape_length":512.4,"status":"Migrated","classification":null,"days_of_enforcement":null,"enforcement_times":null}},{"type":"Feature","geometry":{"type":"LineString","coordinates":[[-87.8038714,41.8815404],[-87.8039262,41.8830949]]},"properties":{"ban_type":"on_street","source_layer":10,"object_id":65,"parking_enforcement":"Overnight Parking Ban","date_created":"2016-11-22","date_modified":null,"shape_length":566.7,"status":"Migrated","classification":null,"days_of_enforcement":null,"enforcement_times":null}},{"type":"Feature","geometry":{"type":"LineString","coordinates":[[-87.8024892,41.883126],[-87.8024358,41.881632]]},"properties":{"ban_type":"on_street","source_layer":10,"object_id":66,"parking_enforcement":"Overnight Parking Ban","date_created":"2016-11-22","date_modified":null,"shape_length":544.6,"status":"Migrated","classification":null,"days_of_enforcement":null,"enforcement_times":null}},{"type":"Feature","geometry":{"type":"LineString","coordinates":[[-87.8023132,41.8816053],[-87.802368,41.8831355]]},"properties":{"ban_type":"on_street","source_layer":10,"object_id":67,"parking_enforcement":"Overnight Parking Ban","date_created":"2016-11-22","date_modified":null,"shape_length":557.8,"status":"Migrated","classification":null,"days_of_enforcement":null,"enforcement_times":null}},{"type":"Feature","geometry":{"type":"MultiLineString","coordinates":[[[-87.8037984,41.8831962],[-87.8032984,41.8832055]],[[-87.8031318,41.8832086],[-87.8026799,41.8832171]]]},"properties":{"ban_type":"on_street","source_layer":10,"object_id":68,"parking_enforcement":"Overnight Parking Ban","date_created":"2016-11-22","date_modified":null,"shape_length":259.3,"status":"Migrated","classification":null,"days_of_enforcement":null,"enforcement_times":null}},{"type":"Feature","geometry":{"type":"LineString","coordinates":[[-87.7999992,41.8819861],[-87.7999894,41.8816686]]},"properties":{"ban_type":"on_street","source_layer":10,"object_id":69,"parking_enforcement":"Overnight Parking Ban","date_created":"2016-11-22","date_modified":null,"shape_length":115.8,"status":"Migrated","classification":null,"days_of_enforcement":null,"enforcement_times":null}},{"type":"Feature","geometry":{"type":"LineString","coordinates":[[-87.7998982,41.8816956],[-87.7999061,41.8819528]]},"properties":{"ban_type":"on_street","source_layer":10,"object_id":70,"parking_enforcement":"Overnight Parking Ban","date_created":"2016-11-22","date_modified":null,"shape_length":93.8,"status":"Migrated","classification":null,"days_of_enforcement":null,"enforcement_times":null}},{"type":"Feature","geometry":{"type":"LineString","coordinates":[[-87.8039783,41.8812789],[-87.8039319,41.8799648]]},"properties":{"ban_type":"on_street","source_layer":10,"object_id":71,"parking_enforcement":"Overnight Parking Ban","date_created":"2016-11-22","date_modified":null,"shape_length":479.0,"status":"Migrated","classification":null,"days_of_enforcement":null,"enforcement_times":null}},{"type":"Feature","geometry":{"type":"LineString","coordinates":[[-87.8038106,41.8798419],[-87.8038163,41.8800023]]},"properties":{"ban_type":"on_street","source_layer":10,"object_id":72,"parking_enforcement":"Overnight Parking Ban","date_created":"2016-11-22","date_modified":null,"shape_length":58.5,"status":"Migrated","classification":null,"days_of_enforcement":null,"enforcement_times":null}},{"type":"Feature","geometry":{"type":"LineString","coordinates":[[-87.8038209,41.8801312],[-87.8038606,41.8812375]]},"properties":{"ban_type":"on_street","source_layer":10,"object_id":73,"parking_enforcement":"Overnight Parking Ban","date_created":"2016-11-22","date_modified":null,"shape_length":403.3,"status":"Migrated","classification":null,"days_of_enforcement":null,"enforcement_times":null}},{"type":"Feature","geometry":{"type":"LineString","coordinates":[[-87.8024137,41.8811434],[-87.8023804,41.880145]]},"properties":{"ban_type":"on_street","source_layer":10,"object_id":74,"parking_enforcement":"Overnight Parking Ban","date_created":"2016-11-22","date_modified":null,"shape_length":364.0,"status":"Migrated","classification":null,"days_of_enforcement":null,"enforcement_times":null}},{"type":"Feature","geometry":{"type":"LineString","coordinates":[[-87.8023704,41.8800199],[-87.8023653,41.8798656]]},"properties":{"ban_type":"on_street","source_layer":10,"object_id":75,"parking_enforcement":"Overnight Parking Ban","date_created":"2016-11-22","date_modified":null,"shape_length":56.3,"status":"Migrated","classification":null,"days_of_enforcement":null,"enforcement_times":null}},{"type":"Feature","geometry":{"type":"LineString","coordinates":[[-87.8022465,41.8798053],[-87.8022503,41.8799183]]},"properties":{"ban_type":"on_street","source_layer":10,"object_id":76,"parking_enforcement":"Overnight Parking Ban","date_created":"2016-11-22","date_modified":null,"shape_length":41.2,"status":"Migrated","classification":null,"days_of_enforcement":null,"enforcement_times":null}},{"type":"Feature","geometry":{"type":"LineString","coordinates":[[-87.8022613,41.8800555],[-87.8023026,41.881291]]},"properties":{"ban_type":"on_street","source_layer":10,"object_id":77,"parking_enforcement":"Overnight Parking Ban","date_created":"2016-11-22","date_modified":null,"shape_length":450.4,"status":"Migrated","classification":null,"days_of_enforcement":null,"enforcement_times":null}},{"type":"Feature","geometry":{"type":"LineString","coordinates":[[-87.7999791,41.881364],[-87.79993,41.8800611]]},"properties":{"ban_type":"on_street","source_layer":10,"object_id":78,"parking_enforcement":"Overnight Parking Ban","date_created":"2016-11-22","date_modified":null,"shape_length":475.0,"status":"Migrated","classification":null,"days_of_enforcement":null,"enforcement_times":null}},{"type":"Feature","geometry":{"type":"LineString","coordinates":[[-87.7998457,41.8802799],[-87.7998853,41.881329]]},"properties":{"ban_type":"on_street","source_layer":10,"object_id":79,"parking_enforcement":"Overnight Parking Ban","date_created":"2016-11-22","date_modified":null,"shape_length":382.5,"status":"Migrated","classification":null,"days_of_enforcement":null,"enforcement_times":null}},{"type":"Feature","geometry":{"type":"LineString","coordinates":[[-87.803905,41.8794381],[-87.8038973,41.8792135]]},"properties":{"ban_type":"on_street","source_layer":10,"object_id":80,"parking_enforcement":"Overnight Parking Ban","date_created":"2016-11-22","date_modified":null,"shape_length":81.9,"status":"Migrated","classification":null,"days_of_enforcement":null,"enforcement_times":null}},{"type":"Feature","geometry":{"type":"LineString","coordinates":[[-87.8038928,41.8790838],[-87.8038665,41.878321]]},"properties":{"ban_type":"on_street","source_layer":10,"object_id":81,"parking_enforcement":"Overnight Parking Ban","date_created":"2016-11-22","date_modified":null,"shape_length":278.0,"status":"Migrated","classification":null,"days_of_enforcement":null,"enforcement_times":null}},{"type":"Feature","geometry":{"type":"LineString","coordinates":[[-87.8040266,41.8782156],[-87.8044368,41.8782094]]},"properties":{"ban_type":"on_street","source_layer":10,"object_id":82,"parking_enforcement":"Overnight Parking Ban","date_created":"2016-11-22","date_modified":null,"shape_length":111.7,"status":"Migrated","classification":null,"days_of_enforcement":null,"enforcement_times":null}},{"type":"Feature","geometry":{"type":"LineString","coordinates":[[-87.8043574,41.8781462],[-87.804108,41.87815]]},"properties":{"ban_type":"on_street","source_layer":10,"object_id":83,"parking_enforcement":"Overnight Parking Ban","date_created":"2016-11-22","date_modified":null,"shape_length":67.9,"status":"Migrated","classification":null,"days_of_enforcement":null,"enforcement_times":null}},{"type":"Feature","geometry":{"type":"LineString","coordinates":[[-87.8038414,41.8775002],[-87.8038222,41.8769405]]},"properties":{"ban_type":"on_street","source_layer":10,"object_id":84,"parking_enforcement":"Overnight Parking Ban","date_created":"2016-11-22","date_modified":null,"shape_length":204.0,"status":"Migrated","classification":null,"days_of_enforcement":null,"enforcement_times":null}},{"type":"Feature","geometry":{"type":"LineString","coordinates":[[-87.8036044,41.8739744],[-87.8036083,41.8740722]]},"properties":{"ban_type":"on_street","source_layer":10,"object_id":85,"parking_enforcement":"Overnight Parking Ban","date_created":"2016-11-22","date_modified":null,"shape_length":35.7,"status":"Migrated","classification":null,"days_of_enforcement":null,"enforcement_times":null}},{"type":"Feature","geometry":{"type":"LineString","coordinates":[[-87.804281,41.885463],[-87.8046883,41.8854555]]},"properties":{"ban_type":"on_street","source_layer":10,"object_id":86,"parking_enforcement":"Overnight Parking Ban","date_created":"2016-11-22","date_modified":null,"shape_length":110.9,"status":"Migrated","classification":null,"days_of_enforcement":null,"enforcement_times":null}},{"type":"Feature","geometry":{"type":"LineString","coordinates":[[-87.8046167,41.8853653],[-87.8043174,41.8853708]]},"properties":{"ban_type":"on_street","source_layer":10,"object_id":87,"parking_enforcement":"Overnight Parking Ban","date_created":"2016-11-22","date_modified":null,"shape_length":81.5,"status":"Migrated","classification":null,"days_of_enforcement":null,"enforcement_times":null}},{"type":"Feature","geometry":{"type":"LineString","coordinates":[[-87.8038975,41.8853784],[-87.8033717,41.8853873]]},"properties":{"ban_type":"on_street","source_layer":10,"object_id":88,"parking_enforcement":"Overnight Parking Ban","date_created":"2016-11-22","date_modified":null,"shape_length":143.2,"status":"Migrated","classification":null,"days_of_enforcement":null,"enforcement_times":null}},{"type":"Feature","geometry":{"type":"LineString","coordinates":[[-87.8033515,41.8854807],[-87.8038476,41.8854712]]},"properties":{"ban_type":"on_street","source_layer":10,"object_id":89,"parking_enforcement":"Overnight Parking Ban","date_created":"2016-11-22","date_modified":null,"shape_length":135.1,"status":"Migrated","classification":null,"days_of_enforcement":null,"enforcement_times":null}},{"type":"Feature","geometry":{"type":"LineString","coordinates":[[-87.8041761,41.8866182],[-87.8041581,41.886131]]},"properties":{"ban_type":"on_street","source_layer":10,"object_id":90,"parking_enforcement":"Overnight Parking Ban","date_created":"2016-11-22","date_modified":null,"shape_length":177.6,"status":null,"classification":"NOPARKING","days_of_enforcement":"DAILY","enforcement_times":"Overnight"}},{"type":"Feature","geometry":{"type":"LineString","coordinates":[[-87.8041526,41.8859837],[-87.8041483,41.8858682]]},"properties":{"ban_type":"on_street","source_layer":10,"object_id":91,"parking_enforcement":"Overnight Parking Ban","date_created":"2016-11-22","date_modified":null,"shape_length":42.1,"status":"Migrated","classification":null,"days_of_enforcement":null,"enforcement_times":null}},{"type":"Feature","geometry":{"type":"LineString","coordinates":[[-87.8041456,41.8857945],[-87.804138,41.8855886]]},"properties":{"ban_type":"on_street","source_layer":10,"object_id":92,"parking_enforcement":"Overnight Parking Ban","date_created":"2016-11-22","date_modified":null,"shape_length":75.1,"status":"Migrated","classification":null,"days_of_enforcement":null,"enforcement_times":null}},{"type":"Feature","geometry":{"type":"LineString","coordinates":[[-87.8040159,41.8855699],[-87.8040494,41.8864762]]},"properties":{"ban_type":"on_street","source_layer":10,"object_id":93,"parking_enforcement":"Overnight Parking Ban","date_created":"2016-11-22","date_modified":null,"shape_length":330.4,"status":"Migrated","classification":null,"days_of_enforcement":null,"enforcement_times":null}},{"type":"Feature","geometry":{"type":"LineString","coordinates":[[-87.8041275,41.8853033],[-87.8040597,41.8834412]]},"properties":{"ban_type":"on_street","source_layer":10,"object_id":94,"parking_enforcement":"Overnight Parking Ban","date_created":"2016-11-22","date_modified":null,"shape_length":678.8,"status":"Migrated","classification":null,"days_of_enforcement":null,"enforcement_times":null}},{"type":"Feature","geometry":{"type":"LineString","coordinates":[[-87.8039366,41.883391],[-87.8040048,41.8852673]]},"properties":{"ban_type":"on_street","source_layer":10,"object_id":95,"parking_enforcement":"Overnight Parking Ban","date_created":"2016-11-22","date_modified":null,"shape_length":684.0,"status":"Migrated","classification":null,"days_of_enforcement":null,"enforcement_times":null}},{"type":"Feature","geometry":{"type":"LineString","coordinates":[[-87.8041247,41.8832799],[-87.8043953,41.8832773]]},"properties":{"ban_type":"on_street","source_layer":10,"object_id":96,"parking_enforcement":"Overnight Parking Ban","date_created":"2016-11-22","date_modified":null,"shape_length":73.7,"status":"Migrated","classification":null,"days_of_enforcement":null,"enforcement_times":null}},{"type":"Feature","geometry":{"type":"LineString","coordinates":[[-87.802676,41.8833057],[-87.8031337,41.8832971]]},"properties":{"ban_type":"on_street","source_layer":10,"object_id":97,"parking_enforcement":"Overnight Parking Ban","date_created":"2016-11-22","date_modified":null,"shape_length":124.7,"status":"Migrated","classification":null,"days_of_enforcement":null,"enforcement_times":null}},{"type":"Feature","geometry":{"type":"LineString","coordinates":[[-87.8032958,41.883294],[-87.8037839,41.8832849]]},"properties":{"ban_type":"on_street","source_layer":10,"object_id":98,"parking_enforcement":"Overnight Parking Ban","date_created":"2016-11-22","date_modified":null,"shape_length":133.0,"status":"Migrated","classification":null,"days_of_enforcement":null,"enforcement_times":null}},{"type":"Feature","geometry":{"type":"LineString","coordinates":[[-87.8001896,41.8833776],[-87.8015936,41.883344]]},"properties":{"ban_type":"on_street","source_layer":10,"object_id":99,"parking_enforcement":"Overnight Parking Ban","date_created":"2016-11-22","date_modified":null,"shape_length":382.5,"status":"Migrated","classification":null,"days_of_enforcement":null,"enforcement_times":null}},{"type":"Feature","geometry":{"type":"LineString","coordinates":[[-87.8017621,41.88334],[-87.8022065,41.8833293]]},"properties":{"ban_type":"on_street","source_layer":10,"object_id":100,"parking_enforcement":"Overnight Parking Ban","date_created":"2016-11-22","date_modified":null,"shape_length":121.1,"status":"Migrated","classification":null,"days_of_enforcement":null,"enforcement_times":null}},{"type":"Feature","geometry":{"type":"LineString","coordinates":[[-87.8001461,41.886142],[-87.8001364,41.8859029]]},"properties":{"ban_type":"on_street","source_layer":10,"object_id":101,"parking_enforcement":"Overnight Parking Ban","date_created":"2016-11-22","date_modified":null,"shape_length":87.2,"status":"Migrated","classification":null,"days_of_enforcement":null,"enforcement_times":null}},{"type":"Feature","geometry":{"type":"LineString","coordinates":[[-87.8000243,41.8855635],[-87.8000694,41.8866746]]},"properties":{"ban_type":"on_street","source_layer":10,"object_id":102,"parking_enforcement":"Overnight Parking Ban","date_created":"2016-11-22","date_modified":null,"shape_length":405.1,"status":"Migrated","classification":null,"days_of_enforcement":null,"enforcement_times":null}},{"type":"Feature","geometry":{"type":"LineString","coordinates":[[-87.7987697,41.8854698],[-87.7998394,41.8854543]]},"properties":{"ban_type":"on_street","source_layer":10,"object_id":103,"parking_enforcement":"Overnight Parking Ban","date_created":"2016-11-22","date_modified":null,"shape_length":291.3,"status":"Migrated","classification":null,"days_of_enforcement":null,"enforcement_times":null}},{"type":"Feature","geometry":{"type":"LineString","coordinates":[[-87.7986522,41.8860067],[-87.798639,41.8856049]]},"properties":{"ban_type":"on_street","source_layer":10,"object_id":104,"parking_enforcement":"Overnight Parking Ban","date_created":"2016-11-22","date_modified":null,"shape_length":146.5,"status":"Migrated","classification":null,"days_of_enforcement":null,"enforcement_times":null}},{"type":"Feature","geometry":{"type":"LineString","coordinates":[[-87.7985699,41.8864116],[-87.798579,41.8866918]]},"properties":{"ban_type":"on_street","source_layer":10,"object_id":105,"parking_enforcement":"Overnight Parking Ban","date_created":"2016-11-22","date_modified":null,"shape_length":102.1,"status":"Migrated","classification":null,"days_of_enforcement":null,"enforcement_times":null}},{"type":"Feature","geometry":{"type":"LineString","coordinates":[[-87.7973047,41.8854885],[-87.79832,41.8854744]]},"properties":{"ban_type":"on_street","source_layer":10,"object_id":106,"parking_enforcement":"Overnight Parking Ban","date_created":"2016-11-22","date_modified":null,"shape_length":276.5,"status":"Migrated","classification":null,"days_of_enforcement":null,"enforcement_times":null}},{"type":"Feature","geometry":{"type":"LineString","coordinates":[[-87.7959304,41.8851887],[-87.7963422,41.8851785]]},"properties":{"ban_type":"on_street","source_layer":10,"object_id":107,"parking_enforcement":"Overnight Parking Ban","date_created":"2016-11-22","date_modified":null,"shape_length":112.2,"status":"Migrated","classification":null,"days_of_enforcement":null,"enforcement_times":null}},{"type":"Feature","geometry":{"type":"LineString","coordinates":[[-87.796512,41.8851748],[-87.7968397,41.885168]]},"properties":{"ban_type":"on_street","source_layer":10,"object_id":108,"parking_enforcement":"Overnight Parking Ban","date_created":"2016-11-22","date_modified":null,"shape_length":89.3,"status":"Migrated","classification":null,"days_of_enforcement":null,"enforcement_times":null}},{"type":"Feature","geometry":{"type":"LineString","coordinates":[[-87.7984152,41.8816826],[-87.7984297,41.8821089]]},"properties":{"ban_type":"on_street","source_layer":10,"object_id":109,"parking_enforcement":"Overnight Parking Ban","date_created":"2016-11-22","date_modified":null,"shape_length":155.4,"status":"Migrated","classification":null,"days_of_enforcement":null,"enforcement_times":null}},{"type":"Feature","geometry":{"type":"LineString","coordinates":[[-87.7985173,41.8818753],[-87.7985113,41.8817]]},"properties":{"ban_type":"on_street","source_layer":10,"object_id":110,"parking_enforcement":"Overnight Parking Ban","date_created":"2016-11-22","date_modified":null,"shape_length":63.9,"status":"Migrated","classification":null,"days_of_enforcement":null,"enforcement_times":null}},{"type":"Feature","geometry":{"type":"LineString","coordinates":[[-87.7969331,41.8817471],[-87.7969466,41.8821257]]},"properties":{"ban_type":"on_street","source_layer":10,"object_id":111,"parking_enforcement":"Overnight Parking Ban","date_created":"2016-11-22","date_modified":null,"shape_length":138.0,"status":"Migrated","classification":null,"days_of_enforcement":null,"enforcement_times":null}},{"type":"Feature","geometry":{"type":"LineString","coordinates":[[-87.7970336,41.8821055],[-87.7970224,41.881796]]},"properties":{"ban_type":"on_street","source_layer":10,"object_id":112,"parking_enforcement":"Overnight Parking Ban","date_created":"2016-11-22","date_modified":null,"shape_length":112.8,"status":"Migrated","classification":null,"days_of_enforcement":null,"enforcement_times":null}},{"type":"Feature","geometry":{"type":"LineString","coordinates":[[-87.7970133,41.8813907],[-87.7969808,41.8802523]]},"properties":{"ban_type":"on_street","source_layer":10,"object_id":113,"parking_enforcement":"Overnight Parking Ban","date_created":"2016-11-22","date_modified":null,"shape_length":414.9,"status":"Migrated","classification":null,"days_of_enforcement":null,"enforcement_times":null}},{"type":"Feature","geometry":{"type":"LineString","coordinates":[[-87.7969886,41.8801312],[-87.7969827,41.8799172]]},"properties":{"ban_type":"on_street","source_layer":10,"object_id":114,"parking_enforcement":"Overnight Parking Ban","date_created":"2016-11-22","date_modified":null,"shape_length":78.0,"status":"Migrated","classification":null,"days_of_enforcement":null,"enforcement_times":null}},{"type":"Feature","geometry":{"type":"LineString","coordinates":[[-87.7968614,41.8799123],[-87.7968684,41.8801634]]},"properties":{"ban_type":"on_street","source_layer":10,"object_id":115,"parking_enforcement":"Overnight Parking Ban","date_created":"2016-11-22","date_modified":null,"shape_length":91.6,"status":"Migrated","classification":null,"days_of_enforcement":null,"enforcement_times":null}},{"type":"Feature","geometry":{"type":"LineString","coordinates":[[-87.7968842,41.8802773],[-87.7969156,41.8813658]]},"properties":{"ban_type":"on_street","source_layer":10,"object_id":116,"parking_enforcement":"Overnight Parking Ban","date_created":"2016-11-22","date_modified":null,"shape_length":396.7,"status":"Migrated","classification":null,"days_of_enforcement":null,"enforcement_times":null}},{"type":"Feature","geometry":{"type":"LineString","coordinates":[[-87.7956068,41.8817418],[-87.7956118,41.8819142]]},"properties":{"ban_type":"on_street","source_layer":10,"object_id":117,"parking_enforcement":"Overnight Parking Ban","date_created":"2016-11-22","date_modified":null,"shape_length":62.8,"status":"Migrated","classification":null,"days_of_enforcement":null,"enforcement_times":null}},{"type":"Feature","geometry":{"type":"LineString","coordinates":[[-87.7957012,41.8821014],[-87.7956919,41.8817802]]},"properties":{"ban_type":"on_street","source_layer":10,"object_id":118,"parking_enforcement":"Overnight Parking Ban","date_created":"2016-11-22","date_modified":null,"shape_length":117.1,"status":"Migrated","classification":null,"days_of_enforcement":null,"enforcement_times":null}},{"type":"Feature","geometry":{"type":"LineString","coordinates":[[-87.7844386,41.8818778],[-87.784446,41.8821225]]},"properties":{"ban_type":"on_street","source_layer":10,"object_id":119,"parking_enforcement":"Overnight Parking Ban","date_created":"2016-11-22","date_modified":null,"shape_length":89.2,"status":"Migrated","classification":null,"days_of_enforcement":null,"enforcement_times":null}},{"type":"Feature","geometry":{"type":"LineString","coordinates":[[-87.7828353,41.8818976],[-87.7828436,41.8821656]]},"properties":{"ban_type":"on_street","source_layer":10,"object_id":120,"parking_enforcement":"Overnight Parking Ban","date_created":"2016-11-22","date_modified":null,"shape_length":97.7,"status":"Migrated","classification":null,"days_of_enforcement":null,"enforcement_times":null}},{"type":"Feature","geometry":{"type":"LineString","coordinates":[[-87.782936,41.8821484],[-87.7829291,41.8819236]]},"properties":{"ban_type":"on_street","source_layer":10,"object_id":121,"parking_enforcement":"Overnight Parking Ban","date_created":"2016-11-22","date_modified":null,"shape_length":82.0,"status":"Migrated","classification":null,"days_of_enforcement":null,"enforcement_times":null}},{"type":"Feature","geometry":{"type":"LineString","coordinates":[[-87.7827904,41.881305],[-87.782799,41.8815542]]},"properties":{"ban_type":"on_street","source_layer":10,"object_id":122,"parking_enforcement":"Overnight Parking Ban","date_created":"2016-11-22","date_modified":null,"shape_length":90.8,"status":"Migrated","classification":null,"days_of_enforcement":null,"enforcement_times":null}},{"type":"Feature","geometry":{"type":"LineString","coordinates":[[-87.7812066,41.8819405],[-87.7812157,41.8822398]]},"properties":{"ban_type":"on_street","source_layer":10,"object_id":123,"parking_enforcement":"Overnight Parking Ban","date_created":"2016-11-22","date_modified":null,"shape_length":109.1,"status":"Migrated","classification":null,"days_of_enforcement":null,"enforcement_times":null}},{"type":"Feature","geometry":{"type":"LineString","coordinates":[[-87.7812974,41.8821876],[-87.7812905,41.8819605]]},"properties":{"ban_type":"on_street","source_layer":10,"object_id":124,"parking_enforcement":"Overnight Parking Ban","date_created":"2016-11-22","date_modified":null,"shape_length":82.8,"status":"Migrated","classification":null,"days_of_enforcement":null,"enforcement_times":null}},{"type":"Feature","geometry":{"type":"LineString","coordinates":[[-87.7811696,41.8805743],[-87.7811886,41.8812054]]},"properties":{"ban_type":"on_street","source_layer":10,"object_id":125,"parking_enforcement":"Overnight Parking Ban","date_created":"2016-11-22","date_modified":null,"shape_length":230.0,"status":"Migrated","classification":null,"days_of_enforcement":null,"enforcement_times":null}},{"type":"Feature","geometry":{"type":"LineString","coordinates":[[-87.7812718,41.881207],[-87.7812544,41.8805688]]},"properties":{"ban_type":"on_street","source_layer":10,"object_id":126,"parking_enforcement":"Overnight Parking Ban","date_created":"2016-11-22","date_modified":null,"shape_length":232.6,"status":"Migrated","classification":null,"days_of_enforcement":null,"enforcement_times":null}},{"type":"Feature","geometry":{"type":"LineString","coordinates":[[-87.7811935,41.8813305],[-87.7812037,41.8816031]]},"properties":{"ban_type":"on_street","source_layer":10,"object_id":127,"parking_enforcement":"Overnight Parking Ban","date_created":"2016-11-22","date_modified":null,"shape_length":99.4,"status":"Migrated","classification":null,"days_of_enforcement":null,"enforcement_times":null}},{"type":"Feature","geometry":{"type":"LineString","coordinates":[[-87.7812835,41.8816357],[-87.7812752,41.8813297]]},"properties":{"ban_type":"on_street","source_layer":10,"object_id":128,"parking_enforcement":"Overnight Parking Ban","date_created":"2016-11-22","date_modified":null,"shape_length":111.6,"status":"Migrated","classification":null,"days_of_enforcement":null,"enforcement_times":null}},{"type":"Feature","geometry":{"type":"LineString","coordinates":[[-87.7796616,41.8816177],[-87.7796531,41.8813539]]},"properties":{"ban_type":"on_street","source_layer":10,"object_id":129,"parking_enforcement":"Overnight Parking Ban","date_created":"2016-11-22","date_modified":null,"shape_length":96.1,"status":"Migrated","classification":null,"days_of_enforcement":null,"enforcement_times":null}},{"type":"Feature","geometry":{"type":"LineString","coordinates":[[-87.7796492,41.8812356],[-87.7796289,41.8805995]]},"properties":{"ban_type":"on_street","source_layer":10,"object_id":130,"parking_enforcement":"Overnight Parking Ban","date_created":"2016-11-22","date_modified":null,"shape_length":231.8,"status":"Migrated","classification":null,"days_of_enforcement":null,"enforcement_times":null}},{"type":"Feature","geometry":{"type":"LineString","coordinates":[[-87.7795202,41.8806],[-87.7795469,41.8814241]]},"properties":{"ban_type":"on_street","source_layer":10,"object_id":131,"parking_enforcement":"Overnight Parking Ban","date_created":"2016-11-22","date_modified":null,"shape_length":300.4,"status":"Migrated","classification":null,"days_of_enforcement":null,"enforcement_times":null}},{"type":"Feature","geometry":{"type":"LineString","coordinates":[[-87.7795462,41.8815401],[-87.7795493,41.8816269]]},"properties":{"ban_type":"on_street","source_layer":10,"object_id":132,"parking_enforcement":"Overnight Parking Ban","date_created":"2016-11-22","date_modified":null,"shape_length":31.6,"status":"Migrated","classification":null,"days_of_enforcement":null,"enforcement_times":null}},{"type":"Feature","geometry":{"type":"LineString","coordinates":[[-87.7795786,41.8822161],[-87.7795864,41.8824841]]},"properties":{"ban_type":"on_street","source_layer":10,"object_id":133,"parking_enforcement":"Overnight Parking Ban","date_created":"2016-11-22","date_modified":null,"shape_length":97.7,"status":"Migrated","classification":null,"days_of_enforcement":null,"enforcement_times":null}},{"type":"Feature","geometry":{"type":"LineString","coordinates":[[-87.7780395,41.8819073],[-87.7780241,41.881562]]},"properties":{"ban_type":"on_street","source_layer":10,"object_id":134,"parking_enforcement":"Overnight Parking Ban","date_created":"2016-11-22","date_modified":null,"shape_length":125.9,"status":"Migrated","classification":null,"days_of_enforcement":null,"enforcement_times":null}},{"type":"Feature","geometry":{"type":"LineString","coordinates":[[-87.7780191,41.8814429],[-87.7779899,41.8806285]]},"properties":{"ban_type":"on_street","source_layer":10,"object_id":135,"parking_enforcement":"Overnight Parking Ban","date_created":"2016-11-22","date_modified":null,"shape_length":296.9,"status":"Migrated","classification":null,"days_of_enforcement":null,"enforcement_times":null}},{"type":"Feature","geometry":{"type":"LineString","coordinates":[[-87.7779856,41.8805023],[-87.7779799,41.8803356]]},"properties":{"ban_type":"on_street","source_layer":10,"object_id":136,"parking_enforcement":"Overnight Parking Ban","date_created":"2016-11-22","date_modified":null,"shape_length":60.8,"status":"Migrated","classification":null,"days_of_enforcement":null,"enforcement_times":null}},{"type":"Feature","geometry":{"type":"LineString","coordinates":[[-87.777882,41.8803385],[-87.7778881,41.8805171]]},"properties":{"ban_type":"on_street","source_layer":10,"object_id":137,"parking_enforcement":"Overnight Parking Ban","date_created":"2016-11-22","date_modified":null,"shape_length":65.1,"status":"Migrated","classification":null,"days_of_enforcement":null,"enforcement_times":null}},{"type":"Feature","geometry":{"type":"LineString","coordinates":[[-87.7778923,41.8806385],[-87.7779202,41.8814529]]},"properties":{"ban_type":"on_street","source_layer":10,"object_id":138,"parking_enforcement":"Overnight Parking Ban","date_created":"2016-11-22","date_modified":null,"shape_length":296.9,"status":"Migrated","classification":null,"days_of_enforcement":null,"enforcement_times":null}},{"type":"Feature","geometry":{"type":"LineString","coordinates":[[-87.7779246,41.8815791],[-87.777935,41.8818602]]},"properties":{"ban_type":"on_street","source_layer":10,"object_id":139,"parking_enforcement":"Overnight Parking Ban","date_created":"2016-11-22","date_modified":null,"shape_length":102.5,"status":"Migrated","classification":null,"days_of_enforcement":null,"enforcement_times":null}},{"type":"Feature","geometry":{"type":"LineString","coordinates":[[-87.7763981,41.8819245],[-87.7763877,41.8816172]]},"properties":{"ban_type":"on_street","source_layer":10,"object_id":140,"parking_enforcement":"Overnight Parking Ban","date_created":"2016-11-22","date_modified":null,"shape_length":112.0,"status":"Migrated","classification":null,"days_of_enforcement":null,"enforcement_times":null}},{"type":"Feature","geometry":{"type":"LineString","coordinates":[[-87.795986,41.8896701],[-87.7959957,41.8900741]]},"properties":{"ban_type":"on_street","source_layer":10,"object_id":141,"parking_enforcement":"Overnight Parking Ban","date_created":"2016-11-22","date_modified":null,"shape_length":147.2,"status":"Migrated","classification":null,"days_of_enforcement":null,"enforcement_times":null}},{"type":"Feature","geometry":{"type":"LineString","coordinates":[[-87.7798561,41.887936],[-87.7798513,41.8876322]]},"properties":{"ban_type":"on_street","source_layer":10,"object_id":142,"parking_enforcement":"Overnight Parking Ban","date_created":"2016-11-22","date_modified":null,"shape_length":110.7,"status":"Migrated","classification":null,"days_of_enforcement":null,"enforcement_times":null}},{"type":"Feature","geometry":{"type":"LineString","coordinates":[[-87.7765191,41.8887063],[-87.7765716,41.890293]]},"properties":{"ban_type":"on_street","source_layer":10,"object_id":143,"parking_enforcement":"Overnight Parking Ban","date_created":"2016-11-22","date_modified":null,"shape_length":578.4,"status":"Migrated","classification":null,"days_of_enforcement":null,"enforcement_times":null}},{"type":"Feature","geometry":{"type":"LineString","coordinates":[[-87.7759759,41.8983088],[-87.7755233,41.8983139]]},"properties":{"ban_type":"on_street","source_layer":10,"object_id":144,"parking_enforcement":"Overnight Parking Ban","date_created":"2016-11-22","date_modified":null,"shape_length":123.2,"status":"Migrated","classification":null,"days_of_enforcement":null,"enforcement_times":null}},{"type":"Feature","geometry":{"type":"LineString","coordinates":[[-87.7754598,41.8983995],[-87.7757884,41.8983958]]},"properties":{"ban_type":"on_street","source_layer":10,"object_id":145,"parking_enforcement":"Overnight Parking Ban","date_created":"2016-11-22","date_modified":null,"shape_length":89.5,"status":"Migrated","classification":null,"days_of_enforcement":null,"enforcement_times":null}},{"type":"Feature","geometry":{"type":"LineString","coordinates":[[-87.7756852,41.9091129],[-87.7755387,41.9055435]]},"properties":{"ban_type":"on_street","source_layer":10,"object_id":146,"parking_enforcement":"Overnight Parking Ban","date_created":"2016-11-22","date_modified":null,"shape_length":1301.3,"status":null,"classification":"NOPARKING","days_of_enforcement":"DAILY","enforcement_times":"Overnight"}},{"type":"Feature","geometry":{"type":"LineString","coordinates":[[-87.775566,41.872366],[-87.7755764,41.8725732]]},"properties":{"ban_type":"on_street","source_layer":10,"object_id":147,"parking_enforcement":"Overnight Parking Ban","date_created":"2016-11-22","date_modified":null,"shape_length":75.6,"status":"Migrated","classification":null,"days_of_enforcement":null,"enforcement_times":null}},{"type":"Feature","geometry":{"type":"LineString","coordinates":[[-87.7756672,41.8726382],[-87.7756536,41.8723748]]},"properties":{"ban_type":"on_street","source_layer":10,"object_id":148,"parking_enforcement":"Overnight Parking Ban","date_created":"2016-11-22","date_modified":null,"shape_length":96.1,"status":"Migrated","classification":null,"days_of_enforcement":null,"enforcement_times":null}},{"type":"Feature","geometry":{"type":"LineString","coordinates":[[-87.7767816,41.8723449],[-87.7767939,41.8725938]]},"properties":{"ban_type":"on_street","source_layer":10,"object_id":149,"parking_enforcement":"Overnight Parking Ban","date_created":"2016-11-22","date_modified":null,"shape_length":90.8,"status":"Migrated","classification":null,"days_of_enforcement":null,"enforcement_times":null}},{"type":"Feature","geometry":{"type":"LineString","coordinates":[[-87.7768897,41.8725972],[-87.7768774,41.8723469]]},"properties":{"ban_type":"on_street","source_layer":10,"object_id":150,"parking_enforcement":"Overnight Parking Ban","date_created":"2016-11-22","date_modified":null,"shape_length":91.3,"status":"Migrated","classification":null,"days_of_enforcement":null,"enforcement_times":null}},{"type":"Feature","geometry":{"type":"LineString","coordinates":[[-87.7780159,41.8723256],[-87.7780275,41.8725348]]},"properties":{"ban_type":"on_street","source_layer":10,"object_id":151,"parking_enforcement":"Overnight Parking Ban","date_created":"2016-11-22","date_modified":null,"shape_length":76.3,"status":"Migrated","classification":null,"days_of_enforcement":null,"enforcement_times":null}},{"type":"Feature","geometry":{"type":"LineString","coordinates":[[-87.7792478,41.8729868],[-87.7792429,41.8728316]]},"properties":{"ban_type":"on_street","source_layer":10,"object_id":152,"parking_enforcement":"Overnight Parking Ban","date_created":"2016-11-22","date_modified":null,"shape_length":56.6,"status":"Migrated","classification":null,"days_of_enforcement":null,"enforcement_times":null}},{"type":"Feature","geometry":{"type":"LineString","coordinates":[[-87.7817943,41.872497],[-87.7817846,41.8722752]]},"properties":{"ban_type":"on_street","source_layer":10,"object_id":153,"parking_enforcement":"Overnight Parking Ban","date_created":"2016-11-22","date_modified":null,"shape_length":80.9,"status":"Migrated","classification":null,"days_of_enforcement":null,"enforcement_times":null}},{"type":"Feature","geometry":{"type":"LineString","coordinates":[[-87.7829365,41.8724674],[-87.7829271,41.8722592]]},"properties":{"ban_type":"on_street","source_layer":10,"object_id":154,"parking_enforcement":"Overnight Parking Ban","date_created":"2016-11-22","date_modified":null,"shape_length":75.9,"status":"Migrated","classification":null,"days_of_enforcement":null,"enforcement_times":null}},{"type":"Feature","geometry":{"type":"LineString","coordinates":[[-87.7830147,41.8722534],[-87.7830265,41.8725085]]},"properties":{"ban_type":"on_street","source_layer":10,"object_id":155,"parking_enforcement":"Overnight Parking Ban","date_created":"2016-11-22","date_modified":null,"shape_length":93.0,"status":"Migrated","classification":null,"days_of_enforcement":null,"enforcement_times":null}},{"type":"Feature","geometry":{"type":"LineString","coordinates":[[-87.7754705,41.8701122],[-87.7754761,41.8702782]]},"properties":{"ban_type":"on_street","source_layer":10,"object_id":156,"parking_enforcement":"Overnight Parking Ban","date_created":"2016-11-22","date_modified":null,"shape_length":60.5,"status":"Migrated","classification":null,"days_of_enforcement":null,"enforcement_times":null}},{"type":"Feature","geometry":{"type":"LineString","coordinates":[[-87.7755812,41.8703689],[-87.7755733,41.8701368]]},"properties":{"ban_type":"on_street","source_layer":10,"object_id":157,"parking_enforcement":"Overnight Parking Ban","date_created":"2016-11-22","date_modified":null,"shape_length":84.6,"status":"Migrated","classification":null,"days_of_enforcement":null,"enforcement_times":null}},{"type":"Feature","geometry":{"type":"LineString","coordinates":[[-87.7767147,41.8702536],[-87.7767213,41.870445]]},"properties":{"ban_type":"on_street","source_layer":10,"object_id":158,"parking_enforcement":"Overnight Parking Ban","date_created":"2016-11-22","date_modified":null,"shape_length":69.8,"status":"Migrated","classification":null,"days_of_enforcement":null,"enforcement_times":null}},{"type":"Feature","geometry":{"type":"LineString","coordinates":[[-87.7768129,41.8704148],[-87.7768069,41.8702403]]},"properties":{"ban_type":"on_street","source_layer":10,"object_id":159,"parking_enforcement":"Overnight Parking Ban","date_created":"2016-11-22","date_modified":null,"shape_length":63.6,"status":"Migrated","classification":null,"days_of_enforcement":null,"enforcement_times":null}},{"type":"Feature","geometry":{"type":"LineString","coordinates":[[-87.7779529,41.8703156],[-87.7779591,41.8705222]]},"properties":{"ban_type":"on_street","source_layer":10,"object_id":160,"parking_enforcement":"Overnight Parking Ban","date_created":"2016-11-22","date_modified":null,"shape_length":75.3,"status":"Migrated","classification":null,"days_of_enforcement":null,"enforcement_times":null}},{"type":"Feature","geometry":{"type":"LineString","coordinates":[[-87.7780458,41.8705374],[-87.7780389,41.8703104]]},"properties":{"ban_type":"on_street","source_layer":10,"object_id":161,"parking_enforcement":"Overnight Parking Ban","date_created":"2016-11-22","date_modified":null,"shape_length":82.7,"status":"Migrated","classification":null,"days_of_enforcement":null,"enforcement_times":null}},{"type":"Feature","geometry":{"type":"LineString","coordinates":[[-87.7902928,41.8726714],[-87.790302,41.8729175]]},"properties":{"ban_type":"on_street","source_layer":10,"object_id":162,"parking_enforcement":"Overnight Parking Ban","date_created":"2016-11-22","date_modified":null,"shape_length":89.7,"status":"Migrated","classification":null,"days_of_enforcement":null,"enforcement_times":null}},{"type":"Feature","geometry":{"type":"LineString","coordinates":[[-87.7903871,41.8729153],[-87.790378,41.8726666]]},"properties":{"ban_type":"on_street","source_layer":10,"object_id":163,"parking_enforcement":"Overnight Parking Ban","date_created":"2016-11-22","date_modified":null,"shape_length":90.7,"status":"Migrated","classification":null,"days_of_enforcement":null,"enforcement_times":null}},{"type":"Feature","geometry":{"type":"LineString","coordinates":[[-87.7915123,41.872673],[-87.7915216,41.8728964]]},"properties":{"ban_type":"on_street","source_layer":10,"object_id":164,"parking_enforcement":"Overnight Parking Ban","date_created":"2016-11-22","date_modified":null,"shape_length":81.5,"status":"Migrated","classification":null,"days_of_enforcement":null,"enforcement_times":null}},{"type":"Feature","geometry":{"type":"LineString","coordinates":[[-87.792879,41.8741604],[-87.7928405,41.8731373]]},"properties":{"ban_type":"on_street","source_layer":10,"object_id":165,"parking_enforcement":"Overnight Parking Ban","date_created":"2016-11-22","date_modified":null,"shape_length":373.0,"status":"Migrated","classification":null,"days_of_enforcement":null,"enforcement_times":null}},{"type":"Feature","geometry":{"type":"LineString","coordinates":[[-87.785916,41.8713254],[-87.7855805,41.8712979]]},"properties":{"ban_type":"on_street","source_layer":10,"object_id":166,"parking_enforcement":"Overnight Parking Ban","date_created":"2016-11-22","date_modified":null,"shape_length":91.9,"status":"Migrated","classification":null,"days_of_enforcement":null,"enforcement_times":null}},{"type":"Feature","geometry":{"type":"LineString","coordinates":[[-87.7903674,41.871624],[-87.7903601,41.8713724]]},"properties":{"ban_type":"on_street","source_layer":10,"object_id":167,"parking_enforcement":"Overnight Parking Ban","date_created":"2016-11-22","date_modified":null,"shape_length":91.7,"status":"Migrated","classification":null,"days_of_enforcement":null,"enforcement_times":null}},{"type":"Feature","geometry":{"type":"LineString","coordinates":[[-87.7914647,41.8714594],[-87.7914708,41.8716388]]},"properties":{"ban_type":"on_street","source_layer":10,"object_id":168,"parking_enforcement":"Overnight Parking Ban","date_created":"2016-11-22","date_modified":null,"shape_length":65.4,"status":"Migrated","classification":null,"days_of_enforcement":null,"enforcement_times":null}},{"type":"Feature","geometry":{"type":"LineString","coordinates":[[-87.7915954,41.8717364],[-87.7915864,41.8714697]]},"properties":{"ban_type":"on_street","source_layer":10,"object_id":169,"parking_enforcement":"Overnight Parking Ban","date_created":"2016-11-22","date_modified":null,"shape_length":97.2,"status":"Migrated","classification":null,"days_of_enforcement":null,"enforcement_times":null}},{"type":"Feature","geometry":{"type":"LineString","coordinates":[[-87.7934202,41.8706843],[-87.7936916,41.8706801]]},"properties":{"ban_type":"on_street","source_layer":10,"object_id":170,"parking_enforcement":"Overnight Parking Ban","date_created":"2016-11-22","date_modified":null,"shape_length":73.9,"status":"Migrated","classification":null,"days_of_enforcement":null,"enforcement_times":null}},{"type":"Feature","geometry":{"type":"LineString","coordinates":[[-87.7937553,41.8706195],[-87.7934204,41.8706247]]},"properties":{"ban_type":"on_street","source_layer":10,"object_id":171,"parking_enforcement":"Overnight Parking Ban","date_created":"2016-11-22","date_modified":null,"shape_length":91.2,"status":"Migrated","classification":null,"days_of_enforcement":null,"enforcement_times":null}},{"type":"Feature","geometry":{"type":"LineString","coordinates":[[-87.7763978,41.890449],[-87.7759027,41.8904559]]},"properties":{"ban_type":"on_street","source_layer":10,"object_id":172,"parking_enforcement":"Overnight Parking Ban","date_created":"2016-11-22","date_modified":null,"shape_length":134.8,"status":"Migrated","classification":null,"days_of_enforcement":null,"enforcement_times":null}},{"type":"Feature","geometry":{"type":"LineString","coordinates":[[-87.775658,41.9059194],[-87.776107,41.9059154]]},"properties":{"ban_type":"on_street","source_layer":10,"object_id":173,"parking_enforcement":"Overnight Parking Ban","date_created":"2016-11-22","date_modified":null,"shape_length":122.2,"status":"Migrated","classification":null,"days_of_enforcement":null,"enforcement_times":null}},{"type":"Feature","geometry":{"type":"LineString","coordinates":[[-87.7958996,41.8912789],[-87.7956089,41.8912837]]},"properties":{"ban_type":"on_street","source_layer":10,"object_id":174,"parking_enforcement":"Overnight Parking Ban","date_created":"2016-11-22","date_modified":null,"shape_length":79.2,"status":"Migrated","classification":null,"days_of_enforcement":null,"enforcement_times":null}},{"type":"Feature","geometry":{"type":"LineString","coordinates":[[-87.7944786,41.8706053],[-87.7941437,41.8706105]]},"properties":{"ban_type":"on_street","source_layer":10,"object_id":175,"parking_enforcement":"Overnight Parking Ban","date_created":"2016-11-22","date_modified":null,"shape_length":91.2,"status":"Migrated","classification":null,"days_of_enforcement":null,"enforcement_times":null}},{"type":"Feature","geometry":{"type":"LineString","coordinates":[[-87.7766124,41.8881953],[-87.7766222,41.8886145]]},"properties":{"ban_type":"on_street","source_layer":10,"object_id":176,"parking_enforcement":"Overnight Parking Ban","date_created":"2016-11-22","date_modified":null,"shape_length":152.8,"status":"Migrated","classification":null,"days_of_enforcement":null,"enforcement_times":null}},{"type":"Feature","geometry":{"type":"LineString","coordinates":[[-87.7781411,41.8882472],[-87.7781499,41.8886093]]},"properties":{"ban_type":"on_street","source_layer":10,"object_id":177,"parking_enforcement":"Overnight Parking Ban","date_created":"2016-11-22","date_modified":null,"shape_length":131.9,"status":"Migrated","classification":null,"days_of_enforcement":null,"enforcement_times":null}},{"type":"Feature","geometry":{"type":"LineString","coordinates":[[-87.7798689,41.8883087],[-87.779878,41.8886917]]},"properties":{"ban_type":"on_street","source_layer":10,"object_id":178,"parking_enforcement":"Overnight Parking Ban","date_created":"2016-11-22","date_modified":null,"shape_length":139.6,"status":"Migrated","classification":null,"days_of_enforcement":null,"enforcement_times":null}},{"type":"Feature","geometry":{"type":"LineString","coordinates":[[-87.7780945,41.8904261],[-87.777564,41.8904293]]},"properties":{"ban_type":"on_street","source_layer":10,"object_id":179,"parking_enforcement":"Overnight Parking Ban","date_created":"2016-11-22","date_modified":null,"shape_length":144.4,"status":"Migrated","classification":null,"days_of_enforcement":null,"enforcement_times":null}},{"type":"Feature","geometry":{"type":"LineString","coordinates":[[-87.7772962,41.89043],[-87.7768015,41.8904366]]},"properties":{"ban_type":"on_street","source_layer":10,"object_id":180,"parking_enforcement":"Overnight Parking Ban","date_created":"2016-11-22","date_modified":null,"shape_length":134.7,"status":"Migrated","classification":null,"days_of_enforcement":null,"enforcement_times":null}},{"type":"Feature","geometry":{"type":"LineString","coordinates":[[-87.7773435,41.8905076],[-87.7767774,41.890515]]},"properties":{"ban_type":"on_street","source_layer":10,"object_id":181,"parking_enforcement":"Overnight Parking Ban","date_created":"2016-11-22","date_modified":null,"shape_length":154.2,"status":"Migrated","classification":null,"days_of_enforcement":null,"enforcement_times":null}},{"type":"Feature","geometry":{"type":"LineString","coordinates":[[-87.7757332,41.8904583],[-87.7751696,41.8904657]]},"properties":{"ban_type":"on_street","source_layer":10,"object_id":182,"parking_enforcement":"Overnight Parking Ban","date_created":"2016-11-22","date_modified":null,"shape_length":153.5,"status":"Migrated","classification":null,"days_of_enforcement":null,"enforcement_times":null}},{"type":"Feature","geometry":{"type":"LineString","coordinates":[[-87.7955845,41.8810999],[-87.7955927,41.8814622]]},"properties":{"ban_type":"on_street","source_layer":10,"object_id":183,"parking_enforcement":"Overnight Parking Ban","date_created":"2016-11-22","date_modified":null,"shape_length":132.0,"status":"Migrated","classification":null,"days_of_enforcement":null,"enforcement_times":null}},{"type":"Feature","geometry":{"type":"LineString","coordinates":[[-87.7755411,41.9056028],[-87.7754919,41.9040965]]},"properties":{"ban_type":"on_street","source_layer":10,"object_id":184,"parking_enforcement":"Overnight Parking Ban","date_created":"2016-11-22","date_modified":null,"shape_length":549.0,"status":"Migrated","classification":null,"days_of_enforcement":null,"enforcement_times":null}},{"type":"Feature","geometry":{"type":"LineString","coordinates":[[-87.7744058,41.8704917],[-87.7742129,41.8655573]]},"properties":{"ban_type":"on_street","source_layer":10,"object_id":185,"parking_enforcement":"Overnight Parking Ban","date_created":null,"date_modified":null,"shape_length":1798.9,"status":null,"classification":"NOPARKING","days_of_enforcement":"DAILY","enforcement_times":"Overnight"}},{"type":"Feature","geometry":{"type":"LineString","coordinates":[[-87.8041374,41.8651941],[-87.8056661,41.9087089]]},"properties":{"ban_type":"on_street","source_layer":10,"object_id":186,"parking_enforcement":"Overnight Parking Ban","date_created":null,"date_modified":null,"shape_length":15862.5,"status":null,"classification":"NOPARKING","days_of_enforcement":"DAILY","enforcement_times":"Overnight"}},{"type":"Feature","geometry":{"type":"LineString","coordinates":[[-87.8054488,41.9087556],[-87.7758132,41.9091396]]},"properties":{"ban_type":"on_street","source_layer":10,"object_id":187,"parking_enforcement":"Overnight Parking Ban","date_created":null,"date_modified":null,"shape_length":8068.2,"status":null,"classification":"NOPARKING","days_of_enforcement":"DAILY","enforcement_times":"Overnight"}},{"type":"Feature","geometry":{"type":"LineString","coordinates":[[-87.7824479,41.8870729],[-87.7815327,41.8870971]]},"properties":{"ban_type":"on_street","source_layer":10,"object_id":188,"parking_enforcement":"Overnight Parking Ban","date_created":null,"date_modified":null,"shape_length":249.3,"status":null,"classification":"NOPARKING","days_of_enforcement":"DAILY","enforcement_times":"Overnight"}},{"type":"Feature","geometry":{"type":"LineString","coordinates":[[-87.7912685,41.8874013],[-87.7916105,41.8873976],[-87.7916101,41.8874423],[-87.7925164,41.8874269]]},"properties":{"ban_type":"on_street","source_layer":10,"object_id":189,"parking_enforcement":"Overnight Parking Ban","date_created":null,"date_modified":null,"shape_length":356.2,"status":null,"classification":"NOPARKING","days_of_enforcement":"DAILY","enforcement_times":"Overnight"}},{"type":"Feature","geometry":{"type":"LineString","coordinates":[[-87.8025028,41.8872198],[-87.804906,41.8871844]]},"properties":{"ban_type":"on_street","source_layer":10,"object_id":190,"parking_enforcement":"Overnight Parking Ban","date_created":null,"date_modified":null,"shape_length":654.5,"status":null,"classification":"NOPARKING","days_of_enforcement":"DAILY","enforcement_times":"Overnight"}},{"type":"Feature","geometry":{"type":"LineString","coordinates":[[-87.804902,41.8870897],[-87.8023048,41.8871617]]},"properties":{"ban_type":"on_street","source_layer":10,"object_id":191,"parking_enforcement":"Overnight Parking Ban","date_created":null,"date_modified":null,"shape_length":707.7,"status":null,"classification":"NOPARKING","days_of_enforcement":"DAILY","enforcement_times":"Overnight"}},{"type":"Feature","geometry":{"type":"LineString","coordinates":[[-87.8023071,41.8871671],[-87.8022615,41.8871901],[-87.8008578,41.8872211],[-87.8008531,41.8872104]]},"properties":{"ban_type":"on_street","source_layer":10,"object_id":192,"parking_enforcement":"Overnight Parking Ban","date_created":null,"date_modified":null,"shape_length":401.5,"status":null,"classification":"NOPARKING","days_of_enforcement":"DAILY","enforcement_times":"Overnight"}},{"type":"Feature","geometry":{"type":"LineString","coordinates":[[-87.7797073,41.8801181],[-87.7824811,41.8800552],[-87.7842823,41.8800329],[-87.786109,41.8800083],[-87.7876519,41.8799942],[-87.7879453,41.8799741],[-87.7892747,41.8799542],[-87.7902248,41.8799325],[-87.7916913,41.8799061],[-87.7930526,41.8798768],[-87.7941078,41.8798603],[-87.7943758,41.8798401],[-87.7954565,41.8798261],[-87.7967954,41.8798062],[-87.7989442,41.8797614],[-87.7997539,41.8797509],[-87.8010738,41.8797308],[-87.80218,41.8797073],[-87.80284,41.8796913],[-87.8037294,41.8796859],[-87.8046467,41.8797711]]},"properties":{"ban_type":"on_street","source_layer":10,"object_id":193,"parking_enforcement":"Overnight Parking Ban","date_created":null,"date_modified":null,"shape_length":6796.1,"status":null,"classification":"NOPARKING","days_of_enforcement":"DAILY","enforcement_times":"Overnight"}},{"type":"Feature","geometry":{"type":"LineString","coordinates":[[-87.7834423,41.8798502],[-87.7808887,41.879888],[-87.7784719,41.8799573],[-87.7781247,41.8799366],[-87.776419,41.8799712],[-87.7747231,41.879982]]},"properties":{"ban_type":"on_street","source_layer":10,"object_id":194,"parking_enforcement":"Overnight Parking Ban","date_created":null,"date_modified":null,"shape_length":2375.6,"status":null,"classification":"NOPARKING","days_of_enforcement":"DAILY","enforcement_times":"Overnight"}},{"type":"Feature","geometry":{"type":"LineString","coordinates":[[-87.8047187,41.8814818],[-87.8025191,41.8814908],[-87.7985437,41.8815414],[-87.797077,41.881587],[-87.7967929,41.8816261],[-87.7944496,41.8816723],[-87.7942141,41.8816283],[-87.792751,41.8816191],[-87.7925693,41.8816301],[-87.791141,41.881652],[-87.7878413,41.8817031],[-87.7846532,41.8817546],[-87.781328,41.8818077],[-87.7799252,41.8818415],[-87.779461,41.8820655],[-87.7778956,41.8821009],[-87.7748157,41.8821598]]},"properties":{"ban_type":"on_street","source_layer":10,"object_id":195,"parking_enforcement":"Overnight Parking Ban","date_created":null,"date_modified":null,"shape_length":8172.9,"status":null,"classification":"NOPARKING","days_of_enforcement":"DAILY","enforcement_times":"Overnight"}},{"type":"Feature","geometry":{"type":"LineString","coordinates":[[-87.77482,41.8820407],[-87.7778581,41.8820125],[-87.7793661,41.8819865],[-87.7797953,41.8817408],[-87.782738,41.8816906],[-87.7838666,41.8816698]]},"properties":{"ban_type":"on_street","source_layer":10,"object_id":196,"parking_enforcement":"Overnight Parking Ban","date_created":null,"date_modified":null,"shape_length":2494.4,"status":null,"classification":"NOPARKING","days_of_enforcement":"DAILY","enforcement_times":"Overnight"}},{"type":"Feature","geometry":{"type":"LineString","coordinates":[[-87.7744868,41.8727177],[-87.7767403,41.8727048],[-87.7779515,41.8726892],[-87.7791628,41.8726736],[-87.7793797,41.8726532],[-87.7816143,41.8726163],[-87.7828671,41.8725938],[-87.7842122,41.872574],[-87.7853599,41.8725461],[-87.787419,41.872525]]},"properties":{"ban_type":"on_street","source_layer":10,"object_id":197,"parking_enforcement":"Overnight Parking Ban","date_created":null,"date_modified":null,"shape_length":3523.3,"status":null,"classification":"NOPARKING","days_of_enforcement":"DAILY","enforcement_times":"Overnight"}},{"type":"Feature","geometry":{"type":"LineString","coordinates":[[-87.7888852,41.8725081],[-87.7892516,41.8725289],[-87.7907115,41.8725096],[-87.7908805,41.8725033],[-87.7916992,41.8725452],[-87.7926069,41.8726234],[-87.7938491,41.8727245],[-87.7941544,41.8727998],[-87.7956192,41.8729591],[-87.797322,41.8732434],[-87.7984265,41.8734177],[-87.7987386,41.8734501],[-87.799647,41.8734448],[-87.7998001,41.8734407],[-87.8010482,41.8735918]]},"properties":{"ban_type":"on_street","source_layer":10,"object_id":198,"parking_enforcement":"Overnight Parking Ban","date_created":null,"date_modified":null,"shape_length":3349.2,"status":null,"classification":"NOPARKING","days_of_enforcement":"DAILY","enforcement_times":"Overnight"}},{"type":"Feature","geometry":{"type":"LineString","coordinates":[[-87.8042678,41.8723775],[-87.8019348,41.8723715],[-87.8004366,41.8723979]]},"properties":{"ban_type":"on_street","source_layer":10,"object_id":199,"parking_enforcement":"Overnight Parking Ban","date_created":null,"date_modified":null,"shape_length":1043.6,"status":null,"classification":"NOPARKING","days_of_enforcement":"DAILY","enforcement_times":"Overnight"}},{"type":"Feature","geometry":{"type":"LineString","coordinates":[[-87.7994995,41.8724055],[-87.798881,41.872424]]},"properties":{"ban_type":"on_street","source_layer":10,"object_id":200,"parking_enforcement":"Overnight Parking Ban","date_created":null,"date_modified":null,"shape_length":168.6,"status":null,"classification":"NOPARKING","days_of_enforcement":"DAILY","enforcement_times":"Overnight"}},{"type":"Feature","geometry":{"type":"LineString","coordinates":[[-87.7985112,41.8724342],[-87.7977851,41.8723641],[-87.7955237,41.8721821],[-87.7941128,41.8720635],[-87.79317,41.8719876],[-87.7891985,41.8716544],[-87.7868704,41.8714504],[-87.7846187,41.8712562],[-87.7843326,41.8711739],[-87.7839043,41.8709455],[-87.7835481,41.8708509],[-87.7817792,41.8708615],[-87.7802846,41.8708424],[-87.7793286,41.8708211],[-87.7785421,41.8707434],[-87.7744077,41.8704494]]},"properties":{"ban_type":"on_street","source_layer":10,"object_id":201,"parking_enforcement":"Overnight Parking Ban","date_created":null,"date_modified":null,"shape_length":6634.6,"status":null,"classification":"NOPARKING","days_of_enforcement":"DAILY","enforcement_times":"Overnight"}},{"type":"Feature","geometry":{"type":"LineString","coordinates":[[-87.7744116,41.8703744],[-87.7754372,41.8704437],[-87.7766603,41.8705354],[-87.777896,41.8706391],[-87.7791221,41.8707451],[-87.7793896,41.8707773],[-87.7803552,41.8707843],[-87.7815568,41.8707735],[-87.7828253,41.8707772],[-87.7835679,41.8707688],[-87.7840227,41.8708877],[-87.7842571,41.8710532],[-87.7847497,41.8712152],[-87.7852561,41.8712652],[-87.7865012,41.8713831],[-87.7867466,41.8713914],[-87.7889569,41.8715734],[-87.7891545,41.8715768],[-87.7916703,41.871815],[-87.7926928,41.8718889],[-87.7938808,41.8719826],[-87.7952886,41.8721012],[-87.7965339,41.872207],[-87.7978365,41.8723227],[-87.7991371,41.8722978],[-87.8005204,41.8722875],[-87.8019484,41.8722727],[-87.8043838,41.8722268]]},"properties":{"ban_type":"on_street","source_layer":10,"object_id":202,"parking_enforcement":"Overnight Parking Ban","date_created":null,"date_modified":null,"shape_length":8239.0,"status":null,"classification":"NOPARKING","days_of_enforcement":"DAILY","enforcement_times":"Overnight"}},{"type":"Feature","geometry":{"type":"LineString","coordinates":[[-87.7938493,41.8652195],[-87.7939747,41.8692507],[-87.7940728,41.8719906],[-87.7941249,41.8741301]]},"properties":{"ban_type":"on_street","source_layer":10,"object_id":203,"parking_enforcement":"Overnight Parking Ban","date_created":null,"date_modified":null,"shape_length":3247.9,"status":null,"classification":"NOPARKING","days_of_enforcement":"DAILY","enforcement_times":"Overnight"}},{"type":"Feature","geometry":{"type":"LineString","coordinates":[[-87.7941315,41.874111],[-87.794255,41.8783709],[-87.7943205,41.8796862],[-87.7944108,41.8825976],[-87.794508,41.8854471],[-87.7945837,41.8885777],[-87.7945968,41.8892971],[-87.7946899,41.8918751],[-87.7947501,41.8945767],[-87.7948233,41.8972498],[-87.7948604,41.8996608],[-87.7949231,41.9028293],[-87.794982,41.9056786],[-87.7951146,41.9088809]]},"properties":{"ban_type":"on_street","source_layer":10,"object_id":204,"parking_enforcement":"Overnight Parking Ban","date_created":null,"date_modified":null,"shape_length":12673.4,"status":null,"classification":"NOPARKING","days_of_enforcement":"DAILY","enforcement_times":"Overnight"}},{"type":"Feature","geometry":{"type":"LineString","coordinates":[[-87.8050235,41.8906176],[-87.8003398,41.8906698]]},"properties":{"ban_type":"on_street","source_layer":10,"object_id":205,"parking_enforcement":"Overnight Parking Ban","date_created":null,"date_modified":null,"shape_length":1275.5,"status":null,"classification":"NOPARKING","days_of_enforcement":"DAILY","enforcement_times":"Overnight"}},{"type":"Feature","geometry":{"type":"LineString","coordinates":[[-87.8050342,41.8904843],[-87.8003565,41.8905699]]},"properties":{"ban_type":"on_street","source_layer":10,"object_id":206,"parking_enforcement":"Overnight Parking Ban","date_created":null,"date_modified":null,"shape_length":1274.0,"status":null,"classification":"NOPARKING","days_of_enforcement":"DAILY","enforcement_times":"Overnight"}},{"type":"Feature","geometry":{"type":"LineString","coordinates":[[-87.8026295,41.8867356],[-87.8025494,41.8833144]]},"properties":{"ban_type":"on_street","source_layer":10,"object_id":207,"parking_enforcement":"Overnight Parking Ban","date_created":null,"date_modified":null,"shape_length":1246.9,"status":null,"classification":"NOPARKING","days_of_enforcement":"DAILY","enforcement_times":"Overnight"}},{"type":"Feature","geometry":{"type":"LineString","coordinates":[[-87.8024637,41.8867348],[-87.8023896,41.8841379]]},"properties":{"ban_type":"on_street","source_layer":10,"object_id":208,"parking_enforcement":"Overnight Parking Ban","date_created":null,"date_modified":null,"shape_length":946.5,"status":null,"classification":"NOPARKING","days_of_enforcement":"DAILY","enforcement_times":"Overnight"}},{"type":"Feature","geometry":{"type":"LineString","coordinates":[[-87.803983,41.8892211],[-87.8039602,41.8886969]]},"properties":{"ban_type":"on_street","source_layer":10,"object_id":209,"parking_enforcement":"Overnight Parking Ban","date_created":null,"date_modified":null,"shape_length":191.1,"status":null,"classification":"NOPARKING","days_of_enforcement":"DAILY","enforcement_times":"Overnight"}},{"type":"Feature","geometry":{"type":"LineString","coordinates":[[-87.8039543,41.8892221],[-87.8039283,41.8886991]]},"properties":{"ban_type":"on_street","source_layer":10,"object_id":210,"parking_enforcement":"Overnight Parking Ban","date_created":null,"date_modified":null,"shape_length":190.7,"status":null,"classification":"NOPARKING","days_of_enforcement":"DAILY","enforcement_times":"Overnight"}},{"type":"Feature","geometry":{"type":"LineString","coordinates":[[-87.8049356,41.8879439],[-87.802994,41.887954],[-87.802991,41.8879278],[-87.8025224,41.8879304]]},"properties":{"ban_type":"on_street","source_layer":10,"object_id":211,"parking_enforcement":"Overnight Parking Ban","date_created":null,"date_modified":null,"shape_length":665.9,"status":null,"classification":"NOPARKING","days_of_enforcement":"DAILY","enforcement_times":"Overnight"}},{"type":"Feature","geometry":{"type":"LineString","coordinates":[[-87.8023254,41.8832306],[-87.8001445,41.8832848]]},"properties":{"ban_type":"on_street","source_layer":10,"object_id":212,"parking_enforcement":"Overnight Parking Ban","date_created":null,"date_modified":null,"shape_length":594.2,"status":"Migrated","classification":null,"days_of_enforcement":null,"enforcement_times":null}},{"type":"Feature","geometry":{"type":"LineString","coordinates":[[-87.7852415,41.8657939],[-87.785226,41.8653603]]},"properties":{"ban_type":"on_street","source_layer":10,"object_id":213,"parking_enforcement":"Overnight Parking Ban","date_created":null,"date_modified":null,"shape_length":158.1,"status":null,"classification":"NOPARKING","days_of_enforcement":"DAILY","enforcement_times":"Overnight"}},{"type":"Feature","geometry":{"type":"LineString","coordinates":[[-87.7851332,41.8657815],[-87.7851177,41.8653526]]},"properties":{"ban_type":"on_street","source_layer":10,"object_id":214,"parking_enforcement":"Overnight Parking Ban","date_created":null,"date_modified":null,"shape_length":156.3,"status":null,"classification":"NOPARKING","days_of_enforcement":"DAILY","enforcement_times":"Overnight"}},{"type":"Feature","geometry":{"type":"LineString","coordinates":[[-87.7878943,41.8903786],[-87.7864692,41.8903813]]},"properties":{"ban_type":"on_street","source_layer":10,"object_id":215,"parking_enforcement":"Overnight Parking Ban","date_created":null,"date_modified":null,"shape_length":388.0,"status":null,"classification":"NOPARKING","days_of_enforcement":"DAILY","enforcement_times":"Overnight"}},{"type":"Feature","geometry":{"type":"LineString","coordinates":[[-87.7899733,41.8884493],[-87.78995,41.887432]]},"properties":{"ban_type":"on_street","source_layer":10,"object_id":216,"parking_enforcement":"Overnight Parking Ban","date_created":null,"date_modified":null,"shape_length":370.8,"status":null,"classification":"NOPARKING","days_of_enforcement":"DAILY","enforcement_times":"Overnight"}},{"type":"Feature","geometry":{"type":"LineString","coordinates":[[-87.7900816,41.8884546],[-87.7900296,41.8874443]]},"properties":{"ban_type":"on_street","source_layer":10,"object_id":217,"parking_enforcement":"Overnight Parking Ban","date_created":null,"date_modified":null,"shape_length":368.4,"status":null,"classification":"NOPARKING","days_of_enforcement":"DAILY","enforcement_times":"Overnight"}},{"type":"Feature","geometry":{"type":"LineString","coordinates":[[-87.7909216,41.8884681],[-87.7909237,41.8879321]]},"properties":{"ban_type":"on_street","source_layer":10,"object_id":218,"parking_enforcement":"Overnight Parking Ban","date_created":null,"date_modified":null,"shape_length":195.3,"status":null,"classification":"NOPARKING","days_of_enforcement":"DAILY","enforcement_times":"Overnight"}},{"type":"Feature","geometry":{"type":"LineString","coordinates":[[-87.7908666,41.8884714],[-87.790864,41.8882124]]},"properties":{"ban_type":"on_street","source_layer":10,"object_id":219,"parking_enforcement":"Overnight Parking Ban","date_created":null,"date_modified":null,"shape_length":94.4,"status":null,"classification":"NOPARKING","days_of_enforcement":"DAILY","enforcement_times":"Overnight"}},{"type":"Feature","geometry":{"type":"LineString","coordinates":[[-87.7914451,41.8879185],[-87.7897043,41.8879335]]},"properties":{"ban_type":"on_street","source_layer":10,"object_id":220,"parking_enforcement":"Overnight Parking Ban","date_created":null,"date_modified":null,"shape_length":474.0,"status":null,"classification":"NOPARKING","days_of_enforcement":"DAILY","enforcement_times":"Overnight"}},{"type":"Feature","geometry":{"type":"LineString","coordinates":[[-87.7914262,41.8878898],[-87.7897022,41.8878978]]},"properties":{"ban_type":"on_street","source_layer":10,"object_id":221,"parking_enforcement":"Overnight Parking Ban","date_created":null,"date_modified":null,"shape_length":469.4,"status":null,"classification":"NOPARKING","days_of_enforcement":"DAILY","enforcement_times":"Overnight"}},{"type":"Feature","geometry":{"type":"LineString","coordinates":[[-87.7914713,41.8884904],[-87.7914594,41.8879239]]},"properties":{"ban_type":"on_street","source_layer":10,"object_id":222,"parking_enforcement":"Overnight Parking Ban","date_created":null,"date_modified":null,"shape_length":206.4,"status":null,"classification":"NOPARKING","days_of_enforcement":"DAILY","enforcement_times":"Overnight"}},{"type":"Feature","geometry":{"type":"LineString","coordinates":[[-87.7914307,41.8884866],[-87.7914283,41.8879274]]},"properties":{"ban_type":"on_street","source_layer":10,"object_id":223,"parking_enforcement":"Overnight Parking Ban","date_created":null,"date_modified":null,"shape_length":203.8,"status":null,"classification":"NOPARKING","days_of_enforcement":"DAILY","enforcement_times":"Overnight"}},{"type":"Feature","geometry":{"type":"LineString","coordinates":[[-87.774282,41.8655327],[-87.8032195,41.8650577],[-87.8040665,41.8651426]]},"properties":{"ban_type":"on_street","source_layer":10,"object_id":224,"parking_enforcement":"Overnight Parking Ban","date_created":null,"date_modified":null,"shape_length":8117.0,"status":null,"classification":"NOPARKING","days_of_enforcement":"DAILY","enforcement_times":"Overnight"}},{"type":"Feature","geometry":{"type":"LineString","coordinates":[[-87.7754616,41.9042231],[-87.7754194,41.9013865]]},"properties":{"ban_type":"on_street","source_layer":10,"object_id":225,"parking_enforcement":"Overnight Parking Ban","date_created":"2016-11-22","date_modified":null,"shape_length":1033.8,"status":null,"classification":"NOPARKING","days_of_enforcement":"DAILY","enforcement_times":"Overnight"}},{"type":"Feature","geometry":{"type":"LineString","coordinates":[[-87.7754056,41.9014839],[-87.7753711,41.8998366]]},"properties":{"ban_type":"on_street","source_layer":10,"object_id":226,"parking_enforcement":"Overnight Parking Ban","date_created":"2016-11-22","date_modified":null,"shape_length":600.4,"status":null,"classification":"NOPARKING","days_of_enforcement":"DAILY","enforcement_times":"Overnight"}},{"type":"Feature","geometry":{"type":"LineString","coordinates":[[-87.7753828,41.8999693],[-87.7753201,41.897602]]},"properties":{"ban_type":"on_street","source_layer":10,"object_id":227,"parking_enforcement":"Overnight Parking Ban","date_created":"2016-11-22","date_modified":null,"shape_length":862.8,"status":null,"classification":"NOPARKING","days_of_enforcement":"DAILY","enforcement_times":"Overnight"}},{"type":"Feature","geometry":{"type":"LineString","coordinates":[[-87.7753086,41.8978123],[-87.7751822,41.8941182]]},"properties":{"ban_type":"on_street","source_layer":10,"object_id":228,"parking_enforcement":"Overnight Parking Ban","date_created":"2016-11-22","date_modified":null,"shape_length":1346.6,"status":null,"classification":"NOPARKING","days_of_enforcement":"DAILY","enforcement_times":"Overnight"}},{"type":"Feature","geometry":{"type":"LineString","coordinates":[[-87.7751843,41.8941175],[-87.7751532,41.893348]]},"properties":{"ban_type":"on_street","source_layer":10,"object_id":229,"parking_enforcement":"Overnight Parking Ban","date_created":"2016-11-22","date_modified":null,"shape_length":280.5,"status":"Migrated","classification":null,"days_of_enforcement":null,"enforcement_times":null}},{"type":"Feature","geometry":{"type":"LineString","coordinates":[[-87.7751564,41.8933737],[-87.7751261,41.8917298]]},"properties":{"ban_type":"on_street","source_layer":10,"object_id":230,"parking_enforcement":"Overnight Parking Ban","date_created":null,"date_modified":null,"shape_length":599.1,"status":null,"classification":"NOPARKING","days_of_enforcement":"DAILY","enforcement_times":"Overnight"}},{"type":"Feature","geometry":{"type":"LineString","coordinates":[[-87.7751259,41.8917513],[-87.7750195,41.8882299]]},"properties":{"ban_type":"on_street","source_layer":10,"object_id":231,"parking_enforcement":"Overnight Parking Ban","date_created":null,"date_modified":null,"shape_length":1283.5,"status":null,"classification":"NOPARKING","days_of_enforcement":"DAILY","enforcement_times":"Overnight"}},{"type":"Feature","geometry":{"type":"LineString","coordinates":[[-87.7749802,41.887253],[-87.7748938,41.8854565],[-87.7748235,41.8821854]]},"properties":{"ban_type":"on_street","source_layer":10,"object_id":232,"parking_enforcement":"Overnight Parking Ban","date_created":null,"date_modified":null,"shape_length":1847.2,"status":null,"classification":"NOPARKING","days_of_enforcement":"DAILY","enforcement_times":"Overnight"}},{"type":"Feature","geometry":{"type":"LineString","coordinates":[[-87.7748201,41.8822021],[-87.7746844,41.8791213],[-87.7746246,41.8772081],[-87.7746042,41.8758835],[-87.7743996,41.870475]]},"properties":{"ban_type":"on_street","source_layer":10,"object_id":233,"parking_enforcement":"Overnight Parking Ban","date_created":null,"date_modified":null,"shape_length":4275.0,"status":null,"classification":"NOPARKING","days_of_enforcement":"DAILY","enforcement_times":"Overnight"}},{"type":"Feature","geometry":{"type":"LineString","coordinates":[[-87.7750254,41.8882871],[-87.7749592,41.8871052]]},"properties":{"ban_type":"on_street","source_layer":10,"object_id":234,"parking_enforcement":"Overnight Parking Ban","date_created":null,"date_modified":null,"shape_length":431.1,"status":null,"classification":"NOPARKING","days_of_enforcement":"DAILY","enforcement_times":"Overnight"}},{"type":"Feature","geometry":{"type":"LineString","coordinates":[[-87.7754664,41.9020867],[-87.8054567,41.9015996]]},"properties":{"ban_type":"on_street","source_layer":10,"object_id":235,"parking_enforcement":"Overnight Parking Ban","date_created":null,"date_modified":null,"shape_length":8166.4,"status":null,"classification":"NOPARKING","days_of_enforcement":"DAILY","enforcement_times":"Overnight"}},{"type":"Feature","geometry":{"type":"LineString","coordinates":[[-87.8053682,41.9015134],[-87.7754676,41.9019438]]},"properties":{"ban_type":"on_street","source_layer":10,"object_id":236,"parking_enforcement":"Overnight Parking Ban","date_created":null,"date_modified":null,"shape_length":8141.6,"status":null,"classification":"NOPARKING","days_of_enforcement":"DAILY","enforcement_times":"Overnight"}},{"type":"Feature","geometry":{"type":"LineString","coordinates":[[-87.8052138,41.8943162],[-87.775227,41.8947938]]},"properties":{"ban_type":"on_street","source_layer":10,"object_id":237,"parking_enforcement":"Overnight Parking Ban","date_created":null,"date_modified":null,"shape_length":8166.3,"status":null,"classification":"NOPARKING","days_of_enforcement":"DAILY","enforcement_times":"Overnight"}},{"type":"Feature","geometry":{"type":"LineString","coordinates":[[-87.7752251,41.8946365],[-87.8051355,41.8941491]]},"properties":{"ban_type":"on_street","source_layer":10,"object_id":238,"parking_enforcement":"Overnight Parking Ban","date_created":null,"date_modified":null,"shape_length":8145.6,"status":null,"classification":"NOPARKING","days_of_enforcement":"DAILY","enforcement_times":"Overnight"}},{"type":"Feature","geometry":{"type":"LineString","coordinates":[[-87.8049586,41.8886348],[-87.8003158,41.8887563],[-87.7977018,41.8887346],[-87.7946673,41.8886823],[-87.7918243,41.8885927],[-87.7869545,41.8884171],[-87.7799555,41.8882026],[-87.7750472,41.888074]]},"properties":{"ban_type":"on_street","source_layer":10,"object_id":239,"parking_enforcement":"Overnight Parking Ban","date_created":null,"date_modified":null,"shape_length":8150.4,"status":null,"classification":"NOPARKING","days_of_enforcement":"DAILY","enforcement_times":"Overnight"}},{"type":"Feature","geometry":{"type":"LineString","coordinates":[[-87.8049618,41.8885342],[-87.7999622,41.8886349],[-87.7963025,41.8886083],[-87.7894562,41.8884332],[-87.7849562,41.8882593],[-87.7829673,41.8882117],[-87.7812082,41.8881366],[-87.7750248,41.8879923]]},"properties":{"ban_type":"on_street","source_layer":10,"object_id":240,"parking_enforcement":"Overnight Parking Ban","date_created":null,"date_modified":null,"shape_length":8156.8,"status":null,"classification":"NOPARKING","days_of_enforcement":"DAILY","enforcement_times":"Overnight"}},{"type":"Feature","geometry":{"type":"LineString","coordinates":[[-87.7749726,41.8870273],[-87.7779979,41.8870277],[-87.7803095,41.8869959],[-87.7813041,41.8869936],[-87.7828729,41.8869582],[-87.7845213,41.8869256],[-87.7861568,41.8869144],[-87.78777,41.8868982]]},"properties":{"ban_type":"on_street","source_layer":10,"object_id":241,"parking_enforcement":"Overnight Parking Ban","date_created":null,"date_modified":null,"shape_length":3485.3,"status":null,"classification":"NOPARKING","days_of_enforcement":"DAILY","enforcement_times":"Overnight"}},{"type":"Feature","geometry":{"type":"LineString","coordinates":[[-87.78777,41.8869054],[-87.7899507,41.8868824],[-87.7921793,41.88685],[-87.7937956,41.8868505],[-87.796056,41.8868372],[-87.7974716,41.8868129],[-87.7984506,41.8867817],[-87.8012146,41.8867731],[-87.8027866,41.8867256],[-87.8048878,41.8866781]]},"properties":{"ban_type":"on_street","source_layer":10,"object_id":242,"parking_enforcement":"Overnight Parking Ban","date_created":null,"date_modified":null,"shape_length":4662.4,"status":null,"classification":"NOPARKING","days_of_enforcement":"DAILY","enforcement_times":"Overnight"}},{"type":"Feature","geometry":{"type":"LineString","coordinates":[[-87.8048966,41.8867758],[-87.8030506,41.8867959],[-87.8012969,41.8868331]]},"properties":{"ban_type":"on_street","source_layer":10,"object_id":243,"parking_enforcement":"Overnight Parking Ban","date_created":null,"date_modified":null,"shape_length":980.4,"status":null,"classification":"NOPARKING","days_of_enforcement":"DAILY","enforcement_times":"Overnight"}},{"type":"Feature","geometry":{"type":"LineString","coordinates":[[-87.800554,41.8868487],[-87.7993712,41.8868598]]},"properties":{"ban_type":"on_street","source_layer":10,"object_id":244,"parking_enforcement":"Overnight Parking Ban","date_created":null,"date_modified":null,"shape_length":322.1,"status":null,"classification":"NOPARKING","days_of_enforcement":"DAILY","enforcement_times":"Overnight"}},{"type":"Feature","geometry":{"type":"LineString","coordinates":[[-87.7896471,41.8874401],[-87.7911583,41.8874294]]},"properties":{"ban_type":"on_street","source_layer":10,"object_id":245,"parking_enforcement":"Overnight Parking Ban","date_created":null,"date_modified":null,"shape_length":411.5,"status":null,"classification":"NOPARKING","days_of_enforcement":"DAILY","enforcement_times":"Overnight"}},{"type":"Feature","geometry":{"type":"LineString","coordinates":[[-87.7927678,41.8873888],[-87.7943386,41.8873944],[-87.7946357,41.8873189],[-87.7968093,41.8872969],[-87.7978998,41.8872609],[-87.7993011,41.887246],[-87.80048,41.8872247],[-87.8007062,41.8873365],[-87.8007085,41.8873419]]},"properties":{"ban_type":"on_street","source_layer":10,"object_id":246,"parking_enforcement":"Overnight Parking Ban","date_created":null,"date_modified":null,"shape_length":2181.0,"status":null,"classification":"NOPARKING","days_of_enforcement":"DAILY","enforcement_times":"Overnight"}},{"type":"Feature","geometry":{"type":"LineString","coordinates":[[-87.8008835,41.8872909],[-87.8023326,41.8872744]]},"properties":{"ban_type":"on_street","source_layer":10,"object_id":247,"parking_enforcement":"Overnight Parking Ban","date_created":null,"date_modified":null,"shape_length":394.6,"status":null,"classification":"NOPARKING","days_of_enforcement":"DAILY","enforcement_times":"Overnight"}},{"type":"Feature","geometry":{"type":"LineString","coordinates":[[-87.7972763,41.8871955],[-87.7943757,41.887248],[-87.7942246,41.8872956],[-87.7928211,41.8873033],[-87.7915562,41.8873116]]},"properties":{"ban_type":"on_street","source_layer":10,"object_id":248,"parking_enforcement":"Overnight Parking Ban","date_created":null,"date_modified":null,"shape_length":1561.3,"status":null,"classification":"NOPARKING","days_of_enforcement":"DAILY","enforcement_times":"Overnight"}},{"type":"Feature","geometry":{"type":"LineString","coordinates":[[-87.7906332,41.8873197],[-87.7903702,41.8873203]]},"properties":{"ban_type":"on_street","source_layer":10,"object_id":249,"parking_enforcement":"Overnight Parking Ban","date_created":null,"date_modified":null,"shape_length":71.6,"status":null,"classification":"NOPARKING","days_of_enforcement":"DAILY","enforcement_times":"Overnight"}},{"type":"Feature","geometry":{"type":"LineString","coordinates":[[-87.774715,41.8801821],[-87.7779827,41.8801384]]},"properties":{"ban_type":"on_street","source_layer":10,"object_id":250,"parking_enforcement":"Overnight Parking Ban","date_created":null,"date_modified":null,"shape_length":890.0,"status":null,"classification":"NOPARKING","days_of_enforcement":"DAILY","enforcement_times":"Overnight"}},{"type":"Feature","geometry":{"type":"LineString","coordinates":[[-87.8046391,41.8795281],[-87.803941,41.8795416],[-87.8024395,41.8795513],[-87.8011707,41.8795716],[-87.7989009,41.879604],[-87.7964015,41.8796495],[-87.7944185,41.8796878],[-87.7941318,41.8796603],[-87.7918747,41.8797045],[-87.7873349,41.8797806],[-87.7841883,41.8798395]]},"properties":{"ban_type":"on_street","source_layer":10,"object_id":251,"parking_enforcement":"Overnight Parking Ban","date_created":null,"date_modified":null,"shape_length":5571.5,"status":null,"classification":"NOPARKING","days_of_enforcement":"DAILY","enforcement_times":"Overnight"}},{"type":"Feature","geometry":{"type":"LineString","coordinates":[[-87.7846445,41.8816545],[-87.7892704,41.8815907],[-87.7925732,41.8815396],[-87.7941546,41.8814994],[-87.79446,41.8815723],[-87.7968704,41.8815145],[-87.7991373,41.8814513],[-87.8007059,41.8814252],[-87.8030076,41.881393],[-87.8047006,41.8813484]]},"properties":{"ban_type":"on_street","source_layer":10,"object_id":252,"parking_enforcement":"Overnight Parking Ban","date_created":null,"date_modified":null,"shape_length":5467.8,"status":null,"classification":"NOPARKING","days_of_enforcement":"DAILY","enforcement_times":"Overnight"}},{"type":"Feature","geometry":{"type":"LineString","coordinates":[[-87.8035512,41.8738607],[-87.8009999,41.8736559],[-87.7997963,41.8735098],[-87.7987159,41.8735024],[-87.798461,41.8734917],[-87.7973024,41.8733028],[-87.7961311,41.8731068],[-87.795329,41.8729839],[-87.7941537,41.8728831],[-87.7939121,41.8728129],[-87.7934504,41.8727607],[-87.7929122,41.8727105],[-87.7925619,41.8726732]]},"properties":{"ban_type":"on_street","source_layer":10,"object_id":253,"parking_enforcement":"Overnight Parking Ban","date_created":null,"date_modified":null,"shape_length":3031.7,"status":null,"classification":"NOPARKING","days_of_enforcement":"DAILY","enforcement_times":"Overnight"}},{"type":"Feature","geometry":{"type":"LineString","coordinates":[[-87.792581,41.872678],[-87.7916669,41.8725951],[-87.791444,41.8725798],[-87.7904401,41.8725679],[-87.7892319,41.8725955],[-87.7880174,41.8726183],[-87.7867552,41.8726266],[-87.785496,41.8726492],[-87.7853144,41.8726507],[-87.7843421,41.8726723],[-87.7830894,41.8726782],[-87.7828375,41.872696],[-87.7818398,41.8727103],[-87.7806316,41.8727379],[-87.7794202,41.8727654],[-87.7781677,41.8727569],[-87.7769595,41.8727868],[-87.7757068,41.8727974],[-87.7744923,41.8728201]]},"properties":{"ban_type":"on_street","source_layer":10,"object_id":254,"parking_enforcement":"Overnight Parking Ban","date_created":null,"date_modified":null,"shape_length":4930.2,"status":null,"classification":"NOPARKING","days_of_enforcement":"DAILY","enforcement_times":"Overnight"}},{"type":"Feature","geometry":{"type":"LineString","coordinates":[[-87.7838284,41.8653887],[-87.784005,41.8693297],[-87.7841153,41.8720745],[-87.7841955,41.874619],[-87.7843485,41.8783502],[-87.7844289,41.8808662],[-87.7845255,41.8844827],[-87.7845619,41.8869318],[-87.7847066,41.8916253],[-87.7848224,41.8944892],[-87.7848991,41.8974578],[-87.7850524,41.9011508],[-87.7848297,41.9018311],[-87.7848298,41.9018215]]},"properties":{"ban_type":"on_street","source_layer":10,"object_id":255,"parking_enforcement":"Overnight Parking Ban","date_created":null,"date_modified":null,"shape_length":13295.1,"status":null,"classification":"NOPARKING","days_of_enforcement":"DAILY","enforcement_times":"Overnight"}},{"type":"Feature","geometry":{"type":"LineString","coordinates":[[-87.7840697,41.9019656],[-87.7841121,41.9037191],[-87.7839082,41.9044375],[-87.783438,41.9057169],[-87.7832007,41.9058729],[-87.7833007,41.9083413],[-87.7833393,41.9090419]]},"properties":{"ban_type":"on_street","source_layer":10,"object_id":256,"parking_enforcement":"Overnight Parking Ban","date_created":null,"date_modified":null,"shape_length":2631.6,"status":null,"classification":"NOPARKING","days_of_enforcement":"DAILY","enforcement_times":"Overnight"}},{"type":"Feature","geometry":{"type":"LineString","coordinates":[[-87.7834733,41.9090425],[-87.7833539,41.9066026],[-87.7833469,41.905926],[-87.7836239,41.9056129],[-87.7840299,41.9043809],[-87.7842457,41.9037483],[-87.7842484,41.9019522]]},"properties":{"ban_type":"on_street","source_layer":10,"object_id":257,"parking_enforcement":"Overnight Parking Ban","date_created":null,"date_modified":null,"shape_length":2627.8,"status":null,"classification":"NOPARKING","days_of_enforcement":"DAILY","enforcement_times":"Overnight"}},{"type":"Feature","geometry":{"type":"LineString","coordinates":[[-87.7849576,41.9017983],[-87.7851406,41.9012799],[-87.7850684,41.8992833],[-87.7850474,41.8980111],[-87.7850028,41.8965102],[-87.7849293,41.894666],[-87.7848911,41.8931651],[-87.7848264,41.8917926],[-87.7847742,41.8904346],[-87.7847553,41.8889147],[-87.7847684,41.8881286],[-87.7847431,41.8866182],[-87.7846532,41.8844595],[-87.7846084,41.8829871],[-87.7845405,41.8797471],[-87.7844245,41.877655],[-87.7843353,41.8754201],[-87.7843293,41.8738812],[-87.7842726,41.871575],[-87.7842056,41.8704646],[-87.7841198,41.8685727],[-87.7840993,41.8672481],[-87.7840323,41.8653849]]},"properties":{"ban_type":"on_street","source_layer":10,"object_id":258,"parking_enforcement":"Overnight Parking Ban","date_created":null,"date_modified":null,"shape_length":13280.0,"status":null,"classification":"NOPARKING","days_of_enforcement":"DAILY","enforcement_times":"Overnight"}},{"type":"Feature","geometry":{"type":"LineString","coordinates":[[-87.7949677,41.9088993],[-87.7949067,41.9062929],[-87.7948393,41.9036865],[-87.794746,41.9011372],[-87.7947128,41.8990169],[-87.794602,41.8955003],[-87.7945622,41.8934038],[-87.7945017,41.8907498],[-87.7944542,41.8888105],[-87.7943768,41.8873951],[-87.794358,41.8858466],[-87.7942966,41.8840454],[-87.7942754,41.882778],[-87.7942572,41.8811438],[-87.794107,41.8777747],[-87.7940048,41.8747727],[-87.793913,41.8720471],[-87.7938341,41.8692929],[-87.7937138,41.8661717],[-87.7936963,41.8652235]]},"properties":{"ban_type":"on_street","source_layer":10,"object_id":259,"parking_enforcement":"Overnight Parking Ban","date_created":null,"date_modified":null,"shape_length":15919.9,"status":null,"classification":"NOPARKING","days_of_enforcement":"DAILY","enforcement_times":"Overnight"}},{"type":"Feature","geometry":{"type":"LineString","coordinates":[[-87.8043253,41.908776],[-87.8043158,41.90839]]},"properties":{"ban_type":"on_street","source_layer":10,"object_id":260,"parking_enforcement":"Overnight Parking Ban","date_created":null,"date_modified":null,"shape_length":140.7,"status":null,"classification":"NOPARKING","days_of_enforcement":"DAILY","enforcement_times":"Overnight"}},{"type":"Feature","geometry":{"type":"LineString","coordinates":[[-87.8041594,41.9087848],[-87.8041496,41.9084274]]},"properties":{"ban_type":"on_street","source_layer":10,"object_id":261,"parking_enforcement":"Overnight Parking Ban","date_created":null,"date_modified":null,"shape_length":130.3,"status":null,"classification":"NOPARKING","days_of_enforcement":"DAILY","enforcement_times":"Overnight"}},{"type":"Feature","geometry":{"type":"LineString","coordinates":[[-87.8040648,41.9071168],[-87.8012391,41.9071514]]},"properties":{"ban_type":"on_street","source_layer":10,"object_id":262,"parking_enforcement":"Overnight Parking Ban","date_created":null,"date_modified":null,"shape_length":769.3,"status":null,"classification":"NOPARKING","days_of_enforcement":"DAILY","enforcement_times":"Overnight"}},{"type":"Feature","geometry":{"type":"LineString","coordinates":[[-87.8027689,41.9087974],[-87.8027122,41.9071677]]},"properties":{"ban_type":"on_street","source_layer":10,"object_id":263,"parking_enforcement":"Overnight Parking Ban","date_created":null,"date_modified":null,"shape_length":594.1,"status":null,"classification":"NOPARKING","days_of_enforcement":"DAILY","enforcement_times":"Overnight"}},{"type":"Feature","geometry":{"type":"LineString","coordinates":[[-87.8026158,41.9088062],[-87.8026039,41.9071577]]},"properties":{"ban_type":"on_street","source_layer":10,"object_id":264,"parking_enforcement":"Overnight Parking Ban","date_created":null,"date_modified":null,"shape_length":600.7,"status":null,"classification":"NOPARKING","days_of_enforcement":"DAILY","enforcement_times":"Overnight"}},{"type":"Feature","geometry":{"type":"LineString","coordinates":[[-87.8042127,41.9069698],[-87.8041308,41.9053019]]},"properties":{"ban_type":"on_street","source_layer":10,"object_id":265,"parking_enforcement":"Overnight Parking Ban","date_created":null,"date_modified":null,"shape_length":608.2,"status":null,"classification":"NOPARKING","days_of_enforcement":"DAILY","enforcement_times":"Overnight"}},{"type":"Feature","geometry":{"type":"LineString","coordinates":[[-87.8041043,41.9069598],[-87.8040605,41.9053159]]},"properties":{"ban_type":"on_street","source_layer":10,"object_id":266,"parking_enforcement":"Overnight Parking Ban","date_created":null,"date_modified":null,"shape_length":599.2,"status":null,"classification":"NOPARKING","days_of_enforcement":"DAILY","enforcement_times":"Overnight"}},{"type":"Feature","geometry":{"type":"LineString","coordinates":[[-87.7888633,41.90898],[-87.7888343,41.9086321]]},"properties":{"ban_type":"on_street","source_layer":10,"object_id":267,"parking_enforcement":"Overnight Parking Ban","date_created":null,"date_modified":null,"shape_length":127.0,"status":null,"classification":"NOPARKING","days_of_enforcement":"DAILY","enforcement_times":"Overnight"}},{"type":"Feature","geometry":{"type":"LineString","coordinates":[[-87.7886847,41.9089792],[-87.7886684,41.9086409]]},"properties":{"ban_type":"on_street","source_layer":10,"object_id":268,"parking_enforcement":"Overnight Parking Ban","date_created":null,"date_modified":null,"shape_length":123.4,"status":null,"classification":"NOPARKING","days_of_enforcement":"DAILY","enforcement_times":"Overnight"}},{"type":"Feature","geometry":{"type":"LineString","coordinates":[[-87.7796141,41.9090883],[-87.7795981,41.9087356]]},"properties":{"ban_type":"on_street","source_layer":10,"object_id":269,"parking_enforcement":"Overnight Parking Ban","date_created":null,"date_modified":null,"shape_length":128.6,"status":null,"classification":"NOPARKING","days_of_enforcement":"DAILY","enforcement_times":"Overnight"}},{"type":"Feature","geometry":{"type":"LineString","coordinates":[[-87.77941,41.9090968],[-87.7794069,41.9087204]]},"properties":{"ban_type":"on_street","source_layer":10,"object_id":270,"parking_enforcement":"Overnight Parking Ban","date_created":null,"date_modified":null,"shape_length":137.2,"status":null,"classification":"NOPARKING","days_of_enforcement":"DAILY","enforcement_times":"Overnight"}},{"type":"Feature","geometry":{"type":"LineString","coordinates":[[-87.803369,41.8948455],[-87.8033538,41.894369]]},"properties":{"ban_type":"on_street","source_layer":10,"object_id":271,"parking_enforcement":"Overnight Parking Ban","date_created":null,"date_modified":null,"shape_length":173.7,"status":null,"classification":"NOPARKING","days_of_enforcement":"DAILY","enforcement_times":"Overnight"}},{"type":"Feature","geometry":{"type":"LineString","coordinates":[[-87.8031652,41.8948207],[-87.8031563,41.8943538]]},"properties":{"ban_type":"on_street","source_layer":10,"object_id":272,"parking_enforcement":"Overnight Parking Ban","date_created":null,"date_modified":null,"shape_length":170.2,"status":null,"classification":"NOPARKING","days_of_enforcement":"DAILY","enforcement_times":"Overnight"}},{"type":"Feature","geometry":{"type":"LineString","coordinates":[[-87.805051,41.8919232],[-87.8039289,41.8919085]]},"properties":{"ban_type":"on_street","source_layer":10,"object_id":273,"parking_enforcement":"Overnight Parking Ban","date_created":null,"date_modified":null,"shape_length":305.6,"status":null,"classification":"NOPARKING","days_of_enforcement":"DAILY","enforcement_times":"Overnight"}},{"type":"Feature","geometry":{"type":"LineString","coordinates":[[-87.8043223,41.8917579],[-87.8042933,41.8906381]]},"properties":{"ban_type":"on_street","source_layer":10,"object_id":274,"parking_enforcement":"Overnight Parking Ban","date_created":null,"date_modified":null,"shape_length":408.1,"status":null,"classification":"NOPARKING","days_of_enforcement":"DAILY","enforcement_times":"Overnight"}},{"type":"Feature","geometry":{"type":"LineString","coordinates":[[-87.8042713,41.8917529],[-87.8042421,41.8906545]]},"properties":{"ban_type":"on_street","source_layer":10,"object_id":275,"parking_enforcement":"Overnight Parking Ban","date_created":null,"date_modified":null,"shape_length":400.3,"status":null,"classification":"NOPARKING","days_of_enforcement":"DAILY","enforcement_times":"Overnight"}},{"type":"Feature","geometry":{"type":"LineString","coordinates":[[-87.8042501,41.8912382],[-87.8020469,41.8912638]]},"properties":{"ban_type":"on_street","source_layer":10,"object_id":276,"parking_enforcement":"Overnight Parking Ban","date_created":null,"date_modified":null,"shape_length":600.0,"status":null,"classification":"NOPARKING","days_of_enforcement":"DAILY","enforcement_times":"Overnight"}},{"type":"Feature","geometry":{"type":"LineString","coordinates":[[-87.8042602,41.8911739],[-87.8020473,41.8912114]]},"properties":{"ban_type":"on_street","source_layer":10,"object_id":277,"parking_enforcement":"Overnight Parking Ban","date_created":null,"date_modified":null,"shape_length":602.7,"status":null,"classification":"NOPARKING","days_of_enforcement":"DAILY","enforcement_times":"Overnight"}},{"type":"Feature","geometry":{"type":"LineString","coordinates":[[-87.8020231,41.8918163],[-87.8019879,41.890687]]},"properties":{"ban_type":"on_street","source_layer":10,"object_id":278,"parking_enforcement":"Overnight Parking Ban","date_created":null,"date_modified":null,"shape_length":411.6,"status":null,"classification":"NOPARKING","days_of_enforcement":"DAILY","enforcement_times":"Overnight"}},{"type":"Feature","geometry":{"type":"LineString","coordinates":[[-87.8019722,41.8918089],[-87.8019369,41.8906868]]},"properties":{"ban_type":"on_street","source_layer":10,"object_id":279,"parking_enforcement":"Overnight Parking Ban","date_created":null,"date_modified":null,"shape_length":409.0,"status":null,"classification":"NOPARKING","days_of_enforcement":"DAILY","enforcement_times":"Overnight"}},{"type":"Feature","geometry":{"type":"LineString","coordinates":[[-87.8026834,41.8917789],[-87.8026642,41.8906377]]},"properties":{"ban_type":"on_street","source_layer":10,"object_id":280,"parking_enforcement":"Overnight Parking Ban","date_created":null,"date_modified":null,"shape_length":415.9,"status":null,"classification":"NOPARKING","days_of_enforcement":"DAILY","enforcement_times":"Overnight"}},{"type":"Feature","geometry":{"type":"LineString","coordinates":[[-87.8027703,41.8905286],[-87.8027342,41.8887276]]},"properties":{"ban_type":"on_street","source_layer":10,"object_id":281,"parking_enforcement":"Overnight Parking Ban","date_created":null,"date_modified":null,"shape_length":656.4,"status":null,"classification":"NOPARKING","days_of_enforcement":"DAILY","enforcement_times":"Overnight"}},{"type":"Feature","geometry":{"type":"LineString","coordinates":[[-87.8026619,41.8905234],[-87.802581,41.8887412]]},"properties":{"ban_type":"on_street","source_layer":10,"object_id":282,"parking_enforcement":"Overnight Parking Ban","date_created":null,"date_modified":null,"shape_length":649.8,"status":null,"classification":"NOPARKING","days_of_enforcement":"DAILY","enforcement_times":"Overnight"}},{"type":"Feature","geometry":{"type":"LineString","coordinates":[[-87.802544,41.8885885],[-87.8024979,41.8872352]]},"properties":{"ban_type":"on_street","source_layer":10,"object_id":283,"parking_enforcement":"Overnight Parking Ban","date_created":null,"date_modified":null,"shape_length":493.3,"status":null,"classification":"NOPARKING","days_of_enforcement":"DAILY","enforcement_times":"Overnight"}},{"type":"Feature","geometry":{"type":"LineString","coordinates":[[-87.8024101,41.8885974],[-87.8023382,41.8872726]]},"properties":{"ban_type":"on_street","source_layer":10,"object_id":284,"parking_enforcement":"Overnight Parking Ban","date_created":null,"date_modified":null,"shape_length":483.2,"status":null,"classification":"NOPARKING","days_of_enforcement":"DAILY","enforcement_times":"Overnight"}},{"type":"Feature","geometry":{"type":"LineString","coordinates":[[-87.8001676,41.8906643],[-87.8000938,41.8888059]]},"properties":{"ban_type":"on_street","source_layer":10,"object_id":285,"parking_enforcement":"Overnight Parking Ban","date_created":null,"date_modified":null,"shape_length":677.5,"status":null,"classification":"NOPARKING","days_of_enforcement":"DAILY","enforcement_times":"Overnight"}},{"type":"Feature","geometry":{"type":"LineString","coordinates":[[-87.8003596,41.8905889],[-87.8002979,41.8887973]]},"properties":{"ban_type":"on_street","source_layer":10,"object_id":286,"parking_enforcement":"Overnight Parking Ban","date_created":null,"date_modified":null,"shape_length":653.1,"status":null,"classification":"NOPARKING","days_of_enforcement":"DAILY","enforcement_times":"Overnight"}},{"type":"Feature","geometry":{"type":"LineString","coordinates":[[-87.8001405,41.8900972],[-87.7976853,41.8901382]]},"properties":{"ban_type":"on_street","source_layer":10,"object_id":287,"parking_enforcement":"Overnight Parking Ban","date_created":null,"date_modified":null,"shape_length":668.7,"status":null,"classification":"NOPARKING","days_of_enforcement":"DAILY","enforcement_times":"Overnight"}},{"type":"Feature","geometry":{"type":"LineString","coordinates":[[-87.7974629,41.8913149],[-87.7946909,41.8913677]]},"properties":{"ban_type":"on_street","source_layer":10,"object_id":288,"parking_enforcement":"Overnight Parking Ban","date_created":null,"date_modified":null,"shape_length":755.0,"status":null,"classification":"NOPARKING","days_of_enforcement":"DAILY","enforcement_times":"Overnight"}},{"type":"Feature","geometry":{"type":"LineString","coordinates":[[-87.7974388,41.8902023],[-87.7946557,41.8902479]]},"properties":{"ban_type":"on_street","source_layer":10,"object_id":289,"parking_enforcement":"Overnight Parking Ban","date_created":null,"date_modified":null,"shape_length":758.0,"status":null,"classification":"NOPARKING","days_of_enforcement":"DAILY","enforcement_times":"Overnight"}},{"type":"Feature","geometry":{"type":"LineString","coordinates":[[-87.8049901,41.8892597],[-87.802755,41.8892946]]},"properties":{"ban_type":"on_street","source_layer":10,"object_id":290,"parking_enforcement":"Overnight Parking Ban","date_created":null,"date_modified":null,"shape_length":608.7,"status":null,"classification":"NOPARKING","days_of_enforcement":"DAILY","enforcement_times":"Overnight"}},{"type":"Feature","geometry":{"type":"LineString","coordinates":[[-87.8049841,41.8892096],[-87.8027523,41.8892303]]},"properties":{"ban_type":"on_street","source_layer":10,"object_id":291,"parking_enforcement":"Overnight Parking Ban","date_created":null,"date_modified":null,"shape_length":607.7,"status":null,"classification":"NOPARKING","days_of_enforcement":"DAILY","enforcement_times":"Overnight"}},{"type":"Feature","geometry":{"type":"LineString","coordinates":[[-87.8049331,41.8878581],[-87.8030365,41.8878279],[-87.8030138,41.8878778],[-87.8025197,41.8878755]]},"properties":{"ban_type":"on_street","source_layer":10,"object_id":292,"parking_enforcement":"Overnight Parking Ban","date_created":null,"date_modified":null,"shape_length":670.3,"status":null,"classification":"NOPARKING","days_of_enforcement":"DAILY","enforcement_times":"Overnight"}},{"type":"Feature","geometry":{"type":"LineString","coordinates":[[-87.8008526,41.8886182],[-87.8007996,41.8873125]]},"properties":{"ban_type":"on_street","source_layer":10,"object_id":293,"parking_enforcement":"Overnight Parking Ban","date_created":null,"date_modified":null,"shape_length":476.0,"status":null,"classification":"NOPARKING","days_of_enforcement":"DAILY","enforcement_times":"Overnight"}},{"type":"Feature","geometry":{"type":"LineString","coordinates":[[-87.800707,41.8873407],[-87.8007506,41.8886154]]},"properties":{"ban_type":"on_street","source_layer":10,"object_id":294,"parking_enforcement":"Overnight Parking Ban","date_created":null,"date_modified":null,"shape_length":464.6,"status":null,"classification":"NOPARKING","days_of_enforcement":"DAILY","enforcement_times":"Overnight"}},{"type":"Feature","geometry":{"type":"LineString","coordinates":[[-87.8032217,41.8854823],[-87.8026032,41.885489]]},"properties":{"ban_type":"on_street","source_layer":10,"object_id":295,"parking_enforcement":"Overnight Parking Ban","date_created":null,"date_modified":null,"shape_length":168.4,"status":null,"classification":"NOPARKING","days_of_enforcement":"DAILY","enforcement_times":"Overnight"}},{"type":"Feature","geometry":{"type":"LineString","coordinates":[[-87.8032414,41.8854038],[-87.8026007,41.8854056]]},"properties":{"ban_type":"on_street","source_layer":10,"object_id":296,"parking_enforcement":"Overnight Parking Ban","date_created":null,"date_modified":null,"shape_length":174.5,"status":null,"classification":"NOPARKING","days_of_enforcement":"DAILY","enforcement_times":"Overnight"}},{"type":"Feature","geometry":{"type":"LineString","coordinates":[[-87.7999454,41.8853766],[-87.7987307,41.8853924],[-87.7972163,41.8854163]]},"properties":{"ban_type":"on_street","source_layer":10,"object_id":297,"parking_enforcement":"Overnight Parking Ban","date_created":null,"date_modified":null,"shape_length":743.3,"status":null,"classification":"NOPARKING","days_of_enforcement":"DAILY","enforcement_times":"Overnight"}},{"type":"Feature","geometry":{"type":"LineString","coordinates":[[-87.8017608,41.8842357],[-87.8023897,41.8842261]]},"properties":{"ban_type":"on_street","source_layer":10,"object_id":298,"parking_enforcement":"Overnight Parking Ban","date_created":null,"date_modified":null,"shape_length":171.3,"status":null,"classification":"NOPARKING","days_of_enforcement":"DAILY","enforcement_times":"Overnight"}},{"type":"Feature","geometry":{"type":"LineString","coordinates":[[-87.7969679,41.8851031],[-87.7945001,41.8851511]]},"properties":{"ban_type":"on_street","source_layer":10,"object_id":299,"parking_enforcement":"Overnight Parking Ban","date_created":null,"date_modified":null,"shape_length":672.2,"status":null,"classification":"NOPARKING","days_of_enforcement":"DAILY","enforcement_times":"Overnight"}},{"type":"Feature","geometry":{"type":"LineString","coordinates":[[-87.804777,41.8832014],[-87.8040916,41.8832054]]},"properties":{"ban_type":"on_street","source_layer":10,"object_id":300,"parking_enforcement":"Overnight Parking Ban","date_created":null,"date_modified":null,"shape_length":186.7,"status":null,"classification":"NOPARKING","days_of_enforcement":"DAILY","enforcement_times":"Overnight"}},{"type":"Feature","geometry":{"type":"LineString","coordinates":[[-87.8043875,41.8832806],[-87.8047731,41.8832896]]},"properties":{"ban_type":"on_street","source_layer":10,"object_id":301,"parking_enforcement":"Overnight Parking Ban","date_created":null,"date_modified":null,"shape_length":105.1,"status":null,"classification":"NOPARKING","days_of_enforcement":"DAILY","enforcement_times":"Overnight"}},{"type":"Feature","geometry":{"type":"LineString","coordinates":[[-87.800846,41.8832643],[-87.8007935,41.8815227]]},"properties":{"ban_type":"on_street","source_layer":10,"object_id":302,"parking_enforcement":"Overnight Parking Ban","date_created":null,"date_modified":null,"shape_length":634.8,"status":null,"classification":"NOPARKING","days_of_enforcement":"DAILY","enforcement_times":"Overnight"}},{"type":"Feature","geometry":{"type":"LineString","coordinates":[[-87.8007918,41.8832712],[-87.8007139,41.8815104]]},"properties":{"ban_type":"on_street","source_layer":10,"object_id":303,"parking_enforcement":"Overnight Parking Ban","date_created":null,"date_modified":null,"shape_length":642.0,"status":null,"classification":"NOPARKING","days_of_enforcement":"DAILY","enforcement_times":"Overnight"}},{"type":"Feature","geometry":{"type":"LineString","coordinates":[[-87.8016463,41.8832465],[-87.801597,41.8815002]]},"properties":{"ban_type":"on_street","source_layer":10,"object_id":304,"parking_enforcement":"Overnight Parking Ban","date_created":null,"date_modified":null,"shape_length":636.5,"status":null,"classification":"NOPARKING","days_of_enforcement":"DAILY","enforcement_times":"Overnight"}},{"type":"Feature","geometry":{"type":"LineString","coordinates":[[-87.8016016,41.8832535],[-87.8015651,41.8815072]]},"properties":{"ban_type":"on_street","source_layer":10,"object_id":305,"parking_enforcement":"Overnight Parking Ban","date_created":null,"date_modified":null,"shape_length":636.4,"status":null,"classification":"NOPARKING","days_of_enforcement":"DAILY","enforcement_times":"Overnight"}},{"type":"Feature","geometry":{"type":"LineString","coordinates":[[-87.8015901,41.8827222],[-87.8008441,41.8827259]]},"properties":{"ban_type":"on_street","source_layer":10,"object_id":306,"parking_enforcement":"Overnight Parking Ban","date_created":null,"date_modified":null,"shape_length":203.1,"status":null,"classification":"NOPARKING","days_of_enforcement":"DAILY","enforcement_times":"Overnight"}},{"type":"Feature","geometry":{"type":"LineString","coordinates":[[-87.8015905,41.8826674],[-87.800835,41.8826758]]},"properties":{"ban_type":"on_street","source_layer":10,"object_id":307,"parking_enforcement":"Overnight Parking Ban","date_created":null,"date_modified":null,"shape_length":205.8,"status":null,"classification":"NOPARKING","days_of_enforcement":"DAILY","enforcement_times":"Overnight"}},{"type":"Feature","geometry":{"type":"LineString","coordinates":[[-87.8015793,41.8821004],[-87.8008046,41.8821087]]},"properties":{"ban_type":"on_street","source_layer":10,"object_id":308,"parking_enforcement":"Overnight Parking Ban","date_created":null,"date_modified":null,"shape_length":211.0,"status":null,"classification":"NOPARKING","days_of_enforcement":"DAILY","enforcement_times":"Overnight"}},{"type":"Feature","geometry":{"type":"LineString","coordinates":[[-87.8015797,41.882048],[-87.8008178,41.882054]]},"properties":{"ban_type":"on_street","source_layer":10,"object_id":309,"parking_enforcement":"Overnight Parking Ban","date_created":null,"date_modified":null,"shape_length":207.5,"status":null,"classification":"NOPARKING","days_of_enforcement":"DAILY","enforcement_times":"Overnight"}},{"type":"Feature","geometry":{"type":"LineString","coordinates":[[-87.7865228,41.8657667],[-87.7865073,41.8653402]]},"properties":{"ban_type":"on_street","source_layer":10,"object_id":310,"parking_enforcement":"Overnight Parking Ban","date_created":null,"date_modified":null,"shape_length":155.5,"status":null,"classification":"NOPARKING","days_of_enforcement":"DAILY","enforcement_times":"Overnight"}},{"type":"Feature","geometry":{"type":"LineString","coordinates":[[-87.7863799,41.8653372],[-87.7863826,41.8657708]]},"properties":{"ban_type":"on_street","source_layer":10,"object_id":311,"parking_enforcement":"Overnight Parking Ban","date_created":null,"date_modified":null,"shape_length":158.0,"status":null,"classification":"NOPARKING","days_of_enforcement":"DAILY","enforcement_times":"Overnight"}},{"type":"Feature","geometry":{"type":"LineString","coordinates":[[-87.7910816,41.8885832],[-87.7911905,41.8915424],[-87.7881166,41.8915993],[-87.788054,41.8884688]]},"properties":{"ban_type":"on_street","source_layer":10,"object_id":312,"parking_enforcement":"Overnight Parking Ban","date_created":null,"date_modified":null,"shape_length":3056.8,"status":null,"classification":"NOPARKING","days_of_enforcement":"DAILY","enforcement_times":"Overnight"}},{"type":"Feature","geometry":{"type":"LineString","coordinates":[[-87.7879181,41.8917008],[-87.7848219,41.8917599]]},"properties":{"ban_type":"on_street","source_layer":10,"object_id":313,"parking_enforcement":"Overnight Parking Ban","date_created":null,"date_modified":null,"shape_length":843.3,"status":null,"classification":"NOPARKING","days_of_enforcement":"DAILY","enforcement_times":"Overnight"}},{"type":"Feature","geometry":{"type":"LineString","coordinates":[[-87.792755,41.8885184],[-87.7927262,41.8874058]]},"properties":{"ban_type":"on_street","source_layer":10,"object_id":314,"parking_enforcement":"Overnight Parking Ban","date_created":null,"date_modified":null,"shape_length":405.5,"status":null,"classification":"NOPARKING","days_of_enforcement":"DAILY","enforcement_times":"Overnight"}},{"type":"Feature","geometry":{"type":"LineString","coordinates":[[-87.7926148,41.8885202],[-87.7925923,41.8874028]]},"properties":{"ban_type":"on_street","source_layer":10,"object_id":315,"parking_enforcement":"Overnight Parking Ban","date_created":null,"date_modified":null,"shape_length":407.2,"status":null,"classification":"NOPARKING","days_of_enforcement":"DAILY","enforcement_times":"Overnight"}},{"type":"Feature","geometry":{"type":"LineString","coordinates":[[-87.7911505,41.8916529],[-87.7881565,41.8916936]]},"properties":{"ban_type":"on_street","source_layer":10,"object_id":316,"parking_enforcement":"Overnight Parking Ban","date_created":null,"date_modified":null,"shape_length":815.3,"status":null,"classification":"NOPARKING","days_of_enforcement":"DAILY","enforcement_times":"Overnight"}},{"type":"Feature","geometry":{"type":"LineString","coordinates":[[-87.7971857,41.8868178],[-87.797152,41.8855174]]},"properties":{"ban_type":"on_street","source_layer":10,"object_id":317,"parking_enforcement":"Overnight Parking Ban","date_created":"2016-11-30","date_modified":null,"shape_length":474.0,"status":null,"classification":"NOPARKING","days_of_enforcement":"DAILY","enforcement_times":"Overnight"}},{"type":"Feature","geometry":{"type":"LineString","coordinates":[[-87.8027405,41.8929702],[-87.8027105,41.8919743]]},"properties":{"ban_type":"on_street","source_layer":10,"object_id":318,"parking_enforcement":"Overnight Parking Ban","date_created":"2016-11-30","date_modified":null,"shape_length":363.0,"status":null,"classification":"NOPARKING","days_of_enforcement":"DAILY","enforcement_times":"Overnight"}},{"type":"Feature","geometry":{"type":"LineString","coordinates":[[-87.7986775,41.8867801],[-87.7986653,41.8863346]]},"properties":{"ban_type":"on_street","source_layer":10,"object_id":319,"parking_enforcement":"Overnight Parking Ban","date_created":"2017-04-28","date_modified":null,"shape_length":162.4,"status":"Migrated","classification":null,"days_of_enforcement":null,"enforcement_times":null}},{"type":"Feature","geometry":{"type":"LineString","coordinates":[[-87.8007192,41.8857806],[-87.8002888,41.88579]]},"properties":{"ban_type":"on_street","source_layer":10,"object_id":320,"parking_enforcement":"Overnight Parking Ban","date_created":"2017-04-28","date_modified":null,"shape_length":117.3,"status":"Migrated","classification":null,"days_of_enforcement":null,"enforcement_times":null}},{"type":"Feature","geometry":{"type":"LineString","coordinates":[[-87.7985037,41.8814689],[-87.7984884,41.8810373]]},"properties":{"ban_type":"on_street","source_layer":10,"object_id":321,"parking_enforcement":"Overnight Parking Ban","date_created":"2017-04-28","date_modified":null,"shape_length":157.3,"status":"Migrated","classification":null,"days_of_enforcement":null,"enforcement_times":null}},{"type":"Feature","geometry":{"type":"LineString","coordinates":[[-87.7998775,41.8832827],[-87.7986356,41.8833139]]},"properties":{"ban_type":"on_street","source_layer":10,"object_id":322,"parking_enforcement":"Overnight Parking Ban","date_created":"2017-04-28","date_modified":null,"shape_length":338.4,"status":"Migrated","classification":null,"days_of_enforcement":null,"enforcement_times":null}},{"type":"Feature","geometry":{"type":"LineString","coordinates":[[-87.7969107,41.8833594],[-87.7958187,41.8833794]]},"properties":{"ban_type":"on_street","source_layer":10,"object_id":323,"parking_enforcement":"Overnight Parking Ban","date_created":"2017-04-28","date_modified":null,"shape_length":297.4,"status":null,"classification":"NOPARKING","days_of_enforcement":"DAILY","enforcement_times":"Overnight"}},{"type":"Feature","geometry":{"type":"LineString","coordinates":[[-87.7955732,41.883383],[-87.7947283,41.883404]]},"properties":{"ban_type":"on_street","source_layer":10,"object_id":324,"parking_enforcement":"Overnight Parking Ban","date_created":"2017-04-28","date_modified":null,"shape_length":230.2,"status":null,"classification":"NOPARKING","days_of_enforcement":"DAILY","enforcement_times":"Overnight"}},{"type":"Feature","geometry":{"type":"LineString","coordinates":[[-87.7937491,41.8688502],[-87.7927932,41.868869]]},"properties":{"ban_type":"on_street","source_layer":10,"object_id":325,"parking_enforcement":"Overnight Parking Ban","date_created":"2020-02-21","date_modified":null,"shape_length":260.4,"status":null,"classification":"NOPARKING","days_of_enforcement":"DAILY","enforcement_times":"Overnight"}},{"type":"Feature","geometry":{"type":"LineString","coordinates":[[-87.7937509,41.8687691],[-87.7927982,41.868788]]},"properties":{"ban_type":"on_street","source_layer":10,"object_id":326,"parking_enforcement":"Overnight Parking Ban","date_created":"2020-02-21","date_modified":null,"shape_length":259.6,"status":null,"classification":"NOPARKING","days_of_enforcement":"DAILY","enforcement_times":"Overnight"}},{"type":"Feature","geometry":{"type":"LineString","coordinates":[[-87.7783092,41.8941651],[-87.7783182,41.8944343]]},"properties":{"ban_type":"on_street","source_layer":10,"object_id":327,"parking_enforcement":"Overnight Parking Ban","date_created":null,"date_modified":null,"shape_length":98.1,"status":"Migrated","classification":null,"days_of_enforcement":null,"enforcement_times":null}}]}