{"type":"FeatureCollection","name":"school-route-hazards-oak-park","features":[{"type":"Feature","id":1,"geometry":{"type":"LineString","coordinates":[[-87.7748267189773,41.8782403735509],[-87.7748920773392,41.8782427360654],[-87.7750540792426,41.8782485917458],[-87.7751044424802,41.8782505382126],[-87.7751491794155,41.8782490540124],[-87.7752299574554,41.878234611638],[-87.7752727506138,41.8782269595932],[-87.7753051500483,41.8782256080529],[-87.7758347060401,41.8782171642749],[-87.7759964608054,41.8782145848079],[-87.776442795217,41.8782087099529],[-87.7767749754142,41.8782043374834],[-87.7769375622252,41.8782009648192],[-87.7770474861009,41.8781986846577]]},"properties":{"OBJECTID":1,"STREETNAME":"ADAMS ST","BLOCK":0,"FIRST_FEATUREID":"0262525","BlockName":"0 Block of Adams St","Count_":0,"Shape__Length":605.9686736148286,"GlobalID":"f4072229-51f4-4335-a9f9-ec3126bb3e3f","BlockNameShort":"0 ADAMS ST"}},{"type":"Feature","id":2,"geometry":{"type":"LineString","coordinates":[[-87.7752551024872,41.8983654551843],[-87.775497150837,41.8983578826425],[-87.7756157936588,41.8983541723979],[-87.775861373994,41.8983506263585],[-87.7761560706355,41.8983463673579],[-87.7764695124694,41.8983407282472],[-87.7767159451955,41.8983362940767],[-87.7768760764129,41.8983341782497],[-87.7770757345268,41.8983315397047],[-87.7771626512929,41.8983303905034],[-87.7775356647722,41.8983254187314],[-87.7776871241423,41.898323571319],[-87.7778981324373,41.8983209979678],[-87.7782268164683,41.8983154520921],[-87.7782970654243,41.8983145896981]]},"properties":{"OBJECTID":2,"STREETNAME":"AUGUSTA ST","BLOCK":0,"FIRST_FEATUREID":"026506","BlockName":"0 Block of Augusta St","Count_":0,"Shape__Length":828.4121282117609,"GlobalID":"1c62df2e-8585-4558-8602-b86d6541c617","BlockNameShort":"0 AUGUSTA ST"}},{"type":"Feature","id":3,"geometry":{"type":"LineString","coordinates":[[-87.7754281020698,41.9039228631582],[-87.7754312779338,41.9039228452754],[-87.7756645626351,41.9039214943982],[-87.7760416610503,41.9039156461214],[-87.7764127458538,41.9039098889869],[-87.7766495837855,41.9039066932393],[-87.7769677245269,41.9039023981848],[-87.7772615585617,41.9038979818454],[-87.7775862690521,41.9038930992577],[-87.7778726992586,41.9038889831493]]},"properties":{"OBJECTID":3,"STREETNAME":"BERKSHIRE ST","BLOCK":0,"FIRST_FEATUREID":"0261765","BlockName":"0 Block of Berkshire St","Count_":0,"Shape__Length":665.6077958689706,"GlobalID":"f76a808f-5810-4d79-8975-a39b0b5fadb3","BlockNameShort":"0 BERKSHIRE ST"}},{"type":"Feature","id":4,"geometry":{"type":"LineString","coordinates":[[-87.7751403761244,41.8947132802751],[-87.7753874593131,41.8947119897866],[-87.7767582941092,41.8946862189204],[-87.7769971363445,41.894690995641],[-87.7779887450045,41.894675268456],[-87.7782395312252,41.8946717316826],[-87.7783801547354,41.8946697481342]]},"properties":{"OBJECTID":4,"STREETNAME":"CHICAGO AVE","BLOCK":0,"FIRST_FEATUREID":"026312","BlockName":"0 Block of Chicago Ave","Count_":0,"Shape__Length":882.309433386171,"GlobalID":"afb753e7-f42c-4f27-b158-4202764c6625","BlockNameShort":"0 CHICAGO AVE"}},{"type":"Feature","id":5,"geometry":{"type":"LineString","coordinates":[[-87.7986578687643,41.8872002110341],[-87.798654389292,41.8871483062898],[-87.7986431061557,41.8869798914887],[-87.7986393795732,41.8869242455682],[-87.7986389251019,41.886917481879],[-87.7986368073926,41.8868372298814]]},"properties":{"OBJECTID":5,"STREETNAME":"CLINTON AVE","BLOCK":0,"FIRST_FEATUREID":"0262354","BlockName":"0 Block of Clinton Ave","Count_":0,"Shape__Length":132.40702484351164,"GlobalID":"decd77d0-2935-44da-aece-6b7e0904726f","BlockNameShort":"0 CLINTON AVE"}},{"type":"Feature","id":6,"geometry":{"type":"LineString","coordinates":[[-87.7753669424629,41.9020001839808],[-87.7753673196483,41.9020001876142],[-87.7756068192981,41.9020026133578],[-87.7756076642015,41.9020026039563],[-87.7759105387944,41.9019976803613],[-87.7759761264726,41.90199683458],[-87.7763436023202,41.9019920973287],[-87.7765873852096,41.9019889659974],[-87.7768538506314,41.9019855425188],[-87.7771962538651,41.9019802749805],[-87.7773720833132,41.9019775700489],[-87.7777987871074,41.9019725224527]]},"properties":{"OBJECTID":6,"STREETNAME":"DIVISION ST","BLOCK":0,"FIRST_FEATUREID":"0262606","BlockName":"0 Block of Division St","Count_":0,"Shape__Length":662.1451052046132,"GlobalID":"989da500-1ae5-44e0-9121-66b33b5ce63c","BlockNameShort":"0 DIVISION ST"}},{"type":"Feature","id":7,"geometry":{"type":"LineString","coordinates":[[-87.7994393457936,41.8920603179832],[-87.7993604955404,41.8920684181849],[-87.7992841753254,41.8920723714195],[-87.7992739647396,41.8920729001536],[-87.7992056126368,41.8920686585666],[-87.7991403928175,41.8920631962405],[-87.7990580064257,41.8920417368684],[-87.7990119560989,41.8920189924576],[-87.7989255821069,41.891960577012],[-87.7988742334763,41.8919257054942],[-87.7988210080927,41.8919000186086],[-87.7987610559933,41.8918794593442],[-87.7987303840722,41.8918712765081],[-87.7986985780149,41.8918667374694],[-87.7986616157111,41.8918640957445],[-87.7986268285619,41.8918647566859],[-87.7985776591472,41.8918681227971],[-87.7984122678582,41.8918909252607],[-87.7982207606813,41.8919139083101],[-87.7979522212697,41.8919210541581],[-87.7977330667714,41.8919254378837]]},"properties":{"OBJECTID":7,"STREETNAME":"ELIZABETH CT","BLOCK":0,"FIRST_FEATUREID":"0261891","BlockName":"0 Block of Elizabeth Ct","Count_":0,"Shape__Length":488.6194943517262,"GlobalID":"6a413184-320a-4da1-a298-4639a40fe95a","BlockNameShort":"0 ELIZABETH CT"}},{"type":"Feature","id":8,"geometry":{"type":"MultiLineString","coordinates":[[[-87.7750536186008,41.8918255847799],[-87.7753006017831,41.8918249530281],[-87.7756728610552,41.8918239432935],[-87.7757687113502,41.891850342149],[-87.7756294467985,41.8918832549368],[-87.7755341328011,41.8918965960416],[-87.775302881801,41.8919006558153],[-87.7750562767737,41.8919050141228]],[[-87.7760195792185,41.8918398968833],[-87.7761861361211,41.8918402657111],[-87.7762926779489,41.891840782564],[-87.7763168439136,41.8918408997835],[-87.7763594930799,41.8918400361393],[-87.7764033255308,41.8918296012854],[-87.7764335811394,41.8918204582898]]]},"properties":{"OBJECTID":8,"STREETNAME":"ERIE CT","BLOCK":0,"FIRST_FEATUREID":"02637","BlockName":"0 Block of Erie Ct","Count_":0,"Shape__Length":506.71221696875403,"GlobalID":"610d2116-64dd-4285-8773-a5dbc1e9177f","BlockNameShort":"0 ERIE CT"}},{"type":"Feature","id":9,"geometry":{"type":"LineString","coordinates":[[-87.7774862231618,41.8918258688517],[-87.7782933598511,41.8918151674707]]},"properties":{"OBJECTID":9,"STREETNAME":"ERIE ST","BLOCK":0,"FIRST_FEATUREID":"026497","BlockName":"0 Block of Erie St","Count_":0,"Shape__Length":219.80153697592644,"GlobalID":"4f572969-0555-428e-b335-01a79d3ccdce","BlockNameShort":"0 ERIE ST"}},{"type":"Feature","id":10,"geometry":{"type":"LineString","coordinates":[[-87.7743841371621,41.8672983610611],[-87.774562902054,41.8672951181734],[-87.7748167513336,41.8672905124138],[-87.7754294891599,41.8672793911898],[-87.7756340310217,41.8672756776228],[-87.7760420960482,41.8672688990036],[-87.7761249628784,41.8672675228989],[-87.7764896542085,41.8672616081563],[-87.7766571729774,41.8672598209608]]},"properties":{"OBJECTID":10,"STREETNAME":"FILLMORE ST","BLOCK":0,"FIRST_FEATUREID":"0261507","BlockName":"0 Block of Fillmore St","Count_":0,"Shape__Length":619.2999032491346,"GlobalID":"a3d02ac1-53a8-4851-812b-43e91296f1dd","BlockNameShort":"0 FILLMORE ST"}},{"type":"Feature","id":11,"geometry":{"type":"LineString","coordinates":[[-87.7756985315907,41.8715328714177],[-87.7756994300555,41.8715326128796],[-87.7757245284119,41.8715301822651],[-87.7757518512235,41.8715294640964],[-87.7757963121034,41.8715296799478],[-87.7758367952445,41.8715314403715],[-87.7761332698835,41.8715407283749],[-87.7761976129242,41.8715431257304],[-87.7765203891507,41.8715551468228],[-87.7768072297157,41.8715747043263]]},"properties":{"OBJECTID":11,"STREETNAME":"FLOURNOY ST","BLOCK":0,"FIRST_FEATUREID":"02699","BlockName":"0 Block of Flournoy St","Count_":0,"Shape__Length":302.59576808609506,"GlobalID":"273855fa-b9ab-4ddc-93e1-c418071d51ab","BlockNameShort":"0 FLOURNOY ST"}},{"type":"Feature","id":12,"geometry":{"type":"LineString","coordinates":[[-87.800433940826,41.8869991079727],[-87.8004966569712,41.887058619921],[-87.8005126905076,41.8870738308735],[-87.8005621599486,41.8871187344878],[-87.8006199049116,41.8871711457116]]},"properties":{"OBJECTID":12,"STREETNAME":"FOREST AVE","BLOCK":0,"FIRST_FEATUREID":"026533240","BlockName":"0 Block of Forest Ave","Count_":0,"Shape__Length":80.59257807589584,"GlobalID":"3693256b-6d93-4f13-9ebc-68808b374e06","BlockNameShort":"0 FOREST AVE"}},{"type":"Feature","id":13,"geometry":{"type":"LineString","coordinates":[[-87.7743183781831,41.8704203358755],[-87.7743824543593,41.8704235009422],[-87.7745282125899,41.8704294367507],[-87.7746574143223,41.870438654623],[-87.7749075042428,41.8704565011984],[-87.7753579447635,41.8704928018954],[-87.7755438005038,41.8705051814141],[-87.7757366292044,41.870518022151],[-87.776102426606,41.870539034344],[-87.7765774369116,41.8705661741159],[-87.7766511219072,41.8705720162065],[-87.7767681899971,41.8705812971373]]},"properties":{"OBJECTID":13,"STREETNAME":"GARFIELD ST","BLOCK":0,"FIRST_FEATUREID":"026396634","BlockName":"0 Block of Garfield St","Count_":0,"Shape__Length":669.9050151743771,"GlobalID":"af1e052f-e2a8-4239-be5a-daa90e31ab36","BlockNameShort":"0 GARFIELD ST"}},{"type":"Feature","id":14,"geometry":{"type":"LineString","coordinates":[[-87.7754917285248,41.905882750269],[-87.7754963976671,41.9058827450408],[-87.7761070466817,41.9058820419035],[-87.776145035763,41.9058816329185],[-87.7764969238964,41.9058778351525],[-87.7767543189278,41.9058741653658],[-87.7770499753632,41.9058699501855],[-87.7773291556369,41.9058670436921],[-87.7774501002404,41.9058657844388],[-87.77781444194,41.9058619879997],[-87.7779378873278,41.9058604585244],[-87.7780979626484,41.9058584748988]]},"properties":{"OBJECTID":14,"STREETNAME":"GREENFIELD ST","BLOCK":0,"FIRST_FEATUREID":"0262318","BlockName":"0 Block of Greenfield St","Count_":0,"Shape__Length":709.5387004621218,"GlobalID":"bf81cc65-07de-40d6-9fb7-6c096e22674a","BlockNameShort":"0 GREENFIELD ST"}},{"type":"Feature","id":15,"geometry":{"type":"LineString","coordinates":[[-87.7744150736797,41.8727790665572],[-87.7747276208963,41.8727737076792],[-87.7750328886724,41.8727684746248],[-87.7750784251657,41.8727676939007],[-87.7754252609138,41.8727665801542],[-87.7756288136896,41.8727668305347],[-87.7760543605076,41.8727673566757],[-87.7762463105965,41.8727637024877],[-87.7765954710512,41.8727570557636],[-87.776738125724,41.8727522947403],[-87.7768502610192,41.8727485516078]]},"properties":{"OBJECTID":15,"STREETNAME":"HARRISON ST","BLOCK":0,"FIRST_FEATUREID":"026781","BlockName":"0 Block of Harrison St","Count_":0,"Shape__Length":663.4148508858154,"GlobalID":"3d78a262-6644-4ae9-80c0-8564d971f8ac","BlockNameShort":"0 HARRISON ST"}},{"type":"Feature","id":16,"geometry":{"type":"LineString","coordinates":[[-87.7742668951095,41.8690960650646],[-87.7748237117965,41.8690971770538],[-87.7748718446175,41.8691039251143],[-87.7754950505754,41.8691098268717],[-87.7759388308689,41.8691011558162],[-87.7761076270672,41.8690986049333],[-87.776477505575,41.8690930116249],[-87.7767213904564,41.8690896714554]]},"properties":{"OBJECTID":16,"STREETNAME":"HARVARD ST","BLOCK":0,"FIRST_FEATUREID":"0262458","BlockName":"0 Block of Harvard St","Count_":0,"Shape__Length":668.8714522834437,"GlobalID":"05c5467c-7889-4831-b6c4-59d44d578b19","BlockNameShort":"0 HARVARD ST"}},{"type":"Feature","id":17,"geometry":{"type":"LineString","coordinates":[[-87.800433940826,41.8869991079727],[-87.8003871733666,41.8869547300371],[-87.8003846115136,41.886952298027],[-87.8003255208378,41.8868993366304],[-87.8002230942444,41.8868075385315]]},"properties":{"OBJECTID":17,"STREETNAME":"HOME AVE","BLOCK":0,"FIRST_FEATUREID":"0261853","BlockName":"0 Block of Home Ave","Count_":0,"Shape__Length":90.39227292420179,"GlobalID":"988d8783-e631-429c-bd90-5603c62df369","BlockNameShort":"0 HOME AVE"}},{"type":"Feature","id":18,"geometry":{"type":"LineString","coordinates":[[-87.7753727972487,41.8965459075395],[-87.7754426070765,41.8965450204465],[-87.7759659494146,41.8965383602714],[-87.7760110344829,41.8965372483855],[-87.7768166571477,41.896517359438],[-87.7771924196897,41.8965080822544],[-87.7776279881394,41.8965015908125],[-87.7779984253279,41.896496066652],[-87.7784422304554,41.8964901053398]]},"properties":{"OBJECTID":18,"STREETNAME":"IOWA ST","BLOCK":0,"FIRST_FEATUREID":"0261651","BlockName":"0 Block of Iowa St","Count_":0,"Shape__Length":835.9520853788034,"GlobalID":"fe44c58f-2e4e-4a58-870a-1e4a0be3166c","BlockNameShort":"0 IOWA ST"}},{"type":"Feature","id":19,"geometry":{"type":"MultiLineString","coordinates":[[[-87.7745321493629,41.8764227168258],[-87.7748241151489,41.8764337149494],[-87.7748376698525,41.8764334864557],[-87.7751640312671,41.876427809147]],[[-87.7751640312671,41.876427809147],[-87.7752701073861,41.876405937605],[-87.7754001249331,41.8763914534571],[-87.7757629463716,41.8763869662579],[-87.7761475074175,41.8763822115464],[-87.7763739186757,41.8763781427282],[-87.7765924632843,41.876374216297],[-87.7769820827613,41.8763679230167]],[[-87.7751640312671,41.876427809147],[-87.7752679917377,41.8764569210011],[-87.7754867347829,41.8764559804781],[-87.7757656140526,41.8764521866159],[-87.7760397125455,41.8764484562104],[-87.7761335057385,41.8764469359619],[-87.7763758731521,41.8764431606381],[-87.7764882590293,41.8764414115456],[-87.7766736356781,41.8764390996111],[-87.776984634189,41.8764340503315]]]},"properties":{"OBJECTID":19,"STREETNAME":"JACKSON BLVD","BLOCK":0,"FIRST_FEATUREID":"0262068","BlockName":"0 Block of Jackson Blvd","Count_":0,"Shape__Length":1166.7461100721562,"GlobalID":"5c9ff7aa-bac4-4902-b35b-dd54365eab34","BlockNameShort":"0 JACKSON BLVD"}},{"type":"Feature","id":20,"geometry":{"type":"LineString","coordinates":[[-87.774934438625,41.8880289753438],[-87.7751866843427,41.8880379310406],[-87.775531456811,41.8880502455537],[-87.776123645677,41.8880682416937],[-87.7765528020245,41.8880802269704],[-87.7771059638426,41.8880956708247],[-87.7778934094013,41.8881196804395],[-87.778180310602,41.8881280318833]]},"properties":{"OBJECTID":20,"STREETNAME":"LAKE ST","BLOCK":0,"FIRST_FEATUREID":"0261922","BlockName":"0 Block of Lake St","Count_":0,"Shape__Length":884.5790943403223,"GlobalID":"449199a8-7eca-494e-be69-9a8066c04aa6","BlockNameShort":"0 LAKE ST"}},{"type":"Feature","id":21,"geometry":{"type":"LineString","coordinates":[[-87.778154251189,41.9073901862579],[-87.7780351735044,41.9073916758603],[-87.777280467457,41.9074011173953],[-87.7768504296339,41.9074064682814],[-87.7766215606951,41.9074093132139],[-87.7759715452704,41.9074178977397],[-87.7759634594123,41.907418003447],[-87.7758129455745,41.9074225694708],[-87.7757899977584,41.9074254219692],[-87.7757713653856,41.9074345788832],[-87.7757703312878,41.9074360999368],[-87.7757640351729,41.907445356363],[-87.7757515209843,41.9074607175061],[-87.7757473058407,41.9074722501893],[-87.7757502770545,41.9074853825567],[-87.7757594172028,41.9075031825246],[-87.7757695489052,41.9075167332043],[-87.7757728412419,41.9075195564475],[-87.775780853214,41.9075264199194],[-87.7757921571705,41.9075318534301],[-87.7758148128482,41.907537369965],[-87.7758375033801,41.907538742404],[-87.7760591471489,41.9075375683131],[-87.7766841378532,41.9075303358414],[-87.7768548327092,41.9075280155862],[-87.777150014101,41.9075240040341],[-87.7780418159368,41.9075130691896],[-87.7781592385814,41.9075116292007]]},"properties":{"OBJECTID":21,"STREETNAME":"LE MOYNE PKWY","BLOCK":0,"FIRST_FEATUREID":"026197069","BlockName":"0 Block of Le Moyne Pkwy","Count_":0,"Shape__Length":1335.7417384078244,"GlobalID":"3422dc8c-98bd-4946-8afd-730c690b7708","BlockNameShort":"0 LE MOYNE PKWY"}},{"type":"Feature","id":22,"geometry":{"type":"LineString","coordinates":[[-87.7746586732891,41.8800910818638],[-87.7746615821409,41.880091015884],[-87.7755000144625,41.8800721363944],[-87.7758885429138,41.8800656119685],[-87.7762904792346,41.8800619729398],[-87.7765097420377,41.8800582257342],[-87.7771105097529,41.8800456826565]]},"properties":{"OBJECTID":22,"STREETNAME":"MADISON ST","BLOCK":0,"FIRST_FEATUREID":"0261635","BlockName":"0 Block of Madison St","Count_":0,"Shape__Length":667.9259863658846,"GlobalID":"0f7456ad-76d6-41d0-bb91-3d7526043653","BlockNameShort":"0 MADISON ST"}},{"type":"Feature","id":23,"geometry":{"type":"LineString","coordinates":[[-87.7746586732891,41.8800910818638],[-87.7746712363035,41.8803649634798],[-87.7746769572215,41.880585217067],[-87.7746792423191,41.8806439017499],[-87.7746792360681,41.8806439278295],[-87.7746893229549,41.8809025131465],[-87.7746984255511,41.881193886861],[-87.7747078040249,41.8814535950351],[-87.7747118119353,41.8815667867556],[-87.7747118262579,41.8815672171893],[-87.7747144630507,41.8816418270397],[-87.774717257095,41.8817722472182],[-87.7747272421936,41.8821107446299]]},"properties":{"OBJECTID":23,"STREETNAME":"N AUSTIN BLVD","BLOCK":0,"FIRST_FEATUREID":"0261617","BlockName":"0 Block of N Austin Blvd","Count_":0,"Shape__Length":736.2232599457266,"GlobalID":"b0849c4d-5290-400c-b489-7dffe12ec8ec","BlockNameShort":"0 N AUSTIN BLVD"}},{"type":"Feature","id":24,"geometry":{"type":"LineString","coordinates":[[-87.789564044484,41.887180901362],[-87.7895648525792,41.8872215826598],[-87.7895648680163,41.8872220356052],[-87.7895668786454,41.8872820340415],[-87.7895708642892,41.887400974642]]},"properties":{"OBJECTID":24,"STREETNAME":"N EAST AVE","BLOCK":0,"FIRST_FEATUREID":"026533244","BlockName":"0 Block of N East Ave","Count_":0,"Shape__Length":80.2180853486995,"GlobalID":"6c9e3e9a-acf9-4093-bf1a-6055130d6083","BlockNameShort":"0 N EAST AVE"}},{"type":"Feature","id":25,"geometry":{"type":"LineString","coordinates":[[-87.7927318211258,41.8871373557081],[-87.7927226693114,41.8871773112417],[-87.7927216735819,41.8871816570092],[-87.7927082041511,41.8872346750926],[-87.792683737848,41.8873309712843]]},"properties":{"OBJECTID":25,"STREETNAME":"N EUCLID AVE","BLOCK":0,"FIRST_FEATUREID":"026533243","BlockName":"0 Block of N Euclid Ave","Count_":0,"Shape__Length":71.76124183005493,"GlobalID":"31f08faf-2d71-4e44-93be-9363a16c4622","BlockNameShort":"0 N EUCLID AVE"}},{"type":"Feature","id":26,"geometry":{"type":"LineString","coordinates":[[-87.8047339103213,41.8796626307285],[-87.8046766295156,41.8797738521385],[-87.8047101310055,41.8804817990176],[-87.8047367058775,41.8812959958817],[-87.8047969597138,41.8814080679683]]},"properties":{"OBJECTID":26,"STREETNAME":"N HARLEM AVE","BLOCK":0,"FIRST_FEATUREID":"0262210","BlockName":"0 Block of N Harlem Ave","Count_":0,"Shape__Length":642.366588853525,"GlobalID":"2afd665b-2407-460a-b2f1-948e25d082a3","BlockNameShort":"0 N HARLEM AVE"}},{"type":"Feature","id":27,"geometry":{"type":"LineString","coordinates":[[-87.7814073272399,41.8872896669207],[-87.7814069777572,41.8873318093632],[-87.7814065184533,41.8873876905008],[-87.7814059352743,41.8874585230264]]},"properties":{"OBJECTID":27,"STREETNAME":"N HARVEY AVE","BLOCK":0,"FIRST_FEATUREID":"026533248","BlockName":"0 Block of N Harvey Ave","Count_":0,"Shape__Length":61.53334378667656,"GlobalID":"7223e90d-21ea-4ec5-98d2-44494bc6ea5c","BlockNameShort":"0 N HARVEY AVE"}},{"type":"Feature","id":28,"geometry":{"type":"LineString","coordinates":[[-87.7765265518972,41.887354824582],[-87.7765269840607,41.8873683291093],[-87.7765280169362,41.8873982677942],[-87.7765303204873,41.887465033034],[-87.7765329052779,41.8875399279256]]},"properties":{"OBJECTID":28,"STREETNAME":"N HUMPHREY AVE","BLOCK":0,"FIRST_FEATUREID":"026533251","BlockName":"0 Block of N Humphrey Ave","Count_":0,"Shape__Length":67.47498883768753,"GlobalID":"78899e53-d69b-4da0-92be-af4ef6847370","BlockNameShort":"0 N HUMPHREY AVE"}},{"type":"Feature","id":29,"geometry":{"type":"LineString","coordinates":[[-87.7971314369002,41.8870524722268],[-87.797130086918,41.8871106010441],[-87.7971287152627,41.8871697363425],[-87.7971273295315,41.8872295459313]]},"properties":{"OBJECTID":29,"STREETNAME":"N KENILWORTH AVE","BLOCK":0,"FIRST_FEATUREID":"026533241","BlockName":"0 Block of N Kenilworth Ave","Count_":0,"Shape__Length":64.53631458949604,"GlobalID":"328f7b95-ae1f-48f2-98cb-6bb201d44689","BlockNameShort":"0 N KENILWORTH AVE"}},{"type":"Feature","id":30,"geometry":{"type":"LineString","coordinates":[[-87.7797823871816,41.887312601511],[-87.779783660366,41.8873535408084],[-87.7797854252787,41.8874102366644],[-87.7797864555293,41.8874433075997]]},"properties":{"OBJECTID":30,"STREETNAME":"N LOMBARD AVE","BLOCK":0,"FIRST_FEATUREID":"026533250","BlockName":"0 Block of N Lombard Ave","Count_":0,"Shape__Length":47.64297014058311,"GlobalID":"b8595cd8-c8c8-4767-b3d4-6c0e688a3ab5","BlockNameShort":"0 N LOMBARD AVE"}},{"type":"Feature","id":31,"geometry":{"type":"LineString","coordinates":[[-87.8024820476198,41.8869664756959],[-87.8023983191671,41.8871917199008]]},"properties":{"OBJECTID":31,"STREETNAME":"N MARION ST","BLOCK":0,"FIRST_FEATUREID":"026533238","BlockName":"0 Block of N Marion St","Count_":0,"Shape__Length":85.18778262841657,"GlobalID":"5f253de4-9ab8-4fc8-a69d-216d6480c1d7","BlockNameShort":"0 N MARION ST"}},{"type":"Feature","id":32,"geometry":{"type":"LineString","coordinates":[[-87.7944749117431,41.8871127467412],[-87.7944761555748,41.8871522731131],[-87.794477964752,41.8872096919433],[-87.7944811212093,41.8873099562915]]},"properties":{"OBJECTID":32,"STREETNAME":"N OAK PARK AVE","BLOCK":0,"FIRST_FEATUREID":"026533242","BlockName":"0 Block of N Oak Park Ave","Count_":0,"Shape__Length":71.88414086143989,"GlobalID":"c0175661-c8a6-4558-b450-a200f006896a","BlockNameShort":"0 N OAK PARK AVE"}},{"type":"Feature","id":33,"geometry":{"type":"LineString","coordinates":[[-87.7846689091643,41.8872463731456],[-87.784669573498,41.8872699787943],[-87.7846700706651,41.887288196896],[-87.7846716967441,41.8873479639874],[-87.7846753764132,41.8874828744563]]},"properties":{"OBJECTID":33,"STREETNAME":"N RIDGELAND AVE","BLOCK":0,"FIRST_FEATUREID":"026533247","BlockName":"0 Block of N Ridgeland Ave","Count_":0,"Shape__Length":86.20045978051559,"GlobalID":"e094f1fd-9638-412d-b5f8-99e0e27dba7a","BlockNameShort":"0 N RIDGELAND AVE"}},{"type":"Feature","id":34,"geometry":{"type":"LineString","coordinates":[[-87.7879271609276,41.8872037001864],[-87.7879283979541,41.8872445437925],[-87.7879301747318,41.8873032410504],[-87.7879338706211,41.8874252928112]]},"properties":{"OBJECTID":34,"STREETNAME":"N SCOVILLE AVE","BLOCK":0,"FIRST_FEATUREID":"026533246","BlockName":"0 Block of N Scoville Ave","Count_":0,"Shape__Length":80.7702966598367,"GlobalID":"86f4cf85-7497-456f-99cb-5af07855cc5a","BlockNameShort":"0 N SCOVILLE AVE"}},{"type":"Feature","id":35,"geometry":{"type":"LineString","coordinates":[[-87.7749196358039,41.8875932224198],[-87.7751731756868,41.8875888188588],[-87.7762285982616,41.8875705870899],[-87.7764015575861,41.8875597359758],[-87.7765329052779,41.8875399279256]]},"properties":{"OBJECTID":35,"STREETNAME":"NORTH BLVD","BLOCK":0,"FIRST_FEATUREID":"0261249","BlockName":"0 Block of North Blvd","Count_":0,"Shape__Length":440.27194672535757,"GlobalID":"04ed234a-f429-478c-831e-9ce6a5a0cb2f","BlockNameShort":"0 NORTH BLVD"}},{"type":"Feature","id":36,"geometry":{"type":"LineString","coordinates":[[-87.7750104560987,41.8905131910098],[-87.7752607061798,41.8904986568385],[-87.7758150603022,41.8904904796546],[-87.776364492668,41.8904823722602],[-87.7766271664615,41.8904790902143],[-87.7770228569768,41.8904741471463],[-87.7774393156302,41.8904677114446],[-87.777954560742,41.8904597487668],[-87.7782512507918,41.8904556893543]]},"properties":{"OBJECTID":36,"STREETNAME":"ONTARIO ST","BLOCK":0,"FIRST_FEATUREID":"0261456","BlockName":"0 Block of Ontario St","Count_":0,"Shape__Length":882.7781487114852,"GlobalID":"1a3bf54b-9488-4f4d-b405-c99e03cc76aa","BlockNameShort":"0 ONTARIO ST"}},{"type":"Feature","id":37,"geometry":{"type":"LineString","coordinates":[[-87.7750368256707,41.8853804735044],[-87.7756127798886,41.8853632529636],[-87.7756474377772,41.8853626667879],[-87.7764622575032,41.8853489065961],[-87.7772785531372,41.8853351117547],[-87.7780917563597,41.8853213654849]]},"properties":{"OBJECTID":37,"STREETNAME":"PLEASANT ST","BLOCK":0,"FIRST_FEATUREID":"026589","BlockName":"0 Block of Pleasant St","Count_":0,"Shape__Length":832.1777534272646,"GlobalID":"c054781a-46e1-4a71-94c0-35a32f17920e","BlockNameShort":"0 PLEASANT ST"}},{"type":"Feature","id":38,"geometry":{"type":"LineString","coordinates":[[-87.7755785891612,41.8840374764915],[-87.7756058115075,41.8840371477259],[-87.7764170028433,41.8840287380536],[-87.776717387318,41.8840237101031],[-87.7772370606771,41.8840161177685],[-87.7773282451839,41.8840147865044],[-87.7780520642283,41.884004578211]]},"properties":{"OBJECTID":38,"STREETNAME":"RANDOLPH ST","BLOCK":0,"FIRST_FEATUREID":"0261737","BlockName":"0 Block of Randolph St","Count_":0,"Shape__Length":673.6686738909732,"GlobalID":"fd414f71-b360-40b2-9214-658e9b59275c","BlockNameShort":"0 RANDOLPH ST"}},{"type":"Feature","id":39,"geometry":{"type":"LineString","coordinates":[[-87.7746586732891,41.8800910818638],[-87.7746472463021,41.8797672871237],[-87.7746427260054,41.8796075496228],[-87.7746408658771,41.8795620462226],[-87.7746401179072,41.8794351968047],[-87.7746395590243,41.8794192778151],[-87.7746287917463,41.8791208696282],[-87.7746234732172,41.8789715938178],[-87.7746231748568,41.878963247983],[-87.7746204826249,41.8788876933662]]},"properties":{"OBJECTID":39,"STREETNAME":"S AUSTIN BLVD","BLOCK":0,"FIRST_FEATUREID":"026782","BlockName":"0 Block of S Austin Blvd","Count_":0,"Shape__Length":438.6555349503364,"GlobalID":"4a0548b4-7af6-43ee-bbec-986d1d1818c1","BlockNameShort":"0 S AUSTIN BLVD"}},{"type":"Feature","id":40,"geometry":{"type":"LineString","coordinates":[[-87.789564044484,41.887180901362],[-87.789563285267,41.8871426971374],[-87.7895616378697,41.8870597578929],[-87.7895592682358,41.8869403639617]]},"properties":{"OBJECTID":40,"STREETNAME":"S EAST AVE","BLOCK":0,"FIRST_FEATUREID":"0261753","BlockName":"0 Block of S East Ave","Count_":0,"Shape__Length":87.66284657126104,"GlobalID":"bc187760-8c67-4ba1-a374-454008fcca33","BlockNameShort":"0 S EAST AVE"}},{"type":"Feature","id":41,"geometry":{"type":"LineString","coordinates":[[-87.7927318211258,41.8871373557081],[-87.7927405625612,41.8870991989266],[-87.7927602484282,41.8870132503615],[-87.792761365454,41.8870083793644],[-87.7927940225182,41.8869093423467]]},"properties":{"OBJECTID":41,"STREETNAME":"S EUCLID AVE","BLOCK":0,"FIRST_FEATUREID":"026339","BlockName":"0 Block of S Euclid Ave","Count_":0,"Shape__Length":84.85231160528656,"GlobalID":"a85ac56a-2cb3-4ce6-aa0c-09df871148d7","BlockNameShort":"0 S EUCLID AVE"}},{"type":"Feature","id":42,"geometry":{"type":"LineString","coordinates":[[-87.8047339103213,41.8796626307285],[-87.8046816114741,41.8795364354879],[-87.8046646553779,41.8792073357556],[-87.8047147271555,41.8791315619116],[-87.8046535595,41.8790851728279],[-87.8046228117492,41.8782268611723],[-87.8046798598059,41.8781662308221]]},"properties":{"OBJECTID":42,"STREETNAME":"S HARLEM AVE","BLOCK":0,"FIRST_FEATUREID":"0262258","BlockName":"0 Block of S Harlem Ave","Count_":0,"Shape__Length":562.5787644414215,"GlobalID":"67496a33-0073-4413-bdfe-1b0cc2812e5d","BlockNameShort":"0 S HARLEM AVE"}},{"type":"Feature","id":43,"geometry":{"type":"LineString","coordinates":[[-87.7814073272399,41.8872896669207],[-87.7814076419934,41.8872516991982],[-87.7814083206299,41.8871689357924],[-87.7814086551733,41.8871283886835],[-87.7813782618027,41.8870404952439]]},"properties":{"OBJECTID":43,"STREETNAME":"S HARVEY AVE","BLOCK":0,"FIRST_FEATUREID":"0262071","BlockName":"0 Block of S Harvey Ave","Count_":0,"Shape__Length":91.8527371644913,"GlobalID":"a5a366cd-73eb-4e80-8e4b-dce385a039e2","BlockNameShort":"0 S HARVEY AVE"}},{"type":"Feature","id":44,"geometry":{"type":"LineString","coordinates":[[-87.7765265518972,41.887354824582],[-87.776525362997,41.8873177391242],[-87.7765226295451,41.8872324922743],[-87.7765171396919,41.887061174646]]},"properties":{"OBJECTID":44,"STREETNAME":"S HUMPHREY AVE","BLOCK":0,"FIRST_FEATUREID":"0261837","BlockName":"0 Block of S Humphrey Ave","Count_":0,"Shape__Length":107.03852963583279,"GlobalID":"0aebe275-0bc5-4c09-94bf-3a70f63df158","BlockNameShort":"0 S HUMPHREY AVE"}},{"type":"Feature","id":45,"geometry":{"type":"LineString","coordinates":[[-87.7971314369002,41.8870524722268],[-87.7971319174159,41.887031751285],[-87.7971321038978,41.8870033985667],[-87.7971324609167,41.8869491762003],[-87.7971330454862,41.8868599603791]]},"properties":{"OBJECTID":45,"STREETNAME":"S KENILWORTH AVE","BLOCK":0,"FIRST_FEATUREID":"026365","BlockName":"0 Block of S Kenilworth Ave","Count_":0,"Shape__Length":70.15425084831838,"GlobalID":"90464813-e8d0-444a-9b22-8e105d8a4537","BlockNameShort":"0 S KENILWORTH AVE"}},{"type":"Feature","id":46,"geometry":{"type":"LineString","coordinates":[[-87.7797823871816,41.887312601511],[-87.7797811366425,41.8872723888986],[-87.7797785602049,41.8871896674369],[-87.7797733418342,41.8870738240515]]},"properties":{"OBJECTID":46,"STREETNAME":"S LOMBARD AVE","BLOCK":0,"FIRST_FEATUREID":"026533249","BlockName":"0 Block of S Lombard Ave","Count_":0,"Shape__Length":87.0479744065575,"GlobalID":"667201e8-c952-40fc-a562-0e6e7f5ee839","BlockNameShort":"0 S LOMBARD AVE"}},{"type":"Feature","id":47,"geometry":{"type":"LineString","coordinates":[[-87.8024820476198,41.8869664756959],[-87.8025312646153,41.8867407324803]]},"properties":{"OBJECTID":47,"STREETNAME":"S MARION ST","BLOCK":0,"FIRST_FEATUREID":"026533239","BlockName":"0 Block of S Marion St","Count_":0,"Shape__Length":83.3465475798478,"GlobalID":"6a8630be-680a-44ee-a06b-710615eb8bef","BlockNameShort":"0 S MARION ST"}},{"type":"Feature","id":48,"geometry":{"type":"LineString","coordinates":[[-87.7944749117431,41.8871127467412],[-87.7944735092621,41.8870681551979],[-87.794472076885,41.8870226766765],[-87.7944711386242,41.8869883683223],[-87.794468573407,41.8868947449683]]},"properties":{"OBJECTID":48,"STREETNAME":"S OAK PARK AVE","BLOCK":0,"FIRST_FEATUREID":"026616","BlockName":"0 Block of S Oak Park Ave","Count_":0,"Shape__Length":79.45988714078887,"GlobalID":"b888022f-e190-4c5a-83ba-b908509cc621","BlockNameShort":"0 S OAK PARK AVE"}},{"type":"Feature","id":49,"geometry":{"type":"LineString","coordinates":[[-87.7846689091643,41.8872463731456],[-87.7846678105787,41.8872073353548],[-87.7846654590013,41.8871237894546],[-87.7846607837022,41.8869576683528]]},"properties":{"OBJECTID":49,"STREETNAME":"S RIDGELAND AVE","BLOCK":0,"FIRST_FEATUREID":"0262393","BlockName":"0 Block of S Ridgeland Ave","Count_":0,"Shape__Length":105.22898228209326,"GlobalID":"ce1a724d-5ca4-4be6-9308-46fbeb585d02","BlockNameShort":"0 S RIDGELAND AVE"}},{"type":"Feature","id":50,"geometry":{"type":"LineString","coordinates":[[-87.7879271609276,41.8872037001864],[-87.7879266858503,41.8871880175666],[-87.787926019575,41.8871640742974],[-87.787923663191,41.8870796028835],[-87.787920391046,41.8869622736231]]},"properties":{"OBJECTID":50,"STREETNAME":"S SCOVILLE AVE","BLOCK":0,"FIRST_FEATUREID":"026533245","BlockName":"0 Block of S Scoville Ave","Count_":0,"Shape__Length":87.99654786050573,"GlobalID":"4d2d4df1-d095-403d-8eb5-cf1e6cd2d2ee","BlockNameShort":"0 S SCOVILLE AVE"}},{"type":"Feature","id":51,"geometry":{"type":"LineString","coordinates":[[-87.7749053518213,41.8870802028152],[-87.7751577546764,41.8870762142162],[-87.7755741377924,41.8870699883592],[-87.7762484753117,41.8870623115944],[-87.7765171396919,41.887061174646],[-87.7769225637237,41.8870938782821],[-87.7772893569917,41.8870990824638],[-87.7773493750049,41.887098083762],[-87.7781426270737,41.8870849068225]]},"properties":{"OBJECTID":51,"STREETNAME":"SOUTH BLVD","BLOCK":0,"FIRST_FEATUREID":"0262829","BlockName":"0 Block of South Blvd","Count_":0,"Shape__Length":882.2869993113311,"GlobalID":"964b1aa5-133b-41cc-893b-f615f3cc21cf","BlockNameShort":"0 SOUTH BLVD"}},{"type":"Feature","id":52,"geometry":{"type":"LineString","coordinates":[[-87.7750928879633,41.893168705967],[-87.7751613077599,41.893186018984],[-87.7751803031618,41.893191719537],[-87.7752281172329,41.8932022797383],[-87.7752957198085,41.8932122905372],[-87.7754812780315,41.8932225241291],[-87.7756233739545,41.8932210264856],[-87.77586838358,41.8932280530414],[-87.7759009987351,41.8932275694214],[-87.7767116942904,41.8932155405434],[-87.7770281261496,41.8932108444182],[-87.7775247191702,41.893203471298],[-87.7780568027161,41.8931955707813],[-87.7783354878837,41.8931916933085]]},"properties":{"OBJECTID":52,"STREETNAME":"SUPERIOR ST","BLOCK":0,"FIRST_FEATUREID":"0262502","BlockName":"0 Block of Superior St","Count_":0,"Shape__Length":885.5520118432025,"GlobalID":"79ac3394-3829-4cbd-9c10-debdc239859d","BlockNameShort":"0 SUPERIOR ST"}},{"type":"Feature","id":53,"geometry":{"type":"LineString","coordinates":[[-87.7753084780182,41.9001769048853],[-87.7755516291351,41.900168448062],[-87.7756647999383,41.9001645131177],[-87.7759051986664,41.900166284449],[-87.7759172868091,41.900166345828],[-87.7763166942847,41.9001683910487],[-87.776528294223,41.9001651442362],[-87.7768275647151,41.9001605491663],[-87.777138908187,41.9001563692275],[-87.7774163075613,41.9001526435576],[-87.7777477554952,41.9001475680186]]},"properties":{"OBJECTID":53,"STREETNAME":"THOMAS ST","BLOCK":0,"FIRST_FEATUREID":"02675","BlockName":"0 Block of Thomas St","Count_":0,"Shape__Length":664.2644711658099,"GlobalID":"8715aaee-6c55-4203-8544-827c5343564c","BlockNameShort":"0 THOMAS ST"}},{"type":"Feature","id":54,"geometry":{"type":"LineString","coordinates":[[-87.774632986353,41.8745710557361],[-87.7747817873499,41.8745750531859],[-87.7750942970771,41.8745834494983],[-87.7755808190691,41.8745965193638],[-87.7756944118781,41.8745928906844],[-87.7759821467389,41.874583703006],[-87.7763063677428,41.8745791212739],[-87.7765791414046,41.874575265199],[-87.7769204843406,41.8745707863454]]},"properties":{"OBJECTID":54,"STREETNAME":"VAN BUREN ST","BLOCK":0,"FIRST_FEATUREID":"0262670","BlockName":"0 Block of Van Buren St","Count_":0,"Shape__Length":623.3166938782499,"GlobalID":"19900eae-4d2f-44a5-a29e-a612facef422","BlockNameShort":"0 VAN BUREN ST"}},{"type":"Feature","id":55,"geometry":{"type":"LineString","coordinates":[[-87.7747272421936,41.8821107446299],[-87.7747280386687,41.882110732298],[-87.7750082710747,41.8821062905402],[-87.7758121928054,41.8820935416239],[-87.7763563738179,41.8820843237627],[-87.7766132202006,41.8820799735434],[-87.7772462778507,41.8820709661992],[-87.7778335241402,41.8820598952785],[-87.7779881659152,41.8820579979868]]},"properties":{"OBJECTID":55,"STREETNAME":"WASHINGTON BLVD","BLOCK":0,"FIRST_FEATUREID":"0262497","BlockName":"0 Block of Washington Blvd","Count_":0,"Shape__Length":888.228628680136,"GlobalID":"a2afe9d8-ccd8-4ff6-a0a3-0b7958de538f","BlockNameShort":"0 WASHINGTON BLVD"}},{"type":"Feature","id":56,"geometry":{"type":"LineString","coordinates":[[-87.7770474861009,41.8781986846577],[-87.7773326317073,41.8781927682331],[-87.7776514210217,41.878187873723],[-87.7779550059388,41.8781832109174],[-87.7782575085893,41.8781776183257],[-87.7784255732486,41.8781745086218],[-87.7788624475344,41.878168238321],[-87.7790579313106,41.8781654329362],[-87.7794956848148,41.8781581984008]]},"properties":{"OBJECTID":56,"STREETNAME":"ADAMS ST","BLOCK":100,"FIRST_FEATUREID":"0261120","BlockName":"100 Block of Adams St","Count_":0,"Shape__Length":666.9024638520425,"GlobalID":"2e15d51f-056e-4e92-b721-0f68fe34160d","BlockNameShort":"100 ADAMS ST"}},{"type":"Feature","id":57,"geometry":{"type":"LineString","coordinates":[[-87.7782970654243,41.8983145896981],[-87.778501154609,41.898312085335],[-87.7787017679055,41.898309624144],[-87.7789148680461,41.8983066466715],[-87.7790231000411,41.8983051325931],[-87.7793059258469,41.8983011791465],[-87.7793122811465,41.8983010837604],[-87.7795147707617,41.8982980593853],[-87.7796225179092,41.8982964487681],[-87.7801232488938,41.8982890411993]]},"properties":{"OBJECTID":57,"STREETNAME":"AUGUSTA ST","BLOCK":100,"FIRST_FEATUREID":"026293","BlockName":"100 Block of Augusta St","Count_":0,"Shape__Length":497.26996436092975,"GlobalID":"65e78ceb-c57c-4001-89c9-3d7b6b091f48","BlockNameShort":"100 AUGUSTA ST"}},{"type":"Feature","id":58,"geometry":{"type":"LineString","coordinates":[[-87.7778726992586,41.9038889831493],[-87.7780749006475,41.9038860778877],[-87.7784843099258,41.9038794153568],[-87.7786793812253,41.90387623869],[-87.7790930014995,41.9038710924934],[-87.7792689244085,41.9038689028106],[-87.7797026142639,41.903861587798],[-87.7799305377962,41.9038577408771],[-87.7803131110543,41.9038525504993]]},"properties":{"OBJECTID":58,"STREETNAME":"BERKSHIRE ST","BLOCK":100,"FIRST_FEATUREID":"0262164","BlockName":"100 Block of Berkshire St","Count_":0,"Shape__Length":664.4842197801172,"GlobalID":"686610b9-5cff-4451-9ab9-711221b09879","BlockNameShort":"100 BERKSHIRE ST"}},{"type":"Feature","id":59,"geometry":{"type":"LineString","coordinates":[[-87.7911830949303,41.8873793766202],[-87.7911924708134,41.8875735437131],[-87.7912063765929,41.8878921919113],[-87.7911617827582,41.8878932409646],[-87.7909845046462,41.8878980571203],[-87.7907041560698,41.8879052401117],[-87.7905203422225,41.8879098049848],[-87.7903455824098,41.8879079164039],[-87.7903404667868,41.88770966744],[-87.7903330249438,41.8873914251388]]},"properties":{"OBJECTID":59,"STREETNAME":"BISHOP QUARTER LN","BLOCK":100,"FIRST_FEATUREID":"0261294","BlockName":"100 Block of Bishop Quarter Ln","Count_":0,"Shape__Length":609.730275898465,"GlobalID":"8907973a-b01a-41ed-83ee-e4e3f2460c9a","BlockNameShort":"100 BISHOP QUARTER LN"}},{"type":"Feature","id":60,"geometry":{"type":"LineString","coordinates":[[-87.7783801547354,41.8946697481342],[-87.7787655553883,41.8946643136031],[-87.7791919668296,41.8946577494813],[-87.7796720826084,41.894650356003],[-87.7798637401411,41.8946473994171],[-87.7800046821256,41.8946452245417]]},"properties":{"OBJECTID":60,"STREETNAME":"CHICAGO AVE","BLOCK":100,"FIRST_FEATUREID":"026413","BlockName":"100 Block of Chicago Ave","Count_":0,"Shape__Length":442.39660383593974,"GlobalID":"897a8628-761f-4c19-a2ff-30feef8ed752","BlockNameShort":"100 CHICAGO AVE"}},{"type":"Feature","id":61,"geometry":{"type":"LineString","coordinates":[[-87.7986368073926,41.8868372298814],[-87.798628987693,41.8865413084591],[-87.7986106955932,41.8860189371699],[-87.7986062083383,41.8858908146045],[-87.7985928391333,41.8855082173955],[-87.7985905213321,41.8854418567363]]},"properties":{"OBJECTID":61,"STREETNAME":"CLINTON AVE","BLOCK":100,"FIRST_FEATUREID":"0261582","BlockName":"100 Block of Clinton Ave","Count_":0,"Shape__Length":508.6393389238631,"GlobalID":"3926a672-6de3-4f01-9da2-72d36cd0e130","BlockNameShort":"100 CLINTON AVE"}},{"type":"Feature","id":62,"geometry":{"type":"LineString","coordinates":[[-87.7777987871074,41.9019725224527],[-87.7779763382686,41.9019704227508],[-87.7784183764625,41.9019646835234],[-87.7785939345992,41.9019624030711],[-87.7790276420052,41.9019558946786],[-87.779213636448,41.9019531009426],[-87.7796389925152,41.901946665185],[-87.7797170251062,41.9019454856245],[-87.7802399075889,41.9019383833524]]},"properties":{"OBJECTID":62,"STREETNAME":"DIVISION ST","BLOCK":100,"FIRST_FEATUREID":"0262309","BlockName":"100 Block of Division St","Count_":0,"Shape__Length":664.6795347239968,"GlobalID":"24505026-45e7-43af-a6fa-d35426a9a49f","BlockNameShort":"100 DIVISION ST"}},{"type":"Feature","id":63,"geometry":{"type":"LineString","coordinates":[[-87.7782933598511,41.8918151674707],[-87.7785489655593,41.8918117757466],[-87.7791079523939,41.8918039399886],[-87.7795594676897,41.8917976081721],[-87.7799191441043,41.8917918890345]]},"properties":{"OBJECTID":63,"STREETNAME":"ERIE ST","BLOCK":100,"FIRST_FEATUREID":"026996","BlockName":"100 Block of Erie St","Count_":0,"Shape__Length":442.74970412230687,"GlobalID":"492881a5-2103-4b8a-96e3-e7c13412cd8f","BlockNameShort":"100 ERIE ST"}},{"type":"Feature","id":64,"geometry":{"type":"LineString","coordinates":[[-87.7766571729774,41.8672598209608],[-87.7769496823935,41.8672567024693],[-87.7772746940456,41.8672511196986],[-87.7775030760453,41.8672471977041],[-87.7778858545312,41.8672427651995],[-87.7782485481199,41.867238563872],[-87.7784882992585,41.8672354961746],[-87.7787872322439,41.8672316702539],[-87.7791146315199,41.8672268599981]]},"properties":{"OBJECTID":64,"STREETNAME":"FILLMORE ST","BLOCK":100,"FIRST_FEATUREID":"026388","BlockName":"100 Block of Fillmore St","Count_":0,"Shape__Length":669.4835318757214,"GlobalID":"6e2f1097-cca4-42e8-9bfb-b35bf371f5e7","BlockNameShort":"100 FILLMORE ST"}},{"type":"Feature","id":65,"geometry":{"type":"LineString","coordinates":[[-87.7768072297157,41.8715747043263],[-87.7769532366009,41.8715846601036],[-87.7772610820123,41.8715996247351],[-87.7774264582682,41.8716097943402],[-87.7779049241793,41.8716392115206],[-87.777936040032,41.8716456193977],[-87.7779707237209,41.8716556666062],[-87.7780084457294,41.8716751406988],[-87.7780147163353,41.8716799329426],[-87.778264609357,41.8716673234019],[-87.7784340111499,41.8716680871047],[-87.7785804746305,41.8716803199913],[-87.778589531554,41.8716817637757],[-87.7786100368182,41.8716839210093],[-87.7786115130819,41.8716842657692]]},"properties":{"OBJECTID":65,"STREETNAME":"FLOURNOY ST","BLOCK":100,"FIRST_FEATUREID":"026736","BlockName":"100 Block of Flournoy St","Count_":0,"Shape__Length":496.84063351348595,"GlobalID":"ee50c61c-d820-438f-84dd-8875d4a9ecab","BlockNameShort":"100 FLOURNOY ST"}},{"type":"Feature","id":66,"geometry":{"type":"MultiLineString","coordinates":[[[-87.8006199049116,41.8871711457116],[-87.8007076364422,41.8872507791942],[-87.8007228623142,41.8872645980427],[-87.8007409029769,41.8873033487258],[-87.800752165741,41.8873533186538],[-87.8007561897009,41.8873994960796],[-87.8007577962461,41.8877896804844],[-87.8007905952087,41.8885861017704],[-87.8007937676204,41.8886631524787]],[[-87.800171365097,41.8886730944118],[-87.8001919311589,41.8891987656355],[-87.8001937091539,41.8892441799527],[-87.8001976681015,41.8893453814995],[-87.8002034408894,41.8894929059712],[-87.8002286383446,41.890136933287]]]},"properties":{"OBJECTID":66,"STREETNAME":"FOREST AVE","BLOCK":100,"FIRST_FEATUREID":"026552","BlockName":"100 Block of Forest Ave","Count_":0,"Shape__Length":1088.6829825947236,"GlobalID":"daccc0b8-e43d-4d82-b9b2-8f5e6cb2032b","BlockNameShort":"100 FOREST AVE"}},{"type":"Feature","id":67,"geometry":{"type":"LineString","coordinates":[[-87.7999049550425,41.8884017554189],[-87.7999134690872,41.8886822867376]]},"properties":{"OBJECTID":67,"STREETNAME":"FOREST PL","BLOCK":100,"FIRST_FEATUREID":"026218166","BlockName":"100 Block of Forest Pl","Count_":0,"Shape__Length":102.25342387372051,"GlobalID":"f4301d1b-a6fd-44f9-9e31-135dab23c9b6","BlockNameShort":"100 FOREST PL"}},{"type":"Feature","id":68,"geometry":{"type":"MultiLineString","coordinates":[[[-87.7912063765929,41.8878921919113],[-87.7913210566226,41.8878894919989],[-87.7914101772866,41.8878909011689],[-87.7914206146569,41.88795513853],[-87.7914248824737,41.8880281278153],[-87.7914314334636,41.8881959420231],[-87.7914376001234,41.888352777439],[-87.7914429613477,41.8885441839933]],[[-87.7907039839332,41.8881671993011],[-87.7908425499752,41.8881627148081],[-87.7908476140305,41.8881633041452],[-87.7908525354522,41.8881643744915],[-87.7908572312421,41.8881659092487],[-87.7908630170139,41.8881686376064],[-87.7908680919878,41.8881720666739],[-87.7908723052046,41.8881760948998],[-87.7908755335694,41.8881806028576],[-87.7908776781983,41.88818545773],[-87.7908786776571,41.8881905151722],[-87.7908900685096,41.8884004936868],[-87.7908969406114,41.8885271971012]]]},"properties":{"OBJECTID":68,"STREETNAME":"FRANCISCO TER","BLOCK":100,"FIRST_FEATUREID":"026199097","BlockName":"100 Block of Francisco Ter","Count_":0,"Shape__Length":469.7590176780447,"GlobalID":"1dba759f-83aa-44b6-a938-fa12976cda12","BlockNameShort":"100 FRANCISCO TER"}},{"type":"Feature","id":69,"geometry":{"type":"LineString","coordinates":[[-87.78999550427,41.8873934544021],[-87.7900052557908,41.8877811888715],[-87.7900101204378,41.8879143734206],[-87.7900143179692,41.8880293111739],[-87.7900201221829,41.8881895482454],[-87.7900265692313,41.8884991686391]]},"properties":{"OBJECTID":69,"STREETNAME":"FRANK LLOYD WRIGHT LN","BLOCK":100,"FIRST_FEATUREID":"026746","BlockName":"100 Block of Frank Lloyd Wright Ln","Count_":0,"Shape__Length":403.02226482984304,"GlobalID":"d31a3387-e862-4421-bc44-bb4370e44d2a","BlockNameShort":"100 FRANK LLOYD WRIGHT LN"}},{"type":"Feature","id":70,"geometry":{"type":"LineString","coordinates":[[-87.7767681899971,41.8705812971373],[-87.7773037583234,41.8706237550204],[-87.7776262520362,41.8706510567873],[-87.7780051389082,41.8706828844765],[-87.7785165456338,41.8707258339059],[-87.7790529483867,41.8707698623673],[-87.779237110017,41.8707855419029]]},"properties":{"OBJECTID":70,"STREETNAME":"GARFIELD ST","BLOCK":100,"FIRST_FEATUREID":"026925","BlockName":"100 Block of Garfield St","Count_":0,"Shape__Length":676.5671790533597,"GlobalID":"da60021e-94fc-4501-9113-8a846b3330f3","BlockNameShort":"100 GARFIELD ST"}},{"type":"Feature","id":71,"geometry":{"type":"LineString","coordinates":[[-87.7780979626484,41.9058584748988],[-87.7783879850783,41.9058548817771],[-87.7785426973628,41.9058527239577],[-87.7787554248125,41.9058497531173],[-87.7789634476179,41.9058468492043],[-87.7791576526613,41.9058444661521],[-87.7794039922808,41.905841433934],[-87.7796689583565,41.9058381785795],[-87.7797704703988,41.9058369663392],[-87.7799855795816,41.905834381043],[-87.780057633345,41.9058327303798],[-87.7803788772265,41.9058253697803]]},"properties":{"OBJECTID":71,"STREETNAME":"GREENFIELD ST","BLOCK":100,"FIRST_FEATUREID":"0261355","BlockName":"100 Block of Greenfield St","Count_":0,"Shape__Length":621.03646082084,"GlobalID":"8e8d8f53-7c37-44e1-8a17-8cd7b526602a","BlockNameShort":"100 GREENFIELD ST"}},{"type":"Feature","id":72,"geometry":{"type":"LineString","coordinates":[[-87.7768502610192,41.8727485516078],[-87.7771791068904,41.8727375730535],[-87.7774606844404,41.8727337169922],[-87.7777490929512,41.8727297663382],[-87.778069127677,41.8727305182148],[-87.7784118171662,41.8727313237465],[-87.7786758677601,41.8727275717888],[-87.7788241224087,41.8727254669265],[-87.7791583288081,41.8727158329929],[-87.77930655877,41.8727115602593]]},"properties":{"OBJECTID":72,"STREETNAME":"HARRISON ST","BLOCK":100,"FIRST_FEATUREID":"026416","BlockName":"100 Block of Harrison St","Count_":0,"Shape__Length":669.2333589185959,"GlobalID":"9a674355-d82d-429c-a199-c567e75f1de2","BlockNameShort":"100 HARRISON ST"}},{"type":"Feature","id":73,"geometry":{"type":"LineString","coordinates":[[-87.7767213904564,41.8690896714554],[-87.7769851105572,41.8690860586157],[-87.7773332766108,41.8690803654708],[-87.7777608178553,41.8690733761329],[-87.7779505451855,41.8690711209693],[-87.7782301169083,41.8690677962077],[-87.7785500545688,41.8690627561341],[-87.7788323919949,41.8690583016287],[-87.7791784601606,41.8690537785146]]},"properties":{"OBJECTID":73,"STREETNAME":"HARVARD ST","BLOCK":100,"FIRST_FEATUREID":"0262367","BlockName":"100 Block of Harvard St","Count_":0,"Shape__Length":669.3772196270672,"GlobalID":"a0ced2cb-2154-4a27-9cd3-9cc2df5d8210","BlockNameShort":"100 HARVARD ST"}},{"type":"Feature","id":74,"geometry":{"type":"LineString","coordinates":[[-87.8002230942444,41.8868075385315],[-87.8001882748092,41.88677633037],[-87.8001538527863,41.8867422519497],[-87.8001414570261,41.8867092085427],[-87.8001114273595,41.8863899129266],[-87.8001047260159,41.8862100788613],[-87.8000980969199,41.886032137646],[-87.8000970245661,41.8859993944019],[-87.8000888471889,41.8857497399863],[-87.8000829841437,41.8855706777848],[-87.8000797975441,41.8854903785137],[-87.8000772790257,41.8854269610719]]},"properties":{"OBJECTID":74,"STREETNAME":"HOME AVE","BLOCK":100,"FIRST_FEATUREID":"026762","BlockName":"100 Block of Home Ave","Count_":0,"Shape__Length":510.5389704450495,"GlobalID":"efaa24a6-edd1-4ef2-b7dc-a8b14d85f9a1","BlockNameShort":"100 HOME AVE"}},{"type":"Feature","id":75,"geometry":{"type":"LineString","coordinates":[[-87.7784422304554,41.8964901053398],[-87.7786745260543,41.8964869851682],[-87.7792515188988,41.8964787108361],[-87.7798256528548,41.8964704756457],[-87.7800654833069,41.8964666885127]]},"properties":{"OBJECTID":75,"STREETNAME":"IOWA ST","BLOCK":100,"FIRST_FEATUREID":"026169","BlockName":"100 Block of Iowa St","Count_":0,"Shape__Length":442.0291796952133,"GlobalID":"c13f5ae3-7522-425b-90f6-95bb63b508fb","BlockNameShort":"100 IOWA ST"}},{"type":"Feature","id":76,"geometry":{"type":"MultiLineString","coordinates":[[[-87.7769820827613,41.8763679230167],[-87.7775857334536,41.8763581734322],[-87.7778603953355,41.8763537364373],[-87.7781932931082,41.8763485701197],[-87.7785642422697,41.8763428132607],[-87.7788041611235,41.8763389120413],[-87.7789752948966,41.8763361269642],[-87.7794327370046,41.8763290687191]],[[-87.776984634189,41.8764340503315],[-87.7772243871346,41.8764301597126],[-87.7775889355713,41.876425049368],[-87.7778123270599,41.8764219183658],[-87.7781953847601,41.8764153506372],[-87.7785153038927,41.8764098658514],[-87.7788049007107,41.876405395209],[-87.7794351809234,41.8763956618426]]]},"properties":{"OBJECTID":76,"STREETNAME":"JACKSON BLVD","BLOCK":100,"FIRST_FEATUREID":"0262315","BlockName":"100 Block of Jackson Blvd","Count_":0,"Shape__Length":1335.1164692182301,"GlobalID":"3da16a9c-d7be-42be-a644-e56505d739e9","BlockNameShort":"100 JACKSON BLVD"}},{"type":"Feature","id":77,"geometry":{"type":"LineString","coordinates":[[-87.778180310602,41.8881280318833],[-87.7785830886225,41.8881397533027],[-87.7794489148374,41.8881672046263],[-87.7798093205435,41.8881779322706]]},"properties":{"OBJECTID":77,"STREETNAME":"LAKE ST","BLOCK":100,"FIRST_FEATUREID":"0261941","BlockName":"100 Block of Lake St","Count_":0,"Shape__Length":443.94478038020577,"GlobalID":"0cfca8f6-1ac0-4feb-ba75-c3b4139d560e","BlockNameShort":"100 LAKE ST"}},{"type":"Feature","id":78,"geometry":{"type":"MultiLineString","coordinates":[[[-87.778154251189,41.9073901862579],[-87.7786280402283,41.9073842540468],[-87.779159237947,41.9073772689502],[-87.7794564999852,41.9073738179183],[-87.7798489273927,41.9073692618661],[-87.7803799795574,41.9073622154994],[-87.7806402718607,41.9073596547767],[-87.7807637812431,41.9073584394944]],[[-87.7781592385814,41.9075116292007],[-87.7783326929482,41.9075095010579],[-87.7791256405811,41.9074985670517],[-87.7794598491489,41.907494740613],[-87.7797680815617,41.9074912102398],[-87.780646761794,41.907480296345],[-87.7807680224814,41.9074787893295]]]},"properties":{"OBJECTID":78,"STREETNAME":"LE MOYNE PKWY","BLOCK":100,"FIRST_FEATUREID":"0261748","BlockName":"100 Block of Le Moyne Pkwy","Count_":0,"Shape__Length":1420.6910629512631,"GlobalID":"95f9c541-ee79-4a0b-b4d9-3d7902490174","BlockNameShort":"100 LE MOYNE PKWY"}},{"type":"Feature","id":79,"geometry":{"type":"LineString","coordinates":[[-87.7911612025446,41.8885352777279],[-87.7912021440673,41.8899912999533],[-87.7912065172398,41.8901659599397],[-87.7912087251296,41.8902541201468]]},"properties":{"OBJECTID":79,"STREETNAME":"LINDEN AVE","BLOCK":100,"FIRST_FEATUREID":"026199105","BlockName":"100 Block of Linden Ave","Count_":0,"Shape__Length":626.489989230836,"GlobalID":"d155c521-bae5-44dc-882f-4d47597c7b81","BlockNameShort":"100 LINDEN AVE"}},{"type":"Feature","id":80,"geometry":{"type":"LineString","coordinates":[[-87.7771105097529,41.8800456826565],[-87.7776995214651,41.8800382610338],[-87.7779291452051,41.8800385236571],[-87.7783206607757,41.8800336971934],[-87.7794336752386,41.8800256755094],[-87.7795575243022,41.8800243703591]]},"properties":{"OBJECTID":80,"STREETNAME":"MADISON ST","BLOCK":100,"FIRST_FEATUREID":"0262733","BlockName":"100 Block of Madison St","Count_":0,"Shape__Length":666.4496750859759,"GlobalID":"f03c5017-df1a-43ce-a05b-d3d4da0e1f6e","BlockNameShort":"100 MADISON ST"}},{"type":"Feature","id":81,"geometry":{"type":"LineString","coordinates":[[-87.7747272421936,41.8821107446299],[-87.7747434172606,41.8826589872046],[-87.7747797449634,41.8838903718808],[-87.774785954619,41.8839964750578],[-87.7747912116578,41.8841357341204]]},"properties":{"OBJECTID":81,"STREETNAME":"N AUSTIN BLVD","BLOCK":100,"FIRST_FEATUREID":"0261652","BlockName":"100 Block of N Austin Blvd","Count_":0,"Shape__Length":738.1329493177914,"GlobalID":"3dc9bfd3-c390-48eb-9b4f-7fbc1494dcf4","BlockNameShort":"100 N AUSTIN BLVD"}},{"type":"Feature","id":82,"geometry":{"type":"LineString","coordinates":[[-87.7830245839419,41.8874542840457],[-87.7830510664143,41.8881423696549],[-87.7830599209721,41.8882759256256],[-87.7830806233332,41.8885882319662],[-87.7830871310656,41.8888151304499],[-87.7830892461122,41.8888887957686],[-87.7831249538197,41.8901330170789],[-87.783129564223,41.8903006369057],[-87.7831319275054,41.8903865255346]]},"properties":{"OBJECTID":82,"STREETNAME":"N CUYLER AVE","BLOCK":100,"FIRST_FEATUREID":"026199110","BlockName":"100 Block of N Cuyler Ave","Count_":0,"Shape__Length":1068.9782770693184,"GlobalID":"0231ab33-031a-4cc6-b678-938aa241eaf0","BlockNameShort":"100 N CUYLER AVE"}},{"type":"Feature","id":83,"geometry":{"type":"LineString","coordinates":[[-87.7895708642892,41.887400974642],[-87.7895800061416,41.8876737415416],[-87.7895867182497,41.8879220130138],[-87.7895954104817,41.8882434106475],[-87.7895907911702,41.8884859175718]]},"properties":{"OBJECTID":83,"STREETNAME":"N EAST AVE","BLOCK":100,"FIRST_FEATUREID":"0261902","BlockName":"100 Block of N East Ave","Count_":0,"Shape__Length":395.441931124687,"GlobalID":"e01eb82e-a28f-4bf2-9df4-461ac0edea57","BlockNameShort":"100 N EAST AVE"}},{"type":"Feature","id":84,"geometry":{"type":"LineString","coordinates":[[-87.7863303300446,41.8883794944463],[-87.786343454206,41.8888416089581],[-87.7863487714792,41.8890289018438],[-87.7863586001086,41.8893749438153],[-87.7863808782221,41.8901215675854],[-87.7863840386596,41.8902516730424],[-87.7863860917703,41.8903361537989]]},"properties":{"OBJECTID":84,"STREETNAME":"N ELMWOOD AVE","BLOCK":100,"FIRST_FEATUREID":"0261383","BlockName":"100 Block of N Elmwood Ave","Count_":0,"Shape__Length":713.1804712258839,"GlobalID":"e927238d-c498-48cf-8327-90855866aaf6","BlockNameShort":"100 N ELMWOOD AVE"}},{"type":"Feature","id":85,"geometry":{"type":"LineString","coordinates":[[-87.792683737848,41.8873309712843],[-87.7926674680082,41.8873950134756],[-87.7926773014386,41.8878491150616],[-87.792684676268,41.8881896925766],[-87.7926861294329,41.8882568505504],[-87.7926953911745,41.8885848591426],[-87.7927040027323,41.8888898131925],[-87.7927323300973,41.8899165157652],[-87.7927379968386,41.8901417522014],[-87.7927401864052,41.8902287625588]]},"properties":{"OBJECTID":85,"STREETNAME":"N EUCLID AVE","BLOCK":100,"FIRST_FEATUREID":"026199104","BlockName":"100 Block of N Euclid Ave","Count_":0,"Shape__Length":1056.5804907051727,"GlobalID":"09c0ce76-d8d0-4e08-8874-5539498dda52","BlockNameShort":"100 N EUCLID AVE"}},{"type":"Feature","id":86,"geometry":{"type":"LineString","coordinates":[[-87.7960570527939,41.8895509067341],[-87.7960602438094,41.8896566974632],[-87.7960688708905,41.889942738709],[-87.7960637207967,41.8901922435271]]},"properties":{"OBJECTID":86,"STREETNAME":"N GROVE AVE","BLOCK":100,"FIRST_FEATUREID":"026199099","BlockName":"100 Block of N Grove Ave","Count_":0,"Shape__Length":233.75382406527171,"GlobalID":"8019f861-1d2e-4766-9387-dddf78c6d3c0","BlockNameShort":"100 N GROVE AVE"}},{"type":"Feature","id":87,"geometry":{"type":"LineString","coordinates":[[-87.8047969597138,41.8814080679683],[-87.804751622996,41.8815052368667],[-87.8047942875353,41.8831211454703],[-87.8048626009978,41.8832251703995]]},"properties":{"OBJECTID":87,"STREETNAME":"N HARLEM AVE","BLOCK":100,"FIRST_FEATUREID":"026449","BlockName":"100 Block of N Harlem Ave","Count_":0,"Shape__Length":668.6849558851758,"GlobalID":"944690c5-53b7-4ece-9942-8164c52b5afe","BlockNameShort":"100 N HARLEM AVE"}},{"type":"Feature","id":88,"geometry":{"type":"MultiLineString","coordinates":[[[-87.7814059352743,41.8874585230264],[-87.7813103540094,41.8874588865261],[-87.7811995552271,41.8874669134239],[-87.78114600167,41.8874780686698],[-87.7810961200201,41.8875063606557],[-87.7810652541639,41.8875433036234],[-87.7810457714251,41.8875888608809],[-87.7810531958354,41.8880568179342],[-87.7810439031518,41.8882146662471]],[[-87.7814397415157,41.8882264433103],[-87.7814541842044,41.8887681342189],[-87.7814561217618,41.8888407840277],[-87.7814616210255,41.8890467114759],[-87.7814949509909,41.8900686372978],[-87.7815026569913,41.8903196104027],[-87.7815054042267,41.8904090752643]]]},"properties":{"OBJECTID":88,"STREETNAME":"N HARVEY AVE","BLOCK":100,"FIRST_FEATUREID":"026199112","BlockName":"100 Block of N Harvey Ave","Count_":0,"Shape__Length":1145.5101990318997,"GlobalID":"d55147cc-d3ab-4bd7-b11c-62bbef609c51","BlockNameShort":"100 N HARVEY AVE"}},{"type":"Feature","id":89,"geometry":{"type":"LineString","coordinates":[[-87.7765329052779,41.8875399279256],[-87.7765454696138,41.8879040682988],[-87.7765528020245,41.8880802269704],[-87.7765612696641,41.888283702116],[-87.7765688518993,41.8886256446625],[-87.7765703576433,41.8886934071996],[-87.7765723549973,41.8887835105042],[-87.7766068444762,41.88983623501],[-87.7766224036303,41.8902776939928],[-87.7766249768666,41.8903865523813],[-87.7766271664615,41.8904790902143]]},"properties":{"OBJECTID":89,"STREETNAME":"N HUMPHREY AVE","BLOCK":100,"FIRST_FEATUREID":"026199116","BlockName":"100 Block of N Humphrey Ave","Count_":0,"Shape__Length":1071.3672893234937,"GlobalID":"c83020a1-c3d9-49ce-8d6b-7c78542d0fdd","BlockNameShort":"100 N HUMPHREY AVE"}},{"type":"Feature","id":90,"geometry":{"type":"MultiLineString","coordinates":[[[-87.7971273295315,41.8872295459313],[-87.7971239368456,41.8873757601255],[-87.7971446982897,41.8881367094814],[-87.7971600577146,41.8886996230275]],[[-87.7975120491815,41.8886984253319],[-87.7975445841067,41.8899013200252],[-87.7975454095365,41.8899318832895],[-87.797552518699,41.8901790297598]]]},"properties":{"OBJECTID":90,"STREETNAME":"N KENILWORTH AVE","BLOCK":100,"FIRST_FEATUREID":"026199103","BlockName":"100 Block of N Kenilworth Ave","Count_":0,"Shape__Length":1075.4655313620456,"GlobalID":"6d3231a7-a904-4880-a42f-c4efc8cab271","BlockNameShort":"100 N KENILWORTH AVE"}},{"type":"Feature","id":91,"geometry":{"type":"LineString","coordinates":[[-87.7797864555293,41.8874433075997],[-87.7797901207877,41.8875611107386],[-87.7797903598774,41.8875687269856],[-87.7797940944486,41.8876886912773],[-87.7797952274262,41.8877250768656],[-87.7798093205435,41.8881779322706],[-87.7798263399904,41.8887246515976],[-87.7798285571802,41.888795820817],[-87.7798443416241,41.889302924487],[-87.7798712536324,41.8901760535938],[-87.7798753436009,41.890342257495],[-87.7798775671109,41.8904326661276]]},"properties":{"OBJECTID":91,"STREETNAME":"N LOMBARD AVE","BLOCK":100,"FIRST_FEATUREID":"026199113","BlockName":"100 Block of N Lombard Ave","Count_":0,"Shape__Length":1089.6240685703317,"GlobalID":"5041d8de-9f1a-4c72-a030-67ce307f1694","BlockNameShort":"100 N LOMBARD AVE"}},{"type":"Feature","id":92,"geometry":{"type":"MultiLineString","coordinates":[[[-87.8039050206376,41.8871337216101],[-87.8039309059624,41.8878844881023]],[[-87.804023430816,41.8878829716611],[-87.8040502933637,41.8886010844131]]]},"properties":{"OBJECTID":92,"STREETNAME":"N MAPLE AVE","BLOCK":100,"FIRST_FEATUREID":"026218567","BlockName":"100 Block of N Maple Ave","Count_":0,"Shape__Length":535.4603237775784,"GlobalID":"6261e310-b07f-4a1e-b5cb-3b7e0096feed","BlockNameShort":"100 N MAPLE AVE"}},{"type":"Feature","id":93,"geometry":{"type":"MultiLineString","coordinates":[[[-87.8023983191671,41.8871917199008],[-87.8024063329876,41.8872333257707],[-87.8024051174163,41.887269831746],[-87.8024194186868,41.8874729305268],[-87.8024194802143,41.8877964184991],[-87.8024337609369,41.8879090255375],[-87.8024500501226,41.8882635224718],[-87.802467635934,41.8886462556129]],[[-87.8026282533509,41.8886467242843],[-87.8026555988884,41.8892919549705],[-87.802658447665,41.8893591750879],[-87.8026743307277,41.8897339547375],[-87.8026825245665,41.8899272636678],[-87.8026852491537,41.8899915877028],[-87.802685735208,41.8900030332984],[-87.802702978072,41.8904099478959],[-87.8027089799711,41.890587858026]]]},"properties":{"OBJECTID":93,"STREETNAME":"N MARION ST","BLOCK":100,"FIRST_FEATUREID":"0262202","BlockName":"100 Block of N Marion St","Count_":0,"Shape__Length":1238.3477521812868,"GlobalID":"8000f62a-f433-4a35-aef0-855ecc6caf98","BlockNameShort":"100 N MARION ST"}},{"type":"Feature","id":94,"geometry":{"type":"LineString","coordinates":[[-87.7944811212093,41.8873099562915],[-87.7944853247097,41.8874434869034],[-87.7945010165333,41.8879011091616],[-87.7945022201745,41.8879376786148],[-87.7945179870568,41.8884165042459],[-87.7945237066702,41.8886453629849],[-87.7945274972944,41.8887969290844],[-87.7945320849698,41.8891250803412],[-87.7945426449687,41.8895545300865],[-87.794551929854,41.8899321195141],[-87.7945599738894,41.8902042964502]]},"properties":{"OBJECTID":94,"STREETNAME":"N OAK PARK AVE","BLOCK":100,"FIRST_FEATUREID":"026199100","BlockName":"100 Block of N Oak Park Ave","Count_":0,"Shape__Length":1054.9434256723364,"GlobalID":"ddc6ab93-594d-4cfb-925b-8de6ce56dbf3","BlockNameShort":"100 N OAK PARK AVE"}},{"type":"Feature","id":95,"geometry":{"type":"LineString","coordinates":[[-87.7846753764132,41.8874828744563],[-87.7846896141541,41.888005231032],[-87.7846993520518,41.8883256139108],[-87.7847099326835,41.8886736899191],[-87.7847152194373,41.8888611745073],[-87.7847206230762,41.8890528858533],[-87.7847341073522,41.8895311354303],[-87.784749431383,41.8901439174415],[-87.784752910082,41.8902741811187],[-87.7847552811114,41.8903629391438]]},"properties":{"OBJECTID":95,"STREETNAME":"N RIDGELAND AVE","BLOCK":100,"FIRST_FEATUREID":"026199109","BlockName":"100 Block of N Ridgeland Ave","Count_":0,"Shape__Length":1049.7392835285182,"GlobalID":"ca366299-c38a-49da-b06b-12a74f6281a0","BlockNameShort":"100 N RIDGELAND AVE"}},{"type":"Feature","id":96,"geometry":{"type":"LineString","coordinates":[[-87.7879338706211,41.8874252928112],[-87.7879410500828,41.8876623474365],[-87.7879492809236,41.8879404059322],[-87.7879553710921,41.8881461711698],[-87.7879629168705,41.8884318288777],[-87.7879701229882,41.8887045866559],[-87.788006640507,41.8900418121705],[-87.7880115915099,41.8902194794518],[-87.7880140209039,41.8903067224174]]},"properties":{"OBJECTID":96,"STREETNAME":"N SCOVILLE AVE","BLOCK":100,"FIRST_FEATUREID":"026199106","BlockName":"100 Block of N Scoville Ave","Count_":0,"Shape__Length":1050.2370723929685,"GlobalID":"14a05196-9df9-4d7f-b385-9379f3f93dfe","BlockNameShort":"100 N SCOVILLE AVE"}},{"type":"Feature","id":97,"geometry":{"type":"LineString","coordinates":[[-87.778180310602,41.8881280318833],[-87.7781971287023,41.8886707943636],[-87.7781993390489,41.8887421274421],[-87.7782394457119,41.8900362341852],[-87.7782485848737,41.8903609749214],[-87.7782512507918,41.8904556893543]]},"properties":{"OBJECTID":97,"STREETNAME":"N TAYLOR AVE","BLOCK":100,"FIRST_FEATUREID":"026380","BlockName":"100 Block of N Taylor Ave","Count_":0,"Shape__Length":848.4330622217963,"GlobalID":"90952d88-d439-45b2-9f38-cf4d98d1fdb0","BlockNameShort":"100 N TAYLOR AVE"}},{"type":"Feature","id":98,"geometry":{"type":"LineString","coordinates":[[-87.7782512507918,41.8904556893543],[-87.7786051441172,41.8904508458103],[-87.7790662622006,41.8904441895651],[-87.7794569494022,41.8904385468068],[-87.7798775671109,41.8904326661276]]},"properties":{"OBJECTID":98,"STREETNAME":"ONTARIO ST","BLOCK":100,"FIRST_FEATUREID":"0261432","BlockName":"100 Block of Ontario St","Count_":0,"Shape__Length":442.9018967292629,"GlobalID":"522a7ba2-d509-4e52-987e-ed53dd9b2c1d","BlockNameShort":"100 ONTARIO ST"}},{"type":"Feature","id":99,"geometry":{"type":"LineString","coordinates":[[-87.7907039839332,41.8881671993011],[-87.7906022016965,41.8881704934555],[-87.7905956760421,41.8881710487377],[-87.7905893181794,41.888172279169],[-87.7905832512018,41.8881741619221],[-87.7905775971277,41.8881766588592],[-87.7905724648132,41.8881797209759],[-87.7905678904042,41.8881833484432],[-87.7905640496034,41.8881874241467],[-87.7905610226328,41.8881918656342],[-87.7905588680953,41.888196582248],[-87.7905576313635,41.8882014805673],[-87.7905650168272,41.8885164146868]]},"properties":{"OBJECTID":99,"STREETNAME":"PERCY JULIAN SQ","BLOCK":100,"FIRST_FEATUREID":"026577","BlockName":"100 Block of Percy Julian Sq","Count_":0,"Shape__Length":160.54603870902736,"GlobalID":"7752fb13-44b8-4887-9101-a490ef8b95d9","BlockNameShort":"100 PERCY JULIAN SQ"}},{"type":"Feature","id":100,"geometry":{"type":"LineString","coordinates":[[-87.7780917563597,41.8853213654849],[-87.778907588649,41.8853075712276],[-87.7797177353518,41.8852938644108]]},"properties":{"OBJECTID":100,"STREETNAME":"PLEASANT ST","BLOCK":100,"FIRST_FEATUREID":"0261289","BlockName":"100 Block of Pleasant St","Count_":0,"Shape__Length":442.87941256844533,"GlobalID":"9837472d-0f01-49e5-9d64-f802d1c92e03","BlockNameShort":"100 PLEASANT ST"}},{"type":"Feature","id":101,"geometry":{"type":"LineString","coordinates":[[-87.7780520642283,41.884004578211],[-87.7784350715992,41.8839991736457],[-87.7788659052868,41.8839931262938],[-87.7789819105562,41.8839914966937],[-87.7795094325056,41.8839838059129],[-87.7796795558863,41.8839813741784]]},"properties":{"OBJECTID":101,"STREETNAME":"RANDOLPH ST","BLOCK":100,"FIRST_FEATUREID":"026953","BlockName":"100 Block of Randolph St","Count_":0,"Shape__Length":443.2676884646769,"GlobalID":"e1856529-98de-49a4-9397-d644930fa0a9","BlockNameShort":"100 RANDOLPH ST"}},{"type":"Feature","id":102,"geometry":{"type":"LineString","coordinates":[[-87.7746204826249,41.8788876933662],[-87.7746197334363,41.8788666531957],[-87.7746095718056,41.8785999724299],[-87.7745997162297,41.8783402086789],[-87.7745884810708,41.8780619415443],[-87.7745777872631,41.8778310702188],[-87.7745723086713,41.877616936437],[-87.7745704694764,41.8775451151755]]},"properties":{"OBJECTID":102,"STREETNAME":"S AUSTIN BLVD","BLOCK":100,"FIRST_FEATUREID":"0262280","BlockName":"100 Block of S Austin Blvd","Count_":0,"Shape__Length":489.4388246226236,"GlobalID":"b9a18158-c6a6-43f3-a626-b523c65b622e","BlockNameShort":"100 S AUSTIN BLVD"}},{"type":"Feature","id":103,"geometry":{"type":"LineString","coordinates":[[-87.7830111947229,41.886966756539],[-87.7830084980817,41.8864790470419],[-87.7830073583386,41.8862729423868],[-87.7829933194568,41.8856664241932],[-87.7829808443675,41.8853282254407],[-87.7829775922975,41.8852400816179]]},"properties":{"OBJECTID":103,"STREETNAME":"S CUYLER AVE","BLOCK":100,"FIRST_FEATUREID":"026199540","BlockName":"100 Block of S Cuyler Ave","Count_":0,"Shape__Length":629.3046828740422,"GlobalID":"8a65d7ad-db19-4136-afd4-a7d8cb4422d8","BlockNameShort":"100 S CUYLER AVE"}},{"type":"Feature","id":104,"geometry":{"type":"LineString","coordinates":[[-87.7895592682358,41.8869403639617],[-87.789555228259,41.886736902541],[-87.789545392494,41.8863814565533],[-87.7895189120503,41.8854242651304],[-87.7895129297326,41.8852155814728],[-87.7895103588934,41.8851258951601]]},"properties":{"OBJECTID":104,"STREETNAME":"S EAST AVE","BLOCK":100,"FIRST_FEATUREID":"026199531","BlockName":"100 Block of S East Ave","Count_":0,"Shape__Length":661.3379629341964,"GlobalID":"54569311-1c4a-4444-92e7-4dd398deab53","BlockNameShort":"100 S EAST AVE"}},{"type":"Feature","id":105,"geometry":{"type":"LineString","coordinates":[[-87.7862944247829,41.886953057843],[-87.7862788697921,41.8864367084685],[-87.7862675224198,41.8860600330277],[-87.7862504454608,41.8854358548851],[-87.7862452982568,41.8852752875612],[-87.7862422808423,41.8851811441585]]},"properties":{"OBJECTID":105,"STREETNAME":"S ELMWOOD AVE","BLOCK":100,"FIRST_FEATUREID":"026199536","BlockName":"100 Block of S Elmwood Ave","Count_":0,"Shape__Length":645.8521166099509,"GlobalID":"9d2e8fec-d028-4c00-948b-3308017151a9","BlockNameShort":"100 S ELMWOOD AVE"}},{"type":"Feature","id":106,"geometry":{"type":"LineString","coordinates":[[-87.7927940225182,41.8869093423467],[-87.7928167677924,41.8868403625198],[-87.7928138656993,41.8865920217749],[-87.7928066508095,41.8863287402419],[-87.7927931943953,41.8858378046797],[-87.792780916916,41.8853861259676],[-87.7927746784305,41.8851652650241],[-87.7927720273107,41.8850714116138]]},"properties":{"OBJECTID":106,"STREETNAME":"S EUCLID AVE","BLOCK":100,"FIRST_FEATUREID":"026199526","BlockName":"100 Block of S Euclid Ave","Count_":0,"Shape__Length":670.6244688781054,"GlobalID":"ab95b39d-2a3d-42b3-9797-b6afded684cd","BlockNameShort":"100 S EUCLID AVE"}},{"type":"Feature","id":107,"geometry":{"type":"LineString","coordinates":[[-87.7958069663659,41.8868812782508],[-87.7957823342302,41.8860565021996],[-87.7957637001451,41.8853967518318],[-87.7957585584029,41.8852302480701],[-87.7957564385684,41.8851616068118]]},"properties":{"OBJECTID":107,"STREETNAME":"S GROVE AVE","BLOCK":100,"FIRST_FEATUREID":"026199516","BlockName":"100 Block of S Grove Ave","Count_":0,"Shape__Length":626.8087819021094,"GlobalID":"4fcf2471-348d-446e-9bac-cbfc6f709f0d","BlockNameShort":"100 S GROVE AVE"}},{"type":"Feature","id":108,"geometry":{"type":"LineString","coordinates":[[-87.8046798598059,41.8781662308221],[-87.8046222585726,41.8781104000174],[-87.8046122719441,41.8778536947423],[-87.8046663841437,41.8777931679229],[-87.804609029366,41.8776965175388],[-87.8045708666188,41.876820080008]]},"properties":{"OBJECTID":108,"STREETNAME":"S HARLEM AVE","BLOCK":100,"FIRST_FEATUREID":"0262692","BlockName":"100 Block of S Harlem Ave","Count_":0,"Shape__Length":503.876106466877,"GlobalID":"9a04515f-957e-4deb-90a8-707c7e959019","BlockNameShort":"100 S HARLEM AVE"}},{"type":"Feature","id":109,"geometry":{"type":"LineString","coordinates":[[-87.7813782618027,41.8870404952439],[-87.7813650419046,41.8864924851368],[-87.7813377331139,41.885360167776],[-87.7813354744389,41.8852664780727]]},"properties":{"OBJECTID":109,"STREETNAME":"S HARVEY AVE","BLOCK":100,"FIRST_FEATUREID":"026199542","BlockName":"100 Block of S Harvey Ave","Count_":0,"Shape__Length":646.5673350731233,"GlobalID":"3df346ae-06fe-4e77-9e3e-992a82f4a5a5","BlockNameShort":"100 S HARVEY AVE"}},{"type":"Feature","id":110,"geometry":{"type":"LineString","coordinates":[[-87.7765171396919,41.887061174646],[-87.7765009747443,41.886556837962],[-87.7764650294139,41.885435397935],[-87.7764622575032,41.8853489065961]]},"properties":{"OBJECTID":110,"STREETNAME":"S HUMPHREY AVE","BLOCK":100,"FIRST_FEATUREID":"0261515","BlockName":"100 Block of S Humphrey Ave","Count_":0,"Shape__Length":624.1398405067926,"GlobalID":"2db213ee-92ee-43cc-b970-6e3b0cfc0c8b","BlockNameShort":"100 S HUMPHREY AVE"}},{"type":"Feature","id":111,"geometry":{"type":"LineString","coordinates":[[-87.7971330454862,41.8868599603791],[-87.797134605452,41.8866225410072],[-87.7971216032541,41.8861615012387],[-87.797105788035,41.8856373306654],[-87.7971022886317,41.8855296135171],[-87.797100210387,41.8854656236508]]},"properties":{"OBJECTID":111,"STREETNAME":"S KENILWORTH AVE","BLOCK":100,"FIRST_FEATUREID":"026199512","BlockName":"100 Block of S Kenilworth Ave","Count_":0,"Shape__Length":508.2091307767913,"GlobalID":"8966e19d-778a-44d0-b6a8-9b065677d509","BlockNameShort":"100 S KENILWORTH AVE"}},{"type":"Feature","id":112,"geometry":{"type":"LineString","coordinates":[[-87.7797563775858,41.8864785070465],[-87.7797557868749,41.8864476998844],[-87.7797363797493,41.8858728619312],[-87.7797322529059,41.8857416936477],[-87.779731073877,41.885704229214],[-87.7797177353518,41.8852938644108]]},"properties":{"OBJECTID":112,"STREETNAME":"S LOMBARD AVE","BLOCK":100,"FIRST_FEATUREID":"0261488","BlockName":"100 Block of S Lombard Ave","Count_":0,"Shape__Length":431.81971774844214,"GlobalID":"c4d385ca-45d4-4a27-9584-fee517ee154a","BlockNameShort":"100 S LOMBARD AVE"}},{"type":"Feature","id":113,"geometry":{"type":"LineString","coordinates":[[-87.8041039626845,41.8862768307323],[-87.8040770572985,41.8856472779378],[-87.804071811432,41.8855189476912],[-87.8040677712369,41.8854201551475]]},"properties":{"OBJECTID":113,"STREETNAME":"S MAPLE AVE","BLOCK":100,"FIRST_FEATUREID":"026199119","BlockName":"100 Block of S Maple Ave","Count_":0,"Shape__Length":312.33255988991016,"GlobalID":"4adc81aa-8d95-4f3d-b1fb-dc4cc821cceb","BlockNameShort":"100 S MAPLE AVE"}},{"type":"Feature","id":114,"geometry":{"type":"LineString","coordinates":[[-87.8025312646153,41.8867407324803],[-87.8025474949342,41.8866722481995],[-87.8025424573661,41.8864130027317],[-87.8025375581359,41.8861609201185],[-87.8025345666097,41.8860068990497],[-87.8025254510013,41.8858053989004],[-87.8025211671825,41.8857107062456]]},"properties":{"OBJECTID":114,"STREETNAME":"S MARION ST","BLOCK":100,"FIRST_FEATUREID":"0261466","BlockName":"100 Block of S Marion St","Count_":0,"Shape__Length":375.82245074907155,"GlobalID":"eae61d05-b944-4265-99b2-c16d1ad11436","BlockNameShort":"100 S MARION ST"}},{"type":"Feature","id":115,"geometry":{"type":"LineString","coordinates":[[-87.794468573407,41.8868947449683],[-87.7944610891918,41.8866215522101],[-87.7944519538272,41.8862962335553],[-87.794440991594,41.8859058673515],[-87.7944278395376,41.8854213906173],[-87.794420065074,41.8851910842561],[-87.7944150398733,41.8850422403042]]},"properties":{"OBJECTID":115,"STREETNAME":"S OAK PARK AVE","BLOCK":100,"FIRST_FEATUREID":"0261899","BlockName":"100 Block of S Oak Park Ave","Count_":0,"Shape__Length":675.2213660675733,"GlobalID":"9741c0a1-4067-4191-bb2e-a3aebdac82d8","BlockNameShort":"100 S OAK PARK AVE"}},{"type":"Feature","id":116,"geometry":{"type":"LineString","coordinates":[[-87.7846607837022,41.8869576683528],[-87.7846530136927,41.886681642065],[-87.7846466996109,41.8864687952498],[-87.7846268482689,41.8857995154171],[-87.7846135502325,41.8853007773125],[-87.784611143396,41.8852104668453]]},"properties":{"OBJECTID":116,"STREETNAME":"S RIDGELAND AVE","BLOCK":100,"FIRST_FEATUREID":"026199537","BlockName":"100 Block of S Ridgeland Ave","Count_":0,"Shape__Length":636.8341588207543,"GlobalID":"9d287952-ab4f-41e6-9ee8-f77b14c47bea","BlockNameShort":"100 S RIDGELAND AVE"}},{"type":"Feature","id":117,"geometry":{"type":"LineString","coordinates":[[-87.787920391046,41.8869622736231],[-87.7879140792287,41.8867358426284],[-87.7879052704138,41.8864091835385],[-87.7878861616965,41.8857004430302],[-87.7878767453171,41.8853006155447],[-87.7878749609145,41.8852459409608],[-87.7878719155541,41.8851526770997]]},"properties":{"OBJECTID":117,"STREETNAME":"S SCOVILLE AVE","BLOCK":100,"FIRST_FEATUREID":"026939","BlockName":"100 Block of S Scoville Ave","Count_":0,"Shape__Length":659.5603393682567,"GlobalID":"7a4308d3-96cd-4899-9453-acae53a700b1","BlockNameShort":"100 S SCOVILLE AVE"}},{"type":"Feature","id":118,"geometry":{"type":"LineString","coordinates":[[-87.7781426270737,41.8870849068225],[-87.7781164325152,41.8865359801272],[-87.7781049842664,41.886296024951],[-87.7780928941684,41.8854052252886],[-87.7780917563597,41.8853213654849]]},"properties":{"OBJECTID":118,"STREETNAME":"S TAYLOR AVE","BLOCK":100,"FIRST_FEATUREID":"0261379","BlockName":"100 Block of S Taylor Ave","Count_":0,"Shape__Length":642.8460429856557,"GlobalID":"16209fa4-931f-48f8-9866-2ab386ecc829","BlockNameShort":"100 S TAYLOR AVE"}},{"type":"Feature","id":119,"geometry":{"type":"LineString","coordinates":[[-87.7781426270737,41.8870849068225],[-87.7782478636811,41.8870831592844],[-87.7788808021519,41.8870774601812],[-87.7792802703742,41.8870725338474],[-87.7794893415156,41.8870699553796],[-87.7797733418342,41.8870738240515]]},"properties":{"OBJECTID":119,"STREETNAME":"SOUTH BLVD","BLOCK":100,"FIRST_FEATUREID":"0261277","BlockName":"100 Block of South Blvd","Count_":0,"Shape__Length":444.09834723712186,"GlobalID":"b101d68f-a2ab-45bf-81b5-80af58b01130","BlockNameShort":"100 SOUTH BLVD"}},{"type":"Feature","id":120,"geometry":{"type":"LineString","coordinates":[[-87.7783354878837,41.8931916933085],[-87.7787302646917,41.893186201559],[-87.7791481762136,41.8931797369889],[-87.7793563112264,41.8931765177308],[-87.7799607699261,41.8931672612667]]},"properties":{"OBJECTID":120,"STREETNAME":"SUPERIOR ST","BLOCK":100,"FIRST_FEATUREID":"0261193","BlockName":"100 Block of Superior St","Count_":0,"Shape__Length":442.6115988380085,"GlobalID":"f01307ad-fea2-4f95-ae6d-b30aed8b20f9","BlockNameShort":"100 SUPERIOR ST"}},{"type":"Feature","id":121,"geometry":{"type":"LineString","coordinates":[[-87.7777477554952,41.9001475680186],[-87.7780780210076,41.900142508314],[-87.778358048564,41.9001385157721],[-87.7787392135464,41.9001330798104],[-87.7789669306808,41.9001299720662],[-87.7792144408106,41.9001265920426],[-87.7795756532649,41.9001214630767],[-87.7797034839253,41.9001196485204],[-87.7798733807542,41.9001185461672],[-87.78017621377,41.9001109497018]]},"properties":{"OBJECTID":121,"STREETNAME":"THOMAS ST","BLOCK":100,"FIRST_FEATUREID":"026627","BlockName":"100 Block of Thomas St","Count_":0,"Shape__Length":661.2796656598671,"GlobalID":"f9225841-5949-4743-889e-d639db73709e","BlockNameShort":"100 THOMAS ST"}},{"type":"Feature","id":122,"geometry":{"type":"LineString","coordinates":[[-87.7769204843406,41.8745707863454],[-87.7772846820786,41.8745660047792],[-87.7775191868336,41.8745622249768],[-87.7778972939358,41.8745561267558],[-87.7781305974791,41.8745524983558],[-87.7785516191975,41.8745459517885],[-87.778738327771,41.8745423500533],[-87.7791203631882,41.8745349765818],[-87.7793688001533,41.8745323775622]]},"properties":{"OBJECTID":122,"STREETNAME":"VAN BUREN ST","BLOCK":100,"FIRST_FEATUREID":"0262508","BlockName":"100 Block of Van Buren St","Count_":0,"Shape__Length":666.9571725488988,"GlobalID":"b2b2717d-83c8-491a-b918-b6edeb5fb771","BlockNameShort":"100 VAN BUREN ST"}},{"type":"Feature","id":123,"geometry":{"type":"LineString","coordinates":[[-87.7779881659152,41.8820579979868],[-87.7782748234525,41.8820544823712],[-87.778805542284,41.8820447520695],[-87.7791554050354,41.8820391958412],[-87.779294753788,41.8820363829706],[-87.7794165267901,41.8820232761684],[-87.7794783686603,41.882006121285],[-87.7795218706214,41.8819863803752],[-87.7795771361028,41.8819567347764],[-87.7796174461069,41.8819274122933]]},"properties":{"OBJECTID":123,"STREETNAME":"WASHINGTON BLVD","BLOCK":100,"FIRST_FEATUREID":"0261758","BlockName":"100 Block of Washington Blvd","Count_":0,"Shape__Length":455.0727765779773,"GlobalID":"2320456e-e8a0-44ae-8262-fd7634d9c072","BlockNameShort":"100 WASHINGTON BLVD"}},{"type":"Feature","id":124,"geometry":{"type":"LineString","coordinates":[[-87.7911924769338,41.8869169879098],[-87.7911774977596,41.8863556571503],[-87.7911745440485,41.8862449956011],[-87.791154512781,41.8855128450088],[-87.7911454418435,41.885187459727],[-87.7911429595334,41.8850984329166]]},"properties":{"OBJECTID":124,"STREETNAME":"WESLEY AVE","BLOCK":100,"FIRST_FEATUREID":"026199528","BlockName":"100 Block of Wesley Ave","Count_":0,"Shape__Length":662.8287780920443,"GlobalID":"7e4d07c1-d016-415a-a3c7-f59d1d75a19b","BlockNameShort":"100 WESLEY AVE"}},{"type":"Feature","id":125,"geometry":{"type":"LineString","coordinates":[[-87.7794956848148,41.8781581984008],[-87.7798084465837,41.8781530266413],[-87.7801288696246,41.8781476550449],[-87.7802305661517,41.8781459489397],[-87.7807351534429,41.8781367671782],[-87.7809007353445,41.8781337526474],[-87.7813436864833,41.8781261345157],[-87.7815915384016,41.8781218703607],[-87.7819461143109,41.8781174068555]]},"properties":{"OBJECTID":125,"STREETNAME":"ADAMS ST","BLOCK":200,"FIRST_FEATUREID":"0261057","BlockName":"200 Block of Adams St","Count_":0,"Shape__Length":667.5118307537979,"GlobalID":"7487322b-3327-4a02-8510-0a2cd4f883a6","BlockNameShort":"200 ADAMS ST"}},{"type":"Feature","id":126,"geometry":{"type":"LineString","coordinates":[[-87.7801232488938,41.8982890411993],[-87.7806437085598,41.8982813356535],[-87.7809221542109,41.8982778757405],[-87.7813344799028,41.8982727485065],[-87.7817494769923,41.8982673688236],[-87.7820108903154,41.8982639775156],[-87.7824281349806,41.8982582964533],[-87.7831755180192,41.898248542765],[-87.7832257109266,41.8982477631364],[-87.7833796956983,41.8982453711049]]},"properties":{"OBJECTID":126,"STREETNAME":"AUGUSTA ST","BLOCK":200,"FIRST_FEATUREID":"026438","BlockName":"200 Block of Augusta St","Count_":0,"Shape__Length":886.7183990702264,"GlobalID":"c98a00a2-8637-481c-832f-ecf1764eb478","BlockNameShort":"200 AUGUSTA ST"}},{"type":"Feature","id":127,"geometry":{"type":"LineString","coordinates":[[-87.7803131110543,41.9038525504993],[-87.7806067179565,41.9038485665719],[-87.7809204286233,41.9038441816196],[-87.7811529905287,41.9038409308027],[-87.7815319052624,41.9038352442923],[-87.7818427341716,41.9038305791727],[-87.7821424686987,41.9038256879945],[-87.782403971285,41.9038214184188],[-87.7827502004897,41.9038164651051],[-87.7828790438515,41.9038146185664]]},"properties":{"OBJECTID":127,"STREETNAME":"BERKSHIRE ST","BLOCK":200,"FIRST_FEATUREID":"0261267","BlockName":"200 Block of Berkshire St","Count_":0,"Shape__Length":698.6575556739149,"GlobalID":"d9a67a6d-08eb-408a-b59b-22a4ea6a4047","BlockNameShort":"200 BERKSHIRE ST"}},{"type":"Feature","id":128,"geometry":{"type":"LineString","coordinates":[[-87.7800046821256,41.8946452245417],[-87.7803388459409,41.8946400672377],[-87.7808137871287,41.8946321083639],[-87.7810717750173,41.894627787046],[-87.7816310581562,41.894620267287],[-87.7818626490708,41.8946171534772],[-87.7824385255954,41.8946087533071],[-87.782826656914,41.8946030904579],[-87.7831085384097,41.8945988430901],[-87.7832554381704,41.8945966297465]]},"properties":{"OBJECTID":128,"STREETNAME":"CHICAGO AVE","BLOCK":200,"FIRST_FEATUREID":"02634","BlockName":"200 Block of Chicago Ave","Count_":0,"Shape__Length":885.254136469418,"GlobalID":"34e540bc-feab-430c-9e31-3ac4a45a6814","BlockNameShort":"200 CHICAGO AVE"}},{"type":"Feature","id":129,"geometry":{"type":"LineString","coordinates":[[-87.7985905213321,41.8854418567363],[-87.7985824303274,41.8852102949889],[-87.7985639911942,41.8846029062008],[-87.7985321929976,41.8836908438512],[-87.7985236611482,41.8834515100154],[-87.7985203482434,41.8833585719684]]},"properties":{"OBJECTID":129,"STREETNAME":"CLINTON AVE","BLOCK":200,"FIRST_FEATUREID":"026120","BlockName":"200 Block of Clinton Ave","Count_":0,"Shape__Length":759.4012945182086,"GlobalID":"31e1548d-31ed-4901-b878-51b6cbddc1df","BlockNameShort":"200 CLINTON AVE"}},{"type":"Feature","id":130,"geometry":{"type":"LineString","coordinates":[[-87.7802399075889,41.9019383833524],[-87.7804224645052,41.9019359033267],[-87.7808576604992,41.9019300290283],[-87.7810398062402,41.9019275685513],[-87.7814636134098,41.9019218235509],[-87.7816450613141,41.9019193632617],[-87.7820707920395,41.9019133128434],[-87.7823492179359,41.9019093524081],[-87.782678771851,41.901904813571],[-87.7829108669921,41.901901618169],[-87.7832810017934,41.9018962997434],[-87.7834009521494,41.9018945747779],[-87.7835553985337,41.9018923566983],[-87.7838893348831,41.9018888698587]]},"properties":{"OBJECTID":130,"STREETNAME":"DIVISION ST","BLOCK":200,"FIRST_FEATUREID":"0262698","BlockName":"200 Block of Division St","Count_":0,"Shape__Length":993.6729598471674,"GlobalID":"a9057bf9-25af-49da-9f3b-2660a390f6da","BlockNameShort":"200 DIVISION ST"}},{"type":"Feature","id":131,"geometry":{"type":"LineString","coordinates":[[-87.7799191441043,41.8917918890345],[-87.7802984570125,41.8917858563833],[-87.7807311569818,41.891779457257],[-87.781158067434,41.891773143906],[-87.7815458676211,41.8917677106569],[-87.7819294787744,41.8917623334133],[-87.7823563003509,41.891756941632],[-87.7824270460041,41.8917560493736],[-87.7831702237536,41.8917448943209]]},"properties":{"OBJECTID":131,"STREETNAME":"ERIE ST","BLOCK":200,"FIRST_FEATUREID":"026165","BlockName":"200 Block of Erie St","Count_":0,"Shape__Length":885.3697847988093,"GlobalID":"05447993-5fd9-4aab-9736-1e1980ffab45","BlockNameShort":"200 ERIE ST"}},{"type":"Feature","id":132,"geometry":{"type":"LineString","coordinates":[[-87.7791146315199,41.8672268599981],[-87.7793734033765,41.8672230557223],[-87.7797478918256,41.867217682981],[-87.7799131605857,41.8672153120723],[-87.7803405214609,41.8672094700877],[-87.7807057546465,41.8672044746211],[-87.7809572102851,41.8672005109252],[-87.7811646265586,41.8671972416006],[-87.7815697385726,41.8671922505393]]},"properties":{"OBJECTID":132,"STREETNAME":"FILLMORE ST","BLOCK":200,"FIRST_FEATUREID":"0261970","BlockName":"200 Block of Fillmore St","Count_":0,"Shape__Length":668.8518330689752,"GlobalID":"79c947b6-c8e3-492c-9f86-fa452a27ea4b","BlockNameShort":"200 FILLMORE ST"}},{"type":"Feature","id":133,"geometry":{"type":"LineString","coordinates":[[-87.7792739545497,41.8717944533131],[-87.7795421377864,41.8717918231182],[-87.779904380142,41.8717876027149],[-87.7802186661779,41.8717839416164],[-87.7807041492891,41.8717814484066],[-87.7810952424932,41.8717995214549],[-87.7814410576788,41.87183115087],[-87.7815915988682,41.8718476806515],[-87.7816102895558,41.8718510287914],[-87.7816328410602,41.871855068933],[-87.7816644155566,41.8718638098962],[-87.7816883343311,41.8718747100185],[-87.781704518246,41.8718884270765],[-87.7817197297638,41.871904279581],[-87.7817275794099,41.8719179557047],[-87.781728146084,41.8719302256229]]},"properties":{"OBJECTID":133,"STREETNAME":"FLOURNOY ST","BLOCK":200,"FIRST_FEATUREID":"026662","BlockName":"200 Block of Flournoy St","Count_":0,"Shape__Length":684.644217171602,"GlobalID":"cb9ff4e3-12a1-4281-bc00-6feefc410523","BlockNameShort":"200 FLOURNOY ST"}},{"type":"Feature","id":134,"geometry":{"type":"LineString","coordinates":[[-87.8002286383446,41.890136933287],[-87.8002399699909,41.8904265863402],[-87.8002467682061,41.8906302140571],[-87.8002539369657,41.8908449302985],[-87.8002657345314,41.8913607387783],[-87.8002706016239,41.8916014317769],[-87.8002783353318,41.8919227096671]]},"properties":{"OBJECTID":134,"STREETNAME":"FOREST AVE","BLOCK":200,"FIRST_FEATUREID":"026647","BlockName":"200 Block of Forest Ave","Count_":0,"Shape__Length":650.8958036021533,"GlobalID":"5c7c91a4-459a-4a2b-92d9-3ed9a450f0c1","BlockNameShort":"200 FOREST AVE"}},{"type":"Feature","id":135,"geometry":{"type":"LineString","coordinates":[[-87.779237110017,41.8707855419029],[-87.7794995227715,41.870807883836],[-87.7798303616164,41.8708298409979],[-87.7803062153008,41.8708277703306],[-87.7804654328075,41.8708255729784],[-87.7807336368535,41.8708218695857],[-87.7810825465323,41.8708174687624],[-87.7812880305043,41.870814876002],[-87.7815531348416,41.8708170827657],[-87.7816923848519,41.870827109896]]},"properties":{"OBJECTID":135,"STREETNAME":"GARFIELD ST","BLOCK":200,"FIRST_FEATUREID":"026855","BlockName":"200 Block of Garfield St","Count_":0,"Shape__Length":669.7806826991008,"GlobalID":"cb96dc3f-b692-4bde-9296-ae5f5026b889","BlockNameShort":"200 GARFIELD ST"}},{"type":"Feature","id":136,"geometry":{"type":"LineString","coordinates":[[-87.7803788772265,41.9058253697803],[-87.7804695218351,41.9058232924845],[-87.7807031230022,41.9058234922905],[-87.7808920535645,41.9058236522902],[-87.7809926128146,41.9058220913562],[-87.7812807334159,41.9058176183542],[-87.781365307717,41.9058166005786],[-87.7815982357245,41.9058137926958],[-87.7818978106373,41.905810182585],[-87.7820150474393,41.9058086783338],[-87.7821873564286,41.905806467736]]},"properties":{"OBJECTID":136,"STREETNAME":"GREENFIELD ST","BLOCK":200,"FIRST_FEATUREID":"02611","BlockName":"200 Block of Greenfield St","Count_":0,"Shape__Length":492.37251642502343,"GlobalID":"482cb778-6c7f-41eb-b7ea-728486b15479","BlockNameShort":"200 GREENFIELD ST"}},{"type":"Feature","id":137,"geometry":{"type":"LineString","coordinates":[[-87.8042718288776,41.8905584464379],[-87.8042843030733,41.8909561589129],[-87.8042925090118,41.8912043868138],[-87.8043053472896,41.8915927571705],[-87.8043067605957,41.8918357668809]]},"properties":{"OBJECTID":137,"STREETNAME":"HARLEM CT","BLOCK":200,"FIRST_FEATUREID":"026292","BlockName":"200 Block of Harlem Ct","Count_":0,"Shape__Length":465.5739401192646,"GlobalID":"d9ac53c7-8c6d-4995-ba16-709cbe46f1b5","BlockNameShort":"200 HARLEM CT"}},{"type":"Feature","id":138,"geometry":{"type":"LineString","coordinates":[[-87.77930655877,41.8727115602593],[-87.7796216635129,41.8727024756728],[-87.7799323700475,41.8726980076031],[-87.7802620829023,41.8726932673861],[-87.7805424929867,41.872688552722],[-87.7808876062765,41.8726827495012],[-87.7811487322583,41.8726789363728],[-87.7814572284561,41.87267442834],[-87.7816313796285,41.8726720535437],[-87.7817565719044,41.8726703454999]]},"properties":{"OBJECTID":138,"STREETNAME":"HARRISON ST","BLOCK":200,"FIRST_FEATUREID":"026913","BlockName":"200 Block of Harrison St","Count_":0,"Shape__Length":667.470133881731,"GlobalID":"bf4dbd9e-37a9-47f9-9a3a-f22f908c6665","BlockNameShort":"200 HARRISON ST"}},{"type":"Feature","id":139,"geometry":{"type":"LineString","coordinates":[[-87.7791784601606,41.8690537785146],[-87.7795929868084,41.8690483599855],[-87.7798127880314,41.8690446972503],[-87.7801472376464,41.8690391212377],[-87.7804038402159,41.8690355878097],[-87.7808117782831,41.8690299710978],[-87.7810226563704,41.869026976191],[-87.7812246847437,41.8690241085188],[-87.7816321616074,41.8690177591965]]},"properties":{"OBJECTID":139,"STREETNAME":"HARVARD ST","BLOCK":200,"FIRST_FEATUREID":"0261213","BlockName":"200 Block of Harvard St","Count_":0,"Shape__Length":668.4602472751801,"GlobalID":"a3581318-2f5e-42c6-a29e-121ef1ef02fb","BlockNameShort":"200 HARVARD ST"}},{"type":"Feature","id":140,"geometry":{"type":"LineString","coordinates":[[-87.8000772790257,41.8854269610719],[-87.800067195912,41.885172934719],[-87.8000435171187,41.8845050106631],[-87.800015193627,41.8837245787844],[-87.8000023680545,41.8833243166765]]},"properties":{"OBJECTID":140,"STREETNAME":"HOME AVE","BLOCK":200,"FIRST_FEATUREID":"02657","BlockName":"200 Block of Home Ave","Count_":0,"Shape__Length":766.4869823507172,"GlobalID":"835566cb-dedf-42c6-aafd-3bf48493eca1","BlockNameShort":"200 HOME AVE"}},{"type":"Feature","id":141,"geometry":{"type":"LineString","coordinates":[[-87.7800654833069,41.8964666885127],[-87.7803930300913,41.8964615180904],[-87.7808800584097,41.8964549433631],[-87.7814135917771,41.8964477392696],[-87.7816898546949,41.8964436718684],[-87.7820192783813,41.8964388218427],[-87.7824996227046,41.8964321532353],[-87.7829677329946,41.8964256427684],[-87.7833155249998,41.8964201198687]]},"properties":{"OBJECTID":141,"STREETNAME":"IOWA ST","BLOCK":200,"FIRST_FEATUREID":"0261938","BlockName":"200 Block of Iowa St","Count_":0,"Shape__Length":885.0195903328269,"GlobalID":"17e37e54-3644-474c-84a0-9b709848a90f","BlockNameShort":"200 IOWA ST"}},{"type":"Feature","id":142,"geometry":{"type":"MultiLineString","coordinates":[[[-87.7794327370046,41.8763290687191],[-87.7800626042768,41.8763193470227],[-87.7802326788511,41.8763167224328],[-87.7805270603293,41.8763201980188],[-87.7806722853722,41.8763425214381]],[[-87.7806722853722,41.8763425214381],[-87.7812073471986,41.876333405],[-87.7812822597797,41.8763322255396],[-87.7817765663064,41.8763244492197],[-87.7818818180887,41.8763226551833]],[[-87.7794351809234,41.8763956618426],[-87.7797353055638,41.8763910280487],[-87.780065859275,41.876385140034],[-87.7802858420214,41.876381221605],[-87.7805016607743,41.8763702411198],[-87.7806722853722,41.8763425214381]]]},"properties":{"OBJECTID":142,"STREETNAME":"JACKSON BLVD","BLOCK":200,"FIRST_FEATUREID":"026561","BlockName":"200 Block of Jackson Blvd","Count_":0,"Shape__Length":1006.160782682463,"GlobalID":"8fc21b41-717b-4c93-b2b4-a3caaaf80886","BlockNameShort":"200 JACKSON BLVD"}},{"type":"Feature","id":143,"geometry":{"type":"LineString","coordinates":[[-87.7798093205435,41.8881779322706],[-87.7810439031518,41.8882146662471],[-87.7814397415157,41.8882264433103],[-87.781750728075,41.8882356929826],[-87.7821182182346,41.8882469795104],[-87.7823599192527,41.8882543967781],[-87.7828250740537,41.8882687020488],[-87.7830599209721,41.8882759256256]]},"properties":{"OBJECTID":143,"STREETNAME":"LAKE ST","BLOCK":200,"FIRST_FEATUREID":"026341","BlockName":"200 Block of Lake St","Count_":0,"Shape__Length":885.8420708836394,"GlobalID":"12229f95-8b5e-4835-9837-db8f6b895097","BlockNameShort":"200 LAKE ST"}},{"type":"Feature","id":144,"geometry":{"type":"MultiLineString","coordinates":[[[-87.7807637812431,41.9073584394944],[-87.7810374736075,41.9073557469786],[-87.781761044475,41.9073464094035],[-87.7820646845995,41.9073467312674],[-87.7825317718872,41.9073472278141],[-87.7826750310219,41.9073458369058],[-87.7831262928132,41.9073414608372],[-87.783310185348,41.9073384946564]],[[-87.7807680224814,41.9074787893295],[-87.7820686183129,41.9074626229024]]]},"properties":{"OBJECTID":144,"STREETNAME":"LE MOYNE PKWY","BLOCK":200,"FIRST_FEATUREID":"0262766","BlockName":"200 Block of Le Moyne Pkwy","Count_":0,"Shape__Length":1047.3156031304925,"GlobalID":"3f6e5831-1af7-4bf9-941b-ddebdeb5e4b7","BlockNameShort":"200 LE MOYNE PKWY"}},{"type":"Feature","id":145,"geometry":{"type":"LineString","coordinates":[[-87.7912087251296,41.8902541201468],[-87.791219963098,41.8907028027912],[-87.7912344018095,41.8912581973202],[-87.7912416354953,41.8915238052923],[-87.7912439984626,41.8916105922886]]},"properties":{"OBJECTID":145,"STREETNAME":"LINDEN AVE","BLOCK":200,"FIRST_FEATUREID":"026198309","BlockName":"200 Block of Linden Ave","Count_":0,"Shape__Length":494.39982268237884,"GlobalID":"2d95f259-f311-4d2f-a17e-53ef83570632","BlockNameShort":"200 LINDEN AVE"}},{"type":"Feature","id":146,"geometry":{"type":"LineString","coordinates":[[-87.7795575243022,41.8800243703591],[-87.7801041462026,41.8799999225761],[-87.7805813316521,41.8799918465764],[-87.7807995563049,41.8799884238112],[-87.7811899911768,41.8799827036293],[-87.7820090522983,41.8799722763533]]},"properties":{"OBJECTID":146,"STREETNAME":"MADISON ST","BLOCK":200,"FIRST_FEATUREID":"0262554","BlockName":"200 Block of Madison St","Count_":0,"Shape__Length":667.989837609146,"GlobalID":"1ae95666-87cc-405d-9c11-fce75be71c87","BlockNameShort":"200 MADISON ST"}},{"type":"Feature","id":147,"geometry":{"type":"LineString","coordinates":[[-87.8019594935392,41.8906076438072],[-87.8019801683752,41.8911662135529],[-87.8019833343253,41.8912437917663],[-87.8019945804454,41.8915192944299],[-87.8020094151443,41.8918827536797]]},"properties":{"OBJECTID":147,"STREETNAME":"MARION CT","BLOCK":200,"FIRST_FEATUREID":"026198692","BlockName":"200 Block of Marion Ct","Count_":0,"Shape__Length":464.8563452421414,"GlobalID":"c9bca29a-58a0-4085-9920-f09ac5ace2f9","BlockNameShort":"200 MARION CT"}},{"type":"Feature","id":148,"geometry":{"type":"LineString","coordinates":[[-87.7747912116578,41.8841357341204],[-87.7748323646833,41.8851198061469],[-87.7748468693357,41.8855829039185]]},"properties":{"OBJECTID":148,"STREETNAME":"N AUSTIN BLVD","BLOCK":200,"FIRST_FEATUREID":"0261944","BlockName":"200 Block of N Austin Blvd","Count_":0,"Shape__Length":527.5787129977698,"GlobalID":"3ca721c0-1c01-47dd-9caa-5b8dd73cc4c4","BlockNameShort":"200 N AUSTIN BLVD"}},{"type":"Feature","id":149,"geometry":{"type":"LineString","coordinates":[[-87.7831319275054,41.8903865255346],[-87.783137270988,41.8905807728738],[-87.783161188284,41.8914315492454],[-87.7831677171601,41.8916580038464],[-87.7831702237536,41.8917448943209]]},"properties":{"OBJECTID":149,"STREETNAME":"N CUYLER AVE","BLOCK":200,"FIRST_FEATUREID":"026198319","BlockName":"200 Block of N Cuyler Ave","Count_":0,"Shape__Length":495.1078000682424,"GlobalID":"dd9f5c76-1c5e-4b18-acbe-08a3e0a1892c","BlockNameShort":"200 N CUYLER AVE"}},{"type":"Feature","id":150,"geometry":{"type":"LineString","coordinates":[[-87.7863860917703,41.8903361537989],[-87.7863957192715,41.8907325076343],[-87.7864165493298,41.8914551671333],[-87.7864208381335,41.8916050008187],[-87.7864233511255,41.891692787999]]},"properties":{"OBJECTID":150,"STREETNAME":"N ELMWOOD AVE","BLOCK":200,"FIRST_FEATUREID":"0262715","BlockName":"200 Block of N Elmwood Ave","Count_":0,"Shape__Length":494.47037096611876,"GlobalID":"bd22709f-7494-44d7-b6d5-f36ba5232d13","BlockNameShort":"200 N ELMWOOD AVE"}},{"type":"Feature","id":151,"geometry":{"type":"LineString","coordinates":[[-87.7927401864052,41.8902287625588],[-87.7927465517563,41.8904817598146],[-87.7927674073905,41.8911792871546],[-87.7927697577855,41.8912578053281],[-87.7927759206145,41.8914966851247],[-87.79277824744,41.891586861709]]},"properties":{"OBJECTID":151,"STREETNAME":"N EUCLID AVE","BLOCK":200,"FIRST_FEATUREID":"026198304","BlockName":"200 Block of N Euclid Ave","Count_":0,"Shape__Length":495.0083993195145,"GlobalID":"b7a1cac9-a08f-42a2-9cf9-15dc0741ea26","BlockNameShort":"200 N EUCLID AVE"}},{"type":"Feature","id":152,"geometry":{"type":"LineString","coordinates":[[-87.7960637207967,41.8901922435271],[-87.7960616368667,41.8902932557593],[-87.796071015286,41.8906378947471],[-87.7960857832473,41.8911722411676],[-87.7960878123695,41.8912448632366],[-87.7960895551718,41.8913072209677]]},"properties":{"OBJECTID":152,"STREETNAME":"N GROVE AVE","BLOCK":200,"FIRST_FEATUREID":"026198298","BlockName":"200 Block of N Grove Ave","Count_":0,"Shape__Length":406.3867139702818,"GlobalID":"b77df657-657c-4302-a2d1-e755a4bd549e","BlockNameShort":"200 N GROVE AVE"}},{"type":"Feature","id":153,"geometry":{"type":"LineString","coordinates":[[-87.8048626009978,41.8832251703995],[-87.8048033493254,41.8833066146809],[-87.8048485321244,41.8842497925887],[-87.8049011982156,41.884293606147],[-87.8048532141378,41.8844160210791],[-87.8048925154439,41.8853388194709],[-87.8049415066686,41.8854093643828]]},"properties":{"OBJECTID":153,"STREETNAME":"N HARLEM AVE","BLOCK":200,"FIRST_FEATUREID":"02640","BlockName":"200 Block of N Harlem Ave","Count_":0,"Shape__Length":811.0493698805345,"GlobalID":"768a96c3-9d4b-4e80-9aeb-8c0516a7758b","BlockNameShort":"200 N HARLEM AVE"}},{"type":"Feature","id":154,"geometry":{"type":"LineString","coordinates":[[-87.7815054042267,41.8904090752643],[-87.7815109576013,41.8905899833169],[-87.781538656884,41.8915364430734],[-87.7815432744179,41.8916845588524],[-87.7815458676211,41.8917677106569]]},"properties":{"OBJECTID":154,"STREETNAME":"N HARVEY AVE","BLOCK":200,"FIRST_FEATUREID":"026198320","BlockName":"200 Block of N Harvey Ave","Count_":0,"Shape__Length":495.21784896253797,"GlobalID":"ba18ac29-e633-4dae-807e-05f8863872d1","BlockNameShort":"200 N HARVEY AVE"}},{"type":"Feature","id":155,"geometry":{"type":"MultiLineString","coordinates":[[[-87.7764335811394,41.8918204582898],[-87.7765602347476,41.8919475659026]],[[-87.7765602347476,41.8919475659026],[-87.7766093123335,41.8919968193295],[-87.7766349533865,41.8920257851722],[-87.7766706267909,41.8920922592474],[-87.7767084153416,41.8921943637722],[-87.7767110052427,41.8922259621042],[-87.7767111381232,41.8922656173867],[-87.7767068507511,41.8923745703306],[-87.7766792379715,41.8925175763635],[-87.7765834987781,41.8924486709894],[-87.7765565498387,41.8924305659169],[-87.7765318196752,41.8924024273872],[-87.7765225337612,41.8923679145924],[-87.7765086970445,41.8923032480042],[-87.776501526667,41.8922450619836],[-87.7765030825499,41.8921759422123],[-87.7765121674822,41.8921235710854],[-87.7765385730929,41.8920349506592],[-87.7765602347476,41.8919475659026]]]},"properties":{"OBJECTID":155,"STREETNAME":"N HUMPHREY AVE","BLOCK":200,"FIRST_FEATUREID":"0261612","BlockName":"200 Block of N Humphrey Ave","Count_":0,"Shape__Length":502.0588678187021,"GlobalID":"3b7b0b96-d9da-4131-bc9d-49710b1db44d","BlockNameShort":"200 N HUMPHREY AVE"}},{"type":"Feature","id":156,"geometry":{"type":"LineString","coordinates":[[-87.797552518699,41.8901790297598],[-87.7975589563984,41.8904028587285],[-87.7975713558516,41.8908528355001],[-87.7975834343949,41.8912766314959]]},"properties":{"OBJECTID":156,"STREETNAME":"N KENILWORTH AVE","BLOCK":200,"FIRST_FEATUREID":"0262712","BlockName":"200 Block of N Kenilworth Ave","Count_":0,"Shape__Length":400.0608864853326,"GlobalID":"b45c2629-570c-41a5-ac75-c3d3465da327","BlockNameShort":"200 N KENILWORTH AVE"}},{"type":"Feature","id":157,"geometry":{"type":"LineString","coordinates":[[-87.7798775671109,41.8904326661276],[-87.7798813684626,41.8905870813561],[-87.7799061090474,41.8913970822477],[-87.7799161407907,41.8917009337599],[-87.7799191441043,41.8917918890345]]},"properties":{"OBJECTID":157,"STREETNAME":"N LOMBARD AVE","BLOCK":200,"FIRST_FEATUREID":"0261831","BlockName":"200 Block of N Lombard Ave","Count_":0,"Shape__Length":495.4395121902284,"GlobalID":"0e9ecd10-6479-49d9-a693-0193ef9d902a","BlockNameShort":"200 N LOMBARD AVE"}},{"type":"Feature","id":158,"geometry":{"type":"LineString","coordinates":[[-87.8027089799711,41.890587858026],[-87.802724242373,41.8910403171353],[-87.8027318250522,41.8912320872113],[-87.8027478417321,41.8916369711816],[-87.8027520227889,41.8917809956928],[-87.8027545570644,41.8918683315661]]},"properties":{"OBJECTID":158,"STREETNAME":"N MARION ST","BLOCK":200,"FIRST_FEATUREID":"026198693","BlockName":"200 Block of N Marion St","Count_":0,"Shape__Length":466.77874621162874,"GlobalID":"a47ee84b-ff46-417f-8f1d-d476f3d445ce","BlockNameShort":"200 N MARION ST"}},{"type":"Feature","id":159,"geometry":{"type":"LineString","coordinates":[[-87.7945599738894,41.8902042964502],[-87.7945668854408,41.8904381738129],[-87.7945813223936,41.8909754278827],[-87.7945926114664,41.8912884901112],[-87.7945936709734,41.8913327594899],[-87.7945990682292,41.8915571545037]]},"properties":{"OBJECTID":159,"STREETNAME":"N OAK PARK AVE","BLOCK":200,"FIRST_FEATUREID":"0262637","BlockName":"200 Block of N Oak Park Ave","Count_":0,"Shape__Length":493.10670062627554,"GlobalID":"dbb8d7e9-45b9-4507-9b9b-397e253191a4","BlockNameShort":"200 N OAK PARK AVE"}},{"type":"Feature","id":160,"geometry":{"type":"LineString","coordinates":[[-87.7847552811114,41.8903629391438],[-87.7847606135009,41.8905625785082],[-87.7847862158333,41.8914335599843],[-87.7847924702258,41.8916343201383],[-87.7847951595925,41.8917206676471]]},"properties":{"OBJECTID":160,"STREETNAME":"N RIDGELAND AVE","BLOCK":200,"FIRST_FEATUREID":"026198316","BlockName":"200 Block of N Ridgeland Ave","Count_":0,"Shape__Length":494.88393024583615,"GlobalID":"9534dc70-65a9-4214-90ab-89cff5be40b0","BlockNameShort":"200 N RIDGELAND AVE"}},{"type":"Feature","id":161,"geometry":{"type":"LineString","coordinates":[[-87.7880140209039,41.8903067224174],[-87.7880173607571,41.8904266070994],[-87.7880435396118,41.8913732769902],[-87.7880491823871,41.8915784349471],[-87.7880515487392,41.8916644576291]]},"properties":{"OBJECTID":161,"STREETNAME":"N SCOVILLE AVE","BLOCK":200,"FIRST_FEATUREID":"026198310","BlockName":"200 Block of N Scoville Ave","Count_":0,"Shape__Length":494.8723558651121,"GlobalID":"a6ecf892-4eeb-410b-afe1-a70d0d403f1b","BlockNameShort":"200 N SCOVILLE AVE"}},{"type":"Feature","id":162,"geometry":{"type":"LineString","coordinates":[[-87.7782512507918,41.8904556893543],[-87.7782584601353,41.8907119047349],[-87.7782857058463,41.8915440376343],[-87.7782908838128,41.8917274595362],[-87.7782933598511,41.8918151674707]]},"properties":{"OBJECTID":162,"STREETNAME":"N TAYLOR AVE","BLOCK":200,"FIRST_FEATUREID":"0262773","BlockName":"200 Block of N Taylor Ave","Count_":0,"Shape__Length":495.5357815409439,"GlobalID":"6c88a1f3-4faa-4c55-96b3-4aa3884e0ee7","BlockNameShort":"200 N TAYLOR AVE"}},{"type":"Feature","id":163,"geometry":{"type":"LineString","coordinates":[[-87.7814059352743,41.8874585230264],[-87.7815546950148,41.8874579584983],[-87.7820541225668,41.8874620911247],[-87.7820834048676,41.8874607146127],[-87.7827295150806,41.8874303152198],[-87.782873515702,41.8874259285213],[-87.7829308983945,41.8874280699703],[-87.7829877753698,41.8874293302329],[-87.7830245839419,41.8874542840457]]},"properties":{"OBJECTID":163,"STREETNAME":"NORTH BLVD","BLOCK":200,"FIRST_FEATUREID":"0261761","BlockName":"200 Block of North Blvd","Count_":0,"Shape__Length":444.69722134575767,"GlobalID":"8848a6e9-3d28-4b42-8fef-01dacd3ffc40","BlockNameShort":"200 NORTH BLVD"}},{"type":"Feature","id":164,"geometry":{"type":"LineString","coordinates":[[-87.7798775671109,41.8904326661276],[-87.7802276831159,41.8904277723677],[-87.7806901336284,41.8904209674623],[-87.78115802026,41.8904140823933],[-87.7815054042267,41.8904090752643],[-87.7819289394947,41.8904029679015],[-87.7823128900029,41.8903978097786],[-87.7826995591318,41.8903926147889],[-87.7831319275054,41.8903865255346]]},"properties":{"OBJECTID":164,"STREETNAME":"ONTARIO ST","BLOCK":200,"FIRST_FEATUREID":"02664","BlockName":"200 Block of Ontario St","Count_":0,"Shape__Length":886.2751881881729,"GlobalID":"87691015-33f5-4e0c-b38d-05076687d1fe","BlockNameShort":"200 ONTARIO ST"}},{"type":"Feature","id":165,"geometry":{"type":"LineString","coordinates":[[-87.7797177353518,41.8852938644108],[-87.7805349625135,41.8852800320023],[-87.7813354744389,41.8852664780727],[-87.7816888800414,41.8852604927118],[-87.7821630648105,41.8852535158052],[-87.7825734144194,41.8852474768855],[-87.7829775922975,41.8852400816179]]},"properties":{"OBJECTID":165,"STREETNAME":"PLEASANT ST","BLOCK":200,"FIRST_FEATUREID":"0261310","BlockName":"200 Block of Pleasant St","Count_":0,"Shape__Length":887.9007578136774,"GlobalID":"652f93c3-1dfe-4cc9-a9dd-f6f0a35578a5","BlockNameShort":"200 PLEASANT ST"}},{"type":"Feature","id":166,"geometry":{"type":"MultiLineString","coordinates":[[[-87.7796741236698,41.8837916790754],[-87.7802755916371,41.8837790445345],[-87.7806450417253,41.8837729748794],[-87.7812957358367,41.8837613407859]],[[-87.7796795558863,41.8839813741784],[-87.7802661346557,41.8839729904524],[-87.7804878548097,41.8839704080456],[-87.7808763879789,41.8839658835664],[-87.7811693927119,41.8839671009635],[-87.7812956129529,41.8839624686789],[-87.7813545355686,41.8839603065738],[-87.7814420329174,41.8839492018072],[-87.7815295259511,41.8839342542899],[-87.7816045609922,41.8839160911529],[-87.7820954925431,41.8837817028199],[-87.7821202106508,41.8837740001866],[-87.7826650124571,41.8836042477021],[-87.7829288603411,41.8835285116421]]]},"properties":{"OBJECTID":166,"STREETNAME":"RANDOLPH ST","BLOCK":200,"FIRST_FEATUREID":"026435","BlockName":"200 Block of Randolph St","Count_":0,"Shape__Length":1355.4158792487738,"GlobalID":"3506974a-85a5-48ce-8d17-0044fe847247","BlockNameShort":"200 RANDOLPH ST"}},{"type":"Feature","id":167,"geometry":{"type":"LineString","coordinates":[[-87.7745704694764,41.8775451151755],[-87.774567102847,41.877413535171],[-87.7745627147166,41.8772934250742],[-87.7745507227825,41.8769755273729],[-87.774547547727,41.8768511420341],[-87.7745391159634,41.8766049965259],[-87.774536145216,41.8765272751943],[-87.7745321493629,41.8764227168258]]},"properties":{"OBJECTID":167,"STREETNAME":"S AUSTIN BLVD","BLOCK":200,"FIRST_FEATUREID":"026977","BlockName":"200 Block of S Austin Blvd","Count_":0,"Shape__Length":409.144040626063,"GlobalID":"e6554631-89ce-471b-9113-10330e30a97c","BlockNameShort":"200 S AUSTIN BLVD"}},{"type":"Feature","id":168,"geometry":{"type":"LineString","coordinates":[[-87.7829775922975,41.8852400816179],[-87.7829720776137,41.885090578502],[-87.7829595510393,41.8846118386688],[-87.7829362723273,41.8837812067879],[-87.7829317658626,41.8836275389768],[-87.7829288603411,41.8835285116421]]},"properties":{"OBJECTID":168,"STREETNAME":"S CUYLER AVE","BLOCK":200,"FIRST_FEATUREID":"026199539","BlockName":"200 Block of S Cuyler Ave","Count_":0,"Shape__Length":623.8484641118483,"GlobalID":"45652fcc-2ae1-4c71-8f72-08d3fc3a0b86","BlockNameShort":"200 S CUYLER AVE"}},{"type":"Feature","id":169,"geometry":{"type":"LineString","coordinates":[[-87.7895103588934,41.8851258951601],[-87.789501001179,41.8847993694447],[-87.7894829788311,41.8841617954325],[-87.7894669732008,41.883580816556],[-87.7894639414959,41.8834693379328],[-87.7894607647914,41.8833525114832]]},"properties":{"OBJECTID":169,"STREETNAME":"S EAST AVE","BLOCK":200,"FIRST_FEATUREID":"026199530","BlockName":"200 Block of S East Ave","Count_":0,"Shape__Length":646.3719433844024,"GlobalID":"f4741b5b-70de-4023-a49d-ca5055902982","BlockNameShort":"200 S EAST AVE"}},{"type":"Feature","id":170,"geometry":{"type":"LineString","coordinates":[[-87.7862422808423,41.8851811441585],[-87.7862336241431,41.884910964088],[-87.7862107308251,41.8840646381218],[-87.7861980714774,41.8835770340195],[-87.7861965934877,41.8835294051381],[-87.7861928928021,41.883410155988]]},"properties":{"OBJECTID":170,"STREETNAME":"S ELMWOOD AVE","BLOCK":200,"FIRST_FEATUREID":"026199535","BlockName":"200 Block of S Elmwood Ave","Count_":0,"Shape__Length":645.499067772285,"GlobalID":"80942ea2-ec72-4c1e-8eef-22d794ff2716","BlockNameShort":"200 S ELMWOOD AVE"}},{"type":"Feature","id":171,"geometry":{"type":"LineString","coordinates":[[-87.7927720273107,41.8850714116138],[-87.7927601842386,41.8846522705758],[-87.7927279724152,41.8835725302889],[-87.7927234560707,41.883415536915],[-87.7927204578455,41.8833112783768]]},"properties":{"OBJECTID":171,"STREETNAME":"S EUCLID AVE","BLOCK":200,"FIRST_FEATUREID":"026199525","BlockName":"200 Block of S Euclid Ave","Count_":0,"Shape__Length":641.5558631083649,"GlobalID":"4e4835bc-ebc5-4a60-bc65-cbc15f492f53","BlockNameShort":"200 S EUCLID AVE"}},{"type":"Feature","id":172,"geometry":{"type":"LineString","coordinates":[[-87.7957564385684,41.8851616068118],[-87.7957504139424,41.8849664734084],[-87.7957327151402,41.8843705589068],[-87.795714543024,41.8837828469519],[-87.7957054230848,41.8835163270103],[-87.7957022043715,41.8834222693019]]},"properties":{"OBJECTID":172,"STREETNAME":"S GROVE AVE","BLOCK":200,"FIRST_FEATUREID":"026199515","BlockName":"200 Block of S Grove Ave","Count_":0,"Shape__Length":633.9963431109777,"GlobalID":"b1f1728d-a7c2-4598-a1ee-c93e336396b6","BlockNameShort":"200 S GROVE AVE"}},{"type":"Feature","id":173,"geometry":{"type":"LineString","coordinates":[[-87.8045708666188,41.876820080008],[-87.8045549534996,41.87618118361],[-87.8045526823601,41.8760895901195],[-87.8046010821062,41.8759851704271]]},"properties":{"OBJECTID":173,"STREETNAME":"S HARLEM AVE","BLOCK":200,"FIRST_FEATUREID":"026200339","BlockName":"200 Block of S Harlem Ave","Count_":0,"Shape__Length":306.50935795257226,"GlobalID":"ce0271ae-25b7-4a6c-9dc9-54fd0cd84db0","BlockNameShort":"200 S HARLEM AVE"}},{"type":"Feature","id":174,"geometry":{"type":"LineString","coordinates":[[-87.7813354744389,41.8852664780727],[-87.781309043118,41.8841706051573],[-87.7813075000473,41.8841214399245],[-87.7813077461036,41.8840928552238]]},"properties":{"OBJECTID":174,"STREETNAME":"S HARVEY AVE","BLOCK":200,"FIRST_FEATUREID":"026199543","BlockName":"200 Block of S Harvey Ave","Count_":0,"Shape__Length":427.7449980866354,"GlobalID":"95f12094-b7c8-4e07-bff4-a2766411e32f","BlockNameShort":"200 S HARVEY AVE"}},{"type":"Feature","id":175,"geometry":{"type":"LineString","coordinates":[[-87.7764622575032,41.8853489065961],[-87.7764587897166,41.8852407109257],[-87.7764431139595,41.8847242497333],[-87.7764228774068,41.884141137415],[-87.7764170028433,41.8840287380536]]},"properties":{"OBJECTID":175,"STREETNAME":"S HUMPHREY AVE","BLOCK":200,"FIRST_FEATUREID":"0262257","BlockName":"200 Block of S Humphrey Ave","Count_":0,"Shape__Length":481.2397055699176,"GlobalID":"7fccc4b6-bab4-400f-8502-9345cdf5876e","BlockNameShort":"200 S HUMPHREY AVE"}},{"type":"Feature","id":176,"geometry":{"type":"LineString","coordinates":[[-87.797100210387,41.8854656236508],[-87.7970917316683,41.8852045620615],[-87.7970895884915,41.8851385416151],[-87.7970781606627,41.8847866756579],[-87.7970472143639,41.8837709388203],[-87.7970377380838,41.8834883065732],[-87.7970344990791,41.8833916873284]]},"properties":{"OBJECTID":176,"STREETNAME":"S KENILWORTH AVE","BLOCK":200,"FIRST_FEATUREID":"026199514","BlockName":"200 Block of S Kenilworth Ave","Count_":0,"Shape__Length":755.9654738165624,"GlobalID":"8dc80576-6579-4ad5-9078-5315d437ae8a","BlockNameShort":"200 S KENILWORTH AVE"}},{"type":"Feature","id":177,"geometry":{"type":"LineString","coordinates":[[-87.7797177353518,41.8852938644108],[-87.7796936079326,41.884472044985],[-87.7796795558863,41.8839813741784],[-87.7796741236698,41.8837916790754]]},"properties":{"OBJECTID":177,"STREETNAME":"S LOMBARD AVE","BLOCK":200,"FIRST_FEATUREID":"026204","BlockName":"200 Block of S Lombard Ave","Count_":0,"Shape__Length":547.5339807651836,"GlobalID":"f780b43f-affa-468c-8d05-5a5e9b91db74","BlockNameShort":"200 S LOMBARD AVE"}},{"type":"Feature","id":178,"geometry":{"type":"LineString","coordinates":[[-87.8040677712369,41.8854201551475],[-87.8040578985403,41.8851787177918],[-87.804012070552,41.8838480929882],[-87.8039974588026,41.8833892692493],[-87.8039952149095,41.8833287558384],[-87.8039919046618,41.8832394985539]]},"properties":{"OBJECTID":178,"STREETNAME":"S MAPLE AVE","BLOCK":200,"FIRST_FEATUREID":"026199122","BlockName":"200 Block of S Maple Ave","Count_":0,"Shape__Length":794.9121782532832,"GlobalID":"f267e736-e302-43a5-9ca0-10d1b4549200","BlockNameShort":"200 S MAPLE AVE"}},{"type":"Feature","id":179,"geometry":{"type":"LineString","coordinates":[[-87.8025211671825,41.8857107062456],[-87.8025097842146,41.8854589771775],[-87.8025027477024,41.8853034005067],[-87.8024812587385,41.8847272284163],[-87.8024661031647,41.8842584127441],[-87.8024602963965,41.8840787476406],[-87.8024552615262,41.8835114046218],[-87.8024463689087,41.883370064546],[-87.8024397389161,41.8832646793302]]},"properties":{"OBJECTID":179,"STREETNAME":"S MARION ST","BLOCK":200,"FIRST_FEATUREID":"0261040","BlockName":"200 Block of S Marion St","Count_":0,"Shape__Length":891.6837336453733,"GlobalID":"915a1060-cd38-4db5-b99e-4a13a6c37a2f","BlockNameShort":"200 S MARION ST"}},{"type":"Feature","id":180,"geometry":{"type":"LineString","coordinates":[[-87.7944150398733,41.8850422403042],[-87.7944118152292,41.8849466699827],[-87.7943968403303,41.8844606477253],[-87.7943741165672,41.8836600434116],[-87.7943675831441,41.8834541393986],[-87.7943626385562,41.8832980228064]]},"properties":{"OBJECTID":180,"STREETNAME":"S OAK PARK AVE","BLOCK":200,"FIRST_FEATUREID":"0261111","BlockName":"200 Block of S Oak Park Ave","Count_":0,"Shape__Length":635.7628327163313,"GlobalID":"5838ab67-caa9-444e-9949-733de9a0e315","BlockNameShort":"200 S OAK PARK AVE"}},{"type":"Feature","id":181,"geometry":{"type":"LineString","coordinates":[[-87.784611143396,41.8852104668453],[-87.7845993801874,41.8847693570573],[-87.7845772684391,41.8839886767024],[-87.7845652091961,41.8835568614443],[-87.7845622855972,41.8834521898104]]},"properties":{"OBJECTID":181,"STREETNAME":"S RIDGELAND AVE","BLOCK":200,"FIRST_FEATUREID":"026199538","BlockName":"200 Block of S Ridgeland Ave","Count_":0,"Shape__Length":640.8643527856775,"GlobalID":"68396fcc-36e2-47c9-8317-ae07bcb8c3cb","BlockNameShort":"200 S RIDGELAND AVE"}},{"type":"Feature","id":182,"geometry":{"type":"LineString","coordinates":[[-87.7878719155541,41.8851526770997],[-87.7878656749189,41.8849615380056],[-87.7878354165129,41.8838776894109],[-87.7878246712043,41.8834981726232],[-87.7878244036355,41.8834886943419],[-87.7878184309835,41.8833817997585]]},"properties":{"OBJECTID":182,"STREETNAME":"S SCOVILLE AVE","BLOCK":200,"FIRST_FEATUREID":"026441","BlockName":"200 Block of S Scoville Ave","Count_":0,"Shape__Length":645.4899030703834,"GlobalID":"c25eb93a-6214-44ea-ab25-001392ada970","BlockNameShort":"200 S SCOVILLE AVE"}},{"type":"Feature","id":183,"geometry":{"type":"LineString","coordinates":[[-87.7780917563597,41.8853213654849],[-87.7780701111585,41.8845977968371],[-87.7780572521236,41.8841488850198],[-87.7780555404216,41.8841012549155],[-87.7780520642283,41.884004578211]]},"properties":{"OBJECTID":183,"STREETNAME":"S TAYLOR AVE","BLOCK":200,"FIRST_FEATUREID":"0262137","BlockName":"200 Block of S Taylor Ave","Count_":0,"Shape__Length":479.96741192616633,"GlobalID":"91fee003-d4e1-4a31-8c9a-f851e5264815","BlockNameShort":"200 S TAYLOR AVE"}},{"type":"Feature","id":184,"geometry":{"type":"LineString","coordinates":[[-87.7797733418342,41.8870738240515],[-87.7813782618027,41.8870404952439],[-87.7814883670396,41.8870400259143],[-87.7818576425683,41.8870351309932],[-87.7823872888236,41.8870181069788],[-87.7824032346644,41.8870173596654],[-87.7828206913622,41.8869954323184],[-87.78288694078,41.8869854598712],[-87.7830111947229,41.886966756539]]},"properties":{"OBJECTID":184,"STREETNAME":"SOUTH BLVD","BLOCK":200,"FIRST_FEATUREID":"026872","BlockName":"200 Block of South Blvd","Count_":0,"Shape__Length":883.316559351292,"GlobalID":"70a75bd8-e7bd-4d66-901f-16a44b25217a","BlockNameShort":"200 SOUTH BLVD"}},{"type":"Feature","id":185,"geometry":{"type":"LineString","coordinates":[[-87.7799607699261,41.8931672612667],[-87.7803852487935,41.8931607581155],[-87.780773991061,41.8931552140761],[-87.7811074567512,41.8931504572193],[-87.7815882119207,41.8931426221229],[-87.7819266160998,41.8931371042179],[-87.7823987775293,41.8931317337144],[-87.7826969247794,41.8931283414773],[-87.7832098016403,41.8931200422771]]},"properties":{"OBJECTID":185,"STREETNAME":"SUPERIOR ST","BLOCK":200,"FIRST_FEATUREID":"0261165","BlockName":"200 Block of Superior St","Count_":0,"Shape__Length":884.7970847466986,"GlobalID":"d49bd16c-0e2f-4b03-bd77-128c81586ef4","BlockNameShort":"200 SUPERIOR ST"}},{"type":"Feature","id":186,"geometry":{"type":"LineString","coordinates":[[-87.7801714917754,41.8999685552463],[-87.7807798364679,41.8999555975721],[-87.7809808730409,41.8999513148548],[-87.7810279358959,41.8999503122542],[-87.7813840567883,41.8999460201371],[-87.781503155055,41.8999445838637],[-87.781805127555,41.8999407982093],[-87.7819896175512,41.8999384843288],[-87.7823070932298,41.8999345034863],[-87.7824858140753,41.8999315083785],[-87.7826014349871,41.8999295708024]]},"properties":{"OBJECTID":186,"STREETNAME":"THOMAS ST","BLOCK":200,"FIRST_FEATUREID":"026197552","BlockName":"200 Block of Thomas St","Count_":0,"Shape__Length":661.7027066317582,"GlobalID":"32508523-5c16-475c-b37c-bef60fc39026","BlockNameShort":"200 THOMAS ST"}},{"type":"Feature","id":187,"geometry":{"type":"LineString","coordinates":[[-87.7793688001533,41.8745323775622],[-87.7797342312505,41.8745285521424],[-87.7800025354822,41.8745246699919],[-87.7804171566441,41.8745186700693],[-87.7806063045714,41.8745153345395],[-87.7809441372597,41.8745093781768],[-87.7812177717075,41.8745052406181],[-87.7815279527295,41.8745005487337],[-87.781820140997,41.8744964250576]]},"properties":{"OBJECTID":187,"STREETNAME":"VAN BUREN ST","BLOCK":200,"FIRST_FEATUREID":"026544","BlockName":"200 Block of Van Buren St","Count_":0,"Shape__Length":667.761621578453,"GlobalID":"29bf68fe-bc38-4daf-948a-6c0b601a478b","BlockNameShort":"200 VAN BUREN ST"}},{"type":"Feature","id":188,"geometry":{"type":"LineString","coordinates":[[-87.7796174461069,41.8819274122933],[-87.7796912135296,41.88187375006],[-87.7797699147204,41.8818305231285],[-87.7798284790335,41.8818058596014],[-87.7798930380602,41.8817971421001],[-87.78020403824,41.8817884593638],[-87.7804337301291,41.8817846207534],[-87.780911294313,41.8817766334579],[-87.7812475777817,41.8817721633731],[-87.7816177593416,41.8817672411261],[-87.7825484947047,41.8817522793477],[-87.7827405514846,41.8817491136437],[-87.7828769453027,41.88174686478]]},"properties":{"OBJECTID":188,"STREETNAME":"WASHINGTON BLVD","BLOCK":200,"FIRST_FEATUREID":"026199553","BlockName":"200 Block of Washington Blvd","Count_":0,"Shape__Length":903.6073608226036,"GlobalID":"50ae8262-aa73-45dd-8e1d-dba640778fec","BlockNameShort":"200 WASHINGTON BLVD"}},{"type":"Feature","id":189,"geometry":{"type":"LineString","coordinates":[[-87.7911429595334,41.8850984329166],[-87.7911370987797,41.884888143688],[-87.7911098890965,41.8838975876057],[-87.7910995562258,41.8834779708707],[-87.7910982529101,41.8834398892093],[-87.7910942998854,41.8833243277188]]},"properties":{"OBJECTID":189,"STREETNAME":"WESLEY AVE","BLOCK":200,"FIRST_FEATUREID":"026199529","BlockName":"200 Block of Wesley Ave","Count_":0,"Shape__Length":646.6304603002216,"GlobalID":"8cf2b105-7ea0-4bfa-ad7c-91e129433532","BlockNameShort":"200 WESLEY AVE"}},{"type":"Feature","id":190,"geometry":{"type":"LineString","coordinates":[[-87.7819461143109,41.8781174068555],[-87.7823441936257,41.8781123937938],[-87.7825596826379,41.8781086052165],[-87.7830002552136,41.8781008576445],[-87.7831720536773,41.8780986376214],[-87.7835639313891,41.8780935681133],[-87.7837879587839,41.8780892778988],[-87.7841029186095,41.8780832496335],[-87.7844037950763,41.8780832935338]]},"properties":{"OBJECTID":190,"STREETNAME":"ADAMS ST","BLOCK":300,"FIRST_FEATUREID":"0261004","BlockName":"300 Block of Adams St","Count_":0,"Shape__Length":669.4554429855576,"GlobalID":"627b8a05-21fd-4e58-9839-3f90b5232b23","BlockNameShort":"300 ADAMS ST"}},{"type":"Feature","id":191,"geometry":{"type":"LineString","coordinates":[[-87.7833796956983,41.8982453711049],[-87.7836682991649,41.8982408862751],[-87.7841891811607,41.8982328848729],[-87.7844597438433,41.8982287277376],[-87.785001864128,41.8982213040409]]},"properties":{"OBJECTID":191,"STREETNAME":"AUGUSTA ST","BLOCK":300,"FIRST_FEATUREID":"026275","BlockName":"300 Block of Augusta St","Count_":0,"Shape__Length":441.72643567391435,"GlobalID":"a18b0576-b47e-4ae7-b293-a7b8a8673ecf","BlockNameShort":"300 AUGUSTA ST"}},{"type":"Feature","id":192,"geometry":{"type":"LineString","coordinates":[[-87.7828790438515,41.9038146185664],[-87.7833259389062,41.9038082201938],[-87.7834710551851,41.9038064752406],[-87.7838157719871,41.9038023325816],[-87.7841842673149,41.9038001627056]]},"properties":{"OBJECTID":192,"STREETNAME":"BERKSHIRE ST","BLOCK":300,"FIRST_FEATUREID":"0261861","BlockName":"300 Block of Berkshire St","Count_":0,"Shape__Length":355.3619419623345,"GlobalID":"8a6eb0f6-3f4d-4e29-bc8b-89c11c29820f","BlockNameShort":"300 BERKSHIRE ST"}},{"type":"Feature","id":193,"geometry":{"type":"LineString","coordinates":[[-87.8008096139544,41.8833057333471],[-87.8007977850142,41.8828993364738],[-87.8007889430937,41.8826851623207],[-87.8007815818513,41.8825068340931],[-87.8007666295964,41.8820803621252],[-87.8007553942798,41.8817599462153],[-87.8007474689642,41.8814721290689]]},"properties":{"OBJECTID":193,"STREETNAME":"CHESTNUT LN","BLOCK":300,"FIRST_FEATUREID":"0262276","BlockName":"300 Block of Chestnut Ln","Count_":0,"Shape__Length":668.3933027680051,"GlobalID":"c81296bd-215d-4143-95a0-37172aa901c3","BlockNameShort":"300 CHESTNUT LN"}},{"type":"Feature","id":194,"geometry":{"type":"LineString","coordinates":[[-87.7832554381704,41.8945966297465],[-87.7835881168625,41.894591617033],[-87.7844361088794,41.8945803604277],[-87.7847251872536,41.8945760363501],[-87.7848760132613,41.8945737793672]]},"properties":{"OBJECTID":194,"STREETNAME":"CHICAGO AVE","BLOCK":300,"FIRST_FEATUREID":"0261746","BlockName":"300 Block of Chicago Ave","Count_":0,"Shape__Length":441.30928679269806,"GlobalID":"e6bfe798-18fb-4cbf-a301-974f5b20f947","BlockNameShort":"300 CHICAGO AVE"}},{"type":"Feature","id":195,"geometry":{"type":"LineString","coordinates":[[-87.7985203482434,41.8833585719684],[-87.7985113317257,41.8831055623483],[-87.7984932120714,41.8825612654742],[-87.7984677035105,41.8817627338746],[-87.7984612483401,41.8816012155083],[-87.7984576472307,41.8815110725544]]},"properties":{"OBJECTID":195,"STREETNAME":"CLINTON AVE","BLOCK":300,"FIRST_FEATUREID":"026219","BlockName":"300 Block of Clinton Ave","Count_":0,"Shape__Length":673.4560527537741,"GlobalID":"9b2668d6-81af-4cf3-8b5f-f68ca2a71a78","BlockNameShort":"300 CLINTON AVE"}},{"type":"Feature","id":196,"geometry":{"type":"LineString","coordinates":[[-87.7838893348831,41.9018888698587],[-87.7840114470258,41.9018875957656],[-87.7841989454178,41.9018874391446],[-87.7844928075423,41.9018871946043],[-87.7846224781173,41.9018870868136],[-87.7848754801441,41.9018805291326]]},"properties":{"OBJECTID":196,"STREETNAME":"DIVISION ST","BLOCK":300,"FIRST_FEATUREID":"0262451","BlockName":"300 Block of Division St","Count_":0,"Shape__Length":268.5098045176154,"GlobalID":"db46ffc3-d766-4b3a-90dd-e9db27ad9a35","BlockNameShort":"300 DIVISION ST"}},{"type":"Feature","id":197,"geometry":{"type":"LineString","coordinates":[[-87.7994393457936,41.8920603179832],[-87.7994548443325,41.8925444786168]]},"properties":{"OBJECTID":197,"STREETNAME":"ELIZABETH TRL","BLOCK":300,"FIRST_FEATUREID":"0262473","BlockName":"300 Block of Elizabeth Trl","Count_":0,"Shape__Length":176.4813523446199,"GlobalID":"d33993ee-5a2d-40ca-9479-f7a15b83075b","BlockNameShort":"300 ELIZABETH TRL"}},{"type":"Feature","id":198,"geometry":{"type":"LineString","coordinates":[[-87.7831702237536,41.8917448943209],[-87.7836313180404,41.8917379729482],[-87.7839826707905,41.8917331258884],[-87.7841776681898,41.8917304328637],[-87.7847951595925,41.8917206676471]]},"properties":{"OBJECTID":198,"STREETNAME":"ERIE ST","BLOCK":300,"FIRST_FEATUREID":"026709","BlockName":"300 Block of Erie St","Count_":0,"Shape__Length":442.5257648418665,"GlobalID":"d1dc9995-6f95-4f54-9ac0-58cbccacd83d","BlockNameShort":"300 ERIE ST"}},{"type":"Feature","id":199,"geometry":{"type":"LineString","coordinates":[[-87.7815697385726,41.8671922505393],[-87.7819884569162,41.8671870937812],[-87.7821806659313,41.8671838477529],[-87.7824820701271,41.867178759988],[-87.7827964685634,41.8671742325137],[-87.7831140255747,41.8671696598882],[-87.7834117816521,41.8671652184609],[-87.7837323612973,41.867160435313],[-87.7840279320603,41.867155741438]]},"properties":{"OBJECTID":199,"STREETNAME":"FILLMORE ST","BLOCK":300,"FIRST_FEATUREID":"026731","BlockName":"300 Block of Fillmore St","Count_":0,"Shape__Length":669.7065580750993,"GlobalID":"588bedfe-f1d6-4919-80f9-dd602762aa5e","BlockNameShort":"300 FILLMORE ST"}},{"type":"Feature","id":200,"geometry":{"type":"LineString","coordinates":[[-87.8002783353318,41.8919227096671],[-87.8002812129166,41.8920422623147],[-87.8002869799579,41.8922819717868],[-87.8003003655982,41.8928895827486],[-87.8003045391789,41.8930344310895],[-87.8003067787983,41.8931121706849]]},"properties":{"OBJECTID":200,"STREETNAME":"FOREST AVE","BLOCK":300,"FIRST_FEATUREID":"0261624","BlockName":"300 Block of Forest Ave","Count_":0,"Shape__Length":433.5162988073746,"GlobalID":"2af13ab4-7a83-4d95-a7f0-fc385ca85542","BlockNameShort":"300 FOREST AVE"}},{"type":"Feature","id":201,"geometry":{"type":"LineString","coordinates":[[-87.7816923848519,41.870827109896],[-87.7818749694175,41.87084025306],[-87.7821911408429,41.8708344716965],[-87.7823102253009,41.8708326941178],[-87.7826666703181,41.8708273666682],[-87.7829239620727,41.8708244926766],[-87.7831736160569,41.8708217012664],[-87.7835310976928,41.8708196533549],[-87.7835672272828,41.8708194418651],[-87.783645798104,41.8708311523976],[-87.7837724444894,41.8708603588517],[-87.7838374133465,41.8708813425413],[-87.7839117237216,41.8709124610495],[-87.7839883371543,41.8709481021539],[-87.7840722758043,41.8709885203574],[-87.7841587259564,41.8710276909265]]},"properties":{"OBJECTID":201,"STREETNAME":"GARFIELD ST","BLOCK":300,"FIRST_FEATUREID":"026960","BlockName":"300 Block of Garfield St","Count_":0,"Shape__Length":690.655822124094,"GlobalID":"d4bbfc10-3e0a-4dfd-bc2c-e43596289db9","BlockNameShort":"300 GARFIELD ST"}},{"type":"Feature","id":202,"geometry":{"type":"LineString","coordinates":[[-87.7821873564286,41.905806467736],[-87.7825311306552,41.9058020525213],[-87.7826177658441,41.9058010383064],[-87.7828917644846,41.9057978269363],[-87.7832114907665,41.9058004016881],[-87.7832675634405,41.9057986949572],[-87.7833374200138,41.9057918394531],[-87.7834391912902,41.9057771156175]]},"properties":{"OBJECTID":202,"STREETNAME":"GREENFIELD ST","BLOCK":300,"FIRST_FEATUREID":"0261195","BlockName":"300 Block of Greenfield St","Count_":0,"Shape__Length":341.49654531318566,"GlobalID":"dcb95832-bdb2-463c-9503-f466614a0333","BlockNameShort":"300 GREENFIELD ST"}},{"type":"Feature","id":203,"geometry":{"type":"LineString","coordinates":[[-87.7817565719044,41.8726703454999],[-87.7821846724781,41.8726645020547],[-87.7823710699118,41.8726618238683],[-87.7827961550778,41.8726557169826],[-87.7829860113105,41.8726534136161],[-87.7833961687157,41.8726484385347],[-87.783965688788,41.872634808614],[-87.7841005335339,41.8726328164619],[-87.7842169646237,41.8726310953481]]},"properties":{"OBJECTID":203,"STREETNAME":"HARRISON ST","BLOCK":300,"FIRST_FEATUREID":"0262103","BlockName":"300 Block of Harrison St","Count_":0,"Shape__Length":670.2795486968525,"GlobalID":"09a85685-c20c-4b4a-a042-f83c7ddac6e2","BlockNameShort":"300 HARRISON ST"}},{"type":"Feature","id":204,"geometry":{"type":"LineString","coordinates":[[-87.7816321616074,41.8690177591965],[-87.7819368611432,41.8690130128289],[-87.7822471235024,41.8690089360926],[-87.7825226729232,41.8690053132764],[-87.7828594746337,41.8689997325419],[-87.783096750996,41.8689957979459],[-87.7834696426601,41.868989439361],[-87.7837751529693,41.8689842274193],[-87.7840881096466,41.8689811363764]]},"properties":{"OBJECTID":204,"STREETNAME":"HARVARD ST","BLOCK":300,"FIRST_FEATUREID":"026821","BlockName":"300 Block of Harvard St","Count_":0,"Shape__Length":669.0791514560218,"GlobalID":"00f79de8-c6f3-429d-80a1-e990a3a4d7e8","BlockNameShort":"300 HARVARD ST"}},{"type":"Feature","id":205,"geometry":{"type":"LineString","coordinates":[[-87.8000023680545,41.8833243166765],[-87.7999934143146,41.8830449463058],[-87.7999626932497,41.8822172746709],[-87.7999401567724,41.88157693128],[-87.7999369498057,41.8814857926198]]},"properties":{"OBJECTID":205,"STREETNAME":"HOME AVE","BLOCK":300,"FIRST_FEATUREID":"026199912","BlockName":"300 Block of Home Ave","Count_":0,"Shape__Length":670.2048268339242,"GlobalID":"d88027c1-ab80-49a4-b075-f2755d2ab415","BlockNameShort":"300 HOME AVE"}},{"type":"Feature","id":206,"geometry":{"type":"LineString","coordinates":[[-87.7833155249998,41.8964201198687],[-87.7835864295788,41.8964158187625],[-87.7841253277388,41.896408279319],[-87.7846212481714,41.896401338701],[-87.7849386141857,41.896396842243]]},"properties":{"OBJECTID":206,"STREETNAME":"IOWA ST","BLOCK":300,"FIRST_FEATUREID":"0262223","BlockName":"300 Block of Iowa St","Count_":0,"Shape__Length":441.98395738279345,"GlobalID":"20d303db-0110-490b-8c5b-361f53a70120","BlockNameShort":"300 IOWA ST"}},{"type":"Feature","id":207,"geometry":{"type":"LineString","coordinates":[[-87.7818818180887,41.8763226551833],[-87.782356661969,41.8763145560229],[-87.7825018682833,41.8763121977094],[-87.7828262504706,41.8763069284977],[-87.7831139129787,41.8763019020107],[-87.7834709466701,41.8762956646786],[-87.783727350766,41.8762918095931],[-87.7839526121957,41.8762884198962],[-87.7843422688935,41.8762831282125]]},"properties":{"OBJECTID":207,"STREETNAME":"JACKSON BLVD","BLOCK":300,"FIRST_FEATUREID":"0262444","BlockName":"300 Block of Jackson Blvd","Count_":0,"Shape__Length":670.2485579127489,"GlobalID":"25a2d645-8ebb-4381-bbb5-4ec9879fb23c","BlockNameShort":"300 JACKSON BLVD"}},{"type":"Feature","id":208,"geometry":{"type":"LineString","coordinates":[[-87.7830599209721,41.8882759256256],[-87.7833566851155,41.8882850532796],[-87.7842374028243,41.8883107274294],[-87.7846993520518,41.8883256139108]]},"properties":{"OBJECTID":208,"STREETNAME":"LAKE ST","BLOCK":300,"FIRST_FEATUREID":"0261226","BlockName":"300 Block of Lake St","Count_":0,"Shape__Length":446.7758469392602,"GlobalID":"89037287-28e9-4768-a152-bc5bba252744","BlockNameShort":"300 LAKE ST"}},{"type":"Feature","id":209,"geometry":{"type":"LineString","coordinates":[[-87.783310185348,41.9073384946564],[-87.783776658056,41.9073309638739],[-87.7840388445966,41.9073277229552],[-87.7844024590187,41.9073232268888],[-87.7846898010688,41.9073202145745]]},"properties":{"OBJECTID":209,"STREETNAME":"LE MOYNE PKWY","BLOCK":300,"FIRST_FEATUREID":"0262278","BlockName":"300 Block of Le Moyne Pkwy","Count_":0,"Shape__Length":375.61095261548695,"GlobalID":"bc416982-13ff-40b4-89a1-852391102492","BlockNameShort":"300 LE MOYNE PKWY"}},{"type":"Feature","id":210,"geometry":{"type":"LineString","coordinates":[[-87.7912439984626,41.8916105922886],[-87.7912592038063,41.8921691298379],[-87.7912765688243,41.8927781047586],[-87.7912801506301,41.8929017430676],[-87.791282667016,41.8929886370069]]},"properties":{"OBJECTID":210,"STREETNAME":"LINDEN AVE","BLOCK":300,"FIRST_FEATUREID":"026198308","BlockName":"300 Block of Linden Ave","Count_":0,"Shape__Length":502.27815170608085,"GlobalID":"f75df19f-3d4c-4605-b228-8149e568a0fb","BlockNameShort":"300 LINDEN AVE"}},{"type":"Feature","id":211,"geometry":{"type":"LineString","coordinates":[[-87.7820090522983,41.8799722763533],[-87.7826831410746,41.8799644506659],[-87.7828194277988,41.879962867606],[-87.7832306563027,41.879959121879],[-87.7843331548248,41.8799362114894],[-87.7844606438468,41.8799335616337]]},"properties":{"OBJECTID":211,"STREETNAME":"MADISON ST","BLOCK":300,"FIRST_FEATUREID":"026199934","BlockName":"300 Block of Madison St","Count_":0,"Shape__Length":667.8062395616935,"GlobalID":"347adbf3-9932-42b2-acf6-40da4ed066f6","BlockNameShort":"300 MADISON ST"}},{"type":"Feature","id":212,"geometry":{"type":"LineString","coordinates":[[-87.7748468693357,41.8855829039185],[-87.7748489828523,41.8856851174692],[-87.7748968167697,41.8870802999641],[-87.7748987777078,41.8871615833909],[-87.7749134066619,41.8875933415867]]},"properties":{"OBJECTID":212,"STREETNAME":"N AUSTIN BLVD","BLOCK":300,"FIRST_FEATUREID":"026396638","BlockName":"300 Block of N Austin Blvd","Count_":0,"Shape__Length":732.8423798989686,"GlobalID":"c8a3596a-c994-4cc3-b59f-c7b3c9f5b81f","BlockNameShort":"300 N AUSTIN BLVD"}},{"type":"Feature","id":213,"geometry":{"type":"LineString","coordinates":[[-87.7831702237536,41.8917448943209],[-87.783173813281,41.8918693171209],[-87.7831974867123,41.8926886422998],[-87.7832072400387,41.8930302839731],[-87.7832098016403,41.8931200422771]]},"properties":{"OBJECTID":213,"STREETNAME":"N CUYLER AVE","BLOCK":300,"FIRST_FEATUREID":"026198318","BlockName":"300 Block of N Cuyler Ave","Count_":0,"Shape__Length":501.22836766954924,"GlobalID":"32e046b8-d848-47e9-a650-f518cdc10fb6","BlockNameShort":"300 N CUYLER AVE"}},{"type":"Feature","id":214,"geometry":{"type":"LineString","coordinates":[[-87.7896920211802,41.8916365575305],[-87.7897022279551,41.8920137725016],[-87.7897249832774,41.8927867974032],[-87.7897317294188,41.893015101035]]},"properties":{"OBJECTID":214,"STREETNAME":"N EAST AVE","BLOCK":300,"FIRST_FEATUREID":"0261170","BlockName":"300 Block of N East Ave","Count_":0,"Shape__Length":502.4660488506615,"GlobalID":"09038337-121f-4a01-a8cf-cf7be0316ed9","BlockNameShort":"300 N EAST AVE"}},{"type":"Feature","id":215,"geometry":{"type":"LineString","coordinates":[[-87.7864233511255,41.891692787999],[-87.7864317729297,41.8919868553862],[-87.7864542519795,41.8927658893572],[-87.7864603317998,41.8929830752795],[-87.7864627903037,41.8930709035944]]},"properties":{"OBJECTID":215,"STREETNAME":"N ELMWOOD AVE","BLOCK":300,"FIRST_FEATUREID":"026198314","BlockName":"300 Block of N Elmwood Ave","Count_":0,"Shape__Length":502.3085926452823,"GlobalID":"829432a2-094f-41d1-b0d8-56ab58db4b21","BlockNameShort":"300 N ELMWOOD AVE"}},{"type":"Feature","id":216,"geometry":{"type":"LineString","coordinates":[[-87.79277824744,41.891586861709],[-87.7927867546452,41.8919165600968],[-87.7928082857906,41.8926386724647],[-87.7928142318735,41.8928732727588],[-87.7928165180266,41.89296342392]]},"properties":{"OBJECTID":216,"STREETNAME":"N EUCLID AVE","BLOCK":300,"FIRST_FEATUREID":"026198305","BlockName":"300 Block of N Euclid Ave","Count_":0,"Shape__Length":501.73626176829055,"GlobalID":"9f593261-2462-4573-b198-7ca0dcba89d1","BlockNameShort":"300 N EUCLID AVE"}},{"type":"Feature","id":217,"geometry":{"type":"LineString","coordinates":[[-87.7960895551718,41.8913072209677],[-87.7960939767646,41.8914654749405],[-87.7961025623696,41.8917645555514],[-87.7961340777666,41.8929126495137],[-87.7961354751172,41.8929660544135]]},"properties":{"OBJECTID":217,"STREETNAME":"N GROVE AVE","BLOCK":300,"FIRST_FEATUREID":"026892","BlockName":"300 Block of N Grove Ave","Count_":0,"Shape__Length":604.617866036222,"GlobalID":"9caa9f62-58a8-4a86-b0aa-be71203771f9","BlockNameShort":"300 N GROVE AVE"}},{"type":"Feature","id":218,"geometry":{"type":"LineString","coordinates":[[-87.8049415066686,41.8854093643828],[-87.8049002229025,41.8855050618499],[-87.8049125020398,41.8858510994306],[-87.8049586258055,41.8858832216069],[-87.8049057980605,41.8859302150257],[-87.8049419731018,41.8864979720115],[-87.8049832851191,41.8865657688264],[-87.804957086005,41.8865957782588],[-87.8049607165413,41.8866804136789],[-87.8049886396281,41.8867090731106],[-87.8049887113173,41.8867091463683],[-87.8049886371696,41.8867092252573],[-87.8049696896389,41.8867295020361],[-87.8049721965403,41.886775326611],[-87.8049942283292,41.8867961718714],[-87.8049953962408,41.8871285162542]]},"properties":{"OBJECTID":218,"STREETNAME":"N HARLEM AVE","BLOCK":300,"FIRST_FEATUREID":"0262697","BlockName":"300 Block of N Harlem Ave","Count_":0,"Shape__Length":650.003017277994,"GlobalID":"8ccd5991-af37-458e-a13f-109638ff5b16","BlockNameShort":"300 N HARLEM AVE"}},{"type":"Feature","id":219,"geometry":{"type":"LineString","coordinates":[[-87.7815458676211,41.8917677106569],[-87.7815573072123,41.8921347232378],[-87.781579705161,41.8928481155909],[-87.7815857200491,41.8930563664487],[-87.7815882119207,41.8931426221229]]},"properties":{"OBJECTID":219,"STREETNAME":"N HARVEY AVE","BLOCK":300,"FIRST_FEATUREID":"026135","BlockName":"300 Block of N Harvey Ave","Count_":0,"Shape__Length":501.15918671778707,"GlobalID":"1f6fc97b-563f-4eba-91f3-8d6e77550534","BlockNameShort":"300 N HARVEY AVE"}},{"type":"Feature","id":220,"geometry":{"type":"LineString","coordinates":[[-87.7766792379715,41.8925175763635],[-87.7766968500208,41.8926845400096],[-87.7767070019136,41.8930212529565],[-87.7767094448101,41.8931223857315],[-87.7767116942904,41.8932155405434]]},"properties":{"OBJECTID":220,"STREETNAME":"N HUMPHREY AVE","BLOCK":300,"FIRST_FEATUREID":"026198329","BlockName":"300 Block of N Humphrey Ave","Count_":0,"Shape__Length":254.57402143802386,"GlobalID":"97706aca-7dab-4104-ba32-51b823cdde74","BlockNameShort":"300 N HUMPHREY AVE"}},{"type":"Feature","id":221,"geometry":{"type":"LineString","coordinates":[[-87.7975834343949,41.8912766314959],[-87.7975932528452,41.8916210805903],[-87.7975995901146,41.8918360469678],[-87.7976043095529,41.8919961659694],[-87.7976166890725,41.8924161431323],[-87.797629059076,41.892868279524],[-87.7976326830842,41.8930007357902]]},"properties":{"OBJECTID":221,"STREETNAME":"N KENILWORTH AVE","BLOCK":300,"FIRST_FEATUREID":"026198293","BlockName":"300 Block of N Kenilworth Ave","Count_":0,"Shape__Length":628.4167513063448,"GlobalID":"98a2af04-9609-433a-9254-ca8d12d35024","BlockNameShort":"300 N KENILWORTH AVE"}},{"type":"Feature","id":222,"geometry":{"type":"LineString","coordinates":[[-87.7799191441043,41.8917918890345],[-87.7799263154515,41.8920090373568],[-87.7799512923034,41.8928938206355],[-87.7799575244941,41.8930736317345],[-87.7799607699261,41.8931672612667]]},"properties":{"OBJECTID":222,"STREETNAME":"N LOMBARD AVE","BLOCK":300,"FIRST_FEATUREID":"026198325","BlockName":"300 Block of N Lombard Ave","Count_":0,"Shape__Length":501.32360299561515,"GlobalID":"c643e014-4f38-4c65-8c60-834a1642f189","BlockNameShort":"300 N LOMBARD AVE"}},{"type":"Feature","id":223,"geometry":{"type":"LineString","coordinates":[[-87.8038825573947,41.8918440748979],[-87.8039129580703,41.8927792353992],[-87.8039192586806,41.8930449922203]]},"properties":{"OBJECTID":223,"STREETNAME":"N MAPLE AVE","BLOCK":300,"FIRST_FEATUREID":"0262844","BlockName":"300 Block of N Maple Ave","Count_":0,"Shape__Length":437.7366563274851,"GlobalID":"a68fb85a-5e54-46a3-9f6f-3741693c0f02","BlockNameShort":"300 N MAPLE AVE"}},{"type":"Feature","id":224,"geometry":{"type":"LineString","coordinates":[[-87.8027545570644,41.8918683315661],[-87.8027720897333,41.8924721305159],[-87.8027895301811,41.8930728363003]]},"properties":{"OBJECTID":224,"STREETNAME":"N MARION ST","BLOCK":300,"FIRST_FEATUREID":"0261060","BlockName":"300 Block of N Marion St","Count_":0,"Shape__Length":439.0315488214596,"GlobalID":"97e24093-8739-4934-8e58-476c17d7c0c2","BlockNameShort":"300 N MARION ST"}},{"type":"Feature","id":225,"geometry":{"type":"LineString","coordinates":[[-87.7945990682292,41.8915571545037],[-87.7946051042336,41.8918079253172],[-87.7946299486181,41.892737024369],[-87.7946354491668,41.8929307937905],[-87.7946380366872,41.8930219529131]]},"properties":{"OBJECTID":225,"STREETNAME":"N OAK PARK AVE","BLOCK":300,"FIRST_FEATUREID":"026198302","BlockName":"300 Block of N Oak Park Ave","Count_":0,"Shape__Length":533.8868187872538,"GlobalID":"f69c8a94-11ef-4f29-bfaa-ad448ce8313d","BlockNameShort":"300 N OAK PARK AVE"}},{"type":"Feature","id":226,"geometry":{"type":"LineString","coordinates":[[-87.7847951595925,41.8917206676471],[-87.784798893653,41.8918405371628],[-87.7848251976565,41.8927670656581],[-87.7848314621221,41.8930080800787],[-87.7848337746164,41.8930970799727]]},"properties":{"OBJECTID":226,"STREETNAME":"N RIDGELAND AVE","BLOCK":300,"FIRST_FEATUREID":"026198317","BlockName":"300 Block of N Ridgeland Ave","Count_":0,"Shape__Length":501.6836317881303,"GlobalID":"ea4d4d6f-497e-4269-8175-602a28a186f0","BlockNameShort":"300 N RIDGELAND AVE"}},{"type":"Feature","id":227,"geometry":{"type":"LineString","coordinates":[[-87.7880515487392,41.8916644576291],[-87.7880554339786,41.8918056622621],[-87.7880858638864,41.892878697032],[-87.7880881865647,41.8929593795611],[-87.7880905791289,41.8930424717347]]},"properties":{"OBJECTID":227,"STREETNAME":"N SCOVILLE AVE","BLOCK":300,"FIRST_FEATUREID":"026198311","BlockName":"300 Block of N Scoville Ave","Count_":0,"Shape__Length":502.26916881797325,"GlobalID":"8134a057-7e3a-418d-8628-dad9d5a5d6d9","BlockNameShort":"300 N SCOVILLE AVE"}},{"type":"Feature","id":228,"geometry":{"type":"LineString","coordinates":[[-87.7782933598511,41.8918151674707],[-87.7782981855593,41.8919861134296],[-87.7783295690075,41.8929556150114],[-87.7783331831696,41.8930997744269],[-87.7783354878837,41.8931916933085]]},"properties":{"OBJECTID":228,"STREETNAME":"N TAYLOR AVE","BLOCK":300,"FIRST_FEATUREID":"026198326","BlockName":"300 Block of N Taylor Ave","Count_":0,"Shape__Length":501.7471252141272,"GlobalID":"e8a76b29-0bd2-436a-ae98-5b09a6520d31","BlockNameShort":"300 N TAYLOR AVE"}},{"type":"Feature","id":229,"geometry":{"type":"LineString","coordinates":[[-87.7830245839419,41.8874542840457],[-87.7830475828844,41.8874698747398],[-87.783070268044,41.8874754170062],[-87.7831005084127,41.8874779496101],[-87.7834195134914,41.8874724801704],[-87.7838845230021,41.8874645798087],[-87.7841895381943,41.8874630199067],[-87.7845282358752,41.8874610709562],[-87.7846753764132,41.8874828744563]]},"properties":{"OBJECTID":229,"STREETNAME":"NORTH BLVD","BLOCK":300,"FIRST_FEATUREID":"0261121","BlockName":"300 Block of North Blvd","Count_":0,"Shape__Length":452.9144088947645,"GlobalID":"dafa5feb-44e1-40b9-a1c2-c2918f53ffcf","BlockNameShort":"300 NORTH BLVD"}},{"type":"Feature","id":230,"geometry":{"type":"LineString","coordinates":[[-87.7831319275054,41.8903865255346],[-87.7836795509382,41.8903788129366],[-87.7839423747276,41.8903750926136],[-87.7845141604431,41.8903669982391],[-87.7847552811114,41.8903629391438]]},"properties":{"OBJECTID":230,"STREETNAME":"ONTARIO ST","BLOCK":300,"FIRST_FEATUREID":"0262091","BlockName":"300 Block of Ontario St","Count_":0,"Shape__Length":442.0998835611515,"GlobalID":"9e3d8527-d355-4212-9975-f71b1374a7a7","BlockNameShort":"300 ONTARIO ST"}},{"type":"Feature","id":231,"geometry":{"type":"LineString","coordinates":[[-87.8016205655677,41.8832878574652],[-87.8016109164894,41.882994433234],[-87.8015991674015,41.8826660020177],[-87.8015895708919,41.8823977894123],[-87.801577033055,41.8820564012669],[-87.8015705468517,41.8818798057792],[-87.8015612659359,41.8814574557858]]},"properties":{"OBJECTID":231,"STREETNAME":"PENNSYLVANIA WAY","BLOCK":300,"FIRST_FEATUREID":"0261106","BlockName":"300 Block of Pennsylvania Way","Count_":0,"Shape__Length":667.209321443692,"GlobalID":"0b464124-3b65-4d56-92f1-9c90a05be6f0","BlockNameShort":"300 PENNSYLVANIA WAY"}},{"type":"Feature","id":232,"geometry":{"type":"LineString","coordinates":[[-87.7829775922975,41.8852400816179],[-87.7832627217507,41.885234863506],[-87.7837934619887,41.8852260466464],[-87.784242397959,41.885218586493],[-87.784611143396,41.8852104668453]]},"properties":{"OBJECTID":232,"STREETNAME":"PLEASANT ST","BLOCK":300,"FIRST_FEATUREID":"0262638","BlockName":"300 Block of Pleasant St","Count_":0,"Shape__Length":444.9611145188638,"GlobalID":"cce6c033-71bd-473b-a95c-9255d10edc82","BlockNameShort":"300 PLEASANT ST"}},{"type":"Feature","id":233,"geometry":{"type":"LineString","coordinates":[[-87.7829288603411,41.8835285116421],[-87.7830555325681,41.8834921506034],[-87.7836880429933,41.8834799215295],[-87.7837441414003,41.8834789772498],[-87.7844415956177,41.883467224971],[-87.7845622855972,41.8834521898104]]},"properties":{"OBJECTID":233,"STREETNAME":"RANDOLPH ST","BLOCK":300,"FIRST_FEATUREID":"0261952","BlockName":"300 Block of Randolph St","Count_":0,"Shape__Length":447.8268139904923,"GlobalID":"6e170a98-aef3-4855-a6dd-3429ed890b56","BlockNameShort":"300 RANDOLPH ST"}},{"type":"Feature","id":234,"geometry":{"type":"LineString","coordinates":[[-87.7745321493629,41.8764227168258],[-87.7745321616288,41.8764226916758],[-87.77452530513,41.8762431270422],[-87.7745182982313,41.8760694913359],[-87.7745088848331,41.875801359118],[-87.7745053269737,41.8756975591557],[-87.7745050665673,41.8756899760919],[-87.7745017988987,41.8755946281683],[-87.7744934755582,41.8752981800094],[-87.7744870312915,41.8750561064555],[-87.7744822104388,41.8749104730474],[-87.774475332602,41.874703656644],[-87.7744752799567,41.8747020942908],[-87.7744692481111,41.8745170928338]]},"properties":{"OBJECTID":234,"STREETNAME":"S AUSTIN BLVD","BLOCK":300,"FIRST_FEATUREID":"026200771","BlockName":"300 Block of S Austin Blvd","Count_":0,"Shape__Length":694.6351004244493,"GlobalID":"35e24b24-1716-4ca0-b2bc-d3b6724fc781","BlockNameShort":"300 S AUSTIN BLVD"}},{"type":"Feature","id":235,"geometry":{"type":"LineString","coordinates":[[-87.7829288603411,41.8835285116421],[-87.7829178627313,41.8831535633383],[-87.7829018472576,41.8825465680563],[-87.7828916649929,41.88221955336],[-87.7828797032799,41.8818354141458],[-87.7828769453027,41.88174686478]]},"properties":{"OBJECTID":235,"STREETNAME":"S CUYLER AVE","BLOCK":300,"FIRST_FEATUREID":"026199555","BlockName":"300 Block of S Cuyler Ave","Count_":0,"Shape__Length":649.3968631486076,"GlobalID":"317c727f-2aa7-4281-9c1f-eaf8364b8ffb","BlockNameShort":"300 S CUYLER AVE"}},{"type":"Feature","id":236,"geometry":{"type":"LineString","coordinates":[[-87.7894607647914,41.8833525114832],[-87.7894549645812,41.8831391549297],[-87.7894395095123,41.8825583703276],[-87.7894285227538,41.8821759614466],[-87.7894181587234,41.8818153176863],[-87.7894158435474,41.881739265528],[-87.7894127185602,41.8816366719143]]},"properties":{"OBJECTID":236,"STREETNAME":"S EAST AVE","BLOCK":300,"FIRST_FEATUREID":"026199560","BlockName":"300 Block of S East Ave","Count_":0,"Shape__Length":625.3983771094814,"GlobalID":"1b2f9365-b4b1-4934-8ef6-da3d990c77a8","BlockNameShort":"300 S EAST AVE"}},{"type":"Feature","id":237,"geometry":{"type":"LineString","coordinates":[[-87.7861928928021,41.883410155988],[-87.7861848794242,41.8831518868332],[-87.7861614201499,41.8823160955207],[-87.7861588434116,41.8822347192329],[-87.7861475029244,41.8818770038684],[-87.7861420614632,41.8816932232904]]},"properties":{"OBJECTID":237,"STREETNAME":"S ELMWOOD AVE","BLOCK":300,"FIRST_FEATUREID":"0262624","BlockName":"300 Block of S Elmwood Ave","Count_":0,"Shape__Length":625.8133140811085,"GlobalID":"c231fc5f-e7b4-45a1-a9a6-f8665bbc76eb","BlockNameShort":"300 S ELMWOOD AVE"}},{"type":"Feature","id":238,"geometry":{"type":"LineString","coordinates":[[-87.7927204578455,41.8833112783768],[-87.7927107905528,41.8829751086691],[-87.7926874815323,41.8821375627019],[-87.7926765685262,41.8816695101678],[-87.7926744980327,41.8815806959531]]},"properties":{"OBJECTID":238,"STREETNAME":"S EUCLID AVE","BLOCK":300,"FIRST_FEATUREID":"026199564","BlockName":"300 Block of S Euclid Ave","Count_":0,"Shape__Length":630.7584834585923,"GlobalID":"9fe024fb-bc37-4a6b-b0d1-3876809c4ef1","BlockNameShort":"300 S EUCLID AVE"}},{"type":"Feature","id":239,"geometry":{"type":"LineString","coordinates":[[-87.7957022043715,41.8834222693019],[-87.7956934232162,41.8831656484012],[-87.7956766156735,41.8825378225107],[-87.795650839105,41.881686057165],[-87.7956481740358,41.8815979748959]]},"properties":{"OBJECTID":239,"STREETNAME":"S GROVE AVE","BLOCK":300,"FIRST_FEATUREID":"026199567","BlockName":"300 Block of S Grove Ave","Count_":0,"Shape__Length":664.9462852744998,"GlobalID":"2e25b17f-ac21-49c9-a62d-3a92365c87b3","BlockNameShort":"300 S GROVE AVE"}},{"type":"Feature","id":240,"geometry":{"type":"LineString","coordinates":[[-87.8046010821062,41.8759851704271],[-87.8045419960445,41.8759176804696],[-87.8045306125011,41.8754356376395],[-87.8045798049708,41.8753960464001]]},"properties":{"OBJECTID":240,"STREETNAME":"S HARLEM AVE","BLOCK":300,"FIRST_FEATUREID":"0261719","BlockName":"300 Block of S Harlem Ave","Count_":0,"Shape__Length":224.76484918618488,"GlobalID":"d966581f-b5fb-4346-995a-4974622e1b45","BlockNameShort":"300 S HARLEM AVE"}},{"type":"Feature","id":241,"geometry":{"type":"LineString","coordinates":[[-87.7812956129529,41.8839624686789],[-87.7812957358367,41.8837613407859],[-87.7812958981361,41.8834941882311],[-87.7812912999515,41.8833304990953],[-87.7812808320329,41.8829578346486],[-87.7812619743614,41.8822637776044],[-87.7812611440749,41.882233147543],[-87.7812502257803,41.8818621708021],[-87.7812475777817,41.8817721633731]]},"properties":{"OBJECTID":241,"STREETNAME":"S HARVEY AVE","BLOCK":300,"FIRST_FEATUREID":"026199554","BlockName":"300 Block of S Harvey Ave","Count_":0,"Shape__Length":798.2978690377109,"GlobalID":"43fdc394-5eab-4287-a49f-17811fedec46","BlockNameShort":"300 S HARVEY AVE"}},{"type":"Feature","id":242,"geometry":{"type":"MultiLineString","coordinates":[[[-87.776370539822,41.8826278637961],[-87.7763593496631,41.8821984962869],[-87.7763563738179,41.8820843237627]],[[-87.7764170028433,41.8840287380536],[-87.7763725737623,41.882748532217],[-87.7763685303496,41.8826942993585],[-87.7763666193021,41.8826686609284]]]},"properties":{"OBJECTID":242,"STREETNAME":"S HUMPHREY AVE","BLOCK":300,"FIRST_FEATUREID":"026885","BlockName":"300 Block of S Humphrey Ave","Count_":0,"Shape__Length":693.9288592164658,"GlobalID":"ad31e3e4-18d1-48bf-b126-c5459a13453b","BlockNameShort":"300 S HUMPHREY AVE"}},{"type":"Feature","id":243,"geometry":{"type":"LineString","coordinates":[[-87.7970344990791,41.8833916873284],[-87.797028638586,41.8832168151171],[-87.797005243892,41.8824310267312],[-87.7969860151711,41.8818235238861],[-87.7969798906627,41.8816445214172],[-87.7969768285173,41.8815550084765]]},"properties":{"OBJECTID":243,"STREETNAME":"S KENILWORTH AVE","BLOCK":300,"FIRST_FEATUREID":"026199909","BlockName":"300 Block of S Kenilworth Ave","Count_":0,"Shape__Length":669.479981643112,"GlobalID":"b2a6516b-0c2b-470f-abfb-7722d93bee41","BlockNameShort":"300 S KENILWORTH AVE"}},{"type":"Feature","id":244,"geometry":{"type":"LineString","coordinates":[[-87.7796741236698,41.8837916790754],[-87.7796689459118,41.8836108904837],[-87.779661219725,41.8833522621612],[-87.7796382296362,41.8825829109192],[-87.7796275209793,41.8822244597406],[-87.7796266920389,41.8822000438424],[-87.7796174461069,41.8819274122933]]},"properties":{"OBJECTID":244,"STREETNAME":"S LOMBARD AVE","BLOCK":300,"FIRST_FEATUREID":"0261675","BlockName":"300 Block of S Lombard Ave","Count_":0,"Shape__Length":679.5253352296119,"GlobalID":"211dc416-669e-4abb-989b-079a21d9d129","BlockNameShort":"300 S LOMBARD AVE"}},{"type":"Feature","id":245,"geometry":{"type":"LineString","coordinates":[[-87.8039919046618,41.8832394985539],[-87.8039804283004,41.8829299679454],[-87.803955262827,41.8822371754541],[-87.8039302684511,41.8815504213673],[-87.8039289933583,41.8815072710259],[-87.8039263047402,41.8814162861168]]},"properties":{"OBJECTID":245,"STREETNAME":"S MAPLE AVE","BLOCK":300,"FIRST_FEATUREID":"026199915","BlockName":"300 Block of S Maple Ave","Count_":0,"Shape__Length":664.628321987045,"GlobalID":"aa0cfd40-14db-4805-9ec8-d7b4e6fa3d86","BlockNameShort":"300 S MAPLE AVE"}},{"type":"Feature","id":246,"geometry":{"type":"LineString","coordinates":[[-87.7943626385562,41.8832980228064],[-87.7943560609778,41.8830904988553],[-87.7943252105605,41.8820073356756],[-87.7943158242237,41.8817151635156],[-87.7943128886566,41.8816237900936]]},"properties":{"OBJECTID":246,"STREETNAME":"S OAK PARK AVE","BLOCK":300,"FIRST_FEATUREID":"026199566","BlockName":"300 Block of S Oak Park Ave","Count_":0,"Shape__Length":610.2500586876258,"GlobalID":"590c68ca-51ba-437d-8686-01ea495237ef","BlockNameShort":"300 S OAK PARK AVE"}},{"type":"Feature","id":247,"geometry":{"type":"LineString","coordinates":[[-87.7845622855972,41.8834521898104],[-87.7845500858814,41.8830154084478],[-87.7845286993086,41.8822634360529],[-87.7845266061054,41.8821897158579],[-87.7845227328213,41.8820535546598],[-87.7845135727059,41.8817215804619]]},"properties":{"OBJECTID":247,"STREETNAME":"S RIDGELAND AVE","BLOCK":300,"FIRST_FEATUREID":"026551","BlockName":"300 Block of S Ridgeland Ave","Count_":0,"Shape__Length":630.7832266140869,"GlobalID":"d2b16998-3c31-4968-8894-ab9ecfa7bb6f","BlockNameShort":"300 S RIDGELAND AVE"}},{"type":"Feature","id":248,"geometry":{"type":"MultiLineString","coordinates":[[[-87.7877884154858,41.8822103396156],[-87.7877741238094,41.8816636877525]],[[-87.7878184309835,41.8833817997585],[-87.787807288314,41.8831824369929],[-87.7877910372577,41.8823385033169],[-87.7877909047507,41.8823317023954]]]},"properties":{"OBJECTID":248,"STREETNAME":"S SCOVILLE AVE","BLOCK":300,"FIRST_FEATUREID":"026188","BlockName":"300 Block of S Scoville Ave","Count_":0,"Shape__Length":581.9976057460946,"GlobalID":"c33e0651-b069-47b5-8df8-284237cc1821","BlockNameShort":"300 S SCOVILLE AVE"}},{"type":"Feature","id":249,"geometry":{"type":"MultiLineString","coordinates":[[[-87.7780008086894,41.8825547567546],[-87.7779881659152,41.8820579979868]],[[-87.7780520642283,41.884004578211],[-87.7780060562832,41.8827244265511],[-87.7780058187239,41.8827170768033]]]},"properties":{"OBJECTID":249,"STREETNAME":"S TAYLOR AVE","BLOCK":300,"FIRST_FEATUREID":"0261802","BlockName":"300 Block of S Taylor Ave","Count_":0,"Shape__Length":650.3965455129768,"GlobalID":"dce0e333-bf48-4177-9d36-17db4805069f","BlockNameShort":"300 S TAYLOR AVE"}},{"type":"Feature","id":250,"geometry":{"type":"LineString","coordinates":[[-87.7830111947229,41.886966756539],[-87.7830606311022,41.8869593153135],[-87.7836249004852,41.8869689332577],[-87.7844273007286,41.8869606968683],[-87.7846607837022,41.8869576683528]]},"properties":{"OBJECTID":250,"STREETNAME":"SOUTH BLVD","BLOCK":300,"FIRST_FEATUREID":"026933","BlockName":"300 Block of South Blvd","Count_":0,"Shape__Length":449.5239302111698,"GlobalID":"fb28c577-316a-49d8-966b-8964b002ce99","BlockNameShort":"300 SOUTH BLVD"}},{"type":"Feature","id":251,"geometry":{"type":"LineString","coordinates":[[-87.7832098016403,41.8931200422771],[-87.7835472700302,41.8931145781367],[-87.7840061450066,41.8931079237528],[-87.7845747281826,41.8930996796389],[-87.7848337746164,41.8930970799727]]},"properties":{"OBJECTID":251,"STREETNAME":"SUPERIOR ST","BLOCK":300,"FIRST_FEATUREID":"0262065","BlockName":"300 Block of Superior St","Count_":0,"Shape__Length":442.2463632718168,"GlobalID":"6ded8a7d-0f77-4eb7-b237-643e4abeffbc","BlockNameShort":"300 SUPERIOR ST"}},{"type":"Feature","id":252,"geometry":{"type":"LineString","coordinates":[[-87.7826014349871,41.8999295708024],[-87.7830556598695,41.8999219562251],[-87.7832096604944,41.899919731066],[-87.7834356655306,41.8999164667035],[-87.783560534619,41.8999146597805],[-87.7838245593849,41.899911206628],[-87.78407800436,41.8999078886357],[-87.7842423620964,41.8999059079039],[-87.7844227737573,41.899903735375],[-87.7846536601396,41.8999009529223],[-87.7850612511995,41.8998938791747]]},"properties":{"OBJECTID":252,"STREETNAME":"THOMAS ST","BLOCK":300,"FIRST_FEATUREID":"0262649","BlockName":"300 Block of Thomas St","Count_":0,"Shape__Length":669.8018963797285,"GlobalID":"ddfc8113-0aa3-4de6-bcc7-cfeb3400e427","BlockNameShort":"300 THOMAS ST"}},{"type":"Feature","id":253,"geometry":{"type":"LineString","coordinates":[[-87.781820140997,41.8744964250576],[-87.7823679374407,41.8744886923524],[-87.7824360100033,41.8744876827991],[-87.7828386828468,41.8744817014497],[-87.7830478564575,41.8744778249453],[-87.7835505339987,41.8744685090784],[-87.7836622248874,41.8744668864854],[-87.7838502614765,41.8744641534273],[-87.7842781590602,41.8744576484727]]},"properties":{"OBJECTID":253,"STREETNAME":"VAN BUREN ST","BLOCK":300,"FIRST_FEATUREID":"026451","BlockName":"300 Block of Van Buren St","Count_":0,"Shape__Length":669.6001750401443,"GlobalID":"2a2c31f2-5ace-49d9-bcd2-549de84e7bd4","BlockNameShort":"300 VAN BUREN ST"}},{"type":"Feature","id":254,"geometry":{"type":"LineString","coordinates":[[-87.7828769453027,41.88174686478],[-87.7832539134038,41.8817406498842],[-87.7843000329339,41.881725101101],[-87.7843679526577,41.8817239807406],[-87.7845135727059,41.8817215804619]]},"properties":{"OBJECTID":254,"STREETNAME":"WASHINGTON BLVD","BLOCK":300,"FIRST_FEATUREID":"026199556","BlockName":"300 Block of Washington Blvd","Count_":0,"Shape__Length":445.78575847676746,"GlobalID":"9ace4a93-0994-48c9-8978-f83669990287","BlockNameShort":"300 WASHINGTON BLVD"}},{"type":"Feature","id":255,"geometry":{"type":"LineString","coordinates":[[-87.7910942998854,41.8833243277188],[-87.7910870116631,41.8831113342554],[-87.7910636957015,41.8822510380975],[-87.7910526207904,41.8818280423484],[-87.7910485126908,41.8816912274879],[-87.7910460395516,41.8816088361955]]},"properties":{"OBJECTID":255,"STREETNAME":"WESLEY AVE","BLOCK":300,"FIRST_FEATUREID":"026199561","BlockName":"300 Block of Wesley Ave","Count_":0,"Shape__Length":625.2735605170014,"GlobalID":"28aeb0f1-d067-4302-9e28-c1b7cb362a85","BlockNameShort":"300 WESLEY AVE"}},{"type":"Feature","id":256,"geometry":{"type":"LineString","coordinates":[[-87.8024397389161,41.8832646793302],[-87.802427450021,41.8830693416638],[-87.8024035576787,41.8823978226657],[-87.8023785504808,41.8817278623274],[-87.8023740378307,41.8815345440127],[-87.8023718977998,41.881442902555]]},"properties":{"OBJECTID":256,"STREETNAME":"WISCONSIN AVE","BLOCK":300,"FIRST_FEATUREID":"026199914","BlockName":"300 Block of Wisconsin Ave","Count_":0,"Shape__Length":664.1403744811549,"GlobalID":"0e06f7c0-836e-4de0-bb5a-96cba4e08c84","BlockNameShort":"300 WISCONSIN AVE"}},{"type":"Feature","id":257,"geometry":{"type":"LineString","coordinates":[[-87.7844037950763,41.8780832935338],[-87.7850149412157,41.8780833788004],[-87.7856282715313,41.8780834622278],[-87.7859378448864,41.8780835030698],[-87.7862341494319,41.8780787485601],[-87.7864652517797,41.8780750387371],[-87.7868648584176,41.8780677250011]]},"properties":{"OBJECTID":257,"STREETNAME":"ADAMS ST","BLOCK":400,"FIRST_FEATUREID":"026834","BlockName":"400 Block of Adams St","Count_":0,"Shape__Length":670.3064641208384,"GlobalID":"ef6f5cf7-c006-49e3-acc3-b8343c240f65","BlockNameShort":"400 ADAMS ST"}},{"type":"Feature","id":258,"geometry":{"type":"LineString","coordinates":[[-87.785001864128,41.8982213040409],[-87.7852381736573,41.8982180664186],[-87.7858231228315,41.8982092343464],[-87.7862147292123,41.8982033209456],[-87.7866307059898,41.898196720931],[-87.7869637838351,41.8981914374632],[-87.7874478304442,41.8981839644851],[-87.7878116553963,41.8981783448337],[-87.788261749824,41.8981713985909]]},"properties":{"OBJECTID":258,"STREETNAME":"AUGUSTA ST","BLOCK":400,"FIRST_FEATUREID":"0262327","BlockName":"400 Block of Augusta St","Count_":0,"Shape__Length":887.6982390894755,"GlobalID":"6da50f5b-0a6d-4728-b0c8-80d067513c78","BlockNameShort":"400 AUGUSTA ST"}},{"type":"Feature","id":259,"geometry":{"type":"LineString","coordinates":[[-87.7841842673149,41.9038001627056],[-87.7845331976271,41.9037981070232],[-87.7847942701615,41.9037937831305],[-87.7851105257677,41.9037885426633],[-87.7863897203471,41.9037686272591],[-87.7867119753738,41.9037620937587],[-87.7868138553397,41.9037603008209],[-87.787136248889,41.9037546149091]]},"properties":{"OBJECTID":259,"STREETNAME":"BERKSHIRE ST","BLOCK":400,"FIRST_FEATUREID":"0262433","BlockName":"400 Block of Berkshire St","Count_":0,"Shape__Length":803.7958039842075,"GlobalID":"b9eee504-677a-4e3f-b934-6429da24f103","BlockNameShort":"400 BERKSHIRE ST"}},{"type":"Feature","id":260,"geometry":{"type":"LineString","coordinates":[[-87.8007474689642,41.8814721290689],[-87.8007433199411,41.8813213590081],[-87.8007296559723,41.8808680545804],[-87.800722879339,41.8806431587297],[-87.8007106461594,41.8802710367717],[-87.8007002906394,41.8799561547483],[-87.8006998367597,41.8799423350676],[-87.8006946465615,41.8796652590095]]},"properties":{"OBJECTID":260,"STREETNAME":"CHESTNUT LN","BLOCK":400,"FIRST_FEATUREID":"0262048","BlockName":"400 Block of Chestnut Ln","Count_":0,"Shape__Length":658.5935984793908,"GlobalID":"a63fb316-1115-4cc5-ba2c-db229f1ba136","BlockNameShort":"400 CHESTNUT LN"}},{"type":"Feature","id":261,"geometry":{"type":"LineString","coordinates":[[-87.7848760132613,41.8945737793672],[-87.7852995415654,41.8945674425933],[-87.7856903340328,41.8945601189332],[-87.7860046359565,41.8945542300832],[-87.7865064985531,41.8945455647636],[-87.7869824033796,41.894537343671],[-87.7873207099344,41.8945320759153],[-87.7876155164777,41.8945274836873],[-87.7881341823937,41.8945187182384]]},"properties":{"OBJECTID":261,"STREETNAME":"CHICAGO AVE","BLOCK":400,"FIRST_FEATUREID":"02668","BlockName":"400 Block of Chicago Ave","Count_":0,"Shape__Length":887.3230643878162,"GlobalID":"0fcdbc14-018c-4ca7-91ec-8fe23fb06461","BlockNameShort":"400 CHICAGO AVE"}},{"type":"Feature","id":262,"geometry":{"type":"MultiLineString","coordinates":[[[-87.7984042659435,41.8801737353767],[-87.7983996983346,41.8800577867477],[-87.7983857316737,41.8797033058841]],[[-87.7984576472307,41.8815110725544],[-87.7984089777729,41.8802930501596]]]},"properties":{"OBJECTID":262,"STREETNAME":"CLINTON AVE","BLOCK":400,"FIRST_FEATUREID":"026489","BlockName":"400 Block of Clinton Ave","Count_":0,"Shape__Length":615.5524316788691,"GlobalID":"8b95338a-d8b2-4820-acad-437a6ddf6512","BlockNameShort":"400 CLINTON AVE"}},{"type":"Feature","id":263,"geometry":{"type":"LineString","coordinates":[[-87.7848754801441,41.9018805291326],[-87.7856138405488,41.901861386311],[-87.7859412519058,41.9018563444077],[-87.7865488668189,41.901846989188],[-87.7867522976077,41.90184298778],[-87.787099188589,41.9018361616844],[-87.7875606542355,41.9018286438767],[-87.7880928931514,41.9018199729143],[-87.7883744293986,41.9018152365432]]},"properties":{"OBJECTID":263,"STREETNAME":"DIVISION ST","BLOCK":400,"FIRST_FEATUREID":"0262303","BlockName":"400 Block of Division St","Count_":0,"Shape__Length":952.853875165572,"GlobalID":"d499aaf3-080f-426a-b658-c617812bf764","BlockNameShort":"400 DIVISION ST"}},{"type":"Feature","id":264,"geometry":{"type":"LineString","coordinates":[[-87.7847951595925,41.8917206676471],[-87.7852049348306,41.8917141826708],[-87.7856091033271,41.8917069834301],[-87.7859595820329,41.8917007405263],[-87.7864233511255,41.891692787999],[-87.7869238241531,41.8916842015401],[-87.7872377462771,41.8916785109653],[-87.7875978066304,41.8916719836016],[-87.7880515487392,41.8916644576291]]},"properties":{"OBJECTID":264,"STREETNAME":"ERIE ST","BLOCK":400,"FIRST_FEATUREID":"0261112","BlockName":"400 Block of Erie St","Count_":0,"Shape__Length":886.8867502629141,"GlobalID":"b58b4cec-dfa0-4c81-be7c-85fd51fce372","BlockNameShort":"400 ERIE ST"}},{"type":"Feature","id":265,"geometry":{"type":"LineString","coordinates":[[-87.7840279320603,41.867155741438],[-87.7842409499976,41.867152358297],[-87.7846380722983,41.8671457813218],[-87.7850485074759,41.8671389820208],[-87.785252324703,41.867135662921],[-87.7855110523911,41.8671314475509],[-87.7858664207574,41.8671250714092],[-87.7862238816455,41.8671186537168],[-87.7864778668817,41.8671138922761]]},"properties":{"OBJECTID":265,"STREETNAME":"FILLMORE ST","BLOCK":400,"FIRST_FEATUREID":"0262358","BlockName":"400 Block of Fillmore St","Count_":0,"Shape__Length":667.4985878672677,"GlobalID":"350a3cf1-de83-4867-a7e7-4a406847595c","BlockNameShort":"400 FILLMORE ST"}},{"type":"Feature","id":266,"geometry":{"type":"LineString","coordinates":[[-87.8003067787983,41.8931121706849],[-87.8003196644312,41.8935590763621],[-87.8003354228915,41.89419817594],[-87.800338094857,41.8943065354397]]},"properties":{"OBJECTID":266,"STREETNAME":"FOREST AVE","BLOCK":400,"FIRST_FEATUREID":"026301","BlockName":"400 Block of Forest Ave","Count_":0,"Shape__Length":435.31740074502875,"GlobalID":"a3248341-33b8-4045-8bb3-673b1e476785","BlockNameShort":"400 FOREST AVE"}},{"type":"Feature","id":267,"geometry":{"type":"LineString","coordinates":[[-87.7841587259564,41.8710276909265],[-87.7841653671543,41.8710332823131],[-87.7842845566925,41.8711135732259],[-87.7843535811323,41.87114378744],[-87.7844380150865,41.8711753663565],[-87.7845715184278,41.871217881186],[-87.78477121588,41.8712511711017],[-87.7847815604637,41.871252065936],[-87.7847844180621,41.8712523109737],[-87.7851027847197,41.8712795297205],[-87.7853932156475,41.8713043931535],[-87.7857151996655,41.8713319578881],[-87.7860066276678,41.8713562095889],[-87.7864581709919,41.8713937865147],[-87.7866221737742,41.8714076304533]]},"properties":{"OBJECTID":267,"STREETNAME":"GARFIELD ST","BLOCK":400,"FIRST_FEATUREID":"0262470","BlockName":"400 Block of Garfield St","Count_":0,"Shape__Length":696.5350084507712,"GlobalID":"9e79ec04-ffe7-46d9-ba50-4ab2f34554ba","BlockNameShort":"400 GARFIELD ST"}},{"type":"Feature","id":268,"geometry":{"type":"LineString","coordinates":[[-87.7834391912902,41.9057771156175],[-87.7834459260889,41.9057761403885],[-87.7835956152976,41.9057300682612],[-87.7836654873007,41.9057214011482],[-87.7837781194251,41.9057170009723],[-87.7839856272396,41.905714063887],[-87.7842664331399,41.9057100886024],[-87.7845414962884,41.9057073528638],[-87.784633784279,41.9057064325687],[-87.7849707523847,41.9057030813432],[-87.785285201169,41.9056998071244],[-87.7856898795247,41.9056955911781],[-87.7859385732,41.9056921501132],[-87.7862650812682,41.9056876297055],[-87.7865885787676,41.9056829499809],[-87.7869986360804,41.9056770173772],[-87.7872197453102,41.9056742931158]]},"properties":{"OBJECTID":268,"STREETNAME":"GREENFIELD ST","BLOCK":400,"FIRST_FEATUREID":"026493","BlockName":"400 Block of Greenfield St","Count_":0,"Shape__Length":1032.9365684496643,"GlobalID":"f89c323f-bf2c-4fd3-a43f-556bd12096bb","BlockNameShort":"400 GREENFIELD ST"}},{"type":"Feature","id":269,"geometry":{"type":"LineString","coordinates":[[-87.7842169646237,41.8726310953481],[-87.7845746755465,41.8726258094583],[-87.784814835129,41.8726220966884],[-87.7851469454045,41.8726169622458],[-87.7854427750307,41.8726122542947],[-87.7856942457783,41.8726082668219],[-87.7860536370767,41.8726029600284],[-87.7863069041149,41.8725992219666],[-87.7866797806355,41.872592681849]]},"properties":{"OBJECTID":269,"STREETNAME":"HARRISON ST","BLOCK":400,"FIRST_FEATUREID":"0261276","BlockName":"400 Block of Harrison St","Count_":0,"Shape__Length":670.921783695899,"GlobalID":"a0694c2a-4478-43cd-87e5-acafd640bd1a","BlockNameShort":"400 HARRISON ST"}},{"type":"Feature","id":270,"geometry":{"type":"LineString","coordinates":[[-87.7840881096466,41.8689811363764],[-87.7843798560573,41.8689782555198],[-87.7847001654324,41.8689741544535],[-87.7849338680998,41.8689711605582],[-87.7853136582658,41.8689617956627],[-87.7856230374313,41.868954169935],[-87.7859231759366,41.8689494290524],[-87.7862890926287,41.8689436502044],[-87.7865399825039,41.868939274546]]},"properties":{"OBJECTID":270,"STREETNAME":"HARVARD ST","BLOCK":400,"FIRST_FEATUREID":"0261772","BlockName":"400 Block of Harvard St","Count_":0,"Shape__Length":668.0229981141503,"GlobalID":"08fc0cfa-d37a-4002-8938-8e913c466749","BlockNameShort":"400 HARVARD ST"}},{"type":"Feature","id":271,"geometry":{"type":"LineString","coordinates":[[-87.7999369498057,41.8814857926198],[-87.7999272571431,41.8812104360566],[-87.7998971411914,41.88046923776],[-87.799880029673,41.8799128980265],[-87.7998727913162,41.8797630030853],[-87.7998687461576,41.8796792334166]]},"properties":{"OBJECTID":271,"STREETNAME":"HOME AVE","BLOCK":400,"FIRST_FEATUREID":"0261087","BlockName":"400 Block of Home Ave","Count_":0,"Shape__Length":658.587272694955,"GlobalID":"9b3e04fb-a955-44a7-b549-095613d05c7b","BlockNameShort":"400 HOME AVE"}},{"type":"Feature","id":272,"geometry":{"type":"LineString","coordinates":[[-87.7849386141857,41.896396842243],[-87.7852122371787,41.8963929644395],[-87.7857535505206,41.8963847896399],[-87.7863196526507,41.8963762360844],[-87.7865705064713,41.8963727102571],[-87.7868738324813,41.8963684468164],[-87.787379667547,41.8963606600303],[-87.7879226208036,41.8963523018326],[-87.7882003916242,41.8963486643944]]},"properties":{"OBJECTID":272,"STREETNAME":"IOWA ST","BLOCK":400,"FIRST_FEATUREID":"0261879","BlockName":"400 Block of Iowa St","Count_":0,"Shape__Length":888.2259567767031,"GlobalID":"9796dac0-da8a-4b2e-ad4f-829c1a30a3ba","BlockNameShort":"400 IOWA ST"}},{"type":"Feature","id":273,"geometry":{"type":"LineString","coordinates":[[-87.7843422688935,41.8762831282125],[-87.7847268821357,41.8762779056503],[-87.7849556717489,41.8762742616369],[-87.7851019052487,41.8762719301499],[-87.785565058733,41.8762631964984],[-87.7858998602154,41.8762568833856],[-87.7861770624356,41.8762520901737],[-87.7865803604655,41.8762451146211],[-87.7866980684087,41.8762430378421],[-87.7868027589844,41.876241192507]]},"properties":{"OBJECTID":273,"STREETNAME":"JACKSON BLVD","BLOCK":400,"FIRST_FEATUREID":"026200363","BlockName":"400 Block of Jackson Blvd","Count_":0,"Shape__Length":670.2797175578105,"GlobalID":"cb05da72-b697-4523-b16f-d446d994a2e5","BlockNameShort":"400 JACKSON BLVD"}},{"type":"Feature","id":274,"geometry":{"type":"LineString","coordinates":[[-87.7846993520518,41.8883256139108],[-87.7853632875598,41.8883470059277],[-87.7860834917216,41.8883713506836],[-87.7863303300446,41.8883794944463],[-87.7867425705848,41.8883930960288],[-87.7877535466193,41.8884244680636],[-87.7879629168705,41.8884318288777]]},"properties":{"OBJECTID":274,"STREETNAME":"LAKE ST","BLOCK":400,"FIRST_FEATUREID":"0261272","BlockName":"400 Block of Lake St","Count_":0,"Shape__Length":889.4932191252241,"GlobalID":"de34f893-0554-4cad-9348-572527f62ee1","BlockNameShort":"400 LAKE ST"}},{"type":"Feature","id":275,"geometry":{"type":"LineString","coordinates":[[-87.7846898010688,41.9073202145745],[-87.7850137370722,41.9073168171737],[-87.7853393447525,41.9073132782806],[-87.7855593624733,41.907310886041],[-87.7859906465144,41.9073049628706],[-87.7864106129344,41.9072991921548],[-87.7866415439877,41.9072959836933],[-87.7868754596164,41.9072927331493],[-87.7872936676792,41.9072876368943]]},"properties":{"OBJECTID":275,"STREETNAME":"LE MOYNE PKWY","BLOCK":400,"FIRST_FEATUREID":"0261782","BlockName":"400 Block of Le Moyne Pkwy","Count_":0,"Shape__Length":708.9088718849027,"GlobalID":"d594bf2b-4542-4f43-9188-0ffc12f0ed16","BlockNameShort":"400 LE MOYNE PKWY"}},{"type":"Feature","id":276,"geometry":{"type":"LineString","coordinates":[[-87.78386975792,41.904762361119],[-87.7845130049136,41.9047533240538],[-87.7848179798598,41.9047490406652],[-87.7850108982293,41.9047463282443],[-87.7862962408715,41.9047270744023],[-87.7871715369037,41.9047154065442]]},"properties":{"OBJECTID":276,"STREETNAME":"LENOX ST","BLOCK":400,"FIRST_FEATUREID":"026667","BlockName":"400 Block of Lenox St","Count_":0,"Shape__Length":898.9888079958986,"GlobalID":"22b01ecf-39a9-4b96-bcb9-8ba870ccea31","BlockNameShort":"400 LENOX ST"}},{"type":"Feature","id":277,"geometry":{"type":"LineString","coordinates":[[-87.791282667016,41.8929886370069],[-87.7912895889859,41.8932277292678],[-87.791319607544,41.8941908266566],[-87.7913239503454,41.8943578766837],[-87.7913267311316,41.8944648188485]]},"properties":{"OBJECTID":277,"STREETNAME":"LINDEN AVE","BLOCK":400,"FIRST_FEATUREID":"026198307","BlockName":"400 Block of Linden Ave","Count_":0,"Shape__Length":538.0639812006483,"GlobalID":"ac5307c0-ea5d-40f8-8995-8570a6aa2c89","BlockNameShort":"400 LINDEN AVE"}},{"type":"Feature","id":278,"geometry":{"type":"LineString","coordinates":[[-87.7844606438468,41.8799335616337],[-87.7850877540539,41.8799203581318],[-87.7856885194672,41.8799109933921],[-87.7862834671327,41.879901468147],[-87.7868239693428,41.8798928124697],[-87.7869274040994,41.8798911555271]]},"properties":{"OBJECTID":278,"STREETNAME":"MADISON ST","BLOCK":400,"FIRST_FEATUREID":"026199933","BlockName":"400 Block of Madison St","Count_":0,"Shape__Length":671.9538070913261,"GlobalID":"76152817-23e2-4713-a3bb-ce02de3cd981","BlockNameShort":"400 MADISON ST"}},{"type":"Feature","id":279,"geometry":{"type":"LineString","coordinates":[[-87.7749134066619,41.8875933415867],[-87.7749294626102,41.8880288097943],[-87.7749314538523,41.8882298964685],[-87.7749559185639,41.8884852830951],[-87.77495642944,41.8886467529105],[-87.7749696080804,41.8889106982106],[-87.7749691182348,41.8890077661933],[-87.7749848271939,41.8895052913629]]},"properties":{"OBJECTID":279,"STREETNAME":"N AUSTIN BLVD","BLOCK":400,"FIRST_FEATUREID":"026553","BlockName":"400 Block of N Austin Blvd","Count_":0,"Shape__Length":697.1446366128663,"GlobalID":"580fa7ad-3033-44ea-984d-ce18be4049ed","BlockNameShort":"400 N AUSTIN BLVD"}},{"type":"Feature","id":280,"geometry":{"type":"LineString","coordinates":[[-87.7832098016403,41.8931200422771],[-87.7832199935453,41.8934770080342],[-87.7832385349758,41.894059096385],[-87.7832487829554,41.8943809085278],[-87.7832554381704,41.8945966297465]]},"properties":{"OBJECTID":280,"STREETNAME":"N CUYLER AVE","BLOCK":400,"FIRST_FEATUREID":"0261224","BlockName":"400 Block of N Cuyler Ave","Count_":0,"Shape__Length":538.2215649923711,"GlobalID":"07120865-0711-47af-a1fc-99d0f3871a84","BlockNameShort":"400 N CUYLER AVE"}},{"type":"Feature","id":281,"geometry":{"type":"LineString","coordinates":[[-87.7897317294188,41.893015101035],[-87.789734314078,41.8931026489752],[-87.7897520561305,41.8937132185002],[-87.7897685408359,41.8942597857443],[-87.7897748713828,41.8944912295397]]},"properties":{"OBJECTID":281,"STREETNAME":"N EAST AVE","BLOCK":400,"FIRST_FEATUREID":"026770","BlockName":"400 Block of N East Ave","Count_":0,"Shape__Length":538.0386195966381,"GlobalID":"a542135d-aa7f-4d51-bd7f-f6496196a419","BlockNameShort":"400 N EAST AVE"}},{"type":"Feature","id":282,"geometry":{"type":"LineString","coordinates":[[-87.7864627903037,41.8930709035944],[-87.7864752233356,41.89351519577],[-87.7864947299551,41.8942037373758],[-87.7865028036117,41.8944382399966],[-87.7865064985531,41.8945455647636]]},"properties":{"OBJECTID":282,"STREETNAME":"N ELMWOOD AVE","BLOCK":400,"FIRST_FEATUREID":"026198313","BlockName":"400 Block of N Elmwood Ave","Count_":0,"Shape__Length":537.508506547525,"GlobalID":"8dad77f2-c165-4ea7-bbec-f2209e02aca5","BlockNameShort":"400 N ELMWOOD AVE"}},{"type":"Feature","id":283,"geometry":{"type":"LineString","coordinates":[[-87.7928165180266,41.89296342392],[-87.7928211018227,41.8931442232805],[-87.7928480269015,41.8940979214914],[-87.7928532505675,41.8943346215218],[-87.7928555688617,41.8944396941682]]},"properties":{"OBJECTID":283,"STREETNAME":"N EUCLID AVE","BLOCK":400,"FIRST_FEATUREID":"026198306","BlockName":"400 Block of N Euclid Ave","Count_":0,"Shape__Length":538.0678029936953,"GlobalID":"f1fb6ad8-bfc3-46e5-9e03-bd440d173403","BlockNameShort":"400 N EUCLID AVE"}},{"type":"Feature","id":284,"geometry":{"type":"LineString","coordinates":[[-87.7961354751172,41.8929660544135],[-87.7961381326875,41.8930675155409],[-87.7961554464042,41.8937288605096],[-87.796167137849,41.8941832527269],[-87.7961697382097,41.8942725679585],[-87.796172945108,41.8943826875143]]},"properties":{"OBJECTID":284,"STREETNAME":"N GROVE AVE","BLOCK":400,"FIRST_FEATUREID":"026198299","BlockName":"400 Block of N Grove Ave","Count_":0,"Shape__Length":516.3304238743212,"GlobalID":"3cf97699-067d-4c73-b5b0-001051415081","BlockNameShort":"400 N GROVE AVE"}},{"type":"Feature","id":285,"geometry":{"type":"LineString","coordinates":[[-87.8049953962408,41.8871285162542],[-87.8050195083608,41.8878553369499],[-87.8050552454891,41.888583238318],[-87.8050866652102,41.8892327080072]]},"properties":{"OBJECTID":285,"STREETNAME":"N HARLEM AVE","BLOCK":400,"FIRST_FEATUREID":"0261246","BlockName":"400 Block of N Harlem Ave","Count_":0,"Shape__Length":767.192913218516,"GlobalID":"1ba79d7d-e485-4d38-ab42-8d970e15bb71","BlockNameShort":"400 N HARLEM AVE"}},{"type":"Feature","id":286,"geometry":{"type":"LineString","coordinates":[[-87.7815882119207,41.8931426221229],[-87.7815975319077,41.8934654365769],[-87.7816238353075,41.8943396601664],[-87.7816282369338,41.8945106615059],[-87.7816310581562,41.894620267287]]},"properties":{"OBJECTID":286,"STREETNAME":"N HARVEY AVE","BLOCK":400,"FIRST_FEATUREID":"026198322","BlockName":"400 Block of N Harvey Ave","Count_":0,"Shape__Length":538.5901116234489,"GlobalID":"7ec6f6b2-146b-4b87-85cb-dad3e94ae95a","BlockNameShort":"400 N HARVEY AVE"}},{"type":"Feature","id":287,"geometry":{"type":"LineString","coordinates":[[-87.7767116942904,41.8932155405434],[-87.7767164587752,41.8934126285345],[-87.7767408922426,41.8941518820712],[-87.7767509003546,41.8944544010782],[-87.7767551089345,41.894586320545],[-87.7767582941092,41.8946862189204]]},"properties":{"OBJECTID":287,"STREETNAME":"N HUMPHREY AVE","BLOCK":400,"FIRST_FEATUREID":"026198330","BlockName":"400 Block of N Humphrey Ave","Count_":0,"Shape__Length":536.0763568557161,"GlobalID":"ca450c0b-3700-4a3b-92c4-3d7416c429e9","BlockNameShort":"400 N HUMPHREY AVE"}},{"type":"Feature","id":288,"geometry":{"type":"LineString","coordinates":[[-87.7976326830842,41.8930007357902],[-87.797648200606,41.893567968479],[-87.7976689502846,41.8942494491392],[-87.7976721781338,41.8943554947092]]},"properties":{"OBJECTID":288,"STREETNAME":"N KENILWORTH AVE","BLOCK":400,"FIRST_FEATUREID":"026198297","BlockName":"400 Block of N Kenilworth Ave","Count_":0,"Shape__Length":493.79948846795304,"GlobalID":"9cb06f29-69e5-48dc-b08b-e294cad50382","BlockNameShort":"400 N KENILWORTH AVE"}},{"type":"Feature","id":289,"geometry":{"type":"LineString","coordinates":[[-87.7799607699261,41.8931672612667],[-87.7799673474775,41.8933570444007],[-87.779988822814,41.89409838444],[-87.7800000313053,41.8944853060483],[-87.7800015952191,41.894539079256],[-87.7800046821256,41.8946452245417]]},"properties":{"OBJECTID":289,"STREETNAME":"N LOMBARD AVE","BLOCK":400,"FIRST_FEATUREID":"026198323","BlockName":"400 Block of N Lombard Ave","Count_":0,"Shape__Length":538.7125865399831,"GlobalID":"9fa986b6-4cb4-47f8-b1d8-0ef3e85d6312","BlockNameShort":"400 N LOMBARD AVE"}},{"type":"Feature","id":290,"geometry":{"type":"LineString","coordinates":[[-87.8039192586806,41.8930449922203],[-87.803927259072,41.8933824591788],[-87.8039447521193,41.8938851717658],[-87.8039571217401,41.8942406323342]]},"properties":{"OBJECTID":290,"STREETNAME":"N MAPLE AVE","BLOCK":400,"FIRST_FEATUREID":"026197943","BlockName":"400 Block of N Maple Ave","Count_":0,"Shape__Length":435.8229668953068,"GlobalID":"84ffeed4-4228-49e2-9f74-2d5baaa00b57","BlockNameShort":"400 N MAPLE AVE"}},{"type":"Feature","id":291,"geometry":{"type":"LineString","coordinates":[[-87.8027895301811,41.8930728363003],[-87.8027988876165,41.8933951442432],[-87.8028242004237,41.8941487976099],[-87.8028280607883,41.8942637512469]]},"properties":{"OBJECTID":291,"STREETNAME":"N MARION ST","BLOCK":400,"FIRST_FEATUREID":"026197944","BlockName":"400 Block of N Marion St","Count_":0,"Shape__Length":434.10344051115425,"GlobalID":"4d059316-63d4-49d4-9924-9f66b970da97","BlockNameShort":"400 N MARION ST"}},{"type":"Feature","id":292,"geometry":{"type":"LineString","coordinates":[[-87.7946380366872,41.8930219529131],[-87.7946445717481,41.8932520784689],[-87.7946631901002,41.8940830144604],[-87.7946705710375,41.8942985368013],[-87.7946743508804,41.8944088571581]]},"properties":{"OBJECTID":292,"STREETNAME":"N OAK PARK AVE","BLOCK":400,"FIRST_FEATUREID":"026198303","BlockName":"400 Block of N Oak Park Ave","Count_":0,"Shape__Length":505.49633506741054,"GlobalID":"a09f683a-d09d-4b2c-bd50-e2a712d3fcc8","BlockNameShort":"400 N OAK PARK AVE"}},{"type":"Feature","id":293,"geometry":{"type":"LineString","coordinates":[[-87.7848337746164,41.8930970799727],[-87.7848419707612,41.8934123178467],[-87.7848592776329,41.8940339457541],[-87.7848667784185,41.894303438417],[-87.7848760132613,41.8945737793672]]},"properties":{"OBJECTID":293,"STREETNAME":"N RIDGELAND AVE","BLOCK":400,"FIRST_FEATUREID":"026378","BlockName":"400 Block of N Ridgeland Ave","Count_":0,"Shape__Length":538.242530506169,"GlobalID":"dbae334b-79d6-4d1d-8b2b-dbfb36aeac80","BlockNameShort":"400 N RIDGELAND AVE"}},{"type":"Feature","id":294,"geometry":{"type":"LineString","coordinates":[[-87.7880905791289,41.8930424717347],[-87.788095729805,41.8932215002846],[-87.7881253952323,41.8942852288264],[-87.7881300994497,41.8944102212344],[-87.7881341823937,41.8945187182384]]},"properties":{"OBJECTID":294,"STREETNAME":"N SCOVILLE AVE","BLOCK":400,"FIRST_FEATUREID":"026198312","BlockName":"400 Block of N Scoville Ave","Count_":0,"Shape__Length":538.0861758160402,"GlobalID":"148c9750-bc79-4a74-8b4d-7b193b8f17f9","BlockNameShort":"400 N SCOVILLE AVE"}},{"type":"Feature","id":295,"geometry":{"type":"LineString","coordinates":[[-87.7783354878837,41.8931916933085],[-87.7783425095959,41.8934718702395],[-87.7783627943779,41.894126827861],[-87.778370583217,41.8943782659621],[-87.7783765414484,41.8945597125918],[-87.7783801547354,41.8946697481342]]},"properties":{"OBJECTID":295,"STREETNAME":"N TAYLOR AVE","BLOCK":400,"FIRST_FEATUREID":"02660","BlockName":"400 Block of N Taylor Ave","Count_":0,"Shape__Length":538.7510941986641,"GlobalID":"b40639e5-2682-4c5e-b3f4-fbff43fb89b1","BlockNameShort":"400 N TAYLOR AVE"}},{"type":"Feature","id":296,"geometry":{"type":"LineString","coordinates":[[-87.7847552811114,41.8903629391438],[-87.7853977890179,41.8903521179241],[-87.785573139692,41.8903493566907],[-87.7861520766698,41.8903402366708],[-87.7863860917703,41.8903361537989],[-87.7867302072153,41.8903301465275],[-87.7870986694277,41.8903236120908],[-87.787200731215,41.8903217296112],[-87.7880140209039,41.8903067224174]]},"properties":{"OBJECTID":296,"STREETNAME":"ONTARIO ST","BLOCK":400,"FIRST_FEATUREID":"0261148","BlockName":"400 Block of Ontario St","Count_":0,"Shape__Length":887.5458000542235,"GlobalID":"a421a86d-c2c3-4681-aed2-2534782688cd","BlockNameShort":"400 ONTARIO ST"}},{"type":"Feature","id":297,"geometry":{"type":"LineString","coordinates":[[-87.8015612659359,41.8814574557858],[-87.8015571346636,41.8812695862773],[-87.8015519357717,41.8809931063045],[-87.8015410366939,41.8808537024512],[-87.8015277986817,41.8806844305664],[-87.8015194248284,41.8804543683867],[-87.8015181097836,41.8802546633625],[-87.8015166940161,41.8800396448184],[-87.8015165184507,41.8799406575114],[-87.8015159989063,41.8796496612913]]},"properties":{"OBJECTID":297,"STREETNAME":"PENNSYLVANIA WAY","BLOCK":400,"FIRST_FEATUREID":"0262113","BlockName":"400 Block of Pennsylvania Way","Count_":0,"Shape__Length":659.0131927803477,"GlobalID":"b5b488e5-f546-4f0e-812d-4e1332307e7b","BlockNameShort":"400 PENNSYLVANIA WAY"}},{"type":"Feature","id":298,"geometry":{"type":"LineString","coordinates":[[-87.784611143396,41.8852104668453],[-87.7849315060992,41.8852034105718],[-87.785420345244,41.8851952441183],[-87.7858526000753,41.8851880186026],[-87.7862422808423,41.8851811441585],[-87.7865409467024,41.8851758761515],[-87.7870528939498,41.885167063686],[-87.7874077574253,41.8851609551154],[-87.7878719155541,41.8851526770997]]},"properties":{"OBJECTID":298,"STREETNAME":"PLEASANT ST","BLOCK":400,"FIRST_FEATUREID":"0261222","BlockName":"400 Block of Pleasant St","Count_":0,"Shape__Length":888.1847562343148,"GlobalID":"0b3c2b4e-b050-4a97-9fc7-0bf09b19b60c","BlockNameShort":"400 PLEASANT ST"}},{"type":"Feature","id":299,"geometry":{"type":"LineString","coordinates":[[-87.7845622855972,41.8834521898104],[-87.784685549362,41.8834368318915],[-87.7853750257761,41.8834248080417],[-87.7857602584364,41.88341808596],[-87.7861928928021,41.883410155988],[-87.7867727196449,41.8833995280187],[-87.7870087204815,41.8833955550326],[-87.787542873025,41.8833865605881],[-87.7878184309835,41.8833817997585]]},"properties":{"OBJECTID":299,"STREETNAME":"RANDOLPH ST","BLOCK":400,"FIRST_FEATUREID":"0261003","BlockName":"400 Block of Randolph St","Count_":0,"Shape__Length":887.3971855579758,"GlobalID":"998810b4-c668-4888-b8dc-3cbc9f68f30e","BlockNameShort":"400 RANDOLPH ST"}},{"type":"Feature","id":300,"geometry":{"type":"LineString","coordinates":[[-87.7744692481111,41.8745170928338],[-87.7744684704054,41.8744932515371],[-87.7744591332705,41.8742288524408],[-87.774452994617,41.8740569495566],[-87.7744465361322,41.873866313448],[-87.7744462361023,41.8738574724079],[-87.7744438233934,41.8737862398332],[-87.7744401529686,41.8736663438301],[-87.7744388888718,41.8736250496894]]},"properties":{"OBJECTID":300,"STREETNAME":"S AUSTIN BLVD","BLOCK":400,"FIRST_FEATUREID":"026201142","BlockName":"400 Block of S Austin Blvd","Count_":0,"Shape__Length":325.1707597699855,"GlobalID":"3928773d-f601-4caf-8c38-6c2fe296fdb6","BlockNameShort":"400 S AUSTIN BLVD"}},{"type":"Feature","id":301,"geometry":{"type":"MultiLineString","coordinates":[[[-87.7828397999513,41.8804892682082],[-87.7828253990642,41.8801231033426],[-87.782821427393,41.8800221350963],[-87.7828194277988,41.879962867606]],[[-87.7828769453027,41.88174686478],[-87.7828603921038,41.8812277159614]]]},"properties":{"OBJECTID":301,"STREETNAME":"S CUYLER AVE","BLOCK":400,"FIRST_FEATUREID":"026199935","BlockName":"400 Block of S Cuyler Ave","Count_":0,"Shape__Length":381.1380663325217,"GlobalID":"c89228cd-f96c-4bb7-b7c5-862594299412","BlockNameShort":"400 S CUYLER AVE"}},{"type":"Feature","id":302,"geometry":{"type":"LineString","coordinates":[[-87.7894127185602,41.8816366719143],[-87.7894060391076,41.8814172077034],[-87.7893975465422,41.8811100900694],[-87.7893771627412,41.8803731479449],[-87.7893714995207,41.8801684082142],[-87.7893609392445,41.8798500003128]]},"properties":{"OBJECTID":302,"STREETNAME":"S EAST AVE","BLOCK":400,"FIRST_FEATUREID":"0262758","BlockName":"400 Block of S East Ave","Count_":0,"Shape__Length":651.2261169109964,"GlobalID":"5334e9bd-a719-4c30-930b-bd1b30016d34","BlockNameShort":"400 S EAST AVE"}},{"type":"Feature","id":303,"geometry":{"type":"LineString","coordinates":[[-87.7861420614632,41.8816932232904],[-87.7861259491103,41.8811489610295],[-87.7861087059213,41.8805665484775]]},"properties":{"OBJECTID":303,"STREETNAME":"S ELMWOOD AVE","BLOCK":400,"FIRST_FEATUREID":"0261498","BlockName":"400 Block of S Elmwood Ave","Count_":0,"Shape__Length":410.6668961386325,"GlobalID":"ec18f8fd-85a6-4b4b-a0e5-c2f8d3c9eba7","BlockNameShort":"400 S ELMWOOD AVE"}},{"type":"Feature","id":304,"geometry":{"type":"LineString","coordinates":[[-87.7926744980327,41.8815806959531],[-87.7926721090568,41.8814782121248],[-87.7926607559878,41.8811434145967],[-87.7926575482216,41.8810400229607],[-87.7926350206639,41.8803137025256],[-87.7926188029472,41.8797908623616]]},"properties":{"OBJECTID":304,"STREETNAME":"S EUCLID AVE","BLOCK":400,"FIRST_FEATUREID":"026349","BlockName":"400 Block of S Euclid Ave","Count_":0,"Shape__Length":652.4018771576486,"GlobalID":"25c2fb9f-33b9-4d0e-8814-42b455f8e281","BlockNameShort":"400 S EUCLID AVE"}},{"type":"Feature","id":305,"geometry":{"type":"LineString","coordinates":[[-87.7956481740358,41.8815979748959],[-87.7956381401259,41.8812665042939],[-87.7956166754405,41.8805023488689],[-87.7956053852838,41.8802529260366],[-87.7955871726409,41.8798504735772],[-87.7955826880575,41.8797513841602]]},"properties":{"OBJECTID":305,"STREETNAME":"S GROVE AVE","BLOCK":400,"FIRST_FEATUREID":"026199927","BlockName":"400 Block of S Grove Ave","Count_":0,"Shape__Length":673.1557883532473,"GlobalID":"9c24916e-1816-40cb-acd7-e06d154bda5e","BlockNameShort":"400 S GROVE AVE"}},{"type":"Feature","id":306,"geometry":{"type":"LineString","coordinates":[[-87.8045798049708,41.8753960464001],[-87.8045272488086,41.8753418485678],[-87.8044603911839,41.8740337523027]]},"properties":{"OBJECTID":306,"STREETNAME":"S HARLEM AVE","BLOCK":400,"FIRST_FEATUREID":"026856","BlockName":"400 Block of S Harlem Ave","Count_":0,"Shape__Length":501.415089248442,"GlobalID":"8423a11f-b240-4a0f-8342-0cf57e65f50b","BlockNameShort":"400 S HARLEM AVE"}},{"type":"Feature","id":307,"geometry":{"type":"LineString","coordinates":[[-87.7812475777817,41.8817721633731],[-87.781240573495,41.8815341978125],[-87.781232295313,41.8812681579174],[-87.7812118398247,41.8806106190103],[-87.7812086547516,41.8805190531856],[-87.7811899911768,41.8799827036293]]},"properties":{"OBJECTID":307,"STREETNAME":"S HARVEY AVE","BLOCK":400,"FIRST_FEATUREID":"026599","BlockName":"400 Block of S Harvey Ave","Count_":0,"Shape__Length":652.2783988617188,"GlobalID":"b548f52f-0532-4cc9-aace-d7e0ab3abfc8","BlockNameShort":"400 S HARVEY AVE"}},{"type":"Feature","id":308,"geometry":{"type":"MultiLineString","coordinates":[[[-87.776310523949,41.8806250404181],[-87.7763096226208,41.8805956506434],[-87.7762904792346,41.8800619729398]],[[-87.7763563738179,41.8820843237627],[-87.7763423213935,41.88154506806],[-87.7763395589096,41.8814390725732],[-87.7763225593223,41.8807868175443]]]},"properties":{"OBJECTID":308,"STREETNAME":"S HUMPHREY AVE","BLOCK":400,"FIRST_FEATUREID":"0261015","BlockName":"400 Block of S Humphrey Ave","Count_":0,"Shape__Length":678.1661230855842,"GlobalID":"a38a5e3b-0188-4643-8115-6efafeb1c408","BlockNameShort":"400 S HUMPHREY AVE"}},{"type":"Feature","id":309,"geometry":{"type":"LineString","coordinates":[[-87.7969768285173,41.8815550084765],[-87.7969659492796,41.8812369284423],[-87.7969547054869,41.8808908532056],[-87.7969331721949,41.8802260946777],[-87.7969323791187,41.8802015025883],[-87.7969194686137,41.8798029492709],[-87.7969170566228,41.8797284840808]]},"properties":{"OBJECTID":309,"STREETNAME":"S KENILWORTH AVE","BLOCK":400,"FIRST_FEATUREID":"026199926","BlockName":"400 Block of S Kenilworth Ave","Count_":0,"Shape__Length":665.7937909348658,"GlobalID":"d24f0a04-2aa3-40f7-bcea-9f1e8e58218f","BlockNameShort":"400 S KENILWORTH AVE"}},{"type":"Feature","id":310,"geometry":{"type":"LineString","coordinates":[[-87.7796174461069,41.8819274122933],[-87.7796038120298,41.8815253298427],[-87.7796027251905,41.8814896214942],[-87.7795968404125,41.8812962894386],[-87.7795740126079,41.8805462402542],[-87.7795669667095,41.8803148000365],[-87.7795575243022,41.8800243703591]]},"properties":{"OBJECTID":310,"STREETNAME":"S LOMBARD AVE","BLOCK":400,"FIRST_FEATUREID":"026661","BlockName":"400 Block of S Lombard Ave","Count_":0,"Shape__Length":693.6715985766812,"GlobalID":"9dc3e1d4-808d-46f3-8efb-17a7903c337c","BlockNameShort":"400 S LOMBARD AVE"}},{"type":"Feature","id":311,"geometry":{"type":"LineString","coordinates":[[-87.8039263047402,41.8814162861168],[-87.8039174664143,41.8811172358612],[-87.803888608327,41.8804048868568],[-87.8038841846194,41.8802627138898],[-87.8038782482645,41.8800718793674],[-87.8038713696711,41.8798508528665],[-87.8038675064899,41.8796984329551],[-87.8038655969322,41.8796231301959]]},"properties":{"OBJECTID":311,"STREETNAME":"S MAPLE AVE","BLOCK":400,"FIRST_FEATUREID":"026199917","BlockName":"400 Block of S Maple Ave","Count_":0,"Shape__Length":653.6496079043901,"GlobalID":"db3e4825-bed8-4afd-b512-de1bfa420e80","BlockNameShort":"400 S MAPLE AVE"}},{"type":"Feature","id":312,"geometry":{"type":"LineString","coordinates":[[-87.7943128886566,41.8816237900936],[-87.7943118381744,41.8815910954952],[-87.7943109825814,41.8815644557204],[-87.794304165972,41.8813522929135],[-87.7942821995252,41.8806058635786],[-87.7942721514633,41.8802818025701],[-87.7942648077763,41.8800449390135],[-87.7942563332907,41.8797700405223]]},"properties":{"OBJECTID":312,"STREETNAME":"S OAK PARK AVE","BLOCK":400,"FIRST_FEATUREID":"026923","BlockName":"400 Block of S Oak Park Ave","Count_":0,"Shape__Length":675.6915888530664,"GlobalID":"e12845c4-d0b9-4e27-b948-7af9b972baa1","BlockNameShort":"400 S OAK PARK AVE"}},{"type":"Feature","id":313,"geometry":{"type":"LineString","coordinates":[[-87.7845135727059,41.8817215804619],[-87.7845034492798,41.881354639511],[-87.7844982981472,41.8811776101053],[-87.7844774079864,41.8804592541566],[-87.7844724645337,41.8802893645381],[-87.7844606438468,41.8799335616337]]},"properties":{"OBJECTID":313,"STREETNAME":"S RIDGELAND AVE","BLOCK":400,"FIRST_FEATUREID":"0262118","BlockName":"400 Block of S Ridgeland Ave","Count_":0,"Shape__Length":651.7239098302898,"GlobalID":"62fb0936-2bc0-416d-9f85-5317edd5a7a9","BlockNameShort":"400 S RIDGELAND AVE"}},{"type":"Feature","id":314,"geometry":{"type":"LineString","coordinates":[[-87.7877741238094,41.8816636877525],[-87.7877680263078,41.8814304311583],[-87.7877591813429,41.8811233153404],[-87.7877498255299,41.8807985071315],[-87.7877396538427,41.8804013659352],[-87.787726256812,41.8798783575665]]},"properties":{"OBJECTID":314,"STREETNAME":"S SCOVILLE AVE","BLOCK":400,"FIRST_FEATUREID":"0261883","BlockName":"400 Block of S Scoville Ave","Count_":0,"Shape__Length":650.7148618720726,"GlobalID":"3aa2ffad-82d5-4f27-9713-463d373f24b2","BlockNameShort":"400 S SCOVILLE AVE"}},{"type":"Feature","id":315,"geometry":{"type":"LineString","coordinates":[[-87.7779881659152,41.8820579979868],[-87.7779819537461,41.8818139866788],[-87.7779727732764,41.8815163806861],[-87.7779589008052,41.8810666435063],[-87.777944652275,41.8805743713547],[-87.7779352398612,41.8802042469204],[-87.7779291452051,41.8800385236571]]},"properties":{"OBJECTID":315,"STREETNAME":"S TAYLOR AVE","BLOCK":400,"FIRST_FEATUREID":"0261046","BlockName":"400 Block of S Taylor Ave","Count_":0,"Shape__Length":736.0855306385441,"GlobalID":"4a49c8c9-973e-4b77-b346-81cd2d019413","BlockNameShort":"400 S TAYLOR AVE"}},{"type":"Feature","id":316,"geometry":{"type":"LineString","coordinates":[[-87.7846607837022,41.8869576683528],[-87.7850534940258,41.886952573502],[-87.7856004549369,41.8869463197],[-87.7860468438726,41.8869423552969],[-87.7862944247829,41.886953057843],[-87.7866892932356,41.8869701143011],[-87.787622281505,41.8869667573496],[-87.787920391046,41.8869622736231]]},"properties":{"OBJECTID":316,"STREETNAME":"SOUTH BLVD","BLOCK":400,"FIRST_FEATUREID":"0261333","BlockName":"400 Block of South Blvd","Count_":0,"Shape__Length":887.9452867269497,"GlobalID":"c316922b-d4e8-4a1b-9765-2fcc576a2446","BlockNameShort":"400 SOUTH BLVD"}},{"type":"Feature","id":317,"geometry":{"type":"LineString","coordinates":[[-87.7848337746164,41.8930970799727],[-87.7851619204203,41.8930937840992],[-87.785634369083,41.8930856160052],[-87.785917057749,41.893080729042],[-87.7864627903037,41.8930709035944],[-87.786735346212,41.8930659933725],[-87.7872736762679,41.8930571525244],[-87.7877459233017,41.8930493943423],[-87.7880905791289,41.8930424717347]]},"properties":{"OBJECTID":317,"STREETNAME":"SUPERIOR ST","BLOCK":400,"FIRST_FEATUREID":"0261080","BlockName":"400 Block of Superior St","Count_":0,"Shape__Length":886.9719530558438,"GlobalID":"c4619ab5-c53c-434b-a8ac-d3bebe7d4929","BlockNameShort":"400 SUPERIOR ST"}},{"type":"Feature","id":318,"geometry":{"type":"LineString","coordinates":[[-87.7850612511995,41.8998938791747],[-87.7854299300883,41.899887480852],[-87.7858627705669,41.8998804337939],[-87.7858684283004,41.8998803320184],[-87.7864799302109,41.8998694335787],[-87.7866853544826,41.8998662268706],[-87.7869729804886,41.8998617371944],[-87.7874865265984,41.8998520167174],[-87.7878930895462,41.8998443221008],[-87.7883114136763,41.8998385581755]]},"properties":{"OBJECTID":318,"STREETNAME":"THOMAS ST","BLOCK":400,"FIRST_FEATUREID":"0262151","BlockName":"400 Block of Thomas St","Count_":0,"Shape__Length":885.0734008762893,"GlobalID":"8b5734da-f3f2-49ba-a9b1-3f0f5b69f7bd","BlockNameShort":"400 THOMAS ST"}},{"type":"Feature","id":319,"geometry":{"type":"LineString","coordinates":[[-87.7842781590602,41.8744576484727],[-87.7845258453924,41.8744538822662],[-87.7848876357294,41.8744476137266],[-87.7850660079523,41.8744445246068],[-87.7855043688621,41.8744377382093],[-87.785780151741,41.8744334694769],[-87.7861170587188,41.8744271909657],[-87.7862925195529,41.8744239186043],[-87.7867408176155,41.8744158279047]]},"properties":{"OBJECTID":319,"STREETNAME":"VAN BUREN ST","BLOCK":400,"FIRST_FEATUREID":"0262104","BlockName":"400 Block of Van Buren St","Count_":0,"Shape__Length":670.887427727419,"GlobalID":"eb38f899-828b-4443-944d-7f9d490f27e1","BlockNameShort":"400 VAN BUREN ST"}},{"type":"Feature","id":320,"geometry":{"type":"LineString","coordinates":[[-87.7845135727059,41.8817215804619],[-87.7850147063552,41.8817133123912],[-87.785866338184,41.8816988517516],[-87.7861420614632,41.8816932232904],[-87.7864113126682,41.8816877272071],[-87.787310905072,41.8816729899629],[-87.7876295057118,41.881666592116],[-87.7877741238094,41.8816636877525]]},"properties":{"OBJECTID":320,"STREETNAME":"WASHINGTON BLVD","BLOCK":400,"FIRST_FEATUREID":"026199558","BlockName":"400 Block of Washington Blvd","Count_":0,"Shape__Length":888.1743006165105,"GlobalID":"275a2513-e787-4573-9bb7-c09204610cb2","BlockNameShort":"400 WASHINGTON BLVD"}},{"type":"Feature","id":321,"geometry":{"type":"LineString","coordinates":[[-87.7910460395516,41.8816088361955],[-87.7910387231667,41.8813652965836],[-87.7910150372166,41.880492456625],[-87.7910108121805,41.8803419883701],[-87.7909961861883,41.8798208265494]]},"properties":{"OBJECTID":321,"STREETNAME":"WESLEY AVE","BLOCK":400,"FIRST_FEATUREID":"0262249","BlockName":"400 Block of Wesley Ave","Count_":0,"Shape__Length":651.7016855571972,"GlobalID":"b626dd6a-f9c7-40f1-9a34-3b00f7e0ab40","BlockNameShort":"400 WESLEY AVE"}},{"type":"Feature","id":322,"geometry":{"type":"LineString","coordinates":[[-87.8023718977998,41.881442902555],[-87.8023660809522,41.8811936362526],[-87.8023371448805,41.8804706660726],[-87.8023235445647,41.8800877797358],[-87.8023199011299,41.879985220937],[-87.802316328038,41.8798846441181],[-87.8023164549502,41.8796364874426]]},"properties":{"OBJECTID":322,"STREETNAME":"WISCONSIN AVE","BLOCK":400,"FIRST_FEATUREID":"026417","BlockName":"400 Block of Wisconsin Ave","Count_":0,"Shape__Length":658.4733134643118,"GlobalID":"72b5a952-f497-43d8-85f6-f745eb274c00","BlockNameShort":"400 WISCONSIN AVE"}},{"type":"Feature","id":323,"geometry":{"type":"LineString","coordinates":[[-87.7868648584176,41.8780677250011],[-87.787134023231,41.8780627985089],[-87.7874606264734,41.8780578725134],[-87.7877564319869,41.8780534079166],[-87.788074931791,41.878045697429],[-87.7882492394997,41.8780414775579],[-87.7886851874141,41.8780351321756],[-87.7888123705442,41.8780332818402],[-87.7893009138123,41.8780253773961]]},"properties":{"OBJECTID":323,"STREETNAME":"ADAMS ST","BLOCK":500,"FIRST_FEATUREID":"0262752","BlockName":"500 Block of Adams St","Count_":0,"Shape__Length":663.6174742952812,"GlobalID":"9a5052f7-d86d-40f9-833e-055706bb6583","BlockNameShort":"500 ADAMS ST"}},{"type":"Feature","id":324,"geometry":{"type":"LineString","coordinates":[[-87.788261749824,41.8981713985909],[-87.7886886948952,41.8981648071681],[-87.7890690222718,41.8981591789688],[-87.7893938407859,41.898154373304],[-87.7897634830755,41.8981486741847],[-87.7898875818164,41.8981467603935]]},"properties":{"OBJECTID":324,"STREETNAME":"AUGUSTA ST","BLOCK":500,"FIRST_FEATUREID":"0261960","BlockName":"500 Block of Augusta St","Count_":0,"Shape__Length":442.72791300835115,"GlobalID":"21b9ae83-d9d1-4254-ae8a-349e08b67858","BlockNameShort":"500 AUGUSTA ST"}},{"type":"Feature","id":325,"geometry":{"type":"LineString","coordinates":[[-87.8019229604773,41.8942796377318],[-87.8019453394547,41.894892904456],[-87.8019732440878,41.8956576358925],[-87.8019883276405,41.896084333306],[-87.8019918125739,41.8961829124884]]},"properties":{"OBJECTID":325,"STREETNAME":"BELLEFORTE AVE","BLOCK":500,"FIRST_FEATUREID":"0262415","BlockName":"500 Block of Belleforte Ave","Count_":0,"Shape__Length":693.8177039700616,"GlobalID":"0a2bf8fd-0d9e-4a69-9a28-360269768378","BlockNameShort":"500 BELLEFORTE AVE"}},{"type":"Feature","id":326,"geometry":{"type":"LineString","coordinates":[[-87.787136248889,41.9037546149091],[-87.7874570633674,41.9037489529978],[-87.7876252256322,41.9037457457541],[-87.7878654343741,41.9037411599678],[-87.7881041375323,41.9037366043446],[-87.7884367434687,41.9037309470635],[-87.7885985455645,41.9037281934972],[-87.7888243119785,41.9037243520006],[-87.7892825406523,41.903718107531],[-87.7896744467311,41.9037127654152],[-87.7900553961348,41.903705877362]]},"properties":{"OBJECTID":326,"STREETNAME":"BERKSHIRE ST","BLOCK":500,"FIRST_FEATUREID":"0262394","BlockName":"500 Block of Berkshire St","Count_":0,"Shape__Length":794.8776579541691,"GlobalID":"0d09557b-db38-41dc-af6a-adc2e11566de","BlockNameShort":"500 BERKSHIRE ST"}},{"type":"Feature","id":327,"geometry":{"type":"LineString","coordinates":[[-87.7962858094419,41.8797392929106],[-87.7962417549438,41.8785188743309],[-87.7962376382588,41.8784050867209],[-87.796234431158,41.8783164760787]]},"properties":{"OBJECTID":327,"STREETNAME":"CARPENTER AVE","BLOCK":500,"FIRST_FEATUREID":"026200312","BlockName":"500 Block of Carpenter Ave","Count_":0,"Shape__Length":518.670277070018,"GlobalID":"98ac7bb9-1eae-492a-b472-79061ec7fca8","BlockNameShort":"500 CARPENTER AVE"}},{"type":"Feature","id":328,"geometry":{"type":"LineString","coordinates":[[-87.7881341823937,41.8945187182384],[-87.7885356426244,41.8945119298276],[-87.7889540177515,41.8945051373678],[-87.7894264504789,41.8944974641033],[-87.7897748713828,41.8944912295397]]},"properties":{"OBJECTID":328,"STREETNAME":"CHICAGO AVE","BLOCK":500,"FIRST_FEATUREID":"0262691","BlockName":"500 Block of Chicago Ave","Count_":0,"Shape__Length":446.81961790264444,"GlobalID":"761047ba-4151-40a1-be95-3d23d3a982aa","BlockNameShort":"500 CHICAGO AVE"}},{"type":"Feature","id":329,"geometry":{"type":"LineString","coordinates":[[-87.7905850384988,41.8798277021527],[-87.79056716282,41.879300468265],[-87.7905443387107,41.8786272697133],[-87.7905257327053,41.8780903112457],[-87.7905227678124,41.8780047627624]]},"properties":{"OBJECTID":329,"STREETNAME":"CLARENCE AVE","BLOCK":500,"FIRST_FEATUREID":"026334","BlockName":"500 Block of Clarence Ave","Count_":0,"Shape__Length":664.5049440670834,"GlobalID":"43cb822d-0754-46d6-baf6-f38eada04e0a","BlockNameShort":"500 CLARENCE AVE"}},{"type":"Feature","id":330,"geometry":{"type":"LineString","coordinates":[[-87.7988254571066,41.8796952379664],[-87.7987931586377,41.8787943908687],[-87.7987787663057,41.8783605039566],[-87.7987758055937,41.8782712525822]]},"properties":{"OBJECTID":330,"STREETNAME":"CLINTON AVE","BLOCK":500,"FIRST_FEATUREID":"0262218","BlockName":"500 Block of Clinton Ave","Count_":0,"Shape__Length":519.083603967419,"GlobalID":"27f4f282-1c9b-4eb4-bb14-b4a1944e4eb0","BlockNameShort":"500 CLINTON AVE"}},{"type":"Feature","id":331,"geometry":{"type":"LineString","coordinates":[[-87.7883744293986,41.9018152365432],[-87.788783654024,41.9018083491232],[-87.7891866271293,41.9018014918446],[-87.7897889736835,41.9017912409908],[-87.789997998014,41.9017881462428]]},"properties":{"OBJECTID":331,"STREETNAME":"DIVISION ST","BLOCK":500,"FIRST_FEATUREID":"026871","BlockName":"500 Block of Division St","Count_":0,"Shape__Length":442.10593119292605,"GlobalID":"7303c44f-8836-41d1-a428-a02219f19793","BlockNameShort":"500 DIVISION ST"}},{"type":"Feature","id":332,"geometry":{"type":"LineString","coordinates":[[-87.7880515487392,41.8916644576291],[-87.7886085835003,41.8916552131362],[-87.7888709592489,41.8916516279704],[-87.7890438927921,41.8916492641387],[-87.7896920211802,41.8916365575305]]},"properties":{"OBJECTID":332,"STREETNAME":"ERIE ST","BLOCK":500,"FIRST_FEATUREID":"026549","BlockName":"500 Block of Erie St","Count_":0,"Shape__Length":446.7860451785925,"GlobalID":"0d44803a-2820-428a-86d5-2ab96b5a7c51","BlockNameShort":"500 ERIE ST"}},{"type":"Feature","id":333,"geometry":{"type":"LineString","coordinates":[[-87.7881341823937,41.8945187182384],[-87.7881408543539,41.894696006401],[-87.7881908153906,41.8960640850645],[-87.7881975767451,41.8962650435662],[-87.7882003916242,41.8963486643944]]},"properties":{"OBJECTID":333,"STREETNAME":"FAIR OAKS AVE","BLOCK":500,"FIRST_FEATUREID":"026197914","BlockName":"500 Block of Fair Oaks Ave","Count_":0,"Shape__Length":667.0876998799484,"GlobalID":"69d5c541-3690-48d5-8892-d056a31a6f91","BlockNameShort":"500 FAIR OAKS AVE"}},{"type":"Feature","id":334,"geometry":{"type":"LineString","coordinates":[[-87.7864778668817,41.8671138922761],[-87.7867958977169,41.8671079305947],[-87.7870908853044,41.8671029235445],[-87.7874450132315,41.8670969120617],[-87.7877045311331,41.8670925145359],[-87.7881102855972,41.8670856379367],[-87.7883162290142,41.8670818292027],[-87.788759776482,41.8670736260745],[-87.7889303046416,41.8670709736137]]},"properties":{"OBJECTID":334,"STREETNAME":"FILLMORE ST","BLOCK":500,"FIRST_FEATUREID":"026644","BlockName":"500 Block of Fillmore St","Count_":0,"Shape__Length":668.1895025945421,"GlobalID":"d340f180-8be1-4cf3-ba53-89dba274eeb4","BlockNameShort":"500 FILLMORE ST"}},{"type":"Feature","id":335,"geometry":{"type":"LineString","coordinates":[[-87.8006084688053,41.8943009375227],[-87.8006305644481,41.8949077792361],[-87.8006461185487,41.8953349112175],[-87.8006681544286,41.8961039003955],[-87.8006696659037,41.896156647595]]},"properties":{"OBJECTID":335,"STREETNAME":"FOREST AVE","BLOCK":500,"FIRST_FEATUREID":"026484","BlockName":"500 Block of Forest Ave","Count_":0,"Shape__Length":676.4396311743114,"GlobalID":"05b0c355-f495-471b-b06e-f35906694aab","BlockNameShort":"500 FOREST AVE"}},{"type":"Feature","id":336,"geometry":{"type":"LineString","coordinates":[[-87.7866221737742,41.8714076304533],[-87.7870234120419,41.8714414822399],[-87.7878511454473,41.8715097427425],[-87.7884670009297,41.8715608283648],[-87.7888477268922,41.8715924084292],[-87.7890834617166,41.8716132379609]]},"properties":{"OBJECTID":336,"STREETNAME":"GARFIELD ST","BLOCK":500,"FIRST_FEATUREID":"026201177","BlockName":"500 Block of Garfield St","Count_":0,"Shape__Length":674.5460775004273,"GlobalID":"d64915af-bdd8-4d11-b253-8fe26489685f","BlockNameShort":"500 GARFIELD ST"}},{"type":"Feature","id":337,"geometry":{"type":"LineString","coordinates":[[-87.7872197453102,41.9056742931158],[-87.787445242065,41.9056715118571],[-87.787947135087,41.9056642423329],[-87.78835103395,41.9056583881922],[-87.7886590031005,41.9056549623392],[-87.7888264381806,41.9056530968019],[-87.7893841266609,41.9056464672975],[-87.7896748225274,41.9056430118167],[-87.790113287882,41.9056375095969]]},"properties":{"OBJECTID":337,"STREETNAME":"GREENFIELD ST","BLOCK":500,"FIRST_FEATUREID":"02685","BlockName":"500 Block of Greenfield St","Count_":0,"Shape__Length":787.7972745352967,"GlobalID":"0bc28587-4a3d-450c-a551-c5b0db72920c","BlockNameShort":"500 GREENFIELD ST"}},{"type":"Feature","id":338,"geometry":{"type":"LineString","coordinates":[[-87.7869274040994,41.8798911555271],[-87.7869088913113,41.8793679921348],[-87.7869015296692,41.8791600524566],[-87.786889876339,41.8788082111252],[-87.7868701754855,41.8782586907142],[-87.7868673832337,41.8781583989361],[-87.7868648584176,41.8780677250011]]},"properties":{"OBJECTID":338,"STREETNAME":"GUNDERSON AVE","BLOCK":500,"FIRST_FEATUREID":"026200324","BlockName":"500 Block of Gunderson Ave","Count_":0,"Shape__Length":664.6870630262429,"GlobalID":"dd82ba61-ea85-4fcc-887f-f5596fd0c4e3","BlockNameShort":"500 GUNDERSON AVE"}},{"type":"Feature","id":339,"geometry":{"type":"LineString","coordinates":[[-87.7866797806355,41.872592681849],[-87.7869886150797,41.8725872638224],[-87.7873124456228,41.8725832712825],[-87.7873648060403,41.8725826252706],[-87.7875315649444,41.8725805701226],[-87.7878910564489,41.8725720852399],[-87.7881713720224,41.8725654688765],[-87.7886139029467,41.8725585949493],[-87.7891158008066,41.8725616523496]]},"properties":{"OBJECTID":339,"STREETNAME":"HARRISON ST","BLOCK":500,"FIRST_FEATUREID":"026737","BlockName":"500 Block of Harrison St","Count_":0,"Shape__Length":663.6380513576678,"GlobalID":"9c4bc387-49f9-490d-82d7-931745cd9330","BlockNameShort":"500 HARRISON ST"}},{"type":"Feature","id":340,"geometry":{"type":"LineString","coordinates":[[-87.7865399825039,41.868939274546],[-87.7868760271036,41.8689334092228],[-87.7871489718131,41.8689289282917],[-87.7873348036768,41.8689258765047],[-87.7877657828616,41.86891834406],[-87.7879865846548,41.8689144840606],[-87.7883775291613,41.8689084032398],[-87.7886340949315,41.8689044118772],[-87.7889914349453,41.8688974781158]]},"properties":{"OBJECTID":340,"STREETNAME":"HARVARD ST","BLOCK":500,"FIRST_FEATUREID":"0262186","BlockName":"500 Block of Harvard St","Count_":0,"Shape__Length":667.8931321188784,"GlobalID":"d72360a9-0486-4429-942d-f89902117b27","BlockNameShort":"500 HARVARD ST"}},{"type":"Feature","id":341,"geometry":{"type":"LineString","coordinates":[[-87.7820090522983,41.8799722763533],[-87.7819928265298,41.879483442497],[-87.7819807778858,41.8791204525678],[-87.7819572376328,41.8784244513546],[-87.7819493381959,41.8782063925002],[-87.7819461143109,41.8781174068555]]},"properties":{"OBJECTID":341,"STREETNAME":"HIGHLAND AVE","BLOCK":500,"FIRST_FEATUREID":"026200328","BlockName":"500 Block of Highland Ave","Count_":0,"Shape__Length":676.1420388411038,"GlobalID":"a1bde7e9-5c80-49ce-bd94-bb92fc388119","BlockNameShort":"500 HIGHLAND AVE"}},{"type":"Feature","id":342,"geometry":{"type":"LineString","coordinates":[[-87.7998687461576,41.8796792334166],[-87.7998582578477,41.8794620811943],[-87.7998495503766,41.879212752644],[-87.7998227003877,41.8784437972348],[-87.7998192782998,41.8783437936363],[-87.7998162102516,41.8782540925165]]},"properties":{"OBJECTID":342,"STREETNAME":"HOME AVE","BLOCK":500,"FIRST_FEATUREID":"0262214","BlockName":"500 Block of Home Ave","Count_":0,"Shape__Length":519.5286960334568,"GlobalID":"5e749492-836f-42d5-96ca-491d917126be","BlockNameShort":"500 HOME AVE"}},{"type":"Feature","id":343,"geometry":{"type":"LineString","coordinates":[[-87.7882003916242,41.8963486643944],[-87.7885130889664,41.8963445671572],[-87.7890171982984,41.8963363211014],[-87.7893323628673,41.8963311619216],[-87.7898296416825,41.8963233463175]]},"properties":{"OBJECTID":343,"STREETNAME":"IOWA ST","BLOCK":500,"FIRST_FEATUREID":"0261255","BlockName":"500 Block of Iowa St","Count_":0,"Shape__Length":443.6765482383497,"GlobalID":"3754a37d-6c57-4929-9648-e1155b746268","BlockNameShort":"500 IOWA ST"}},{"type":"Feature","id":344,"geometry":{"type":"LineString","coordinates":[[-87.7868027589844,41.876241192507],[-87.7872740087096,41.876232882141],[-87.7874014065949,41.8762308615186],[-87.7878359916403,41.8762239717582],[-87.7880140910276,41.8762210910518],[-87.7882109788134,41.8762179040016],[-87.7885902695793,41.8762109217769],[-87.7886277764503,41.87621031818],[-87.7888846847486,41.8762061712618],[-87.7891235117115,41.8762019101775],[-87.7892384424898,41.8761998590501]]},"properties":{"OBJECTID":344,"STREETNAME":"JACKSON BLVD","BLOCK":500,"FIRST_FEATUREID":"026200364","BlockName":"500 Block of Jackson Blvd","Count_":0,"Shape__Length":663.5194745310703,"GlobalID":"b953610d-bbc4-4749-b647-34fe3aa799ba","BlockNameShort":"500 JACKSON BLVD"}},{"type":"Feature","id":345,"geometry":{"type":"LineString","coordinates":[[-87.7879629168705,41.8884318288777],[-87.7883293450512,41.8884447102026],[-87.7891799965178,41.888474018505],[-87.7895907911702,41.8884859175718]]},"properties":{"OBJECTID":345,"STREETNAME":"LAKE ST","BLOCK":500,"FIRST_FEATUREID":"0262578","BlockName":"500 Block of Lake St","Count_":0,"Shape__Length":443.7003833055833,"GlobalID":"06150bcc-baf8-4b45-be36-6749fee499e4","BlockNameShort":"500 LAKE ST"}},{"type":"Feature","id":346,"geometry":{"type":"LineString","coordinates":[[-87.7872936676792,41.9072876368943],[-87.7877111560773,41.9072825474009],[-87.7880238077705,41.907278049798],[-87.7883851713871,41.9072728497734],[-87.7887117746432,41.9072692619244],[-87.7890273498508,41.9072657964393],[-87.7894364105438,41.90725945517],[-87.7896699192698,41.9072558332684],[-87.7901605538548,41.9072498647962]]},"properties":{"OBJECTID":346,"STREETNAME":"LE MOYNE PKWY","BLOCK":500,"FIRST_FEATUREID":"026472","BlockName":"500 Block of Le Moyne Pkwy","Count_":0,"Shape__Length":780.5294565589533,"GlobalID":"7f501eae-c83c-4065-8474-21aea907d45a","BlockNameShort":"500 LE MOYNE PKWY"}},{"type":"Feature","id":347,"geometry":{"type":"LineString","coordinates":[[-87.7913267311316,41.8944648188485],[-87.7913373733173,41.8948742281589],[-87.7913554929987,41.8955548590978],[-87.7913677415895,41.8960262959068],[-87.7913722746998,41.8962094862914],[-87.7913745174743,41.8963001180043]]},"properties":{"OBJECTID":347,"STREETNAME":"LINDEN AVE","BLOCK":500,"FIRST_FEATUREID":"026197910","BlockName":"500 Block of Linden Ave","Count_":0,"Shape__Length":668.9209309627613,"GlobalID":"f29bdbad-17f5-43b6-919d-c69316e38da7","BlockNameShort":"500 LINDEN AVE"}},{"type":"Feature","id":348,"geometry":{"type":"LineString","coordinates":[[-87.7771105097529,41.8800456826565],[-87.7770607445279,41.878520212964],[-87.7770511669858,41.8782879508503],[-87.7770474861009,41.8781986846577]]},"properties":{"OBJECTID":348,"STREETNAME":"LYMAN AVE","BLOCK":500,"FIRST_FEATUREID":"026200332","BlockName":"500 Block of Lyman Ave","Count_":0,"Shape__Length":673.2772500305014,"GlobalID":"d87e7e28-82b5-479f-9e98-a22e497083aa","BlockNameShort":"500 LYMAN AVE"}},{"type":"Feature","id":349,"geometry":{"type":"LineString","coordinates":[[-87.7869274040994,41.8798911555271],[-87.7874351216295,41.8798830225426],[-87.787726256812,41.8798783575665],[-87.7879270366015,41.87987513999],[-87.7881379513027,41.8798719971872],[-87.7892152398176,41.8798526215505],[-87.7893609392445,41.8798500003128]]},"properties":{"OBJECTID":349,"STREETNAME":"MADISON ST","BLOCK":500,"FIRST_FEATUREID":"026546130","BlockName":"500 Block of Madison St","Count_":0,"Shape__Length":662.8954997916321,"GlobalID":"c72dd0e5-9e44-49be-a4d7-974b547201f5","BlockNameShort":"500 MADISON ST"}},{"type":"Feature","id":350,"geometry":{"type":"LineString","coordinates":[[-87.7749848271939,41.8895052913629],[-87.7749979924458,41.8900254026985],[-87.7750104560987,41.8905131910098],[-87.7750242663311,41.8910081183316],[-87.7750536186008,41.8918255847799],[-87.7750556147726,41.8918884626283]]},"properties":{"OBJECTID":350,"STREETNAME":"N AUSTIN BLVD","BLOCK":500,"FIRST_FEATUREID":"026443","BlockName":"500 Block of N Austin Blvd","Count_":0,"Shape__Length":868.6620308484045,"GlobalID":"06fad89e-79fb-4edf-a9e8-a77a404ce440","BlockNameShort":"500 N AUSTIN BLVD"}},{"type":"Feature","id":351,"geometry":{"type":"LineString","coordinates":[[-87.7832554381704,41.8945966297465],[-87.7832659680051,41.8949378527621],[-87.7832726266683,41.8951382969879],[-87.783280977096,41.895389737425],[-87.7833108912858,41.8962902397047],[-87.7833123882994,41.8963321937582],[-87.7833155249998,41.8964201198687]]},"properties":{"OBJECTID":351,"STREETNAME":"N CUYLER AVE","BLOCK":500,"FIRST_FEATUREID":"026197919","BlockName":"500 Block of N Cuyler Ave","Count_":0,"Shape__Length":664.693157338992,"GlobalID":"ea6b284d-062a-4df4-9690-7ee58e0e6e78","BlockNameShort":"500 N CUYLER AVE"}},{"type":"Feature","id":352,"geometry":{"type":"LineString","coordinates":[[-87.7897748713828,41.8944912295397],[-87.7897832601129,41.8947980020163],[-87.7898017209405,41.8954191114502],[-87.7898214418088,41.8960737077616],[-87.7898267961319,41.8962366966338],[-87.7898296416825,41.8963233463175]]},"properties":{"OBJECTID":352,"STREETNAME":"N EAST AVE","BLOCK":500,"FIRST_FEATUREID":"026197913","BlockName":"500 Block of N East Ave","Count_":0,"Shape__Length":667.8016832354599,"GlobalID":"df799553-b1a2-44cb-908d-e330d3a85a4d","BlockNameShort":"500 N EAST AVE"}},{"type":"Feature","id":353,"geometry":{"type":"LineString","coordinates":[[-87.7865064985531,41.8945455647636],[-87.7865142452735,41.8947706545464],[-87.7865237135326,41.895042846663],[-87.7865639182779,41.8961728157966],[-87.7865675186162,41.8962820686095],[-87.7865705064713,41.8963727102571]]},"properties":{"OBJECTID":353,"STREETNAME":"N ELMWOOD AVE","BLOCK":500,"FIRST_FEATUREID":"026524","BlockName":"500 Block of N Elmwood Ave","Count_":0,"Shape__Length":666.0515392938139,"GlobalID":"5fe2e253-c79d-4dee-b192-d9536b5b64bd","BlockNameShort":"500 N ELMWOOD AVE"}},{"type":"Feature","id":354,"geometry":{"type":"LineString","coordinates":[[-87.7928555688617,41.8944396941682],[-87.7928595870697,41.8946218512351],[-87.7928958486708,41.8960147813502],[-87.7929003042678,41.896186243472],[-87.792902654549,41.8962766721868]]},"properties":{"OBJECTID":354,"STREETNAME":"N EUCLID AVE","BLOCK":500,"FIRST_FEATUREID":"026197909","BlockName":"500 Block of N Euclid Ave","Count_":0,"Shape__Length":669.5290189903385,"GlobalID":"26470f38-23e0-4be0-a58b-b4e3e929f8b3","BlockNameShort":"500 N EUCLID AVE"}},{"type":"Feature","id":355,"geometry":{"type":"LineString","coordinates":[[-87.796172945108,41.8943826875143],[-87.79618835906,41.8949118668387],[-87.7962237188869,41.8961046620684],[-87.7962263965135,41.8961949824113]]},"properties":{"OBJECTID":355,"STREETNAME":"N GROVE AVE","BLOCK":500,"FIRST_FEATUREID":"026197905","BlockName":"500 Block of N Grove Ave","Count_":0,"Shape__Length":660.571460139142,"GlobalID":"f4946afc-f78b-4f28-b627-bcd2286c3432","BlockNameShort":"500 N GROVE AVE"}},{"type":"Feature","id":356,"geometry":{"type":"LineString","coordinates":[[-87.8050866652102,41.8892327080072],[-87.8051251948392,41.8905455932726],[-87.8051279385543,41.8907876493752]]},"properties":{"OBJECTID":356,"STREETNAME":"N HARLEM AVE","BLOCK":500,"FIRST_FEATUREID":"0261134","BlockName":"500 Block of N Harlem Ave","Count_":0,"Shape__Length":566.7471570819762,"GlobalID":"74846ff2-f158-4c93-b0ad-3b5dfc777ec8","BlockNameShort":"500 N HARLEM AVE"}},{"type":"Feature","id":357,"geometry":{"type":"LineString","coordinates":[[-87.7816310581562,41.894620267287],[-87.7816348193097,41.8947662783736],[-87.7816482006634,41.8951626034856],[-87.7816599312201,41.8955100627333],[-87.7816857736969,41.8962801944766],[-87.7816877351579,41.8963587946552],[-87.7816898546949,41.8964436718684]]},"properties":{"OBJECTID":357,"STREETNAME":"N HARVEY AVE","BLOCK":500,"FIRST_FEATUREID":"026197922","BlockName":"500 Block of N Harvey Ave","Count_":0,"Shape__Length":664.6550988976178,"GlobalID":"25ece867-5942-4a5f-a009-37da9a9398a7","BlockNameShort":"500 N HARVEY AVE"}},{"type":"Feature","id":358,"geometry":{"type":"MultiLineString","coordinates":[[[-87.7767582941092,41.8946862189204],[-87.7767757112698,41.8952324240867]],[[-87.7767850935381,41.8954969933321],[-87.7768138557451,41.8964268174963],[-87.7768166571477,41.896517359438]],[[-87.7767850935381,41.8954969933321],[-87.7768181296299,41.8954416312113],[-87.7768481839966,41.8953813171614],[-87.776848829639,41.8953799589746],[-87.7768494212755,41.8953785753165],[-87.7768499564728,41.8953771688765],[-87.7768504352153,41.895375741455],[-87.7768508538724,41.8953742948352],[-87.7768512124283,41.8953728308176],[-87.7768515072526,41.8953713511854],[-87.7768517383218,41.8953698586395],[-87.7768519032024,41.8953683558692],[-87.7768520030917,41.8953668437804],[-87.7768520355406,41.8953653268631],[-87.7768520005334,41.8953638069179],[-87.7768518968574,41.8953622848393],[-87.7768517256784,41.8953607651346],[-87.7768514869731,41.8953592505047],[-87.7768511795287,41.8953577418441],[-87.7768508057238,41.8953562427657],[-87.7768503655428,41.89535475507],[-87.7768498613645,41.89535328237],[-87.776849291976,41.8953518255601],[-87.7768486597561,41.8953503882533],[-87.776847967107,41.8953489713615],[-87.7768472152024,41.8953475784917],[-87.7768464064522,41.8953462096556],[-87.7768455420223,41.8953448693607],[-87.7768446243307,41.8953435567182],[-87.776843656961,41.8953422753468],[-87.7768426423231,41.8953410252584],[-87.7768415804014,41.8953398082534],[-87.7768404771976,41.895338627062],[-87.7768381997046,41.8953364020868],[-87.7768357374576,41.8953342212333],[-87.7768330879527,41.8953320952934],[-87.7768302522777,41.8953300377775],[-87.7768272351588,41.8953280595126],[-87.7768240413064,41.8953261731263],[-87.7768206754312,41.8953243912461],[-87.7768171482843,41.8953227247282],[-87.776813468199,41.8953211853175],[-87.7768096483363,41.8953197838817],[-87.776805703078,41.8953185294941],[-87.7768016480029,41.8953174321337],[-87.7767974987212,41.8953164981788],[-87.7767932732452,41.8953157349192],[-87.7767889920283,41.8953151460554],[-87.7767846731064,41.8953147361766],[-87.7767803369721,41.8953145044817],[-87.7767760040944,41.8953144528706],[-87.7767716937767,41.8953145787359],[-87.77676742533,41.8953148785697],[-87.776763215671,41.8953153470521],[-87.7767590841264,41.8953159788747],[-87.7767550452187,41.895316766905],[-87.7767511134937,41.8953177013099],[-87.7767473034815,41.8953187740569],[-87.7767436237109,41.895319974383],[-87.7767400863256,41.895321291543],[-87.7767366974443,41.8953227147627],[-87.7767334643829,41.8953242341736],[-87.7767303896609,41.8953258371833],[-87.776728096477,41.8953275016029],[-87.7767258663757,41.8953292563622],[-87.7767237090126,41.8953310997075],[-87.7767216340355,41.8953330307852],[-87.7767196487055,41.895335046029],[-87.776717761481,41.895337142779],[-87.7767159820488,41.8953393156801],[-87.7767143176546,41.8953415629667],[-87.7767127743935,41.8953438765653],[-87.7767113619292,41.8953462538218],[-87.7767100827418,41.8953486866451],[-87.776708946526,41.8953511687797],[-87.7767079557388,41.8953536948357],[-87.776707114081,41.895356254927],[-87.7767064264119,41.8953588445758],[-87.7767058940223,41.8953614538843],[-87.7767055193926,41.8953640747616],[-87.7767053013727,41.8953667008997],[-87.7767052400328,41.8953693241959],[-87.7767053342462,41.8953719356414],[-87.7767055816576,41.8953745289222],[-87.7767059787145,41.8953770968185],[-87.7767065218726,41.8953796312101],[-87.7767072063664,41.8953821257713],[-87.7767080262179,41.8953845750713],[-87.776708975457,41.8953869727787],[-87.7767100480977,41.8953893143627],[-87.7767112369571,41.8953915943865],[-87.7767125360415,41.8953938092196],[-87.77671393575,41.8953959543139],[-87.7767247921234,41.8954107869324],[-87.7767524885219,41.8954510700775],[-87.7767840887642,41.8954955785286],[-87.7767850935381,41.8954969933321]]]},"properties":{"OBJECTID":358,"STREETNAME":"N HUMPHREY AVE","BLOCK":500,"FIRST_FEATUREID":"026197930","BlockName":"500 Block of N Humphrey Ave","Count_":0,"Shape__Length":736.067224316181,"GlobalID":"ffd5e7cb-580e-47b1-a873-8cde55aec1c7","BlockNameShort":"500 N HUMPHREY AVE"}},{"type":"Feature","id":359,"geometry":{"type":"LineString","coordinates":[[-87.7977705441481,41.8950231812129],[-87.7977274814072,41.8950865921895],[-87.7977097219619,41.8951371679621],[-87.7977014101686,41.895191327941],[-87.7976988417337,41.8952701309398],[-87.7977018059977,41.8954163854035],[-87.7977155863757,41.8958332464591],[-87.7977208910154,41.89600876481],[-87.7977230784561,41.8960811327334],[-87.7977263909694,41.8961907647222]]},"properties":{"OBJECTID":359,"STREETNAME":"N KENILWORTH AVE","BLOCK":500,"FIRST_FEATUREID":"026197901","BlockName":"500 Block of N Kenilworth Ave","Count_":0,"Shape__Length":429.1258992834666,"GlobalID":"a5380e86-d98f-4821-aec3-4d2dce35c417","BlockNameShort":"500 N KENILWORTH AVE"}},{"type":"Feature","id":360,"geometry":{"type":"LineString","coordinates":[[-87.7800046821256,41.8946452245417],[-87.7800095190754,41.8948116425895],[-87.7800216793633,41.8951840894498],[-87.7800301437338,41.8954433294089],[-87.7800590083384,41.8963078236854],[-87.7800619966839,41.8963811465368],[-87.7800654833069,41.8964666885127]]},"properties":{"OBJECTID":360,"STREETNAME":"N LOMBARD AVE","BLOCK":500,"FIRST_FEATUREID":"026197923","BlockName":"500 Block of N Lombard Ave","Count_":0,"Shape__Length":663.9610341013484,"GlobalID":"4da56955-9507-4886-b3c8-03e39a15364f","BlockNameShort":"500 N LOMBARD AVE"}},{"type":"Feature","id":361,"geometry":{"type":"MultiLineString","coordinates":[[[-87.8032656278639,41.8942554782223],[-87.8032703588926,41.8943292074219],[-87.8032624822814,41.8947701250271]],[[-87.803268669742,41.894853822321],[-87.8032888076634,41.8953518869156],[-87.8032977298088,41.8955725378438],[-87.8033216029011,41.8961947406588],[-87.8033250086467,41.8963140768031]]]},"properties":{"OBJECTID":361,"STREETNAME":"N MARION ST","BLOCK":500,"FIRST_FEATUREID":"0261693","BlockName":"500 Block of N Marion St","Count_":0,"Shape__Length":719.9330909252259,"GlobalID":"014495d6-3462-4454-aa1d-6fd424cac557","BlockNameShort":"500 N MARION ST"}},{"type":"Feature","id":362,"geometry":{"type":"LineString","coordinates":[[-87.7946743508804,41.8944088571581],[-87.794688378018,41.8948183702979],[-87.7947190977546,41.8960538086791],[-87.7947218671829,41.8961510215973],[-87.7947243644865,41.8962387436422]]},"properties":{"OBJECTID":362,"STREETNAME":"N OAK PARK AVE","BLOCK":500,"FIRST_FEATUREID":"026197906","BlockName":"500 Block of N Oak Park Ave","Count_":0,"Shape__Length":666.9635008101035,"GlobalID":"76bc8dd0-e963-42ea-8e99-3b8c917121ce","BlockNameShort":"500 N OAK PARK AVE"}},{"type":"Feature","id":363,"geometry":{"type":"LineString","coordinates":[[-87.7848760132613,41.8945737793672],[-87.7848959751216,41.8951581087887],[-87.7849031558031,41.8953668700614],[-87.7849223290873,41.8959243996837],[-87.7849356366456,41.8963104763245],[-87.7849386141857,41.896396842243]]},"properties":{"OBJECTID":363,"STREETNAME":"N RIDGELAND AVE","BLOCK":500,"FIRST_FEATUREID":"0262504","BlockName":"500 Block of N Ridgeland Ave","Count_":0,"Shape__Length":664.5543570181997,"GlobalID":"392d98fc-28fc-475e-8e41-10c18191e21d","BlockNameShort":"500 N RIDGELAND AVE"}},{"type":"Feature","id":364,"geometry":{"type":"LineString","coordinates":[[-87.7783801547354,41.8946697481342],[-87.7783842155685,41.8947933710838],[-87.7783977505782,41.8952099936787],[-87.7784047492854,41.8954253602531],[-87.7784336254423,41.8962265448031],[-87.7784393927212,41.8964032168421],[-87.7784422304554,41.8964901053398]]},"properties":{"OBJECTID":364,"STREETNAME":"N TAYLOR AVE","BLOCK":500,"FIRST_FEATUREID":"0261862","BlockName":"500 Block of N Taylor Ave","Count_":0,"Shape__Length":663.5660202924532,"GlobalID":"d65550b8-2387-47a3-90d7-97cdde90d5bb","BlockNameShort":"500 N TAYLOR AVE"}},{"type":"Feature","id":365,"geometry":{"type":"LineString","coordinates":[[-87.7878719155541,41.8851526770997],[-87.7884185893924,41.8851429232638],[-87.7886836375303,41.8851384670345],[-87.789111043011,41.8851312782807],[-87.7895103588934,41.8851258951601]]},"properties":{"OBJECTID":365,"STREETNAME":"PLEASANT ST","BLOCK":500,"FIRST_FEATUREID":"026161","BlockName":"500 Block of Pleasant St","Count_":0,"Shape__Length":446.2687787676829,"GlobalID":"c33a923b-68d2-4ae9-a881-b4700beae67a","BlockNameShort":"500 PLEASANT ST"}},{"type":"Feature","id":366,"geometry":{"type":"LineString","coordinates":[[-87.7878184309835,41.8833817997585],[-87.7881209024412,41.8833765727181],[-87.7885397823662,41.883370026258],[-87.788636397981,41.8833681598671],[-87.7892929821932,41.8833554846969],[-87.7894607647914,41.8833525114832]]},"properties":{"OBJECTID":366,"STREETNAME":"RANDOLPH ST","BLOCK":500,"FIRST_FEATUREID":"0262216","BlockName":"500 Block of Randolph St","Count_":0,"Shape__Length":447.36092162771536,"GlobalID":"376d200d-4f9f-47c6-bc94-daef25553eee","BlockNameShort":"500 RANDOLPH ST"}},{"type":"Feature","id":367,"geometry":{"type":"LineString","coordinates":[[-87.7744388888718,41.8736250496894],[-87.774437020835,41.8735640305672],[-87.7744296032132,41.8732733228017],[-87.7744247836935,41.8730047752372],[-87.7744189283214,41.872868682192],[-87.7744150736797,41.8727790665572]]},"properties":{"OBJECTID":367,"STREETNAME":"S AUSTIN BLVD","BLOCK":500,"FIRST_FEATUREID":"0262488","BlockName":"500 Block of S Austin Blvd","Count_":0,"Shape__Length":308.3571545102969,"GlobalID":"92b680a5-bd5d-46fb-8303-3343e7a477e6","BlockNameShort":"500 S AUSTIN BLVD"}},{"type":"Feature","id":368,"geometry":{"type":"LineString","coordinates":[[-87.7832306563027,41.879959121879],[-87.7832178699944,41.879464295766],[-87.7832045372223,41.8790417699858],[-87.7831802057845,41.8783294374748],[-87.7831752107512,41.8781880262679],[-87.7831720536773,41.8780986376214]]},"properties":{"OBJECTID":368,"STREETNAME":"S CUYLER AVE","BLOCK":500,"FIRST_FEATUREID":"026200327","BlockName":"500 Block of S Cuyler Ave","Count_":0,"Shape__Length":678.1607945952069,"GlobalID":"c061b6e3-cc78-485c-8adc-21ec2099a859","BlockNameShort":"500 S CUYLER AVE"}},{"type":"Feature","id":369,"geometry":{"type":"LineString","coordinates":[[-87.7893609392445,41.8798500003128],[-87.7893541886833,41.8796463421272],[-87.7893434144655,41.8793224942062],[-87.789329490715,41.8789040970567],[-87.7893113294127,41.8783438810544],[-87.7893037280638,41.8781114500957],[-87.7893009138123,41.8780253773961]]},"properties":{"OBJECTID":369,"STREETNAME":"S EAST AVE","BLOCK":500,"FIRST_FEATUREID":"026200322","BlockName":"500 Block of S East Ave","Count_":0,"Shape__Length":665.1030009466791,"GlobalID":"0287aa73-440e-4d21-b258-a047e4c235d9","BlockNameShort":"500 S EAST AVE"}},{"type":"Feature","id":370,"geometry":{"type":"LineString","coordinates":[[-87.7856885194672,41.8799109933921],[-87.7856668465201,41.8792153404202],[-87.7856442169668,41.8785283459063],[-87.7856315660134,41.8781753598241],[-87.7856282715313,41.8780834622278]]},"properties":{"OBJECTID":370,"STREETNAME":"S ELMWOOD AVE","BLOCK":500,"FIRST_FEATUREID":"026200325","BlockName":"500 Block of S Elmwood Ave","Count_":0,"Shape__Length":666.1647645121565,"GlobalID":"ec5c5577-9bc8-49d3-8414-ed462cfd5009","BlockNameShort":"500 S ELMWOOD AVE"}},{"type":"Feature","id":371,"geometry":{"type":"LineString","coordinates":[[-87.7930330034622,41.8797833635984],[-87.7930151068051,41.8792575191958],[-87.7930018024728,41.8788665759552],[-87.7929838971924,41.87835496316],[-87.7929732939117,41.8780499947016],[-87.7929702166333,41.8779615259329]]},"properties":{"OBJECTID":371,"STREETNAME":"S EUCLID AVE","BLOCK":500,"FIRST_FEATUREID":"026200319","BlockName":"500 Block of S Euclid Ave","Count_":0,"Shape__Length":664.107063703576,"GlobalID":"08b296db-994d-4b01-9e7b-a56575f056fa","BlockNameShort":"500 S EUCLID AVE"}},{"type":"Feature","id":372,"geometry":{"type":"LineString","coordinates":[[-87.7954523475563,41.8797535351192],[-87.795436924651,41.8792666488252],[-87.7954150962724,41.8785776566073],[-87.7954086656017,41.8784144490592],[-87.7954053324145,41.87832980472]]},"properties":{"OBJECTID":372,"STREETNAME":"S GROVE AVE","BLOCK":500,"FIRST_FEATUREID":"0262506","BlockName":"500 Block of S Grove Ave","Count_":0,"Shape__Length":518.9736687563952,"GlobalID":"1c55634f-1518-48b1-b505-8129f4afc2be","BlockNameShort":"500 S GROVE AVE"}},{"type":"Feature","id":373,"geometry":{"type":"LineString","coordinates":[[-87.8044603911839,41.8740337523027],[-87.8044630968627,41.8738712552364],[-87.8045225171676,41.8738098372328],[-87.8045022918945,41.8737910610481],[-87.8045014767226,41.8736980741871],[-87.8045187484599,41.8736839372734]]},"properties":{"OBJECTID":373,"STREETNAME":"S HARLEM AVE","BLOCK":500,"FIRST_FEATUREID":"026353328","BlockName":"500 Block of S Harlem Ave","Count_":0,"Shape__Length":136.48393455530345,"GlobalID":"703eea05-c8ea-49e2-9e44-01602c9c708b","BlockNameShort":"500 S HARLEM AVE"}},{"type":"Feature","id":374,"geometry":{"type":"LineString","coordinates":[[-87.7807995563049,41.8799884238112],[-87.7807822369271,41.8794985275313],[-87.7807434860138,41.8783655990094],[-87.780738472604,41.8782279231413],[-87.7807351534429,41.8781367671782]]},"properties":{"OBJECTID":374,"STREETNAME":"S HARVEY AVE","BLOCK":500,"FIRST_FEATUREID":"026200329","BlockName":"500 Block of S Harvey Ave","Count_":0,"Shape__Length":674.9818608809464,"GlobalID":"8d8c114d-f59c-4d63-b209-aaf6b3ee9e6a","BlockNameShort":"500 S HARVEY AVE"}},{"type":"Feature","id":375,"geometry":{"type":"LineString","coordinates":[[-87.7758885429138,41.8800656119685],[-87.7758735442442,41.8795481064299],[-87.7758375645591,41.8783067380308],[-87.7758359666618,41.8782516220427],[-87.7758347060401,41.8782171642749]]},"properties":{"OBJECTID":375,"STREETNAME":"S HUMPHREY AVE","BLOCK":500,"FIRST_FEATUREID":"0261311","BlockName":"500 Block of S Humphrey Ave","Count_":0,"Shape__Length":673.7445441268288,"GlobalID":"4468ecaa-46b9-43f8-9bf6-ddb0cd699d10","BlockNameShort":"500 S HUMPHREY AVE"}},{"type":"Feature","id":376,"geometry":{"type":"LineString","coordinates":[[-87.7973829195702,41.8795147990164],[-87.7973430921392,41.8783870837214],[-87.7973398900255,41.8782963960378]]},"properties":{"OBJECTID":376,"STREETNAME":"S KENILWORTH AVE","BLOCK":500,"FIRST_FEATUREID":"026200311","BlockName":"500 Block of S Kenilworth Ave","Count_":0,"Shape__Length":444.14665344675626,"GlobalID":"028c5610-e2ea-476e-a2d8-34aa3703c753","BlockNameShort":"500 S KENILWORTH AVE"}},{"type":"Feature","id":377,"geometry":{"type":"LineString","coordinates":[[-87.7795575243022,41.8800243703591],[-87.7795441882982,41.8796525839637],[-87.7795395773626,41.879511699393],[-87.7795229691861,41.8790043234529],[-87.7795111942445,41.8786446073201],[-87.7795049922905,41.8784551325085],[-87.7794985324952,41.8782490613125],[-87.7794956848148,41.8781581984008]]},"properties":{"OBJECTID":377,"STREETNAME":"S LOMBARD AVE","BLOCK":500,"FIRST_FEATUREID":"026802","BlockName":"500 Block of S Lombard Ave","Count_":0,"Shape__Length":680.2522769178215,"GlobalID":"788ef90d-5564-4d4a-9728-ac05aecdd1ca","BlockNameShort":"500 S LOMBARD AVE"}},{"type":"Feature","id":378,"geometry":{"type":"LineString","coordinates":[[-87.8038655969322,41.8796231301959],[-87.8038605673548,41.8794246198988],[-87.8038507422023,41.8791393645574],[-87.8038289911914,41.8785078386339],[-87.8038172744785,41.8781789960692]]},"properties":{"OBJECTID":378,"STREETNAME":"S MAPLE AVE","BLOCK":500,"FIRST_FEATUREID":"0262215","BlockName":"500 Block of S Maple Ave","Count_":0,"Shape__Length":526.4153657515405,"GlobalID":"9eaaca37-7bbe-4ba9-8c37-8bc916fd24f2","BlockNameShort":"500 S MAPLE AVE"}},{"type":"Feature","id":379,"geometry":{"type":"LineString","coordinates":[[-87.7942563332907,41.8797700405223],[-87.7942498614833,41.8795601787431],[-87.794240469108,41.8792882884693],[-87.7942385645018,41.8792330929582],[-87.7942265880429,41.8788863827714],[-87.7942024496301,41.8781497116401],[-87.7941978792849,41.8780286983648],[-87.7941945143504,41.8779395665234]]},"properties":{"OBJECTID":379,"STREETNAME":"S OAK PARK AVE","BLOCK":500,"FIRST_FEATUREID":"026200318","BlockName":"500 Block of S Oak Park Ave","Count_":0,"Shape__Length":667.2469734043787,"GlobalID":"d450516e-fc03-4765-babd-f28d7f7266d6","BlockNameShort":"500 S OAK PARK AVE"}},{"type":"Feature","id":380,"geometry":{"type":"LineString","coordinates":[[-87.7844606438468,41.8799335616337],[-87.7844462200656,41.8794513092189],[-87.7844457137544,41.8794345937214],[-87.784417874724,41.8785156023572],[-87.7844067009526,41.8781725323913],[-87.7844037950763,41.8780832935338]]},"properties":{"OBJECTID":380,"STREETNAME":"S RIDGELAND AVE","BLOCK":500,"FIRST_FEATUREID":"026200326","BlockName":"500 Block of S Ridgeland Ave","Count_":0,"Shape__Length":674.4255285267272,"GlobalID":"238a54d2-7391-4b89-9ed8-8f8134988784","BlockNameShort":"500 S RIDGELAND AVE"}},{"type":"Feature","id":381,"geometry":{"type":"LineString","coordinates":[[-87.7881379513027,41.8798719971872],[-87.7881202253565,41.8793429782757],[-87.7881037109576,41.8788501768897],[-87.7880816134597,41.8782531422603],[-87.7880777377609,41.8781328343233],[-87.788074931791,41.878045697429]]},"properties":{"OBJECTID":381,"STREETNAME":"S SCOVILLE AVE","BLOCK":500,"FIRST_FEATUREID":"0261347","BlockName":"500 Block of S Scoville Ave","Count_":0,"Shape__Length":665.7350346994496,"GlobalID":"05886558-223d-418e-84c5-1fb168ac1721","BlockNameShort":"500 S SCOVILLE AVE"}},{"type":"Feature","id":382,"geometry":{"type":"LineString","coordinates":[[-87.7783206607757,41.8800336971934],[-87.7782880655299,41.8790254169986],[-87.7782873774044,41.8790041421566],[-87.7782748500574,41.8786664635803],[-87.7782645705648,41.8783893745684],[-87.778260681506,41.8782727378617],[-87.7782575085893,41.8781776183257]]},"properties":{"OBJECTID":382,"STREETNAME":"S TAYLOR AVE","BLOCK":500,"FIRST_FEATUREID":"0261425","BlockName":"500 Block of S Taylor Ave","Count_":0,"Shape__Length":676.5850084402853,"GlobalID":"8508e530-fd6e-4ac5-bb30-5a79978bbf60","BlockNameShort":"500 S TAYLOR AVE"}},{"type":"Feature","id":383,"geometry":{"type":"LineString","coordinates":[[-87.787920391046,41.8869622736231],[-87.7883765244011,41.8869554104263],[-87.7891643234977,41.8869452880677],[-87.7894151766541,41.8869421602273],[-87.7895592682358,41.8869403639617]]},"properties":{"OBJECTID":383,"STREETNAME":"SOUTH BLVD","BLOCK":500,"FIRST_FEATUREID":"0261423","BlockName":"500 Block of South Blvd","Count_":0,"Shape__Length":446.33829875267713,"GlobalID":"3d1e0464-0a3a-43be-acdb-8a7baeaf9edb","BlockNameShort":"500 SOUTH BLVD"}},{"type":"Feature","id":384,"geometry":{"type":"LineString","coordinates":[[-87.7880905791289,41.8930424717347],[-87.7882774737051,41.8930387185957],[-87.7889072477872,41.8930285087975],[-87.7895778743373,41.8930176327655],[-87.7897317294188,41.893015101035]]},"properties":{"OBJECTID":384,"STREETNAME":"SUPERIOR ST","BLOCK":500,"FIRST_FEATUREID":"0261364","BlockName":"500 Block of Superior St","Count_":0,"Shape__Length":446.954940781276,"GlobalID":"9256c2c9-0ca9-4245-91b3-faa92c1c785a","BlockNameShort":"500 SUPERIOR ST"}},{"type":"Feature","id":385,"geometry":{"type":"LineString","coordinates":[[-87.7883114136763,41.8998385581755],[-87.7885833713334,41.8998348103092],[-87.7891278617227,41.8998252896036],[-87.789662431125,41.8998159390292],[-87.7899381293554,41.8998117608953]]},"properties":{"OBJECTID":385,"STREETNAME":"THOMAS ST","BLOCK":500,"FIRST_FEATUREID":"0262171","BlockName":"500 Block of Thomas St","Count_":0,"Shape__Length":442.9744121514387,"GlobalID":"4a4be98d-cbbf-4a3a-9f8b-806bdde14c45","BlockNameShort":"500 THOMAS ST"}},{"type":"Feature","id":386,"geometry":{"type":"LineString","coordinates":[[-87.7867408176155,41.8744158279047],[-87.7869613997169,41.8744118446095],[-87.7873420396035,41.8744056138948],[-87.7873602829081,41.8744053170786],[-87.7879526274828,41.8743946984306],[-87.7881286822567,41.8743915413281],[-87.7885633243256,41.8743838369582],[-87.7886978193654,41.8743814533067],[-87.7891767628002,41.8743735371394]]},"properties":{"OBJECTID":386,"STREETNAME":"VAN BUREN ST","BLOCK":500,"FIRST_FEATUREID":"026695","BlockName":"500 Block of Van Buren St","Count_":0,"Shape__Length":663.6173147466666,"GlobalID":"9f2a58e4-621e-44a1-aa53-b2c02b6800d6","BlockNameShort":"500 VAN BUREN ST"}},{"type":"Feature","id":387,"geometry":{"type":"LineString","coordinates":[[-87.7877741238094,41.8816636877525],[-87.7880811685,41.8816575227649],[-87.7890597147351,41.8816423237413],[-87.7894127185602,41.8816366719143]]},"properties":{"OBJECTID":387,"STREETNAME":"WASHINGTON BLVD","BLOCK":500,"FIRST_FEATUREID":"0261688","BlockName":"500 Block of Washington Blvd","Count_":0,"Shape__Length":446.3362125101934,"GlobalID":"29e3a052-5a94-4ca3-a7c0-2d42ba376340","BlockNameShort":"500 WASHINGTON BLVD"}},{"type":"Feature","id":388,"geometry":{"type":"LineString","coordinates":[[-87.8010866291507,41.8796576992735],[-87.8010704544732,41.8791925201863],[-87.8010540488514,41.8787206432309],[-87.8010401456973,41.878319603396],[-87.8010370838681,41.8782312699578]]},"properties":{"OBJECTID":388,"STREETNAME":"WENONAH AVE","BLOCK":500,"FIRST_FEATUREID":"0261631","BlockName":"500 Block of Wenonah Ave","Count_":0,"Shape__Length":519.9727800941116,"GlobalID":"da08cf97-30dd-481b-b29e-8d344e848d36","BlockNameShort":"500 WENONAH AVE"}},{"type":"Feature","id":389,"geometry":{"type":"LineString","coordinates":[[-87.7918102180355,41.8798073488821],[-87.7917916723153,41.8792786615582],[-87.7917645802291,41.878506300845],[-87.7917492691966,41.8780714282789],[-87.7917461579334,41.8779830466527]]},"properties":{"OBJECTID":389,"STREETNAME":"WESLEY AVE","BLOCK":500,"FIRST_FEATUREID":"026200320","BlockName":"500 Block of Wesley Ave","Count_":0,"Shape__Length":665.0139139710002,"GlobalID":"2ca48730-807d-4d60-a7d7-6498373e7038","BlockNameShort":"500 WESLEY AVE"}},{"type":"Feature","id":390,"geometry":{"type":"LineString","coordinates":[[-87.8023164549502,41.8796364874426],[-87.8023166933868,41.8791650207792],[-87.8023167484889,41.8790576658268],[-87.8022944403318,41.8783402892423],[-87.8022970634807,41.8783258265408],[-87.8023027761727,41.8783118688128],[-87.8023114247807,41.8782987826876],[-87.8023227847959,41.8782869110581],[-87.8023365597054,41.8782765631712],[-87.8023523870383,41.8782680119549],[-87.802369851721,41.8782614814759],[-87.8023884981766,41.8782571406924],[-87.8024307270731,41.878247846292],[-87.8023230696401,41.8781790142442],[-87.8022559548849,41.8781663376745]]},"properties":{"OBJECTID":390,"STREETNAME":"WISCONSIN AVE","BLOCK":500,"FIRST_FEATUREID":"0262564","BlockName":"500 Block of Wisconsin Ave","Count_":0,"Shape__Length":584.3865278071288,"GlobalID":"6017684f-5f85-41af-8abe-c5c3f7beaa90","BlockNameShort":"500 WISCONSIN AVE"}},{"type":"Feature","id":391,"geometry":{"type":"LineString","coordinates":[[-87.7991497918256,41.8943291694379],[-87.7991653565895,41.8947886779783],[-87.7992041378173,41.8960423198491],[-87.7992070883455,41.8961377049166]]},"properties":{"OBJECTID":391,"STREETNAME":"WOODBINE AVE","BLOCK":500,"FIRST_FEATUREID":"026197899","BlockName":"500 Block of Woodbine Ave","Count_":0,"Shape__Length":659.2258877555263,"GlobalID":"2f41bb9b-c645-4e05-a051-a3adcfbe66a2","BlockNameShort":"500 WOODBINE AVE"}},{"type":"Feature","id":392,"geometry":{"type":"LineString","coordinates":[[-87.7893009138123,41.8780253773961],[-87.7896100345138,41.8780203759727],[-87.7899091920711,41.8780158127588],[-87.7901028787795,41.8780128567202],[-87.7905227678124,41.8780047627624],[-87.7908768745815,41.8779979366716],[-87.7911328947044,41.8779932313282],[-87.7914422630711,41.8779875427806],[-87.7916328065784,41.8779847232888],[-87.7917461579334,41.8779830466527]]},"properties":{"OBJECTID":392,"STREETNAME":"ADAMS ST","BLOCK":600,"FIRST_FEATUREID":"0261595","BlockName":"600 Block of Adams St","Count_":0,"Shape__Length":666.1136213732618,"GlobalID":"37d73f1b-2639-41e2-90c4-a7d182940bd1","BlockNameShort":"600 ADAMS ST"}},{"type":"Feature","id":393,"geometry":{"type":"LineString","coordinates":[[-87.7898875818164,41.8981467603935],[-87.7901550512418,41.898142636422],[-87.7905058468892,41.8981369430016],[-87.7907365142656,41.8981332001154],[-87.7911163714824,41.8981266958847],[-87.7912264341675,41.898124811608],[-87.7914219708016,41.8981230371036],[-87.7916004251185,41.8981214175707],[-87.7921469463088,41.8981132372181],[-87.7923306351857,41.8981093714602]]},"properties":{"OBJECTID":393,"STREETNAME":"AUGUSTA ST","BLOCK":600,"FIRST_FEATUREID":"0261655","BlockName":"600 Block of Augusta St","Count_":0,"Shape__Length":665.2726661865485,"GlobalID":"3738e1c8-b225-4e01-a86b-cd591832119e","BlockNameShort":"600 AUGUSTA ST"}},{"type":"Feature","id":394,"geometry":{"type":"LineString","coordinates":[[-87.8019918125739,41.8961829124884],[-87.8020144522624,41.8968233074834],[-87.8020485580646,41.89781969897],[-87.8020523911895,41.8979316831081]]},"properties":{"OBJECTID":394,"STREETNAME":"BELLEFORTE AVE","BLOCK":600,"FIRST_FEATUREID":"026197892","BlockName":"600 Block of Belleforte Ave","Count_":0,"Shape__Length":637.475799880936,"GlobalID":"b23cfcb5-2dfe-4ac3-8cbb-11ada8596f62","BlockNameShort":"600 BELLEFORTE AVE"}},{"type":"Feature","id":395,"geometry":{"type":"LineString","coordinates":[[-87.7900553961348,41.903705877362],[-87.7902783088769,41.9037018466401],[-87.7906624648109,41.903695287756],[-87.7908534717947,41.9036920243807],[-87.7912717023547,41.9036853030041],[-87.7916150075402,41.9036797851579],[-87.791877364021,41.9036751604065],[-87.7921187131238,41.9036709087262],[-87.7924848824509,41.903664763161]]},"properties":{"OBJECTID":395,"STREETNAME":"BERKSHIRE ST","BLOCK":600,"FIRST_FEATUREID":"0261667","BlockName":"600 Block of Berkshire St","Count_":0,"Shape__Length":661.54651282173,"GlobalID":"91acfc27-fd8d-4b68-bed3-410dcf7ca0bf","BlockNameShort":"600 BERKSHIRE ST"}},{"type":"Feature","id":396,"geometry":{"type":"LineString","coordinates":[[-87.796234431158,41.8783164760787],[-87.7962256238688,41.8780729944879],[-87.7961990582074,41.8772111482585],[-87.7961902902469,41.8769871682567],[-87.7961868522691,41.876899383928]]},"properties":{"OBJECTID":396,"STREETNAME":"CARPENTER AVE","BLOCK":600,"FIRST_FEATUREID":"026200348","BlockName":"600 Block of Carpenter Ave","Count_":0,"Shape__Length":516.5596446282159,"GlobalID":"59d39612-6e08-4afd-9766-1b127d2e6eb1","BlockNameShort":"600 CARPENTER AVE"}},{"type":"Feature","id":397,"geometry":{"type":"LineString","coordinates":[[-87.7897748713828,41.8944912295397],[-87.790117653075,41.8944850932912],[-87.7910679726286,41.8944692225933],[-87.7913267311316,41.8944648188485],[-87.7917039943633,41.8944583931363],[-87.7923668294319,41.8944473569459],[-87.7928555688617,41.8944396941682]]},"properties":{"OBJECTID":397,"STREETNAME":"CHICAGO AVE","BLOCK":600,"FIRST_FEATUREID":"026218","BlockName":"600 Block of Chicago Ave","Count_":0,"Shape__Length":838.9862280782581,"GlobalID":"92145002-9599-43ce-88f5-5766d64fcf56","BlockNameShort":"600 CHICAGO AVE"}},{"type":"Feature","id":398,"geometry":{"type":"LineString","coordinates":[[-87.7905227678124,41.8780047627624],[-87.7905153275388,41.8777900802059],[-87.7904868598507,41.8768671074572],[-87.7904680644804,41.8763544743213],[-87.7904650023704,41.8762670481338],[-87.7904619288216,41.8761792662549]]},"properties":{"OBJECTID":398,"STREETNAME":"CLARENCE AVE","BLOCK":600,"FIRST_FEATUREID":"026200352","BlockName":"600 Block of Clarence Ave","Count_":0,"Shape__Length":665.4276757137515,"GlobalID":"96287054-ccc2-4c7f-aa4b-e43b46f60d8b","BlockNameShort":"600 CLARENCE AVE"}},{"type":"Feature","id":399,"geometry":{"type":"LineString","coordinates":[[-87.7987758055937,41.8782712525822],[-87.7987688890517,41.8780626872121],[-87.7987395132944,41.877150717094],[-87.7987324753141,41.8769466285279],[-87.7987293408625,41.8768556872761]]},"properties":{"OBJECTID":399,"STREETNAME":"CLINTON AVE","BLOCK":600,"FIRST_FEATUREID":"0261534","BlockName":"600 Block of Clinton Ave","Count_":0,"Shape__Length":515.9940807121246,"GlobalID":"567b2c69-2730-462d-a466-b219ad8e7e1d","BlockNameShort":"600 CLINTON AVE"}},{"type":"Feature","id":400,"geometry":{"type":"LineString","coordinates":[[-87.789997998014,41.9017881462428],[-87.7903368105066,41.9017831295433],[-87.7906070795966,41.9017780823241],[-87.7908692354121,41.9017731870145],[-87.7912177637685,41.9017673168732],[-87.7915869984854,41.9017610985941],[-87.7918221936612,41.9017574658394],[-87.7920906062084,41.9017533193182],[-87.7924338168178,41.9017469207325]]},"properties":{"OBJECTID":400,"STREETNAME":"DIVISION ST","BLOCK":600,"FIRST_FEATUREID":"0262219","BlockName":"600 Block of Division St","Count_":0,"Shape__Length":663.2917265977642,"GlobalID":"1f885edb-0c36-4ae3-8a89-aeef44cdf97b","BlockNameShort":"600 DIVISION ST"}},{"type":"Feature","id":401,"geometry":{"type":"LineString","coordinates":[[-87.7896920211802,41.8916365575305],[-87.7902153309045,41.8916262974609],[-87.7904846565169,41.8916221679588],[-87.7907610272936,41.8916179279572],[-87.7912439984626,41.8916105922886],[-87.7917563251697,41.8916028123135],[-87.7920082828195,41.8915990303927],[-87.7924310968454,41.8915926828282],[-87.79277824744,41.891586861709]]},"properties":{"OBJECTID":401,"STREETNAME":"ERIE ST","BLOCK":600,"FIRST_FEATUREID":"0261218","BlockName":"600 Block of Erie St","Count_":0,"Shape__Length":840.5156777698369,"GlobalID":"c03232f0-c085-4f9a-a192-8d331ca204cb","BlockNameShort":"600 ERIE ST"}},{"type":"Feature","id":402,"geometry":{"type":"LineString","coordinates":[[-87.7882003916242,41.8963486643944],[-87.7882057394357,41.8965075432423],[-87.7882234540183,41.897024615698],[-87.7882576910135,41.8979830685613],[-87.7882594843813,41.8980662316434],[-87.788261749824,41.8981713985909]]},"properties":{"OBJECTID":402,"STREETNAME":"FAIR OAKS AVE","BLOCK":600,"FIRST_FEATUREID":"026197915","BlockName":"600 Block of Fair Oaks Ave","Count_":0,"Shape__Length":664.4292552173348,"GlobalID":"03696c77-a961-44be-a667-2e0af887a2f1","BlockNameShort":"600 FAIR OAKS AVE"}},{"type":"Feature","id":403,"geometry":{"type":"LineString","coordinates":[[-87.7889303046416,41.8670709736137],[-87.7892980684158,41.8670652551422],[-87.789544663002,41.8670608435587],[-87.7897577177207,41.8670570307969],[-87.7901550809652,41.867049890273],[-87.790375554229,41.8670459304815],[-87.7907666614283,41.8670391805269],[-87.7909323225334,41.8670363220308],[-87.7913811436634,41.8670287198084]]},"properties":{"OBJECTID":403,"STREETNAME":"FILLMORE ST","BLOCK":600,"FIRST_FEATUREID":"0262119","BlockName":"600 Block of Fillmore St","Count_":0,"Shape__Length":667.748676095305,"GlobalID":"c8e6759e-0f1f-4624-8ba5-b8bd21edb00f","BlockNameShort":"600 FILLMORE ST"}},{"type":"Feature","id":404,"geometry":{"type":"LineString","coordinates":[[-87.8006696659037,41.896156647595],[-87.8006799334861,41.8964724475807],[-87.8007105484886,41.8974162532974],[-87.8007173904879,41.8978483496718],[-87.800718113018,41.8978939516911],[-87.8007708365011,41.897955351875]]},"properties":{"OBJECTID":404,"STREETNAME":"FOREST AVE","BLOCK":600,"FIRST_FEATUREID":"0261822","BlockName":"600 Block of Forest Ave","Count_":0,"Shape__Length":659.8142265177304,"GlobalID":"bd26d232-b0c1-4b97-95b0-fcc5e47b807d","BlockNameShort":"600 FOREST AVE"}},{"type":"Feature","id":405,"geometry":{"type":"LineString","coordinates":[[-87.7890834617166,41.8716132379609],[-87.789353149318,41.8716370648218],[-87.7896672740853,41.8716652267986],[-87.7903126585142,41.8717188624348],[-87.7907673985246,41.8717566536179],[-87.7913814691184,41.8718098282907],[-87.7914197827464,41.8718129487108],[-87.7915430200394,41.8718229864774]]},"properties":{"OBJECTID":405,"STREETNAME":"GARFIELD ST","BLOCK":600,"FIRST_FEATUREID":"026201176","BlockName":"600 Block of Garfield St","Count_":0,"Shape__Length":674.2474007589332,"GlobalID":"9ed7388d-dda1-481d-92da-0acb971ada8f","BlockNameShort":"600 GARFIELD ST"}},{"type":"Feature","id":406,"geometry":{"type":"LineString","coordinates":[[-87.790113287882,41.9056375095969],[-87.7903513085354,41.9056345216774],[-87.7907193591379,41.9056293044979],[-87.7909263275966,41.9056263721275],[-87.791327647653,41.9056204134037],[-87.7915167425745,41.9056176062837],[-87.7919323781418,41.9056122369888],[-87.7922638067775,41.9056079559094],[-87.792538696141,41.9056048742705]]},"properties":{"OBJECTID":406,"STREETNAME":"GREENFIELD ST","BLOCK":600,"FIRST_FEATUREID":"0262122","BlockName":"600 Block of Greenfield St","Count_":0,"Shape__Length":660.3543382330081,"GlobalID":"209cd76a-54ef-48a9-bcfa-8a0740219706","BlockNameShort":"600 GREENFIELD ST"}},{"type":"Feature","id":407,"geometry":{"type":"LineString","coordinates":[[-87.7868648584176,41.8780677250011],[-87.7868594629098,41.8778739498354],[-87.7868397088835,41.8773738525576],[-87.7868177309126,41.8766737170198],[-87.7868058168323,41.8763295227117],[-87.7868027589844,41.876241192507]]},"properties":{"OBJECTID":407,"STREETNAME":"GUNDERSON AVE","BLOCK":600,"FIRST_FEATUREID":"026200355","BlockName":"600 Block of Gunderson Ave","Count_":0,"Shape__Length":665.8154767779678,"GlobalID":"53d00d78-d9bd-4679-b314-8c0cb62c4d77","BlockNameShort":"600 GUNDERSON AVE"}},{"type":"Feature","id":408,"geometry":{"type":"LineString","coordinates":[[-87.7891158008066,41.8725616523496],[-87.7894669334893,41.8725637902073],[-87.7899529434869,41.8725560744139],[-87.7903373083328,41.8725501836072],[-87.7905645772271,41.8725467003792],[-87.7908347633875,41.8725437228552],[-87.7912472884476,41.8725534992699],[-87.7913901028961,41.872556883323],[-87.791562639169,41.8725693514368]]},"properties":{"OBJECTID":408,"STREETNAME":"HARRISON ST","BLOCK":600,"FIRST_FEATUREID":"026993","BlockName":"600 Block of Harrison St","Count_":0,"Shape__Length":666.795017310398,"GlobalID":"17867d70-c928-4fcf-a511-652483bc6288","BlockNameShort":"600 HARRISON ST"}},{"type":"Feature","id":409,"geometry":{"type":"LineString","coordinates":[[-87.7889914349453,41.8688974781158],[-87.789363843806,41.8688902517775],[-87.7896040291631,41.8688866497411],[-87.7898074483465,41.868883597986],[-87.7902167421188,41.8688760005295],[-87.7905992136135,41.868868901503],[-87.7908285367548,41.8688649547615],[-87.7910108806338,41.8688618175249],[-87.7914422397472,41.8688539849653]]},"properties":{"OBJECTID":409,"STREETNAME":"HARVARD ST","BLOCK":600,"FIRST_FEATUREID":"0261519","BlockName":"600 Block of Harvard St","Count_":0,"Shape__Length":667.7317770555695,"GlobalID":"6febfa11-9b4f-4e30-9d41-2aba72632957","BlockNameShort":"600 HARVARD ST"}},{"type":"Feature","id":410,"geometry":{"type":"LineString","coordinates":[[-87.7819461143109,41.8781174068555],[-87.7819388960655,41.8779182134613],[-87.7819163731958,41.8772880942409],[-87.7818885465074,41.8765095655919],[-87.7818849551693,41.8764098091407],[-87.7818818180887,41.8763226551833]]},"properties":{"OBJECTID":410,"STREETNAME":"HIGHLAND AVE","BLOCK":600,"FIRST_FEATUREID":"0262207","BlockName":"600 Block of Highland Ave","Count_":0,"Shape__Length":654.251448929101,"GlobalID":"7d11615b-6a97-40f2-8981-9c2da0e90d6f","BlockNameShort":"600 HIGHLAND AVE"}},{"type":"Feature","id":411,"geometry":{"type":"LineString","coordinates":[[-87.7998162102516,41.8782540925165],[-87.7998087284802,41.8780354425262],[-87.7997808532461,41.8771972178118],[-87.799770843042,41.8769288885442],[-87.7997674169172,41.876837062726]]},"properties":{"OBJECTID":411,"STREETNAME":"HOME AVE","BLOCK":600,"FIRST_FEATUREID":"026200345","BlockName":"600 Block of Home Ave","Count_":0,"Shape__Length":516.5437631098401,"GlobalID":"367d92b8-2d68-4b9f-b442-653b77e9be1c","BlockNameShort":"600 HOME AVE"}},{"type":"Feature","id":412,"geometry":{"type":"LineString","coordinates":[[-87.7898296416825,41.8963233463175],[-87.7902393177786,41.8963169041686],[-87.7909994312951,41.8963061711562],[-87.7913745174743,41.8963001180043],[-87.7916625767905,41.8962954700479],[-87.7925550520242,41.8962820584557],[-87.792902654549,41.8962766721868]]},"properties":{"OBJECTID":412,"STREETNAME":"IOWA ST","BLOCK":600,"FIRST_FEATUREID":"0261187","BlockName":"600 Block of Iowa St","Count_":0,"Shape__Length":836.8327890379588,"GlobalID":"18fce818-af57-4e65-8deb-b5d6986f4475","BlockNameShort":"600 IOWA ST"}},{"type":"Feature","id":413,"geometry":{"type":"LineString","coordinates":[[-87.7892384424898,41.8761998590501],[-87.7894704739693,41.8761957199083],[-87.789849652499,41.8761897260718],[-87.7901157095028,41.8761855188555],[-87.7904619288216,41.8761792662549],[-87.790762315025,41.876173838683],[-87.7910726497924,41.8761679414028],[-87.7913591280021,41.8761624961179],[-87.7916829030695,41.8761550553018]]},"properties":{"OBJECTID":413,"STREETNAME":"JACKSON BLVD","BLOCK":600,"FIRST_FEATUREID":"0262029","BlockName":"600 Block of Jackson Blvd","Count_":0,"Shape__Length":665.9415590551363,"GlobalID":"7a250e33-4a3b-429d-9648-ed190cbb538a","BlockNameShort":"600 JACKSON BLVD"}},{"type":"Feature","id":414,"geometry":{"type":"LineString","coordinates":[[-87.7895907911702,41.8884859175718],[-87.7898221715406,41.8884926193198],[-87.7900265692313,41.8884991686391],[-87.7904157938706,41.8885116352597],[-87.7904718517034,41.8885134308502],[-87.7905650168272,41.8885164146868],[-87.7906993475063,41.8885207165974],[-87.7907042851126,41.8885208740795],[-87.7907227393698,41.8885214663691],[-87.7908969406114,41.8885271971012],[-87.7911612025446,41.8885352777279],[-87.7914206380903,41.8885434502151],[-87.7914429613477,41.8885441839933],[-87.791924008669,41.8885600210691],[-87.7924794439171,41.8885782988936],[-87.7926953911745,41.8885848591426]]},"properties":{"OBJECTID":414,"STREETNAME":"LAKE ST","BLOCK":600,"FIRST_FEATUREID":"0262173","BlockName":"600 Block of Lake St","Count_":0,"Shape__Length":846.1314196137421,"GlobalID":"2b802903-23ca-477e-9c13-258164d85c67","BlockNameShort":"600 LAKE ST"}},{"type":"Feature","id":415,"geometry":{"type":"LineString","coordinates":[[-87.7901605538548,41.9072498647962],[-87.7907664465074,41.9072424905374],[-87.7909707117983,41.9072400026939],[-87.7913730195656,41.9072350253583],[-87.7919771012872,41.9072275506315],[-87.7921749517336,41.9072251024305],[-87.7925848014529,41.9072217454903]]},"properties":{"OBJECTID":415,"STREETNAME":"LE MOYNE PKWY","BLOCK":600,"FIRST_FEATUREID":"0261077","BlockName":"600 Block of Le Moyne Pkwy","Count_":0,"Shape__Length":659.9948196393364,"GlobalID":"4eacd7d9-c114-42a7-9e0f-983153689aba","BlockNameShort":"600 LE MOYNE PKWY"}},{"type":"Feature","id":416,"geometry":{"type":"LineString","coordinates":[[-87.7890531321401,41.8707236722787],[-87.7896644265457,41.8707140565128],[-87.7900132744161,41.8707085694556],[-87.7902776001806,41.8707039827011],[-87.7904580761689,41.8707008483212],[-87.7908912697965,41.8706929256812],[-87.7911233929907,41.8706886782649],[-87.7915051994835,41.8706815730963]]},"properties":{"OBJECTID":416,"STREETNAME":"LEXINGTON ST","BLOCK":600,"FIRST_FEATUREID":"0262489","BlockName":"600 Block of Lexington St","Count_":0,"Shape__Length":668.0443321298497,"GlobalID":"53678e1a-eca4-441e-bb37-a28f1a1efd17","BlockNameShort":"600 LEXINGTON ST"}},{"type":"Feature","id":417,"geometry":{"type":"LineString","coordinates":[[-87.7913745174743,41.8963001180043],[-87.7913856452529,41.8967499277725],[-87.7913990172126,41.8972622866754],[-87.7914191268077,41.8980164143312],[-87.7914219708016,41.8981230371036]]},"properties":{"OBJECTID":417,"STREETNAME":"LINDEN AVE","BLOCK":600,"FIRST_FEATUREID":"026197911","BlockName":"600 Block of Linden Ave","Count_":0,"Shape__Length":664.4088948067026,"GlobalID":"be24ac82-9f73-42e1-8f74-cbb2bd11629d","BlockNameShort":"600 LINDEN AVE"}},{"type":"Feature","id":418,"geometry":{"type":"LineString","coordinates":[[-87.7770474861009,41.8781986846577],[-87.7770395679302,41.8780066606241],[-87.7769889954855,41.8765470772237],[-87.776984634189,41.8764340503315],[-87.7769820827613,41.8763679230167]]},"properties":{"OBJECTID":418,"STREETNAME":"LYMAN AVE","BLOCK":600,"FIRST_FEATUREID":"0262790","BlockName":"600 Block of Lyman Ave","Count_":0,"Shape__Length":667.3782667493258,"GlobalID":"a491f113-e0eb-4bc3-8bbc-49f4bb21e6ee","BlockNameShort":"600 LYMAN AVE"}},{"type":"Feature","id":419,"geometry":{"type":"LineString","coordinates":[[-87.7893609392445,41.8798500003128],[-87.7896242377258,41.8798449879868],[-87.7901602952441,41.8798355590808],[-87.7905850384988,41.8798277021527],[-87.7908431158318,41.8798229252566],[-87.7909961861883,41.8798208265494],[-87.7918102180355,41.8798073488821],[-87.7918729484841,41.879806023143],[-87.7926188029472,41.8797908623616]]},"properties":{"OBJECTID":419,"STREETNAME":"MADISON ST","BLOCK":600,"FIRST_FEATUREID":"026902","BlockName":"600 Block of Madison St","Count_":0,"Shape__Length":887.4791341175005,"GlobalID":"586e145d-3021-4956-848b-87d2c68061d1","BlockNameShort":"600 MADISON ST"}},{"type":"Feature","id":420,"geometry":{"type":"LineString","coordinates":[[-87.7750556147726,41.8918884626283],[-87.7750562767737,41.8919050141228],[-87.7750769556769,41.8927131314449],[-87.775080792123,41.8928267713703],[-87.7750928879633,41.893168705967]]},"properties":{"OBJECTID":420,"STREETNAME":"N AUSTIN BLVD","BLOCK":600,"FIRST_FEATUREID":"026258","BlockName":"600 Block of N Austin Blvd","Count_":0,"Shape__Length":466.6422395267064,"GlobalID":"d35d1249-d49b-490e-a987-48e25e2310cb","BlockNameShort":"600 N AUSTIN BLVD"}},{"type":"Feature","id":421,"geometry":{"type":"LineString","coordinates":[[-87.7833155249998,41.8964201198687],[-87.783340177367,41.897110799371],[-87.7833721263255,41.8980149061739],[-87.7833768233316,41.8981579405767],[-87.7833796956983,41.8982453711049]]},"properties":{"OBJECTID":421,"STREETNAME":"N CUYLER AVE","BLOCK":600,"FIRST_FEATUREID":"026197920","BlockName":"600 Block of N Cuyler Ave","Count_":0,"Shape__Length":665.363075685004,"GlobalID":"3e51b417-1997-4d7e-9712-e7e3c2a884f6","BlockNameShort":"600 N CUYLER AVE"}},{"type":"Feature","id":422,"geometry":{"type":"LineString","coordinates":[[-87.7898296416825,41.8963233463175],[-87.789832829066,41.8964202777113],[-87.789840239834,41.8966421847159],[-87.7898563994898,41.8971492053609],[-87.7898819840066,41.8979701023522],[-87.7898843074131,41.8980434461026],[-87.7898875818164,41.8981467603935]]},"properties":{"OBJECTID":422,"STREETNAME":"N EAST AVE","BLOCK":600,"FIRST_FEATUREID":"026197912","BlockName":"600 Block of N East Ave","Count_":0,"Shape__Length":664.6509535676481,"GlobalID":"4919768c-77ff-4c07-bec2-129aa6e38340","BlockNameShort":"600 N EAST AVE"}},{"type":"Feature","id":423,"geometry":{"type":"LineString","coordinates":[[-87.7865705064713,41.8963727102571],[-87.7865799371959,41.8966588159839],[-87.7865997641324,41.897245437443],[-87.786626920048,41.8980493009299],[-87.7866280372949,41.8980928035087],[-87.7866307059898,41.898196720931]]},"properties":{"OBJECTID":423,"STREETNAME":"N ELMWOOD AVE","BLOCK":600,"FIRST_FEATUREID":"0261773","BlockName":"600 Block of N Elmwood Ave","Count_":0,"Shape__Length":664.8841683983516,"GlobalID":"4c133ae2-c9f3-4760-8e7e-bcb9aac684af","BlockNameShort":"600 N ELMWOOD AVE"}},{"type":"Feature","id":424,"geometry":{"type":"LineString","coordinates":[[-87.792902654549,41.8962766721868],[-87.7929228315058,41.8970533310778],[-87.7929485147571,41.8979931053108],[-87.7929514085129,41.8980989873023]]},"properties":{"OBJECTID":424,"STREETNAME":"N EUCLID AVE","BLOCK":600,"FIRST_FEATUREID":"026197908","BlockName":"600 Block of N Euclid Ave","Count_":0,"Shape__Length":664.1956980903045,"GlobalID":"b6ec331e-61a9-4745-a245-0b1bcc3e387b","BlockNameShort":"600 N EUCLID AVE"}},{"type":"Feature","id":425,"geometry":{"type":"LineString","coordinates":[[-87.7962263965135,41.8961949824113],[-87.7962343482187,41.8964632672379],[-87.7962628794782,41.8977487770169],[-87.7962672813059,41.8979343560607],[-87.7962698415897,41.8980422900939]]},"properties":{"OBJECTID":425,"STREETNAME":"N GROVE AVE","BLOCK":600,"FIRST_FEATUREID":"026197904","BlockName":"600 Block of N Grove Ave","Count_":0,"Shape__Length":673.2753648665333,"GlobalID":"3bbef907-07f5-4b7e-9ef9-b7e29510c221","BlockNameShort":"600 N GROVE AVE"}},{"type":"Feature","id":426,"geometry":{"type":"LineString","coordinates":[[-87.8051279385543,41.8907876493752],[-87.8051445866642,41.8915085299121],[-87.8051447736977,41.8915147872491],[-87.8051553884815,41.8918245519169],[-87.8051680357693,41.8921936017262],[-87.8051996454846,41.8930413352226]]},"properties":{"OBJECTID":426,"STREETNAME":"N HARLEM AVE","BLOCK":600,"FIRST_FEATUREID":"026221","BlockName":"600 Block of N Harlem Ave","Count_":0,"Shape__Length":821.4961042911908,"GlobalID":"bc5caefb-95e7-4eb5-be14-fc7d4dd5acfc","BlockNameShort":"600 N HARLEM AVE"}},{"type":"Feature","id":427,"geometry":{"type":"LineString","coordinates":[[-87.7816898546949,41.8964436718684],[-87.7816958233421,41.8966829877296],[-87.7817224194059,41.8973656368217],[-87.7817450894258,41.8980563079116],[-87.781747661585,41.8981800459733],[-87.7817494769923,41.8982673688236]]},"properties":{"OBJECTID":427,"STREETNAME":"N HARVEY AVE","BLOCK":600,"FIRST_FEATUREID":"026197921","BlockName":"600 Block of N Harvey Ave","Count_":0,"Shape__Length":664.7726726160826,"GlobalID":"ce027666-2f9f-464f-9faa-70e968be82be","BlockNameShort":"600 N HARVEY AVE"}},{"type":"Feature","id":428,"geometry":{"type":"LineString","coordinates":[[-87.7768166571477,41.896517359438],[-87.7768446047354,41.8973941053033],[-87.7768731443839,41.8982465906223],[-87.7768760764129,41.8983341782497]]},"properties":{"OBJECTID":428,"STREETNAME":"N HUMPHREY AVE","BLOCK":600,"FIRST_FEATUREID":"026197931","BlockName":"600 Block of N Humphrey Ave","Count_":0,"Shape__Length":662.2588304136887,"GlobalID":"65071bbc-cd32-40aa-9f29-c69f2a5b4d99","BlockNameShort":"600 N HUMPHREY AVE"}},{"type":"Feature","id":429,"geometry":{"type":"LineString","coordinates":[[-87.7977263909694,41.8961907647222],[-87.7977418866172,41.8967035137441],[-87.7977592745084,41.8972161103828],[-87.7977774104164,41.8977623823126],[-87.7977818881848,41.8979070888812],[-87.7977851124667,41.8980112904664]]},"properties":{"OBJECTID":429,"STREETNAME":"N KENILWORTH AVE","BLOCK":600,"FIRST_FEATUREID":"026197903","BlockName":"600 Block of N Kenilworth Ave","Count_":0,"Shape__Length":663.6036717000297,"GlobalID":"fdd74bc7-c471-4487-abfc-57f1fe087bfa","BlockNameShort":"600 N KENILWORTH AVE"}},{"type":"Feature","id":430,"geometry":{"type":"LineString","coordinates":[[-87.7800654833069,41.8964666885127],[-87.7800731631695,41.8966551758514],[-87.780118183158,41.8979971632937],[-87.7801217670285,41.8982036817752],[-87.7801232488938,41.8982890411993]]},"properties":{"OBJECTID":430,"STREETNAME":"N LOMBARD AVE","BLOCK":600,"FIRST_FEATUREID":"026197924","BlockName":"600 Block of N Lombard Ave","Count_":0,"Shape__Length":664.2718108785959,"GlobalID":"11728880-c622-4a97-b45f-5004d743abd3","BlockNameShort":"600 N LOMBARD AVE"}},{"type":"Feature","id":431,"geometry":{"type":"LineString","coordinates":[[-87.8033250086467,41.8963140768031],[-87.8033277532803,41.8964103296462],[-87.8033444430307,41.89688406357],[-87.8033531178671,41.8971053723441],[-87.8033671923295,41.8974644663162],[-87.8033752499434,41.897907076039]]},"properties":{"OBJECTID":431,"STREETNAME":"N MARION ST","BLOCK":600,"FIRST_FEATUREID":"0269","BlockName":"600 Block of N Marion St","Count_":0,"Shape__Length":580.6716155800797,"GlobalID":"0d07f09e-f4c4-45f5-a0af-ed7f975059c8","BlockNameShort":"600 N MARION ST"}},{"type":"Feature","id":432,"geometry":{"type":"LineString","coordinates":[[-87.7947243644865,41.8962387436422],[-87.7947354359156,41.89662735037],[-87.7947687102229,41.8978910935458],[-87.7947705117023,41.8979636829725],[-87.7947731723524,41.8980708459142]]},"properties":{"OBJECTID":432,"STREETNAME":"N OAK PARK AVE","BLOCK":600,"FIRST_FEATUREID":"026197907","BlockName":"600 Block of N Oak Park Ave","Count_":0,"Shape__Length":667.7617928093099,"GlobalID":"76299101-8448-4c95-8727-fe766ddbd980","BlockNameShort":"600 N OAK PARK AVE"}},{"type":"Feature","id":433,"geometry":{"type":"LineString","coordinates":[[-87.7849386141857,41.896396842243],[-87.784955111467,41.8968753549726],[-87.7849894156989,41.8978803792216],[-87.785001864128,41.8982213040409]]},"properties":{"OBJECTID":433,"STREETNAME":"N RIDGELAND AVE","BLOCK":600,"FIRST_FEATUREID":"026804","BlockName":"600 Block of N Ridgeland Ave","Count_":0,"Shape__Length":665.0688578568006,"GlobalID":"3b52ed70-5fdb-49a2-890d-56a438818c12","BlockNameShort":"600 N RIDGELAND AVE"}},{"type":"Feature","id":434,"geometry":{"type":"LineString","coordinates":[[-87.7784422304554,41.8964901053398],[-87.778448053548,41.89666854771],[-87.7784733204319,41.897500752082],[-87.7784981993851,41.898225946282],[-87.778501154609,41.898312085335]]},"properties":{"OBJECTID":434,"STREETNAME":"N TAYLOR AVE","BLOCK":600,"FIRST_FEATUREID":"026197925","BlockName":"600 Block of N Taylor Ave","Count_":0,"Shape__Length":664.1362001866277,"GlobalID":"452d1c03-47e4-42ad-b559-d26971cdf59c","BlockNameShort":"600 N TAYLOR AVE"}},{"type":"Feature","id":435,"geometry":{"type":"LineString","coordinates":[[-87.7895708642892,41.887400974642],[-87.78999550427,41.8873934544021],[-87.7901149884373,41.8873913384357],[-87.7903330249438,41.8873914251388],[-87.7908559908817,41.8873916305579],[-87.7911830949303,41.8873793766202],[-87.791460641642,41.8873689794184],[-87.7916568154944,41.8873616289574],[-87.7920453676777,41.8873403600489],[-87.79213005523,41.8873357226723],[-87.7922997665953,41.8873264322095],[-87.792683737848,41.8873309712843]]},"properties":{"OBJECTID":435,"STREETNAME":"NORTH BLVD","BLOCK":600,"FIRST_FEATUREID":"026280","BlockName":"600 Block of North Blvd","Count_":0,"Shape__Length":848.4278655103691,"GlobalID":"a18b0d84-cec0-476a-bda0-fb5cb78e28eb","BlockNameShort":"600 NORTH BLVD"}},{"type":"Feature","id":436,"geometry":{"type":"LineString","coordinates":[[-87.7912087251296,41.8902541201468],[-87.7919641334053,41.890240982438],[-87.7923221632158,41.8902347547996],[-87.7927401864052,41.8902287625588]]},"properties":{"OBJECTID":436,"STREETNAME":"ONTARIO ST","BLOCK":600,"FIRST_FEATUREID":"0261167","BlockName":"600 Block of Ontario St","Count_":0,"Shape__Length":417.09861685788246,"GlobalID":"c9b9f7bb-0c16-44ac-811d-1baf9a5efc73","BlockNameShort":"600 ONTARIO ST"}},{"type":"Feature","id":437,"geometry":{"type":"LineString","coordinates":[[-87.7895103588934,41.8851258951601],[-87.7898023754629,41.8851219566033],[-87.7903247790226,41.8851125424961],[-87.7908301408635,41.8851034353569],[-87.7911429595334,41.8850984329166],[-87.7914726374898,41.8850931589409],[-87.7919556718441,41.8850852091785],[-87.7923863806943,41.8850781192419],[-87.7927720273107,41.8850714116138]]},"properties":{"OBJECTID":437,"STREETNAME":"PLEASANT ST","BLOCK":600,"FIRST_FEATUREID":"0261663","BlockName":"600 Block of Pleasant St","Count_":0,"Shape__Length":888.4013174230772,"GlobalID":"d15e09e2-f59e-4492-a138-d4c51fa6e679","BlockNameShort":"600 PLEASANT ST"}},{"type":"Feature","id":438,"geometry":{"type":"LineString","coordinates":[[-87.7894607647914,41.8833525114832],[-87.7898760067279,41.8833451551192],[-87.7902751537837,41.8833380425678],[-87.790600145213,41.8833322519337],[-87.7910942998854,41.8833243277188],[-87.7912915464829,41.883321165021],[-87.7919078841882,41.8833103314097],[-87.7924757399888,41.8833003483808],[-87.7927204578455,41.8833112783768]]},"properties":{"OBJECTID":438,"STREETNAME":"RANDOLPH ST","BLOCK":600,"FIRST_FEATUREID":"0261481","BlockName":"600 Block of Randolph St","Count_":0,"Shape__Length":888.004074892428,"GlobalID":"e78cfa50-e9ae-4473-89db-14a68785efce","BlockNameShort":"600 RANDOLPH ST"}},{"type":"Feature","id":439,"geometry":{"type":"LineString","coordinates":[[-87.7744150736797,41.8727790665572],[-87.7744065841532,41.8725818236962],[-87.7743862769509,41.8723543581701],[-87.7743821053198,41.8723109511656],[-87.7743807707559,41.8721396253141],[-87.7743640962372,41.8719556433819],[-87.7743574950703,41.8714214007855],[-87.774336622637,41.8712489120022],[-87.7743388734124,41.8712412385158],[-87.7743352857651,41.8711407704977],[-87.7743325799429,41.8711334798412],[-87.7743332092396,41.8711298275048],[-87.7743319425906,41.8710763948853],[-87.77433043286,41.8710721532157]]},"properties":{"OBJECTID":439,"STREETNAME":"S AUSTIN BLVD","BLOCK":600,"FIRST_FEATUREID":"0262298","BlockName":"600 Block of S Austin Blvd","Count_":0,"Shape__Length":622.937595665861,"GlobalID":"5264e324-f770-4e13-9e5d-d1d90d3a11c5","BlockNameShort":"600 S AUSTIN BLVD"}},{"type":"Feature","id":440,"geometry":{"type":"LineString","coordinates":[[-87.7831720536773,41.8780986376214],[-87.7831634531279,41.8778550957454],[-87.7831435519987,41.8773031760674],[-87.7831242979103,41.8767692537079],[-87.7831158387578,41.8763886179683],[-87.7831139129787,41.8763019020107]]},"properties":{"OBJECTID":440,"STREETNAME":"S CUYLER AVE","BLOCK":600,"FIRST_FEATUREID":"026200358","BlockName":"600 Block of S Cuyler Ave","Count_":0,"Shape__Length":654.9380042697882,"GlobalID":"a54faf1b-7899-4d10-8df4-2654638af922","BlockNameShort":"600 S CUYLER AVE"}},{"type":"Feature","id":441,"geometry":{"type":"LineString","coordinates":[[-87.7893009138123,41.8780253773961],[-87.7892940689733,41.8778159700006],[-87.7892699177339,41.8771047090115],[-87.7892445284805,41.8763923175353],[-87.7892412114553,41.8762874198324],[-87.7892384424898,41.8761998590501]]},"properties":{"OBJECTID":441,"STREETNAME":"S EAST AVE","BLOCK":600,"FIRST_FEATUREID":"026200353","BlockName":"600 Block of S East Ave","Count_":0,"Shape__Length":665.4460099964211,"GlobalID":"51f31673-435f-4d9d-81eb-9d5bd6f22d81","BlockNameShort":"600 S EAST AVE"}},{"type":"Feature","id":442,"geometry":{"type":"LineString","coordinates":[[-87.7856282715313,41.8780834622278],[-87.7856204928123,41.8778664557755],[-87.7856016741014,41.8773053590541],[-87.7855767983648,41.8765934626775],[-87.7855681388289,41.8763498503993],[-87.785565058733,41.8762631964984]]},"properties":{"OBJECTID":442,"STREETNAME":"S ELMWOOD AVE","BLOCK":600,"FIRST_FEATUREID":"026200356","BlockName":"600 Block of S Elmwood Ave","Count_":0,"Shape__Length":663.5377988296881,"GlobalID":"830921a0-5228-4c45-a50d-0f7be4f5a54f","BlockNameShort":"600 S ELMWOOD AVE"}},{"type":"Feature","id":443,"geometry":{"type":"LineString","coordinates":[[-87.7929702166333,41.8779615259329],[-87.7929630287688,41.8777548064531],[-87.7929294713255,41.8767691589684],[-87.7929104068732,41.8762250921176],[-87.7929072407843,41.8761347420824]]},"properties":{"OBJECTID":443,"STREETNAME":"S EUCLID AVE","BLOCK":600,"FIRST_FEATUREID":"026200350","BlockName":"600 Block of S Euclid Ave","Count_":0,"Shape__Length":665.910016592433,"GlobalID":"bfedefe1-7e5e-461e-9ba8-a391a282ecab","BlockNameShort":"600 S EUCLID AVE"}},{"type":"Feature","id":444,"geometry":{"type":"LineString","coordinates":[[-87.7954053324145,41.87832980472],[-87.7953980212337,41.8781441762764],[-87.795393463297,41.8780044638601],[-87.7953907884178,41.877922489417],[-87.7953841746084,41.877719794604],[-87.7953695034614,41.877258143795],[-87.7953604089971,41.8770011871021],[-87.7953573234149,41.8769140382431]]},"properties":{"OBJECTID":444,"STREETNAME":"S GROVE AVE","BLOCK":600,"FIRST_FEATUREID":"0261614","BlockName":"600 Block of S Grove Ave","Count_":0,"Shape__Length":516.0788206133454,"GlobalID":"9ce70089-f41d-4723-8adf-10d6554a6c92","BlockNameShort":"600 S GROVE AVE"}},{"type":"Feature","id":445,"geometry":{"type":"LineString","coordinates":[[-87.8045187484599,41.8736839372734],[-87.8044927581632,41.8736684838236],[-87.8044936462619,41.8736247554652],[-87.8045153739967,41.8736120706191],[-87.8044854337894,41.8735979260878],[-87.8044846413742,41.8735021815721],[-87.8045110910695,41.8734934610804],[-87.8044813798618,41.8734753632878],[-87.8044349572682,41.8730669295475]]},"properties":{"OBJECTID":445,"STREETNAME":"S HARLEM AVE","BLOCK":600,"FIRST_FEATUREID":"0261560","BlockName":"600 Block of S Harlem Ave","Count_":0,"Shape__Length":244.71194426948128,"GlobalID":"105a2051-3389-49c0-9eab-001a690d70f9","BlockNameShort":"600 S HARLEM AVE"}},{"type":"Feature","id":446,"geometry":{"type":"LineString","coordinates":[[-87.7807351534429,41.8781367671782],[-87.7807275104078,41.8779269079978],[-87.7806774753908,41.876484699023],[-87.780675523191,41.8764312154992],[-87.7806722853722,41.8763425214381]]},"properties":{"OBJECTID":446,"STREETNAME":"S HARVEY AVE","BLOCK":600,"FIRST_FEATUREID":"026200360","BlockName":"600 Block of S Harvey Ave","Count_":0,"Shape__Length":654.0570138460124,"GlobalID":"0a97bda0-c2d7-4955-876a-41f2f341a085","BlockNameShort":"600 S HARVEY AVE"}},{"type":"Feature","id":447,"geometry":{"type":"LineString","coordinates":[[-87.7758347060401,41.8782171642749],[-87.775808127088,41.8774919047578],[-87.7757656140526,41.8764521866159],[-87.7757629463716,41.8763869662579]]},"properties":{"OBJECTID":447,"STREETNAME":"S HUMPHREY AVE","BLOCK":600,"FIRST_FEATUREID":"026772","BlockName":"600 Block of S Humphrey Ave","Count_":0,"Shape__Length":667.2213790490165,"GlobalID":"51584d3a-f18c-4dd3-a613-398fddae3919","BlockNameShort":"600 S HUMPHREY AVE"}},{"type":"Feature","id":448,"geometry":{"type":"LineString","coordinates":[[-87.7973398900255,41.8782963960378],[-87.7973329739443,41.878100588464],[-87.7972996064601,41.8770886269646],[-87.7972955833174,41.8769733758393],[-87.7972923476458,41.8768806631016]]},"properties":{"OBJECTID":448,"STREETNAME":"S KENILWORTH AVE","BLOCK":600,"FIRST_FEATUREID":"026200347","BlockName":"600 Block of S Kenilworth Ave","Count_":0,"Shape__Length":516.0625127375182,"GlobalID":"11549254-5fca-4872-8295-f1834e2dba9c","BlockNameShort":"600 S KENILWORTH AVE"}},{"type":"Feature","id":449,"geometry":{"type":"LineString","coordinates":[[-87.7794956848148,41.8781581984008],[-87.7794876612264,41.8779021919915],[-87.7794423891486,41.8765920319103],[-87.7794351809234,41.8763956618426],[-87.7794327370046,41.8763290687191]]},"properties":{"OBJECTID":449,"STREETNAME":"S LOMBARD AVE","BLOCK":600,"FIRST_FEATUREID":"0261754","BlockName":"600 Block of S Lombard Ave","Count_":0,"Shape__Length":666.7655720033997,"GlobalID":"07d1d06b-e952-47e7-acf3-73710f49cf68","BlockNameShort":"600 S LOMBARD AVE"}},{"type":"Feature","id":450,"geometry":{"type":"LineString","coordinates":[[-87.8038172744785,41.8781789960692],[-87.8037998610483,41.8776898893692],[-87.803794147773,41.8775294324989],[-87.8037936374053,41.8775150795597],[-87.8037748019109,41.8769944073759],[-87.8037704081585,41.87686222648],[-87.8037673781732,41.8767710454459]]},"properties":{"OBJECTID":450,"STREETNAME":"S MAPLE AVE","BLOCK":600,"FIRST_FEATUREID":"026200342","BlockName":"600 Block of S Maple Ave","Count_":0,"Shape__Length":513.2437665112973,"GlobalID":"96ff1904-630a-4873-b4c2-03fe8a63d686","BlockNameShort":"600 S MAPLE AVE"}},{"type":"Feature","id":451,"geometry":{"type":"LineString","coordinates":[[-87.7941945143504,41.8779395665234],[-87.7941852695287,41.8776947439037],[-87.7941611794487,41.8769699006604],[-87.7941404213471,41.8763596453681],[-87.7941349537205,41.8762056689391],[-87.7941317457381,41.8761153682577]]},"properties":{"OBJECTID":451,"STREETNAME":"S OAK PARK AVE","BLOCK":600,"FIRST_FEATUREID":"026200349","BlockName":"600 Block of S Oak Park Ave","Count_":0,"Shape__Length":664.9669799674838,"GlobalID":"c156672b-d429-40ab-92e3-276a0cd7ccb8","BlockNameShort":"600 S OAK PARK AVE"}},{"type":"Feature","id":452,"geometry":{"type":"LineString","coordinates":[[-87.7844037950763,41.8780832935338],[-87.7843964731325,41.8778584435908],[-87.7843590844209,41.8767951685123],[-87.7843450860471,41.8763689228591],[-87.7843422688935,41.8762831282125]]},"properties":{"OBJECTID":452,"STREETNAME":"S RIDGELAND AVE","BLOCK":600,"FIRST_FEATUREID":"026200357","BlockName":"600 Block of S Ridgeland Ave","Count_":0,"Shape__Length":656.2039083609318,"GlobalID":"78f5f471-cbc5-4cbd-8573-71e51afdb09a","BlockNameShort":"600 S RIDGELAND AVE"}},{"type":"Feature","id":453,"geometry":{"type":"LineString","coordinates":[[-87.788074931791,41.878045697429],[-87.7880675521213,41.8778166293182],[-87.7880417759413,41.8770648556963],[-87.7880191798156,41.8763797828584],[-87.7880170275948,41.8763126888999],[-87.7880140910276,41.8762210910518]]},"properties":{"OBJECTID":453,"STREETNAME":"S SCOVILLE AVE","BLOCK":600,"FIRST_FEATUREID":"026324","BlockName":"600 Block of S Scoville Ave","Count_":0,"Shape__Length":665.1024587545631,"GlobalID":"4455c61b-2e6b-4aad-84b8-ca0e4f655b41","BlockNameShort":"600 S SCOVILLE AVE"}},{"type":"Feature","id":454,"geometry":{"type":"LineString","coordinates":[[-87.7782575085893,41.8781776183257],[-87.7782474568798,41.877876171591],[-87.7782002309478,41.876569897389],[-87.7781953847601,41.8764153506372],[-87.7781932931082,41.8763485701197]]},"properties":{"OBJECTID":454,"STREETNAME":"S TAYLOR AVE","BLOCK":600,"FIRST_FEATUREID":"026530","BlockName":"600 Block of S Taylor Ave","Count_":0,"Shape__Length":666.7451073497706,"GlobalID":"6c8d1f15-774d-4580-8b4d-7d36453d0ff3","BlockNameShort":"600 S TAYLOR AVE"}},{"type":"Feature","id":455,"geometry":{"type":"LineString","coordinates":[[-87.7895592682358,41.8869403639617],[-87.7899348568244,41.8869356818364],[-87.7908655487345,41.8869216951374],[-87.7911924769338,41.8869169879098],[-87.7916690770293,41.8869101200188],[-87.7925364964663,41.886908390102],[-87.7926751139239,41.8869089023372],[-87.7927940225182,41.8869093423467]]},"properties":{"OBJECTID":455,"STREETNAME":"SOUTH BLVD","BLOCK":600,"FIRST_FEATUREID":"026199527","BlockName":"600 Block of South Blvd","Count_":0,"Shape__Length":880.9320143098053,"GlobalID":"871cd01c-172f-4ec0-8544-991d9cdd2f95","BlockNameShort":"600 SOUTH BLVD"}},{"type":"Feature","id":456,"geometry":{"type":"LineString","coordinates":[[-87.7897317294188,41.893015101035],[-87.7900843572624,41.8930092995927],[-87.7905208673827,41.8930014986862],[-87.7907910084128,41.8929966691609],[-87.791282667016,41.8929886370069],[-87.7915780959871,41.8929838097471],[-87.7920426268127,41.8929762883009],[-87.7924444541951,41.8929697814524],[-87.7928165180266,41.89296342392]]},"properties":{"OBJECTID":456,"STREETNAME":"SUPERIOR ST","BLOCK":600,"FIRST_FEATUREID":"0261158","BlockName":"600 Block of Superior St","Count_":0,"Shape__Length":840.1203985518772,"GlobalID":"1840bb59-2861-483d-a4d2-ec35e4619b96","BlockNameShort":"600 SUPERIOR ST"}},{"type":"Feature","id":457,"geometry":{"type":"LineString","coordinates":[[-87.7899381293554,41.8998117608953],[-87.7903246904345,41.8998059005502],[-87.790552845328,41.8998019904015],[-87.7908416617642,41.899797037487],[-87.7911623278608,41.899791864184],[-87.7914179974763,41.8997877391899],[-87.7917699390474,41.8997816907924],[-87.7920219636166,41.8997773599923],[-87.7923791235118,41.8997711398524]]},"properties":{"OBJECTID":457,"STREETNAME":"THOMAS ST","BLOCK":600,"FIRST_FEATUREID":"0261199","BlockName":"600 Block of Thomas St","Count_":0,"Shape__Length":664.7149192189416,"GlobalID":"18029629-903b-43f8-aeb5-e227c7c0589c","BlockNameShort":"600 THOMAS ST"}},{"type":"Feature","id":458,"geometry":{"type":"LineString","coordinates":[[-87.7891767628002,41.8743735371394],[-87.7894385199469,41.8743692120704],[-87.7897876426271,41.8743634965388],[-87.7898520182636,41.8743624425833],[-87.7903994182006,41.8743523558018],[-87.7905772337627,41.874349077221],[-87.7910084627387,41.8743431976734],[-87.7912619146924,41.8743397421776],[-87.7916208892483,41.8743322452758]]},"properties":{"OBJECTID":458,"STREETNAME":"VAN BUREN ST","BLOCK":600,"FIRST_FEATUREID":"026129","BlockName":"600 Block of Van Buren St","Count_":0,"Shape__Length":665.840202090994,"GlobalID":"6b140b1b-f301-4f16-85df-db21d21795f5","BlockNameShort":"600 VAN BUREN ST"}},{"type":"Feature","id":459,"geometry":{"type":"LineString","coordinates":[[-87.7894127185602,41.8816366719143],[-87.7898625265966,41.8816294675887],[-87.7902280622749,41.8816232666285],[-87.790632805982,41.88161639807],[-87.7910460395516,41.8816088361955],[-87.7912752440705,41.8816046404696],[-87.7918588174703,41.8815945915032],[-87.7922723518472,41.8815874714034],[-87.7925276032991,41.8815831708055],[-87.7926744980327,41.8815806959531]]},"properties":{"OBJECTID":459,"STREETNAME":"WASHINGTON BLVD","BLOCK":600,"FIRST_FEATUREID":"026199563","BlockName":"600 Block of Washington Blvd","Count_":0,"Shape__Length":888.4912604315039,"GlobalID":"dcb78ac6-634a-476c-95c4-efbf0be521bb","BlockNameShort":"600 WASHINGTON BLVD"}},{"type":"Feature","id":460,"geometry":{"type":"LineString","coordinates":[[-87.8010370838681,41.8782312699578],[-87.8010282725424,41.877977078199],[-87.8009990037896,41.8771810266192],[-87.8009882196512,41.8769060493233],[-87.8009846660663,41.8768154366122]]},"properties":{"OBJECTID":460,"STREETNAME":"WENONAH AVE","BLOCK":600,"FIRST_FEATUREID":"026857","BlockName":"600 Block of Wenonah Ave","Count_":0,"Shape__Length":516.1341231367413,"GlobalID":"7f936c0e-1fd1-4a10-9675-560dde372e19","BlockNameShort":"600 WENONAH AVE"}},{"type":"Feature","id":461,"geometry":{"type":"LineString","coordinates":[[-87.7917461579334,41.8779830466527],[-87.7917413304658,41.877845951026],[-87.7917184113145,41.8771594774035],[-87.7916910228902,41.8763718847723],[-87.7916861470919,41.876241678311],[-87.7916829030695,41.8761550553018]]},"properties":{"OBJECTID":461,"STREETNAME":"WESLEY AVE","BLOCK":600,"FIRST_FEATUREID":"026200351","BlockName":"600 Block of Wesley Ave","Count_":0,"Shape__Length":666.3521754703322,"GlobalID":"b5536307-a5d7-4c33-a82c-d1a0bee8ee04","BlockNameShort":"600 WESLEY AVE"}},{"type":"Feature","id":462,"geometry":{"type":"LineString","coordinates":[[-87.8022559548849,41.8781663376745],[-87.8022426859761,41.8778776782215],[-87.8022161989887,41.8771251912359],[-87.8022079656195,41.8768854698183],[-87.8022048943996,41.8767960451269]]},"properties":{"OBJECTID":462,"STREETNAME":"WISCONSIN AVE","BLOCK":600,"FIRST_FEATUREID":"026200343","BlockName":"600 Block of Wisconsin Ave","Count_":0,"Shape__Length":499.5374210293386,"GlobalID":"9f02d2f6-09ca-4344-810d-a5924b8180cd","BlockNameShort":"600 WISCONSIN AVE"}},{"type":"Feature","id":463,"geometry":{"type":"LineString","coordinates":[[-87.7992070883455,41.8961377049166],[-87.7992296232969,41.8968661515053],[-87.7992597530726,41.8978258714905],[-87.7992615273621,41.897877891538],[-87.7992651552586,41.8979842728868]]},"properties":{"OBJECTID":463,"STREETNAME":"WOODBINE AVE","BLOCK":600,"FIRST_FEATUREID":"0261623","BlockName":"600 Block of Woodbine Ave","Count_":0,"Shape__Length":673.0862769001429,"GlobalID":"029b38c8-c9f1-46cd-aded-5dd555286dd1","BlockNameShort":"600 WOODBINE AVE"}},{"type":"Feature","id":464,"geometry":{"type":"LineString","coordinates":[[-87.7917461579334,41.8779830466527],[-87.7919471500107,41.8779800724355],[-87.7923559653283,41.8779727811996],[-87.7927443828743,41.8779658534698],[-87.7929702166333,41.8779615259329],[-87.7933423516211,41.8779543962188],[-87.7935826660528,41.8779502021899],[-87.793917027075,41.8779443633351],[-87.7941945143504,41.8779395665234]]},"properties":{"OBJECTID":464,"STREETNAME":"ADAMS ST","BLOCK":700,"FIRST_FEATUREID":"0262630","BlockName":"700 Block of Adams St","Count_":0,"Shape__Length":666.9698917771773,"GlobalID":"57c4527f-db2b-4f20-b3e5-304e485ff1ab","BlockNameShort":"700 ADAMS ST"}},{"type":"Feature","id":465,"geometry":{"type":"LineString","coordinates":[[-87.7923306351857,41.8981093714602],[-87.7926348608189,41.8981029668436],[-87.7929514085129,41.8980989873023],[-87.7935289588156,41.8980917224761],[-87.7941027779712,41.8980833181008],[-87.7942184172707,41.8980816246055],[-87.7947731723524,41.8980708459142]]},"properties":{"OBJECTID":465,"STREETNAME":"AUGUSTA ST","BLOCK":700,"FIRST_FEATUREID":"0261054","BlockName":"700 Block of Augusta St","Count_":0,"Shape__Length":665.1417801234323,"GlobalID":"bfd87b7e-7e53-4d84-a517-49c637775745","BlockNameShort":"700 AUGUSTA ST"}},{"type":"Feature","id":466,"geometry":{"type":"LineString","coordinates":[[-87.8023475353872,41.8979262146208],[-87.8023653016044,41.8984012518238],[-87.8023726150442,41.8985968126696],[-87.8023978978137,41.8994467675558],[-87.8024063701319,41.8996633548771],[-87.8024098231312,41.8997516258385]]},"properties":{"OBJECTID":466,"STREETNAME":"BELLEFORTE AVE","BLOCK":700,"FIRST_FEATUREID":"026197559","BlockName":"700 Block of Belleforte Ave","Count_":0,"Shape__Length":665.4101060439276,"GlobalID":"34e8eab1-8f93-4e29-8e02-805517b1ae1a","BlockNameShort":"700 BELLEFORTE AVE"}},{"type":"Feature","id":467,"geometry":{"type":"LineString","coordinates":[[-87.7924848824509,41.903664763161],[-87.792823527117,41.9036590801979],[-87.7930895127468,41.9036549721485],[-87.7933983872523,41.9036502035269],[-87.7936998904262,41.903644754791],[-87.7939164961837,41.9036408386241],[-87.7943098151667,41.9036347760547],[-87.7943914609888,41.9036335188526],[-87.794820706523,41.903628781879],[-87.7949126532088,41.9035837656708]]},"properties":{"OBJECTID":467,"STREETNAME":"BERKSHIRE ST","BLOCK":700,"FIRST_FEATUREID":"026140","BlockName":"700 Block of Berkshire St","Count_":0,"Shape__Length":665.9444989410814,"GlobalID":"fcdc959a-d3fb-4911-a3ad-870e6f776c90","BlockNameShort":"700 BERKSHIRE ST"}},{"type":"Feature","id":468,"geometry":{"type":"LineString","coordinates":[[-87.7961868522691,41.876899383928],[-87.7961809985871,41.8767499183244],[-87.7961461159565,41.8757633055858],[-87.7961397698125,41.8755757089643],[-87.7961366854193,41.875484557178]]},"properties":{"OBJECTID":468,"STREETNAME":"CARPENTER AVE","BLOCK":700,"FIRST_FEATUREID":"0261031","BlockName":"700 Block of Carpenter Ave","Count_":0,"Shape__Length":515.7509231853636,"GlobalID":"d42f01a7-cb72-47ed-8597-c4e511183cd1","BlockNameShort":"700 CARPENTER AVE"}},{"type":"Feature","id":469,"geometry":{"type":"LineString","coordinates":[[-87.7928555688617,41.8944396941682],[-87.7932712957758,41.8944331733271],[-87.7939548550629,41.8944216213022],[-87.7941911264086,41.8944176267768],[-87.7946743508804,41.8944088571581]]},"properties":{"OBJECTID":469,"STREETNAME":"CHICAGO AVE","BLOCK":700,"FIRST_FEATUREID":"0261010","BlockName":"700 Block of Chicago Ave","Count_":0,"Shape__Length":495.32440375968184,"GlobalID":"1e0f918c-b4c2-4ba5-b1af-379de9ddf98c","BlockNameShort":"700 CHICAGO AVE"}},{"type":"Feature","id":470,"geometry":{"type":"LineString","coordinates":[[-87.7904619288216,41.8761792662549],[-87.7904536036512,41.8759416431753],[-87.7904209730093,41.8749553130132],[-87.7903994182006,41.8743523558018]]},"properties":{"OBJECTID":470,"STREETNAME":"CLARENCE AVE","BLOCK":700,"FIRST_FEATUREID":"0262838","BlockName":"700 Block of Clarence Ave","Count_":0,"Shape__Length":665.9530921236291,"GlobalID":"95d6da72-5152-4e6c-ad8d-1e11796218ed","BlockNameShort":"700 CLARENCE AVE"}},{"type":"Feature","id":471,"geometry":{"type":"LineString","coordinates":[[-87.7987293408625,41.8768556872761],[-87.798720705201,41.8766052370384],[-87.7986914116653,41.8757980149276],[-87.798682618576,41.8755302034677],[-87.7986796546855,41.8754399148358]]},"properties":{"OBJECTID":471,"STREETNAME":"CLINTON AVE","BLOCK":700,"FIRST_FEATUREID":"026591","BlockName":"700 Block of Clinton Ave","Count_":0,"Shape__Length":516.0918730323435,"GlobalID":"a473cb26-020d-4500-aaa2-61fddd91939e","BlockNameShort":"700 CLINTON AVE"}},{"type":"Feature","id":472,"geometry":{"type":"LineString","coordinates":[[-87.7911163714824,41.8981266958847],[-87.7911278354936,41.8985929797548],[-87.7911345182279,41.8988647467267],[-87.791154235257,41.899547415936],[-87.7911594233852,41.8997041194909],[-87.7911623278608,41.899791864184]]},"properties":{"OBJECTID":472,"STREETNAME":"COLUMBIAN AVE","BLOCK":700,"FIRST_FEATUREID":"026197565","BlockName":"700 Block of Columbian Ave","Count_":0,"Shape__Length":606.9285004337751,"GlobalID":"aae388b9-93cf-43e6-95bd-5c086f1596fd","BlockNameShort":"700 COLUMBIAN AVE"}},{"type":"Feature","id":473,"geometry":{"type":"LineString","coordinates":[[-87.7924338168178,41.9017469207325],[-87.7928119801635,41.9017398672403],[-87.79303973727,41.9017356234634],[-87.7933293409002,41.9017302268403],[-87.7936487064411,41.9017247712888],[-87.7939896088333,41.9017189496283],[-87.794255204897,41.9017150576216],[-87.7945084947489,41.9017113422461],[-87.7948641276347,41.9017045220047]]},"properties":{"OBJECTID":473,"STREETNAME":"DIVISION ST","BLOCK":700,"FIRST_FEATUREID":"0261995","BlockName":"700 Block of Division St","Count_":0,"Shape__Length":661.8030571357947,"GlobalID":"687aa0c3-728a-4bb9-96d7-734588213359","BlockNameShort":"700 DIVISION ST"}},{"type":"Feature","id":474,"geometry":{"type":"LineString","coordinates":[[-87.79277824744,41.891586861709],[-87.7932515231994,41.8915789263509],[-87.793693844924,41.8915717826445],[-87.7945990682292,41.8915571545037]]},"properties":{"OBJECTID":474,"STREETNAME":"ERIE ST","BLOCK":700,"FIRST_FEATUREID":"026831","BlockName":"700 Block of Erie St","Count_":0,"Shape__Length":495.891954138906,"GlobalID":"9f2ae360-5c80-4140-bcb9-2beefa1adbe4","BlockNameShort":"700 ERIE ST"}},{"type":"Feature","id":475,"geometry":{"type":"LineString","coordinates":[[-87.788261749824,41.8981713985909],[-87.788269071449,41.898510868083],[-87.788304208874,41.8996054942587],[-87.7883086084297,41.8997478229555],[-87.7883114136763,41.8998385581755]]},"properties":{"OBJECTID":475,"STREETNAME":"FAIR OAKS AVE","BLOCK":700,"FIRST_FEATUREID":"026197567","BlockName":"700 Block of Fair Oaks Ave","Count_":0,"Shape__Length":607.6771764260938,"GlobalID":"3fbb6f5a-90cc-49c3-9e56-5e347b8f6aa0","BlockNameShort":"700 FAIR OAKS AVE"}},{"type":"Feature","id":476,"geometry":{"type":"LineString","coordinates":[[-87.7913811436634,41.8670287198084],[-87.7915822821639,41.8670253111075],[-87.7919957436174,41.8670172749797],[-87.7921048744122,41.867015151306],[-87.792606230175,41.8670069482328],[-87.7928029307365,41.8670037298809],[-87.793203596235,41.8669972885163],[-87.793467278412,41.8669930515104],[-87.7938141216171,41.866987027558]]},"properties":{"OBJECTID":476,"STREETNAME":"FILLMORE ST","BLOCK":700,"FIRST_FEATUREID":"0261671","BlockName":"700 Block of Fillmore St","Count_":0,"Shape__Length":662.8810426729679,"GlobalID":"1869ade9-1a47-4f68-b3e4-7b14c8083dcd","BlockNameShort":"700 FILLMORE ST"}},{"type":"Feature","id":477,"geometry":{"type":"LineString","coordinates":[[-87.8007708365011,41.897955351875],[-87.8008304873777,41.8980248242022],[-87.8008454381386,41.8984239894435],[-87.8008635573644,41.8989077185516],[-87.800884040804,41.8995239518177],[-87.8008893336059,41.8996884722042],[-87.800892189001,41.8997772005115]]},"properties":{"OBJECTID":477,"STREETNAME":"FOREST AVE","BLOCK":700,"FIRST_FEATUREID":"0261050","BlockName":"700 Block of Forest Ave","Count_":0,"Shape__Length":668.8757747982612,"GlobalID":"5cf7e71c-1875-4a5e-a69b-a406bbd48311","BlockNameShort":"700 FOREST AVE"}},{"type":"Feature","id":478,"geometry":{"type":"LineString","coordinates":[[-87.7915430200394,41.8718229864774],[-87.7919551699917,41.8718565519895],[-87.7923360584463,41.8718878475525],[-87.792772780837,41.8719248274449],[-87.7929664678966,41.8719412275695],[-87.7935954965392,41.871993197601],[-87.7938704845935,41.8720162464624],[-87.7939876111565,41.8720260638298]]},"properties":{"OBJECTID":478,"STREETNAME":"GARFIELD ST","BLOCK":700,"FIRST_FEATUREID":"026201175","BlockName":"700 Block of Garfield St","Count_":0,"Shape__Length":669.918839080655,"GlobalID":"a82ddb5b-036f-4456-b588-55e6b9fcd1e0","BlockNameShort":"700 GARFIELD ST"}},{"type":"Feature","id":479,"geometry":{"type":"LineString","coordinates":[[-87.792538696141,41.9056048742705],[-87.7927687115826,41.9056022938088],[-87.7931439176032,41.9055967541095],[-87.7935158232178,41.9055912633938],[-87.7937528954589,41.9055883684035],[-87.7939766822247,41.9055856356083],[-87.7943594885273,41.9055809235347],[-87.794964204945,41.9055734747659]]},"properties":{"OBJECTID":479,"STREETNAME":"GREENFIELD ST","BLOCK":700,"FIRST_FEATUREID":"0262662","BlockName":"700 Block of Greenfield St","Count_":0,"Shape__Length":660.3740676201746,"GlobalID":"deb4b5f3-ab73-41f0-aff2-11b17cd91665","BlockNameShort":"700 GREENFIELD ST"}},{"type":"Feature","id":480,"geometry":{"type":"LineString","coordinates":[[-87.7868027589844,41.876241192507],[-87.786795690541,41.8760369446161],[-87.7867713024936,41.8752877844988],[-87.7867486463176,41.8746200263538],[-87.7867408176155,41.8744158279047]]},"properties":{"OBJECTID":480,"STREETNAME":"GUNDERSON AVE","BLOCK":700,"FIRST_FEATUREID":"0262335","BlockName":"700 Block of Gunderson Ave","Count_":0,"Shape__Length":665.3865120482333,"GlobalID":"b655fed2-3e61-4e74-84d9-58ed75dd357a","BlockNameShort":"700 GUNDERSON AVE"}},{"type":"Feature","id":481,"geometry":{"type":"LineString","coordinates":[[-87.791562639169,41.8725693514368],[-87.7917561651539,41.8725833354173],[-87.7923960941631,41.872636242158],[-87.7927850897891,41.8726689573482],[-87.7929930169233,41.8726864454432],[-87.7932651212306,41.8727086637733],[-87.793384627298,41.8727190034412],[-87.793906133542,41.8727641196728],[-87.7940123443084,41.8728051421121]]},"properties":{"OBJECTID":481,"STREETNAME":"HARRISON ST","BLOCK":700,"FIRST_FEATUREID":"02676","BlockName":"700 Block of Harrison St","Count_":0,"Shape__Length":674.7789931736561,"GlobalID":"8e3df66f-5f7d-486c-8468-3769ddda985e","BlockNameShort":"700 HARRISON ST"}},{"type":"Feature","id":482,"geometry":{"type":"LineString","coordinates":[[-87.7914422397472,41.8688539849653],[-87.7916933991236,41.8688494237515],[-87.792054588761,41.8688438563341],[-87.7922632825916,41.8688406387166],[-87.7926688973909,41.86883372646],[-87.793040494545,41.8688273928249],[-87.793269438084,41.8688232890652],[-87.7936260704186,41.8688168912657],[-87.7938777634258,41.8688125798787]]},"properties":{"OBJECTID":482,"STREETNAME":"HARVARD ST","BLOCK":700,"FIRST_FEATUREID":"0262768","BlockName":"700 Block of Harvard St","Count_":0,"Shape__Length":663.5526000245435,"GlobalID":"86e3f5a6-2261-4aa1-b0ff-15ae6fdaae0c","BlockNameShort":"700 HARVARD ST"}},{"type":"Feature","id":483,"geometry":{"type":"LineString","coordinates":[[-87.7789148680461,41.8983066466715],[-87.7789169816096,41.8986318490628],[-87.7789580306874,41.8998525774795],[-87.7789641229705,41.9000424436382],[-87.7789669306808,41.9001299720662]]},"properties":{"OBJECTID":483,"STREETNAME":"HAYES AVE","BLOCK":700,"FIRST_FEATUREID":"0261889","BlockName":"700 Block of Hayes Ave","Count_":0,"Shape__Length":664.6030068917642,"GlobalID":"bbcb27e1-9c94-451f-a577-ee9da99dab3b","BlockNameShort":"700 HAYES AVE"}},{"type":"Feature","id":484,"geometry":{"type":"LineString","coordinates":[[-87.7818818180887,41.8763226551833],[-87.7818718586983,41.8760459262376],[-87.7818513524132,41.8754176216751],[-87.7818321011216,41.8748277803718],[-87.781820140997,41.8744964250576]]},"properties":{"OBJECTID":484,"STREETNAME":"HIGHLAND AVE","BLOCK":700,"FIRST_FEATUREID":"0262761","BlockName":"700 Block of Highland Ave","Count_":0,"Shape__Length":665.7002274703704,"GlobalID":"e4582286-10e0-4847-aeef-cb7c904907f2","BlockNameShort":"700 HIGHLAND AVE"}},{"type":"Feature","id":485,"geometry":{"type":"LineString","coordinates":[[-87.7997674169172,41.876837062726],[-87.7997526908478,41.8764422518743],[-87.7997276415374,41.8757191895947],[-87.7997203804405,41.8755105667642],[-87.7997172923857,41.8754218504819]]},"properties":{"OBJECTID":485,"STREETNAME":"HOME AVE","BLOCK":700,"FIRST_FEATUREID":"026200368","BlockName":"700 Block of Home Ave","Count_":0,"Shape__Length":515.8907845717176,"GlobalID":"3c7362cc-bf20-4d5e-8c72-37f27960638c","BlockNameShort":"700 HOME AVE"}},{"type":"Feature","id":486,"geometry":{"type":"LineString","coordinates":[[-87.792902654549,41.8962766721868],[-87.7930589108693,41.8962742490478],[-87.7937342384702,41.8962648825764],[-87.794525370053,41.8962520220161],[-87.7947243644865,41.8962387436422]]},"properties":{"OBJECTID":486,"STREETNAME":"IOWA ST","BLOCK":700,"FIRST_FEATUREID":"026677","BlockName":"700 Block of Iowa St","Count_":0,"Shape__Length":496.2870102048451,"GlobalID":"0decef2f-614f-4cb4-b5e4-83162f5d25d7","BlockNameShort":"700 IOWA ST"}},{"type":"Feature","id":487,"geometry":{"type":"LineString","coordinates":[[-87.7916829030695,41.8761550553018],[-87.7918643294911,41.8761508833178],[-87.7922950112204,41.876145180045],[-87.7924757648174,41.8761427875071],[-87.7929072407843,41.8761347420824],[-87.7932606772605,41.8761281503656],[-87.7935181064937,41.8761244430017],[-87.793766245304,41.8761208669792],[-87.7941317457381,41.8761153682577]]},"properties":{"OBJECTID":487,"STREETNAME":"JACKSON BLVD","BLOCK":700,"FIRST_FEATUREID":"0262667","BlockName":"700 Block of Jackson Blvd","Count_":0,"Shape__Length":667.0941356412317,"GlobalID":"c92899aa-ba63-400c-acd6-56a30a12cc93","BlockNameShort":"700 JACKSON BLVD"}},{"type":"Feature","id":488,"geometry":{"type":"LineString","coordinates":[[-87.7926953911745,41.8885848591426],[-87.7929765112738,41.8885934003024],[-87.7934903163311,41.8886096478497],[-87.7936028075431,41.8886140426729],[-87.7942293646817,41.8886385309155],[-87.7945237066702,41.8886453629849]]},"properties":{"OBJECTID":488,"STREETNAME":"LAKE ST","BLOCK":700,"FIRST_FEATUREID":"026128","BlockName":"700 Block of Lake St","Count_":0,"Shape__Length":498.3395582372691,"GlobalID":"13a1ac1c-617b-4391-8247-1412a7fb46a2","BlockNameShort":"700 LAKE ST"}},{"type":"Feature","id":489,"geometry":{"type":"LineString","coordinates":[[-87.7925848014529,41.9072217454903],[-87.7928171142446,41.9072198393076],[-87.7931893839412,41.9072137427461],[-87.7934756714149,41.9072090513609],[-87.7937969638902,41.9072065855167],[-87.7940057400436,41.9072049831959],[-87.7944018053381,41.9071991430181],[-87.7944885179906,41.907197864516],[-87.7950065315699,41.907190478634]]},"properties":{"OBJECTID":489,"STREETNAME":"LE MOYNE PKWY","BLOCK":700,"FIRST_FEATUREID":"026984","BlockName":"700 Block of Le Moyne Pkwy","Count_":0,"Shape__Length":659.3345356395499,"GlobalID":"1738b71f-4af5-4738-b071-753381684666","BlockNameShort":"700 LE MOYNE PKWY"}},{"type":"Feature","id":490,"geometry":{"type":"LineString","coordinates":[[-87.7915051994835,41.8706815730963],[-87.7916621698197,41.8706786527504],[-87.7921175327233,41.8706715260102],[-87.7924532748039,41.8706662722941],[-87.7927302580034,41.8706609625068],[-87.7930085037388,41.870655630981],[-87.7933315748704,41.8706500728894],[-87.7935947167903,41.8706455440601],[-87.793825690422,41.8706418764049],[-87.7939441306379,41.8706399964013]]},"properties":{"OBJECTID":490,"STREETNAME":"LEXINGTON ST","BLOCK":700,"FIRST_FEATUREID":"026201179","BlockName":"700 Block of Lexington St","Count_":0,"Shape__Length":664.463623005884,"GlobalID":"a128b5e3-c5e6-43a2-a195-aca60a776de7","BlockNameShort":"700 LEXINGTON ST"}},{"type":"Feature","id":491,"geometry":{"type":"LineString","coordinates":[[-87.7923306351857,41.8981093714602],[-87.7923441606382,41.8985719051095],[-87.7923715679779,41.8995090565423],[-87.7923764248465,41.8996775178339],[-87.7923791235118,41.8997711398524]]},"properties":{"OBJECTID":491,"STREETNAME":"LINDEN AVE","BLOCK":700,"FIRST_FEATUREID":"026197564","BlockName":"700 Block of Linden Ave","Count_":0,"Shape__Length":605.702834428399,"GlobalID":"278c4950-0fda-41f2-ba88-471368e4d85f","BlockNameShort":"700 LINDEN AVE"}},{"type":"Feature","id":492,"geometry":{"type":"LineString","coordinates":[[-87.7769820827613,41.8763679230167],[-87.7769731068058,41.8761352522678],[-87.7769269076786,41.8747347998534],[-87.7769204843406,41.8745707863454]]},"properties":{"OBJECTID":492,"STREETNAME":"LYMAN AVE","BLOCK":700,"FIRST_FEATUREID":"026588","BlockName":"700 Block of Lyman Ave","Count_":0,"Shape__Length":655.1022025185848,"GlobalID":"9910780e-2cb6-4673-a2fa-3cf5b3b8efa9","BlockNameShort":"700 LYMAN AVE"}},{"type":"Feature","id":493,"geometry":{"type":"LineString","coordinates":[[-87.7926188029472,41.8797908623616],[-87.7928509901674,41.8797863434975],[-87.7930330034622,41.8797833635984],[-87.7941425353627,41.8797705858033],[-87.7942563332907,41.8797700405223]]},"properties":{"OBJECTID":493,"STREETNAME":"MADISON ST","BLOCK":700,"FIRST_FEATUREID":"0261351","BlockName":"700 Block of Madison St","Count_":0,"Shape__Length":446.01921521865063,"GlobalID":"f0b67c41-0a7e-44aa-86ad-8bcc38ebd30d","BlockNameShort":"700 MADISON ST"}},{"type":"Feature","id":494,"geometry":{"type":"LineString","coordinates":[[-87.7750928879633,41.893168705967],[-87.7750928965421,41.8931689662074],[-87.7751133567954,41.8938093622319],[-87.7751152458055,41.8939264895932],[-87.7751236002626,41.8941823603358],[-87.7751359198427,41.8946071444192],[-87.7751403761244,41.8947132802751]]},"properties":{"OBJECTID":494,"STREETNAME":"N AUSTIN BLVD","BLOCK":700,"FIRST_FEATUREID":"026396645","BlockName":"700 Block of N Austin Blvd","Count_":0,"Shape__Length":563.0058205665705,"GlobalID":"7bbbd3d0-bf7e-43d2-820d-d89565457449","BlockNameShort":"700 N AUSTIN BLVD"}},{"type":"Feature","id":495,"geometry":{"type":"LineString","coordinates":[[-87.7833796956983,41.8982453711049],[-87.7833857551721,41.8984299015218],[-87.7834109924548,41.8991959681792],[-87.7834325481414,41.8998254138595],[-87.7834356655306,41.8999164667035]]},"properties":{"OBJECTID":495,"STREETNAME":"N CUYLER AVE","BLOCK":700,"FIRST_FEATUREID":"026197570","BlockName":"700 Block of N Cuyler Ave","Count_":0,"Shape__Length":609.1490589559342,"GlobalID":"8002ae8f-7e03-439f-bd4b-b2f6777a1e09","BlockNameShort":"700 N CUYLER AVE"}},{"type":"Feature","id":496,"geometry":{"type":"LineString","coordinates":[[-87.7898875818164,41.8981467603935],[-87.7899006737751,41.8985599841984],[-87.7899334932399,41.899667056941],[-87.7899352294945,41.8997212530503],[-87.7899381293554,41.8998117608953]]},"properties":{"OBJECTID":496,"STREETNAME":"N EAST AVE","BLOCK":700,"FIRST_FEATUREID":"026197566","BlockName":"700 Block of N East Ave","Count_":0,"Shape__Length":606.893118476077,"GlobalID":"d9fd08c3-a344-4360-b4ec-e5e064cf3feb","BlockNameShort":"700 N EAST AVE"}},{"type":"Feature","id":497,"geometry":{"type":"LineString","coordinates":[[-87.7866307059898,41.898196720931],[-87.7866365699066,41.8984251985858],[-87.7866754213809,41.8995548589667],[-87.7866824237802,41.8997743628903],[-87.7866853544826,41.8998662268706]]},"properties":{"OBJECTID":497,"STREETNAME":"N ELMWOOD AVE","BLOCK":700,"FIRST_FEATUREID":"026197568","BlockName":"700 Block of N Elmwood Ave","Count_":0,"Shape__Length":608.5622932650294,"GlobalID":"3492ba1b-58cb-4c37-bf5b-4926b981e784","BlockNameShort":"700 N ELMWOOD AVE"}},{"type":"Feature","id":498,"geometry":{"type":"LineString","coordinates":[[-87.7962698415897,41.8980422900939],[-87.7962731119798,41.8981802484111],[-87.7962897240944,41.8988936643033],[-87.7963094085226,41.8996394221033],[-87.796313324347,41.8997721353145],[-87.796315779893,41.899855331065]]},"properties":{"OBJECTID":498,"STREETNAME":"N GROVE AVE","BLOCK":700,"FIRST_FEATUREID":"026197563","BlockName":"700 Block of N Grove Ave","Count_":0,"Shape__Length":660.8025866447643,"GlobalID":"83b12914-5d6f-41ff-b021-adbfd8c14b42","BlockNameShort":"700 N GROVE AVE"}},{"type":"Feature","id":499,"geometry":{"type":"LineString","coordinates":[[-87.8051996454846,41.8930413352226],[-87.8052395206237,41.8941050400328],[-87.8052450954295,41.894231966118]]},"properties":{"OBJECTID":499,"STREETNAME":"N HARLEM AVE","BLOCK":700,"FIRST_FEATUREID":"0261473","BlockName":"700 Block of N Harlem Ave","Count_":0,"Shape__Length":434.0494715381122,"GlobalID":"322c1831-b1fd-473e-9fe4-bd74c4345e86","BlockNameShort":"700 N HARLEM AVE"}},{"type":"Feature","id":500,"geometry":{"type":"LineString","coordinates":[[-87.7817494769923,41.8982673688236],[-87.7817519735243,41.898387433128],[-87.7817729765252,41.8989517504054],[-87.7818022480522,41.8998521998941],[-87.781805127555,41.8999407982093]]},"properties":{"OBJECTID":500,"STREETNAME":"N HARVEY AVE","BLOCK":700,"FIRST_FEATUREID":"026197571","BlockName":"700 Block of N Harvey Ave","Count_":0,"Shape__Length":609.9999497657891,"GlobalID":"e518424f-c114-407b-a593-e010c837c3c8","BlockNameShort":"700 N HARVEY AVE"}},{"type":"Feature","id":501,"geometry":{"type":"LineString","coordinates":[[-87.7764695124694,41.8983407282472],[-87.7764940804334,41.8991066256293],[-87.7765204522864,41.8999271174805],[-87.776525368531,41.9000763204917],[-87.776528294223,41.9001651442362]]},"properties":{"OBJECTID":501,"STREETNAME":"N HUMPHREY AVE","BLOCK":700,"FIRST_FEATUREID":"026197574","BlockName":"700 Block of N Humphrey Ave","Count_":0,"Shape__Length":665.0223899193137,"GlobalID":"395c439e-c986-42b3-ae9a-8a3a965fe6f5","BlockNameShort":"700 N HUMPHREY AVE"}},{"type":"Feature","id":502,"geometry":{"type":"LineString","coordinates":[[-87.7977851124667,41.8980112904664],[-87.7977966705345,41.8983850038323],[-87.797831690293,41.8993989454287],[-87.7978402416132,41.8996723125213],[-87.797842360757,41.8997469669435],[-87.7978447282031,41.8998304152489]]},"properties":{"OBJECTID":502,"STREETNAME":"N KENILWORTH AVE","BLOCK":700,"FIRST_FEATUREID":"026197562","BlockName":"700 Block of N Kenilworth Ave","Count_":0,"Shape__Length":663.0997800581952,"GlobalID":"10507fe6-6b8a-4a1a-899e-9e9bab9d1e10","BlockNameShort":"700 N KENILWORTH AVE"}},{"type":"Feature","id":503,"geometry":{"type":"LineString","coordinates":[[-87.7801232488938,41.8982890411993],[-87.7801304239833,41.8987026300777],[-87.7801651528689,41.8997773878655],[-87.7801714917754,41.8999685552463],[-87.78017621377,41.9001109497018]]},"properties":{"OBJECTID":503,"STREETNAME":"N LOMBARD AVE","BLOCK":700,"FIRST_FEATUREID":"026786","BlockName":"700 Block of N Lombard Ave","Count_":0,"Shape__Length":664.0798780029319,"GlobalID":"a518d4ed-b0a7-49e2-8075-e0d92d065d64","BlockNameShort":"700 N LOMBARD AVE"}},{"type":"Feature","id":504,"geometry":{"type":"LineString","coordinates":[[-87.8038650241983,41.897898125139],[-87.8039033805792,41.8990488872529],[-87.8039236126152,41.8995966767341],[-87.8039249236617,41.8996378364531],[-87.8039277115603,41.8997253237098]]},"properties":{"OBJECTID":504,"STREETNAME":"N MARION ST","BLOCK":700,"FIRST_FEATUREID":"026197557","BlockName":"700 Block of N Marion St","Count_":0,"Shape__Length":666.0613169826444,"GlobalID":"9678afc4-1872-4239-b2ab-5c83b2a76a34","BlockNameShort":"700 N MARION ST"}},{"type":"Feature","id":505,"geometry":{"type":"LineString","coordinates":[[-87.7947731723524,41.8980708459142],[-87.7947875356682,41.8986496091164],[-87.7948118743917,41.8995649555613],[-87.7948162090867,41.8997346531754],[-87.7948199446652,41.8998809931411]]},"properties":{"OBJECTID":505,"STREETNAME":"N OAK PARK AVE","BLOCK":700,"FIRST_FEATUREID":"0262616","BlockName":"700 Block of N Oak Park Ave","Count_":0,"Shape__Length":659.7520211681699,"GlobalID":"31d15444-8008-4e86-b759-b86a0402f2a1","BlockNameShort":"700 N OAK PARK AVE"}},{"type":"Feature","id":506,"geometry":{"type":"LineString","coordinates":[[-87.785001864128,41.8982213040409],[-87.7850166754189,41.8986269430976],[-87.7850399688824,41.8992703323242],[-87.7850575431498,41.8997922895689],[-87.7850580733518,41.899806806488],[-87.7850612511995,41.8998938791747]]},"properties":{"OBJECTID":506,"STREETNAME":"N RIDGELAND AVE","BLOCK":700,"FIRST_FEATUREID":"026197569","BlockName":"700 Block of N Ridgeland Ave","Count_":0,"Shape__Length":609.7120994830503,"GlobalID":"0acc232e-31b3-4ae0-b315-c2cb5958507a","BlockNameShort":"700 N RIDGELAND AVE"}},{"type":"Feature","id":507,"geometry":{"type":"LineString","coordinates":[[-87.7776871241423,41.898323571319],[-87.7777413506156,41.899949551311],[-87.7777448398197,41.9000573938411],[-87.7777477554952,41.9001475680186]]},"properties":{"OBJECTID":507,"STREETNAME":"N TAYLOR AVE","BLOCK":700,"FIRST_FEATUREID":"026587","BlockName":"700 Block of N Taylor Ave","Count_":0,"Shape__Length":664.8818782127237,"GlobalID":"53eb594e-1dbb-40e6-8f35-ea25fa7dadb7","BlockNameShort":"700 N TAYLOR AVE"}},{"type":"Feature","id":508,"geometry":{"type":"LineString","coordinates":[[-87.792683737848,41.8873309712843],[-87.7929251329746,41.8873338226445],[-87.7936632373432,41.8873249166262],[-87.79434678813,41.8873310088388],[-87.7943574220503,41.8873293417945],[-87.7944811212093,41.8873099562915]]},"properties":{"OBJECTID":508,"STREETNAME":"NORTH BLVD","BLOCK":700,"FIRST_FEATUREID":"026199101","BlockName":"700 Block of North Blvd","Count_":0,"Shape__Length":490.26807523998775,"GlobalID":"1adef574-b17a-4ec1-9b4a-15c619a96d6d","BlockNameShort":"700 NORTH BLVD"}},{"type":"Feature","id":509,"geometry":{"type":"LineString","coordinates":[[-87.7927401864052,41.8902287625588],[-87.7929951523012,41.8902251078703],[-87.7934151807596,41.8902183573165],[-87.7934540427882,41.8902177684294],[-87.7936565065544,41.8902147081558],[-87.7943288019892,41.8902045369549],[-87.7944386806702,41.890204422391],[-87.7945599738894,41.8902042964502]]},"properties":{"OBJECTID":509,"STREETNAME":"ONTARIO ST","BLOCK":700,"FIRST_FEATUREID":"0261100","BlockName":"700 Block of Ontario St","Count_":0,"Shape__Length":495.5931453695268,"GlobalID":"70710e91-2adb-4e9b-b414-d185fa44e368","BlockNameShort":"700 ONTARIO ST"}},{"type":"Feature","id":510,"geometry":{"type":"LineString","coordinates":[[-87.7927720273107,41.8850714116138],[-87.7929326920919,41.8850686168115],[-87.7935891686002,41.8850579720757],[-87.793847019616,41.8850537879223],[-87.7944150398733,41.8850422403042]]},"properties":{"OBJECTID":510,"STREETNAME":"PLEASANT ST","BLOCK":700,"FIRST_FEATUREID":"0261716","BlockName":"700 Block of Pleasant St","Count_":0,"Shape__Length":447.53323026071286,"GlobalID":"708a4818-2f71-4c8b-8cbb-8146a5e67b75","BlockNameShort":"700 PLEASANT ST"}},{"type":"Feature","id":511,"geometry":{"type":"LineString","coordinates":[[-87.7927204578455,41.8833112783768],[-87.7929111456783,41.8833197963854],[-87.7935058266221,41.8833122474758],[-87.7935351282016,41.8833117621714],[-87.7943626385562,41.8832980228064]]},"properties":{"OBJECTID":511,"STREETNAME":"RANDOLPH ST","BLOCK":700,"FIRST_FEATUREID":"026679","BlockName":"700 Block of Randolph St","Count_":0,"Shape__Length":447.3648060762689,"GlobalID":"a94c0998-bc5b-4f60-842e-24eb315d88e7","BlockNameShort":"700 RANDOLPH ST"}},{"type":"Feature","id":512,"geometry":{"type":"LineString","coordinates":[[-87.77433043286,41.8710721532157],[-87.7743321675227,41.8710639892302],[-87.7743278437043,41.8709419750774],[-87.7743255866566,41.8709337790575],[-87.7743240994452,41.870581593867],[-87.7743220540904,41.8705195159428]]},"properties":{"OBJECTID":512,"STREETNAME":"S AUSTIN BLVD","BLOCK":700,"FIRST_FEATUREID":"026498308","BlockName":"700 Block of S Austin Blvd","Count_":0,"Shape__Length":201.506871619674,"GlobalID":"7b7b5b91-3630-457e-8492-ae5c66b76c7f","BlockNameShort":"700 S AUSTIN BLVD"}},{"type":"Feature","id":513,"geometry":{"type":"LineString","coordinates":[[-87.7830793148039,41.8755110450579],[-87.7830759901163,41.8753776035249],[-87.7830692890622,41.8751087439462],[-87.7830557319819,41.8747159218165],[-87.7830478564575,41.8744778249453]]},"properties":{"OBJECTID":513,"STREETNAME":"S CUYLER AVE","BLOCK":700,"FIRST_FEATUREID":"0261706","BlockName":"700 Block of S Cuyler Ave","Count_":0,"Shape__Length":376.61027522187726,"GlobalID":"58d7f626-27f6-4c64-a410-8399ba7238ec","BlockNameShort":"700 S CUYLER AVE"}},{"type":"Feature","id":514,"geometry":{"type":"LineString","coordinates":[[-87.7892384424898,41.8761998590501],[-87.7892288354998,41.8758961643588],[-87.7891974280488,41.8749622775141],[-87.7891962868004,41.8749283858466],[-87.7891831063242,41.8745516472194],[-87.7891767628002,41.8743735371394]]},"properties":{"OBJECTID":514,"STREETNAME":"S EAST AVE","BLOCK":700,"FIRST_FEATUREID":"0262363","BlockName":"700 Block of S East Ave","Count_":0,"Shape__Length":665.7329952083874,"GlobalID":"615967c0-b281-4f5f-8a12-8886921e43b4","BlockNameShort":"700 S EAST AVE"}},{"type":"Feature","id":515,"geometry":{"type":"LineString","coordinates":[[-87.785565058733,41.8762631964984],[-87.7855519291727,41.8758938334285],[-87.7855249657765,41.8750824487738],[-87.7855043688621,41.8744377382093]]},"properties":{"OBJECTID":515,"STREETNAME":"S ELMWOOD AVE","BLOCK":700,"FIRST_FEATUREID":"0261411","BlockName":"700 Block of S Elmwood Ave","Count_":0,"Shape__Length":665.411917586581,"GlobalID":"95dc981a-b32b-4790-9a04-ab77748f583b","BlockNameShort":"700 S ELMWOOD AVE"}},{"type":"Feature","id":516,"geometry":{"type":"LineString","coordinates":[[-87.7929072407843,41.8761347420824],[-87.7928971173816,41.8758458126908],[-87.7928514220198,41.8745709459167],[-87.7928422375497,41.874310459143]]},"properties":{"OBJECTID":516,"STREETNAME":"S EUCLID AVE","BLOCK":700,"FIRST_FEATUREID":"0261385","BlockName":"700 Block of S Euclid Ave","Count_":0,"Shape__Length":665.0132294514243,"GlobalID":"c42e85c2-3502-4599-a119-0328c18028cb","BlockNameShort":"700 S EUCLID AVE"}},{"type":"Feature","id":517,"geometry":{"type":"LineString","coordinates":[[-87.7953573234149,41.8769140382431],[-87.7953398782981,41.8764210613005],[-87.7953329322386,41.8762422131941],[-87.7953500003413,41.8761822951101],[-87.7953624796484,41.8761384815935],[-87.795353998024,41.8760684635044],[-87.7953338139419,41.8760391230684],[-87.7953197163837,41.8760186318156],[-87.7953170921935,41.8757711968057],[-87.7953137304057,41.8755854229143],[-87.7953015678064,41.8755601733993],[-87.7952772071848,41.8755095922679],[-87.7952760513708,41.8754417215957],[-87.795287495027,41.8754046035922]]},"properties":{"OBJECTID":517,"STREETNAME":"S GROVE AVE","BLOCK":700,"FIRST_FEATUREID":"026200317","BlockName":"700 Block of S Grove Ave","Count_":0,"Shape__Length":555.4477811114805,"GlobalID":"205b2e55-9acb-47d5-a305-c0abe3b71517","BlockNameShort":"700 S GROVE AVE"}},{"type":"Feature","id":518,"geometry":{"type":"LineString","coordinates":[[-87.8044349572682,41.8730669295475],[-87.8044162826755,41.8724439588073],[-87.8044685769995,41.8723162732161]]},"properties":{"OBJECTID":518,"STREETNAME":"S HARLEM AVE","BLOCK":700,"FIRST_FEATUREID":"026102","BlockName":"700 Block of S Harlem Ave","Count_":0,"Shape__Length":275.7304983525662,"GlobalID":"e5eab9ee-786f-4d94-ba1c-eb6e4b33b86a","BlockNameShort":"700 S HARLEM AVE"}},{"type":"Feature","id":519,"geometry":{"type":"LineString","coordinates":[[-87.7806722853722,41.8763425214381],[-87.7806722173599,41.8763406276874],[-87.7806505001033,41.8757458711521],[-87.7806215785898,41.8749091736027],[-87.7806063045714,41.8745153345395]]},"properties":{"OBJECTID":519,"STREETNAME":"S HARVEY AVE","BLOCK":700,"FIRST_FEATUREID":"0261371","BlockName":"700 Block of S Harvey Ave","Count_":0,"Shape__Length":666.0794576006898,"GlobalID":"7f86aa95-2739-49e7-be9a-da8ee286e474","BlockNameShort":"700 S HARVEY AVE"}},{"type":"Feature","id":520,"geometry":{"type":"LineString","coordinates":[[-87.7757629463716,41.8763869662579],[-87.7757500618016,41.8761541837075],[-87.7757318558856,41.8756169627039],[-87.7757065443115,41.8749171374122],[-87.7756944118781,41.8745928906844]]},"properties":{"OBJECTID":520,"STREETNAME":"S HUMPHREY AVE","BLOCK":700,"FIRST_FEATUREID":"026344","BlockName":"700 Block of S Humphrey Ave","Count_":0,"Shape__Length":654.0455634849766,"GlobalID":"bdfd14b7-686e-4e3f-97bc-7ce4dbf9197e","BlockNameShort":"700 S HUMPHREY AVE"}},{"type":"Feature","id":521,"geometry":{"type":"LineString","coordinates":[[-87.7972923476458,41.8768806631016],[-87.7972830758327,41.8766148913376],[-87.7972506204905,41.8756653366912],[-87.7972468565276,41.8755549837189],[-87.7972437814314,41.8754648376884]]},"properties":{"OBJECTID":521,"STREETNAME":"S KENILWORTH AVE","BLOCK":700,"FIRST_FEATUREID":"026200366","BlockName":"700 Block of S Kenilworth Ave","Count_":0,"Shape__Length":516.1030305237789,"GlobalID":"b2d40b82-33ae-4d39-994a-eb65be22fa46","BlockNameShort":"700 S KENILWORTH AVE"}},{"type":"Feature","id":522,"geometry":{"type":"LineString","coordinates":[[-87.7794327370046,41.8763290687191],[-87.7794208666067,41.8760057555611],[-87.7793824326212,41.8748820442782],[-87.7793688001533,41.8745323775622]]},"properties":{"OBJECTID":522,"STREETNAME":"S LOMBARD AVE","BLOCK":700,"FIRST_FEATUREID":"02654","BlockName":"700 Block of S Lombard Ave","Count_":0,"Shape__Length":654.9559754823598,"GlobalID":"ee6a3d7b-5643-4890-80eb-3d81c4cf84ae","BlockNameShort":"700 S LOMBARD AVE"}},{"type":"Feature","id":523,"geometry":{"type":"LineString","coordinates":[[-87.8037673781732,41.8767710454459],[-87.8037614620844,41.8765930002875],[-87.803758155252,41.876493476282],[-87.8037473585731,41.8762267670036],[-87.8037400226009,41.8760193505467],[-87.803730032805,41.8757367826971],[-87.8037157218787,41.8754510121879],[-87.8037111798358,41.8754185275198],[-87.8036941212415,41.8753899907609],[-87.8036717849434,41.8753691960305],[-87.8036528399675,41.8753600520892],[-87.8036217469678,41.8753547226947],[-87.8036230384507,41.875352670464],[-87.8036655769344,41.875285055413],[-87.8036879759446,41.8752180020174]]},"properties":{"OBJECTID":523,"STREETNAME":"S MAPLE AVE","BLOCK":700,"FIRST_FEATUREID":"026200341","BlockName":"700 Block of S Maple Ave","Count_":0,"Shape__Length":582.3140064531667,"GlobalID":"a6bc5541-38ca-4dcb-9855-7987b3afc206","BlockNameShort":"700 S MAPLE AVE"}},{"type":"Feature","id":524,"geometry":{"type":"LineString","coordinates":[[-87.7941317457381,41.8761153682577],[-87.7941228148119,41.875863923197],[-87.7940935588849,41.8749979453782],[-87.7940734018732,41.8744299548605],[-87.7940674444852,41.8742885592927]]},"properties":{"OBJECTID":524,"STREETNAME":"S OAK PARK AVE","BLOCK":700,"FIRST_FEATUREID":"0261089","BlockName":"700 Block of S Oak Park Ave","Count_":0,"Shape__Length":665.9291227839044,"GlobalID":"bcd7b229-a0a1-4ece-b73f-4cb494eae094","BlockNameShort":"700 S OAK PARK AVE"}},{"type":"Feature","id":525,"geometry":{"type":"LineString","coordinates":[[-87.7843422688935,41.8762831282125],[-87.7843375016535,41.8761378988326],[-87.7843036306765,41.8752002175503],[-87.7842834390834,41.8745992393562],[-87.7842781590602,41.8744576484727]]},"properties":{"OBJECTID":525,"STREETNAME":"S RIDGELAND AVE","BLOCK":700,"FIRST_FEATUREID":"0262301","BlockName":"700 Block of S Ridgeland Ave","Count_":0,"Shape__Length":665.4436713620566,"GlobalID":"0384b28d-e812-4801-9782-a18a5f811815","BlockNameShort":"700 S RIDGELAND AVE"}},{"type":"Feature","id":526,"geometry":{"type":"LineString","coordinates":[[-87.7880140910276,41.8762210910518],[-87.7880060041931,41.8759686852877],[-87.7879727290901,41.874976149847],[-87.7879554657813,41.8745018060753],[-87.7879526274828,41.8743946984306]]},"properties":{"OBJECTID":526,"STREETNAME":"S SCOVILLE AVE","BLOCK":700,"FIRST_FEATUREID":"026559","BlockName":"700 Block of S Scoville Ave","Count_":0,"Shape__Length":665.7580761528163,"GlobalID":"90d52d82-9587-4b86-9b8f-b34a43ca885a","BlockNameShort":"700 S SCOVILLE AVE"}},{"type":"Feature","id":527,"geometry":{"type":"LineString","coordinates":[[-87.7781932931082,41.8763485701197],[-87.7781873957551,41.8761605578972],[-87.7781518695457,41.8751234419086],[-87.7781368363073,41.8747051998842],[-87.7781305974791,41.8745524983558]]},"properties":{"OBJECTID":527,"STREETNAME":"S TAYLOR AVE","BLOCK":700,"FIRST_FEATUREID":"026858","BlockName":"700 Block of S Taylor Ave","Count_":0,"Shape__Length":654.7217282470018,"GlobalID":"920994c2-23f4-4704-8ffa-5099a3ec3325","BlockNameShort":"700 S TAYLOR AVE"}},{"type":"Feature","id":528,"geometry":{"type":"LineString","coordinates":[[-87.7927940225182,41.8869093423467],[-87.7930223527904,41.8869101836636],[-87.7934876981032,41.8869140188658],[-87.7941445053743,41.8868942169519],[-87.794468573407,41.8868947449683]]},"properties":{"OBJECTID":528,"STREETNAME":"SOUTH BLVD","BLOCK":700,"FIRST_FEATUREID":"026353","BlockName":"700 Block of South Blvd","Count_":0,"Shape__Length":456.13469614137824,"GlobalID":"c54020b9-0e36-47b7-b439-f310b6fc972f","BlockNameShort":"700 SOUTH BLVD"}},{"type":"Feature","id":529,"geometry":{"type":"LineString","coordinates":[[-87.7928165180266,41.89296342392],[-87.7932452103317,41.8929560971567],[-87.7937256546046,41.8929473535533],[-87.7946354491668,41.8929307937905]]},"properties":{"OBJECTID":529,"STREETNAME":"SUPERIOR ST","BLOCK":700,"FIRST_FEATUREID":"0261110","BlockName":"700 Block of Superior St","Count_":0,"Shape__Length":495.391426308464,"GlobalID":"260e6e88-f60a-455a-a920-531b6f34e7a8","BlockNameShort":"700 SUPERIOR ST"}},{"type":"Feature","id":530,"geometry":{"type":"LineString","coordinates":[[-87.7923791235118,41.8997711398524],[-87.7926271059268,41.8997668192938],[-87.7929905822815,41.89976125273],[-87.7931875660457,41.8997582332623],[-87.7935942460582,41.8997518028943],[-87.7937481753743,41.8997493705922],[-87.7941074763505,41.8997423043147],[-87.7941985064461,41.8997413208955],[-87.7948162090867,41.8997346531754]]},"properties":{"OBJECTID":530,"STREETNAME":"THOMAS ST","BLOCK":700,"FIRST_FEATUREID":"0262234","BlockName":"700 Block of Thomas St","Count_":0,"Shape__Length":663.6245099905603,"GlobalID":"35d48584-9b8c-40bd-ab30-727e1593db2e","BlockNameShort":"700 THOMAS ST"}},{"type":"Feature","id":531,"geometry":{"type":"LineString","coordinates":[[-87.7916208892483,41.8743322452758],[-87.7919308078872,41.8743257737832],[-87.792229457608,41.8743202297353],[-87.7924849657566,41.8743154865326],[-87.7928422375497,41.874310459143],[-87.7931848145067,41.8743056352334],[-87.7934575155251,41.8742999992567],[-87.7937808818657,41.8742933167835],[-87.7940674444852,41.8742885592927]]},"properties":{"OBJECTID":531,"STREETNAME":"VAN BUREN ST","BLOCK":700,"FIRST_FEATUREID":"0261219","BlockName":"700 Block of Van Buren St","Count_":0,"Shape__Length":666.522917649179,"GlobalID":"d47980a9-1959-4b85-a727-c03e4fa6a856","BlockNameShort":"700 VAN BUREN ST"}},{"type":"Feature","id":532,"geometry":{"type":"LineString","coordinates":[[-87.7926744980327,41.8815806959531],[-87.7932348581583,41.8815712554823],[-87.7934819722126,41.8815696947529],[-87.7941906798502,41.8815652172081],[-87.7943109825814,41.8815644557204]]},"properties":{"OBJECTID":532,"STREETNAME":"WASHINGTON BLVD","BLOCK":700,"FIRST_FEATUREID":"026199565","BlockName":"700 Block of Washington Blvd","Count_":0,"Shape__Length":445.70136663649447,"GlobalID":"024e9330-a880-478d-9a69-685eec56e837","BlockNameShort":"700 WASHINGTON BLVD"}},{"type":"Feature","id":533,"geometry":{"type":"LineString","coordinates":[[-87.8009846660663,41.8768154366122],[-87.8009768502753,41.8766161010769],[-87.8009479000208,41.875715467668],[-87.8009391294073,41.8754921496927],[-87.8009355321083,41.8754005778886]]},"properties":{"OBJECTID":533,"STREETNAME":"WENONAH AVE","BLOCK":700,"FIRST_FEATUREID":"026200369","BlockName":"700 Block of Wenonah Ave","Count_":0,"Shape__Length":515.7563599872183,"GlobalID":"b462e5d2-9177-4583-87d1-adc2df020cfc","BlockNameShort":"700 WENONAH AVE"}},{"type":"Feature","id":534,"geometry":{"type":"LineString","coordinates":[[-87.7916829030695,41.8761550553018],[-87.7916718758806,41.8758606771654],[-87.7916477532895,41.8750734832979],[-87.7916287425448,41.8745680393172],[-87.7916208892483,41.8743322452758]]},"properties":{"OBJECTID":534,"STREETNAME":"WESLEY AVE","BLOCK":700,"FIRST_FEATUREID":"0262109","BlockName":"700 Block of Wesley Ave","Count_":0,"Shape__Length":664.4574884343064,"GlobalID":"879ab1d1-7ca7-4f26-bd6e-ec9224a1c224","BlockNameShort":"700 WESLEY AVE"}},{"type":"Feature","id":535,"geometry":{"type":"LineString","coordinates":[[-87.8022048943996,41.8767960451269],[-87.8021958738416,41.8765334080924],[-87.8021666948424,41.8756759400144],[-87.8021595745916,41.875470590731],[-87.802156484035,41.8753814783467]]},"properties":{"OBJECTID":535,"STREETNAME":"WISCONSIN AVE","BLOCK":700,"FIRST_FEATUREID":"026200370","BlockName":"700 Block of Wisconsin Ave","Count_":0,"Shape__Length":515.6432046719201,"GlobalID":"786ec41e-79f4-42ab-8c15-a0b01e8ec587","BlockNameShort":"700 WISCONSIN AVE"}},{"type":"Feature","id":536,"geometry":{"type":"LineString","coordinates":[[-87.7992651552586,41.8979842728868],[-87.7992720630046,41.8981867430631],[-87.7992951721561,41.8989224992182],[-87.7993120131786,41.8994669811629],[-87.7993196528725,41.899721501581],[-87.7993221168837,41.8998035709857]]},"properties":{"OBJECTID":536,"STREETNAME":"WOODBINE AVE","BLOCK":700,"FIRST_FEATUREID":"0262615","BlockName":"700 Block of Woodbine Ave","Count_":0,"Shape__Length":663.1449414143735,"GlobalID":"9013f5b7-610e-489a-892a-3526a815ab1b","BlockNameShort":"700 WOODBINE AVE"}},{"type":"Feature","id":537,"geometry":{"type":"MultiLineString","coordinates":[[[-87.7953573234149,41.8769140382431],[-87.7958598378429,41.8769052772872],[-87.7961868522691,41.876899383928],[-87.7963990298492,41.8768955601886],[-87.7965747552003,41.8768926659121],[-87.7968287398376,41.8768884848589],[-87.7972923476458,41.8768806631016]],[[-87.7941945143504,41.8779395665234],[-87.7944337487786,41.8779354286671],[-87.7947042604829,41.8779313730868],[-87.7947999480848,41.8779301345897],[-87.7953907884178,41.877922489417]]]},"properties":{"OBJECTID":537,"STREETNAME":"ADAMS ST","BLOCK":800,"FIRST_FEATUREID":"0262627","BlockName":"800 Block of Adams St","Count_":0,"Shape__Length":852.9815321878941,"GlobalID":"283e09c1-3bcd-4da5-9ef1-6fd58188b7ba","BlockNameShort":"800 ADAMS ST"}},{"type":"Feature","id":538,"geometry":{"type":"LineString","coordinates":[[-87.7947731723524,41.8980708459142],[-87.7950410756365,41.8980656420903],[-87.7955238403872,41.8980563292756],[-87.7956865855451,41.8980531892742],[-87.7962698415897,41.8980422900939],[-87.796462913134,41.8980386812892],[-87.7970250059064,41.8980262450861],[-87.7974849299843,41.8980160673674],[-87.7977851124667,41.8980112904664]]},"properties":{"OBJECTID":538,"STREETNAME":"AUGUSTA ST","BLOCK":800,"FIRST_FEATUREID":"026392","BlockName":"800 Block of Augusta St","Count_":0,"Shape__Length":820.2990693659605,"GlobalID":"2ad456ad-95cd-4862-979a-60c7c1077eeb","BlockNameShort":"800 AUGUSTA ST"}},{"type":"Feature","id":539,"geometry":{"type":"LineString","coordinates":[[-87.8024098231312,41.8997516258385],[-87.8024152670561,41.8998908112648],[-87.8024303658391,41.900413879039],[-87.8024587843555,41.9012500225151],[-87.8024604918428,41.9013002441967],[-87.8024702951032,41.9015770604671]]},"properties":{"OBJECTID":539,"STREETNAME":"BELLEFORTE AVE","BLOCK":800,"FIRST_FEATUREID":"026197531","BlockName":"800 Block of Belleforte Ave","Count_":0,"Shape__Length":665.4049428034075,"GlobalID":"a46278d2-b0b1-4456-9ded-97524d4c910c","BlockNameShort":"800 BELLEFORTE AVE"}},{"type":"Feature","id":540,"geometry":{"type":"LineString","coordinates":[[-87.7949126532088,41.9035837656708],[-87.7950194122768,41.9035314972626],[-87.795658640266,41.9035226445007],[-87.7960898682636,41.9035166686945],[-87.7964089546425,41.9035113338204],[-87.7966669724353,41.903507018166],[-87.7971416167644,41.9034992443526],[-87.7975573164994,41.9034924333411],[-87.7978300824401,41.9034882225974],[-87.7980814148209,41.903484341665]]},"properties":{"OBJECTID":540,"STREETNAME":"BERKSHIRE ST","BLOCK":800,"FIRST_FEATUREID":"0262009","BlockName":"800 Block of Berkshire St","Count_":0,"Shape__Length":868.4941489163605,"GlobalID":"ad622d66-870f-4e0b-bddc-22388454558b","BlockNameShort":"800 BERKSHIRE ST"}},{"type":"Feature","id":541,"geometry":{"type":"LineString","coordinates":[[-87.7961366854193,41.875484557178],[-87.7961313401407,41.8753266252743],[-87.796095575906,41.8743270548979],[-87.7960869539398,41.8740688893761],[-87.7960768182919,41.873765354697],[-87.7960513292684,41.8731088931757],[-87.7960493336537,41.8730574894603]]},"properties":{"OBJECTID":541,"STREETNAME":"CARPENTER AVE","BLOCK":800,"FIRST_FEATUREID":"0261125","BlockName":"800 Block of Carpenter Ave","Count_":0,"Shape__Length":884.7557586223512,"GlobalID":"1abf4e7f-393f-4b6b-9296-0f025f51e579","BlockNameShort":"800 CARPENTER AVE"}},{"type":"Feature","id":542,"geometry":{"type":"LineString","coordinates":[[-87.7946743508804,41.8944088571581],[-87.7951691524585,41.8943998759609],[-87.7956384027394,41.8943920253708],[-87.7958457272243,41.8943885554512],[-87.796172945108,41.8943826875143],[-87.7965788049277,41.8943754089774],[-87.7970694170499,41.8943663180781],[-87.7973854652645,41.8943604611501],[-87.7976721781338,41.8943554947092]]},"properties":{"OBJECTID":542,"STREETNAME":"CHICAGO AVE","BLOCK":800,"FIRST_FEATUREID":"026299","BlockName":"800 Block of Chicago Ave","Count_":0,"Shape__Length":816.445457851016,"GlobalID":"b9f18e73-63d1-46d4-83bf-4a3b77a8755f","BlockNameShort":"800 CHICAGO AVE"}},{"type":"Feature","id":543,"geometry":{"type":"LineString","coordinates":[[-87.7903994182006,41.8743523558018],[-87.790392234083,41.8741513298383],[-87.7903595121308,41.8732020192942],[-87.7903523362368,41.8729913650415],[-87.7903445235792,41.8727620139131],[-87.7903373083328,41.8725501836072]]},"properties":{"OBJECTID":543,"STREETNAME":"CLARENCE AVE","BLOCK":800,"FIRST_FEATUREID":"0261185","BlockName":"800 Block of Clarence Ave","Count_":0,"Shape__Length":656.9380797339206,"GlobalID":"61738864-7bc5-4911-a0b0-25354296ab2c","BlockNameShort":"800 CLARENCE AVE"}},{"type":"Feature","id":544,"geometry":{"type":"LineString","coordinates":[[-87.7986796546855,41.8754399148358],[-87.7986699475822,41.875144178521],[-87.7986147385429,41.873517329221],[-87.7986128489789,41.8734616259987]]},"properties":{"OBJECTID":544,"STREETNAME":"CLINTON AVE","BLOCK":800,"FIRST_FEATUREID":"0262814","BlockName":"800 Block of Clinton Ave","Count_":0,"Shape__Length":721.1271407757378,"GlobalID":"702f04cc-e5d0-41c2-a62c-130dc219c625","BlockNameShort":"800 CLINTON AVE"}},{"type":"Feature","id":545,"geometry":{"type":"LineString","coordinates":[[-87.7911623278608,41.899791864184],[-87.791170385349,41.9000351985341],[-87.7911865966971,41.9005938381665],[-87.7912120321519,41.9014779339734],[-87.7912159345435,41.9016749675457],[-87.7912177637685,41.9017673168732]]},"properties":{"OBJECTID":545,"STREETNAME":"COLUMBIAN AVE","BLOCK":800,"FIRST_FEATUREID":"026197539","BlockName":"800 Block of Columbian Ave","Count_":0,"Shape__Length":720.0287351361238,"GlobalID":"fc421661-883f-4aca-b836-430c89c613ee","BlockNameShort":"800 COLUMBIAN AVE"}},{"type":"Feature","id":546,"geometry":{"type":"LineString","coordinates":[[-87.7948641276347,41.9017045220047],[-87.7953318222954,41.9016955535245],[-87.7956151503516,41.9016917297419],[-87.7959915550377,41.9016866499951],[-87.796362017508,41.9016793543015],[-87.796739275715,41.9016719244057],[-87.7971114411345,41.9016674829284],[-87.7975604962037,41.9016621205286],[-87.7977771510853,41.9016575544558],[-87.7979016986054,41.9016549300389]]},"properties":{"OBJECTID":546,"STREETNAME":"DIVISION ST","BLOCK":800,"FIRST_FEATUREID":"026946","BlockName":"800 Block of Division St","Count_":0,"Shape__Length":827.1477707051492,"GlobalID":"0e1a18db-9009-4742-ad80-bfab62d97a1b","BlockNameShort":"800 DIVISION ST"}},{"type":"Feature","id":547,"geometry":{"type":"LineString","coordinates":[[-87.7945936709734,41.8913327594899],[-87.7960895551718,41.8913072209677],[-87.7960908229723,41.8913071998885],[-87.7975834343949,41.8912766314959]]},"properties":{"OBJECTID":547,"STREETNAME":"ERIE ST","BLOCK":800,"FIRST_FEATUREID":"026811","BlockName":"800 Block of Erie St","Count_":0,"Shape__Length":814.3160913977883,"GlobalID":"6ce47e85-c565-4974-9139-f454a56a6b4a","BlockNameShort":"800 ERIE ST"}},{"type":"Feature","id":548,"geometry":{"type":"LineString","coordinates":[[-87.7883114136763,41.8998385581755],[-87.7883185553284,41.9000695582025],[-87.7883666607866,41.901574592771],[-87.7883716830474,41.9017301719773],[-87.7883744293986,41.9018152365432]]},"properties":{"OBJECTID":548,"STREETNAME":"FAIR OAKS AVE","BLOCK":800,"FIRST_FEATUREID":"026197541","BlockName":"800 Block of Fair Oaks Ave","Count_":0,"Shape__Length":720.518949791753,"GlobalID":"16caf436-6d64-4a5e-b636-879b49fc938b","BlockNameShort":"800 FAIR OAKS AVE"}},{"type":"Feature","id":549,"geometry":{"type":"LineString","coordinates":[[-87.7938141216171,41.866987027558],[-87.7942770023624,41.8669789893755],[-87.7944711957047,41.8669749667947],[-87.7948622809235,41.8669668612724],[-87.795122540934,41.8669623289147],[-87.7954011289791,41.8669574766591],[-87.7957765227868,41.8669512482756],[-87.7960511960462,41.8669466885393],[-87.7964307406734,41.8669395716877]]},"properties":{"OBJECTID":549,"STREETNAME":"FILLMORE ST","BLOCK":800,"FIRST_FEATUREID":"026955","BlockName":"800 Block of Fillmore St","Count_":0,"Shape__Length":712.9385628126108,"GlobalID":"1326150d-8b5f-4c80-ac08-2ebfac832929","BlockNameShort":"800 FILLMORE ST"}},{"type":"Feature","id":550,"geometry":{"type":"LineString","coordinates":[[-87.800892189001,41.8997772005115],[-87.800903193069,41.9001191297798],[-87.8009140227402,41.9004691531802],[-87.8009303016103,41.9010300426573],[-87.8009466518136,41.9015137498286],[-87.8009496322968,41.9016019438844]]},"properties":{"OBJECTID":550,"STREETNAME":"FOREST AVE","BLOCK":800,"FIRST_FEATUREID":"026348","BlockName":"800 Block of Forest Ave","Count_":0,"Shape__Length":665.1323177683183,"GlobalID":"302419c1-c4cb-4fe5-b01b-e7ce18980742","BlockNameShort":"800 FOREST AVE"}},{"type":"Feature","id":551,"geometry":{"type":"LineString","coordinates":[[-87.7939876111565,41.8720260638298],[-87.7944369563889,41.872063725115],[-87.7945385895103,41.8720722510521],[-87.7951222997461,41.8721212198382],[-87.795301419606,41.8721367464501],[-87.7956250222443,41.8721647933807],[-87.7959619228921,41.8721924001307],[-87.7963034090319,41.8722203829711],[-87.7966154969208,41.8722469381166]]},"properties":{"OBJECTID":551,"STREETNAME":"GARFIELD ST","BLOCK":800,"FIRST_FEATUREID":"0261390","BlockName":"800 Block of Garfield St","Count_":0,"Shape__Length":720.2514481074268,"GlobalID":"85303914-2b69-41e5-b7b9-cbf4cdc964ec","BlockNameShort":"800 GARFIELD ST"}},{"type":"Feature","id":552,"geometry":{"type":"LineString","coordinates":[[-87.7949587026875,41.9053613469474],[-87.7957083005901,41.9053499546837],[-87.7960600326552,41.9053446061663],[-87.7964569745136,41.9053397749672],[-87.7968076392436,41.9053355049791],[-87.7971920938592,41.9053302122428],[-87.797602538553,41.9053245622952],[-87.7978908374425,41.9053198476658],[-87.7981326972912,41.90531589275]]},"properties":{"OBJECTID":552,"STREETNAME":"GREENFIELD ST","BLOCK":800,"FIRST_FEATUREID":"0262543","BlockName":"800 Block of Greenfield St","Count_":0,"Shape__Length":864.1909731238657,"GlobalID":"1298895e-3c9e-4e3a-b4f4-34ca415d9b8d","BlockNameShort":"800 GREENFIELD ST"}},{"type":"Feature","id":553,"geometry":{"type":"LineString","coordinates":[[-87.7867408176155,41.8744158279047],[-87.7867333255604,41.87422033558],[-87.7867218190291,41.8738470619312],[-87.7867071753191,41.8733980597517],[-87.7866973953318,41.8730980111885],[-87.7866955514156,41.8730450936617],[-87.7866830447259,41.8726863206259],[-87.7866797806355,41.872592681849]]},"properties":{"OBJECTID":553,"STREETNAME":"GUNDERSON AVE","BLOCK":800,"FIRST_FEATUREID":"026200757","BlockName":"800 Block of Gunderson Ave","Count_":0,"Shape__Length":664.5722528391046,"GlobalID":"5d9d1774-b6e5-46d2-8223-090bb6907709","BlockNameShort":"800 GUNDERSON AVE"}},{"type":"Feature","id":554,"geometry":{"type":"LineString","coordinates":[[-87.7940123443084,41.8728051421121],[-87.7940385452041,41.8728152625785],[-87.794167856129,41.8728377688145],[-87.7946159725849,41.8728785658352],[-87.7946254015963,41.8728795158113],[-87.7950137209438,41.8729186316368],[-87.79522191883,41.87294336114],[-87.795489500997,41.8729751416837],[-87.7958523906454,41.8730259084866],[-87.7960493336537,41.8730574894603],[-87.7963107376981,41.8730994031792],[-87.7964459698507,41.8731208622277],[-87.7966329058071,41.8731505254025],[-87.7970470307373,41.873221532615],[-87.797168067135,41.8732415190851]]},"properties":{"OBJECTID":554,"STREETNAME":"HARRISON ST","BLOCK":800,"FIRST_FEATUREID":"026717","BlockName":"800 Block of Harrison St","Count_":0,"Shape__Length":875.0742021395673,"GlobalID":"4c975e6a-02e4-46d4-8327-00c8cf26ce30","BlockNameShort":"800 HARRISON ST"}},{"type":"Feature","id":555,"geometry":{"type":"LineString","coordinates":[[-87.7938777634258,41.8688125798787],[-87.7943867211607,41.8688038609501],[-87.7945332456239,41.8688012486915],[-87.7947366269598,41.8687976253111],[-87.7951743306264,41.8687905251605],[-87.7954178102406,41.8687865752653],[-87.7958406833297,41.8687784811573],[-87.7960363299919,41.8687747337429],[-87.7963750434214,41.8687687207562],[-87.796494154206,41.8687666062628]]},"properties":{"OBJECTID":555,"STREETNAME":"HARVARD ST","BLOCK":800,"FIRST_FEATUREID":"026201186","BlockName":"800 Block of Harvard St","Count_":0,"Shape__Length":712.842423733999,"GlobalID":"9f446f78-82d8-4410-a075-e1a8ce68863c","BlockNameShort":"800 HARVARD ST"}},{"type":"Feature","id":556,"geometry":{"type":"LineString","coordinates":[[-87.7789669306808,41.9001299720662],[-87.7789735966943,41.9003378072741],[-87.7790193595577,41.9017273006926],[-87.7790244022165,41.9018664725796],[-87.7790276420052,41.9019558946786]]},"properties":{"OBJECTID":556,"STREETNAME":"HAYES AVE","BLOCK":800,"FIRST_FEATUREID":"0261666","BlockName":"800 Block of Hayes Ave","Count_":0,"Shape__Length":665.5843672450686,"GlobalID":"33c14056-f582-4b20-96ee-a8be4ff8eaf2","BlockNameShort":"800 HAYES AVE"}},{"type":"Feature","id":557,"geometry":{"type":"LineString","coordinates":[[-87.781820140997,41.8744964250576],[-87.7818090008922,41.8741876813076],[-87.7817672806117,41.8729416446356],[-87.7817602258067,41.8727629247729],[-87.7817565719044,41.8726703454999]]},"properties":{"OBJECTID":557,"STREETNAME":"HIGHLAND AVE","BLOCK":800,"FIRST_FEATUREID":"026200762","BlockName":"800 Block of Highland Ave","Count_":0,"Shape__Length":665.6587794599781,"GlobalID":"a5976dfd-b142-402a-b28c-7e54677d4688","BlockNameShort":"800 HIGHLAND AVE"}},{"type":"Feature","id":558,"geometry":{"type":"LineString","coordinates":[[-87.7997172923857,41.8754218504819],[-87.7996994292514,41.8749085153038],[-87.7996505963069,41.8735564308319],[-87.7996479487948,41.8734831259655]]},"properties":{"OBJECTID":558,"STREETNAME":"HOME AVE","BLOCK":800,"FIRST_FEATUREID":"0262208","BlockName":"800 Block of Home Ave","Count_":0,"Shape__Length":706.7325061530332,"GlobalID":"b8cdf4f3-eb4c-46af-bdc1-33152c7c2f1c","BlockNameShort":"800 HOME AVE"}},{"type":"Feature","id":559,"geometry":{"type":"LineString","coordinates":[[-87.7947243644865,41.8962387436422],[-87.795058257565,41.89621645917],[-87.7953034311763,41.8962120368155],[-87.7959784155251,41.8961998023549],[-87.7962263965135,41.8961949824113],[-87.7965395985363,41.8961888975294],[-87.7969710233563,41.8961811437966],[-87.7974020819382,41.8961732219711],[-87.7977263909694,41.8961907647222]]},"properties":{"OBJECTID":559,"STREETNAME":"IOWA ST","BLOCK":800,"FIRST_FEATUREID":"026291","BlockName":"800 Block of Iowa St","Count_":0,"Shape__Length":818.1214644270168,"GlobalID":"00b123a9-7179-4ce0-80ff-25b90548acb2","BlockNameShort":"800 IOWA ST"}},{"type":"Feature","id":560,"geometry":{"type":"MultiLineString","coordinates":[[[-87.7953015678064,41.8755601733993],[-87.7953661051365,41.8755223029314],[-87.7954198636461,41.8755044704244],[-87.7954629146735,41.8754980311212],[-87.7958714859427,41.875488747248],[-87.7961366854193,41.875484557178],[-87.7963137071416,41.8754817602945],[-87.7965255932071,41.8754778053021],[-87.7968992360213,41.8754708304502],[-87.7972437814314,41.8754648376884]],[[-87.7941317457381,41.8761153682577],[-87.7944114017928,41.8761111627161],[-87.7947197346296,41.8761060231818],[-87.7947376937826,41.8761056185213],[-87.7951592678951,41.8760961460715],[-87.7951741316622,41.8760969567074],[-87.7952043420438,41.8760937228789],[-87.7952512513067,41.8760826361508],[-87.7952830799663,41.8760658534],[-87.7953338139419,41.8760391230684]]]},"properties":{"OBJECTID":560,"STREETNAME":"JACKSON BLVD","BLOCK":800,"FIRST_FEATUREID":"026891","BlockName":"800 Block of Jackson Blvd","Count_":0,"Shape__Length":868.7084202769103,"GlobalID":"8946e3e1-243e-4928-b70a-91a161c58872","BlockNameShort":"800 JACKSON BLVD"}},{"type":"Feature","id":561,"geometry":{"type":"LineString","coordinates":[[-87.7945237066702,41.8886453629849],[-87.7948889803651,41.8886538377982],[-87.7956278197778,41.8886728593395],[-87.7960303133868,41.8886842409306],[-87.7962371424945,41.8886900910065],[-87.7968627689342,41.8886987226073],[-87.7971600577146,41.8886996230275]]},"properties":{"OBJECTID":561,"STREETNAME":"LAKE ST","BLOCK":800,"FIRST_FEATUREID":"0261099","BlockName":"800 Block of Lake St","Count_":0,"Shape__Length":718.1746852164433,"GlobalID":"719ad0ab-08aa-4d44-8a88-91c57de5c374","BlockNameShort":"800 LAKE ST"}},{"type":"Feature","id":562,"geometry":{"type":"LineString","coordinates":[[-87.7950065315699,41.907190478634],[-87.7953082441352,41.9071861764123],[-87.7957561770863,41.907179552685],[-87.7961737913789,41.9071733787121],[-87.7965051811094,41.9071693517189],[-87.7966727238314,41.9071673140874],[-87.7972440333977,41.9071596755911],[-87.7976111893567,41.9071547643803],[-87.7979452544729,41.9071501748969],[-87.798200113779,41.9071466757053]]},"properties":{"OBJECTID":562,"STREETNAME":"LE MOYNE PKWY","BLOCK":800,"FIRST_FEATUREID":"0262286","BlockName":"800 Block of Le Moyne Pkwy","Count_":0,"Shape__Length":869.4850426193677,"GlobalID":"973391ae-b37b-4fd0-bd07-04fe4f4456c1","BlockNameShort":"800 LE MOYNE PKWY"}},{"type":"Feature","id":563,"geometry":{"type":"LineString","coordinates":[[-87.7939441306379,41.8706399964013],[-87.7943095915483,41.8706341925696],[-87.7945963586404,41.8706293851774],[-87.7949441256031,41.8706235575471],[-87.7952507797283,41.8706180845574],[-87.7957977443093,41.8706083183922],[-87.795904044718,41.8706064344672],[-87.7963843253399,41.8705979173368],[-87.796558088246,41.8705945673162]]},"properties":{"OBJECTID":563,"STREETNAME":"LEXINGTON ST","BLOCK":800,"FIRST_FEATUREID":"026640","BlockName":"800 Block of Lexington St","Count_":0,"Shape__Length":712.1547121428408,"GlobalID":"0608f92a-70bf-4a60-be5e-7eaac14cf020","BlockNameShort":"800 LEXINGTON ST"}},{"type":"Feature","id":564,"geometry":{"type":"LineString","coordinates":[[-87.7923791235118,41.8997711398524],[-87.7923882745847,41.9000886376195],[-87.7924293831396,41.9015418527618],[-87.7924318492557,41.9016559041743],[-87.7924338168178,41.9017469207325]]},"properties":{"OBJECTID":564,"STREETNAME":"LINDEN AVE","BLOCK":800,"FIRST_FEATUREID":"026799","BlockName":"800 Block of Linden Ave","Count_":0,"Shape__Length":720.142141756986,"GlobalID":"9789479c-0cac-44e4-a5ae-dec2a1caa3cc","BlockNameShort":"800 LINDEN AVE"}},{"type":"Feature","id":565,"geometry":{"type":"LineString","coordinates":[[-87.7769204843406,41.8745707863454],[-87.7769107357946,41.874321820948],[-87.7768720170588,41.8731767852156],[-87.7768545342087,41.8728326635871],[-87.7768502610192,41.8727485516078]]},"properties":{"OBJECTID":565,"STREETNAME":"LYMAN AVE","BLOCK":800,"FIRST_FEATUREID":"026200768","BlockName":"800 Block of Lyman Ave","Count_":0,"Shape__Length":664.3164862059637,"GlobalID":"16a0966a-4ddc-4709-8601-9aa61d0382e4","BlockNameShort":"800 LYMAN AVE"}},{"type":"Feature","id":566,"geometry":{"type":"LineString","coordinates":[[-87.7942563332907,41.8797700405223],[-87.7946067269303,41.8797683579878],[-87.7949246301455,41.8797626019692],[-87.7951495427287,41.8797585269359],[-87.7954523475563,41.8797535351192],[-87.7955826880575,41.8797513841602],[-87.7959971402546,41.8797445484399],[-87.7962858094419,41.8797392929106],[-87.7966387135058,41.8797328666022],[-87.7966652660455,41.8797324477802],[-87.7969170566228,41.8797284840808]]},"properties":{"OBJECTID":566,"STREETNAME":"MADISON ST","BLOCK":800,"FIRST_FEATUREID":"0261251","BlockName":"800 Block of Madison St","Count_":0,"Shape__Length":724.7663950831766,"GlobalID":"dca9ca06-0a85-4caf-80cb-0efeadff8a62","BlockNameShort":"800 MADISON ST"}},{"type":"Feature","id":567,"geometry":{"type":"LineString","coordinates":[[-87.7813840567883,41.8999460201371],[-87.7814436072549,41.9015789877575],[-87.7814581786048,41.9018286959715],[-87.7814636134098,41.9019218235509]]},"properties":{"OBJECTID":567,"STREETNAME":"MAPLETON AVE","BLOCK":800,"FIRST_FEATUREID":"0262250","BlockName":"800 Block of Mapleton Ave","Count_":0,"Shape__Length":720.3357620300786,"GlobalID":"b3f672c2-072a-48bc-9ed9-18243b9da8b5","BlockNameShort":"800 MAPLETON AVE"}},{"type":"Feature","id":568,"geometry":{"type":"LineString","coordinates":[[-87.7954053324145,41.87832980472],[-87.7960267325324,41.8783203366692],[-87.796234431158,41.8783164760787],[-87.7965410395262,41.8783107770946],[-87.7966232208367,41.8783093334941],[-87.7970665800992,41.8783015413774],[-87.7973398900255,41.8782963960378]]},"properties":{"OBJECTID":568,"STREETNAME":"MONROE ST","BLOCK":800,"FIRST_FEATUREID":"026792","BlockName":"800 Block of Monroe St","Count_":0,"Shape__Length":526.9924932924548,"GlobalID":"c43cc64f-f40c-4750-83c1-68233771cacc","BlockNameShort":"800 MONROE ST"}},{"type":"Feature","id":569,"geometry":{"type":"LineString","coordinates":[[-87.7751403761244,41.8947132802751],[-87.7751535644208,41.8951743567829],[-87.7751548920905,41.8952474610178],[-87.7751695954033,41.8956260421088],[-87.7751819331103,41.8960833987],[-87.7751920328998,41.8963830091779],[-87.7751975249635,41.8965411321069]]},"properties":{"OBJECTID":569,"STREETNAME":"N AUSTIN BLVD","BLOCK":800,"FIRST_FEATUREID":"0261447","BlockName":"800 Block of N Austin Blvd","Count_":0,"Shape__Length":666.268256966751,"GlobalID":"88ef1a1c-73d0-4463-8fcb-05a917e0b95a","BlockNameShort":"800 N AUSTIN BLVD"}},{"type":"Feature","id":570,"geometry":{"type":"LineString","coordinates":[[-87.7838245593849,41.899911206628],[-87.7838394059012,41.900420276971],[-87.7838628323692,41.9011325752959],[-87.7838861599685,41.9017982588489],[-87.7838893348831,41.9018888698587]]},"properties":{"OBJECTID":570,"STREETNAME":"N CUYLER AVE","BLOCK":800,"FIRST_FEATUREID":"026197544","BlockName":"800 Block of N Cuyler Ave","Count_":0,"Shape__Length":720.8906506888773,"GlobalID":"a6e1d103-86e8-4a3e-891f-7595b22319a4","BlockNameShort":"800 N CUYLER AVE"}},{"type":"Feature","id":571,"geometry":{"type":"LineString","coordinates":[[-87.7899381293554,41.8998117608953],[-87.7899455765594,41.9000442280291],[-87.7899832751597,41.9013427079907],[-87.7899903518786,41.9015955957243],[-87.7899944822149,41.9016996234669],[-87.789997998014,41.9017881462428]]},"properties":{"OBJECTID":571,"STREETNAME":"N EAST AVE","BLOCK":800,"FIRST_FEATUREID":"026197540","BlockName":"800 Block of N East Ave","Count_":0,"Shape__Length":720.3943232973634,"GlobalID":"d414f760-d34f-43a2-ab66-e779140bba3e","BlockNameShort":"800 N EAST AVE"}},{"type":"Feature","id":572,"geometry":{"type":"LineString","coordinates":[[-87.7866853544826,41.8998662268706],[-87.786689855024,41.9000073163308],[-87.7867245628745,41.9010028185729],[-87.7867457231922,41.9016357143957],[-87.7867494416072,41.9017529446759],[-87.7867522976077,41.90184298778]]},"properties":{"OBJECTID":572,"STREETNAME":"N ELMWOOD AVE","BLOCK":800,"FIRST_FEATUREID":"026197542","BlockName":"800 Block of N Elmwood Ave","Count_":0,"Shape__Length":720.5756195549803,"GlobalID":"77c13f00-671c-43d8-9ae7-5016999a12ba","BlockNameShort":"800 N ELMWOOD AVE"}},{"type":"Feature","id":573,"geometry":{"type":"LineString","coordinates":[[-87.7935942460582,41.8997518028943],[-87.7936347730978,41.9012990600359],[-87.7936459496402,41.9016405459077],[-87.7936487064411,41.9017247712888]]},"properties":{"OBJECTID":573,"STREETNAME":"N EUCLID AVE","BLOCK":800,"FIRST_FEATUREID":"026197537","BlockName":"800 Block of N Euclid Ave","Count_":0,"Shape__Length":719.1166677470723,"GlobalID":"d08fcb69-f6a8-490d-b349-1e887530cd8f","BlockNameShort":"800 N EUCLID AVE"}},{"type":"Feature","id":574,"geometry":{"type":"LineString","coordinates":[[-87.796315779893,41.899855331065],[-87.7963215966428,41.9000524329121],[-87.7963452050405,41.9010181881802],[-87.7963560631471,41.901489013424],[-87.7963592997981,41.9015924830633],[-87.796362017508,41.9016793543015]]},"properties":{"OBJECTID":574,"STREETNAME":"N GROVE AVE","BLOCK":800,"FIRST_FEATUREID":"0262146","BlockName":"800 Block of N Grove Ave","Count_":0,"Shape__Length":664.8061679828542,"GlobalID":"c07c37d6-db10-4609-b24d-30f4323a4eb6","BlockNameShort":"800 N GROVE AVE"}},{"type":"Feature","id":575,"geometry":{"type":"LineString","coordinates":[[-87.8052450954295,41.894231966118],[-87.8052873966657,41.8953248970297],[-87.8053060774758,41.8958496280605],[-87.8053159643466,41.8960985494722]]},"properties":{"OBJECTID":575,"STREETNAME":"N HARLEM AVE","BLOCK":800,"FIRST_FEATUREID":"0261664","BlockName":"800 Block of N Harlem Ave","Count_":0,"Shape__Length":680.4676461648938,"GlobalID":"73e6008e-1dc8-47f5-8eb6-f98308246d98","BlockNameShort":"800 N HARLEM AVE"}},{"type":"Feature","id":576,"geometry":{"type":"LineString","coordinates":[[-87.7826014349871,41.8999295708024],[-87.7826338001959,41.9008354683311],[-87.7826678983144,41.9017620881433],[-87.7826721047183,41.9018173072627],[-87.782678771851,41.901904813571]]},"properties":{"OBJECTID":576,"STREETNAME":"N HARVEY AVE","BLOCK":800,"FIRST_FEATUREID":"026197545","BlockName":"800 Block of N Harvey Ave","Count_":0,"Shape__Length":720.1212260680564,"GlobalID":"620ec561-7c00-487e-8a13-00c2a31e6baf","BlockNameShort":"800 N HARVEY AVE"}},{"type":"Feature","id":577,"geometry":{"type":"LineString","coordinates":[[-87.776528294223,41.9001651442362],[-87.7765352470731,41.9003762293931],[-87.7765591677588,41.9011449252131],[-87.77657976076,41.9017343237006],[-87.7765837974947,41.9018531413279],[-87.7765643339923,41.9018953269237],[-87.7765500661631,41.9019262492461],[-87.7765472826687,41.9019547756252],[-87.7765873852096,41.9019889659974]]},"properties":{"OBJECTID":577,"STREETNAME":"N HUMPHREY AVE","BLOCK":800,"FIRST_FEATUREID":"026197550","BlockName":"800 Block of N Humphrey Ave","Count_":0,"Shape__Length":670.4717907054413,"GlobalID":"2ef09147-9b85-4de6-972f-9940c3bf3cfb","BlockNameShort":"800 N HUMPHREY AVE"}},{"type":"Feature","id":578,"geometry":{"type":"LineString","coordinates":[[-87.7978447282031,41.8998304152489],[-87.7978534091194,41.9001363158304],[-87.7978687276296,41.9006374303616],[-87.797889908065,41.9012591556699],[-87.7978990868602,41.9015672427199],[-87.7979016986054,41.9016549300389]]},"properties":{"OBJECTID":578,"STREETNAME":"N KENILWORTH AVE","BLOCK":800,"FIRST_FEATUREID":"026197534","BlockName":"800 Block of N Kenilworth Ave","Count_":0,"Shape__Length":665.0464004554418,"GlobalID":"110b7190-638b-43e2-9c62-797cc446aba6","BlockNameShort":"800 N KENILWORTH AVE"}},{"type":"Feature","id":579,"geometry":{"type":"LineString","coordinates":[[-87.78017621377,41.9001109497018],[-87.7801829909853,41.90031529116],[-87.7802294388324,41.9016752319702],[-87.7802322439952,41.9018474679219],[-87.7802327517382,41.9018787058631],[-87.7802399075889,41.9019383833524]]},"properties":{"OBJECTID":579,"STREETNAME":"N LOMBARD AVE","BLOCK":800,"FIRST_FEATUREID":"026197547","BlockName":"800 Block of N Lombard Ave","Count_":0,"Shape__Length":666.2061433716051,"GlobalID":"5b217b8c-c866-4b46-93de-665dc8e23780","BlockNameShort":"800 N LOMBARD AVE"}},{"type":"Feature","id":580,"geometry":{"type":"LineString","coordinates":[[-87.8039277115603,41.8997253237098],[-87.8039364755519,41.9000006063679],[-87.8039608742926,41.9006800015385],[-87.8039853594349,41.9014245726689],[-87.803986698143,41.901462974759],[-87.8039897703504,41.9015510755288]]},"properties":{"OBJECTID":580,"STREETNAME":"N MARION ST","BLOCK":800,"FIRST_FEATUREID":"026197530","BlockName":"800 Block of N Marion St","Count_":0,"Shape__Length":665.5300281124565,"GlobalID":"0148827b-423d-4de0-b8e2-3450b10fdaf7","BlockNameShort":"800 N MARION ST"}},{"type":"Feature","id":581,"geometry":{"type":"LineString","coordinates":[[-87.7948199446652,41.8998809931411],[-87.7948245898057,41.9000626568267],[-87.7948375847855,41.9005358520921],[-87.7948593139637,41.9014734703152],[-87.7948621574487,41.9016099644328],[-87.7948641276347,41.9017045220047]]},"properties":{"OBJECTID":581,"STREETNAME":"N OAK PARK AVE","BLOCK":800,"FIRST_FEATUREID":"026197536","BlockName":"800 Block of N Oak Park Ave","Count_":0,"Shape__Length":664.615336606063,"GlobalID":"16539941-ff21-441a-8d33-112fd76dddcc","BlockNameShort":"800 N OAK PARK AVE"}},{"type":"Feature","id":582,"geometry":{"type":"LineString","coordinates":[[-87.7850612511995,41.8998938791747],[-87.7850657857338,41.9000181793087],[-87.7850884475106,41.9006969118141],[-87.7851016605061,41.9010718387547],[-87.7850977917793,41.9012964362542],[-87.785003215984,41.9015355021817],[-87.7849108176299,41.9017850808869],[-87.7848754801441,41.9018805291326]]},"properties":{"OBJECTID":582,"STREETNAME":"N RIDGELAND AVE","BLOCK":800,"FIRST_FEATUREID":"0262735","BlockName":"800 Block of N Ridgeland Ave","Count_":0,"Shape__Length":732.5419412144533,"GlobalID":"e95bc324-f54c-40f6-91a5-ade4a88c5f3a","BlockNameShort":"800 N RIDGELAND AVE"}},{"type":"Feature","id":583,"geometry":{"type":"LineString","coordinates":[[-87.7777477554952,41.9001475680186],[-87.7777546475928,41.9003607028878],[-87.7777780121164,41.9010765143081],[-87.7777994843024,41.9017607028435],[-87.7778054835776,41.9018610891612],[-87.77779252257,41.9018781293167],[-87.7777648706618,41.9019144872169],[-87.7777617646591,41.9019423260068],[-87.7777987871074,41.9019725224527]]},"properties":{"OBJECTID":583,"STREETNAME":"N TAYLOR AVE","BLOCK":800,"FIRST_FEATUREID":"026512","BlockName":"800 Block of N Taylor Ave","Count_":0,"Shape__Length":672.1064535974336,"GlobalID":"47795e5e-1c89-46f4-84de-032c41205412","BlockNameShort":"800 N TAYLOR AVE"}},{"type":"Feature","id":584,"geometry":{"type":"LineString","coordinates":[[-87.7944811212093,41.8873099562915],[-87.7946140583004,41.8872891230242],[-87.7949012705617,41.8872690103364],[-87.7951696740242,41.8872631458434],[-87.7952529037806,41.8872613273076],[-87.7963050267125,41.8872499515236],[-87.7964694850751,41.8872457064634],[-87.79689808209,41.8872346390475],[-87.7971273295315,41.8872295459313]]},"properties":{"OBJECTID":584,"STREETNAME":"NORTH BLVD","BLOCK":800,"FIRST_FEATUREID":"0262836","BlockName":"800 Block of North Blvd","Count_":0,"Shape__Length":721.8839910105567,"GlobalID":"27ac0b7d-5be2-474a-8150-a3df2acfa601","BlockNameShort":"800 NORTH BLVD"}},{"type":"Feature","id":585,"geometry":{"type":"LineString","coordinates":[[-87.7945599738894,41.8902042964502],[-87.795181458551,41.8902036505734],[-87.7958234409158,41.8901907409815],[-87.7960637207967,41.8901922435271],[-87.7964155558595,41.8901944436607],[-87.7968026449435,41.8901870297159],[-87.7968208871307,41.8901866782773],[-87.796842319299,41.8901862679105],[-87.7968720440164,41.8901856991035],[-87.7972514816268,41.8901784261694],[-87.797552518699,41.8901790297598]]},"properties":{"OBJECTID":585,"STREETNAME":"ONTARIO ST","BLOCK":800,"FIRST_FEATUREID":"026543","BlockName":"800 Block of Ontario St","Count_":0,"Shape__Length":814.9727627551424,"GlobalID":"04c997c6-d7fb-4305-8333-f0979f9d51b4","BlockNameShort":"800 ONTARIO ST"}},{"type":"Feature","id":586,"geometry":{"type":"LineString","coordinates":[[-87.794420065074,41.8851910842561],[-87.7950880817163,41.885176963866],[-87.7954347943226,41.8851696344451],[-87.7957564385684,41.8851616068118],[-87.7959023884922,41.8851579646772],[-87.7960962814937,41.8851546456889],[-87.7964250344934,41.8851493171542],[-87.7969719081025,41.8851404508845],[-87.7970895884915,41.8851385416151]]},"properties":{"OBJECTID":586,"STREETNAME":"PLEASANT ST","BLOCK":800,"FIRST_FEATUREID":"0262654","BlockName":"800 Block of Pleasant St","Count_":0,"Shape__Length":727.1903523858289,"GlobalID":"60b3574e-b31d-4329-9656-3884a73cc930","BlockNameShort":"800 PLEASANT ST"}},{"type":"Feature","id":587,"geometry":{"type":"LineString","coordinates":[[-87.7943675831441,41.8834541393986],[-87.7950365814314,41.8834377541247],[-87.7951885462115,41.8834340312434],[-87.7957022043715,41.8834222693019],[-87.795944596322,41.8834167160638],[-87.7963692897843,41.8834070557607],[-87.7967782548473,41.8833977543676],[-87.7970344990791,41.8833916873284]]},"properties":{"OBJECTID":587,"STREETNAME":"RANDOLPH ST","BLOCK":800,"FIRST_FEATUREID":"026800","BlockName":"800 Block of Randolph St","Count_":0,"Shape__Length":726.59786703271,"GlobalID":"bf9ddb48-1348-4223-a5a3-bb9e292690aa","BlockNameShort":"800 RANDOLPH ST"}},{"type":"Feature","id":588,"geometry":{"type":"LineString","coordinates":[[-87.7743220540904,41.8705195159428],[-87.7743183781831,41.8704203358755]]},"properties":{"OBJECTID":588,"STREETNAME":"S AUSTIN BLVD","BLOCK":800,"FIRST_FEATUREID":"0262469","BlockName":"800 Block of S Austin Blvd","Count_":0,"Shape__Length":36.155593714251026,"GlobalID":"af5e8dc6-ae47-4594-9bd6-5d301d46e606","BlockNameShort":"800 S AUSTIN BLVD"}},{"type":"Feature","id":589,"geometry":{"type":"LineString","coordinates":[[-87.7830478564575,41.8744778249453],[-87.7830398993967,41.8742373021453],[-87.7830052165884,41.8732211575841],[-87.78300173884,41.8731078316607],[-87.7829929338571,41.8728209865113],[-87.782989948457,41.8727487087486],[-87.7829860113105,41.8726534136161]]},"properties":{"OBJECTID":589,"STREETNAME":"S CUYLER AVE","BLOCK":800,"FIRST_FEATUREID":"026200761","BlockName":"800 Block of S Cuyler Ave","Count_":0,"Shape__Length":665.0394405997638,"GlobalID":"813393be-fe71-48e2-af03-de3042ceb024","BlockNameShort":"800 S CUYLER AVE"}},{"type":"Feature","id":590,"geometry":{"type":"LineString","coordinates":[[-87.7891767628002,41.8743735371394],[-87.7891689302247,41.8741536908328],[-87.7891435275855,41.873313306823],[-87.7891318734886,41.873003361984],[-87.789120999058,41.8727141287498],[-87.7891158008066,41.8725616523496],[-87.7891121223483,41.8724538186377],[-87.7891094881991,41.8723765277656],[-87.7891056549805,41.8722640772491],[-87.7891037592433,41.8722085160932],[-87.7890992946184,41.8720776298222],[-87.7890938970439,41.8719192660054],[-87.7890845465027,41.8716451117083],[-87.7890834617166,41.8716132379609]]},"properties":{"OBJECTID":590,"STREETNAME":"S EAST AVE","BLOCK":800,"FIRST_FEATUREID":"026441851","BlockName":"800 Block of S East Ave","Count_":0,"Shape__Length":1006.1893082575144,"GlobalID":"02dac947-7de7-4d78-82cf-abb01d4b7d98","BlockNameShort":"800 S EAST AVE"}},{"type":"Feature","id":591,"geometry":{"type":"LineString","coordinates":[[-87.7855043688621,41.8744377382093],[-87.7854984553283,41.8742526514164],[-87.7854459184968,41.8727048544315],[-87.7854427750307,41.8726122542947]]},"properties":{"OBJECTID":591,"STREETNAME":"S ELMWOOD AVE","BLOCK":800,"FIRST_FEATUREID":"026200758","BlockName":"800 Block of S Elmwood Ave","Count_":0,"Shape__Length":665.4269764058008,"GlobalID":"2ef3d4fd-b034-4bdf-96d6-213e9ef25e44","BlockNameShort":"800 S ELMWOOD AVE"}},{"type":"Feature","id":592,"geometry":{"type":"LineString","coordinates":[[-87.7928422375497,41.874310459143],[-87.7928298459089,41.8739590944905],[-87.792795606731,41.8729721268111],[-87.7927850897891,41.8726689573482]]},"properties":{"OBJECTID":592,"STREETNAME":"S EUCLID AVE","BLOCK":800,"FIRST_FEATUREID":"0261783","BlockName":"800 Block of S Euclid Ave","Count_":0,"Shape__Length":598.3734833670494,"GlobalID":"909469f9-73e2-4501-a01f-4380e673f6fc","BlockNameShort":"800 S EUCLID AVE"}},{"type":"Feature","id":593,"geometry":{"type":"LineString","coordinates":[[-87.795287495027,41.8754046035922],[-87.7953009249515,41.8753610475267],[-87.7953004775956,41.8753224611723],[-87.7952884671219,41.8749547654679],[-87.7952747958694,41.8745363311467],[-87.795265217914,41.874267294839],[-87.7952586842784,41.8740837001769],[-87.7952534595537,41.8739369402373],[-87.7952414960731,41.873612238819],[-87.7952314910273,41.8733254996879],[-87.7952254419136,41.8730840150982],[-87.79522191883,41.87294336114]]},"properties":{"OBJECTID":593,"STREETNAME":"S GROVE AVE","BLOCK":800,"FIRST_FEATUREID":"026200750","BlockName":"800 Block of S Grove Ave","Count_":0,"Shape__Length":897.5722473582704,"GlobalID":"0149bc1f-4694-43c6-b976-5d0e68c60425","BlockNameShort":"800 S GROVE AVE"}},{"type":"Feature","id":594,"geometry":{"type":"LineString","coordinates":[[-87.8044685769995,41.8723162732161],[-87.8044092471619,41.8721740101755],[-87.8043643238147,41.8705632019408],[-87.8044024804086,41.8704859984043]]},"properties":{"OBJECTID":594,"STREETNAME":"S HARLEM AVE","BLOCK":800,"FIRST_FEATUREID":"0261401","BlockName":"800 Block of S Harlem Ave","Count_":0,"Shape__Length":671.405652313015,"GlobalID":"f8bc1a8f-11c0-4ad0-b337-58fd3702c705","BlockNameShort":"800 S HARLEM AVE"}},{"type":"Feature","id":595,"geometry":{"type":"LineString","coordinates":[[-87.7806063045714,41.8745153345395],[-87.7805987155166,41.874319707222],[-87.7805745229562,41.8736372594136],[-87.7805456637587,41.8727824757208],[-87.7805424929867,41.872688552722]]},"properties":{"OBJECTID":595,"STREETNAME":"S HARVEY AVE","BLOCK":800,"FIRST_FEATUREID":"026200764","BlockName":"800 Block of S Harvey Ave","Count_":0,"Shape__Length":665.9159714054783,"GlobalID":"dea5e7f0-cfe8-4142-9eab-72b4a1fc0dd9","BlockNameShort":"800 S HARVEY AVE"}},{"type":"Feature","id":596,"geometry":{"type":"LineString","coordinates":[[-87.7756944118781,41.8745928906844],[-87.7756870585023,41.8743964025779],[-87.7756694008658,41.873876445465],[-87.7756547593975,41.8734445377205],[-87.7756400810936,41.8729832128098],[-87.7756330255039,41.8728477028198],[-87.7756288136896,41.8727668305347]]},"properties":{"OBJECTID":596,"STREETNAME":"S HUMPHREY AVE","BLOCK":800,"FIRST_FEATUREID":"026364","BlockName":"800 Block of S Humphrey Ave","Count_":0,"Shape__Length":665.6727876986772,"GlobalID":"6f6caf7b-37cf-4373-be8f-da3cf9038fe5","BlockNameShort":"800 S HUMPHREY AVE"}},{"type":"Feature","id":597,"geometry":{"type":"LineString","coordinates":[[-87.7972437814314,41.8754648376884],[-87.7972340167624,41.8751785113926],[-87.7972168802028,41.8746411607306],[-87.7971893160721,41.8738797204802],[-87.7971701047665,41.8733027052221],[-87.797168067135,41.8732415190851]]},"properties":{"OBJECTID":597,"STREETNAME":"S KENILWORTH AVE","BLOCK":800,"FIRST_FEATUREID":"026200747","BlockName":"800 Block of S Kenilworth Ave","Count_":0,"Shape__Length":810.4506340936019,"GlobalID":"3afef225-41ce-425b-901d-f12448377f77","BlockNameShort":"800 S KENILWORTH AVE"}},{"type":"Feature","id":598,"geometry":{"type":"LineString","coordinates":[[-87.7793688001533,41.8745323775622],[-87.7793556495487,41.8741950010469],[-87.7793196156495,41.8731209729751],[-87.7793095135734,41.8728041974562],[-87.77930655877,41.8727115602593]]},"properties":{"OBJECTID":598,"STREETNAME":"S LOMBARD AVE","BLOCK":800,"FIRST_FEATUREID":"0261535","BlockName":"800 Block of S Lombard Ave","Count_":0,"Shape__Length":663.7328373525725,"GlobalID":"4bff7937-9aa1-4676-a5f2-2fd2a56f0b85","BlockNameShort":"800 S LOMBARD AVE"}},{"type":"Feature","id":599,"geometry":{"type":"LineString","coordinates":[[-87.8036879759446,41.8752180020174],[-87.8036975029703,41.875189483424],[-87.803706591108,41.8751338714381],[-87.8037034348586,41.8750447236713],[-87.8036789964498,41.8743400786946],[-87.8036751585184,41.8742312237274],[-87.8036646872165,41.873934081485],[-87.8036613916342,41.8739063221624],[-87.803658065581,41.8738778766364],[-87.8036493835153,41.8738620022305],[-87.803640910073,41.8738531046572]]},"properties":{"OBJECTID":599,"STREETNAME":"S MAPLE AVE","BLOCK":800,"FIRST_FEATUREID":"026971","BlockName":"800 Block of S Maple Ave","Count_":0,"Shape__Length":499.274521149722,"GlobalID":"0aceb2b4-35d9-49c7-bb0c-8463f1859cb6","BlockNameShort":"800 S MAPLE AVE"}},{"type":"Feature","id":600,"geometry":{"type":"LineString","coordinates":[[-87.7940674444852,41.8742885592927],[-87.7940574232323,41.8740506511109],[-87.794031093467,41.873304199401],[-87.7940157670963,41.872912988875],[-87.7940123443084,41.8728051421121],[-87.7940075953582,41.8726555833484],[-87.794004676376,41.8725636120252],[-87.7940021289944,41.8724833226187],[-87.7939876111565,41.8720260638298]]},"properties":{"OBJECTID":600,"STREETNAME":"S OAK PARK AVE","BLOCK":800,"FIRST_FEATUREID":"026441850","BlockName":"800 Block of S Oak Park Ave","Count_":0,"Shape__Length":824.7534243321743,"GlobalID":"089e8908-7e96-4dab-951b-0e1eec3e73f4","BlockNameShort":"800 S OAK PARK AVE"}},{"type":"Feature","id":601,"geometry":{"type":"LineString","coordinates":[[-87.7842781590602,41.8744576484727],[-87.7842682682474,41.8741924128574],[-87.7842325685894,41.8730875978435],[-87.7842258866153,41.8728808404799],[-87.7842204612118,41.872728957918],[-87.7842169646237,41.8726310953481]]},"properties":{"OBJECTID":601,"STREETNAME":"S RIDGELAND AVE","BLOCK":800,"FIRST_FEATUREID":"026200759","BlockName":"800 Block of S Ridgeland Ave","Count_":0,"Shape__Length":665.8144578592779,"GlobalID":"b85c86ee-171c-4434-a83b-09ca03d58fce","BlockNameShort":"800 S RIDGELAND AVE"}},{"type":"Feature","id":602,"geometry":{"type":"LineString","coordinates":[[-87.7879526274828,41.8743946984306],[-87.7879475154072,41.874201794268],[-87.7879240063504,41.8735032962029],[-87.7879070103854,41.8730229446734],[-87.7878941946303,41.872660763388],[-87.7878910564489,41.8725720852399]]},"properties":{"OBJECTID":602,"STREETNAME":"S SCOVILLE AVE","BLOCK":800,"FIRST_FEATUREID":"026649","BlockName":"800 Block of S Scoville Ave","Count_":0,"Shape__Length":664.3821086219157,"GlobalID":"dd8d52f8-1154-4835-be66-83b28436b854","BlockNameShort":"800 S SCOVILLE AVE"}},{"type":"Feature","id":603,"geometry":{"type":"LineString","coordinates":[[-87.7781305974791,41.8745524983558],[-87.7781225342652,41.8743551831483],[-87.7781010569911,41.8736888569427],[-87.7780771336186,41.8729955156992],[-87.7780717680772,41.8728179382253],[-87.778069127677,41.8727305182148]]},"properties":{"OBJECTID":603,"STREETNAME":"S TAYLOR AVE","BLOCK":800,"FIRST_FEATUREID":"026533","BlockName":"800 Block of S Taylor Ave","Count_":0,"Shape__Length":664.1516901974958,"GlobalID":"3834bc04-b03d-4572-b8ee-bb4bd5b02ed6","BlockNameShort":"800 S TAYLOR AVE"}},{"type":"Feature","id":604,"geometry":{"type":"LineString","coordinates":[[-87.794468573407,41.8868947449683],[-87.7948513774954,41.8868953656296],[-87.7951364683266,41.8868914989883],[-87.7955746460334,41.8868855548391],[-87.7958069663659,41.8868812782508],[-87.7962805341129,41.8868725574334],[-87.7964717916682,41.886869755795],[-87.7969224162324,41.8868631534189],[-87.7971330454862,41.8868599603791]]},"properties":{"OBJECTID":604,"STREETNAME":"SOUTH BLVD","BLOCK":800,"FIRST_FEATUREID":"0261441","BlockName":"800 Block of South Blvd","Count_":0,"Shape__Length":725.6728022775504,"GlobalID":"885c9f3d-e46e-4886-9e26-962fb16f752a","BlockNameShort":"800 SOUTH BLVD"}},{"type":"Feature","id":605,"geometry":{"type":"LineString","coordinates":[[-87.7948199446652,41.8998809931411],[-87.7955670100616,41.8998684896226],[-87.7960356627761,41.8998606454684],[-87.796315779893,41.899855331065],[-87.7966390136084,41.8998491965125],[-87.7970797091578,41.8998431270535],[-87.797400892974,41.8998387040353],[-87.7978447282031,41.8998304152489]]},"properties":{"OBJECTID":605,"STREETNAME":"THOMAS ST","BLOCK":800,"FIRST_FEATUREID":"0261789","BlockName":"800 Block of Thomas St","Count_":0,"Shape__Length":823.6915474224254,"GlobalID":"7058cc07-035d-43b6-9163-74b4772cd73b","BlockNameShort":"800 THOMAS ST"}},{"type":"Feature","id":606,"geometry":{"type":"MultiLineString","coordinates":[[[-87.7952586842784,41.8740837001769],[-87.7955632385624,41.8740777726672],[-87.7959193477568,41.8740708494385],[-87.7960869539398,41.8740688893761],[-87.7962477821464,41.8740670072133],[-87.7964774290401,41.8740638385318]],[[-87.7940674444852,41.8742885592927],[-87.7945357930197,41.8742807790025],[-87.7946719848957,41.874278262163],[-87.795265217914,41.874267294839]]]},"properties":{"OBJECTID":606,"STREETNAME":"VAN BUREN ST","BLOCK":800,"FIRST_FEATUREID":"026978","BlockName":"800 Block of Van Buren St","Count_":0,"Shape__Length":658.3236766918019,"GlobalID":"8d76d5d5-e69a-4467-a50a-ca657480df52","BlockNameShort":"800 VAN BUREN ST"}},{"type":"Feature","id":607,"geometry":{"type":"LineString","coordinates":[[-87.7943128886566,41.8816237900936],[-87.794981194538,41.8816115488469],[-87.7952095662301,41.8816073638723],[-87.7956481740358,41.8815979748959],[-87.7958858469116,41.8815928858628],[-87.7963167717792,41.8815813200611],[-87.7967644684243,41.8815693043044],[-87.7968614887796,41.881562773603],[-87.7969768285173,41.8815550084765]]},"properties":{"OBJECTID":607,"STREETNAME":"WASHINGTON BLVD","BLOCK":800,"FIRST_FEATUREID":"026199908","BlockName":"800 Block of Washington Blvd","Count_":0,"Shape__Length":725.9885730073988,"GlobalID":"e5c5e70c-1227-47eb-9792-9ee9a2dcecfe","BlockNameShort":"800 WASHINGTON BLVD"}},{"type":"Feature","id":608,"geometry":{"type":"LineString","coordinates":[[-87.8009355321083,41.8754005778886],[-87.8009228021562,41.8750764884928],[-87.8008865245704,41.8740235410652],[-87.8008761369642,41.8737267275866],[-87.800871537146,41.8735952937432]]},"properties":{"OBJECTID":608,"STREETNAME":"WENONAH AVE","BLOCK":800,"FIRST_FEATUREID":"026200744","BlockName":"800 Block of Wenonah Ave","Count_":0,"Shape__Length":658.0851467508008,"GlobalID":"44e9a613-4ed7-4de6-a3c0-c72b026b1892","BlockNameShort":"800 WENONAH AVE"}},{"type":"Feature","id":609,"geometry":{"type":"LineString","coordinates":[[-87.7916208892483,41.8743322452758],[-87.79160712635,41.873918948335],[-87.7915756165711,41.8729630577746],[-87.791564838141,41.872636045844],[-87.791562639169,41.8725693514368]]},"properties":{"OBJECTID":609,"STREETNAME":"WESLEY AVE","BLOCK":800,"FIRST_FEATUREID":"026200752","BlockName":"800 Block of Wesley Ave","Count_":0,"Shape__Length":642.6027848199462,"GlobalID":"7f2152d6-e617-41af-8265-fc99ed135288","BlockNameShort":"800 WESLEY AVE"}},{"type":"Feature","id":610,"geometry":{"type":"LineString","coordinates":[[-87.802156484035,41.8753814783467],[-87.8021504522942,41.8752074759799],[-87.8020992969544,41.8737707043957],[-87.8020969211489,41.8737039634549]]},"properties":{"OBJECTID":610,"STREETNAME":"WISCONSIN AVE","BLOCK":800,"FIRST_FEATUREID":"026200743","BlockName":"800 Block of Wisconsin Ave","Count_":0,"Shape__Length":611.5091694770708,"GlobalID":"5875d756-4a85-4433-870a-08ed3830b8ab","BlockNameShort":"800 WISCONSIN AVE"}},{"type":"Feature","id":611,"geometry":{"type":"LineString","coordinates":[[-87.7993221168837,41.8998035709857],[-87.7993292068082,41.9000397569969],[-87.7993466110249,41.9005872873028],[-87.7993771021714,41.9015436176412],[-87.79937981086,41.901628590854]]},"properties":{"OBJECTID":611,"STREETNAME":"WOODBINE AVE","BLOCK":800,"FIRST_FEATUREID":"026951","BlockName":"800 Block of Woodbine Ave","Count_":0,"Shape__Length":665.2341376273935,"GlobalID":"4ed87abf-c448-4a87-b307-9e86b695f8aa","BlockNameShort":"800 WOODBINE AVE"}},{"type":"Feature","id":612,"geometry":{"type":"LineString","coordinates":[[-87.7972923476458,41.8768806631016],[-87.7975816621008,41.8768757809518],[-87.7980112353589,41.876868025301],[-87.7983234644613,41.8768623891639],[-87.7987293408625,41.8768556872761],[-87.7989689296903,41.876851727987],[-87.7994363670039,41.8768425684769],[-87.7994477734084,41.8768423802113],[-87.7997674169172,41.876837062726]]},"properties":{"OBJECTID":612,"STREETNAME":"ADAMS ST","BLOCK":900,"FIRST_FEATUREID":"02633","BlockName":"900 Block of Adams St","Count_":0,"Shape__Length":674.2551063514063,"GlobalID":"6377f363-acc8-4f38-9928-e992d27ca156","BlockNameShort":"900 ADAMS ST"}},{"type":"Feature","id":613,"geometry":{"type":"LineString","coordinates":[[-87.7977851124667,41.8980112904664],[-87.798210359073,41.898004521566],[-87.7985240210876,41.8979983622998],[-87.7989884538558,41.8979892367489],[-87.7992651552586,41.8979842728868],[-87.7996359388852,41.8979776208416],[-87.8000623809162,41.8979693578724],[-87.8004687343605,41.8979614835877],[-87.8007073138935,41.8979566409619],[-87.8007708365011,41.897955351875]]},"properties":{"OBJECTID":613,"STREETNAME":"AUGUSTA ST","BLOCK":900,"FIRST_FEATUREID":"026490","BlockName":"900 Block of Augusta St","Count_":0,"Shape__Length":813.1291902862695,"GlobalID":"91860730-afdb-4138-a982-aea48e611d2b","BlockNameShort":"900 AUGUSTA ST"}},{"type":"Feature","id":614,"geometry":{"type":"LineString","coordinates":[[-87.8024702951032,41.9015770604671],[-87.8024780560884,41.9017962103855],[-87.8024953146915,41.9023557319383],[-87.8025170533314,41.9029952675694],[-87.8025286363231,41.9033277600119],[-87.8025316109667,41.9034131458136]]},"properties":{"OBJECTID":614,"STREETNAME":"BELLEFORTE AVE","BLOCK":900,"FIRST_FEATUREID":"026197508","BlockName":"900 Block of Belleforte Ave","Count_":0,"Shape__Length":669.2897227378537,"GlobalID":"fa0c531f-0aa5-4df1-9576-801710e91a02","BlockNameShort":"900 BELLEFORTE AVE"}},{"type":"Feature","id":615,"geometry":{"type":"LineString","coordinates":[[-87.7980814148209,41.903484341665],[-87.7983818904903,41.9034797023564],[-87.7987399205973,41.9034732792418],[-87.7989709403059,41.9034691352333],[-87.7994366793892,41.9034623170723],[-87.7998628506676,41.9034560757988],[-87.8002465996088,41.9034499106177],[-87.8005956523481,41.9034443016657],[-87.8010063408911,41.9034375512548]]},"properties":{"OBJECTID":615,"STREETNAME":"BERKSHIRE ST","BLOCK":900,"FIRST_FEATUREID":"0262439","BlockName":"900 Block of Berkshire St","Count_":0,"Shape__Length":796.4353297598352,"GlobalID":"0e4dd3c8-a5b5-48d0-bf08-1488925ad6fe","BlockNameShort":"900 BERKSHIRE ST"}},{"type":"Feature","id":616,"geometry":{"type":"LineString","coordinates":[[-87.7976721781338,41.8943554947092],[-87.7979969848536,41.8943498660239],[-87.79865912567,41.8943381600336],[-87.7991497918256,41.8943291694379],[-87.7993913236315,41.8943247439129],[-87.7997797922053,41.8943177135267],[-87.8002427986359,41.8943090786293],[-87.800338094857,41.8943065354397],[-87.8004573811616,41.8943033508095],[-87.8006084688053,41.8943009375227]]},"properties":{"OBJECTID":616,"STREETNAME":"CHICAGO AVE","BLOCK":900,"FIRST_FEATUREID":"026991","BlockName":"900 Block of Chicago Ave","Count_":0,"Shape__Length":799.7106519791346,"GlobalID":"8b7de042-8de0-4c69-8f73-f235425ed4b5","BlockNameShort":"900 CHICAGO AVE"}},{"type":"Feature","id":617,"geometry":{"type":"LineString","coordinates":[[-87.7903126585142,41.8717188624348],[-87.790309730007,41.8716324884081],[-87.7902985211785,41.8713017450274],[-87.7902908580169,41.8710756915988],[-87.7902807875703,41.8707933489127],[-87.7902776001806,41.8707039827011]]},"properties":{"OBJECTID":617,"STREETNAME":"CLARENCE AVE","BLOCK":900,"FIRST_FEATUREID":"0261963","BlockName":"900 Block of Clarence Ave","Count_":0,"Shape__Length":369.95023562587204,"GlobalID":"56dc8071-1c0a-4f87-b4f0-8d631520f557","BlockNameShort":"900 CLARENCE AVE"}},{"type":"Feature","id":618,"geometry":{"type":"LineString","coordinates":[[-87.7979269891232,41.8723552227775],[-87.7979142042039,41.8719323476917],[-87.7979124218649,41.8718732551445],[-87.7978990215995,41.8714300230528],[-87.7978757422836,41.8707791414874],[-87.7978711552184,41.8706619446815],[-87.7978676524351,41.8705724421439]]},"properties":{"OBJECTID":618,"STREETNAME":"CLINTON AVE","BLOCK":900,"FIRST_FEATUREID":"0262342","BlockName":"900 Block of Clinton Ave","Count_":0,"Shape__Length":649.8561526141725,"GlobalID":"8260bfdc-3296-4566-8d84-bf71c60da2e0","BlockNameShort":"900 CLINTON AVE"}},{"type":"Feature","id":619,"geometry":{"type":"LineString","coordinates":[[-87.7912177637685,41.9017673168732],[-87.7912209904088,41.9019301181128],[-87.7912348589434,41.9024358380106],[-87.7912626872645,41.9034148946729],[-87.7912688866369,41.9036008540356],[-87.7912717023547,41.9036853030041]]},"properties":{"OBJECTID":619,"STREETNAME":"COLUMBIAN AVE","BLOCK":900,"FIRST_FEATUREID":"026197516","BlockName":"900 Block of Columbian Ave","Count_":0,"Shape__Length":699.0830172782836,"GlobalID":"0172eed8-f4f0-4feb-abd3-228082519a0d","BlockNameShort":"900 COLUMBIAN AVE"}},{"type":"Feature","id":620,"geometry":{"type":"LineString","coordinates":[[-87.7979016986054,41.9016549300389],[-87.7980265775905,41.9016522989291],[-87.7984124184544,41.9016441652654],[-87.7986300946989,41.9016405251896],[-87.7991580633361,41.9016316921155],[-87.79937981086,41.901628590854],[-87.7998205891273,41.9016224230424],[-87.8001710411429,41.9016160457757],[-87.8007396117533,41.9016056958921],[-87.8009496322968,41.9016019438844]]},"properties":{"OBJECTID":620,"STREETNAME":"DIVISION ST","BLOCK":900,"FIRST_FEATUREID":"0262441","BlockName":"900 Block of Division St","Count_":0,"Shape__Length":829.9902967910137,"GlobalID":"e12f83c7-a02b-4b63-8677-ecbb933532fe","BlockNameShort":"900 DIVISION ST"}},{"type":"Feature","id":621,"geometry":{"type":"LineString","coordinates":[[-87.7883744293986,41.9018152365432],[-87.7883854726572,41.9021572021127],[-87.7884110737068,41.9029783454717],[-87.7884335454592,41.9036371858019],[-87.7884367434687,41.9037309470635]]},"properties":{"OBJECTID":621,"STREETNAME":"FAIR OAKS AVE","BLOCK":900,"FIRST_FEATUREID":"026197518","BlockName":"900 Block of Fair Oaks Ave","Count_":0,"Shape__Length":698.3042332372212,"GlobalID":"7716ac6e-bcfc-49c5-b470-ca8cfad43cb0","BlockNameShort":"900 FAIR OAKS AVE"}},{"type":"Feature","id":622,"geometry":{"type":"LineString","coordinates":[[-87.7964307406734,41.8669395716877],[-87.7968758363933,41.8669312238016],[-87.7970840553763,41.8669278439387],[-87.7972447837958,41.8669252351122],[-87.7977360128729,41.8669160557241],[-87.7979898156893,41.8669113111867],[-87.7983919915314,41.866904900175],[-87.7987011597688,41.8668999707652],[-87.7990438242154,41.8668938701481]]},"properties":{"OBJECTID":622,"STREETNAME":"FILLMORE ST","BLOCK":900,"FIRST_FEATUREID":"0261375","BlockName":"900 Block of Fillmore St","Count_":0,"Shape__Length":711.9604342392064,"GlobalID":"15f4d316-9722-4098-861c-7023007fed35","BlockNameShort":"900 FILLMORE ST"}},{"type":"Feature","id":623,"geometry":{"type":"LineString","coordinates":[[-87.8009496322968,41.9016019438844],[-87.8009563671215,41.901801240238],[-87.8009735970495,41.9024068655946],[-87.8010011631829,41.9032807321225],[-87.8010032998332,41.9033454611758],[-87.8010063408911,41.9034375512548]]},"properties":{"OBJECTID":623,"STREETNAME":"FOREST AVE","BLOCK":900,"FIRST_FEATUREID":"0262308","BlockName":"900 Block of Forest Ave","Count_":0,"Shape__Length":669.0856548277062,"GlobalID":"6a5055f0-2ba3-42ad-9e0c-f1a4368a0c34","BlockNameShort":"900 FOREST AVE"}},{"type":"Feature","id":624,"geometry":{"type":"LineString","coordinates":[[-87.7966154969208,41.8722469381166],[-87.7968003064168,41.872262661847],[-87.7971161101069,41.8722884514924],[-87.7972434819047,41.8722992488329],[-87.7976378132454,41.8723326810656],[-87.7979269891232,41.8723552227775],[-87.7981140854672,41.8723698080159],[-87.7984626806123,41.8723820525278],[-87.7989572928384,41.87237721979],[-87.7991266112567,41.8723746600213],[-87.7992401202977,41.8723729424951]]},"properties":{"OBJECTID":624,"STREETNAME":"GARFIELD ST","BLOCK":900,"FIRST_FEATUREID":"026201174","BlockName":"900 Block of Garfield St","Count_":0,"Shape__Length":717.4313008112633,"GlobalID":"a56626fc-c93f-4c74-ae65-cc895132adf9","BlockNameShort":"900 GARFIELD ST"}},{"type":"Feature","id":625,"geometry":{"type":"LineString","coordinates":[[-87.7981326972912,41.90531589275],[-87.7984226595383,41.9053111521255],[-87.7988009323088,41.9053045539258],[-87.7992422729519,41.9052968550054],[-87.7994927006771,41.9052936150301],[-87.7999195639238,41.9052880925491],[-87.8003078058056,41.9052828294811],[-87.8008541818165,41.9052754164963],[-87.8010649958496,41.9052723324239]]},"properties":{"OBJECTID":625,"STREETNAME":"GREENFIELD ST","BLOCK":900,"FIRST_FEATUREID":"026816","BlockName":"900 Block of Greenfield St","Count_":0,"Shape__Length":798.396293197119,"GlobalID":"a50635e3-885f-4ea0-855c-92fea4cdf7b6","BlockNameShort":"900 GREENFIELD ST"}},{"type":"Feature","id":626,"geometry":{"type":"LineString","coordinates":[[-87.7866221737742,41.8714076304533],[-87.7866182761062,41.8712810657271],[-87.7866039120252,41.8708146465943],[-87.7866027741078,41.8707798239377],[-87.7865991614285,41.8706692983988]]},"properties":{"OBJECTID":626,"STREETNAME":"GUNDERSON AVE","BLOCK":900,"FIRST_FEATUREID":"026201159","BlockName":"900 Block of Gunderson Ave","Count_":0,"Shape__Length":269.12476836114973,"GlobalID":"46f399c0-5e6d-481f-a8aa-1eab94bcc270","BlockNameShort":"900 GUNDERSON AVE"}},{"type":"Feature","id":627,"geometry":{"type":"LineString","coordinates":[[-87.797168067135,41.8732415190851],[-87.7974340828572,41.8732854415391],[-87.7978915351662,41.8733609290152],[-87.7979137913539,41.8733646008442],[-87.7984254630099,41.8734461290741],[-87.7986128489789,41.8734616259987],[-87.7988945324081,41.873484921794],[-87.799092568732,41.8734869677287],[-87.7993277672135,41.8734838902965],[-87.7994624981416,41.8734821298744],[-87.7996479487948,41.8734831259655]]},"properties":{"OBJECTID":627,"STREETNAME":"HARRISON ST","BLOCK":900,"FIRST_FEATUREID":"026750","BlockName":"900 Block of Harrison St","Count_":0,"Shape__Length":684.2406191464386,"GlobalID":"83b83737-f8ce-4d87-a973-09bae4ac5b9b","BlockNameShort":"900 HARRISON ST"}},{"type":"Feature","id":628,"geometry":{"type":"LineString","coordinates":[[-87.796494154206,41.8687666062628],[-87.7969281839008,41.8687588970288],[-87.7971481162613,41.8687548803004],[-87.7973542484462,41.8687511174699],[-87.7978023835878,41.8687429197481],[-87.7981468519889,41.8687366186514],[-87.7984556393273,41.8687313370048],[-87.7987330450751,41.868726588215],[-87.7991101893286,41.8687215374489]]},"properties":{"OBJECTID":628,"STREETNAME":"HARVARD ST","BLOCK":900,"FIRST_FEATUREID":"0262117","BlockName":"900 Block of Harvard St","Count_":0,"Shape__Length":712.7392577252964,"GlobalID":"8362235d-8c65-44eb-9414-cc2cc651ba9b","BlockNameShort":"900 HARVARD ST"}},{"type":"Feature","id":629,"geometry":{"type":"LineString","coordinates":[[-87.7790276420052,41.9019558946786],[-87.7790338597142,41.902127535789],[-87.779055959456,41.9027832420588],[-87.7790844515961,41.903604675826],[-87.7790901763237,41.9037830427438],[-87.7790930014995,41.9038710924934]]},"properties":{"OBJECTID":629,"STREETNAME":"HAYES AVE","BLOCK":900,"FIRST_FEATUREID":"0262209","BlockName":"900 Block of Hayes Ave","Count_":0,"Shape__Length":698.1385984069657,"GlobalID":"c6cf9870-5232-4f14-ba1d-5f42d585d7be","BlockNameShort":"900 HAYES AVE"}},{"type":"Feature","id":630,"geometry":{"type":"LineString","coordinates":[[-87.7817565719044,41.8726703454999],[-87.7817489487822,41.8724773101206],[-87.7817409805556,41.8722142928892],[-87.7817403984047,41.8721949957073],[-87.781729247273,41.8719540225203],[-87.781728146084,41.8719302256229]]},"properties":{"OBJECTID":630,"STREETNAME":"HIGHLAND AVE","BLOCK":900,"FIRST_FEATUREID":"026201151","BlockName":"900 Block of Highland Ave","Count_":0,"Shape__Length":269.81808319705,"GlobalID":"86472fc1-2367-4fd7-8de9-6a18729fc2af","BlockNameShort":"900 HIGHLAND AVE"}},{"type":"Feature","id":631,"geometry":{"type":"LineString","coordinates":[[-87.7992401202977,41.8723729424951],[-87.7992238462318,41.8719135063172],[-87.799202957957,41.871323800222],[-87.799183785904,41.8708306775689],[-87.7991769039589,41.8706337787877],[-87.7991739331692,41.8705487390718]]},"properties":{"OBJECTID":631,"STREETNAME":"HOME AVE","BLOCK":900,"FIRST_FEATUREID":"0261128","BlockName":"900 Block of Home Ave","Count_":0,"Shape__Length":664.9925844855529,"GlobalID":"dd0e6ccc-fdf7-44c7-b44e-6098baa937ff","BlockNameShort":"900 HOME AVE"}},{"type":"Feature","id":632,"geometry":{"type":"LineString","coordinates":[[-87.7972437814314,41.8754648376884],[-87.7977363152397,41.8754562686101],[-87.7979603234991,41.8754521946375],[-87.7983946287256,41.8754442975366],[-87.7986796546855,41.8754399148358],[-87.7989930674469,41.8754350917887],[-87.799395018992,41.8754275922773],[-87.7994369141947,41.8754268101768],[-87.7997172923857,41.8754218504819]]},"properties":{"OBJECTID":632,"STREETNAME":"JACKSON BLVD","BLOCK":900,"FIRST_FEATUREID":"0262438","BlockName":"900 Block of Jackson Blvd","Count_":0,"Shape__Length":673.8405428808459,"GlobalID":"198ccdea-f1ce-4f18-a718-78916d9632fa","BlockNameShort":"900 JACKSON BLVD"}},{"type":"Feature","id":633,"geometry":{"type":"LineString","coordinates":[[-87.7971600577146,41.8886996230275],[-87.7972644309686,41.8886999401269],[-87.7975120491815,41.8886984253319],[-87.7976666370321,41.8886974808807],[-87.7979712266055,41.8886948947175],[-87.7983953910473,41.888692864809],[-87.7990712442349,41.8886901381283],[-87.7998257444404,41.888685413071],[-87.7999134690872,41.8886822867376],[-87.800171365097,41.8886730944118],[-87.8005641551904,41.8886590938319],[-87.8007937676204,41.8886631524787]]},"properties":{"OBJECTID":633,"STREETNAME":"LAKE ST","BLOCK":900,"FIRST_FEATUREID":"026852","BlockName":"900 Block of Lake St","Count_":0,"Shape__Length":989.6995319708052,"GlobalID":"2c743668-6bba-42fd-8d49-400aa00a1428","BlockNameShort":"900 LAKE ST"}},{"type":"Feature","id":634,"geometry":{"type":"LineString","coordinates":[[-87.798200113779,41.9071466757053],[-87.7984927093903,41.9071426548537],[-87.7988570538477,41.9071379651538],[-87.7991346762825,41.9071343915686],[-87.7995523013086,41.9071288833127],[-87.7999561208804,41.9071235561068],[-87.8003609919955,41.9071171402494],[-87.8006874190143,41.9071119671323],[-87.8011249311684,41.9071055208151]]},"properties":{"OBJECTID":634,"STREETNAME":"LE MOYNE PKWY","BLOCK":900,"FIRST_FEATUREID":"026609","BlockName":"900 Block of Le Moyne Pkwy","Count_":0,"Shape__Length":796.3188933412115,"GlobalID":"f14d5e3e-b9f6-477d-a466-8185eef1e7e1","BlockNameShort":"900 LE MOYNE PKWY"}},{"type":"Feature","id":635,"geometry":{"type":"LineString","coordinates":[[-87.796558088246,41.8705945673162],[-87.7968149586538,41.8705896119456],[-87.7972115453839,41.8705835085149],[-87.797668448151,41.8705764713906],[-87.7978676524351,41.8705724421439],[-87.7982262152998,41.8705651855452],[-87.7985225677114,41.8705599583344],[-87.7987676650912,41.870555632535],[-87.7991739331692,41.8705487390718]]},"properties":{"OBJECTID":635,"STREETNAME":"LEXINGTON ST","BLOCK":900,"FIRST_FEATUREID":"0262196","BlockName":"900 Block of Lexington St","Count_":0,"Shape__Length":712.6740453342719,"GlobalID":"6abd9587-1cba-491f-a2c0-9b4f2660b21b","BlockNameShort":"900 LEXINGTON ST"}},{"type":"Feature","id":636,"geometry":{"type":"LineString","coordinates":[[-87.7924338168178,41.9017469207325],[-87.7924405861932,41.9020599360796],[-87.7924736986692,41.9032811422579],[-87.792482245917,41.903574316099],[-87.7924848824509,41.903664763161]]},"properties":{"OBJECTID":636,"STREETNAME":"LINDEN AVE","BLOCK":900,"FIRST_FEATUREID":"026197515","BlockName":"900 Block of Linden Ave","Count_":0,"Shape__Length":699.0137421768885,"GlobalID":"d2fceaa7-ec8e-40b5-b306-2ccf0c38e4f4","BlockNameShort":"900 LINDEN AVE"}},{"type":"Feature","id":637,"geometry":{"type":"LineString","coordinates":[[-87.7768502610192,41.8727485516078],[-87.7768386167707,41.8725193196954],[-87.7768309444442,41.8722883918633],[-87.7768093656084,41.8716389839793],[-87.7768072297157,41.8715747043263]]},"properties":{"OBJECTID":637,"STREETNAME":"LYMAN AVE","BLOCK":900,"FIRST_FEATUREID":"026201148","BlockName":"900 Block of Lyman Ave","Count_":0,"Shape__Length":427.92235125143185,"GlobalID":"6808317c-71c9-486b-917c-3c8f39f84ad4","BlockNameShort":"900 LYMAN AVE"}},{"type":"Feature","id":638,"geometry":{"type":"LineString","coordinates":[[-87.7969170566228,41.8797284840808],[-87.7973673711854,41.8797213949597],[-87.7974082247431,41.8797207518965],[-87.7979830180937,41.8797116986174],[-87.7981057237164,41.8797091418631],[-87.7983857316737,41.8797033058841],[-87.7986029721584,41.8796987795927],[-87.7988254571066,41.8796952379664],[-87.7991375509876,41.8796902688608],[-87.7993898934905,41.8796862500862],[-87.7995413474905,41.8796840316344],[-87.7998687461576,41.8796792334166]]},"properties":{"OBJECTID":638,"STREETNAME":"MADISON ST","BLOCK":900,"FIRST_FEATUREID":"026199925","BlockName":"900 Block of Madison St","Count_":0,"Shape__Length":804.0392719785118,"GlobalID":"cf822368-99fd-4f40-8c8d-1e77596d3d43","BlockNameShort":"900 MADISON ST"}},{"type":"Feature","id":639,"geometry":{"type":"LineString","coordinates":[[-87.7814636134098,41.9019218235509],[-87.7814693745834,41.9020205780212],[-87.7814986980406,41.9028471472666],[-87.7815251795727,41.9036368473233],[-87.7815287873689,41.9037432893185],[-87.7815319052624,41.9038352442923]]},"properties":{"OBJECTID":639,"STREETNAME":"MAPLETON AVE","BLOCK":900,"FIRST_FEATUREID":"026257","BlockName":"900 Block of Mapleton Ave","Count_":0,"Shape__Length":697.5172464137906,"GlobalID":"da9c9f44-ce87-44f1-bd1f-6bb44e5b059b","BlockNameShort":"900 MAPLETON AVE"}},{"type":"Feature","id":640,"geometry":{"type":"LineString","coordinates":[[-87.7973398900255,41.8782963960378],[-87.7975827976205,41.8782918212951],[-87.7980624688424,41.8782832241544],[-87.7984320734596,41.878276598258],[-87.7987758055937,41.8782712525822],[-87.799054153819,41.878266925219],[-87.799495318626,41.8782603019694],[-87.7995802692739,41.8782590257855],[-87.7998162102516,41.8782540925165]]},"properties":{"OBJECTID":640,"STREETNAME":"MONROE ST","BLOCK":900,"FIRST_FEATUREID":"0262756","BlockName":"900 Block of Monroe St","Count_":0,"Shape__Length":674.5711355492363,"GlobalID":"1b4f32bf-cdaa-42e6-ac76-42b1f5bb9825","BlockNameShort":"900 MONROE ST"}},{"type":"Feature","id":641,"geometry":{"type":"LineString","coordinates":[[-87.7751975249635,41.8965411321069],[-87.7752089305156,41.8968679445973],[-87.7752133223904,41.896996314009],[-87.7752212811435,41.8972297506993],[-87.7752296537342,41.8974534477056],[-87.775241750514,41.8977768881241],[-87.7752451913076,41.8979093143285],[-87.7752536034309,41.8982716036113],[-87.7752536350466,41.898272955176],[-87.7752551024872,41.8983654551843]]},"properties":{"OBJECTID":641,"STREETNAME":"N AUSTIN BLVD","BLOCK":900,"FIRST_FEATUREID":"0261913","BlockName":"900 Block of N Austin Blvd","Count_":0,"Shape__Length":664.9884247987522,"GlobalID":"df0152bf-6811-4ce8-a7d2-cd26a4583e86","BlockNameShort":"900 N AUSTIN BLVD"}},{"type":"Feature","id":642,"geometry":{"type":"LineString","coordinates":[[-87.789997998014,41.9017881462428],[-87.7900024903199,41.9019012250134],[-87.7900094513935,41.9021633604679],[-87.7900295388445,41.9028703719123],[-87.7900482499121,41.9034710925301],[-87.7900526612901,41.903616058221],[-87.7900553961348,41.903705877362]]},"properties":{"OBJECTID":642,"STREETNAME":"N EAST AVE","BLOCK":900,"FIRST_FEATUREID":"026197517","BlockName":"900 Block of N East Ave","Count_":0,"Shape__Length":699.0103555672138,"GlobalID":"ee969fac-5e6e-4919-905d-a5b86e9c5fd8","BlockNameShort":"900 N EAST AVE"}},{"type":"Feature","id":643,"geometry":{"type":"LineString","coordinates":[[-87.7867522976077,41.90184298778],[-87.7867626018965,41.9021677111654],[-87.7867903241785,41.9029917739547],[-87.7868110075838,41.9036672956692],[-87.7868138553397,41.9037603008209]]},"properties":{"OBJECTID":643,"STREETNAME":"N ELMWOOD AVE","BLOCK":900,"FIRST_FEATUREID":"0261530","BlockName":"900 Block of N Elmwood Ave","Count_":0,"Shape__Length":698.8832009265208,"GlobalID":"2c02f07a-60f8-424a-9d35-8425cb7df525","BlockNameShort":"900 N ELMWOOD AVE"}},{"type":"Feature","id":644,"geometry":{"type":"LineString","coordinates":[[-87.7936487064411,41.9017247712888],[-87.7936541147374,41.90188998663],[-87.7936918476969,41.903341812919],[-87.7936976203612,41.9035592460408],[-87.7936998904262,41.903644754791]]},"properties":{"OBJECTID":644,"STREETNAME":"N EUCLID AVE","BLOCK":900,"FIRST_FEATUREID":"026197514","BlockName":"900 Block of N Euclid Ave","Count_":0,"Shape__Length":699.7939826745281,"GlobalID":"84fa6c69-85f0-4510-a818-1d21ee8d46e0","BlockNameShort":"900 N EUCLID AVE"}},{"type":"Feature","id":645,"geometry":{"type":"LineString","coordinates":[[-87.796362017508,41.9016793543015],[-87.7963754749763,41.9021096601285],[-87.7964027131838,41.9032167043751],[-87.7964070018547,41.9034191712877],[-87.7964089546425,41.9035113338204]]},"properties":{"OBJECTID":645,"STREETNAME":"N GROVE AVE","BLOCK":900,"FIRST_FEATUREID":"026197512","BlockName":"900 Block of N Grove Ave","Count_":0,"Shape__Length":667.7095351435331,"GlobalID":"88f8cc09-418f-4310-ae56-7e821466dfc4","BlockNameShort":"900 N GROVE AVE"}},{"type":"Feature","id":646,"geometry":{"type":"LineString","coordinates":[[-87.8053159643466,41.8960985494722],[-87.8053230465571,41.8962768757224],[-87.8053372828279,41.8966413497997],[-87.8053389478049,41.8966839751067],[-87.805352979388,41.8970696611535],[-87.8053664556054,41.8974513930226],[-87.8053827287564,41.8978981126353]]},"properties":{"OBJECTID":646,"STREETNAME":"N HARLEM AVE","BLOCK":900,"FIRST_FEATUREID":"0261865","BlockName":"900 Block of N Harlem Ave","Count_":0,"Shape__Length":656.0235803024307,"GlobalID":"2387d915-5a31-4e98-83e8-c466a4eb1df0","BlockNameShort":"900 N HARLEM AVE"}},{"type":"Feature","id":647,"geometry":{"type":"LineString","coordinates":[[-87.782678771851,41.901904813571],[-87.7826920617389,41.9020792461507],[-87.7827165221475,41.9027852101552],[-87.7827473141379,41.903728077518],[-87.7827502004897,41.9038164651051]]},"properties":{"OBJECTID":647,"STREETNAME":"N HARVEY AVE","BLOCK":900,"FIRST_FEATUREID":"026197521","BlockName":"900 Block of N Harvey Ave","Count_":0,"Shape__Length":696.9199328483658,"GlobalID":"a76a4f38-926d-4eb8-9985-276d3de19cb9","BlockNameShort":"900 N HARVEY AVE"}},{"type":"Feature","id":648,"geometry":{"type":"LineString","coordinates":[[-87.7765873852096,41.9019889659974],[-87.7765876842985,41.9019892195426],[-87.7765939495405,41.9022406509283],[-87.7766430174077,41.9037132009271],[-87.776646530481,41.9038167110997],[-87.7766495837855,41.9039066932393]]},"properties":{"OBJECTID":648,"STREETNAME":"N HUMPHREY AVE","BLOCK":900,"FIRST_FEATUREID":"026197526","BlockName":"900 Block of N Humphrey Ave","Count_":0,"Shape__Length":699.0690228982003,"GlobalID":"f76376d5-1ba1-408e-a545-e89dc05ed1cf","BlockNameShort":"900 N HUMPHREY AVE"}},{"type":"Feature","id":649,"geometry":{"type":"MultiLineString","coordinates":[[[-87.7980265775905,41.9016522989291],[-87.7980749730482,41.9031807412784],[-87.7980795529461,41.9033965903472],[-87.7980814148209,41.903484341665]],[[-87.7977771510853,41.9016575544558],[-87.7978247236519,41.9032354469444],[-87.7978281537123,41.9033972630526],[-87.7978300824401,41.9034882225974]]]},"properties":{"OBJECTID":649,"STREETNAME":"N KENILWORTH AVE","BLOCK":900,"FIRST_FEATUREID":"026197510","BlockName":"900 Block of N Kenilworth Ave","Count_":0,"Shape__Length":1335.0423612942843,"GlobalID":"0024fa47-4db4-40e8-9bc3-cc0987133ef1","BlockNameShort":"900 N KENILWORTH AVE"}},{"type":"Feature","id":650,"geometry":{"type":"LineString","coordinates":[[-87.7802399075889,41.9019383833524],[-87.7802476242559,41.9020027624162],[-87.7802553376511,41.9021390237053],[-87.7802873731833,41.9031176367681],[-87.7803091784373,41.9036982313417],[-87.7803108548567,41.9037640128325],[-87.7803131110543,41.9038525504993]]},"properties":{"OBJECTID":650,"STREETNAME":"N LOMBARD AVE","BLOCK":900,"FIRST_FEATUREID":"026197523","BlockName":"900 Block of N Lombard Ave","Count_":0,"Shape__Length":697.8742521078873,"GlobalID":"10068ca3-df1d-4c7d-b5bd-b2ee72f3c6cb","BlockNameShort":"900 N LOMBARD AVE"}},{"type":"Feature","id":651,"geometry":{"type":"LineString","coordinates":[[-87.8039897703504,41.9015510755288],[-87.8040016056569,41.9018904008602],[-87.8040248482371,41.9025542298859],[-87.8040476336899,41.9032069159148],[-87.8040510558439,41.9033003797953],[-87.8040542933602,41.9033887667053]]},"properties":{"OBJECTID":651,"STREETNAME":"N MARION ST","BLOCK":900,"FIRST_FEATUREID":"026197507","BlockName":"900 Block of N Marion St","Count_":0,"Shape__Length":669.8964216088226,"GlobalID":"7dcc770f-1ed3-49d4-9824-264f82d3bd92","BlockNameShort":"900 N MARION ST"}},{"type":"Feature","id":652,"geometry":{"type":"LineString","coordinates":[[-87.7948641276347,41.9017045220047],[-87.7948663284024,41.9018102214666],[-87.7948850860833,41.9025070178749],[-87.7949059708315,41.9033266557585],[-87.7949114599169,41.9035378796508],[-87.7949126532088,41.9035837656708]]},"properties":{"OBJECTID":652,"STREETNAME":"N OAK PARK AVE","BLOCK":900,"FIRST_FEATUREID":"026197513","BlockName":"900 Block of N Oak Park Ave","Count_":0,"Shape__Length":684.936384057462,"GlobalID":"3805f3d8-a950-4187-8ee9-6d5bd210f1cc","BlockNameShort":"900 N OAK PARK AVE"}},{"type":"Feature","id":653,"geometry":{"type":"LineString","coordinates":[[-87.7841989454178,41.9018874391446],[-87.7841781246051,41.9025929774559],[-87.7841950233071,41.9031201721728],[-87.7842089311328,41.9037051525506],[-87.7842092271943,41.9037175786552],[-87.7841842673149,41.9038001627056]]},"properties":{"OBJECTID":653,"STREETNAME":"N RIDGELAND AVE","BLOCK":900,"FIRST_FEATUREID":"026197520","BlockName":"900 Block of N Ridgeland Ave","Count_":0,"Shape__Length":697.9190459112046,"GlobalID":"d2b2851d-7b58-409e-8dd0-0c8d59f6164b","BlockNameShort":"900 N RIDGELAND AVE"}},{"type":"Feature","id":654,"geometry":{"type":"LineString","coordinates":[[-87.7777987871074,41.9019725224527],[-87.777811243881,41.9020229720405],[-87.7778230050765,41.9023612578294],[-87.7778457510679,41.9030552759744],[-87.7778677945269,41.9037712994369],[-87.7778692172093,41.9038054417966],[-87.7778726992586,41.9038889831493]]},"properties":{"OBJECTID":654,"STREETNAME":"N TAYLOR AVE","BLOCK":900,"FIRST_FEATUREID":"026197525","BlockName":"900 Block of N Taylor Ave","Count_":0,"Shape__Length":698.8891842814984,"GlobalID":"3d3ca881-f566-4135-a2a6-6b8ffff987b1","BlockNameShort":"900 N TAYLOR AVE"}},{"type":"Feature","id":655,"geometry":{"type":"LineString","coordinates":[[-87.7971273295315,41.8872295459313],[-87.7976532901534,41.887217857056],[-87.7983619065362,41.8872038989212],[-87.7986578687643,41.8872002110341],[-87.7990352946995,41.8871955076989],[-87.7997091503511,41.887183767226],[-87.8004799470729,41.8871730857787],[-87.8006199049116,41.8871711457116]]},"properties":{"OBJECTID":655,"STREETNAME":"NORTH BLVD","BLOCK":900,"FIRST_FEATUREID":"026199093","BlockName":"900 Block of North Blvd","Count_":0,"Shape__Length":951.2724894110305,"GlobalID":"98db7cce-e51a-4ee3-969e-49a2d7cad2b2","BlockNameShort":"900 NORTH BLVD"}},{"type":"Feature","id":656,"geometry":{"type":"LineString","coordinates":[[-87.797552518699,41.8901790297598],[-87.7978602178067,41.8901796465188],[-87.7983922982593,41.8901685428409],[-87.7992426496651,41.8901532911214],[-87.7995274654667,41.8901485668968],[-87.8002286383446,41.890136933287]]},"properties":{"OBJECTID":656,"STREETNAME":"ONTARIO ST","BLOCK":900,"FIRST_FEATUREID":"0261639","BlockName":"900 Block of Ontario St","Count_":0,"Shape__Length":728.860188502535,"GlobalID":"d7ab6076-72ad-41d2-811c-c3127ba60081","BlockNameShort":"900 ONTARIO ST"}},{"type":"Feature","id":657,"geometry":{"type":"LineString","coordinates":[[-87.797100210387,41.8854656236508],[-87.7977807675985,41.8854540356038],[-87.7983261960818,41.8854449427672],[-87.7985905213321,41.8854418567363],[-87.7988404555598,41.8854389399088],[-87.7992750197811,41.8854336616735],[-87.7999565766739,41.8854279698282],[-87.8000772790257,41.8854269610719]]},"properties":{"OBJECTID":657,"STREETNAME":"PLEASANT ST","BLOCK":900,"FIRST_FEATUREID":"0261326","BlockName":"900 Block of Pleasant St","Count_":0,"Shape__Length":810.8058705563833,"GlobalID":"a8d30e92-a5ca-42e0-b64e-359e04754f77","BlockNameShort":"900 PLEASANT ST"}},{"type":"Feature","id":658,"geometry":{"type":"LineString","coordinates":[[-87.7970344990791,41.8833916873284],[-87.7973822816917,41.8833834503651],[-87.7977807309209,41.8833748589151],[-87.7980561581908,41.8833689204689],[-87.7985203482434,41.8833585719684],[-87.7988747168504,41.8833506690727],[-87.7992646428258,41.8833414980027],[-87.7996618050359,41.8833321557584],[-87.8000023680545,41.8833243166765]]},"properties":{"OBJECTID":658,"STREETNAME":"RANDOLPH ST","BLOCK":900,"FIRST_FEATUREID":"026566","BlockName":"900 Block of Randolph St","Count_":0,"Shape__Length":808.5688628126288,"GlobalID":"858e8d3f-7830-4949-a325-1ad7761acec5","BlockNameShort":"900 RANDOLPH ST"}},{"type":"Feature","id":659,"geometry":{"type":"LineString","coordinates":[[-87.7743183781831,41.8704203358755],[-87.7743141197541,41.8699562495077],[-87.7742714626581,41.8692135850222],[-87.7742676668097,41.8691191995847]]},"properties":{"OBJECTID":659,"STREETNAME":"S AUSTIN BLVD","BLOCK":900,"FIRST_FEATUREID":"0262771","BlockName":"900 Block of S Austin Blvd","Count_":0,"Shape__Length":474.4095287325969,"GlobalID":"867cab79-cc3c-499a-8328-fe54fa3a4b5f","BlockNameShort":"900 S AUSTIN BLVD"}},{"type":"Feature","id":660,"geometry":{"type":"LineString","coordinates":[[-87.7829860113105,41.8726534136161],[-87.782978067372,41.8724611159589],[-87.782967740706,41.872220660045],[-87.7829666643367,41.8721956009957]]},"properties":{"OBJECTID":660,"STREETNAME":"S CUYLER AVE","BLOCK":900,"FIRST_FEATUREID":"026201152","BlockName":"900 Block of S Cuyler Ave","Count_":0,"Shape__Length":166.91243044913557,"GlobalID":"f9cce574-96de-474a-bc04-f983f8458c4f","BlockNameShort":"900 S CUYLER AVE"}},{"type":"Feature","id":661,"geometry":{"type":"LineString","coordinates":[[-87.7890834617166,41.8716132379609],[-87.7890693721327,41.8712000974538],[-87.7890671356344,41.8711344445065],[-87.7890561252305,41.8708114601968],[-87.7890531321401,41.8707236722787]]},"properties":{"OBJECTID":661,"STREETNAME":"S EAST AVE","BLOCK":900,"FIRST_FEATUREID":"026201160","BlockName":"900 Block of S East Ave","Count_":0,"Shape__Length":324.26715834447515,"GlobalID":"99164b32-aa45-4404-9bbd-d0c17042af19","BlockNameShort":"900 S EAST AVE"}},{"type":"Feature","id":662,"geometry":{"type":"MultiLineString","coordinates":[[[-87.7853932156475,41.8713043931535],[-87.7853742282545,41.8707386095621],[-87.7853720842526,41.8706747000512]],[[-87.7854427750307,41.8726122542947],[-87.7854297690074,41.8724282995503],[-87.7854285863897,41.8723819981849],[-87.7854273844416,41.8723548866735],[-87.7854267087238,41.872339645116],[-87.7854204755387,41.8723171400739],[-87.7853990999262,41.8723049905792],[-87.7853973412622,41.8723045599268]]]},"properties":{"OBJECTID":662,"STREETNAME":"S ELMWOOD AVE","BLOCK":900,"FIRST_FEATUREID":"026201154","BlockName":"900 Block of S Elmwood Ave","Count_":0,"Shape__Length":345.17353100179713,"GlobalID":"c66af3b7-db11-4660-9e0e-34e664dd5012","BlockNameShort":"900 S ELMWOOD AVE"}},{"type":"Feature","id":663,"geometry":{"type":"LineString","coordinates":[[-87.792772780837,41.8719248274449],[-87.792758847503,41.8715090456078],[-87.7927566971289,41.8714448742042],[-87.7927534469507,41.8713478224272],[-87.7927346069423,41.8707950128456],[-87.7927332643264,41.8707536383715],[-87.7927302580034,41.8706609625068]]},"properties":{"OBJECTID":663,"STREETNAME":"S EUCLID AVE","BLOCK":900,"FIRST_FEATUREID":"026201163","BlockName":"900 Block of S Euclid Ave","Count_":0,"Shape__Length":460.7038159126311,"GlobalID":"f66f5539-5330-4202-9370-979cc507061d","BlockNameShort":"900 S EUCLID AVE"}},{"type":"Feature","id":664,"geometry":{"type":"LineString","coordinates":[[-87.795301419606,41.8721367464501],[-87.7952852133832,41.8716507561721],[-87.795270028041,41.8711953139389],[-87.7952556098257,41.8707387669374],[-87.7952542753545,41.8707054200056],[-87.7952507797283,41.8706180845574]]},"properties":{"OBJECTID":664,"STREETNAME":"S GROVE AVE","BLOCK":900,"FIRST_FEATUREID":"0262395","BlockName":"900 Block of S Grove Ave","Count_":0,"Shape__Length":553.5797832673297,"GlobalID":"c8307f54-5d8f-45f8-85bb-3a29b74286a8","BlockNameShort":"900 S GROVE AVE"}},{"type":"Feature","id":665,"geometry":{"type":"LineString","coordinates":[[-87.8044024804086,41.8704859984043],[-87.8043431418572,41.8704049119093],[-87.8043011676316,41.8687575348029],[-87.8043376390471,41.8686904379821]]},"properties":{"OBJECTID":665,"STREETNAME":"S HARLEM AVE","BLOCK":900,"FIRST_FEATUREID":"0262135","BlockName":"900 Block of S Harlem Ave","Count_":0,"Shape__Length":660.4907064658285,"GlobalID":"4bf76294-03c2-49de-9b90-04615bd60f9e","BlockNameShort":"900 S HARLEM AVE"}},{"type":"Feature","id":666,"geometry":{"type":"LineString","coordinates":[[-87.7756288136896,41.8727668305347],[-87.7756240975115,41.8726762167727],[-87.7756082657792,41.872360221611],[-87.7756064641017,41.8723064091729],[-87.7755868138782,41.8717193890189],[-87.7755821544171,41.8716513633606],[-87.7755835296042,41.8716241193082],[-87.7755928201139,41.8716028415654],[-87.7756032034647,41.8715909543215],[-87.7756204322006,41.8715731454399],[-87.7756353933945,41.8715625985284],[-87.7756502602459,41.871550293684],[-87.7756731488069,41.8715401688089],[-87.7756985315907,41.8715328714177]]},"properties":{"OBJECTID":666,"STREETNAME":"S HUMPHREY AVE","BLOCK":900,"FIRST_FEATUREID":"0262523","BlockName":"900 Block of S Humphrey Ave","Count_":0,"Shape__Length":464.2604712897938,"GlobalID":"2cf311fc-af1c-4441-811b-b04c8d7987b3","BlockNameShort":"900 S HUMPHREY AVE"}},{"type":"Feature","id":667,"geometry":{"type":"LineString","coordinates":[[-87.7966154969208,41.8722469381166],[-87.7965989853675,41.8717567996058],[-87.7965872034647,41.8714070226368],[-87.7965654430069,41.8708130362233],[-87.7965611563477,41.8706857028864],[-87.796558088246,41.8705945673162]]},"properties":{"OBJECTID":667,"STREETNAME":"S KENILWORTH AVE","BLOCK":900,"FIRST_FEATUREID":"026201166","BlockName":"900 Block of S Kenilworth Ave","Count_":0,"Shape__Length":602.3346265652194,"GlobalID":"3c14a568-b599-4b50-9fc2-f0e04f2558e8","BlockNameShort":"900 S KENILWORTH AVE"}},{"type":"Feature","id":668,"geometry":{"type":"LineString","coordinates":[[-87.77930655877,41.8727115602593],[-87.7793007198567,41.8725284245202],[-87.7792906294163,41.8722504925907],[-87.779282151323,41.8720169977325],[-87.7792739545497,41.8717944533131],[-87.7792709237668,41.871712157992],[-87.779263877709,41.8715208277606],[-87.7792594046735,41.8713993811894],[-87.7792568558838,41.8713301828017],[-87.7792545683595,41.871268113703],[-87.7792483793598,41.8711000173867],[-87.7792449140738,41.8710059713596],[-87.7792386446795,41.8708289171167],[-87.779237110017,41.8707855419029]]},"properties":{"OBJECTID":668,"STREETNAME":"S LOMBARD AVE","BLOCK":900,"FIRST_FEATUREID":"0262050","BlockName":"900 Block of S Lombard Ave","Count_":0,"Shape__Length":702.1061038702373,"GlobalID":"0763d302-8fdd-4767-bf0a-fbe9f4f57072","BlockNameShort":"900 S LOMBARD AVE"}},{"type":"Feature","id":669,"geometry":{"type":"LineString","coordinates":[[-87.8036042203914,41.8722968981975],[-87.8035871566146,41.8718305533066],[-87.8035580575234,41.8710352981858],[-87.8035409807751,41.8705628622913],[-87.8035377037764,41.8704721923093]]},"properties":{"OBJECTID":669,"STREETNAME":"S MAPLE AVE","BLOCK":900,"FIRST_FEATUREID":"026201171","BlockName":"900 Block of S Maple Ave","Count_":0,"Shape__Length":665.1773252350479,"GlobalID":"e93fdd57-9051-45e2-a67d-c48a5d71de5c","BlockNameShort":"900 S MAPLE AVE"}},{"type":"Feature","id":670,"geometry":{"type":"LineString","coordinates":[[-87.7939876111565,41.8720260638298],[-87.7939833409026,41.8718915061388],[-87.7939708609501,41.8715417742665],[-87.7939634012548,41.8713328195841],[-87.7939518590769,41.8708146771358],[-87.79394795399,41.8707263943662],[-87.7939441306379,41.8706399964013]]},"properties":{"OBJECTID":670,"STREETNAME":"S OAK PARK AVE","BLOCK":900,"FIRST_FEATUREID":"0262471","BlockName":"900 Block of S Oak Park Ave","Count_":0,"Shape__Length":505.2364574373819,"GlobalID":"4160f477-ba49-4bf7-b973-937460801ac9","BlockNameShort":"900 S OAK PARK AVE"}},{"type":"Feature","id":671,"geometry":{"type":"LineString","coordinates":[[-87.7842169646237,41.8726310953481],[-87.7842065145453,41.8723386476541],[-87.7842003384946,41.8721777877523],[-87.7841945138718,41.8720261157434],[-87.7841910243821,41.8719353127979],[-87.7841893254827,41.8718910293217],[-87.7841860818034,41.8718065524712],[-87.7841808253503,41.8716697109467],[-87.7841746489636,41.8715089032435],[-87.7841739087132,41.8714895557958],[-87.7841658237389,41.8712436698794],[-87.7841587259564,41.8710276909265],[-87.7841516911546,41.8708137875614],[-87.7841508052268,41.8707868333008]]},"properties":{"OBJECTID":671,"STREETNAME":"S RIDGELAND AVE","BLOCK":900,"FIRST_FEATUREID":"026441853","BlockName":"900 Block of S Ridgeland Ave","Count_":0,"Shape__Length":672.3008549918382,"GlobalID":"cee39d27-4440-42ea-906c-8d6765c57f61","BlockNameShort":"900 S RIDGELAND AVE"}},{"type":"Feature","id":672,"geometry":{"type":"LineString","coordinates":[[-87.778069127677,41.8727305182148],[-87.7780655172157,41.8726109881274],[-87.7780559785914,41.8722690820832],[-87.7780490961785,41.8720223759957],[-87.778040147628,41.8717836369608],[-87.778037199488,41.8717340074131],[-87.7780325916246,41.8717106581035],[-87.7780243855355,41.8716873202062],[-87.7780147163353,41.8716799329426]]},"properties":{"OBJECTID":672,"STREETNAME":"S TAYLOR AVE","BLOCK":900,"FIRST_FEATUREID":"0262203","BlockName":"900 Block of S Taylor Ave","Count_":0,"Shape__Length":384.4031768698001,"GlobalID":"b5077d77-82d4-424c-ad74-64c402ef660c","BlockNameShort":"900 S TAYLOR AVE"}},{"type":"Feature","id":673,"geometry":{"type":"LineString","coordinates":[[-87.7971330454862,41.8868599603791],[-87.7976459890379,41.8868521785638],[-87.7984801167865,41.8868394641449],[-87.7986368073926,41.8868372298814],[-87.7989617833306,41.8868325949827],[-87.7993328266675,41.886826802164],[-87.7995628159299,41.8868234398921],[-87.7999823476246,41.8868173067224],[-87.8002230942444,41.8868075385315]]},"properties":{"OBJECTID":673,"STREETNAME":"SOUTH BLVD","BLOCK":900,"FIRST_FEATUREID":"0265","BlockName":"900 Block of South Blvd","Count_":0,"Shape__Length":841.6737406083756,"GlobalID":"1630bfdf-3af5-4429-95ef-e831cbacd63a","BlockNameShort":"900 SOUTH BLVD"}},{"type":"Feature","id":674,"geometry":{"type":"LineString","coordinates":[[-87.7978447282031,41.8998304152489],[-87.7984074409929,41.8998199064221],[-87.7985840397327,41.899816774633],[-87.7991980745103,41.8998058868797],[-87.7993221168837,41.8998035709857],[-87.7995616704113,41.899799097216],[-87.8003174445106,41.8997868985798],[-87.8005254348476,41.8997835403688],[-87.800892189001,41.8997772005115]]},"properties":{"OBJECTID":674,"STREETNAME":"THOMAS ST","BLOCK":900,"FIRST_FEATUREID":"026197554","BlockName":"900 Block of Thomas St","Count_":0,"Shape__Length":829.8841151022449,"GlobalID":"49b5c2fe-8578-4cf0-bc47-6317cb01f7a6","BlockNameShort":"900 THOMAS ST"}},{"type":"Feature","id":675,"geometry":{"type":"LineString","coordinates":[[-87.7969768285173,41.8815550084765],[-87.7973030768075,41.8815330444648],[-87.7977221402893,41.8815249005525],[-87.7979416992607,41.8815206276259],[-87.7984576472307,41.8815110725544],[-87.7987940705865,41.8815048401808],[-87.7991976960316,41.8814980955881],[-87.7996123466918,41.8814911649262],[-87.7998153718462,41.8814878055548],[-87.7999369498057,41.8814857926198]]},"properties":{"OBJECTID":675,"STREETNAME":"WASHINGTON BLVD","BLOCK":900,"FIRST_FEATUREID":"026199911","BlockName":"900 Block of Washington Blvd","Count_":0,"Shape__Length":806.6763173235468,"GlobalID":"e01994cf-4229-4d7e-a5d8-b2e1e045c23d","BlockNameShort":"900 WASHINGTON BLVD"}},{"type":"Feature","id":676,"geometry":{"type":"LineString","coordinates":[[-87.8006444750888,41.8723484282209],[-87.800628026296,41.8718943169586],[-87.8006109628336,41.8714231502715],[-87.8005901827562,41.8708348494044],[-87.8005823680497,41.8706131094529],[-87.8005792386047,41.8705243217982]]},"properties":{"OBJECTID":676,"STREETNAME":"WENONAH AVE","BLOCK":900,"FIRST_FEATUREID":"026270","BlockName":"900 Block of Wenonah Ave","Count_":0,"Shape__Length":664.9497651183897,"GlobalID":"e3674783-9e05-4e79-be3b-9d2bf95c1e73","BlockNameShort":"900 WENONAH AVE"}},{"type":"Feature","id":677,"geometry":{"type":"LineString","coordinates":[[-87.7915430200394,41.8718229864774],[-87.7915293850897,41.8714050540764],[-87.7915248193187,41.8712651657498],[-87.7915119462375,41.8708765728426],[-87.7915051994835,41.8706815730963]]},"properties":{"OBJECTID":677,"STREETNAME":"WESLEY AVE","BLOCK":900,"FIRST_FEATUREID":"0261705","BlockName":"900 Block of Wesley Ave","Count_":0,"Shape__Length":416.06391207454595,"GlobalID":"794ed7f4-f587-4184-b333-faeedef2e6ec","BlockNameShort":"900 WESLEY AVE"}},{"type":"Feature","id":678,"geometry":{"type":"LineString","coordinates":[[-87.8020484216725,41.8723244972138],[-87.8020310614235,41.8718634618708],[-87.8020065263272,41.8712119405901],[-87.8019875581094,41.8706870965502],[-87.8019841961322,41.8705894979787],[-87.8019811204867,41.8705002343258]]},"properties":{"OBJECTID":678,"STREETNAME":"WISCONSIN AVE","BLOCK":900,"FIRST_FEATUREID":"026201170","BlockName":"900 Block of Wisconsin Ave","Count_":0,"Shape__Length":665.0221073987682,"GlobalID":"65fbe4bf-031b-4f8a-a8c5-30245049e409","BlockNameShort":"900 WISCONSIN AVE"}},{"type":"Feature","id":679,"geometry":{"type":"LineString","coordinates":[[-87.7994337933003,41.9033708471092],[-87.7994366793892,41.9034623170723]]},"properties":{"OBJECTID":679,"STREETNAME":"WOODBINE AVE","BLOCK":900,"FIRST_FEATUREID":"0262046","BlockName":"900 Block of Woodbine Ave","Count_":0,"Shape__Length":33.34149862018701,"GlobalID":"71702161-5927-453b-a64b-b4f972edeef3","BlockNameShort":"900 WOODBINE AVE"}},{"type":"Feature","id":680,"geometry":{"type":"LineString","coordinates":[[-87.7997674169172,41.876837062726],[-87.7999870099768,41.8768334090633],[-87.8003774477193,41.8768264369765],[-87.8005967851088,41.8768225180606],[-87.8009846660663,41.8768154366122],[-87.8013267978116,41.8768091899327],[-87.801597140551,41.8768049858754],[-87.8018531985497,41.8768010067863],[-87.8022048943996,41.8767960451269]]},"properties":{"OBJECTID":680,"STREETNAME":"ADAMS ST","BLOCK":1000,"FIRST_FEATUREID":"026974","BlockName":"1000 Block of Adams St","Count_":0,"Shape__Length":663.9991699443311,"GlobalID":"8b12a74d-88de-48e3-a2da-b52d787e03b1","BlockNameShort":"1000 ADAMS ST"}},{"type":"Feature","id":681,"geometry":{"type":"LineString","coordinates":[[-87.8007002906394,41.8799561547483],[-87.8007293671054,41.8799556026375],[-87.8014253380861,41.8799423888554],[-87.8014558435989,41.8799418098668],[-87.8015165184507,41.8799406575114]]},"properties":{"OBJECTID":681,"STREETNAME":"ALEXANDER LN","BLOCK":1000,"FIRST_FEATUREID":"0261943","BlockName":"1000 Block of Alexander Ln","Count_":0,"Shape__Length":222.35466869637722,"GlobalID":"ece5edd0-c6cf-42fe-a8bc-2bf05b71387f","BlockNameShort":"1000 ALEXANDER LN"}},{"type":"Feature","id":682,"geometry":{"type":"LineString","coordinates":[[-87.8007708365011,41.897955351875],[-87.8010873189351,41.8979489294845],[-87.8016769055085,41.8979385156612],[-87.8020523911895,41.8979316831081],[-87.80216752479,41.8979295894196],[-87.8023475353872,41.8979262146208],[-87.8025842687458,41.8979217737151],[-87.8030442150593,41.897913086403],[-87.8033752499434,41.897907076039],[-87.803633545471,41.8979023876458],[-87.8038650241983,41.897898125139]]},"properties":{"OBJECTID":682,"STREETNAME":"AUGUSTA ST","BLOCK":1000,"FIRST_FEATUREID":"0261698","BlockName":"1000 Block of Augusta St","Count_":0,"Shape__Length":842.6608596069898,"GlobalID":"baaa6808-d395-404c-92e5-cff2a51cc54c","BlockNameShort":"1000 AUGUSTA ST"}},{"type":"Feature","id":683,"geometry":{"type":"LineString","coordinates":[[-87.8007106461594,41.8802710367717],[-87.8011092489121,41.8802604365943],[-87.8014667473402,41.8802553888677],[-87.8015181097836,41.8802546633625]]},"properties":{"OBJECTID":683,"STREETNAME":"BALDWIN LN","BLOCK":1000,"FIRST_FEATUREID":"026199920","BlockName":"1000 Block of Baldwin Ln","Count_":0,"Shape__Length":219.98370199294018,"GlobalID":"7b7bfe74-8d4b-4cf3-81f5-7dd8b3cca17a","BlockNameShort":"1000 BALDWIN LN"}},{"type":"Feature","id":684,"geometry":{"type":"LineString","coordinates":[[-87.8025316109667,41.9034131458136],[-87.802537798916,41.9035907547988],[-87.8025626171818,41.90439520629],[-87.802590402095,41.9051653072047],[-87.8025934202112,41.9052489537223]]},"properties":{"OBJECTID":684,"STREETNAME":"BELLEFORTE AVE","BLOCK":1000,"FIRST_FEATUREID":"026197484","BlockName":"1000 Block of Belleforte Ave","Count_":0,"Shape__Length":669.1928216012888,"GlobalID":"91dbee21-2101-4db8-b0c1-42b08be4d0b2","BlockNameShort":"1000 BELLEFORTE AVE"}},{"type":"Feature","id":685,"geometry":{"type":"LineString","coordinates":[[-87.8010063408911,41.9034375512548],[-87.8012858393703,41.9034329574578],[-87.8017664977334,41.9034253310421],[-87.8021640530142,41.9034190207854],[-87.8025316109667,41.9034131458136],[-87.8028991314969,41.9034072703927],[-87.8032958420459,41.9034010666584],[-87.8037174212942,41.903394472062],[-87.8040542933602,41.9033887667053]]},"properties":{"OBJECTID":685,"STREETNAME":"BERKSHIRE ST","BLOCK":1000,"FIRST_FEATUREID":"026197505","BlockName":"1000 Block of Berkshire St","Count_":0,"Shape__Length":829.9341770354894,"GlobalID":"77699548-c975-4789-b7eb-792da986008b","BlockNameShort":"1000 BERKSHIRE ST"}},{"type":"Feature","id":686,"geometry":{"type":"LineString","coordinates":[[-87.8007666295964,41.8820803621252],[-87.8010550288805,41.882071978181],[-87.8010922707695,41.8820708948083],[-87.8013093643076,41.8820644044799],[-87.801577033055,41.8820564012669]]},"properties":{"OBJECTID":686,"STREETNAME":"CEDAR CT","BLOCK":1000,"FIRST_FEATUREID":"026466656","BlockName":"1000 Block of Cedar Ct","Count_":0,"Shape__Length":220.86219623278072,"GlobalID":"379dc2c1-5b57-4706-bad7-f2f615d07193","BlockNameShort":"1000 CEDAR CT"}},{"type":"Feature","id":687,"geometry":{"type":"LineString","coordinates":[[-87.8006084688053,41.8943009375227],[-87.8009179149458,41.8942959919052],[-87.8016077118983,41.8942843422089],[-87.8019229604773,41.8942796377318],[-87.8021972139379,41.8942755440915],[-87.8025721333557,41.8942681390754],[-87.8028280607883,41.8942637512469]]},"properties":{"OBJECTID":687,"STREETNAME":"CHICAGO AVE","BLOCK":1000,"FIRST_FEATUREID":"026986","BlockName":"1000 Block of Chicago Ave","Count_":0,"Shape__Length":604.4785839672447,"GlobalID":"ad136b85-10e9-4276-b229-234cf4c85ab8","BlockNameShort":"1000 CHICAGO AVE"}},{"type":"Feature","id":688,"geometry":{"type":"LineString","coordinates":[[-87.7902776001806,41.8707039827011],[-87.7902693445642,41.8704725126715],[-87.7902385547772,41.8695382211842],[-87.7902196696444,41.8689648847576],[-87.7902167421188,41.8688760005295]]},"properties":{"OBJECTID":688,"STREETNAME":"CLARENCE AVE","BLOCK":1000,"FIRST_FEATUREID":"0261063","BlockName":"1000 Block of Clarence Ave","Count_":0,"Shape__Length":666.331431572001,"GlobalID":"93819f2c-3b36-4911-9528-3b27b73f259e","BlockNameShort":"1000 CLARENCE AVE"}},{"type":"Feature","id":689,"geometry":{"type":"LineString","coordinates":[[-87.7978676524351,41.8705724421439],[-87.7978601562024,41.8703809316827],[-87.797819270748,41.8692221425148],[-87.7978054620853,41.8688302721131],[-87.7978023835878,41.8687429197481]]},"properties":{"OBJECTID":689,"STREETNAME":"CLINTON AVE","BLOCK":1000,"FIRST_FEATUREID":"0261823","BlockName":"1000 Block of Clinton Ave","Count_":0,"Shape__Length":666.9230979024487,"GlobalID":"b7315787-51d5-4d7d-aaf7-8f10ef878280","BlockNameShort":"1000 CLINTON AVE"}},{"type":"Feature","id":690,"geometry":{"type":"LineString","coordinates":[[-87.7912717023547,41.9036853030041],[-87.7912753157086,41.9037937146811],[-87.7912871202974,41.9042699511437],[-87.7913003290492,41.9047017372185],[-87.7913237007265,41.9054304438237],[-87.7913258147833,41.9055321750727],[-87.791327647653,41.9056204134037]]},"properties":{"OBJECTID":690,"STREETNAME":"COLUMBIAN AVE","BLOCK":1000,"FIRST_FEATUREID":"026197494","BlockName":"1000 Block of Columbian Ave","Count_":0,"Shape__Length":705.3349145961308,"GlobalID":"340fc696-9fd9-4f1d-8e4c-56ab5626f6ed","BlockNameShort":"1000 COLUMBIAN AVE"}},{"type":"Feature","id":691,"geometry":{"type":"LineString","coordinates":[[-87.8009496322968,41.9016019438844],[-87.8013736871098,41.9015943654752],[-87.8022070902608,41.9015813453742],[-87.8024702951032,41.9015770604671],[-87.8029578367357,41.9015691187372],[-87.803229203923,41.9015641171046],[-87.803719875848,41.9015550719677],[-87.8039897703504,41.9015510755288]]},"properties":{"OBJECTID":691,"STREETNAME":"DIVISION ST","BLOCK":1000,"FIRST_FEATUREID":"026197527","BlockName":"1000 Block of Division St","Count_":0,"Shape__Length":827.8488079016303,"GlobalID":"90f5c4ba-06df-4cd0-8b41-eae38fedfeb0","BlockNameShort":"1000 DIVISION ST"}},{"type":"Feature","id":692,"geometry":{"type":"LineString","coordinates":[[-87.8002783353318,41.8919227096671],[-87.800842711148,41.8919059535604],[-87.8011488912174,41.8918995381084],[-87.8015977459959,41.891890132575],[-87.8020094151443,41.8918827536797],[-87.8024788665672,41.8918743403374],[-87.8027545570644,41.8918683315661]]},"properties":{"OBJECTID":692,"STREETNAME":"ERIE ST","BLOCK":1000,"FIRST_FEATUREID":"0261586","BlockName":"1000 Block of Erie St","Count_":0,"Shape__Length":674.525723894236,"GlobalID":"c959d283-1ee5-49c7-9465-204798e6c3ed","BlockNameShort":"1000 ERIE ST"}},{"type":"Feature","id":693,"geometry":{"type":"LineString","coordinates":[[-87.7885985455645,41.9037281934972],[-87.7886223480595,41.9044890647185],[-87.7886519532169,41.9053840473347],[-87.7886566893106,41.9055660257268],[-87.7886590031005,41.9056549623392]]},"properties":{"OBJECTID":693,"STREETNAME":"FAIR OAKS AVE","BLOCK":1000,"FIRST_FEATUREID":"026197496","BlockName":"1000 Block of Fair Oaks Ave","Count_":0,"Shape__Length":702.321668741065,"GlobalID":"9924e88f-3de9-4695-ae64-d29fba4fd173","BlockNameShort":"1000 FAIR OAKS AVE"}},{"type":"Feature","id":694,"geometry":{"type":"LineString","coordinates":[[-87.7990438242154,41.8668938701481],[-87.7994465542328,41.8668866981293],[-87.7997491241049,41.8668813237663],[-87.8001590831687,41.8668740369785],[-87.8004461571879,41.8668690687236],[-87.800919380663,41.8668608788886],[-87.8011495082853,41.8668571727549],[-87.8015851207679,41.8668501591075],[-87.801846485816,41.8668450187969]]},"properties":{"OBJECTID":694,"STREETNAME":"FILLMORE ST","BLOCK":1000,"FIRST_FEATUREID":"026396","BlockName":"1000 Block of Fillmore St","Count_":0,"Shape__Length":763.6113796987123,"GlobalID":"acf3338c-d12d-4652-93df-e6ce8858fe2b","BlockNameShort":"1000 FILLMORE ST"}},{"type":"Feature","id":695,"geometry":{"type":"LineString","coordinates":[[-87.8010063408911,41.9034375512548],[-87.8010173064752,41.9037695835805],[-87.8010326658049,41.9042466315055],[-87.8010622670077,41.905185731394],[-87.8010649958496,41.9052723324239]]},"properties":{"OBJECTID":695,"STREETNAME":"FOREST AVE","BLOCK":1000,"FIRST_FEATUREID":"026980","BlockName":"1000 Block of Forest Ave","Count_":0,"Shape__Length":668.7967162770395,"GlobalID":"7e050811-5935-412c-9fee-f0e132a0f0f4","BlockNameShort":"1000 FOREST AVE"}},{"type":"Feature","id":696,"geometry":{"type":"LineString","coordinates":[[-87.7992401202977,41.8723729424951],[-87.7994817448958,41.8723692859938],[-87.8002898893886,41.8723545709798],[-87.8006444750888,41.8723484282209],[-87.8009083960127,41.8723438556432],[-87.8013369073352,41.8723359619409],[-87.8019266362937,41.8723264601281],[-87.8020484216725,41.8723244972138]]},"properties":{"OBJECTID":696,"STREETNAME":"GARFIELD ST","BLOCK":1000,"FIRST_FEATUREID":"026201173","BlockName":"1000 Block of Garfield St","Count_":0,"Shape__Length":765.0785792261819,"GlobalID":"272021d3-3308-4441-9577-423bd42fbb29","BlockNameShort":"1000 GARFIELD ST"}},{"type":"Feature","id":697,"geometry":{"type":"LineString","coordinates":[[-87.8010649958496,41.9052723324239],[-87.801487872667,41.905266140991],[-87.8018284187965,41.9052605636338],[-87.8022064416918,41.9052543735164],[-87.8025934202112,41.9052489537223],[-87.803069787513,41.9052422825059],[-87.8038613817294,41.9052309787144],[-87.804118514137,41.905227097814]]},"properties":{"OBJECTID":697,"STREETNAME":"GREENFIELD ST","BLOCK":1000,"FIRST_FEATUREID":"0262230","BlockName":"1000 Block of Greenfield St","Count_":0,"Shape__Length":831.3990549245159,"GlobalID":"04644b4e-4ffc-4bdc-b250-ba7f0b30e359","BlockNameShort":"1000 GREENFIELD ST"}},{"type":"Feature","id":698,"geometry":{"type":"LineString","coordinates":[[-87.7865991614285,41.8706692983988],[-87.7865797683048,41.8700761064971],[-87.786546626477,41.8691613700245],[-87.7865426508185,41.8690284367337],[-87.7865399825039,41.868939274546]]},"properties":{"OBJECTID":698,"STREETNAME":"GUNDERSON AVE","BLOCK":1000,"FIRST_FEATUREID":"026201194","BlockName":"1000 Block of Gunderson Ave","Count_":0,"Shape__Length":630.6357882055352,"GlobalID":"15fcef7a-0a90-4a0e-b1d5-ec9513f4a8d7","BlockNameShort":"1000 GUNDERSON AVE"}},{"type":"Feature","id":699,"geometry":{"type":"LineString","coordinates":[[-87.7996479487948,41.8734831259655],[-87.7998065229508,41.8734839752939],[-87.7998831371043,41.8734857582352],[-87.7999884282379,41.8734962915057],[-87.800178007371,41.8735129232936],[-87.8002586734978,41.8735233140842],[-87.8006008312947,41.8735673836305],[-87.800871537146,41.8735952937432],[-87.8011863745786,41.8736277545794],[-87.8014791014996,41.873652341284],[-87.8018949301425,41.8736872656951],[-87.8020969211489,41.8737039634549]]},"properties":{"OBJECTID":699,"STREETNAME":"HARRISON ST","BLOCK":1000,"FIRST_FEATUREID":"026415","BlockName":"1000 Block of Harrison St","Count_":0,"Shape__Length":672.3729712068609,"GlobalID":"0dc3b461-5d39-41cc-8919-b24243c6713e","BlockNameShort":"1000 HARRISON ST"}},{"type":"Feature","id":700,"geometry":{"type":"LineString","coordinates":[[-87.7991101893286,41.8687215374489],[-87.7994782864091,41.8687166081529],[-87.7998153005392,41.8687099054617],[-87.800113625575,41.8687039720241],[-87.8005120171469,41.8686969571106],[-87.8008573492981,41.868690875176],[-87.8012097938921,41.8686854112822],[-87.8015863721118,41.868679570962],[-87.8019134886739,41.8686736752159]]},"properties":{"OBJECTID":700,"STREETNAME":"HARVARD ST","BLOCK":1000,"FIRST_FEATUREID":"026635","BlockName":"1000 Block of Harvard St","Count_":0,"Shape__Length":763.7573350074941,"GlobalID":"38699691-93b4-4da6-b9a0-cf81cfac50c8","BlockNameShort":"1000 HARVARD ST"}},{"type":"Feature","id":701,"geometry":{"type":"LineString","coordinates":[[-87.7790930014995,41.9038710924934],[-87.7791169177038,41.9046163595965],[-87.7791547073034,41.9057556631702],[-87.7791576526613,41.9058444661521]]},"properties":{"OBJECTID":701,"STREETNAME":"HAYES AVE","BLOCK":1000,"FIRST_FEATUREID":"026239","BlockName":"1000 Block of Hayes Ave","Count_":0,"Shape__Length":719.326912498129,"GlobalID":"d7110116-ae8f-44a1-9af7-8565cff6c838","BlockNameShort":"1000 HAYES AVE"}},{"type":"Feature","id":702,"geometry":{"type":"LineString","coordinates":[[-87.7816923848519,41.870827109896],[-87.781662452481,41.8699356588486],[-87.7816448121439,41.8694295883015],[-87.7816348788041,41.8691061870421],[-87.7816321616074,41.8690177591965]]},"properties":{"OBJECTID":702,"STREETNAME":"HIGHLAND AVE","BLOCK":1000,"FIRST_FEATUREID":"026201198","BlockName":"1000 Block of Highland Ave","Count_":0,"Shape__Length":659.5406366090118,"GlobalID":"de0329b5-add5-4f5f-a3d6-aaec8c428705","BlockNameShort":"1000 HIGHLAND AVE"}},{"type":"Feature","id":703,"geometry":{"type":"LineString","coordinates":[[-87.7991739331692,41.8705487390718],[-87.7991610727752,41.8701807036619],[-87.7991247073406,41.8691156807807],[-87.7991133657972,41.8688077531008],[-87.7991101893286,41.8687215374489]]},"properties":{"OBJECTID":703,"STREETNAME":"HOME AVE","BLOCK":1000,"FIRST_FEATUREID":"026201183","BlockName":"1000 Block of Home Ave","Count_":0,"Shape__Length":666.0666113397031,"GlobalID":"b9453b2a-eb09-4ab9-b936-09268267d0db","BlockNameShort":"1000 HOME AVE"}},{"type":"Feature","id":704,"geometry":{"type":"LineString","coordinates":[[-87.7997172923857,41.8754218504819],[-87.8001298913564,41.8754145518291],[-87.8003275572704,41.8754110099842],[-87.8007757890251,41.8754029767376],[-87.8009355321083,41.8754005778886],[-87.8013258241475,41.8753947138154],[-87.8015478144914,41.8753913266654],[-87.8018639999618,41.8753865032193],[-87.8020278796332,41.8753836871272],[-87.802156484035,41.8753814783467]]},"properties":{"OBJECTID":704,"STREETNAME":"JACKSON BLVD","BLOCK":1000,"FIRST_FEATUREID":"0262754","BlockName":"1000 Block of Jackson Blvd","Count_":0,"Shape__Length":664.4749108862262,"GlobalID":"18999934-5d77-4ba1-8391-6ff4cb0fb56f","BlockNameShort":"1000 JACKSON BLVD"}},{"type":"Feature","id":705,"geometry":{"type":"LineString","coordinates":[[-87.8007937676204,41.8886631524787],[-87.8012166419732,41.8886706263867],[-87.801370329782,41.8886667601712],[-87.801656085847,41.8886595716767],[-87.8022611428215,41.8886421181591],[-87.802467635934,41.8886462556129],[-87.8025406899066,41.8886477196254],[-87.8026282533509,41.8886467242843]]},"properties":{"OBJECTID":705,"STREETNAME":"LAKE ST","BLOCK":1000,"FIRST_FEATUREID":"026751","BlockName":"1000 Block of Lake St","Count_":0,"Shape__Length":499.76962589658876,"GlobalID":"2669277a-3268-4948-b29a-a81d27dc8518","BlockNameShort":"1000 LAKE ST"}},{"type":"Feature","id":706,"geometry":{"type":"LineString","coordinates":[[-87.8011249311684,41.9071055208151],[-87.801465153401,41.9071005057593],[-87.8018885945911,41.90709412911],[-87.8021076073185,41.9070908289799],[-87.802662687622,41.9070829398848],[-87.8030488328284,41.9070774516953],[-87.8034131921863,41.9070721902961],[-87.8038553688768,41.9070658055192],[-87.8041750662119,41.90706065448]]},"properties":{"OBJECTID":706,"STREETNAME":"LE MOYNE PKWY","BLOCK":1000,"FIRST_FEATUREID":"026989","BlockName":"1000 Block of Le Moyne Pkwy","Count_":0,"Shape__Length":830.451444063096,"GlobalID":"bd047a08-622d-4322-84ac-78c9002c3104","BlockNameShort":"1000 LE MOYNE PKWY"}},{"type":"Feature","id":707,"geometry":{"type":"LineString","coordinates":[[-87.7991739331692,41.8705487390718],[-87.7995584458721,41.8705422139407],[-87.7998753443101,41.8705370121038],[-87.8001929402627,41.8705317964241],[-87.8005792386047,41.8705243217982],[-87.8009227422843,41.8705176738845],[-87.8012793626473,41.870512026571],[-87.8015877117071,41.8705071432401],[-87.8019811204867,41.8705002343258]]},"properties":{"OBJECTID":707,"STREETNAME":"LEXINGTON ST","BLOCK":1000,"FIRST_FEATUREID":"0261103","BlockName":"1000 Block of Lexington St","Count_":0,"Shape__Length":764.7978891151139,"GlobalID":"63c296ab-d2ba-4ad6-96d8-e7feef58679a","BlockNameShort":"1000 LEXINGTON ST"}},{"type":"Feature","id":708,"geometry":{"type":"LineString","coordinates":[[-87.8007296559723,41.8808680545804],[-87.8011032633458,41.8808613891511],[-87.8015031014174,41.8808543686014],[-87.8015410366939,41.8808537024512]]},"properties":{"OBJECTID":708,"STREETNAME":"LINCOLN TRL","BLOCK":1000,"FIRST_FEATUREID":"0262588","BlockName":"1000 Block of Lincoln Trl","Count_":0,"Shape__Length":221.02168450167065,"GlobalID":"4543c763-047c-44e5-8f77-76ca5a35a982","BlockNameShort":"1000 LINCOLN TRL"}},{"type":"Feature","id":709,"geometry":{"type":"LineString","coordinates":[[-87.7924848824509,41.903664763161],[-87.7924970305814,41.9040813635268],[-87.7925173144801,41.9048293740299],[-87.7925321632436,41.9053768658033],[-87.792536139589,41.9055156457762],[-87.792538696141,41.9056048742705]]},"properties":{"OBJECTID":709,"STREETNAME":"LINDEN AVE","BLOCK":1000,"FIRST_FEATUREID":"026565","BlockName":"1000 Block of Linden Ave","Count_":0,"Shape__Length":707.1414194487047,"GlobalID":"39c36e3d-2ce9-4a8f-a373-39b888dcd805","BlockNameShort":"1000 LINDEN AVE"}},{"type":"Feature","id":710,"geometry":{"type":"LineString","coordinates":[[-87.7767681899971,41.8705812971373],[-87.776756409183,41.8701633368794],[-87.7767438496255,41.8697176881094],[-87.776730721428,41.8693602397475],[-87.7767244877505,41.8691794643725],[-87.7767213904564,41.8690896714554]]},"properties":{"OBJECTID":710,"STREETNAME":"LYMAN AVE","BLOCK":1000,"FIRST_FEATUREID":"026201202","BlockName":"1000 Block of Lyman Ave","Count_":0,"Shape__Length":543.7075595194203,"GlobalID":"a7733d20-f58d-4c92-9b1d-777491aa276c","BlockNameShort":"1000 LYMAN AVE"}},{"type":"Feature","id":711,"geometry":{"type":"LineString","coordinates":[[-87.7998687461576,41.8796792334166],[-87.8001746013027,41.8796747475087],[-87.8006946465615,41.8796652590095],[-87.8007549870179,41.8796641586254],[-87.8010866291507,41.8796576992735],[-87.8014356428501,41.8796509025629],[-87.8015159989063,41.8796496612913],[-87.8018318372122,41.8796447787317],[-87.8023164549502,41.8796364874426]]},"properties":{"OBJECTID":711,"STREETNAME":"MADISON ST","BLOCK":1000,"FIRST_FEATUREID":"0261244","BlockName":"1000 Block of Madison St","Count_":0,"Shape__Length":666.7701472131106,"GlobalID":"29031894-6159-47af-adc5-5ca3f0f22324","BlockNameShort":"1000 MADISON ST"}},{"type":"Feature","id":712,"geometry":{"type":"LineString","coordinates":[[-87.7815319052624,41.9038352442923],[-87.7815373062243,41.9039946177679],[-87.7815542556362,41.9045433823999],[-87.7815952474348,41.905727483506],[-87.7815982357245,41.9058137926958]]},"properties":{"OBJECTID":712,"STREETNAME":"MAPLETON AVE","BLOCK":1000,"FIRST_FEATUREID":"026197499","BlockName":"1000 Block of Mapleton Ave","Count_":0,"Shape__Length":721.2236851238247,"GlobalID":"cbebd85f-536e-4925-bf96-e94ed4f31f1b","BlockNameShort":"1000 MAPLETON AVE"}},{"type":"Feature","id":713,"geometry":{"type":"LineString","coordinates":[[-87.7998162102516,41.8782540925165],[-87.8001182367889,41.8782477756707],[-87.8004308223622,41.8782420724438],[-87.8008603123913,41.8782342319328],[-87.8010370838681,41.8782312699578],[-87.8013976729896,41.8782252238698],[-87.8016513852417,41.8782209318574],[-87.8019847972343,41.8782152911057],[-87.8022024207162,41.8782083936656],[-87.8022559548849,41.8781663376745]]},"properties":{"OBJECTID":713,"STREETNAME":"MONROE ST","BLOCK":1000,"FIRST_FEATUREID":"0261407","BlockName":"1000 Block of Monroe St","Count_":0,"Shape__Length":671.2289184615385,"GlobalID":"747850de-c922-4e26-8e16-b8654a0cb175","BlockNameShort":"1000 MONROE ST"}},{"type":"Feature","id":714,"geometry":{"type":"LineString","coordinates":[[-87.7752551024872,41.8983654551843],[-87.7753086390512,41.9000912761134],[-87.7753084780182,41.9001769048853]]},"properties":{"OBJECTID":714,"STREETNAME":"N AUSTIN BLVD","BLOCK":1000,"FIRST_FEATUREID":"0262183","BlockName":"1000 Block of N Austin Blvd","Count_":0,"Shape__Length":660.2737718275459,"GlobalID":"3e8cc47b-b561-445d-abda-166b293284b7","BlockNameShort":"1000 N AUSTIN BLVD"}},{"type":"Feature","id":715,"geometry":{"type":"LineString","coordinates":[[-87.7900553961348,41.903705877362],[-87.7900591107289,41.9038279783206],[-87.7900719590633,41.9042536702555],[-87.79008429453,41.9046444814708],[-87.7901056255917,41.9053695836052],[-87.7901106885288,41.905546619724],[-87.790113287882,41.9056375095969]]},"properties":{"OBJECTID":715,"STREETNAME":"N EAST AVE","BLOCK":1000,"FIRST_FEATUREID":"026197495","BlockName":"1000 Block of N East Ave","Count_":0,"Shape__Length":704.0764855412993,"GlobalID":"28d01e35-d777-4d12-9875-6deb7ef3cf0d","BlockNameShort":"1000 N EAST AVE"}},{"type":"Feature","id":716,"geometry":{"type":"LineString","coordinates":[[-87.787136248889,41.9037546149091],[-87.7871634153276,41.9044937709102],[-87.7871715369037,41.9047154065442],[-87.7871780482649,41.9048930727269],[-87.7872044770982,41.9055841019176],[-87.7872052963092,41.9056054969807],[-87.7872197453102,41.9056742931158]]},"properties":{"OBJECTID":716,"STREETNAME":"N ELMWOOD AVE","BLOCK":1000,"FIRST_FEATUREID":"026197497","BlockName":"1000 Block of N Elmwood Ave","Count_":0,"Shape__Length":700.1126207225033,"GlobalID":"c495bd98-e88e-452e-898e-81c07fe50748","BlockNameShort":"1000 N ELMWOOD AVE"}},{"type":"Feature","id":717,"geometry":{"type":"LineString","coordinates":[[-87.7936998904262,41.903644754791],[-87.7937064065038,41.9038901262409],[-87.7937242515584,41.9045454252251],[-87.7937469199952,41.9053259939525],[-87.7937509331957,41.9055022182868],[-87.7937528954589,41.9055883684035]]},"properties":{"OBJECTID":717,"STREETNAME":"N EUCLID AVE","BLOCK":1000,"FIRST_FEATUREID":"026197492","BlockName":"1000 Block of N Euclid Ave","Count_":0,"Shape__Length":708.4135276680646,"GlobalID":"f2ebc3a8-bb38-435e-a768-477be3ee7901","BlockNameShort":"1000 N EUCLID AVE"}},{"type":"Feature","id":718,"geometry":{"type":"LineString","coordinates":[[-87.7964089546425,41.9035113338204],[-87.7964117687678,41.9036441075133],[-87.7964236313794,41.9040171333086],[-87.7964471249639,41.9050101100326],[-87.7964543756372,41.9052527899985],[-87.7964569745136,41.9053397749672]]},"properties":{"OBJECTID":718,"STREETNAME":"N GROVE AVE","BLOCK":1000,"FIRST_FEATUREID":"026197489","BlockName":"1000 Block of N Grove Ave","Count_":0,"Shape__Length":666.4268118507496,"GlobalID":"00354c89-1389-46c3-8418-0222a475778f","BlockNameShort":"1000 N GROVE AVE"}},{"type":"Feature","id":719,"geometry":{"type":"LineString","coordinates":[[-87.8053827287564,41.8978981126353],[-87.8054461271159,41.8996091202192],[-87.8054462684102,41.8996128887948],[-87.805451528825,41.8997534993842],[-87.8054515327852,41.899753603842]]},"properties":{"OBJECTID":719,"STREETNAME":"N HARLEM AVE","BLOCK":1000,"FIRST_FEATUREID":"026197556","BlockName":"1000 Block of N Harlem Ave","Count_":0,"Shape__Length":676.4113941696348,"GlobalID":"73a7d6dd-20bc-4862-acc0-5e78eae152d0","BlockNameShort":"1000 N HARLEM AVE"}},{"type":"Feature","id":720,"geometry":{"type":"LineString","coordinates":[[-87.7828790438515,41.9038146185664],[-87.7826480933549,41.9044730019744],[-87.7824221374684,41.9051309469252],[-87.7823255893793,41.9054087471176],[-87.7821873564286,41.905806467736]]},"properties":{"OBJECTID":720,"STREETNAME":"N HARVEY AVE","BLOCK":1000,"FIRST_FEATUREID":"026278","BlockName":"1000 Block of N Harvey Ave","Count_":0,"Shape__Length":749.8710193607993,"GlobalID":"80ed2df6-973c-4885-a6da-bb061fc44fa2","BlockNameShort":"1000 N HARVEY AVE"}},{"type":"Feature","id":721,"geometry":{"type":"LineString","coordinates":[[-87.7766495837855,41.9039066932393],[-87.7766555367953,41.9040820047149],[-87.7766991754395,41.905380516611],[-87.7767181344409,41.9057879526501],[-87.7767192669469,41.9058122826072],[-87.7767543189278,41.9058741653658]]},"properties":{"OBJECTID":721,"STREETNAME":"N HUMPHREY AVE","BLOCK":1000,"FIRST_FEATUREID":"026197503","BlockName":"1000 Block of N Humphrey Ave","Count_":0,"Shape__Length":719.1614692724212,"GlobalID":"97579098-b3b0-4376-9fa3-e83764703ad5","BlockNameShort":"1000 N HUMPHREY AVE"}},{"type":"Feature","id":722,"geometry":{"type":"MultiLineString","coordinates":[[[-87.7980814148209,41.903484341665],[-87.7980840397839,41.9036081443521],[-87.7981301108033,41.905225131849],[-87.7981326972912,41.90531589275]],[[-87.7978300824401,41.9034882225974],[-87.7978337887223,41.9036628500242],[-87.797887808642,41.9052318676476],[-87.7978908374425,41.9053198476658]]]},"properties":{"OBJECTID":722,"STREETNAME":"N KENILWORTH AVE","BLOCK":1000,"FIRST_FEATUREID":"026197487","BlockName":"1000 Block of N Kenilworth Ave","Count_":0,"Shape__Length":1335.2395399816623,"GlobalID":"1746bf98-e32b-4adb-bf66-78a4742c1e95","BlockNameShort":"1000 N KENILWORTH AVE"}},{"type":"Feature","id":723,"geometry":{"type":"LineString","coordinates":[[-87.7803131110543,41.9038525504993],[-87.7803157100539,41.9039545751033],[-87.7803282634832,41.9043302671627],[-87.7803541849717,41.9051194162665],[-87.7803759140415,41.9057406713889],[-87.7803788772265,41.9058253697803]]},"properties":{"OBJECTID":723,"STREETNAME":"N LOMBARD AVE","BLOCK":1000,"FIRST_FEATUREID":"026197500","BlockName":"1000 Block of N Lombard Ave","Count_":0,"Shape__Length":719.1331601270656,"GlobalID":"4c9ae159-decc-41d9-b71e-f1441a737ce3","BlockNameShort":"1000 N LOMBARD AVE"}},{"type":"Feature","id":724,"geometry":{"type":"LineString","coordinates":[[-87.8040542933602,41.9033887667053],[-87.8040622612913,41.9036062985966],[-87.8040943899342,41.9045154218835],[-87.8041154648748,41.9051261124451],[-87.8041158207639,41.9051378914312],[-87.804118514137,41.905227097814]]},"properties":{"OBJECTID":724,"STREETNAME":"N MARION ST","BLOCK":1000,"FIRST_FEATUREID":"026197483","BlockName":"1000 Block of N Marion St","Count_":0,"Shape__Length":670.1278554821412,"GlobalID":"d4b4a839-72d5-4c88-931a-2dacfa24ca35","BlockNameShort":"1000 N MARION ST"}},{"type":"Feature","id":725,"geometry":{"type":"LineString","coordinates":[[-87.7949126532088,41.9035837656708],[-87.7949176123397,41.9037747276192],[-87.7949182955033,41.9038010009412],[-87.7949327963545,41.9043617727074],[-87.7949526859905,41.9051294029325],[-87.7949563647515,41.9052712317894],[-87.7949587026875,41.9053613469474]]},"properties":{"OBJECTID":725,"STREETNAME":"N OAK PARK AVE","BLOCK":1000,"FIRST_FEATUREID":"026197490","BlockName":"1000 Block of N Oak Park Ave","Count_":0,"Shape__Length":647.8836716149463,"GlobalID":"7ecf6688-473e-489e-9244-569ad272f8fa","BlockNameShort":"1000 N OAK PARK AVE"}},{"type":"Feature","id":726,"geometry":{"type":"LineString","coordinates":[[-87.7841842673149,41.9038001627056],[-87.784139019834,41.9039498726904],[-87.7839919387495,41.904377764179],[-87.78386975792,41.904762361119],[-87.7838580651241,41.9047991605707],[-87.783677436135,41.9052919847028],[-87.7835801966757,41.9055960482428],[-87.7835528861112,41.9056578545436],[-87.7835163285176,41.9057098748894],[-87.7834561616099,41.9057648289194],[-87.7834391912902,41.9057771156175]]},"properties":{"OBJECTID":726,"STREETNAME":"N RIDGELAND AVE","BLOCK":1000,"FIRST_FEATUREID":"026197498","BlockName":"1000 Block of N Ridgeland Ave","Count_":0,"Shape__Length":752.2904183526049,"GlobalID":"a051eebf-f381-499b-a84c-ec528e31e7c6","BlockNameShort":"1000 N RIDGELAND AVE"}},{"type":"Feature","id":727,"geometry":{"type":"LineString","coordinates":[[-87.7778726992586,41.9038889831493],[-87.7778781031254,41.9040186059763],[-87.777898977056,41.9047127796198],[-87.7779141805962,41.9051964434988],[-87.7779346191995,41.9057689034157],[-87.7779378873278,41.9058604585244]]},"properties":{"OBJECTID":727,"STREETNAME":"N TAYLOR AVE","BLOCK":1000,"FIRST_FEATUREID":"026197502","BlockName":"1000 Block of N Taylor Ave","Count_":0,"Shape__Length":718.6412070127612,"GlobalID":"1968b077-26e6-4352-9bba-21747ad734d3","BlockNameShort":"1000 N TAYLOR AVE"}},{"type":"Feature","id":728,"geometry":{"type":"LineString","coordinates":[[-87.8007076364422,41.8872507791942],[-87.8014931626248,41.8872390518397],[-87.8020061781283,41.8872298733601],[-87.8021501922331,41.8872280150197],[-87.8022074569848,41.8872268528377],[-87.8022877557365,41.8872157808324],[-87.8023983191671,41.8871917199008]]},"properties":{"OBJECTID":728,"STREETNAME":"NORTH BLVD","BLOCK":1000,"FIRST_FEATUREID":"0261752","BlockName":"1000 Block of North Blvd","Count_":0,"Shape__Length":462.08473720243325,"GlobalID":"9e626e41-23ea-4a13-ab63-d6c81bf7d951","BlockNameShort":"1000 NORTH BLVD"}},{"type":"Feature","id":729,"geometry":{"type":"LineString","coordinates":[[-87.8011352595579,41.8912565929709],[-87.8018398366304,41.8912456414717],[-87.8019833343253,41.8912437917663],[-87.8022285273951,41.8912406340755],[-87.8027318250522,41.8912320872113]]},"properties":{"OBJECTID":729,"STREETNAME":"ONTARIO CT","BLOCK":1000,"FIRST_FEATUREID":"0262538","BlockName":"1000 Block of Ontario Ct","Count_":0,"Shape__Length":434.80794932294646,"GlobalID":"54a70751-72a8-4ab0-b7a3-11493230e7d8","BlockNameShort":"1000 ONTARIO CT"}},{"type":"Feature","id":730,"geometry":{"type":"LineString","coordinates":[[-87.8002467682061,41.8906302140571],[-87.8008216636486,41.8906284354418],[-87.8011101067913,41.8906253519331],[-87.8012548610059,41.8906238024712],[-87.8017520174173,41.8906126033421],[-87.8019594935392,41.8906076438072],[-87.8022646817093,41.8906003483501],[-87.8025426928672,41.8905929615838],[-87.8027089799711,41.890587858026]]},"properties":{"OBJECTID":730,"STREETNAME":"ONTARIO ST","BLOCK":1000,"FIRST_FEATUREID":"0261554","BlockName":"1000 Block of Ontario St","Count_":0,"Shape__Length":670.6538075553839,"GlobalID":"7303522c-46be-419a-b172-3cc98c084e46","BlockNameShort":"1000 ONTARIO ST"}},{"type":"Feature","id":731,"geometry":{"type":"LineString","coordinates":[[-87.8010694862202,41.883789761541],[-87.8013924761274,41.8837753139041],[-87.8016851593599,41.8837771905355],[-87.801684796459,41.8839033692487],[-87.8016959705344,41.884269696767],[-87.8018795114214,41.8842656061137],[-87.8024661031647,41.8842584127441]]},"properties":{"OBJECTID":731,"STREETNAME":"PLEASANT PL","BLOCK":1000,"FIRST_FEATUREID":"026998","BlockName":"1000 Block of Pleasant Pl","Count_":0,"Shape__Length":557.0823558301788,"GlobalID":"8de7267f-591e-4954-b82d-ece126c10ad3","BlockNameShort":"1000 PLEASANT PL"}},{"type":"Feature","id":732,"geometry":{"type":"LineString","coordinates":[[-87.8000888471889,41.8857497399863],[-87.8011987069257,41.8857337021509],[-87.8024038534921,41.8857127470228],[-87.8025211671825,41.8857107062456]]},"properties":{"OBJECTID":732,"STREETNAME":"PLEASANT ST","BLOCK":1000,"FIRST_FEATUREID":"026199521","BlockName":"1000 Block of Pleasant St","Count_":0,"Shape__Length":662.486834663425,"GlobalID":"ddbcd232-dc86-4356-b4e9-b2f2898856e9","BlockNameShort":"1000 PLEASANT ST"}},{"type":"Feature","id":733,"geometry":{"type":"LineString","coordinates":[[-87.8000023680545,41.8833243166765],[-87.8008096139544,41.8833057333471],[-87.8008640471103,41.8833044758683],[-87.8016205655677,41.8832878574652],[-87.8016865689017,41.8832864100731],[-87.8019411408719,41.8832808150292],[-87.8023158399179,41.8832686901431],[-87.8024397389161,41.8832646793302]]},"properties":{"OBJECTID":733,"STREETNAME":"RANDOLPH ST","BLOCK":1000,"FIRST_FEATUREID":"026220","BlockName":"1000 Block of Randolph St","Count_":0,"Shape__Length":664.0987502196476,"GlobalID":"27168325-9621-47fa-bba1-ad19dd12ce7a","BlockNameShort":"1000 RANDOLPH ST"}},{"type":"Feature","id":734,"geometry":{"type":"LineString","coordinates":[[-87.7742668951095,41.8690960650646],[-87.7742306298415,41.8679795164278],[-87.7742277539089,41.8678605767313],[-87.7742056487922,41.8672842436585]]},"properties":{"OBJECTID":734,"STREETNAME":"S AUSTIN BLVD","BLOCK":1000,"FIRST_FEATUREID":"026914","BlockName":"1000 Block of S Austin Blvd","Count_":0,"Shape__Length":660.4500729693345,"GlobalID":"0501b804-a042-40be-924c-294102b1bbcc","BlockNameShort":"1000 S AUSTIN BLVD"}},{"type":"Feature","id":735,"geometry":{"type":"LineString","coordinates":[[-87.7829239620727,41.8708244926766],[-87.7828873019554,41.8698250691192],[-87.7828700810435,41.8693287983049],[-87.7828622134528,41.8690847139432],[-87.7828594746337,41.8689997325419]]},"properties":{"OBJECTID":735,"STREETNAME":"S CUYLER AVE","BLOCK":1000,"FIRST_FEATUREID":"026201197","BlockName":"1000 Block of S Cuyler Ave","Count_":0,"Shape__Length":665.1838811992112,"GlobalID":"0e2bacd3-19b6-46cd-98d7-1b8209a2f7b6","BlockNameShort":"1000 S CUYLER AVE"}},{"type":"Feature","id":736,"geometry":{"type":"LineString","coordinates":[[-87.7890531321401,41.8707236722787],[-87.7890459085784,41.8705117814598],[-87.7890259708071,41.8698886859849],[-87.7889997155077,41.8691447575751],[-87.7889944170392,41.8689865454015],[-87.7889914349453,41.8688974781158]]},"properties":{"OBJECTID":736,"STREETNAME":"S EAST AVE","BLOCK":1000,"FIRST_FEATUREID":"026201192","BlockName":"1000 Block of S East Ave","Count_":0,"Shape__Length":665.6861097490457,"GlobalID":"e5eca24f-9078-4567-88cf-d8e0e5e57e41","BlockNameShort":"1000 S EAST AVE"}},{"type":"Feature","id":737,"geometry":{"type":"LineString","coordinates":[[-87.7853720842526,41.8706747000512],[-87.7853658218564,41.8704880790802],[-87.7853353501457,41.8697096628311],[-87.7853162143434,41.8690499372499],[-87.7853136582658,41.8689617956627]]},"properties":{"OBJECTID":737,"STREETNAME":"S ELMWOOD AVE","BLOCK":1000,"FIRST_FEATUREID":"026201195","BlockName":"1000 Block of S Elmwood Ave","Count_":0,"Shape__Length":624.3973046460078,"GlobalID":"5b4e8d6a-82af-4bcc-89b7-cfacd7f21333","BlockNameShort":"1000 S ELMWOOD AVE"}},{"type":"Feature","id":738,"geometry":{"type":"LineString","coordinates":[[-87.7927302580034,41.8706609625068],[-87.7927223080635,41.8704157530133],[-87.7927024567845,41.8698522091638],[-87.7926795698179,41.8691610693362],[-87.7926717278266,41.868920526774],[-87.7926688973909,41.86883372646]]},"properties":{"OBJECTID":738,"STREETNAME":"S EUCLID AVE","BLOCK":1000,"FIRST_FEATUREID":"026201189","BlockName":"1000 Block of S Euclid Ave","Count_":0,"Shape__Length":666.0629741888902,"GlobalID":"df07eb49-79c9-4fec-9245-7515a8eb0a45","BlockNameShort":"1000 S EUCLID AVE"}},{"type":"Feature","id":739,"geometry":{"type":"LineString","coordinates":[[-87.7952507797283,41.8706180845574],[-87.7952427388175,41.8704171888872],[-87.7952032315126,41.8692704807388],[-87.7951796371972,41.86887863982],[-87.7951743306264,41.8687905251605]]},"properties":{"OBJECTID":739,"STREETNAME":"S GROVE AVE","BLOCK":1000,"FIRST_FEATUREID":"026201187","BlockName":"1000 Block of S Grove Ave","Count_":0,"Shape__Length":666.3190394082696,"GlobalID":"8f67f3bc-687b-4944-98de-d5074bb0cd33","BlockNameShort":"1000 S GROVE AVE"}},{"type":"Feature","id":740,"geometry":{"type":"LineString","coordinates":[[-87.8043376390471,41.8686904379821],[-87.8043006765464,41.868656684834],[-87.8042328781673,41.8669330577048],[-87.8042717781067,41.86686654289]]},"properties":{"OBJECTID":740,"STREETNAME":"S HARLEM AVE","BLOCK":1000,"FIRST_FEATUREID":"0261174","BlockName":"1000 Block of S Harlem Ave","Count_":0,"Shape__Length":670.7158401870372,"GlobalID":"48824056-fb89-4c39-9023-651df1a5f67b","BlockNameShort":"1000 S HARLEM AVE"}},{"type":"Feature","id":741,"geometry":{"type":"LineString","coordinates":[[-87.7804654328075,41.8708255729784],[-87.7804272742637,41.8696892674188],[-87.7804128365393,41.8692514609499],[-87.7804075822437,41.8691253846389],[-87.7804038402159,41.8690355878097]]},"properties":{"OBJECTID":741,"STREETNAME":"S HARVEY AVE","BLOCK":1000,"FIRST_FEATUREID":"026201199","BlockName":"1000 Block of S Harvey Ave","Count_":0,"Shape__Length":652.4964262816128,"GlobalID":"3416a344-910b-43b1-8748-9a5fe5a8bb4e","BlockNameShort":"1000 S HARVEY AVE"}},{"type":"Feature","id":742,"geometry":{"type":"LineString","coordinates":[[-87.7755438005038,41.8705051814141],[-87.7755277510792,41.8700623255741],[-87.775517268571,41.8697730712736],[-87.775503708549,41.8693647971119],[-87.775497984327,41.8691962040165],[-87.7754950505754,41.8691098268717]]},"properties":{"OBJECTID":742,"STREETNAME":"S HUMPHREY AVE","BLOCK":1000,"FIRST_FEATUREID":"026201203","BlockName":"1000 Block of S Humphrey Ave","Count_":0,"Shape__Length":508.64789821446624,"GlobalID":"f34a1c7e-0eac-4020-89ce-4b991b2e3c82","BlockNameShort":"1000 S HUMPHREY AVE"}},{"type":"Feature","id":743,"geometry":{"type":"LineString","coordinates":[[-87.796558088246,41.8705945673162],[-87.7965265074361,41.8696564787746],[-87.7964973257399,41.8688538555557],[-87.796494154206,41.8687666062628]]},"properties":{"OBJECTID":743,"STREETNAME":"S KENILWORTH AVE","BLOCK":1000,"FIRST_FEATUREID":"026201185","BlockName":"1000 Block of S Kenilworth Ave","Count_":0,"Shape__Length":666.3448970679558,"GlobalID":"df180cf6-de55-41fd-a4c1-cdc106436e25","BlockNameShort":"1000 S KENILWORTH AVE"}},{"type":"Feature","id":744,"geometry":{"type":"LineString","coordinates":[[-87.779237110017,41.8707855419029],[-87.7792237222313,41.8704074288072],[-87.7792006160428,41.869732806805],[-87.7791813576019,41.8691425629196],[-87.7791784601606,41.8690537785146]]},"properties":{"OBJECTID":744,"STREETNAME":"S LOMBARD AVE","BLOCK":1000,"FIRST_FEATUREID":"026201200","BlockName":"1000 Block of S Lombard Ave","Count_":0,"Shape__Length":631.2655302514634,"GlobalID":"67a7efe6-4845-42d2-bdb3-a6f666aaeeff","BlockNameShort":"1000 S LOMBARD AVE"}},{"type":"Feature","id":745,"geometry":{"type":"LineString","coordinates":[[-87.8035377037764,41.8704721923093],[-87.8035268248578,41.8701711521877],[-87.8034848655818,41.8690900498356],[-87.8034719216859,41.8687361579302],[-87.8034686082705,41.8686455417705]]},"properties":{"OBJECTID":745,"STREETNAME":"S MAPLE AVE","BLOCK":1000,"FIRST_FEATUREID":"026201180","BlockName":"1000 Block of S Maple Ave","Count_":0,"Shape__Length":665.9052469709864,"GlobalID":"b6f6d127-1a6b-45d1-9e52-5e6ecb5eadfd","BlockNameShort":"1000 S MAPLE AVE"}},{"type":"Feature","id":746,"geometry":{"type":"LineString","coordinates":[[-87.7939441306379,41.8706399964013],[-87.7939280718421,41.8702769927592],[-87.7938980293964,41.8694135349327],[-87.7938833937725,41.8689621194777],[-87.7938810087714,41.8688987932882],[-87.7938777634258,41.8688125798787]]},"properties":{"OBJECTID":746,"STREETNAME":"S OAK PARK AVE","BLOCK":1000,"FIRST_FEATUREID":"026201188","BlockName":"1000 Block of S Oak Park Ave","Count_":0,"Shape__Length":666.1672593510293,"GlobalID":"1818c6f7-eeec-49ee-842d-87fc30f0b047","BlockNameShort":"1000 S OAK PARK AVE"}},{"type":"Feature","id":747,"geometry":{"type":"LineString","coordinates":[[-87.7841508052268,41.8707868333008],[-87.7841474288125,41.8706840995045],[-87.7841232357091,41.8699846102372],[-87.7840962190889,41.8692162264722],[-87.7840911890738,41.8690704212287],[-87.7840881096466,41.8689811363764]]},"properties":{"OBJECTID":747,"STREETNAME":"S RIDGELAND AVE","BLOCK":1000,"FIRST_FEATUREID":"026201196","BlockName":"1000 Block of S Ridgeland Ave","Count_":0,"Shape__Length":658.2262093687059,"GlobalID":"d64ffba4-224f-4a37-b2c2-3502554929fd","BlockNameShort":"1000 S RIDGELAND AVE"}},{"type":"Feature","id":748,"geometry":{"type":"LineString","coordinates":[[-87.7878132032003,41.8702419074343],[-87.7877896241738,41.8695864945515],[-87.7877746132117,41.8691669911362],[-87.7877689240239,41.8690067782878],[-87.7877657828616,41.86891834406]]},"properties":{"OBJECTID":748,"STREETNAME":"S SCOVILLE AVE","BLOCK":1000,"FIRST_FEATUREID":"026359","BlockName":"1000 Block of S Scoville Ave","Count_":0,"Shape__Length":482.4855581923918,"GlobalID":"fac1cdae-596a-4dfe-a377-da6deba967c5","BlockNameShort":"1000 S SCOVILLE AVE"}},{"type":"Feature","id":749,"geometry":{"type":"LineString","coordinates":[[-87.7780051389082,41.8706828844765],[-87.7779908376725,41.8702630709502],[-87.7779695327629,41.8696376306511],[-87.7779616075464,41.8694130705925],[-87.7779535130019,41.8691628507721],[-87.7779505451855,41.8690711209693]]},"properties":{"OBJECTID":749,"STREETNAME":"S TAYLOR AVE","BLOCK":1000,"FIRST_FEATUREID":"0262149","BlockName":"1000 Block of S Taylor Ave","Count_":0,"Shape__Length":587.5230122085384,"GlobalID":"430413b0-ec97-490a-b9b1-fdc0ee77dafa","BlockNameShort":"1000 S TAYLOR AVE"}},{"type":"Feature","id":750,"geometry":{"type":"LineString","coordinates":[[-87.8002230942444,41.8868075385315],[-87.8004023277409,41.8868002664493],[-87.8005434397271,41.8867719968068],[-87.8007600064993,41.88676745794],[-87.8010970146788,41.8867649039705],[-87.8017725964295,41.8867482741226],[-87.8023665515476,41.8867432005674],[-87.8024364312017,41.8867421542175],[-87.8025312646153,41.8867407324803]]},"properties":{"OBJECTID":750,"STREETNAME":"SOUTH BLVD","BLOCK":1000,"FIRST_FEATUREID":"026199524","BlockName":"1000 Block of South Blvd","Count_":0,"Shape__Length":630.0923150286981,"GlobalID":"3cc8ccb8-5ec9-4dbf-967b-13b9db2c717f","BlockNameShort":"1000 SOUTH BLVD"}},{"type":"Feature","id":751,"geometry":{"type":"LineString","coordinates":[[-87.8003067787983,41.8931121706849],[-87.8010086216543,41.8930989112488],[-87.8011383312609,41.8930964611853],[-87.8019726966203,41.8930825422559],[-87.8026330272711,41.8930793933163],[-87.8027895301811,41.8930728363003]]},"properties":{"OBJECTID":751,"STREETNAME":"SUPERIOR ST","BLOCK":1000,"FIRST_FEATUREID":"0262154","BlockName":"1000 Block of Superior St","Count_":0,"Shape__Length":676.1875226436041,"GlobalID":"a816b949-1204-47c0-8431-76e8aa890673","BlockNameShort":"1000 SUPERIOR ST"}},{"type":"Feature","id":752,"geometry":{"type":"LineString","coordinates":[[-87.8017251846417,41.8799934816226],[-87.8021969817067,41.8799869276791],[-87.8023199011299,41.879985220937]]},"properties":{"OBJECTID":752,"STREETNAME":"SUSAN COLLINS LN","BLOCK":1000,"FIRST_FEATUREID":"026199918","BlockName":"1000 Block of Susan Collins Ln","Count_":0,"Shape__Length":161.9867227421292,"GlobalID":"3f5ededb-9cc7-4f66-83f7-b66df2f9dacf","BlockNameShort":"1000 SUSAN COLLINS LN"}},{"type":"Feature","id":753,"geometry":{"type":"LineString","coordinates":[[-87.800892189001,41.8997772005115],[-87.8012890610589,41.8997703408789],[-87.802151619446,41.8997558104039],[-87.8022794569485,41.8997537384566],[-87.8024098231312,41.8997516258385],[-87.8028273270684,41.8997448562764],[-87.803419599746,41.8997354029982],[-87.8034754429368,41.899734510944],[-87.8039277115603,41.8997253237098]]},"properties":{"OBJECTID":753,"STREETNAME":"THOMAS ST","BLOCK":1000,"FIRST_FEATUREID":"026197558","BlockName":"1000 Block of Thomas St","Count_":0,"Shape__Length":826.6247516643027,"GlobalID":"47a9d549-2cd7-4066-aeb8-c6323f6e7b47","BlockNameShort":"1000 THOMAS ST"}},{"type":"Feature","id":754,"geometry":{"type":"LineString","coordinates":[[-87.8007889430937,41.8826851623207],[-87.8010636672108,41.8826767482558],[-87.8013255652234,41.8826714928441],[-87.8015991674015,41.8826660020177]]},"properties":{"OBJECTID":754,"STREETNAME":"WALNUT WAY","BLOCK":1000,"FIRST_FEATUREID":"026466658","BlockName":"1000 Block of Walnut Way","Count_":0,"Shape__Length":220.7540066905977,"GlobalID":"a3bee804-f950-455a-939c-58ac7da0dbcc","BlockNameShort":"1000 WALNUT WAY"}},{"type":"Feature","id":755,"geometry":{"type":"LineString","coordinates":[[-87.7999369498057,41.8814857926198],[-87.8005770512945,41.8814751992921],[-87.8007474689642,41.8814721290689],[-87.8015612659359,41.8814574557858],[-87.8020203595906,41.8814491745215],[-87.8023718977998,41.881442902555]]},"properties":{"OBJECTID":755,"STREETNAME":"WASHINGTON BLVD","BLOCK":1000,"FIRST_FEATUREID":"0261965","BlockName":"1000 Block of Washington Blvd","Count_":0,"Shape__Length":663.2769975643763,"GlobalID":"d2a345bf-072c-4df5-aeb2-cd7323c694be","BlockNameShort":"1000 WASHINGTON BLVD"}},{"type":"Feature","id":756,"geometry":{"type":"LineString","coordinates":[[-87.8005792386047,41.8705243217982],[-87.800567927621,41.870203292646],[-87.8005423854213,41.8694944421213],[-87.8005196577174,41.8689065452696],[-87.800515163337,41.8687832743248],[-87.8005120171469,41.8686969571106]]},"properties":{"OBJECTID":756,"STREETNAME":"WENONAH AVE","BLOCK":1000,"FIRST_FEATUREID":"026964","BlockName":"1000 Block of Wenonah Ave","Count_":0,"Shape__Length":666.1514067701315,"GlobalID":"ef14cc2e-73df-4247-b3d0-39e32dfe2287","BlockNameShort":"1000 WENONAH AVE"}},{"type":"Feature","id":757,"geometry":{"type":"LineString","coordinates":[[-87.7915051994835,41.8706815730963],[-87.7915004953321,41.8705456717267],[-87.7914776436038,41.8698344713328],[-87.7914516053494,41.869126660018],[-87.791445314149,41.8689435073019],[-87.7914422397472,41.8688539849653]]},"properties":{"OBJECTID":757,"STREETNAME":"WESLEY AVE","BLOCK":1000,"FIRST_FEATUREID":"026201190","BlockName":"1000 Block of Wesley Ave","Count_":0,"Shape__Length":666.2029285861727,"GlobalID":"47b123eb-30e7-41e7-9e27-3dd6f33bda4a","BlockNameShort":"1000 WESLEY AVE"}},{"type":"Feature","id":758,"geometry":{"type":"LineString","coordinates":[[-87.8019811204867,41.8705002343258],[-87.8019700343012,41.8701785589941],[-87.8019387931038,41.8693136984476],[-87.8019205017149,41.8688667948656],[-87.8019165813623,41.8687588261992],[-87.8019134886739,41.8686736752159]]},"properties":{"OBJECTID":758,"STREETNAME":"WISCONSIN AVE","BLOCK":1000,"FIRST_FEATUREID":"026201181","BlockName":"1000 Block of Wisconsin Ave","Count_":0,"Shape__Length":665.8616148963215,"GlobalID":"7e59dc68-baf5-4c00-842f-8f4c35e69f91","BlockNameShort":"1000 WISCONSIN AVE"}},{"type":"Feature","id":759,"geometry":{"type":"LineString","coordinates":[[-87.7994366793892,41.9034623170723],[-87.7994608248845,41.9043076937322],[-87.799484172331,41.9050416125883],[-87.7994897323275,41.9052059270424],[-87.7994927006771,41.9052936150301]]},"properties":{"OBJECTID":759,"STREETNAME":"WOODBINE AVE","BLOCK":1000,"FIRST_FEATUREID":"026614","BlockName":"1000 Block of Woodbine Ave","Count_":0,"Shape__Length":667.5117805627921,"GlobalID":"1306059b-001d-4347-be7d-426ffb0a687e","BlockNameShort":"1000 WOODBINE AVE"}},{"type":"Feature","id":760,"geometry":{"type":"LineString","coordinates":[[-87.8022048943996,41.8767960451269],[-87.8026062486158,41.8767903836324],[-87.8029892780784,41.8767840058724],[-87.8037673781732,41.8767710454459]]},"properties":{"OBJECTID":760,"STREETNAME":"ADAMS ST","BLOCK":1100,"FIRST_FEATUREID":"0261937","BlockName":"1100 Block of Adams St","Count_":0,"Shape__Length":425.62938419552904,"GlobalID":"984f8738-f50e-4dd1-aceb-f2d88fef8e24","BlockNameShort":"1100 ADAMS ST"}},{"type":"Feature","id":761,"geometry":{"type":"LineString","coordinates":[[-87.8038650241983,41.897898125139],[-87.8039886068617,41.8978958497973],[-87.8041364721653,41.8978931253152],[-87.8046990985773,41.8978824348766],[-87.8052389124293,41.8978765760453],[-87.8052651979521,41.8978805116674],[-87.8053807115125,41.8978978107502],[-87.8053827287564,41.8978981126353]]},"properties":{"OBJECTID":761,"STREETNAME":"AUGUSTA ST","BLOCK":1100,"FIRST_FEATUREID":"026197582","BlockName":"1100 Block of Augusta St","Count_":0,"Shape__Length":414.0663114705063,"GlobalID":"b038a735-f05d-4a88-984a-e51c1099272f","BlockNameShort":"1100 AUGUSTA ST"}},{"type":"Feature","id":762,"geometry":{"type":"LineString","coordinates":[[-87.8040542933602,41.9033887667053],[-87.8043655803923,41.903383491715],[-87.8048158668413,41.9033772224939],[-87.8055697604054,41.9033667228448],[-87.8055787389167,41.9033665975462]]},"properties":{"OBJECTID":762,"STREETNAME":"BERKSHIRE ST","BLOCK":1100,"FIRST_FEATUREID":"0262331","BlockName":"1100 Block of Berkshire St","Count_":0,"Shape__Length":415.0789060390985,"GlobalID":"d92cf634-60c5-4816-b932-58f0e5f8437e","BlockNameShort":"1100 BERKSHIRE ST"}},{"type":"Feature","id":763,"geometry":{"type":"LineString","coordinates":[[-87.8028280607883,41.8942637512469],[-87.8031248984339,41.8942586622036],[-87.8031470992815,41.8942582812212],[-87.8032656278639,41.8942554782223],[-87.8034837504516,41.8942503156972],[-87.8038370798973,41.8942419534096],[-87.8039571217401,41.8942406323342],[-87.8043835113513,41.8942359373012],[-87.8049724543895,41.8942236641485],[-87.8051281305072,41.8942284048344],[-87.8052450954295,41.894231966118]]},"properties":{"OBJECTID":763,"STREETNAME":"CHICAGO AVE","BLOCK":1100,"FIRST_FEATUREID":"026829","BlockName":"1100 Block of Chicago Ave","Count_":0,"Shape__Length":658.3402490031676,"GlobalID":"ab835a6a-703c-49f0-8a54-e6a98d44e1bb","BlockNameShort":"1100 CHICAGO AVE"}},{"type":"Feature","id":764,"geometry":{"type":"LineString","coordinates":[[-87.7902167421188,41.8688760005295],[-87.7902077988909,41.8686044248889],[-87.7901898580503,41.8680694286392],[-87.7901606679503,41.8672240048169],[-87.7901550809652,41.867049890273],[-87.7901416407237,41.8666308796804],[-87.7901100425025,41.8656806187861],[-87.7901097149993,41.8656707872615],[-87.7900913343859,41.8652281695362]]},"properties":{"OBJECTID":764,"STREETNAME":"CLARENCE AVE","BLOCK":1100,"FIRST_FEATUREID":"0262482","BlockName":"1100 Block of Clarence Ave","Count_":0,"Shape__Length":1329.7273560530073,"GlobalID":"fac5d5b2-02fd-49bd-bbf2-7824c161fe78","BlockNameShort":"1100 CLARENCE AVE"}},{"type":"Feature","id":765,"geometry":{"type":"LineString","coordinates":[[-87.7978023835878,41.8687429197481],[-87.7977912490669,41.8684269735131],[-87.7977402226306,41.8670626741493],[-87.7977360128729,41.8669160557241],[-87.7977293567537,41.8666842990942],[-87.7976916435498,41.8656341146629],[-87.7976867119669,41.8655035748128],[-87.7976788067742,41.8652939319984],[-87.797669012017,41.8650950863158]]},"properties":{"OBJECTID":765,"STREETNAME":"CLINTON AVE","BLOCK":1100,"FIRST_FEATUREID":"026534","BlockName":"1100 Block of Clinton Ave","Count_":0,"Shape__Length":1329.7878188073462,"GlobalID":"646dac4c-688e-4f80-9998-7a4fd4fcd4c3","BlockNameShort":"1100 CLINTON AVE"}},{"type":"Feature","id":766,"geometry":{"type":"LineString","coordinates":[[-87.791327647653,41.9056204134037],[-87.7913322125052,41.9058399242344],[-87.7913499339688,41.9064202226772],[-87.7913649848985,41.9069774291553],[-87.7913702926505,41.9071476012413],[-87.7913730195656,41.9072350253583]]},"properties":{"OBJECTID":766,"STREETNAME":"COLUMBIAN AVE","BLOCK":1100,"FIRST_FEATUREID":"026197473","BlockName":"1100 Block of Columbian Ave","Count_":0,"Shape__Length":588.5071541431163,"GlobalID":"cce470b1-6dcf-4545-aff6-914e3120b5b8","BlockNameShort":"1100 COLUMBIAN AVE"}},{"type":"Feature","id":767,"geometry":{"type":"LineString","coordinates":[[-87.8039897703504,41.9015510755288],[-87.8043952629363,41.9015450678232],[-87.804758500181,41.9015384770464],[-87.8050128422827,41.9015338601076],[-87.8053178818169,41.9015242591561],[-87.8055066035939,41.9015397617982],[-87.8055156193057,41.9015405028027]]},"properties":{"OBJECTID":767,"STREETNAME":"DIVISION ST","BLOCK":1100,"FIRST_FEATUREID":"0261287","BlockName":"1100 Block of Division St","Count_":0,"Shape__Length":415.8631325264799,"GlobalID":"6a9f02ec-0254-4ac3-a238-76b37c660510","BlockNameShort":"1100 DIVISION ST"}},{"type":"Feature","id":768,"geometry":{"type":"LineString","coordinates":[[-87.784633784279,41.9057064325687],[-87.7846757897794,41.9069014538623],[-87.7846866602567,41.9072263112929],[-87.7846898010688,41.9073202145745]]},"properties":{"OBJECTID":768,"STREETNAME":"EDMER AVE","BLOCK":1100,"FIRST_FEATUREID":"026197478","BlockName":"1100 Block of Edmer Ave","Count_":0,"Shape__Length":588.2713655675246,"GlobalID":"bac75cf4-d09d-402b-8669-35ec4ccd2ce1","BlockNameShort":"1100 EDMER AVE"}},{"type":"Feature","id":769,"geometry":{"type":"LineString","coordinates":[[-87.8027545570644,41.8918683315661],[-87.8033166605692,41.8918560734169],[-87.8033897314391,41.8918544803097],[-87.8036203499801,41.8918494517076],[-87.8038825573947,41.8918440748979],[-87.804260512662,41.8918363218107],[-87.8043067605957,41.8918357668809],[-87.8045004000676,41.8918334454455],[-87.8045290186647,41.8918331018518],[-87.8049599509281,41.8918279339894],[-87.8051553884815,41.8918245519169]]},"properties":{"OBJECTID":769,"STREETNAME":"ERIE ST","BLOCK":1100,"FIRST_FEATUREID":"0261713","BlockName":"1100 Block of Erie St","Count_":0,"Shape__Length":653.9006936532555,"GlobalID":"f5627a7e-9324-4341-9026-0e21e768e708","BlockNameShort":"1100 ERIE ST"}},{"type":"Feature","id":770,"geometry":{"type":"LineString","coordinates":[[-87.7886590031005,41.9056549623392],[-87.7886621158079,41.9057745457957],[-87.7886848304491,41.9064172456286],[-87.7887052679646,41.9070381985938],[-87.7887092851361,41.9071808503025],[-87.7887117746432,41.9072692619244]]},"properties":{"OBJECTID":770,"STREETNAME":"FAIR OAKS AVE","BLOCK":1100,"FIRST_FEATUREID":"026197475","BlockName":"1100 Block of Fair Oaks Ave","Count_":0,"Shape__Length":588.4388516627708,"GlobalID":"fd408c6e-e025-4406-b4b8-e61e1c3a0cb3","BlockNameShort":"1100 FAIR OAKS AVE"}},{"type":"Feature","id":771,"geometry":{"type":"LineString","coordinates":[[-87.801846485816,41.8668450187969],[-87.8020301607728,41.8668414065371],[-87.8025867714359,41.8668283105317],[-87.8026336240928,41.8668274628335],[-87.8034065061721,41.8668134622879]]},"properties":{"OBJECTID":771,"STREETNAME":"FILLMORE ST","BLOCK":1100,"FIRST_FEATUREID":"0261041","BlockName":"1100 Block of Fillmore St","Count_":0,"Shape__Length":425.0844103198599,"GlobalID":"005ee39d-8721-4572-b39b-b4b69d4981ae","BlockNameShort":"1100 FILLMORE ST"}},{"type":"Feature","id":772,"geometry":{"type":"LineString","coordinates":[[-87.8020484216725,41.8723244972138],[-87.8023027184692,41.8723203991091],[-87.8030631453076,41.8723082430999],[-87.8036042203914,41.8722968981975],[-87.8037785803461,41.8722932401964],[-87.8043599999163,41.8722873024568],[-87.8044685769995,41.8723162732161]]},"properties":{"OBJECTID":772,"STREETNAME":"GARFIELD ST","BLOCK":1100,"FIRST_FEATUREID":"026201172","BlockName":"1100 Block of Garfield St","Count_":0,"Shape__Length":661.1410257643986,"GlobalID":"59bd7721-dc1c-4fe0-a54f-203b7638b19b","BlockNameShort":"1100 GARFIELD ST"}},{"type":"Feature","id":773,"geometry":{"type":"LineString","coordinates":[[-87.804118514137,41.905227097814],[-87.8044936397454,41.90522143332],[-87.8048834325804,41.9052161006994],[-87.8049545007855,41.9052151303402],[-87.8054859848033,41.9052067345534],[-87.8056337106402,41.905216548359],[-87.8056471247164,41.9052174392146]]},"properties":{"OBJECTID":773,"STREETNAME":"GREENFIELD ST","BLOCK":1100,"FIRST_FEATUREID":"0261051","BlockName":"1100 Block of Greenfield St","Count_":0,"Shape__Length":416.3689618544267,"GlobalID":"5879e4ab-ea78-46c0-87c3-ac04d89b9f4c","BlockNameShort":"1100 GREENFIELD ST"}},{"type":"Feature","id":774,"geometry":{"type":"LineString","coordinates":[[-87.7865399825039,41.868939274546],[-87.786528881796,41.8685681966127],[-87.786510465269,41.8680237853458],[-87.7864813608708,41.8672342058775],[-87.7864778668817,41.8671138922761],[-87.786472306104,41.8669224703438],[-87.7864543208184,41.8663317922049],[-87.7864314554189,41.8657433533332]]},"properties":{"OBJECTID":774,"STREETNAME":"GUNDERSON AVE","BLOCK":1100,"FIRST_FEATUREID":"0262708","BlockName":"1100 Block of Gunderson Ave","Count_":0,"Shape__Length":1164.9875707318406,"GlobalID":"73411678-08c0-43eb-abde-5aad1d4ab992","BlockNameShort":"1100 GUNDERSON AVE"}},{"type":"Feature","id":775,"geometry":{"type":"LineString","coordinates":[[-87.8020969211489,41.8737039634549],[-87.8025901746283,41.8737447346683],[-87.8028739191051,41.8737677853356],[-87.8031295579889,41.8737885546269],[-87.8035400032725,41.8738219257459],[-87.8035763463379,41.8738272793808],[-87.8036080760445,41.8738353568762],[-87.8036290941419,41.8738467873606],[-87.8036379900456,41.8738500390206],[-87.803640910073,41.8738531046572]]},"properties":{"OBJECTID":775,"STREETNAME":"HARRISON ST","BLOCK":1100,"FIRST_FEATUREID":"026186","BlockName":"1100 Block of Harrison St","Count_":0,"Shape__Length":425.74135450477473,"GlobalID":"b3e0fe4a-76be-4133-a0b6-9cb5dc9dcbfc","BlockNameShort":"1100 HARRISON ST"}},{"type":"Feature","id":776,"geometry":{"type":"LineString","coordinates":[[-87.8019134886739,41.8686736752159],[-87.8022031203002,41.8686684560151],[-87.8026812160612,41.8686595251799],[-87.8026972665172,41.8686592392019],[-87.8034686082705,41.8686455417705]]},"properties":{"OBJECTID":776,"STREETNAME":"HARVARD ST","BLOCK":1100,"FIRST_FEATUREID":"0262007","BlockName":"1100 Block of Harvard St","Count_":0,"Shape__Length":423.70358373655085,"GlobalID":"e0466fc3-d03d-43b0-bd75-215428380b86","BlockNameShort":"1100 HARVARD ST"}},{"type":"Feature","id":777,"geometry":{"type":"LineString","coordinates":[[-87.7794039922808,41.905841433934],[-87.7794455558828,41.9069471844351],[-87.7794460754286,41.9069609792372],[-87.7794564999852,41.9073738179183]]},"properties":{"OBJECTID":777,"STREETNAME":"HAYES AVE","BLOCK":1100,"FIRST_FEATUREID":"0262454","BlockName":"1100 Block of Hayes Ave","Count_":0,"Shape__Length":558.5994424732462,"GlobalID":"18ef20bb-5bca-49ab-b69e-aab939be07dc","BlockNameShort":"1100 HAYES AVE"}},{"type":"Feature","id":778,"geometry":{"type":"LineString","coordinates":[[-87.7816321616074,41.8690177591965],[-87.7816243020021,41.8687619495855],[-87.7816042848023,41.868186354555],[-87.7815757615957,41.8673661775909],[-87.7815697385726,41.8671922505393],[-87.7815575552491,41.8668406197112],[-87.7815277998529,41.8659460410675],[-87.781523047248,41.8658139177211],[-87.7815070893057,41.8653702866503]]},"properties":{"OBJECTID":778,"STREETNAME":"HIGHLAND AVE","BLOCK":1100,"FIRST_FEATUREID":"0261656","BlockName":"1100 Block of Highland Ave","Count_":0,"Shape__Length":1329.59331649035,"GlobalID":"2084152b-7361-47fb-a1da-6acda6e0b4fb","BlockNameShort":"1100 HIGHLAND AVE"}},{"type":"Feature","id":779,"geometry":{"type":"LineString","coordinates":[[-87.8026743307277,41.8897339547375],[-87.8032373803179,41.8897157653658]]},"properties":{"OBJECTID":779,"STREETNAME":"HOLLEY CT","BLOCK":1100,"FIRST_FEATUREID":"0261160","BlockName":"1100 Block of Holley Ct","Count_":0,"Shape__Length":153.4548528453257,"GlobalID":"7e79a3f5-8dd6-4752-b46c-81b5460256c9","BlockNameShort":"1100 HOLLEY CT"}},{"type":"Feature","id":780,"geometry":{"type":"LineString","coordinates":[[-87.7991101893286,41.8687215374489],[-87.7990979360223,41.8683888766151],[-87.799062516654,41.8674042910695],[-87.7990438242154,41.8668938701481],[-87.7990342792875,41.8666332422647],[-87.7989955826348,41.8654972461793],[-87.7989926813324,41.8654121553872],[-87.798981992384,41.8650716965302]]},"properties":{"OBJECTID":780,"STREETNAME":"HOME AVE","BLOCK":1100,"FIRST_FEATUREID":"0261621","BlockName":"1100 Block of Home Ave","Count_":0,"Shape__Length":1330.476272944999,"GlobalID":"e8d3a3cd-d834-4627-955a-f0a4ee69a71c","BlockNameShort":"1100 HOME AVE"}},{"type":"Feature","id":781,"geometry":{"type":"MultiLineString","coordinates":[[[-87.802156484035,41.8753814783467],[-87.802521057107,41.8753752166478],[-87.8028687226124,41.8753688099717],[-87.8029353849784,41.8753673838017],[-87.8036230384507,41.875352670464]],[[-87.8037400226009,41.8760193505467],[-87.8042326589554,41.8760100130997],[-87.8046010821062,41.8759851704271]]]},"properties":{"OBJECTID":781,"STREETNAME":"JACKSON BLVD","BLOCK":1100,"FIRST_FEATUREID":"0262801","BlockName":"1100 Block of Jackson Blvd","Count_":0,"Shape__Length":634.5106824082324,"GlobalID":"f42cada3-1bd3-404c-8f1e-21402a823c7c","BlockNameShort":"1100 JACKSON BLVD"}},{"type":"Feature","id":782,"geometry":{"type":"LineString","coordinates":[[-87.8026282533509,41.8886467242843],[-87.803073156062,41.8886416721532],[-87.803727382463,41.8886071774701],[-87.8040502933637,41.8886010844131],[-87.8047290167185,41.8885882736315],[-87.8049299377035,41.8885851728671],[-87.8050552454891,41.888583238318]]},"properties":{"OBJECTID":782,"STREETNAME":"LAKE ST","BLOCK":1100,"FIRST_FEATUREID":"026353335","BlockName":"1100 Block of Lake St","Count_":0,"Shape__Length":661.4150572804921,"GlobalID":"d969757c-f501-4c9a-973d-e2546985221d","BlockNameShort":"1100 LAKE ST"}},{"type":"Feature","id":783,"geometry":{"type":"LineString","coordinates":[[-87.8041750662119,41.90706065448],[-87.8045863743937,41.9070540255995],[-87.804948123309,41.9070485690421],[-87.8053474279836,41.9070425439511],[-87.8056969128627,41.9070445977995],[-87.8057242155405,41.9070447583625]]},"properties":{"OBJECTID":783,"STREETNAME":"LE MOYNE PKWY","BLOCK":1100,"FIRST_FEATUREID":"0261819","BlockName":"1100 Block of Le Moyne Pkwy","Count_":0,"Shape__Length":421.77214154513956,"GlobalID":"2c33fb83-0f70-4e1f-929d-9dc0e162540c","BlockNameShort":"1100 LE MOYNE PKWY"}},{"type":"Feature","id":784,"geometry":{"type":"LineString","coordinates":[[-87.8019811204867,41.8705002343258],[-87.8023012346299,41.8704946103069],[-87.8027549983758,41.8704865480493],[-87.8031727676532,41.8704791254541],[-87.8035377037764,41.8704721923093],[-87.8038073852228,41.8704670688133],[-87.8042958697903,41.8704599627576],[-87.8044024804086,41.8704859984043]]},"properties":{"OBJECTID":784,"STREETNAME":"LEXINGTON ST","BLOCK":1100,"FIRST_FEATUREID":"026618","BlockName":"1100 Block of Lexington St","Count_":0,"Shape__Length":661.1878585192762,"GlobalID":"865675ef-a670-4014-b395-f5f070de0bc0","BlockNameShort":"1100 LEXINGTON ST"}},{"type":"Feature","id":785,"geometry":{"type":"LineString","coordinates":[[-87.792538696141,41.9056048742705],[-87.7925488479615,41.9059593272551],[-87.7925664430899,41.9065690435082],[-87.7925820662549,41.9071322505805],[-87.7925822445762,41.9071386843451],[-87.7925848014529,41.9072217454903]]},"properties":{"OBJECTID":785,"STREETNAME":"LINDEN AVE","BLOCK":1100,"FIRST_FEATUREID":"026197472","BlockName":"1100 Block of Linden Ave","Count_":0,"Shape__Length":589.3326442022368,"GlobalID":"09292672-2d38-4436-952e-cde5d52bec2e","BlockNameShort":"1100 LINDEN AVE"}},{"type":"Feature","id":786,"geometry":{"type":"LineString","coordinates":[[-87.7767213904564,41.8690896714554],[-87.7767142637598,41.8688831265682],[-87.7766875021434,41.8680956135225],[-87.7766638917726,41.8674442046334],[-87.7766571729774,41.8672598209608],[-87.7766483239078,41.8670169306174],[-87.7766330802076,41.8665989614087],[-87.776608657288,41.8658898497581],[-87.7766004978984,41.8656530220228],[-87.7765939798118,41.8654336005125]]},"properties":{"OBJECTID":786,"STREETNAME":"LYMAN AVE","BLOCK":1100,"FIRST_FEATUREID":"0261679","BlockName":"1100 Block of Lyman Ave","Count_":0,"Shape__Length":1332.7430356030845,"GlobalID":"d96bb522-2661-49e4-a465-8cd6cfefa641","BlockNameShort":"1100 LYMAN AVE"}},{"type":"Feature","id":787,"geometry":{"type":"LineString","coordinates":[[-87.8023164549502,41.8796364874426],[-87.8028218224437,41.8796278406914],[-87.8035896318391,41.8796126146298],[-87.8038655969322,41.8796231301959],[-87.8041318380734,41.8796332725656],[-87.8044988175021,41.8796468124695],[-87.8045583923088,41.8796489946169],[-87.8047339103213,41.8796626307285]]},"properties":{"OBJECTID":787,"STREETNAME":"MADISON ST","BLOCK":1100,"FIRST_FEATUREID":"0261650","BlockName":"1100 Block of Madison St","Count_":0,"Shape__Length":659.0478557232378,"GlobalID":"bdfa9def-788e-4809-8069-0e0048b62ff6","BlockNameShort":"1100 MADISON ST"}},{"type":"Feature","id":788,"geometry":{"type":"LineString","coordinates":[[-87.8033531178671,41.8971053723441],[-87.8039468438293,41.8970952954836],[-87.8039570597198,41.8970950922833],[-87.8045364690298,41.897083576956],[-87.8053520887162,41.8970696759656],[-87.805352979388,41.8970696611535]]},"properties":{"OBJECTID":788,"STREETNAME":"MILLER AVE","BLOCK":1100,"FIRST_FEATUREID":"026336","BlockName":"1100 Block of Miller Ave","Count_":0,"Shape__Length":544.631970480702,"GlobalID":"19ae1d2a-749b-49f3-9e08-c2e3ca3d525c","BlockNameShort":"1100 MILLER AVE"}},{"type":"Feature","id":789,"geometry":{"type":"LineString","coordinates":[[-87.8038172744785,41.8781789960692],[-87.8040972816581,41.878176911389],[-87.8046798598059,41.8781662308221]]},"properties":{"OBJECTID":789,"STREETNAME":"MONROE ST","BLOCK":1100,"FIRST_FEATUREID":"0262408","BlockName":"1100 Block of Monroe St","Count_":0,"Shape__Length":234.96541314117562,"GlobalID":"450c9429-3444-4dba-bb44-488bba103cee","BlockNameShort":"1100 MONROE ST"}},{"type":"Feature","id":790,"geometry":{"type":"LineString","coordinates":[[-87.7753084780182,41.9001769048853],[-87.7753164465371,41.9004241013873],[-87.7753274916911,41.9007671018119],[-87.7753391207317,41.9011359304059],[-87.7753503128605,41.9014789603114],[-87.7753599712734,41.9017798675425],[-87.7753619865673,41.9018426832474],[-87.7753669424629,41.9020001839808]]},"properties":{"OBJECTID":790,"STREETNAME":"N AUSTIN BLVD","BLOCK":1100,"FIRST_FEATUREID":"026853","BlockName":"1100 Block of N Austin Blvd","Count_":0,"Shape__Length":664.6064317565183,"GlobalID":"e0b0c5e0-ede4-4fdf-a3e1-a8b2d60edbfb","BlockNameShort":"1100 N AUSTIN BLVD"}},{"type":"Feature","id":791,"geometry":{"type":"LineString","coordinates":[[-87.790113287882,41.9056375095969],[-87.7901165079052,41.9057500141553],[-87.7901353825042,41.9063921733584],[-87.7901559084107,41.9071084346258],[-87.7901577602605,41.9071648145321],[-87.7901605538548,41.9072498647962]]},"properties":{"OBJECTID":791,"STREETNAME":"N EAST AVE","BLOCK":1100,"FIRST_FEATUREID":"026197474","BlockName":"1100 Block of N East Ave","Count_":0,"Shape__Length":587.6944463426466,"GlobalID":"40733442-7320-4122-8f3b-9c6c4c226899","BlockNameShort":"1100 N EAST AVE"}},{"type":"Feature","id":792,"geometry":{"type":"LineString","coordinates":[[-87.7872197453102,41.9056742931158],[-87.7872338561832,41.9057414733316],[-87.7872587026624,41.9062615969577],[-87.7872873521649,41.9070941437576],[-87.7872907719044,41.9071989000905],[-87.7872936676792,41.9072876368943]]},"properties":{"OBJECTID":792,"STREETNAME":"N ELMWOOD AVE","BLOCK":1100,"FIRST_FEATUREID":"026197476","BlockName":"1100 Block of N Elmwood Ave","Count_":0,"Shape__Length":588.4551240851991,"GlobalID":"7925afc2-e044-4243-b445-075b2fd43a5c","BlockNameShort":"1100 N ELMWOOD AVE"}},{"type":"Feature","id":793,"geometry":{"type":"LineString","coordinates":[[-87.7937528954589,41.9055883684035],[-87.793756737124,41.9057569129271],[-87.7937740288766,41.9063559252684],[-87.793790805098,41.9069987321344],[-87.7937943123801,41.9071171135352],[-87.7937969638902,41.9072065855167]]},"properties":{"OBJECTID":793,"STREETNAME":"N EUCLID AVE","BLOCK":1100,"FIRST_FEATUREID":"026197471","BlockName":"1100 Block of N Euclid Ave","Count_":0,"Shape__Length":589.8120002484821,"GlobalID":"d53734cf-e024-4365-9368-510444267277","BlockNameShort":"1100 N EUCLID AVE"}},{"type":"Feature","id":794,"geometry":{"type":"LineString","coordinates":[[-87.7964569745136,41.9053397749672],[-87.7964601504576,41.9054460659159],[-87.7964738377378,41.905952085688],[-87.7964880738145,41.9064979272972],[-87.7965029597303,41.9070821794722],[-87.7965051811094,41.9071693517189]]},"properties":{"OBJECTID":794,"STREETNAME":"N GROVE AVE","BLOCK":1100,"FIRST_FEATUREID":"0262675","BlockName":"1100 Block of N Grove Ave","Count_":0,"Shape__Length":666.8393392789563,"GlobalID":"9cba0377-2970-4cd5-821f-019b2b2d6e28","BlockNameShort":"1100 N GROVE AVE"}},{"type":"Feature","id":795,"geometry":{"type":"LineString","coordinates":[[-87.8054515327852,41.899753603842],[-87.8055013610227,41.9011009243475],[-87.8055156193057,41.9015405028027]]},"properties":{"OBJECTID":795,"STREETNAME":"N HARLEM AVE","BLOCK":1100,"FIRST_FEATUREID":"0261332","BlockName":"1100 Block of N Harlem Ave","Count_":0,"Shape__Length":651.391145643802,"GlobalID":"e3fc17f5-f593-4216-9e8c-0d6f0ab898e1","BlockNameShort":"1100 N HARLEM AVE"}},{"type":"Feature","id":796,"geometry":{"type":"LineString","coordinates":[[-87.7820150474393,41.9058086783338],[-87.7820354662509,41.9064797524747],[-87.7820501197373,41.9069157166833],[-87.7820570522335,41.9071219528573],[-87.7820619806352,41.9072670814851],[-87.7820646845995,41.9073467312674]]},"properties":{"OBJECTID":796,"STREETNAME":"N HARVEY AVE","BLOCK":1100,"FIRST_FEATUREID":"026197480","BlockName":"1100 Block of N Harvey Ave","Count_":0,"Shape__Length":560.64080681101,"GlobalID":"35ff96fe-dc1f-46a6-8e56-57f15c8ba45b","BlockNameShort":"1100 N HARVEY AVE"}},{"type":"Feature","id":797,"geometry":{"type":"LineString","coordinates":[[-87.7767543189278,41.9058741653658],[-87.7767898920942,41.9059369671846],[-87.7768053490774,41.9060437106966],[-87.7768357344616,41.9069800630871],[-87.7768422706122,41.9071814313001],[-87.7768504296339,41.9074064682814]]},"properties":{"OBJECTID":797,"STREETNAME":"N HUMPHREY AVE","BLOCK":1100,"FIRST_FEATUREID":"0262842","BlockName":"1100 Block of N Humphrey Ave","Count_":0,"Shape__Length":560.7257331871223,"GlobalID":"2910c640-16de-4d0f-9e3e-3e9cc1a61ffc","BlockNameShort":"1100 N HUMPHREY AVE"}},{"type":"Feature","id":798,"geometry":{"type":"MultiLineString","coordinates":[[[-87.7981326972912,41.90531589275],[-87.7981332421189,41.9053350779281],[-87.7981766138708,41.9064670592427],[-87.7981972485164,41.9070557964912],[-87.7981989237175,41.9071035799122],[-87.798200113779,41.9071466757053]],[[-87.7978908374425,41.9053198476658],[-87.7978962209787,41.9054762338704],[-87.7979294937211,41.906528119866],[-87.797942385146,41.9070602581208],[-87.7979428793052,41.9070805972929],[-87.7979452544729,41.9071501748969]]]},"properties":{"OBJECTID":798,"STREETNAME":"N KENILWORTH AVE","BLOCK":1100,"FIRST_FEATUREID":"026197467","BlockName":"1100 Block of N Kenilworth Ave","Count_":0,"Shape__Length":1334.5532007817942,"GlobalID":"0de868e1-c830-46c8-9822-2628dce4b3ee","BlockNameShort":"1100 N KENILWORTH AVE"}},{"type":"Feature","id":799,"geometry":{"type":"LineString","coordinates":[[-87.7807031230022,41.9058234922905],[-87.7807296147781,41.906389446146],[-87.7807487187519,41.9069312181919],[-87.7807637812431,41.9073584394944]]},"properties":{"OBJECTID":799,"STREETNAME":"N LOMBARD AVE","BLOCK":1100,"FIRST_FEATUREID":"0261012","BlockName":"1100 Block of N Lombard Ave","Count_":0,"Shape__Length":559.594371540617,"GlobalID":"e3eebb09-5f84-4b63-94f1-0f6b29f86d4c","BlockNameShort":"1100 N LOMBARD AVE"}},{"type":"Feature","id":800,"geometry":{"type":"LineString","coordinates":[[-87.804118514137,41.905227097814],[-87.8041258766465,41.9054711391489],[-87.8041554471806,41.9064145262696],[-87.8041722724037,41.9069691454954],[-87.8041749960323,41.9070589363086],[-87.8041750662119,41.90706065448]]},"properties":{"OBJECTID":800,"STREETNAME":"N MARION ST","BLOCK":1100,"FIRST_FEATUREID":"026197465","BlockName":"1100 Block of N Marion St","Count_":0,"Shape__Length":668.337214873103,"GlobalID":"5efc7b9a-4be4-4504-b0c1-c835b6600402","BlockNameShort":"1100 N MARION ST"}},{"type":"Feature","id":801,"geometry":{"type":"LineString","coordinates":[[-87.7949587026875,41.9053613469474],[-87.794964204945,41.9055734747659],[-87.7949729138243,41.9059093287756],[-87.794998648166,41.9068996536469],[-87.7950042867332,41.9071076323819],[-87.7950065315699,41.907190478634]]},"properties":{"OBJECTID":801,"STREETNAME":"N OAK PARK AVE","BLOCK":1100,"FIRST_FEATUREID":"026197470","BlockName":"1100 Block of N Oak Park Ave","Count_":0,"Shape__Length":666.6750801562874,"GlobalID":"6c100590-e158-4705-b3a3-7bce74b68f2c","BlockNameShort":"1100 N OAK PARK AVE"}},{"type":"Feature","id":802,"geometry":{"type":"LineString","coordinates":[[-87.7834391912902,41.9057771156175],[-87.7833417535111,41.9058476506422],[-87.7833004297176,41.9058942415509],[-87.7832808849993,41.9059500482052],[-87.7832722579384,41.906107718433],[-87.7833051629705,41.9071917684287],[-87.7833070381393,41.9072465549488],[-87.783310185348,41.9073384946564]]},"properties":{"OBJECTID":802,"STREETNAME":"N RIDGELAND AVE","BLOCK":1100,"FIRST_FEATUREID":"026197479","BlockName":"1100 Block of N Ridgeland Ave","Count_":0,"Shape__Length":584.4495194132513,"GlobalID":"54024f98-035d-4085-9bc5-ce13756b72d8","BlockNameShort":"1100 N RIDGELAND AVE"}},{"type":"Feature","id":803,"geometry":{"type":"LineString","coordinates":[[-87.7780979626484,41.9058584748988],[-87.7781194953002,41.9063453519587],[-87.7781324562413,41.9067447564913],[-87.7781395758607,41.9069652191566],[-87.7781498075212,41.9072819431121],[-87.778154251189,41.9073901862579]]},"properties":{"OBJECTID":803,"STREETNAME":"N TAYLOR AVE","BLOCK":1100,"FIRST_FEATUREID":"0262743","BlockName":"1100 Block of N Taylor Ave","Count_":0,"Shape__Length":558.3819105424435,"GlobalID":"dd4d4eac-49ed-4f05-8789-4c31613de634","BlockNameShort":"1100 N TAYLOR AVE"}},{"type":"Feature","id":804,"geometry":{"type":"LineString","coordinates":[[-87.8023983191671,41.8871917199008],[-87.8025153304691,41.8871683144046],[-87.8026171014086,41.8871675774127],[-87.8029965703736,41.8871526768189],[-87.8031792509025,41.8871455027551],[-87.8039050206376,41.8871337216101],[-87.804398244696,41.8871257124826],[-87.8048726265847,41.8871279405616],[-87.8049953962408,41.8871285162542]]},"properties":{"OBJECTID":804,"STREETNAME":"NORTH BLVD","BLOCK":1100,"FIRST_FEATUREID":"026199095","BlockName":"1100 Block of North Blvd","Count_":0,"Shape__Length":708.597193144161,"GlobalID":"8fddeb82-1c08-43a0-a07d-21321bb0a569","BlockNameShort":"1100 NORTH BLVD"}},{"type":"Feature","id":805,"geometry":{"type":"LineString","coordinates":[[-87.8027318250522,41.8912320872113],[-87.8030543115678,41.8912266126468],[-87.8032960342089,41.8912218538499],[-87.8035432330685,41.8912169865576],[-87.8042925090118,41.8912043868138]]},"properties":{"OBJECTID":805,"STREETNAME":"ONTARIO CT","BLOCK":1100,"FIRST_FEATUREID":"026119","BlockName":"1100 Block of Ontario Ct","Count_":0,"Shape__Length":425.06608902746666,"GlobalID":"30340487-8809-4f3a-843f-775777455280","BlockNameShort":"1100 ONTARIO CT"}},{"type":"Feature","id":806,"geometry":{"type":"LineString","coordinates":[[-87.8027089799711,41.890587858026],[-87.8030851049073,41.890576312601],[-87.8037603415875,41.8905661465831],[-87.8042718288776,41.8905584464379],[-87.8049878627176,41.8905476625443],[-87.8051251948392,41.8905455932726]]},"properties":{"OBJECTID":806,"STREETNAME":"ONTARIO ST","BLOCK":1100,"FIRST_FEATUREID":"026379","BlockName":"1100 Block of Ontario St","Count_":0,"Shape__Length":658.0967589161389,"GlobalID":"83b206c8-5a6e-48c0-b8b0-44454d9d1c08","BlockNameShort":"1100 ONTARIO ST"}},{"type":"Feature","id":807,"geometry":{"type":"LineString","coordinates":[[-87.8032888076634,41.8953518869156],[-87.8043489597789,41.8953386352585],[-87.8052873966657,41.8953248970297]]},"properties":{"OBJECTID":807,"STREETNAME":"PAULINA ST","BLOCK":1100,"FIRST_FEATUREID":"0262263","BlockName":"1100 Block of Paulina St","Count_":0,"Shape__Length":544.2334757390989,"GlobalID":"c81ad364-1d7d-4718-9fcb-5895a815eb45","BlockNameShort":"1100 PAULINA ST"}},{"type":"Feature","id":808,"geometry":{"type":"LineString","coordinates":[[-87.8025097842146,41.8854589771775],[-87.8031756437628,41.8854408130519],[-87.8032890986835,41.8854376426523],[-87.8037372106899,41.885425127185],[-87.8040677712369,41.8854201551475],[-87.8042036644344,41.885418111844],[-87.8047444243137,41.8854138234598],[-87.8048177936997,41.8854121011583],[-87.8049415066686,41.8854093643828]]},"properties":{"OBJECTID":808,"STREETNAME":"PLEASANT ST","BLOCK":1100,"FIRST_FEATUREID":"02616","BlockName":"1100 Block of Pleasant St","Count_":0,"Shape__Length":662.4592989095328,"GlobalID":"2e88eb8f-e9c7-4920-bb1c-a68fb6a138e7","BlockNameShort":"1100 PLEASANT ST"}},{"type":"Feature","id":809,"geometry":{"type":"LineString","coordinates":[[-87.8033801108112,41.8892645945399],[-87.8048144122127,41.8892377973562],[-87.8050866652102,41.8892327080072]]},"properties":{"OBJECTID":809,"STREETNAME":"PRAIRIE WAY","BLOCK":1100,"FIRST_FEATUREID":"026284","BlockName":"1100 Block of Prairie Way","Count_":0,"Shape__Length":464.82290246559586,"GlobalID":"e790b659-e272-47c6-981a-2484eb8eeb34","BlockNameShort":"1100 PRAIRIE WAY"}},{"type":"Feature","id":810,"geometry":{"type":"LineString","coordinates":[[-87.8024397389161,41.8832646793302],[-87.8029041614643,41.8832496468024],[-87.8032210022525,41.8832460138518],[-87.803499641966,41.8832428178218],[-87.8039919046618,41.8832394985539],[-87.8044783959533,41.8832362154226],[-87.8047387320798,41.8832315518682],[-87.8048626009978,41.8832251703995]]},"properties":{"OBJECTID":810,"STREETNAME":"RANDOLPH ST","BLOCK":1100,"FIRST_FEATUREID":"0262041","BlockName":"1100 Block of Randolph St","Count_":0,"Shape__Length":660.0318266957703,"GlobalID":"f0ce5f00-0bd6-40e0-a49d-a1881d4f96a0","BlockNameShort":"1100 RANDOLPH ST"}},{"type":"Feature","id":811,"geometry":{"type":"LineString","coordinates":[[-87.7859385732,41.9056921501132],[-87.7859671939061,41.9066035011703],[-87.785987652055,41.907215432367],[-87.7859906465144,41.9073049628706]]},"properties":{"OBJECTID":811,"STREETNAME":"ROSSELL AVE","BLOCK":1100,"FIRST_FEATUREID":"0261482","BlockName":"1100 Block of Rossell Ave","Count_":0,"Shape__Length":587.89142300335,"GlobalID":"d3b13439-05d3-4165-b10f-ab965861bc21","BlockNameShort":"1100 ROSSELL AVE"}},{"type":"Feature","id":812,"geometry":{"type":"LineString","coordinates":[[-87.7742056487922,41.8672842436585],[-87.7741863840455,41.8668131261081],[-87.774183253733,41.8667677640732],[-87.7741545767397,41.8659171491518],[-87.7741343261697,41.8654674594087],[-87.7741341377208,41.8654666931974]]},"properties":{"OBJECTID":812,"STREETNAME":"S AUSTIN BLVD","BLOCK":1100,"FIRST_FEATUREID":"0262448","BlockName":"1100 Block of S Austin Blvd","Count_":0,"Shape__Length":662.6223601676523,"GlobalID":"8b01f163-7c0a-4f3e-9bed-eb3847981639","BlockNameShort":"1100 S AUSTIN BLVD"}},{"type":"Feature","id":813,"geometry":{"type":"LineString","coordinates":[[-87.7828594746337,41.8689997325419],[-87.7828443329572,41.8685298760443],[-87.7828258569986,41.8680259416602],[-87.782801513613,41.8673415165707],[-87.7827964685634,41.8671742325137],[-87.782785965153,41.8668259330348],[-87.7827567837676,41.8659823458127],[-87.782750133565,41.8658009951221],[-87.7827362249687,41.8654217316484],[-87.7827154846244,41.8653576284377]]},"properties":{"OBJECTID":813,"STREETNAME":"S CUYLER AVE","BLOCK":1100,"FIRST_FEATUREID":"0262424","BlockName":"1100 Block of S Cuyler Ave","Count_":0,"Shape__Length":1328.3071245293725,"GlobalID":"84431882-ede5-40ea-9235-d781e43c02f7","BlockNameShort":"1100 S CUYLER AVE"}},{"type":"Feature","id":814,"geometry":{"type":"LineString","coordinates":[[-87.7889914349453,41.8688974781158],[-87.7889824326772,41.8686286454593],[-87.7889567959123,41.8678855985475],[-87.7889378582667,41.8673221121916],[-87.7889303046416,41.8670709736137],[-87.7889210498064,41.8667632465409],[-87.7888833576056,41.8657024471243],[-87.7888820176266,41.8656647540981],[-87.788863328002,41.8652506117599]]},"properties":{"OBJECTID":814,"STREETNAME":"S EAST AVE","BLOCK":1100,"FIRST_FEATUREID":"0261642","BlockName":"1100 Block of S East Ave","Count_":0,"Shape__Length":1329.398279873998,"GlobalID":"1b073911-e6ea-40c9-8007-e202ea5f57d9","BlockNameShort":"1100 S EAST AVE"}},{"type":"Feature","id":815,"geometry":{"type":"LineString","coordinates":[[-87.7853136582658,41.8689617956627],[-87.7853068463528,41.8687268630868],[-87.7852824312941,41.8680090678319],[-87.7852584978124,41.8673250575442],[-87.785252324703,41.867135662921],[-87.7852404912406,41.8667725799296],[-87.7852048418906,41.865765573981],[-87.7852039349504,41.8657399052979],[-87.7851866656985,41.8653151099802]]},"properties":{"OBJECTID":815,"STREETNAME":"S ELMWOOD AVE","BLOCK":1100,"FIRST_FEATUREID":"0262609","BlockName":"1100 Block of S Elmwood Ave","Count_":0,"Shape__Length":1329.3217256804005,"GlobalID":"678f7e76-b9b4-4efb-8294-6850af6631b7","BlockNameShort":"1100 S ELMWOOD AVE"}},{"type":"Feature","id":816,"geometry":{"type":"LineString","coordinates":[[-87.7926688973909,41.86883372646],[-87.792664049089,41.8686850602168],[-87.7926443827116,41.8681214063176],[-87.792610496732,41.8671367162289],[-87.792606230175,41.8670069482328],[-87.7925993030206,41.8667964030993],[-87.7925711614032,41.8659404730658],[-87.7925603884704,41.8656504641665],[-87.7925596531694,41.8656306638997],[-87.7925578761751,41.8655828273599],[-87.792550244011,41.8653773622051],[-87.7925376145235,41.8651866184766]]},"properties":{"OBJECTID":816,"STREETNAME":"S EUCLID AVE","BLOCK":1100,"FIRST_FEATUREID":"0262515","BlockName":"1100 Block of S Euclid Ave","Count_":0,"Shape__Length":1329.5223537702043,"GlobalID":"5f995224-d76b-410e-9d17-e8e7cef2588a","BlockNameShort":"1100 S EUCLID AVE"}},{"type":"Feature","id":817,"geometry":{"type":"MultiLineString","coordinates":[[[-87.795069997337,41.8655716651505],[-87.7950661675575,41.865140672309]],[[-87.7951743306264,41.8687905251605],[-87.7951709411864,41.8687342106796],[-87.7951816719736,41.8686147761216],[-87.7951575182772,41.8679533240691],[-87.79513803591,41.8673608296906],[-87.795122540934,41.8669623289147],[-87.795070279261,41.8656181819424]]]},"properties":{"OBJECTID":817,"STREETNAME":"S GROVE AVE","BLOCK":1100,"FIRST_FEATUREID":"0261101","BlockName":"1100 Block of S Grove Ave","Count_":0,"Shape__Length":1313.6162891334716,"GlobalID":"bd18b216-1d27-482f-8c57-23fb8238f95c","BlockNameShort":"1100 S GROVE AVE"}},{"type":"Feature","id":818,"geometry":{"type":"LineString","coordinates":[[-87.8042717781067,41.86686654289],[-87.804229887715,41.8668143990527],[-87.8041746384257,41.865494221121],[-87.8041535391782,41.8651670812914],[-87.8042051393268,41.8649876423591]]},"properties":{"OBJECTID":818,"STREETNAME":"S HARLEM AVE","BLOCK":1100,"FIRST_FEATUREID":"026797","BlockName":"1100 Block of S Harlem Ave","Count_":0,"Shape__Length":689.7087279031808,"GlobalID":"a49d7d5f-a0de-4c49-95ab-5110ecc83798","BlockNameShort":"1100 S HARLEM AVE"}},{"type":"Feature","id":819,"geometry":{"type":"LineString","coordinates":[[-87.7804038402159,41.8690355878097],[-87.780400302719,41.8689507123498],[-87.7803763321424,41.868221667571],[-87.7803494096622,41.867443293866],[-87.7803405214609,41.8672094700877],[-87.7803309436764,41.8669575532384],[-87.7802996832437,41.8659926311705],[-87.7802931625961,41.8658367454453],[-87.7802817536311,41.8655639461008],[-87.7802767786618,41.8653859490139]]},"properties":{"OBJECTID":819,"STREETNAME":"S HARVEY AVE","BLOCK":1100,"FIRST_FEATUREID":"0261625","BlockName":"1100 Block of S Harvey Ave","Count_":0,"Shape__Length":1330.4007222496402,"GlobalID":"dadd0dc6-b108-4e9d-bd8b-fd2213bf2ca6","BlockNameShort":"1100 S HARVEY AVE"}},{"type":"Feature","id":820,"geometry":{"type":"LineString","coordinates":[[-87.7754950505754,41.8691098268717],[-87.7754862006438,41.8688490943792],[-87.7754618104731,41.8681578340781],[-87.775441538423,41.8676137686337],[-87.7754294891599,41.8672793911898],[-87.775425773298,41.8671763124111],[-87.7754077165375,41.8666900517024],[-87.7753800308583,41.8659060035162],[-87.7753715698247,41.8656664326822],[-87.7753643596557,41.8654518705119]]},"properties":{"OBJECTID":820,"STREETNAME":"S HUMPHREY AVE","BLOCK":1100,"FIRST_FEATUREID":"026369","BlockName":"1100 Block of S Humphrey Ave","Count_":0,"Shape__Length":1333.4529984650726,"GlobalID":"83e444f7-f6bd-45c9-ba8a-742370e1682b","BlockNameShort":"1100 S HUMPHREY AVE"}},{"type":"Feature","id":821,"geometry":{"type":"LineString","coordinates":[[-87.7962025357407,41.8674963137817],[-87.7963326045093,41.8675003370379],[-87.7963964849463,41.867496161893],[-87.7964175142138,41.8674865670863],[-87.7964316297913,41.8674687369062],[-87.796440831307,41.867441936117],[-87.7964461496664,41.8674024412079],[-87.7964474339386,41.8673681476439],[-87.7964376417925,41.8671355857989],[-87.796437900476,41.8671351881551],[-87.7964307406734,41.8669395716877],[-87.79642403433,41.8667564163175],[-87.7963706739326,41.8652579103095],[-87.7963665565502,41.8651176207559]]},"properties":{"OBJECTID":821,"STREETNAME":"S KENILWORTH AVE","BLOCK":1100,"FIRST_FEATUREID":"0262577","BlockName":"1100 Block of S Kenilworth Ave","Count_":0,"Shape__Length":924.6517690721997,"GlobalID":"5e37f030-a9a1-4257-b2f2-d5e767622d86","BlockNameShort":"1100 S KENILWORTH AVE"}},{"type":"Feature","id":822,"geometry":{"type":"MultiLineString","coordinates":[[[-87.7790691973932,41.8658545250209],[-87.7790541460369,41.8653996544914]],[[-87.7791784601606,41.8690537785146],[-87.7791687117466,41.868755039282],[-87.7791202074594,41.8673952992077],[-87.7791146315199,41.8672268599981],[-87.7790730801839,41.8659715805823],[-87.7790716812111,41.865908194904]]]},"properties":{"OBJECTID":822,"STREETNAME":"S LOMBARD AVE","BLOCK":1100,"FIRST_FEATUREID":"0261139","BlockName":"1100 Block of S Lombard Ave","Count_":0,"Shape__Length":1312.4438477920792,"GlobalID":"42ecffe9-6344-4f94-a5e3-ae3b43972399","BlockNameShort":"1100 S LOMBARD AVE"}},{"type":"Feature","id":823,"geometry":{"type":"LineString","coordinates":[[-87.8034686082705,41.8686455417705],[-87.803458328797,41.8683644550718],[-87.8034274959713,41.8674388934097],[-87.803414098909,41.8670072148305],[-87.8034065061721,41.8668134622879],[-87.8033917817033,41.8664376782115],[-87.8033569806485,41.865450407102],[-87.8033423598587,41.8650029207449]]},"properties":{"OBJECTID":823,"STREETNAME":"S MAPLE AVE","BLOCK":1100,"FIRST_FEATUREID":"0262688","BlockName":"1100 Block of S Maple Ave","Count_":0,"Shape__Length":1327.8331191801371,"GlobalID":"02416ce8-e7bb-450b-92bb-4ead8c31d99b","BlockNameShort":"1100 S MAPLE AVE"}},{"type":"Feature","id":824,"geometry":{"type":"LineString","coordinates":[[-87.7938777634258,41.8688125798787],[-87.793869858149,41.8686025299799],[-87.7938423622241,41.8678031074232],[-87.7938224343575,41.8672126139967],[-87.7938141216171,41.866987027558],[-87.7938069490391,41.8667924507706],[-87.7937702830327,41.8658001181869],[-87.7937660190672,41.8656391145141],[-87.7937640439956,41.8655644476545],[-87.7937574658128,41.8653159707992],[-87.7937523224618,41.8651644418231]]},"properties":{"OBJECTID":824,"STREETNAME":"S OAK PARK AVE","BLOCK":1100,"FIRST_FEATUREID":"0262608","BlockName":"1100 Block of S Oak Park Ave","Count_":0,"Shape__Length":1329.8404024562492,"GlobalID":"dba377fa-33bc-4f83-92d2-45b9b6bd8223","BlockNameShort":"1100 S OAK PARK AVE"}},{"type":"Feature","id":825,"geometry":{"type":"LineString","coordinates":[[-87.7840881096466,41.8689811363764],[-87.7840833353272,41.8688427538951],[-87.784058116382,41.8680402113625],[-87.7840373457159,41.8674516057643],[-87.7840279320603,41.867155741438],[-87.7840182797803,41.8668524436022],[-87.7839878265181,41.8659926038567],[-87.7839807881579,41.8657859795738],[-87.7839654358789,41.8653351804653]]},"properties":{"OBJECTID":825,"STREETNAME":"S RIDGELAND AVE","BLOCK":1100,"FIRST_FEATUREID":"0261919","BlockName":"1100 Block of S Ridgeland Ave","Count_":0,"Shape__Length":1329.024361061122,"GlobalID":"3ae5e039-015b-47fc-9e16-d39a57a54f34","BlockNameShort":"1100 S RIDGELAND AVE"}},{"type":"Feature","id":826,"geometry":{"type":"LineString","coordinates":[[-87.7877657828616,41.86891834406],[-87.7877594457004,41.8687399942716],[-87.7877370833912,41.868049542845],[-87.7877128075695,41.8673467601127],[-87.7877045311331,41.8670925145359],[-87.7876966803072,41.8668513998087],[-87.7876691776115,41.8660444568039],[-87.7876604182677,41.8657711116389],[-87.7876588526051,41.8657222235287]]},"properties":{"OBJECTID":826,"STREETNAME":"S SCOVILLE AVE","BLOCK":1100,"FIRST_FEATUREID":"0262785","BlockName":"1100 Block of S Scoville Ave","Count_":0,"Shape__Length":1165.045233211229,"GlobalID":"621b2c54-d39c-4223-aa8c-2cc36b8bc246","BlockNameShort":"1100 S SCOVILLE AVE"}},{"type":"Feature","id":827,"geometry":{"type":"LineString","coordinates":[[-87.7779505451855,41.8690711209693],[-87.7779380307536,41.8686841641529],[-87.7779137132119,41.8680027571501],[-87.7778929820733,41.8674457375107],[-87.7778858545312,41.8672427651995],[-87.7778752506843,41.8669408731259],[-87.7778508047729,41.866240474297],[-87.7778379282855,41.865872077955],[-87.7778290300317,41.8656175324272],[-87.7778222480198,41.8654161481285]]},"properties":{"OBJECTID":827,"STREETNAME":"S TAYLOR AVE","BLOCK":1100,"FIRST_FEATUREID":"0261695","BlockName":"1100 Block of S Taylor Ave","Count_":0,"Shape__Length":1332.3487755517383,"GlobalID":"1d71fcd6-7b41-4261-8a32-e7b66733d1e1","BlockNameShort":"1100 S TAYLOR AVE"}},{"type":"Feature","id":828,"geometry":{"type":"LineString","coordinates":[[-87.8033250086467,41.8963140768031],[-87.8039268755588,41.8963028734681],[-87.8053230465571,41.8962768757224]]},"properties":{"OBJECTID":828,"STREETNAME":"SCHNEIDER AVE","BLOCK":1100,"FIRST_FEATUREID":"0262603","BlockName":"1100 Block of Schneider Ave","Count_":0,"Shape__Length":544.1547677069797,"GlobalID":"adb12b7b-dded-4a0a-8492-d0464363a70c","BlockNameShort":"1100 SCHNEIDER AVE"}},{"type":"Feature","id":829,"geometry":{"type":"LineString","coordinates":[[-87.8025312646153,41.8867407324803],[-87.80264213216,41.8867390687419],[-87.8032974704402,41.8867321609119],[-87.803335879082,41.8867314945575],[-87.803940173021,41.8867210198057],[-87.8047176040912,41.8867143740242],[-87.8049885884242,41.8867091458029],[-87.8049887113173,41.8867091463683]]},"properties":{"OBJECTID":829,"STREETNAME":"SOUTH BLVD","BLOCK":1100,"FIRST_FEATUREID":"026103","BlockName":"1100 Block of South Blvd","Count_":0,"Shape__Length":669.2738218017422,"GlobalID":"47490196-9d9d-43ac-ad8e-2f5b3b8336cb","BlockNameShort":"1100 SOUTH BLVD"}},{"type":"Feature","id":830,"geometry":{"type":"LineString","coordinates":[[-87.8027895301811,41.8930728363003],[-87.8030659491425,41.8930612507361],[-87.8034403914611,41.8930541314826],[-87.8036757730899,41.8930496577558],[-87.8039192586806,41.8930449922203],[-87.8041896114947,41.8930398143288],[-87.8045746998753,41.8930320930847],[-87.804863388644,41.8930271096744],[-87.8049399309146,41.8930271602759],[-87.805001560287,41.8930406437427],[-87.8050615638823,41.8930464082701],[-87.8051996454846,41.8930413352226]]},"properties":{"OBJECTID":830,"STREETNAME":"SUPERIOR ST","BLOCK":1100,"FIRST_FEATUREID":"026692","BlockName":"1100 Block of Superior St","Count_":0,"Shape__Length":657.3726195514299,"GlobalID":"ca9680db-de96-455f-a93d-f2383867f57a","BlockNameShort":"1100 SUPERIOR ST"}},{"type":"Feature","id":831,"geometry":{"type":"LineString","coordinates":[[-87.8039277115603,41.8997253237098],[-87.8042240241494,41.8997193020872],[-87.8047559785719,41.8997107470248],[-87.8053158491071,41.8997020990794],[-87.8053251968846,41.8997037527705],[-87.8054447687114,41.8997509347495],[-87.8054515327852,41.899753603842]]},"properties":{"OBJECTID":831,"STREETNAME":"THOMAS ST","BLOCK":1100,"FIRST_FEATUREID":"026197529","BlockName":"1100 Block of Thomas St","Count_":0,"Shape__Length":419.52246135681406,"GlobalID":"f125de99-d363-4b81-9fea-86340e0cf34c","BlockNameShort":"1100 THOMAS ST"}},{"type":"Feature","id":832,"geometry":{"type":"LineString","coordinates":[[-87.8023718977998,41.881442902555],[-87.8029671507589,41.8814322830153],[-87.8031399108464,41.8814297296537],[-87.8036575307442,41.8814220775682],[-87.8039263047402,41.8814162861168],[-87.8042439351903,41.8814094397459],[-87.8045562053973,41.8814018763518],[-87.8046796151827,41.8813993203211],[-87.8047969597138,41.8814080679683]]},"properties":{"OBJECTID":832,"STREETNAME":"WASHINGTON BLVD","BLOCK":1100,"FIRST_FEATUREID":"026199916","BlockName":"1100 Block of Washington Blvd","Count_":0,"Shape__Length":660.7661845963898,"GlobalID":"908e844d-4083-4a80-88c3-d944aa33fe2a","BlockNameShort":"1100 WASHINGTON BLVD"}},{"type":"Feature","id":833,"geometry":{"type":"LineString","coordinates":[[-87.8005120171469,41.8686969571106],[-87.800497678285,41.8683037204947],[-87.800466930916,41.8674261009823],[-87.8004461571879,41.8668690687236],[-87.8004369631984,41.8666224978761],[-87.8003973506373,41.8656853141843]]},"properties":{"OBJECTID":833,"STREETNAME":"WENONAH AVE","BLOCK":1100,"FIRST_FEATUREID":"0262241","BlockName":"1100 Block of Wenonah Ave","Count_":0,"Shape__Length":1097.901957973361,"GlobalID":"0c440283-ae65-48cb-83a4-ee507100ae2c","BlockNameShort":"1100 WENONAH AVE"}},{"type":"Feature","id":834,"geometry":{"type":"LineString","coordinates":[[-87.7914422397472,41.8688539849653],[-87.7914362221345,41.8686788060891],[-87.7914077366928,41.8678088794743],[-87.7913811436634,41.8670287198084],[-87.7913344732263,41.8656594770786],[-87.7913295986663,41.8655164440413],[-87.7913190309295,41.8652063762727]]},"properties":{"OBJECTID":834,"STREETNAME":"WESLEY AVE","BLOCK":1100,"FIRST_FEATUREID":"0262659","BlockName":"1100 Block of Wesley Ave","Count_":0,"Shape__Length":1329.6282514613704,"GlobalID":"e6ae6b36-dad1-403f-8066-92e84e70edbf","BlockNameShort":"1100 WESLEY AVE"}},{"type":"Feature","id":835,"geometry":{"type":"LineString","coordinates":[[-87.8024337609369,41.8879090255375],[-87.8039309059624,41.8878844881023],[-87.804023430816,41.8878829716611],[-87.8048276015918,41.8878697831603],[-87.8050195083608,41.8878553369499]]},"properties":{"OBJECTID":835,"STREETNAME":"WESTGATE ST","BLOCK":1100,"FIRST_FEATUREID":"0261597","BlockName":"1100 Block of Westgate St","Count_":0,"Shape__Length":704.5094056450791,"GlobalID":"922746b4-e5ef-4cec-a664-60ac729dd672","BlockNameShort":"1100 WESTGATE ST"}},{"type":"Feature","id":836,"geometry":{"type":"LineString","coordinates":[[-87.8019134886739,41.8686736752159],[-87.8019009198115,41.8683276214613],[-87.8018654947247,41.8673385358651],[-87.801846485816,41.8668450187969],[-87.8018328018952,41.8664896952068],[-87.8017987915799,41.8654754349471],[-87.8017835768841,41.8650217107606]]},"properties":{"OBJECTID":836,"STREETNAME":"WISCONSIN AVE","BLOCK":1100,"FIRST_FEATUREID":"0262096","BlockName":"1100 Block of Wisconsin Ave","Count_":0,"Shape__Length":1331.2622451616196,"GlobalID":"08393f55-db1a-4072-9c64-efb364dcb8ff","BlockNameShort":"1100 WISCONSIN AVE"}},{"type":"Feature","id":837,"geometry":{"type":"LineString","coordinates":[[-87.7994927006771,41.9052936150301],[-87.7995109680085,41.9058334509241],[-87.7995436454854,41.9068587133112],[-87.7995523013086,41.9071288833127]]},"properties":{"OBJECTID":837,"STREETNAME":"WOODBINE AVE","BLOCK":1100,"FIRST_FEATUREID":"026422","BlockName":"1100 Block of Woodbine Ave","Count_":0,"Shape__Length":668.9807469149828,"GlobalID":"c65850d0-a59e-43be-a86f-72bfd45d8409","BlockNameShort":"1100 WOODBINE AVE"}},{"type":"Feature","id":838,"geometry":{"type":"MultiLineString","coordinates":[[[-87.802662687622,41.9070829398848],[-87.8026760468873,41.9076743851246],[-87.8026868508861,41.908015681704],[-87.8026906558458,41.9081284875046],[-87.8026918040519,41.9081627408205],[-87.802693823127,41.9082827833963]],[[-87.8026671707153,41.9084223415789],[-87.8026713168669,41.9085339695044],[-87.8026744962543,41.9086202907244],[-87.8026780057765,41.9087155043192],[-87.8026789842539,41.9087418725762],[-87.8026869374784,41.9089173044246]]]},"properties":{"OBJECTID":838,"STREETNAME":"BELLEFORTE AVE","BLOCK":1200,"FIRST_FEATUREID":"0261563","BlockName":"1200 Block of Belleforte Ave","Count_":0,"Shape__Length":617.7654976680594,"GlobalID":"00df2205-186d-4326-bb19-86bd88cf9d75","BlockNameShort":"1200 BELLEFORTE AVE"}},{"type":"Feature","id":839,"geometry":{"type":"LineString","coordinates":[[-87.7913730195656,41.9072350253583],[-87.7913843181585,41.9075973617197],[-87.7913999747161,41.9081786388061],[-87.7914124807322,41.908563412754],[-87.7914125644612,41.9085666237585],[-87.7914158370962,41.9086704807172],[-87.7914210217725,41.9088349953399],[-87.7914236843137,41.908922776561],[-87.7914279991298,41.909064877632]]},"properties":{"OBJECTID":839,"STREETNAME":"COLUMBIAN AVE","BLOCK":1200,"FIRST_FEATUREID":"0261389","BlockName":"1200 Block of Columbian Ave","Count_":0,"Shape__Length":666.9797712054974,"GlobalID":"d7b94d37-6267-476c-995e-af464d6ee3cb","BlockNameShort":"1200 COLUMBIAN AVE"}},{"type":"Feature","id":840,"geometry":{"type":"LineString","coordinates":[[-87.7846898010688,41.9073202145745],[-87.784718408833,41.9081753133184],[-87.7847275111549,41.908377881778],[-87.7847302757525,41.9084583015657],[-87.7847342916681,41.9085720587817],[-87.7847369873164,41.9086484267117]]},"properties":{"OBJECTID":840,"STREETNAME":"EDMER AVE","BLOCK":1200,"FIRST_FEATUREID":"026197063","BlockName":"1200 Block of Edmer Ave","Count_":0,"Shape__Length":484.1826541423806,"GlobalID":"89050799-8f21-4e97-aaa7-d1a89d94a708","BlockNameShort":"1200 EDMER AVE"}},{"type":"Feature","id":841,"geometry":{"type":"MultiLineString","coordinates":[[[-87.7887117746432,41.9072692619244],[-87.7887359717269,41.9081283291216],[-87.7887393899454,41.9082491465383],[-87.7887426582282,41.9083530044534],[-87.7887472086646,41.908497595287]],[[-87.7887340444902,41.9085971454721],[-87.7887422403491,41.9088603570536],[-87.7887451851303,41.9089539225483],[-87.7887455086571,41.9089642149579],[-87.7887497395989,41.9090979011554]]]},"properties":{"OBJECTID":841,"STREETNAME":"FAIR OAKS AVE","BLOCK":1200,"FIRST_FEATUREID":"0261619","BlockName":"1200 Block of Fair Oaks Ave","Count_":0,"Shape__Length":630.2463951901884,"GlobalID":"4b5339fe-aee0-44a4-a0cf-a86e804b8909","BlockNameShort":"1200 FAIR OAKS AVE"}},{"type":"Feature","id":842,"geometry":{"type":"LineString","coordinates":[[-87.8011249311684,41.9071055208151],[-87.8011564515624,41.9080343949545],[-87.8011622160218,41.9082072814258],[-87.8011658737704,41.9083197849742],[-87.8011694960605,41.9084322055249],[-87.801169730201,41.9084394237299],[-87.8011742625683,41.9085792638273],[-87.801180399479,41.9087684121347],[-87.8011860943727,41.9089440280892]]},"properties":{"OBJECTID":842,"STREETNAME":"FOREST AVE","BLOCK":1200,"FIRST_FEATUREID":"0261762","BlockName":"1200 Block of Forest Ave","Count_":0,"Shape__Length":670.1711962442571,"GlobalID":"fb40109e-ee2e-48ca-8b77-69e318d05646","BlockNameShort":"1200 FOREST AVE"}},{"type":"Feature","id":843,"geometry":{"type":"MultiLineString","coordinates":[[[-87.7794564999852,41.9073738179183],[-87.7794586926264,41.9074606562989],[-87.7794598491489,41.907494740613],[-87.779474414429,41.9079241195481],[-87.7794989909054,41.9086050618243]],[[-87.7795212416419,41.9087117548631],[-87.7795199314348,41.9088633404068],[-87.7795182873275,41.9090535551761],[-87.779517921516,41.9090958774415],[-87.7795210925256,41.9092112153379]]]},"properties":{"OBJECTID":843,"STREETNAME":"HAYES AVE","BLOCK":1200,"FIRST_FEATUREID":"0262359","BlockName":"1200 Block of Hayes Ave","Count_":0,"Shape__Length":630.8432377825553,"GlobalID":"ca5b4dc5-b52c-4d57-a9f7-ce3875d15684","BlockNameShort":"1200 HAYES AVE"}},{"type":"Feature","id":844,"geometry":{"type":"LineString","coordinates":[[-87.7925848014529,41.9072217454903],[-87.7925906357691,41.9074111719523],[-87.7926038131142,41.9080828592015],[-87.7926184377914,41.9085482134613],[-87.7926187577668,41.9085582861618],[-87.7926220323494,41.908662143998],[-87.792627220123,41.9088266585847],[-87.7926297119014,41.9089087335269],[-87.7926340064175,41.909049986341]]},"properties":{"OBJECTID":844,"STREETNAME":"LINDEN AVE","BLOCK":1200,"FIRST_FEATUREID":"026607","BlockName":"1200 Block of Linden Ave","Count_":0,"Shape__Length":666.3640255014604,"GlobalID":"2a884825-b397-488d-af32-35d6bba517b6","BlockNameShort":"1200 LINDEN AVE"}},{"type":"Feature","id":845,"geometry":{"type":"LineString","coordinates":[[-87.7753669424629,41.9020001839808],[-87.7753756031079,41.9022448907231],[-87.7753811075132,41.9023900594544],[-87.7753878380137,41.902575326271],[-87.775392338606,41.9027508054571],[-87.7754041862189,41.9032128201414],[-87.7754240106778,41.9038149897981],[-87.7754281020698,41.9039228631582]]},"properties":{"OBJECTID":845,"STREETNAME":"N AUSTIN BLVD","BLOCK":1200,"FIRST_FEATUREID":"026624","BlockName":"1200 Block of N Austin Blvd","Count_":0,"Shape__Length":700.8401052398219,"GlobalID":"1f039c6f-7568-487a-bc42-73653341dda0","BlockNameShort":"1200 N AUSTIN BLVD"}},{"type":"Feature","id":846,"geometry":{"type":"LineString","coordinates":[[-87.7901605538548,41.9072498647962],[-87.7901694003753,41.9075190369666],[-87.7901830708171,41.9081122136059],[-87.7901971042901,41.9085629114354],[-87.7901975958235,41.9085787210142],[-87.790200376152,41.9086667693231],[-87.7902055577144,41.9088312830822],[-87.7902087615418,41.9089369134107],[-87.7902130989935,41.9090798654513]]},"properties":{"OBJECTID":846,"STREETNAME":"N EAST AVE","BLOCK":1200,"FIRST_FEATUREID":"026398","BlockName":"1200 Block of N East Ave","Count_":0,"Shape__Length":667.0213992221404,"GlobalID":"915544fd-485b-4f00-bc4d-932554d7eaad","BlockNameShort":"1200 N EAST AVE"}},{"type":"Feature","id":847,"geometry":{"type":"LineString","coordinates":[[-87.7872936676792,41.9072876368943],[-87.7873216392847,41.9081446641378],[-87.7873298242994,41.9083998348538],[-87.7873332790615,41.9085074255959],[-87.7873365226649,41.9086140546701],[-87.7873384776577,41.9086777035319],[-87.7873413838933,41.9087763999121],[-87.787347087579,41.9089701538802],[-87.7873513568981,41.9091151188547]]},"properties":{"OBJECTID":847,"STREETNAME":"N ELMWOOD AVE","BLOCK":1200,"FIRST_FEATUREID":"0262671","BlockName":"1200 Block of N Elmwood Ave","Count_":0,"Shape__Length":666.1328745011457,"GlobalID":"118afbb5-34d2-4cd5-a09a-30ddd10efe8d","BlockNameShort":"1200 N ELMWOOD AVE"}},{"type":"Feature","id":848,"geometry":{"type":"LineString","coordinates":[[-87.7937969638902,41.9072065855167],[-87.7938011026133,41.9073463115244],[-87.7938166595632,41.9080685584847],[-87.7938310820103,41.9085329239791],[-87.7938317735757,41.9085554303057],[-87.7938350501323,41.9086592872186],[-87.7938424773579,41.9088945996392],[-87.7938469070951,41.9090349977245]]},"properties":{"OBJECTID":848,"STREETNAME":"N EUCLID AVE","BLOCK":1200,"FIRST_FEATUREID":"0261212","BlockName":"1200 Block of N Euclid Ave","Count_":0,"Shape__Length":666.4287718983213,"GlobalID":"c4975d31-7344-4745-92d9-2caf03ddabd3","BlockNameShort":"1200 N EUCLID AVE"}},{"type":"Feature","id":849,"geometry":{"type":"LineString","coordinates":[[-87.7965051811094,41.9071693517189],[-87.7965272758498,41.908036613274],[-87.7965418097974,41.9084986461954],[-87.7965421310171,41.9085085001093],[-87.7965454131714,41.9086123569768],[-87.796548212231,41.9087009373296],[-87.7965506110179,41.9087768714464],[-87.7965528396103,41.9088502460025],[-87.7965574330069,41.9090014551285]]},"properties":{"OBJECTID":849,"STREETNAME":"N GROVE AVE","BLOCK":1200,"FIRST_FEATUREID":"0262040","BlockName":"1200 Block of N Grove Ave","Count_":0,"Shape__Length":667.7840001679298,"GlobalID":"6a9ced90-1512-493a-bdf6-158e3ffecfeb","BlockNameShort":"1200 N GROVE AVE"}},{"type":"Feature","id":850,"geometry":{"type":"LineString","coordinates":[[-87.8055156193057,41.9015405028027],[-87.8055756223811,41.9032806799652],[-87.8055787389167,41.9033665975462]]},"properties":{"OBJECTID":850,"STREETNAME":"N HARLEM AVE","BLOCK":1200,"FIRST_FEATUREID":"0261387","BlockName":"1200 Block of N Harlem Ave","Count_":0,"Shape__Length":665.661986729404,"GlobalID":"500ca93c-ceb5-476d-8d61-52df7ec9a153","BlockNameShort":"1200 N HARLEM AVE"}},{"type":"Feature","id":851,"geometry":{"type":"LineString","coordinates":[[-87.7820646845995,41.9073467312674],[-87.7820686183129,41.9074626229024],[-87.7820795910161,41.9077858370043],[-87.7820829987065,41.9078911471206],[-87.7821015301476,41.9084639894661],[-87.7821071093298,41.9086097073032],[-87.7821097038732,41.9086796706942],[-87.7821105416964,41.908701930195],[-87.7821149058383,41.9088304313139],[-87.782116198679,41.9088684507304],[-87.7821217472579,41.90903146302],[-87.7821267779866,41.9091792967066]]},"properties":{"OBJECTID":851,"STREETNAME":"N HARVEY AVE","BLOCK":1200,"FIRST_FEATUREID":"026149","BlockName":"1200 Block of N Harvey Ave","Count_":0,"Shape__Length":668.0146322379192,"GlobalID":"bee48b02-8c15-488f-ae04-697707956ced","BlockNameShort":"1200 N HARVEY AVE"}},{"type":"Feature","id":852,"geometry":{"type":"LineString","coordinates":[[-87.7768504296339,41.9074064682814],[-87.7768548327092,41.9075280155862],[-87.7768632536182,41.9077602385277],[-87.7768695352167,41.907958180589],[-87.7768832726272,41.9083908240162],[-87.776888826111,41.9085719982163],[-87.7768904635493,41.9086135594921],[-87.7768865769015,41.9086329420609],[-87.7768804671861,41.9086478031589],[-87.7768703329473,41.908667111335],[-87.776862167535,41.9086894046713],[-87.7768600306021,41.9087057750812],[-87.7768956719045,41.9087456536405],[-87.7769014110545,41.9088911591043],[-87.7769028877047,41.9089368026351],[-87.7769065645208,41.9090426246702],[-87.7769118297991,41.9092431187229]]},"properties":{"OBJECTID":852,"STREETNAME":"N HUMPHREY AVE","BLOCK":1200,"FIRST_FEATUREID":"0262495","BlockName":"1200 Block of N Humphrey Ave","Count_":0,"Shape__Length":673.5974950298602,"GlobalID":"f6277e75-4a23-4812-b615-f1ae4bf3387b","BlockNameShort":"1200 N HUMPHREY AVE"}},{"type":"Feature","id":853,"geometry":{"type":"MultiLineString","coordinates":[[[-87.798200113779,41.9071466757053],[-87.7982238383921,41.9080045207075],[-87.7982246347696,41.9080322683752],[-87.7982256331442,41.908066713708],[-87.7982267425818,41.9081054676818],[-87.7982279992397,41.908148530465],[-87.7982289600294,41.9081830026321],[-87.7982303288951,41.9082302372096],[-87.7982310690001,41.9082560641903],[-87.7982325468633,41.9083078549919],[-87.7982329807912,41.9083263256738],[-87.7982304213352,41.9083424217171],[-87.7982230042524,41.9083595665275],[-87.7982162871117,41.9083676580863],[-87.7982089818123,41.9083757469039],[-87.798196786115,41.9083888080129],[-87.7981827575292,41.9084013933026],[-87.7981681798014,41.9084094482251],[-87.7981503276686,41.9084135633061],[-87.7981279002919,41.9084156547053],[-87.7981175308076,41.9084159908192],[-87.7981056314218,41.9084163738216],[-87.7980772824246,41.9084150073173],[-87.7980623948529,41.9084116723906],[-87.7980515590056,41.9084070931733],[-87.7980449399529,41.9084034402534],[-87.798031124704,41.9083948136254],[-87.7980155231679,41.9083802787452],[-87.7980047111718,41.9083683735739],[-87.797995147185,41.9083566930022],[-87.7979870819526,41.9083195533204],[-87.7979863798545,41.9083023166529],[-87.7979858271447,41.9082894158155],[-87.7979842419534,41.9082504948606],[-87.7979835032407,41.9082333129429],[-87.7979824342061,41.9082074844271],[-87.7979806257145,41.9081644190691],[-87.7979797773964,41.908142900606],[-87.7979765549903,41.9080668150134],[-87.7979452544729,41.9071501748969]],[[-87.7982385602173,41.9084764067188],[-87.7982447369282,41.9086870284527],[-87.7982461399098,41.9087345098778],[-87.7982472834644,41.9087735106989],[-87.7982486670935,41.9088202789644],[-87.7982534006995,41.9089804353518]],[[-87.797991808052,41.9084793729697],[-87.7979956192194,41.9086387759937],[-87.7979969146184,41.9086904561026],[-87.797998652612,41.9087506176692],[-87.7980000936849,41.9087979903331],[-87.7980008772886,41.9088246593326],[-87.7980055561136,41.9089835081814]]]},"properties":{"OBJECTID":853,"STREETNAME":"N KENILWORTH AVE","BLOCK":1200,"FIRST_FEATUREID":"0262324","BlockName":"1200 Block of N Kenilworth Ave","Count_":0,"Shape__Length":1330.448600137016,"GlobalID":"402b8caa-fedd-4afd-a4c2-34703ef8d7a0","BlockNameShort":"1200 N KENILWORTH AVE"}},{"type":"Feature","id":854,"geometry":{"type":"LineString","coordinates":[[-87.7807637812431,41.9073584394944],[-87.7807680224814,41.9074787893295],[-87.7807738022429,41.9076426788617],[-87.7807821091479,41.9079075211643],[-87.7807978337238,41.9084088209673],[-87.7808048418391,41.9086015002189],[-87.780808216747,41.9086958359665],[-87.7808090146206,41.9087183428772],[-87.7808147845972,41.9088800336976],[-87.7808207727361,41.9090470384628],[-87.7808260841768,41.9091952372901]]},"properties":{"OBJECTID":854,"STREETNAME":"N LOMBARD AVE","BLOCK":1200,"FIRST_FEATUREID":"026621","BlockName":"1200 Block of N Lombard Ave","Count_":0,"Shape__Length":669.5582968576144,"GlobalID":"d5d4991b-641a-4996-aaf5-03210add7f3d","BlockNameShort":"1200 N LOMBARD AVE"}},{"type":"Feature","id":855,"geometry":{"type":"MultiLineString","coordinates":[[[-87.8041750662119,41.90706065448],[-87.8042249796624,41.90828864142]],[[-87.8042018914684,41.9084018715551],[-87.8042028320741,41.9085503940695],[-87.8042032122684,41.9086022895805],[-87.8042058102526,41.9086613304996],[-87.804209381558,41.9087147469817],[-87.8042147265789,41.9088763753142]]]},"properties":{"OBJECTID":855,"STREETNAME":"N MARION ST","BLOCK":1200,"FIRST_FEATUREID":"026668","BlockName":"1200 Block of N Marion St","Count_":0,"Shape__Length":620.6596941853303,"GlobalID":"e9084ad3-2656-4421-9696-eb0ad4c99856","BlockNameShort":"1200 N MARION ST"}},{"type":"Feature","id":856,"geometry":{"type":"LineString","coordinates":[[-87.7950065315699,41.907190478634],[-87.7950114929502,41.9073734787691],[-87.7950276329072,41.9080542082647],[-87.7950421818698,41.9085176144498],[-87.795042879397,41.9085394617494],[-87.7950461579165,41.9086433186394],[-87.7950483189208,41.9087119076049],[-87.7950535104169,41.9088767210178],[-87.7950580221125,41.9090200176357]]},"properties":{"OBJECTID":856,"STREETNAME":"N OAK PARK AVE","BLOCK":1200,"FIRST_FEATUREID":"0261036","BlockName":"1200 Block of N Oak Park Ave","Count_":0,"Shape__Length":666.8463179702384,"GlobalID":"5009b964-bdc8-4aab-956e-eabe46026505","BlockNameShort":"1200 N OAK PARK AVE"}},{"type":"Feature","id":857,"geometry":{"type":"LineString","coordinates":[[-87.783310185348,41.9073384946564],[-87.7833239004795,41.9077393337246],[-87.7833439087263,41.908365802663],[-87.7833521771947,41.9086051946926],[-87.7833542117643,41.9086634644733],[-87.7833565371459,41.9087306823148],[-87.7833618050037,41.9088830953176],[-87.7833664377212,41.9090165477377],[-87.7833689617024,41.9090892766002],[-87.7833715414646,41.9091182951748],[-87.7833679498331,41.9091387777899],[-87.7833697096075,41.9091640497282]]},"properties":{"OBJECTID":857,"STREETNAME":"N RIDGELAND AVE","BLOCK":1200,"FIRST_FEATUREID":"026787","BlockName":"1200 Block of N Ridgeland Ave","Count_":0,"Shape__Length":665.5458498733061,"GlobalID":"f2d17777-a589-4f4d-8279-fac1842e1a2b","BlockNameShort":"1200 N RIDGELAND AVE"}},{"type":"Feature","id":858,"geometry":{"type":"LineString","coordinates":[[-87.778154251189,41.9073901862579],[-87.7781592385814,41.9075116292007],[-87.7781645503273,41.9076409876892],[-87.778174308,41.9079406595942],[-87.7781775500184,41.9080401456222],[-87.7781959836952,41.9086050812931],[-87.7782007755865,41.9087278215523],[-87.778206116747,41.9088645152149],[-87.7782111746653,41.9090480935507],[-87.7782161064099,41.9092271785798]]},"properties":{"OBJECTID":858,"STREETNAME":"N TAYLOR AVE","BLOCK":1200,"FIRST_FEATUREID":"026803","BlockName":"1200 Block of N Taylor Ave","Count_":0,"Shape__Length":669.6290196045658,"GlobalID":"39167983-24f3-434c-9dc9-e5c7083dc017","BlockNameShort":"1200 N TAYLOR AVE"}},{"type":"Feature","id":859,"geometry":{"type":"LineString","coordinates":[[-87.7859906465144,41.9073049628706],[-87.7860206823568,41.9082033177095],[-87.7860261339047,41.9083307308712],[-87.7860323869972,41.9085189603519],[-87.7860360174795,41.9086315470468],[-87.7860370376749,41.9086626712277],[-87.7860423461429,41.9088240579894],[-87.7860475750218,41.9089851697636],[-87.7860523128781,41.9091310985777]]},"properties":{"OBJECTID":859,"STREETNAME":"ROSSELL AVE","BLOCK":1200,"FIRST_FEATUREID":"026335","BlockName":"1200 Block of Rossell Ave","Count_":0,"Shape__Length":665.6697637659416,"GlobalID":"e0590af4-fe08-4d10-8311-7df3c95c59f1","BlockNameShort":"1200 ROSSELL AVE"}},{"type":"Feature","id":860,"geometry":{"type":"LineString","coordinates":[[-87.7995523013086,41.9071288833127],[-87.7995627132583,41.9074538912363],[-87.7995804956227,41.9080533703459],[-87.7995864440352,41.9082346273004],[-87.7995895526536,41.9083377702161],[-87.7995923994663,41.9084413791892],[-87.7995929036542,41.9084602886578],[-87.7995954679787,41.9085538242201],[-87.7995994979589,41.9087006054542],[-87.7996021837791,41.9087963420063],[-87.7996068805437,41.9089636423627]]},"properties":{"OBJECTID":860,"STREETNAME":"WOODBINE AVE","BLOCK":1200,"FIRST_FEATUREID":"0261324","BlockName":"1200 Block of Woodbine Ave","Count_":0,"Shape__Length":668.7641519595628,"GlobalID":"42ecabcf-7c60-4ee2-97a0-40b5644fce5c","BlockNameShort":"1200 WOODBINE AVE"}},{"type":"Feature","id":861,"geometry":{"type":"LineString","coordinates":[[-87.7754281020698,41.9039228631582],[-87.7754351867694,41.9041096964343],[-87.7754831373088,41.9056295628292],[-87.7754917285248,41.905882750269]]},"properties":{"OBJECTID":861,"STREETNAME":"N AUSTIN BLVD","BLOCK":1300,"FIRST_FEATUREID":"026468","BlockName":"1300 Block of N Austin Blvd","Count_":0,"Shape__Length":714.4079283972779,"GlobalID":"dbb9653d-6e35-4452-a2e6-9984bb2bd400","BlockNameShort":"1300 N AUSTIN BLVD"}},{"type":"Feature","id":862,"geometry":{"type":"LineString","coordinates":[[-87.8055787389167,41.9033665975462],[-87.8056433211744,41.9051124790178],[-87.8056471247164,41.9052174392146]]},"properties":{"OBJECTID":862,"STREETNAME":"N HARLEM AVE","BLOCK":1300,"FIRST_FEATUREID":"026310","BlockName":"1300 Block of N Harlem Ave","Count_":0,"Shape__Length":674.7151644781172,"GlobalID":"8a2f5a82-46c0-415b-af73-05b02139ae7a","BlockNameShort":"1300 N HARLEM AVE"}},{"type":"Feature","id":863,"geometry":{"type":"LineString","coordinates":[[-87.7754917285248,41.905882750269],[-87.7755026161579,41.9062384866889],[-87.7755199246919,41.9066303110605],[-87.7755318234444,41.9069974389326],[-87.7755328694646,41.9070297157691],[-87.7755400827086,41.9071975533089],[-87.7755507137095,41.9074449136863]]},"properties":{"OBJECTID":863,"STREETNAME":"N AUSTIN BLVD","BLOCK":1400,"FIRST_FEATUREID":"0261540","BlockName":"1400 Block of N Austin Blvd","Count_":0,"Shape__Length":569.4961309233458,"GlobalID":"ac00545c-055b-4f29-851e-3d86481be9e6","BlockNameShort":"1400 N AUSTIN BLVD"}},{"type":"Feature","id":864,"geometry":{"type":"LineString","coordinates":[[-87.8056471247164,41.9052174392146],[-87.8057160670389,41.9069510441871],[-87.8057242155405,41.9070447583625]]},"properties":{"OBJECTID":864,"STREETNAME":"N HARLEM AVE","BLOCK":1400,"FIRST_FEATUREID":"026596","BlockName":"1400 Block of N Harlem Ave","Count_":0,"Shape__Length":666.2374046796366,"GlobalID":"21d0ac15-0ce7-445e-b5ae-e20e8f8be090","BlockNameShort":"1400 N HARLEM AVE"}},{"type":"Feature","id":865,"geometry":{"type":"LineString","coordinates":[[-87.7755507137095,41.9074449136863],[-87.7755663751479,41.9079704942318],[-87.7755779108131,41.9083251055399],[-87.7755920931941,41.9087603280149],[-87.7755963204137,41.9088900414561],[-87.7755993977793,41.9092120859845],[-87.7755924703559,41.9092592273881]]},"properties":{"OBJECTID":865,"STREETNAME":"N AUSTIN BLVD","BLOCK":1500,"FIRST_FEATUREID":"0261511","BlockName":"1500 Block of N Austin Blvd","Count_":0,"Shape__Length":661.402302908912,"GlobalID":"b6083981-932e-4359-b2c5-440ffe84c8af","BlockNameShort":"1500 N AUSTIN BLVD"}},{"type":"Feature","id":866,"geometry":{"type":"LineString","coordinates":[[-87.8057242155405,41.9070447583625],[-87.8057351840379,41.9079813716532],[-87.805741013411,41.9083201637537],[-87.8057498781638,41.9088352949378],[-87.8057506067566,41.9088472259807],[-87.8057528954796,41.9088847158215],[-87.8057529443458,41.908885514647]]},"properties":{"OBJECTID":866,"STREETNAME":"N HARLEM AVE","BLOCK":1500,"FIRST_FEATUREID":"026815","BlockName":"1500 Block of N Harlem Ave","Count_":0,"Shape__Length":670.8413158146693,"GlobalID":"dd6a9ead-9efd-4fb1-8dad-49760364a94b","BlockNameShort":"1500 N HARLEM AVE"}},{"type":"Feature","id":867,"geometry":{"type":"LineString","coordinates":[[-87.7755924703559,41.9092592273881],[-87.775605017687,41.9092590740507],[-87.7764440625256,41.9092488308468],[-87.7769118297991,41.9092431187229],[-87.7776573920182,41.9092340081323],[-87.7781056625083,41.9092285290204],[-87.7782161064099,41.9092271785798]]},"properties":{"OBJECTID":867,"STREETNAME":"NORTH AVE","BLOCK":6000,"FIRST_FEATUREID":"026475878","BlockName":"6000 Block of North Ave","Count_":0,"Shape__Length":714.2642394499584,"GlobalID":"228b975c-644e-409e-b169-32cfe1473bc5","BlockNameShort":"6000 NORTH AVE"}},{"type":"Feature","id":868,"geometry":{"type":"LineString","coordinates":[[-87.7741389439247,41.8654666553754],[-87.7743694525022,41.8654648513649],[-87.7745078253534,41.8654632135527],[-87.7749134058069,41.8654584139015],[-87.7753643596557,41.8654518705119],[-87.7757491647399,41.8654462827109],[-87.7762572209464,41.8654388416812],[-87.7764694174293,41.8654355391909],[-87.7765939798118,41.8654336005125]]},"properties":{"OBJECTID":868,"STREETNAME":"ROOSEVELT RD","BLOCK":6000,"FIRST_FEATUREID":"026503","BlockName":"6000 Block of Roosevelt Rd","Count_":0,"Shape__Length":668.8428490021726,"GlobalID":"f09c3fff-61ad-4d27-b104-d93f95095252","BlockNameShort":"6000 ROOSEVELT RD"}},{"type":"Feature","id":869,"geometry":{"type":"LineString","coordinates":[[-87.7782161064099,41.9092271785798],[-87.7788767482344,41.9092190990573],[-87.7795210925256,41.9092112153379],[-87.7801136164996,41.9092039624899],[-87.7807064827181,41.9091967019288],[-87.7808260841768,41.9091952372901]]},"properties":{"OBJECTID":869,"STREETNAME":"NORTH AVE","BLOCK":6100,"FIRST_FEATUREID":"026475877","BlockName":"6100 Block of North Ave","Count_":0,"Shape__Length":710.5464121717398,"GlobalID":"dffa0e14-0172-4994-a030-0612ab14a092","BlockNameShort":"6100 NORTH AVE"}},{"type":"Feature","id":870,"geometry":{"type":"LineString","coordinates":[[-87.7765939798118,41.8654336005125],[-87.7768581770306,41.8654294887642],[-87.7776670880963,41.865418530731],[-87.7778222480198,41.8654161481285],[-87.7781980954332,41.8654103692397],[-87.7787999524986,41.8654029030423],[-87.778902757678,41.8654015887859],[-87.7790541460369,41.8653996544914]]},"properties":{"OBJECTID":870,"STREETNAME":"ROOSEVELT RD","BLOCK":6100,"FIRST_FEATUREID":"0261424","BlockName":"6100 Block of Roosevelt Rd","Count_":0,"Shape__Length":670.2441966920518,"GlobalID":"d7e5919b-eb03-493d-a8ac-007630a371ed","BlockNameShort":"6100 ROOSEVELT RD"}},{"type":"Feature","id":871,"geometry":{"type":"LineString","coordinates":[[-87.7808260841768,41.9091952372901],[-87.7817190863552,41.909184294996],[-87.7821267779866,41.9091792967066],[-87.7824228456945,41.9091756657102],[-87.7830295980492,41.9091682229839],[-87.7833697096075,41.9091640497282]]},"properties":{"OBJECTID":871,"STREETNAME":"NORTH AVE","BLOCK":6200,"FIRST_FEATUREID":"026475875","BlockName":"6200 Block of North Ave","Count_":0,"Shape__Length":692.4830204235163,"GlobalID":"2117161e-827c-49ab-816b-5b90f7ca8033","BlockNameShort":"6200 NORTH AVE"}},{"type":"Feature","id":872,"geometry":{"type":"LineString","coordinates":[[-87.7790541460369,41.8653996544914],[-87.779417085869,41.8653950139801],[-87.7800044616972,41.8653894478842],[-87.7802767786618,41.8653859490139],[-87.7805917448668,41.8653819029794],[-87.7812252875232,41.8653740282519],[-87.7813848244308,41.8653719094722],[-87.7815070893057,41.8653702866503]]},"properties":{"OBJECTID":872,"STREETNAME":"ROOSEVELT RD","BLOCK":6200,"FIRST_FEATUREID":"0262044","BlockName":"6200 Block of Roosevelt Rd","Count_":0,"Shape__Length":668.2487526677448,"GlobalID":"9c8535a5-b69d-4f17-89b6-888c2e3e96d0","BlockNameShort":"6200 ROOSEVELT RD"}},{"type":"Feature","id":873,"geometry":{"type":"LineString","coordinates":[[-87.7833697096075,41.9091640497282],[-87.7845756811573,41.9091492438101],[-87.7848741956624,41.9091455776702]]},"properties":{"OBJECTID":873,"STREETNAME":"NORTH AVE","BLOCK":6300,"FIRST_FEATUREID":"026153","BlockName":"6300 Block of North Ave","Count_":0,"Shape__Length":409.5853224004412,"GlobalID":"0e67776d-8450-4306-855a-f87d61c0ae4d","BlockNameShort":"6300 NORTH AVE"}},{"type":"Feature","id":874,"geometry":{"type":"LineString","coordinates":[[-87.7815070893057,41.8653702866503],[-87.7817957923239,41.8653664505505],[-87.7823968465015,41.8653584133351],[-87.7827154846244,41.8653576284377],[-87.7830166044688,41.8653568838635],[-87.783298237167,41.865349662622],[-87.7836027394406,41.8653418532915],[-87.7836352510056,41.8653412553167],[-87.7839654358789,41.8653351804653]]},"properties":{"OBJECTID":874,"STREETNAME":"ROOSEVELT RD","BLOCK":6300,"FIRST_FEATUREID":"0261569","BlockName":"6300 Block of Roosevelt Rd","Count_":0,"Shape__Length":669.7972016927678,"GlobalID":"1f01a171-8dfa-4abf-941f-8122380ccb63","BlockNameShort":"6300 ROOSEVELT RD"}},{"type":"Feature","id":875,"geometry":{"type":"LineString","coordinates":[[-87.7848741956624,41.9091455776702],[-87.7850068987742,41.9091439470684],[-87.7860523128781,41.9091310985777],[-87.7866391931339,41.909123880591],[-87.787241417153,41.9091164723773],[-87.7873513568981,41.9091151188547]]},"properties":{"OBJECTID":875,"STREETNAME":"NORTH AVE","BLOCK":6400,"FIRST_FEATUREID":"026401433","BlockName":"6400 Block of North Ave","Count_":0,"Shape__Length":674.3894229205597,"GlobalID":"4f5bc5a4-2145-494e-a3f2-4fe5cf62f253","BlockNameShort":"6400 NORTH AVE"}},{"type":"Feature","id":876,"geometry":{"type":"LineString","coordinates":[[-87.7839654358789,41.8653351804653],[-87.7843485236453,41.8653281321864],[-87.7848553622779,41.8653214432012],[-87.7851866656985,41.8653151099802],[-87.7856320323575,41.8653065980718],[-87.7860441629618,41.8652984635668],[-87.7862858808432,41.8652943841664],[-87.7864177310002,41.8652921589255]]},"properties":{"OBJECTID":876,"STREETNAME":"ROOSEVELT RD","BLOCK":6400,"FIRST_FEATUREID":"026620","BlockName":"6400 Block of Roosevelt Rd","Count_":0,"Shape__Length":668.1730628257075,"GlobalID":"bd5974a1-0ac8-4216-b95f-22200890099b","BlockNameShort":"6400 ROOSEVELT RD"}},{"type":"Feature","id":877,"geometry":{"type":"LineString","coordinates":[[-87.7873513568981,41.9091151188547],[-87.7882564815645,41.9091039762748],[-87.7887497395989,41.9090979011554],[-87.7899028749889,41.9090827490786],[-87.7902130989935,41.9090798654513]]},"properties":{"OBJECTID":877,"STREETNAME":"NORTH AVE","BLOCK":6500,"FIRST_FEATUREID":"026475873","BlockName":"6500 Block of North Ave","Count_":0,"Shape__Length":779.090296735075,"GlobalID":"3c954bdc-a4d4-4658-b8fe-423834fb24b9","BlockNameShort":"6500 NORTH AVE"}},{"type":"Feature","id":878,"geometry":{"type":"LineString","coordinates":[[-87.7864177310002,41.8652921589255],[-87.7868051030472,41.8652856216448],[-87.787343454542,41.8652771502956],[-87.7876427406721,41.8652717426902],[-87.7879928514125,41.8652654169041],[-87.7885937290214,41.8652562759033],[-87.7887412735439,41.8652531761702],[-87.788863328002,41.8652506117599]]},"properties":{"OBJECTID":878,"STREETNAME":"ROOSEVELT RD","BLOCK":6500,"FIRST_FEATUREID":"0262366","BlockName":"6500 Block of Roosevelt Rd","Count_":0,"Shape__Length":666.3354415095793,"GlobalID":"668de414-6f86-48de-b84f-794ad5c50127","BlockNameShort":"6500 ROOSEVELT RD"}},{"type":"Feature","id":879,"geometry":{"type":"LineString","coordinates":[[-87.7902130989935,41.9090798654513],[-87.7911217138129,41.9090686573692],[-87.7914279991298,41.909064877632],[-87.7923463673154,41.9090517557516],[-87.7926340064175,41.909049986341]]},"properties":{"OBJECTID":879,"STREETNAME":"NORTH AVE","BLOCK":6600,"FIRST_FEATUREID":"026475872","BlockName":"6600 Block of North Ave","Count_":0,"Shape__Length":659.0792886868543,"GlobalID":"ff77223e-3f26-47f2-b757-06e1730b9e2f","BlockNameShort":"6600 NORTH AVE"}},{"type":"Feature","id":880,"geometry":{"type":"LineString","coordinates":[[-87.788863328002,41.8652506117599],[-87.7892001450513,41.8652435359072],[-87.7895969116485,41.8652374019594],[-87.7900913343859,41.8652281695362],[-87.7909886080656,41.8652114078363],[-87.7912028744545,41.865208145517],[-87.7913190309295,41.8652063762727]]},"properties":{"OBJECTID":880,"STREETNAME":"ROOSEVELT RD","BLOCK":6600,"FIRST_FEATUREID":"0262284","BlockName":"6600 Block of Roosevelt Rd","Count_":0,"Shape__Length":669.1109226801527,"GlobalID":"66fd43b2-1124-4b5d-abe4-6fade82ad7dc","BlockNameShort":"6600 ROOSEVELT RD"}},{"type":"Feature","id":881,"geometry":{"type":"LineString","coordinates":[[-87.7926340064175,41.909049986341],[-87.7935696920148,41.9090384244773],[-87.7938469070951,41.9090349977245],[-87.7947939816605,41.9090206496239],[-87.7950580221125,41.9090200176357]]},"properties":{"OBJECTID":881,"STREETNAME":"NORTH AVE","BLOCK":6700,"FIRST_FEATUREID":"026475871","BlockName":"6700 Block of North Ave","Count_":0,"Shape__Length":659.9306241673366,"GlobalID":"8abad211-9e41-40b8-b018-12ecff30e819","BlockNameShort":"6700 NORTH AVE"}},{"type":"Feature","id":882,"geometry":{"type":"LineString","coordinates":[[-87.7913190309295,41.8652063762727],[-87.7916089818001,41.8652019595745],[-87.7923233896348,41.8651909747013],[-87.7925376145235,41.8651866184766],[-87.7927650065512,41.8651819943015],[-87.7933341987054,41.8651730367914],[-87.7936334744773,41.8651668851436],[-87.7937523224618,41.8651644418231]]},"properties":{"OBJECTID":882,"STREETNAME":"ROOSEVELT RD","BLOCK":6700,"FIRST_FEATUREID":"026521","BlockName":"6700 Block of Roosevelt Rd","Count_":0,"Shape__Length":662.9896558994009,"GlobalID":"0b44924e-159e-4735-8845-f4f7a1491c5a","BlockNameShort":"6700 ROOSEVELT RD"}},{"type":"Feature","id":883,"geometry":{"type":"LineString","coordinates":[[-87.7950580221125,41.9090200176357],[-87.7959904258718,41.9090084773818],[-87.7965574330069,41.9090014551285],[-87.7972040353465,41.908993444013],[-87.7980055561136,41.9089835081814],[-87.7982534006995,41.9089804353518]]},"properties":{"OBJECTID":883,"STREETNAME":"NORTH AVE","BLOCK":6800,"FIRST_FEATUREID":"026475870","BlockName":"6800 Block of North Ave","Count_":0,"Shape__Length":869.9216426818141,"GlobalID":"2b071644-7e27-48cd-ac03-914e391630a0","BlockNameShort":"6800 NORTH AVE"}},{"type":"Feature","id":884,"geometry":{"type":"LineString","coordinates":[[-87.7937523224618,41.8651644418231],[-87.794396987836,41.8651511896239],[-87.7946374794498,41.8651481465963],[-87.7950661675575,41.865140672309],[-87.7953816763031,41.8651351693056],[-87.7957144626946,41.8651287172198],[-87.7958742163257,41.8651256204559],[-87.7963665565502,41.8651176207559]]},"properties":{"OBJECTID":884,"STREETNAME":"ROOSEVELT RD","BLOCK":6800,"FIRST_FEATUREID":"0261793","BlockName":"6800 Block of Roosevelt Rd","Count_":0,"Shape__Length":712.3056218065094,"GlobalID":"88c9e19d-fa70-4833-878a-2c29f295bed2","BlockNameShort":"6800 ROOSEVELT RD"}},{"type":"Feature","id":885,"geometry":{"type":"LineString","coordinates":[[-87.7982534006995,41.9089804353518],[-87.7984557732229,41.9089740134058],[-87.7994847917522,41.9089651573174],[-87.7996068805437,41.9089636423627],[-87.8002870525968,41.9089506460803],[-87.8010105885688,41.9089462091515],[-87.8011860943727,41.9089440280892]]},"properties":{"OBJECTID":885,"STREETNAME":"NORTH AVE","BLOCK":6900,"FIRST_FEATUREID":"026475867","BlockName":"6900 Block of North Ave","Count_":0,"Shape__Length":798.4445199705657,"GlobalID":"82b93650-cec9-44d9-baac-8c2b52623461","BlockNameShort":"6900 NORTH AVE"}},{"type":"Feature","id":886,"geometry":{"type":"LineString","coordinates":[[-87.7963665565502,41.8651176207559],[-87.7966662848082,41.8651127490136],[-87.7974099669208,41.865099728262],[-87.797669012017,41.8650950863158],[-87.7979882741007,41.8650893631679],[-87.7987328033254,41.8650760911031],[-87.7988605757234,41.865073837996],[-87.798981992384,41.8650716965302]]},"properties":{"OBJECTID":886,"STREETNAME":"ROOSEVELT RD","BLOCK":6900,"FIRST_FEATUREID":"02628","BlockName":"6900 Block of Roosevelt Rd","Count_":0,"Shape__Length":712.6222662774163,"GlobalID":"abe669b2-c444-4713-a24e-9fd8695aaa3a","BlockNameShort":"6900 ROOSEVELT RD"}},{"type":"Feature","id":887,"geometry":{"type":"LineString","coordinates":[[-87.8011860943727,41.9089440280892],[-87.8021180186896,41.9089282762847],[-87.8025498985631,41.9089209746879],[-87.8026869374784,41.9089173044246],[-87.8028788283499,41.9089121641487],[-87.8040327504513,41.9088812520072],[-87.8042147265789,41.9088763753142]]},"properties":{"OBJECTID":887,"STREETNAME":"NORTH AVE","BLOCK":7000,"FIRST_FEATUREID":"026475866","BlockName":"7000 Block of North Ave","Count_":0,"Shape__Length":824.7996795525703,"GlobalID":"92403cfd-cd02-47d8-bbf9-bbfdc754daa1","BlockNameShort":"7000 NORTH AVE"}},{"type":"Feature","id":888,"geometry":{"type":"LineString","coordinates":[[-87.798981992384,41.8650716965302],[-87.7992720768581,41.8650665804427],[-87.7997002829436,41.8650587183723],[-87.8001893951372,41.8650507539087],[-87.8002823299749,41.8650492864582],[-87.8007923283441,41.8650412299927],[-87.8013779476648,41.8650298931531],[-87.8015959453857,41.8650254960885],[-87.8017835768841,41.8650217107606]]},"properties":{"OBJECTID":888,"STREETNAME":"ROOSEVELT RD","BLOCK":7000,"FIRST_FEATUREID":"0261934","BlockName":"7000 Block of Roosevelt Rd","Count_":0,"Shape__Length":763.3506494557096,"GlobalID":"66b4b2f6-897a-489b-b10b-4b591abca4b1","BlockNameShort":"7000 ROOSEVELT RD"}},{"type":"Feature","id":889,"geometry":{"type":"LineString","coordinates":[[-87.8042147265789,41.9088763753142],[-87.8048001740277,41.9088748974959],[-87.8054799824817,41.9088731761377],[-87.8056038588347,41.9088698551419],[-87.8057529443681,41.908885511946]]},"properties":{"OBJECTID":889,"STREETNAME":"NORTH AVE","BLOCK":7100,"FIRST_FEATUREID":"026197050","BlockName":"7100 Block of North Ave","Count_":0,"Shape__Length":419.13580084846194,"GlobalID":"0bd2c584-7a88-4a0d-baa1-b3f954dff3f6","BlockNameShort":"7100 NORTH AVE"}},{"type":"Feature","id":890,"geometry":{"type":"LineString","coordinates":[[-87.8017835768841,41.8650217107606],[-87.8019391002115,41.8650185724749],[-87.802218838568,41.8650129283907],[-87.802326359879,41.8650122839308],[-87.8028938436225,41.8650088802934],[-87.8033423598587,41.8650029207449],[-87.8040183071617,41.8649847916736],[-87.8042039711304,41.8649876252725],[-87.8042051393268,41.8649876423591]]},"properties":{"OBJECTID":890,"STREETNAME":"ROOSEVELT RD","BLOCK":7100,"FIRST_FEATUREID":"0262530","BlockName":"7100 Block of Roosevelt Rd","Count_":0,"Shape__Length":659.8139841148457,"GlobalID":"e72e1094-dad2-4255-b794-92dd4e7c8980","BlockNameShort":"7100 ROOSEVELT RD"}}]}
