{"type":"FeatureCollection","name":"traffic-calming-oak-park","features":[{"type":"Feature","id":1,"geometry":{"type":"Point","coordinates":[-87.7901925270677,41.9083344372908]},"properties":{"FID":1,"type":"Speed Hump","notes":"2025 resurfacing, U:\\Public_Works\\Board Agenda Items\\2025\\07.01.25\\25-02 Resurfacing Construction\\5 - Project Location Map.pdf","material":"permanent","installed_":"pre-2024","Status":"complete","Location":"East from Le Moyne to North Ave","installed1":null,"updated_by":" ","updated_da":null,"Category":"Vertical Deflection"}},{"type":"Feature","id":2,"geometry":{"type":"Point","coordinates":[-87.7919793598168,41.9072310914539]},"properties":{"FID":2,"type":"Speed Cushion","notes":"2025 resurfacing, U:\\Public_Works\\Board Agenda Items\\2025\\07.01.25\\25-02 Resurfacing Construction\\5 - Project Location Map.pdf","material":"permanent","installed_":"TBD 2025","Status":"planned or in progress","Location":"Le Moyne from Linden to Columbian","installed1":null,"updated_by":" ","updated_da":null,"Category":"Vertical Deflection"}},{"type":"Feature","id":3,"geometry":{"type":"Point","coordinates":[-87.7925747181542,41.9072275435908]},"properties":{"FID":3,"type":"Bump-out","notes":"2025 resurfacing, U:\\Public_Works\\Board Agenda Items\\2025\\07.01.25\\25-02 Resurfacing Construction\\5 - Project Location Map.pdf","material":"permanent","installed_":"TBD 2025","Status":"planned or in progress","Location":"Le Moyne and Linden","installed1":null,"updated_by":" ","updated_da":null,"Category":"Bump-Out"}},{"type":"Feature","id":4,"geometry":{"type":"Point","coordinates":[-87.7913753896205,41.9072473017014]},"properties":{"FID":4,"type":"Bump-out","notes":"2025 resurfacing, U:\\Public_Works\\Board Agenda Items\\2025\\07.01.25\\25-02 Resurfacing Construction\\5 - Project Location Map.pdf","material":"permanent","installed_":"TBD 2025","Status":"planned or in progress","Location":"Le Moyne and Columbian","installed1":null,"updated_by":" ","updated_da":null,"Category":"Bump-Out"}},{"type":"Feature","id":5,"geometry":{"type":"Point","coordinates":[-87.776670127684,41.9038956066003]},"properties":{"FID":5,"type":"Bump-out","notes":"2025 resurfacing, U:\\Public_Works\\Board Agenda Items\\2025\\07.01.25\\25-02 Resurfacing Construction\\5 - Project Location Map.pdf. petition approved by VB 3/19/2024","material":"paint & post","installed_":"TBD 2025","Status":"planned or in progress","Location":"Berkshire and Humphrey","installed1":null,"updated_by":" ","updated_da":null,"Category":"Bump-Out"}},{"type":"Feature","id":6,"geometry":{"type":"Point","coordinates":[-87.7767549045504,41.9058845222255]},"properties":{"FID":6,"type":"Bump-out","notes":"2025 resurfacing, U:\\Public_Works\\Board Agenda Items\\2025\\07.01.25\\25-02 Resurfacing Construction\\5 - Project Location Map.pdf.  petition approved by VB 3/19/2024","material":"paint & post","installed_":"TBD 2025","Status":"planned or in progress","Location":"Greenfield and Humphrey","installed1":null,"updated_by":" ","updated_da":null,"Category":"Bump-Out"}},{"type":"Feature","id":7,"geometry":{"type":"Point","coordinates":[-87.7777486819874,41.9001429988211]},"properties":{"FID":7,"type":"Bump-out","notes":"2025 resurfacing,U:\\Public_Works\\Board Agenda Items\\2025\\07.01.25\\25-02 Resurfacing Construction\\5 - Project Location Map.pdf.  petition approved by VB 1/21/2025","material":"paint & post","installed_":"TBD 2025","Status":"planned or in progress","Location":"Thomas and Taylor","installed1":null,"updated_by":" ","updated_da":null,"Category":"Bump-Out"}},{"type":"Feature","id":8,"geometry":{"type":"Point","coordinates":[-87.7789605528431,41.9001329730526]},"properties":{"FID":8,"type":"Bump-out","notes":"2025 resurfacing, U:\\Public_Works\\Board Agenda Items\\2025\\07.01.25\\25-02 Resurfacing Construction\\5 - Project Location Map.pdf. petition approved by VB 1/21/2025","material":"paint & post","installed_":"TBD 2025","Status":"planned or in progress","Location":"Thomas and Hayes","installed1":null,"updated_by":" ","updated_da":null,"Category":"Bump-Out"}},{"type":"Feature","id":9,"geometry":{"type":"Point","coordinates":[-87.788471125154,41.9037362033908]},"properties":{"FID":9,"type":"Bump-out","notes":"2025 resurfacing, U:\\Public_Works\\Board Agenda Items\\2025\\07.01.25\\25-02 Resurfacing Construction\\5 - Project Location Map.pdf. petition approved by VB 1/23/2024","material":"paint & post","installed_":"TBD 2025","Status":"planned or in progress","Location":"Berkshire and Fair Oaks","installed1":null,"updated_by":" ","updated_da":null,"Category":"Bump-Out"}},{"type":"Feature","id":10,"geometry":{"type":"Point","coordinates":[-87.7963105424293,41.8998532972221]},"properties":{"FID":10,"type":"Bump-out","notes":"2025 resurfacing, U:\\Public_Works\\Board Agenda Items\\2025\\07.01.25\\25-02 Resurfacing Construction\\5 - Project Location Map.pdf.  petition scheduled to go to VB July 2025","material":"paint & post","installed_":"TBD 2025","Status":"planned or in progress","Location":"Thomas and Grove","installed1":null,"updated_by":" ","updated_da":null,"Category":"Bump-Out"}},{"type":"Feature","id":11,"geometry":{"type":"Point","coordinates":[-87.8024773496947,41.9017116514555]},"properties":{"FID":11,"type":"Bump-out","notes":"2025 resurfacing, U:\\Public_Works\\Board Agenda Items\\2025\\07.01.25\\25-02 Resurfacing Construction\\5 - Project Location Map.pdf","material":"paint & post","installed_":"TBD 2025","Status":"planned or in progress","Location":"Division and Belleforte","installed1":null,"updated_by":" ","updated_da":null,"Category":"Bump-Out"}},{"type":"Feature","id":12,"geometry":{"type":"Point","coordinates":[-87.7862355900995,41.885177807445]},"properties":{"FID":12,"type":"Bump-out","notes":"2025 resurfacing, U:\\Public_Works\\Board Agenda Items\\2025\\07.01.25\\25-02 Resurfacing Construction\\5 - Project Location Map.pdf","material":"paint & post","installed_":"TBD 2025","Status":"planned or in progress","Location":"Pleasant and Elmwood","installed1":null,"updated_by":" ","updated_da":null,"Category":"Bump-Out"}},{"type":"Feature","id":13,"geometry":{"type":"Point","coordinates":[-87.7868616175464,41.8780589888223]},"properties":{"FID":13,"type":"Bump-out","notes":"2025 resurfacing, U:\\Public_Works\\Board Agenda Items\\2025\\07.01.25\\25-02 Resurfacing Construction\\5 - Project Location Map.pdf. petition approved by VB 9/17/2024","material":"paint & post","installed_":"TBD 2025","Status":"planned or in progress","Location":"Adams and Gunderson","installed1":null,"updated_by":" ","updated_da":null,"Category":"Bump-Out"}},{"type":"Feature","id":14,"geometry":{"type":"Point","coordinates":[-87.7914993677206,41.8706970899518]},"properties":{"FID":14,"type":"Bump-out","notes":"2025 resurfacing, U:\\Public_Works\\Board Agenda Items\\2025\\07.01.25\\25-02 Resurfacing Construction\\5 - Project Location Map.pdf","material":"paint & post","installed_":"TBD 2025","Status":"planned or in progress","Location":"Lexington and Wesley","installed1":null,"updated_by":" ","updated_da":null,"Category":"Bump-Out"}},{"type":"Feature","id":15,"geometry":{"type":"Point","coordinates":[-87.7902795406785,41.8707087994765]},"properties":{"FID":15,"type":"Bump-out","notes":"2025 resurfacing, U:\\Public_Works\\Board Agenda Items\\2025\\07.01.25\\25-02 Resurfacing Construction\\5 - Project Location Map.pdf","material":"paint & post","installed_":"TBD 2025","Status":"planned or in progress","Location":"Lexington and Clarence","installed1":null,"updated_by":" ","updated_da":null,"Category":"Bump-Out"}},{"type":"Feature","id":16,"geometry":{"type":"Point","coordinates":[-87.7964310330237,41.866932220012]},"properties":{"FID":16,"type":"Bump-out","notes":"2025 resurfacing, U:\\Public_Works\\Board Agenda Items\\2025\\07.01.25\\25-02 Resurfacing Construction\\5 - Project Location Map.pdf","material":"paint & post","installed_":"TBD 2025","Status":"planned or in progress","Location":"Fillmore and Kenilworth","installed1":null,"updated_by":" ","updated_da":null,"Category":"Bump-Out"}},{"type":"Feature","id":17,"geometry":{"type":"Point","coordinates":[-87.7801869198986,41.9000443852633]},"properties":{"FID":17,"type":"Bump-out","notes":"2025 resurfacing,U:\\Public_Works\\Board Agenda Items\\2025\\07.01.25\\25-02 Resurfacing Construction\\5 - Project Location Map.pdf. petition approved by VB 1/21/2025","material":"permanent","installed_":"TBD 2025","Status":"planned or in progress","Location":"Thomas and Lombard","installed1":null,"updated_by":" ","updated_da":null,"Category":"Bump-Out"}},{"type":"Feature","id":18,"geometry":{"type":"Point","coordinates":[-87.7814063073649,41.9001487248852]},"properties":{"FID":18,"type":"Bump-out","notes":"2025 resurfacing, U:\\Public_Works\\Board Agenda Items\\2025\\07.01.25\\25-02 Resurfacing Construction\\5 - Project Location Map.pdf","material":"permanent","installed_":"TBD 2025","Status":"planned or in progress","Location":"Thomas and Mapleton","installed1":null,"updated_by":" ","updated_da":null,"Category":"Bump-Out"}},{"type":"Feature","id":19,"geometry":{"type":"Point","coordinates":[-87.7818096296454,41.8997250079072]},"properties":{"FID":19,"type":"Bump-out","notes":"2025 resurfacing, U:\\Public_Works\\Board Agenda Items\\2025\\07.01.25\\25-02 Resurfacing Construction\\5 - Project Location Map.pdf","material":"permanent","installed_":"TBD 2025","Status":"planned or in progress","Location":"Thomas and Harvey S leg","installed1":null,"updated_by":" ","updated_da":null,"Category":"Bump-Out"}},{"type":"Feature","id":20,"geometry":{"type":"Point","coordinates":[-87.7826538291583,41.8999482397854]},"properties":{"FID":20,"type":"Bump-out","notes":"2025 resurfacing, U:\\Public_Works\\Board Agenda Items\\2025\\07.01.25\\25-02 Resurfacing Construction\\5 - Project Location Map.pdf","material":"permanent","installed_":"TBD 2025","Status":"planned or in progress","Location":"Thomas and Harvey N leg","installed1":null,"updated_by":" ","updated_da":null,"Category":"Bump-Out"}},{"type":"Feature","id":21,"geometry":{"type":"Point","coordinates":[-87.7835936971335,41.8999241542825]},"properties":{"FID":21,"type":"Bump-out","notes":"2025 resurfacing, U:\\Public_Works\\Board Agenda Items\\2025\\07.01.25\\25-02 Resurfacing Construction\\5 - Project Location Map.pdf","material":"permanent","installed_":"TBD 2025","Status":"planned or in progress","Location":"Thomas and Cuyler","installed1":null,"updated_by":" ","updated_da":null,"Category":"Bump-Out"}},{"type":"Feature","id":22,"geometry":{"type":"Point","coordinates":[-87.7883225733048,41.899829163729]},"properties":{"FID":22,"type":"Bump-out","notes":"2025 resurfacing, U:\\Public_Works\\Board Agenda Items\\2025\\07.01.25\\25-02 Resurfacing Construction\\5 - Project Location Map.pdf","material":"permanent","installed_":"TBD 2025","Status":"planned or in progress","Location":"Thomas and Fair Oaks","installed1":null,"updated_by":" ","updated_da":null,"Category":"Bump-Out"}},{"type":"Feature","id":23,"geometry":{"type":"Point","coordinates":[-87.7914331067231,41.8980332628152]},"properties":{"FID":23,"type":"Bump-out","notes":"2025 resurfacing, U:\\Public_Works\\Board Agenda Items\\2025\\07.01.25\\25-02 Resurfacing Construction\\5 - Project Location Map.pdf","material":"permanent","installed_":"TBD 2025","Status":"planned or in progress","Location":"Augusta and Linden (s leg)","installed1":null,"updated_by":" ","updated_da":null,"Category":"Bump-Out"}},{"type":"Feature","id":24,"geometry":{"type":"Point","coordinates":[-87.8025365333876,41.903421691162]},"properties":{"FID":24,"type":"Bump-out","notes":"2025 resurfacing, U:\\Public_Works\\Board Agenda Items\\2025\\07.01.25\\25-02 Resurfacing Construction\\5 - Project Location Map.pdf","material":"permanent","installed_":"TBD 2025","Status":"planned or in progress","Location":"Berkshire and Belleforte","installed1":null,"updated_by":" ","updated_da":null,"Category":"Bump-Out"}},{"type":"Feature","id":25,"geometry":{"type":"Point","coordinates":[-87.8026026151102,41.905197675116]},"properties":{"FID":25,"type":"Bump-out","notes":"2025 resurfacing, U:\\Public_Works\\Board Agenda Items\\2025\\07.01.25\\25-02 Resurfacing Construction\\5 - Project Location Map.pdf","material":"permanent","installed_":"TBD 2025","Status":"planned or in progress","Location":"Greenfield and Belleforte","installed1":null,"updated_by":" ","updated_da":null,"Category":"Bump-Out"}},{"type":"Feature","id":26,"geometry":{"type":"Point","coordinates":[-87.7912811020073,41.8928802118399]},"properties":{"FID":26,"type":"Bump-out","notes":"2025 resurfacing, U:\\Public_Works\\Board Agenda Items\\2025\\07.01.25\\25-02 Resurfacing Construction\\5 - Project Location Map.pdf","material":"permanent","installed_":"TBD 2025","Status":"planned or in progress","Location":"Superior and Linden","installed1":null,"updated_by":" ","updated_da":null,"Category":"Bump-Out"}},{"type":"Feature","id":27,"geometry":{"type":"Point","coordinates":[-87.7912367675059,41.8915871536889]},"properties":{"FID":27,"type":"Bump-out","notes":"Formerly paint and post via greenway 2023. 2025 resurfacing to make these permanent.","material":"permanent","installed_":"paint and post 2023. Permanent TBD 2025","Status":"planned or in progress","Location":"Erie and Linden","installed1":null,"updated_by":" ","updated_da":null,"Category":"Bump-Out"}},{"type":"Feature","id":28,"geometry":{"type":"Point","coordinates":[-87.788047442756,41.8916864091676]},"properties":{"FID":28,"type":"Bump-out","notes":"Formerly paint and post via greenway 2023. 2025 resurfacing to make these permanent.","material":"permanent","installed_":"paint and post 2023. Permanent TBD 2025","Status":"planned or in progress","Location":"Erie and Scoville","installed1":null,"updated_by":" ","updated_da":null,"Category":"Bump-Out"}},{"type":"Feature","id":29,"geometry":{"type":"Point","coordinates":[-87.7831226643297,41.8904050119603]},"properties":{"FID":29,"type":"Bump-out","notes":"2025 resurfacing, U:\\Public_Works\\Board Agenda Items\\2025\\07.01.25\\25-02 Resurfacing Construction\\5 - Project Location Map.pdf","material":"permanent","installed_":"TBD 2025","Status":"planned or in progress","Location":"Ontario and Cuyler","installed1":null,"updated_by":" ","updated_da":null,"Category":"Bump-Out"}},{"type":"Feature","id":30,"geometry":{"type":"Point","coordinates":[-87.781532715925,41.8904037362597]},"properties":{"FID":30,"type":"Bump-out","notes":"2025 resurfacing, U:\\Public_Works\\Board Agenda Items\\2025\\07.01.25\\25-02 Resurfacing Construction\\5 - Project Location Map.pdf","material":"permanent","installed_":"TBD 2025","Status":"planned or in progress","Location":"Ontario and Harvey","installed1":null,"updated_by":" ","updated_da":null,"Category":"Bump-Out"}},{"type":"Feature","id":31,"geometry":{"type":"Point","coordinates":[-87.7814215502906,41.8870201930358]},"properties":{"FID":31,"type":"Bump-out","notes":"2025 resurfacing, U:\\Public_Works\\Board Agenda Items\\2025\\07.01.25\\25-02 Resurfacing Construction\\5 - Project Location Map.pdf","material":"permanent","installed_":"TBD 2025","Status":"planned or in progress","Location":"South Blvd and Harvey","installed1":null,"updated_by":" ","updated_da":null,"Category":"Bump-Out"}},{"type":"Feature","id":32,"geometry":{"type":"Point","coordinates":[-87.7830174648595,41.8868118473972]},"properties":{"FID":32,"type":"Bump-out","notes":"2025 resurfacing, U:\\Public_Works\\Board Agenda Items\\2025\\07.01.25\\25-02 Resurfacing Construction\\5 - Project Location Map.pdf","material":"permanent","installed_":"TBD 2025","Status":"planned or in progress","Location":"South Blvd and Cuyler","installed1":null,"updated_by":" ","updated_da":null,"Category":"Bump-Out"}},{"type":"Feature","id":33,"geometry":{"type":"Point","coordinates":[-87.7856822776395,41.8794105476589]},"properties":{"FID":33,"type":"Pinch Point","notes":"2025 resurfacing, U:\\Public_Works\\Board Agenda Items\\2025\\07.01.25\\25-02 Resurfacing Construction\\5 - Project Location Map.pdf","material":"permanent","installed_":"TBD 2025","Status":"planned or in progress","Location":"Elmwood from Adams to Madison","installed1":null,"updated_by":" ","updated_da":null,"Category":"Pinch Point"}},{"type":"Feature","id":34,"geometry":{"type":"Point","coordinates":[-87.7856340292686,41.8780920534509]},"properties":{"FID":34,"type":"Bump-out","notes":"2025 resurfacing, U:\\Public_Works\\Board Agenda Items\\2025\\07.01.25\\25-02 Resurfacing Construction\\5 - Project Location Map.pdf","material":"permanent","installed_":"TBD 2025","Status":"planned or in progress","Location":"Adams and Elmwood","installed1":null,"updated_by":" ","updated_da":null,"Category":"Bump-Out"}},{"type":"Feature","id":35,"geometry":{"type":"Point","coordinates":[-87.7893111733061,41.8707304535683]},"properties":{"FID":35,"type":"Bump-out","notes":"2025 resurfacing, U:\\Public_Works\\Board Agenda Items\\2025\\07.01.25\\25-02 Resurfacing Construction\\5 - Project Location Map.pdf","material":"permanent","installed_":"TBD 2025","Status":"planned or in progress","Location":"Lexington and East Ave","installed1":null,"updated_by":" ","updated_da":null,"Category":"Bump-Out"}},{"type":"Feature","id":36,"geometry":{"type":"Point","coordinates":[-87.7927395078983,41.8706703745091]},"properties":{"FID":36,"type":"Bump-out","notes":"2025 resurfacing, U:\\Public_Works\\Board Agenda Items\\2025\\07.01.25\\25-02 Resurfacing Construction\\5 - Project Location Map.pdf","material":"permanent","installed_":"TBD 2025","Status":"planned or in progress","Location":"Lexington and Euclid","installed1":null,"updated_by":" ","updated_da":null,"Category":"Bump-Out"}},{"type":"Feature","id":37,"geometry":{"type":"Point","coordinates":[-87.7928316544506,41.8718397766284]},"properties":{"FID":37,"type":"Bump-out","notes":"2025 resurfacing, U:\\Public_Works\\Board Agenda Items\\2025\\07.01.25\\25-02 Resurfacing Construction\\5 - Project Location Map.pdf","material":"permanent","installed_":"TBD 2025","Status":"planned or in progress","Location":"Garfield and Euclid","installed1":null,"updated_by":" ","updated_da":null,"Category":"Bump-Out"}},{"type":"Feature","id":38,"geometry":{"type":"Point","coordinates":[-87.7758765093338,41.8793951334666]},"properties":{"FID":38,"type":"Pinch Point","notes":"2025 resurfacing, U:\\Public_Works\\Board Agenda Items\\2025\\07.01.25\\25-02 Resurfacing Construction\\5 - Project Location Map.pdf.  petition approved by VB 2/18/2025","material":"paint & post","installed_":"TBD 2025","Status":"planned or in progress","Location":"Humphrey from Adams to Madison","installed1":null,"updated_by":" ","updated_da":null,"Category":"Pinch Point"}},{"type":"Feature","id":39,"geometry":{"type":"Point","coordinates":[-87.7770708490957,41.8794009247133]},"properties":{"FID":39,"type":"Pinch Point","notes":"2025 resurfacing, U:\\Public_Works\\Board Agenda Items\\2025\\07.01.25\\25-02 Resurfacing Construction\\5 - Project Location Map.pdf","material":"paint & post","installed_":"TBD 2025","Status":"planned or in progress","Location":"Lyman from Adams to Madison","installed1":null,"updated_by":" ","updated_da":null,"Category":"Pinch Point"}},{"type":"Feature","id":40,"geometry":{"type":"Point","coordinates":[-87.7819679579169,41.879338773916]},"properties":{"FID":40,"type":"Pinch Point","notes":"2025 resurfacing, U:\\Public_Works\\Board Agenda Items\\2025\\07.01.25\\25-02 Resurfacing Construction\\5 - Project Location Map.pdf","material":"paint & post","installed_":"TBD 2025","Status":"planned or in progress","Location":"Highland from Adams to Madison","installed1":null,"updated_by":" ","updated_da":null,"Category":"Pinch Point"}},{"type":"Feature","id":41,"geometry":{"type":"Point","coordinates":[-87.783192485889,41.8792938218057]},"properties":{"FID":41,"type":"Pinch Point","notes":"2025 resurfacing, U:\\Public_Works\\Board Agenda Items\\2025\\07.01.25\\25-02 Resurfacing Construction\\5 - Project Location Map.pdf","material":"paint & post","installed_":"TBD 2025","Status":"planned or in progress","Location":"Cuyler from Adams to Madison","installed1":null,"updated_by":" ","updated_da":null,"Category":"Pinch Point"}},{"type":"Feature","id":42,"geometry":{"type":"Point","coordinates":[-87.7868994137493,41.8792352826681]},"properties":{"FID":42,"type":"Pinch Point","notes":"2025 resurfacing, U:\\Public_Works\\Board Agenda Items\\2025\\07.01.25\\25-02 Resurfacing Construction\\5 - Project Location Map.pdf","material":"paint & post","installed_":"TBD 2025","Status":"planned or in progress","Location":"Gunderson from Adams to Madison","installed1":null,"updated_by":" ","updated_da":null,"Category":"Pinch Point"}},{"type":"Feature","id":43,"geometry":{"type":"Point","coordinates":[-87.790572871119,41.8791129348733]},"properties":{"FID":43,"type":"Pinch Point","notes":"2025 resurfacing, U:\\Public_Works\\Board Agenda Items\\2025\\07.01.25\\25-02 Resurfacing Construction\\5 - Project Location Map.pdf","material":"paint & post","installed_":"TBD 2025","Status":"planned or in progress","Location":"Clarence from Adams to Madison","installed1":null,"updated_by":" ","updated_da":null,"Category":"Pinch Point"}},{"type":"Feature","id":44,"geometry":{"type":"Point","coordinates":[-87.7954695513715,41.8790978543596]},"properties":{"FID":44,"type":"Pinch Point","notes":"2025 resurfacing, U:\\Public_Works\\Board Agenda Items\\2025\\07.01.25\\25-02 Resurfacing Construction\\5 - Project Location Map.pdf. petition approved by VB 10/22/2024","material":"paint & post","installed_":"TBD 2025","Status":"planned or in progress","Location":"Grove from Adams to Madison","installed1":null,"updated_by":" ","updated_da":null,"Category":"Pinch Point"}},{"type":"Feature","id":45,"geometry":{"type":"Point","coordinates":[-87.7801304096912,41.8992023330429]},"properties":{"FID":45,"type":"Speed Cushion","notes":"2025 resurfacing, U:\\Public_Works\\Board Agenda Items\\2025\\07.01.25\\25-02 Resurfacing Construction\\5 - Project Location Map.pdf. petition approved by VB 1/21/2025","material":null,"installed_":"TBD 2025","Status":"planned or in progress","Location":"Lombard from Augusta to Thomas","installed1":null,"updated_by":" ","updated_da":null,"Category":"Vertical Deflection"}},{"type":"Feature","id":46,"geometry":{"type":"Point","coordinates":[-87.7894457405595,41.883211690677]},"properties":{"FID":46,"type":"Bump-out","notes":"2025 resurfacing, U:\\Public_Works\\Board Agenda Items\\2025\\07.01.25\\25-02 Resurfacing Construction\\5 - Project Location Map.pdf","material":"paint & post","installed_":"TBD 2025","Status":"planned or in progress","Location":"Randolph and East Ave","installed1":null,"updated_by":" ","updated_da":null,"Category":"Bump-Out"}},{"type":"Feature","id":47,"geometry":{"type":"Point","coordinates":[-87.7881379836907,41.89403747307]},"properties":{"FID":47,"type":"Speed Cushion","notes":"2025 resurfacing, U:\\Public_Works\\Board Agenda Items\\2025\\07.01.25\\25-02 Resurfacing Construction\\5 - Project Location Map.pdf","material":"permanent","installed_":"TBD 2025","Status":"planned or in progress","Location":"Scoville from Superior to Chicago","installed1":null,"updated_by":" ","updated_da":null,"Category":"Vertical Deflection"}},{"type":"Feature","id":48,"geometry":{"type":"Point","coordinates":[-87.7858639288525,41.8851887941868]},"properties":{"FID":48,"type":"Speed Cushion","notes":"2025 resurfacing: U:\\Public_Works\\Board Agenda Items\\2025\\07.01.25\\25-02 Resurfacing Construction\\5 - Project Location Map.pdf. source: U:\\Engineering\\Projects\\CIP\\2025 CIP\\Bike Blvd Design - V3\\Bike Boulevard Map - 2024-2026.pdf","material":"permanent","installed_":"TBD 2025","Status":"planned or in progress","Location":"Pleasant from Elmwood to Ridgeland","installed1":null,"updated_by":" ","updated_da":null,"Category":"Vertical Deflection"}},{"type":"Feature","id":49,"geometry":{"type":"Point","coordinates":[-87.7964237004399,41.8661579023292]},"properties":{"FID":49,"type":"Speed Hump","notes":"2023 resurfacing - approved by VB 7/5/2023","material":"permanent","installed_":"2023","Status":"complete","Location":"Kenilworth from Roosevelt to Fillmore","installed1":null,"updated_by":" ","updated_da":null,"Category":"Vertical Deflection"}},{"type":"Feature","id":50,"geometry":{"type":"Point","coordinates":[-87.7843507692944,41.8998960107702]},"properties":{"FID":50,"type":"Speed Cushion","notes":"2025 resurfacing, U:\\Public_Works\\Board Agenda Items\\2025\\07.01.25\\25-02 Resurfacing Construction\\5 - Project Location Map.pdf","material":"permanent","installed_":"TBD 2025","Status":"planned or in progress","Location":"Thomas from Ridgeland to Cuyler","installed1":null,"updated_by":" ","updated_da":null,"Category":"Vertical Deflection"}},{"type":"Feature","id":51,"geometry":{"type":"Point","coordinates":[-87.780702141361,41.8999579230762]},"properties":{"FID":51,"type":"Speed Cushion","notes":"2025 resurfacing, U:\\Public_Works\\Board Agenda Items\\2025\\07.01.25\\25-02 Resurfacing Construction\\5 - Project Location Map.pdf","material":"permanent","installed_":"TBD 2025","Status":"planned or in progress","Location":"Thomas from Mapleton to Lombard","installed1":null,"updated_by":" ","updated_da":null,"Category":"Vertical Deflection"}},{"type":"Feature","id":52,"geometry":{"type":"Point","coordinates":[-87.7848822841929,41.8998921974759]},"properties":{"FID":52,"type":"Diverter","notes":"2025 resurfacing, U:\\Public_Works\\Board Agenda Items\\2025\\07.01.25\\25-02 Resurfacing Construction\\5 - Project Location Map.pdf","material":"permanent","installed_":"TBD 2025","Status":"planned or in progress","Location":"Thomas and Ridgeland","installed1":null,"updated_by":" ","updated_da":null,"Category":"Diverter"}},{"type":"Feature","id":53,"geometry":{"type":"Point","coordinates":[-87.7990747476014,41.8678023480592]},"properties":{"FID":53,"type":"Chicane","notes":"petition approved by VB 10/16/2023 and 8/27/2024","material":"paint & post","installed_":"2024?","Status":"complete","Location":"Home from Fillmore to Harvard","installed1":null,"updated_by":" ","updated_da":null,"Category":"Chicane"}},{"type":"Feature","id":54,"geometry":{"type":"Point","coordinates":[-87.7853114415377,41.9037828542426]},"properties":{"FID":54,"type":"Pinch Point","notes":"petition approved by VB 9/18/2023","material":"paint & post","installed_":"2024?","Status":"complete","Location":"Berkshire from Elmwood to Ridgeland","installed1":null,"updated_by":" ","updated_da":null,"Category":"Pinch Point"}},{"type":"Feature","id":55,"geometry":{"type":"Point","coordinates":[-87.7858382206961,41.905692778132]},"properties":{"FID":55,"type":"Bump-out","notes":"petition approved by VB 9/18/2023","material":"paint & post","installed_":"2024?","Status":"complete","Location":"Greenfield and Rossell","installed1":null,"updated_by":" ","updated_da":null,"Category":"Bump-Out"}},{"type":"Feature","id":56,"geometry":{"type":"Point","coordinates":[-87.7869974286461,41.9037556082299]},"properties":{"FID":56,"type":"Bump-out","notes":"2023 resurfacing - approved by VB 7/5/2023","material":"permanent","installed_":"2023","Status":"complete","Location":"Berkshire and Elmwood","installed1":null,"updated_by":" ","updated_da":null,"Category":"Bump-Out"}},{"type":"Feature","id":57,"geometry":{"type":"Point","coordinates":[-87.7965268581362,41.9080341292083]},"properties":{"FID":57,"type":"Speed Hump","notes":"2023 resurfacing - approved by VB 7/5/2023","material":"permanent","installed_":"pre-2024","Status":"complete","Location":"Grove from Le Moyne to North Ave","installed1":null,"updated_by":" ","updated_da":null,"Category":"Vertical Deflection"}},{"type":"Feature","id":58,"geometry":{"type":"Point","coordinates":[-87.7991953126765,41.8714382871625]},"properties":{"FID":58,"type":"Chicane","notes":"petition approved by VB 8/27/2024","material":"paint & post","installed_":"2024?","Status":"complete","Location":"Home from Lexington to Garfield","installed1":null,"updated_by":" ","updated_da":null,"Category":"Chicane"}},{"type":"Feature","id":59,"geometry":{"type":"Point","coordinates":[-87.7990166885497,41.8660875437364]},"properties":{"FID":59,"type":"Speed Hump","notes":"2023 resurfacing - approved by VB 7/5/2023","material":"permanent","installed_":"2023","Status":"complete","Location":"Home from Roosevelt to Fillmore","installed1":null,"updated_by":" ","updated_da":null,"Category":"Vertical Deflection"}},{"type":"Feature","id":60,"geometry":{"type":"Point","coordinates":[-87.7755176521807,41.8698129009002]},"properties":{"FID":60,"type":"Pinch Point","notes":"petition approved by VB 10/22/2024","material":"paint & post","installed_":"2024","Status":"complete","Location":"Humphrey from Harvard to Garfield","installed1":null,"updated_by":" ","updated_da":null,"Category":"Pinch Point"}},{"type":"Feature","id":61,"geometry":{"type":"Point","coordinates":[-87.7754868618572,41.8691056168435]},"properties":{"FID":61,"type":"Bump-out","notes":"petition approved by VB 10/22/2024","material":"paint & post","installed_":"2024","Status":"complete","Location":"Harvard and Humphrey","installed1":null,"updated_by":" ","updated_da":null,"Category":"Bump-Out"}},{"type":"Feature","id":62,"geometry":{"type":"Point","coordinates":[-87.775461603121,41.8682342307442]},"properties":{"FID":62,"type":"Pinch Point","notes":"petition approved by VB 10/22/2024","material":"paint & post","installed_":"2024","Status":"complete","Location":"Humphrey from Fillmore to Harvard","installed1":null,"updated_by":" ","updated_da":null,"Category":"Pinch Point"}},{"type":"Feature","id":63,"geometry":{"type":"Point","coordinates":[-87.7892963542868,41.8780194771419]},"properties":{"FID":63,"type":"Bump-out","notes":"Will be added to neighborhood greenway contract. petition approved by transportation commission 5/12/2025. Anticipated to go to VB in July 2025.","material":"paint & post","installed_":"TBD - 2025 bike boulevard project","Status":"planned or in progress","Location":"Adams and East","installed1":null,"updated_by":" ","updated_da":null,"Category":"Bump-Out"}},{"type":"Feature","id":64,"geometry":{"type":"Point","coordinates":[-87.7901098190923,41.9055592909713]},"properties":{"FID":64,"type":"Bump-out","notes":"2023 resurfacing - approved by VB 7/5/2023","material":"permanent","installed_":"2023","Status":"complete","Location":"Greenfield and East","installed1":null,"updated_by":" ","updated_da":null,"Category":"Bump-Out"}},{"type":"Feature","id":65,"geometry":{"type":"Point","coordinates":[-87.7881339685222,41.8945180713078]},"properties":{"FID":65,"type":"Bump-out","notes":"2023 resurfacing - approved by VB 7/5/2023","material":"permanent","installed_":"2023","Status":"complete","Location":"Chicago and Scoville / Fair Oaks","installed1":null,"updated_by":" ","updated_da":null,"Category":"Bump-Out"}},{"type":"Feature","id":66,"geometry":{"type":"Point","coordinates":[-87.7799116091899,41.8917951679143]},"properties":{"FID":66,"type":"Bump-out","notes":"2023 resurfacing - approved by VB 7/5/2023","material":"paint & post","installed_":"2023","Status":"complete","Location":"Erie and Lombard","installed1":null,"updated_by":" ","updated_da":null,"Category":"Bump-Out"}},{"type":"Feature","id":67,"geometry":{"type":"Point","coordinates":[-87.7879181229261,41.886949506386]},"properties":{"FID":67,"type":"Bump-out","notes":"2023 resurfacing - approved by VB 7/5/2023","material":"permanent","installed_":"2023","Status":"complete","Location":"South Blvd and Scoville","installed1":null,"updated_by":" ","updated_da":null,"Category":"Bump-Out"}},{"type":"Feature","id":68,"geometry":{"type":"Point","coordinates":[-87.7926229512322,41.8669940751788]},"properties":{"FID":68,"type":"Bump-out","notes":"2023 resurfacing - approved by VB 7/5/2023","material":"permanent","installed_":"2023","Status":"complete","Location":"Fillmore and Euclid","installed1":null,"updated_by":" ","updated_da":null,"Category":"Bump-Out"}},{"type":"Feature","id":69,"geometry":{"type":"Point","coordinates":[-87.7913791068458,41.8670250263445]},"properties":{"FID":69,"type":"Bump-out","notes":"2023 resurfacing - approved by VB 7/5/2023","material":"permanent","installed_":"2023","Status":"complete","Location":"Fillmore and Wesley","installed1":null,"updated_by":" ","updated_da":null,"Category":"Bump-Out"}},{"type":"Feature","id":70,"geometry":{"type":"Point","coordinates":[-87.8017670865473,41.8660151743427]},"properties":{"FID":70,"type":"Speed Hump","notes":"2023 resurfacing - approved by VB 7/5/2023","material":"permanent","installed_":"2023","Status":"complete","Location":"Wisconsin from Roosevelt to Fillmore","installed1":null,"updated_by":" ","updated_da":null,"Category":"Vertical Deflection"}},{"type":"Feature","id":71,"geometry":{"type":"Point","coordinates":[-87.7976952910074,41.8660698841887]},"properties":{"FID":71,"type":"Speed Hump","notes":"2023 resurfacing - approved by VB 7/5/2023","material":"permanent","installed_":"2023","Status":"complete","Location":"Clinton from Roosevelt to Fillmore","installed1":null,"updated_by":" ","updated_da":null,"Category":"Vertical Deflection"}},{"type":"Feature","id":72,"geometry":{"type":"Point","coordinates":[-87.7925563425825,41.8661317010389]},"properties":{"FID":72,"type":"Speed Hump","notes":"2023 resurfacing - approved by VB 7/5/2023","material":"permanent","installed_":"2023","Status":"complete","Location":"Euclid from Roosevelt to Fillmore","installed1":null,"updated_by":" ","updated_da":null,"Category":"Vertical Deflection"}},{"type":"Feature","id":73,"geometry":{"type":"Point","coordinates":[-87.7913249305699,41.8661504388459]},"properties":{"FID":73,"type":"Speed Hump","notes":"2023 resurfacing - approved by VB 7/5/2023","material":"permanent","installed_":"2023","Status":"complete","Location":"Wesley from Roosevelt to Fillmore","installed1":null,"updated_by":" ","updated_da":null,"Category":"Vertical Deflection"}},{"type":"Feature","id":74,"geometry":{"type":"Point","coordinates":[-87.7901098301844,41.8661815118527]},"properties":{"FID":74,"type":"Speed Hump","notes":"2023 resurfacing - approved by VB 7/5/2023","material":"permanent","installed_":"2023","Status":"complete","Location":"Clarence from Roosevelt to Fillmore","installed1":null,"updated_by":" ","updated_da":null,"Category":"Vertical Deflection"}},{"type":"Feature","id":75,"geometry":{"type":"Point","coordinates":[-87.7827047146489,41.8663180459856]},"properties":{"FID":75,"type":"Speed Hump","notes":"2023 resurfacing - approved by VB 7/5/2023","material":"permanent","installed_":"2023","Status":"complete","Location":"Cuyler from Roosevelt to Fillmore","installed1":null,"updated_by":" ","updated_da":null,"Category":"Vertical Deflection"}},{"type":"Feature","id":76,"geometry":{"type":"Point","coordinates":[-87.7815062350423,41.8663245649693]},"properties":{"FID":76,"type":"Speed Hump","notes":"2023 resurfacing - approved by VB 7/5/2023","material":"permanent","installed_":"2023","Status":"complete","Location":"Highland from Roosevelt to Fillmore","installed1":null,"updated_by":" ","updated_da":null,"Category":"Vertical Deflection"}},{"type":"Feature","id":77,"geometry":{"type":"Point","coordinates":[-87.7802912334752,41.8663432633018]},"properties":{"FID":77,"type":"Speed Hump","notes":"2023 resurfacing - approved by VB 7/5/2023","material":"permanent","installed_":"2023","Status":"complete","Location":"Harvey from Roosevelt to Fillmore","installed1":null,"updated_by":" ","updated_da":null,"Category":"Vertical Deflection"}},{"type":"Feature","id":78,"geometry":{"type":"Point","coordinates":[-87.7778117679786,41.8664049247413]},"properties":{"FID":78,"type":"Speed Hump","notes":"2023 resurfacing - approved by VB 7/5/2023","material":"permanent","installed_":"2023","Status":"complete","Location":"Taylor from Roosevelt to Fillmore","installed1":null,"updated_by":" ","updated_da":null,"Category":"Vertical Deflection"}},{"type":"Feature","id":79,"geometry":{"type":"Point","coordinates":[-87.7766131803457,41.86642366355]},"properties":{"FID":79,"type":"Speed Hump","notes":"2023 resurfacing - approved by VB 7/5/2023","material":"permanent","installed_":"2023","Status":"complete","Location":"Lyman from Roosevelt to Fillmore","installed1":null,"updated_by":" ","updated_da":null,"Category":"Vertical Deflection"}},{"type":"Feature","id":80,"geometry":{"type":"Point","coordinates":[-87.7753983894201,41.8664177684715]},"properties":{"FID":80,"type":"Speed Hump","notes":"2023 resurfacing - approved by VB 7/5/2023","material":"permanent","installed_":"2023","Status":"complete","Location":"Humphrey from Roosevelt to Fillmore","installed1":null,"updated_by":" ","updated_da":null,"Category":"Vertical Deflection"}},{"type":"Feature","id":81,"geometry":{"type":"Point","coordinates":[-87.7779823830497,41.8827296519781]},"properties":{"FID":81,"type":"Cul-de-sac","notes":" ","material":"permanent","installed_":"pre-2024","Status":"complete","Location":"Taylor from Washington to Randolph","installed1":null,"updated_by":" ","updated_da":null,"Category":"Cul-de-sac"}},{"type":"Feature","id":82,"geometry":{"type":"Point","coordinates":[-87.7763770619578,41.8827494880489]},"properties":{"FID":82,"type":"Cul-de-sac","notes":" ","material":"permanent","installed_":"pre-2024","Status":"complete","Location":"Humphrey from Washington to Randolph","installed1":null,"updated_by":" ","updated_da":null,"Category":"Cul-de-sac"}},{"type":"Feature","id":83,"geometry":{"type":"Point","coordinates":[-87.7828753974981,41.881345079107]},"properties":{"FID":83,"type":"Cul-de-sac","notes":" ","material":"permanent","installed_":"pre-2024","Status":"complete","Location":"Cuyler from Madison to Washington","installed1":null,"updated_by":" ","updated_da":null,"Category":"Cul-de-sac"}},{"type":"Feature","id":84,"geometry":{"type":"Point","coordinates":[-87.7828267223479,41.8803201929434]},"properties":{"FID":84,"type":"Cul-de-sac","notes":" ","material":"permanent","installed_":"pre-2024","Status":"complete","Location":"Cuyler from Madison to Washington","installed1":null,"updated_by":" ","updated_da":null,"Category":"Cul-de-sac"}},{"type":"Feature","id":85,"geometry":{"type":"Point","coordinates":[-87.786075776426,41.8805750118694]},"properties":{"FID":85,"type":"Cul-de-sac","notes":" ","material":"permanent","installed_":"pre-2024","Status":"complete","Location":"Elmwood from Madison to Washington","installed1":null,"updated_by":" ","updated_da":null,"Category":"Cul-de-sac"}},{"type":"Feature","id":86,"geometry":{"type":"Point","coordinates":[-87.7877764008731,41.8823747118459]},"properties":{"FID":86,"type":"Cul-de-sac","notes":" ","material":"permanent","installed_":"pre-2024","Status":"complete","Location":"Scoville from Washington to Randolph","installed1":null,"updated_by":" ","updated_da":null,"Category":"Cul-de-sac"}},{"type":"Feature","id":87,"geometry":{"type":"Point","coordinates":[-87.7984014218496,41.880320167877]},"properties":{"FID":87,"type":"Cul-de-sac","notes":" ","material":"permanent","installed_":"pre-2024","Status":"complete","Location":"Clinton from Madison to Washington","installed1":null,"updated_by":" ","updated_da":null,"Category":"Cul-de-sac"}},{"type":"Feature","id":88,"geometry":{"type":"Point","coordinates":[-87.7926514751028,41.8806552440115]},"properties":{"FID":88,"type":"Cul-de-sac","notes":" ","material":"permanent","installed_":"pre-2024","Status":"complete","Location":"Euclid from Madison to Washington","installed1":null,"updated_by":" ","updated_da":null,"Category":"Cul-de-sac"}},{"type":"Feature","id":89,"geometry":{"type":"Point","coordinates":[-87.7830737076277,41.8754558069155]},"properties":{"FID":89,"type":"Cul-de-sac","notes":" ","material":"permanent","installed_":"pre-2024","Status":"complete","Location":"Cuyler from Van Buren to Jackson","installed1":null,"updated_by":" ","updated_da":null,"Category":"Cul-de-sac"}},{"type":"Feature","id":90,"geometry":{"type":"Point","coordinates":[-87.8004019141128,41.8657089670915]},"properties":{"FID":90,"type":"Cul-de-sac","notes":" ","material":"permanent","installed_":"pre-2024","Status":"complete","Location":"Wenonah from Roosevelt to Fillmore","installed1":null,"updated_by":" ","updated_da":null,"Category":"Cul-de-sac"}},{"type":"Feature","id":91,"geometry":{"type":"Point","coordinates":[-87.7950812172888,41.8656688150732]},"properties":{"FID":91,"type":"Cul-de-sac","notes":" ","material":"permanent","installed_":"pre-2024","Status":"complete","Location":"Grove from Roosevelt to Fillmore","installed1":null,"updated_by":" ","updated_da":null,"Category":"Cul-de-sac"}},{"type":"Feature","id":92,"geometry":{"type":"Point","coordinates":[-87.7876467944077,41.8658814593744]},"properties":{"FID":92,"type":"Cul-de-sac","notes":" ","material":"permanent","installed_":"pre-2024","Status":"complete","Location":"Scoville from Roosevelt to Fillmore","installed1":null,"updated_by":" ","updated_da":null,"Category":"Cul-de-sac"}},{"type":"Feature","id":93,"geometry":{"type":"Point","coordinates":[-87.7852064449563,41.8659311950179]},"properties":{"FID":93,"type":"Cul-de-sac","notes":" ","material":"permanent","installed_":"pre-2024","Status":"complete","Location":"Elmwood from Roosevelt to Fillmore","installed1":null,"updated_by":" ","updated_da":null,"Category":"Cul-de-sac"}},{"type":"Feature","id":94,"geometry":{"type":"Point","coordinates":[-87.7790661259706,41.8659876246649]},"properties":{"FID":94,"type":"Cul-de-sac","notes":" ","material":"permanent","installed_":"pre-2024","Status":"complete","Location":"Lombard from Roosevelt to Fillmore","installed1":null,"updated_by":" ","updated_da":null,"Category":"Cul-de-sac"}},{"type":"Feature","id":95,"geometry":{"type":"Point","coordinates":[-87.7864291165648,41.8658541924598]},"properties":{"FID":95,"type":"Cul-de-sac","notes":" ","material":"permanent","installed_":"pre-2024","Status":"complete","Location":"Gunderson from Roosevelt to Fillmore","installed1":null,"updated_by":" ","updated_da":null,"Category":"Cul-de-sac"}},{"type":"Feature","id":96,"geometry":{"type":"Point","coordinates":[-87.8042216177907,41.9082780702265]},"properties":{"FID":96,"type":"Cul-de-sac","notes":" ","material":"permanent","installed_":"pre-2024","Status":"complete","Location":"Marion from Le Moyne to North Ave","installed1":null,"updated_by":" ","updated_da":null,"Category":"Cul-de-sac"}},{"type":"Feature","id":97,"geometry":{"type":"Point","coordinates":[-87.8026855006556,41.9082955243754]},"properties":{"FID":97,"type":"Cul-de-sac","notes":" ","material":"permanent","installed_":"pre-2024","Status":"complete","Location":"Belleforte from Le Moyne to North Ave","installed1":null,"updated_by":" ","updated_da":null,"Category":"Cul-de-sac"}},{"type":"Feature","id":98,"geometry":{"type":"Point","coordinates":[-87.7981098711961,41.9083632550324]},"properties":{"FID":98,"type":"Cul-de-sac","notes":" ","material":"permanent","installed_":"pre-2024","Status":"complete","Location":"Kenilworth from Le Moyne to North Ave","installed1":null,"updated_by":" ","updated_da":null,"Category":"Cul-de-sac"}},{"type":"Feature","id":99,"geometry":{"type":"Point","coordinates":[-87.788749328471,41.9084757022998]},"properties":{"FID":99,"type":"Cul-de-sac","notes":" ","material":"permanent","installed_":"pre-2024","Status":"complete","Location":"Fair Oaks from Le Moyne to North Ave","installed1":null,"updated_by":" ","updated_da":null,"Category":"Cul-de-sac"}},{"type":"Feature","id":100,"geometry":{"type":"Point","coordinates":[-87.7847078143181,41.9085147525133]},"properties":{"FID":100,"type":"Cul-de-sac","notes":" ","material":"permanent","installed_":"pre-2024","Status":"complete","Location":"Edmer from Le Moyne to North Ave","installed1":null,"updated_by":" ","updated_da":null,"Category":"Cul-de-sac"}},{"type":"Feature","id":101,"geometry":{"type":"Point","coordinates":[-87.7794954166539,41.908601705891]},"properties":{"FID":101,"type":"Cul-de-sac","notes":" ","material":"permanent","installed_":"pre-2024","Status":"complete","Location":"Hayes from Le Moyne to North Ave","installed1":null,"updated_by":" ","updated_da":null,"Category":"Cul-de-sac"}},{"type":"Feature","id":102,"geometry":{"type":"Point","coordinates":[-87.7758522204361,41.9074650934791]},"properties":{"FID":102,"type":"Cul-de-sac","notes":" ","material":"permanent","installed_":"pre-2024","Status":"complete","Location":"Le Moyne from Humphrey to Austin","installed1":null,"updated_by":" ","updated_da":null,"Category":"Cul-de-sac"}},{"type":"Feature","id":103,"geometry":{"type":"Point","coordinates":[-87.7754361544964,41.8965259421645]},"properties":{"FID":103,"type":"Cul-de-sac","notes":" ","material":"permanent","installed_":"pre-2024","Status":"complete","Location":"Iowa from Humphrey to Austin","installed1":null,"updated_by":" ","updated_da":null,"Category":"Cul-de-sac"}},{"type":"Feature","id":104,"geometry":{"type":"Point","coordinates":[-87.7751247540718,41.8853675449934]},"properties":{"FID":104,"type":"Cul-de-sac","notes":" ","material":"permanent","installed_":"pre-2024","Status":"complete","Location":"Pleasant from Humphrey to Austin","installed1":null,"updated_by":" ","updated_da":null,"Category":"Cul-de-sac"}},{"type":"Feature","id":105,"geometry":{"type":"Point","coordinates":[-87.7750705138078,41.8840527202898]},"properties":{"FID":105,"type":"Cul-de-sac","notes":" ","material":"permanent","installed_":"pre-2024","Status":"complete","Location":"Randolph from Humphrey to Austin","installed1":null,"updated_by":" ","updated_da":null,"Category":"Cul-de-sac"}},{"type":"Feature","id":106,"geometry":{"type":"Point","coordinates":[-87.776340817087,41.8807778531601]},"properties":{"FID":106,"type":"Cul-de-sac","notes":" ","material":"permanent","installed_":"pre-2024","Status":"complete","Location":"Humphrey from Madison to Washington","installed1":null,"updated_by":" ","updated_da":null,"Category":"Cul-de-sac"}},{"type":"Feature","id":107,"geometry":{"type":"Point","coordinates":[-87.7748841079023,41.8782329220098]},"properties":{"FID":107,"type":"Cul-de-sac","notes":" ","material":"permanent","installed_":"pre-2024","Status":"complete","Location":"Adams from Humphrey to Austin","installed1":null,"updated_by":" ","updated_da":null,"Category":"Cul-de-sac"}},{"type":"Feature","id":108,"geometry":{"type":"Point","coordinates":[-87.7747515725806,41.8745969050571]},"properties":{"FID":108,"type":"Cul-de-sac","notes":" ","material":"permanent","installed_":"pre-2024","Status":"complete","Location":"Van Buren from Humphrey to Austin","installed1":null,"updated_by":" ","updated_da":null,"Category":"Cul-de-sac"}},{"type":"Feature","id":109,"geometry":{"type":"Point","coordinates":[-87.7744344805918,41.8672939323725]},"properties":{"FID":109,"type":"Cul-de-sac","notes":" ","material":"permanent","installed_":"pre-2024","Status":"complete","Location":"Fillmore from Humphrey to Austin","installed1":null,"updated_by":" ","updated_da":null,"Category":"Cul-de-sac"}},{"type":"Feature","id":110,"geometry":{"type":"Point","coordinates":[-87.7744453991448,41.8691032377442]},"properties":{"FID":110,"type":"Diverter","notes":" ","material":"permanent","installed_":"pre-2024","Status":"complete","Location":"Harvard from Humphrey to Austin","installed1":null,"updated_by":" ","updated_da":null,"Category":"Diverter"}},{"type":"Feature","id":111,"geometry":{"type":"Point","coordinates":[-87.7752514953666,41.89321103768]},"properties":{"FID":111,"type":"Diverter","notes":" ","material":"permanent","installed_":"pre-2024","Status":"complete","Location":"Superior from Humphrey to Austin","installed1":null,"updated_by":" ","updated_da":null,"Category":"Diverter"}},{"type":"Feature","id":112,"geometry":{"type":"Point","coordinates":[-87.7754373825508,41.9001590059562]},"properties":{"FID":112,"type":"Diverter","notes":" ","material":"permanent","installed_":"pre-2024","Status":"complete","Location":"Thomas from Humphrey to Austin","installed1":null,"updated_by":" ","updated_da":null,"Category":"Diverter"}},{"type":"Feature","id":113,"geometry":{"type":"Point","coordinates":[-87.7768662501511,41.90868831523]},"properties":{"FID":113,"type":"Diverter","notes":" ","material":"permanent","installed_":"pre-2024","Status":"complete","Location":"Humphrey from Le Moyne to North Ave","installed1":null,"updated_by":" ","updated_da":null,"Category":"Diverter"}},{"type":"Feature","id":114,"geometry":{"type":"Point","coordinates":[-87.778184470517,41.9082253211572]},"properties":{"FID":114,"type":"Pinch Point","notes":" ","material":"permanent","installed_":"pre-2024","Status":"complete","Location":"Taylor from Le Moyne to North Ave","installed1":null,"updated_by":" ","updated_da":null,"Category":"Pinch Point"}},{"type":"Feature","id":115,"geometry":{"type":"Point","coordinates":[-87.7820967019403,41.9086521868176]},"properties":{"FID":115,"type":"Diverter","notes":" ","material":"permanent","installed_":"pre-2024","Status":"complete","Location":"Harvey from Le Moyne to North Ave","installed1":null,"updated_by":" ","updated_da":null,"Category":"Diverter"}},{"type":"Feature","id":116,"geometry":{"type":"Point","coordinates":[-87.7860252902341,41.9086126902614]},"properties":{"FID":116,"type":"Diverter","notes":" ","material":"permanent","installed_":"pre-2024","Status":"complete","Location":"Rossell from Le Moyne to North Ave","installed1":null,"updated_by":" ","updated_da":null,"Category":"Diverter"}},{"type":"Feature","id":117,"geometry":{"type":"Point","coordinates":[-87.7873418900612,41.9085729408926]},"properties":{"FID":117,"type":"Diverter","notes":" ","material":"permanent","installed_":"pre-2024","Status":"complete","Location":"Elmwood from Le Moyne to North Ave","installed1":null,"updated_by":" ","updated_da":null,"Category":"Diverter"}},{"type":"Feature","id":118,"geometry":{"type":"Point","coordinates":[-87.7914082773804,41.9082639481223]},"properties":{"FID":118,"type":"Speed Hump","notes":" ","material":"permanent","installed_":"pre-2024","Status":"complete","Location":"Columbian from Le Moyne to North Ave","installed1":null,"updated_by":" ","updated_da":null,"Category":"Vertical Deflection"}},{"type":"Feature","id":119,"geometry":{"type":"Point","coordinates":[-87.7926158065217,41.9082512336262]},"properties":{"FID":119,"type":"Speed Hump","notes":" ","material":"permanent","installed_":"pre-2024","Status":"complete","Location":"Linden from Le Moyne to North Ave","installed1":null,"updated_by":" ","updated_da":null,"Category":"Vertical Deflection"}},{"type":"Feature","id":120,"geometry":{"type":"Point","coordinates":[-87.7938232835468,41.9082446418513]},"properties":{"FID":120,"type":"Speed Hump","notes":" ","material":"permanent","installed_":"pre-2024","Status":"complete","Location":"Euclid from Le Moyne to North Ave","installed1":null,"updated_by":" ","updated_da":null,"Category":"Vertical Deflection"}},{"type":"Feature","id":121,"geometry":{"type":"Point","coordinates":[-87.7995821351275,41.9083697243016]},"properties":{"FID":121,"type":"Pinch Point","notes":" ","material":"permanent","installed_":"pre-2024","Status":"complete","Location":"Woodbine from Le Moyne to North Ave","installed1":null,"updated_by":" ","updated_da":null,"Category":"Pinch Point"}},{"type":"Feature","id":122,"geometry":{"type":"Point","coordinates":[-87.8011693082615,41.9083862942895]},"properties":{"FID":122,"type":"Diverter","notes":" ","material":"permanent","installed_":"pre-2024","Status":"complete","Location":"Forest from Le Moyne to North Ave","installed1":null,"updated_by":" ","updated_da":null,"Category":"Diverter"}},{"type":"Feature","id":123,"geometry":{"type":"Point","coordinates":[-87.8049858147654,41.8930464430429]},"properties":{"FID":123,"type":"Diverter","notes":" ","material":"permanent","installed_":"pre-2024","Status":"complete","Location":"Superior and Harlem","installed1":null,"updated_by":" ","updated_da":null,"Category":"Diverter"}},{"type":"Feature","id":124,"geometry":{"type":"Point","coordinates":[-87.7977282666679,41.8950559887306]},"properties":{"FID":124,"type":"Cul-de-sac","notes":" ","material":"permanent","installed_":"pre-2024","Status":"complete","Location":"Kenilworth from Chicago to Iowa","installed1":null,"updated_by":" ","updated_da":null,"Category":"Cul-de-sac"}},{"type":"Feature","id":125,"geometry":{"type":"Point","coordinates":[-87.8032891920454,41.8948915860891]},"properties":{"FID":125,"type":"Cul-de-sac","notes":" ","material":"permanent","installed_":"pre-2024","Status":"complete","Location":"Marion from Chicago to Paulina","installed1":null,"updated_by":" ","updated_da":null,"Category":"Cul-de-sac"}},{"type":"Feature","id":126,"geometry":{"type":"Point","coordinates":[-87.7775545846296,41.8918278845649]},"properties":{"FID":126,"type":"Cul-de-sac","notes":" ","material":"permanent","installed_":"pre-2024","Status":"complete","Location":"Erie from Taylor to Humphrey","installed1":null,"updated_by":" ","updated_da":null,"Category":"Cul-de-sac"}},{"type":"Feature","id":127,"geometry":{"type":"Point","coordinates":[-87.7766328444789,41.8915894989396]},"properties":{"FID":127,"type":"Cul-de-sac","notes":" ","material":"permanent","installed_":"pre-2024","Status":"complete","Location":"Humpnrey from Superior to Taylor","installed1":null,"updated_by":" ","updated_da":null,"Category":"Cul-de-sac"}},{"type":"Feature","id":128,"geometry":{"type":"Point","coordinates":[-87.7766879316432,41.8909194478769]},"properties":{"FID":128,"type":"Cul-de-sac","notes":" ","material":"permanent","installed_":"pre-2024","Status":"complete","Location":"Humpnrey from Ontario to Erie","installed1":null,"updated_by":" ","updated_da":null,"Category":"Cul-de-sac"}},{"type":"Feature","id":129,"geometry":{"type":"Point","coordinates":[-87.8036660570815,41.8752416252121]},"properties":{"FID":129,"type":"Diverter","notes":" ","material":"permanent","installed_":"pre-2024","Status":"complete","Location":"Jackson and Maple","installed1":null,"updated_by":" ","updated_da":null,"Category":"Diverter"}},{"type":"Feature","id":130,"geometry":{"type":"Point","coordinates":[-87.7952828958091,41.8753890261177]},"properties":{"FID":130,"type":"Diverter","notes":" ","material":"permanent","installed_":"pre-2024","Status":"complete","Location":"Jackson and Grove","installed1":null,"updated_by":" ","updated_da":null,"Category":"Diverter"}},{"type":"Feature","id":131,"geometry":{"type":"Point","coordinates":[-87.7953542458632,41.8761808596038]},"properties":{"FID":131,"type":"Diverter","notes":" ","material":"permanent","installed_":"pre-2024","Status":"complete","Location":"Jackson and Grove","installed1":null,"updated_by":" ","updated_da":null,"Category":"Diverter"}},{"type":"Feature","id":132,"geometry":{"type":"Point","coordinates":[-87.7973941213897,41.8795235893564]},"properties":{"FID":132,"type":"Cul-de-sac","notes":" ","material":"permanent","installed_":"pre-2024","Status":"complete","Location":"Kenilworrth from Adams to Madison","installed1":null,"updated_by":" ","updated_da":null,"Category":"Cul-de-sac"}},{"type":"Feature","id":133,"geometry":{"type":"Point","coordinates":[-87.7978591155753,41.8919258916383]},"properties":{"FID":133,"type":"Cul-de-sac","notes":" ","material":"permanent","installed_":"pre-2024","Status":"complete","Location":"Elizabeth from Forest to Kenilworth","installed1":null,"updated_by":" ","updated_da":null,"Category":"Cul-de-sac"}},{"type":"Feature","id":134,"geometry":{"type":"Point","coordinates":[-87.8002706514282,41.8907682722835]},"properties":{"FID":134,"type":"Diverter","notes":" ","material":"permanent","installed_":"pre-2024","Status":"complete","Location":"Ontario and Forest","installed1":null,"updated_by":" ","updated_da":null,"Category":"Diverter"}},{"type":"Feature","id":135,"geometry":{"type":"Point","coordinates":[-87.8040689126068,41.8886015531166]},"properties":{"FID":135,"type":"Bump-out","notes":" ","material":"permanent","installed_":"2020","Status":"complete","Location":"Lake and Maple","installed1":null,"updated_by":" ","updated_da":null,"Category":"Bump-Out"}},{"type":"Feature","id":136,"geometry":{"type":"Point","coordinates":[-87.802565920268,41.8886421675391]},"properties":{"FID":136,"type":"Bump-out","notes":" ","material":"permanent","installed_":"2020","Status":"complete","Location":"Lake and Marion","installed1":null,"updated_by":" ","updated_da":null,"Category":"Bump-Out"}},{"type":"Feature","id":137,"geometry":{"type":"Point","coordinates":[-87.8014731406799,41.8887002994401]},"properties":{"FID":137,"type":"Bump-out","notes":" ","material":"permanent","installed_":"2020","Status":"complete","Location":"Lake from Marion to Forest","installed1":null,"updated_by":" ","updated_da":null,"Category":"Bump-Out"}},{"type":"Feature","id":138,"geometry":{"type":"Point","coordinates":[-87.8008875895254,41.8886612416731]},"properties":{"FID":138,"type":"Bump-out","notes":" ","material":"permanent","installed_":"2020","Status":"complete","Location":"Lake and Forest","installed1":null,"updated_by":" ","updated_da":null,"Category":"Bump-Out"}},{"type":"Feature","id":139,"geometry":{"type":"Point","coordinates":[-87.8014861643471,41.8886394728085]},"properties":{"FID":139,"type":"Raised Crosswalk Or Intersection","notes":" ","material":"permanent","installed_":"2020","Status":"complete","Location":"Lake from Marion to Forest","installed1":null,"updated_by":" ","updated_da":null,"Category":"Raised Crosswalk"}},{"type":"Feature","id":140,"geometry":{"type":"Point","coordinates":[-87.8023983829513,41.8879265909714]},"properties":{"FID":140,"type":"Raised Crosswalk Or Intersection","notes":" ","material":"permanent","installed_":"pre-2024","Status":"complete","Location":"Westgate and Marion","installed1":null,"updated_by":" ","updated_da":null,"Category":"Raised Crosswalk"}},{"type":"Feature","id":141,"geometry":{"type":"Point","coordinates":[-87.8029229515845,41.8879167438031]},"properties":{"FID":141,"type":"Diverter","notes":"do not enter signs and raised pavement operate as a diverter","material":"permanent","installed_":"pre-2024","Status":"complete","Location":"Westgate from Maple to Marion","installed1":null,"updated_by":" ","updated_da":null,"Category":"Diverter"}},{"type":"Feature","id":142,"geometry":{"type":"Point","coordinates":[-87.8009137077761,41.8872463307764]},"properties":{"FID":142,"type":"Bump-out","notes":" ","material":"permanent","installed_":"pre-2024","Status":"complete","Location":"North Blvd and Forest / Home","installed1":null,"updated_by":" ","updated_da":null,"Category":"Bump-Out"}},{"type":"Feature","id":143,"geometry":{"type":"Point","coordinates":[-87.8024269472488,41.8873898545293]},"properties":{"FID":143,"type":"Bump-out","notes":" ","material":"permanent","installed_":"pre-2024","Status":"complete","Location":"North Blvd and Marion","installed1":null,"updated_by":" ","updated_da":null,"Category":"Bump-Out"}},{"type":"Feature","id":144,"geometry":{"type":"Point","coordinates":[-87.802534851086,41.8867537804587]},"properties":{"FID":144,"type":"Bump-out","notes":" ","material":"permanent","installed_":"pre-2024","Status":"complete","Location":"South Blvd and Marion","installed1":null,"updated_by":" ","updated_da":null,"Category":"Bump-Out"}},{"type":"Feature","id":145,"geometry":{"type":"Point","coordinates":[-87.8034494873128,41.8867372965452]},"properties":{"FID":145,"type":"Bump-out","notes":" ","material":"permanent","installed_":"pre-2024","Status":"complete","Location":"South Blvd from Harlem to Marion","installed1":null,"updated_by":" ","updated_da":null,"Category":"Bump-Out"}},{"type":"Feature","id":146,"geometry":{"type":"Point","coordinates":[-87.8041082137713,41.8862648218713]},"properties":{"FID":146,"type":"Cul-de-sac","notes":" ","material":"permanent","installed_":"pre-2024","Status":"complete","Location":"Maple form Pleasant to South Blvd","installed1":null,"updated_by":" ","updated_da":null,"Category":"Cul-de-sac"}},{"type":"Feature","id":147,"geometry":{"type":"Point","coordinates":[-87.802508564451,41.8857136676487]},"properties":{"FID":147,"type":"Bump-out","notes":" ","material":"permanent","installed_":"pre-2024","Status":"complete","Location":"Pleasant and Marion","installed1":null,"updated_by":" ","updated_da":null,"Category":"Bump-Out"}},{"type":"Feature","id":148,"geometry":{"type":"Point","coordinates":[-87.8025107864037,41.8854452435302]},"properties":{"FID":148,"type":"Bump-out","notes":" ","material":"permanent","installed_":"pre-2024","Status":"complete","Location":"Pleasant and Marion","installed1":null,"updated_by":" ","updated_da":null,"Category":"Bump-Out"}},{"type":"Feature","id":149,"geometry":{"type":"Point","coordinates":[-87.8024294474992,41.8833687188769]},"properties":{"FID":149,"type":"Bump-out","notes":" ","material":"permanent","installed_":"pre-2024","Status":"complete","Location":"Randolph and Wisconsin / Marion","installed1":null,"updated_by":" ","updated_da":null,"Category":"Bump-Out"}},{"type":"Feature","id":150,"geometry":{"type":"Point","coordinates":[-87.8024448773638,41.8838604087505]},"properties":{"FID":150,"type":"Bump-out","notes":" ","material":"permanent","installed_":"pre-2024","Status":"complete","Location":"Marion from Randoloph to Pleasant","installed1":null,"updated_by":" ","updated_da":null,"Category":"Bump-Out"}},{"type":"Feature","id":151,"geometry":{"type":"Point","coordinates":[-87.8024850229668,41.8849619424608]},"properties":{"FID":151,"type":"Bump-out","notes":" ","material":"permanent","installed_":"pre-2024","Status":"complete","Location":"Marion from Randoloph to Pleasant","installed1":null,"updated_by":" ","updated_da":null,"Category":"Bump-Out"}},{"type":"Feature","id":152,"geometry":{"type":"Point","coordinates":[-87.775286113126,41.8947175033263]},"properties":{"FID":152,"type":"Bump-out","notes":" ","material":"permanent","installed_":"pre-2024","Status":"complete","Location":"Chicago and Austin","installed1":null,"updated_by":" ","updated_da":null,"Category":"Bump-Out"}},{"type":"Feature","id":153,"geometry":{"type":"Point","coordinates":[-87.7758805393124,41.8947081191471]},"properties":{"FID":153,"type":"Bump-out","notes":" ","material":"permanent","installed_":"pre-2024","Status":"complete","Location":"Chicago from Humphrey to Austin","installed1":null,"updated_by":" ","updated_da":null,"Category":"Bump-Out"}},{"type":"Feature","id":154,"geometry":{"type":"Point","coordinates":[-87.776761467198,41.8946863156798]},"properties":{"FID":154,"type":"Bump-out","notes":" ","material":"permanent","installed_":"pre-2024","Status":"complete","Location":"Chicago and Humphrey","installed1":null,"updated_by":" ","updated_da":null,"Category":"Bump-Out"}},{"type":"Feature","id":155,"geometry":{"type":"Point","coordinates":[-87.7783752854991,41.8946680495771]},"properties":{"FID":155,"type":"Bump-out","notes":" ","material":"permanent","installed_":"pre-2024","Status":"complete","Location":"Chicago and Taylor","installed1":null,"updated_by":" ","updated_da":null,"Category":"Bump-Out"}},{"type":"Feature","id":156,"geometry":{"type":"Point","coordinates":[-87.7800056060173,41.8946406368734]},"properties":{"FID":156,"type":"Bump-out","notes":" ","material":"permanent","installed_":"pre-2024","Status":"complete","Location":"Chicago and Lombard","installed1":null,"updated_by":" ","updated_da":null,"Category":"Bump-Out"}},{"type":"Feature","id":157,"geometry":{"type":"Point","coordinates":[-87.7817354213976,41.8946133474894]},"properties":{"FID":157,"type":"Bump-out","notes":" ","material":"permanent","installed_":"pre-2024","Status":"complete","Location":"Chicago and Harvey","installed1":null,"updated_by":" ","updated_da":null,"Category":"Bump-Out"}},{"type":"Feature","id":158,"geometry":{"type":"Point","coordinates":[-87.783251767749,41.8945979438517]},"properties":{"FID":158,"type":"Bump-out","notes":" ","material":"permanent","installed_":"pre-2024","Status":"complete","Location":"Chicago and Cuyler","installed1":null,"updated_by":" ","updated_da":null,"Category":"Bump-Out"}},{"type":"Feature","id":159,"geometry":{"type":"Point","coordinates":[-87.7975755368169,41.8912833949602]},"properties":{"FID":159,"type":"Bump-out","notes":"2024 resurfacing approved by VB 7/23/2024","material":"paint & post","installed_":"2024","Status":"complete","Location":"Erie and Kenilworth","installed1":null,"updated_by":" ","updated_da":null,"Category":"Bump-Out"}},{"type":"Feature","id":160,"geometry":{"type":"Point","coordinates":[-87.7970916557052,41.8853203626803]},"properties":{"FID":160,"type":"Bump-out","notes":"2024 resurfacing - approved by VB 7/23/2024","material":"permanent","installed_":"2024","Status":"complete","Location":"Pleasant and Kenilworth","installed1":null,"updated_by":" ","updated_da":null,"Category":"Bump-Out"}},{"type":"Feature","id":161,"geometry":{"type":"Point","coordinates":[-87.7970009803614,41.8833994827725]},"properties":{"FID":161,"type":"Bump-out","notes":"2024 resurfacing - approved by VB 7/23/2024","material":"paint & post","installed_":"2024","Status":"complete","Location":"Randolph and Kenilworth","installed1":null,"updated_by":" ","updated_da":null,"Category":"Bump-Out"}},{"type":"Feature","id":162,"geometry":{"type":"Point","coordinates":[-87.7969166730586,41.8797361079171]},"properties":{"FID":162,"type":"RRFB","notes":" ","material":"permanent","installed_":"pre-2024","Status":"complete","Location":"Madison and Kenilworth","installed1":null,"updated_by":" ","updated_da":null,"Category":"Pedestrian Crossing Beacon"}},{"type":"Feature","id":163,"geometry":{"type":"Point","coordinates":[-87.790394088729,41.8743613046152]},"properties":{"FID":163,"type":"Bump-out","notes":"2024 resurfacing - approved by VB 7/23/2024","material":"permanent","installed_":"2024","Status":"complete","Location":"Van Buren and Clarence","installed1":null,"updated_by":" ","updated_da":null,"Category":"Bump-Out"}},{"type":"Feature","id":164,"geometry":{"type":"Point","coordinates":[-87.8020357971255,41.8722866792733]},"properties":{"FID":164,"type":"Bump-out","notes":"2024 resurfacing - approved by VB 7/23/2024","material":"permanent","installed_":"2024","Status":"complete","Location":"Garfield and Wisconsin","installed1":null,"updated_by":" ","updated_da":null,"Category":"Bump-Out"}},{"type":"Feature","id":165,"geometry":{"type":"Point","coordinates":[-87.8016768712718,41.8842694779419]},"properties":{"FID":165,"type":"Cul-de-sac","notes":" ","material":"permanent","installed_":"pre-2024","Status":"complete","Location":"Pleasant Place from Wisconsin to Home","installed1":null,"updated_by":" ","updated_da":null,"Category":"Cul-de-sac"}},{"type":"Feature","id":166,"geometry":{"type":"Point","coordinates":[-87.8037956592734,41.8773804979249]},"properties":{"FID":166,"type":"Cul-de-sac","notes":" ","material":"permanent","installed_":"pre-2024","Status":"complete","Location":"Maple from Adams to Monroe","installed1":null,"updated_by":" ","updated_da":null,"Category":"Cul-de-sac"}},{"type":"Feature","id":167,"geometry":{"type":"Point","coordinates":[-87.8023096330307,41.8791222967967]},"properties":{"FID":167,"type":"Cul-de-sac","notes":" ","material":"permanent","installed_":"pre-2024","Status":"complete","Location":"Wisconsin from Adams to Madison","installed1":null,"updated_by":" ","updated_da":null,"Category":"Cul-de-sac"}},{"type":"Feature","id":168,"geometry":{"type":"Point","coordinates":[-87.7964463256232,41.8675124521582]},"properties":{"FID":168,"type":"Cul-de-sac","notes":" ","material":"permanent","installed_":"pre-2024","Status":"complete","Location":"Kenilworth from Fillmore to Harvard","installed1":null,"updated_by":" ","updated_da":null,"Category":"Cul-de-sac"}},{"type":"Feature","id":169,"geometry":{"type":"Point","coordinates":[-87.787812601188,41.8702144065126]},"properties":{"FID":169,"type":"Cul-de-sac","notes":" ","material":"permanent","installed_":"pre-2024","Status":"complete","Location":"Scovlle from Harvard to Garfield","installed1":null,"updated_by":" ","updated_da":null,"Category":"Cul-de-sac"}},{"type":"Feature","id":170,"geometry":{"type":"Point","coordinates":[-87.7960399492088,41.8895712805072]},"properties":{"FID":170,"type":"Cul-de-sac","notes":" ","material":"permanent","installed_":"pre-2024","Status":"complete","Location":"Grove from Lake to Ontario","installed1":null,"updated_by":" ","updated_da":null,"Category":"Cul-de-sac"}},{"type":"Feature","id":171,"geometry":{"type":"Point","coordinates":[-87.8039403475851,41.8937924765537]},"properties":{"FID":171,"type":"Diverter","notes":" ","material":"permanent","installed_":"pre-2024","Status":"complete","Location":"Maple from Superior to Chicago","installed1":null,"updated_by":" ","updated_da":null,"Category":"Diverter"}},{"type":"Feature","id":172,"geometry":{"type":"Point","coordinates":[-87.8039612839979,41.8942404743666]},"properties":{"FID":172,"type":"Bump-out","notes":" ","material":"permanent","installed_":"pre-2024","Status":"complete","Location":"Chicago and Maple","installed1":null,"updated_by":" ","updated_da":null,"Category":"Bump-Out"}},{"type":"Feature","id":173,"geometry":{"type":"Point","coordinates":[-87.8030475513706,41.8942588837749]},"properties":{"FID":173,"type":"Bump-out","notes":" ","material":"permanent","installed_":"pre-2024","Status":"complete","Location":"Chicago and Marion","installed1":null,"updated_by":" ","updated_da":null,"Category":"Bump-Out"}},{"type":"Feature","id":174,"geometry":{"type":"Point","coordinates":[-87.7991706988147,41.8705431335321]},"properties":{"FID":174,"type":"Bump-out","notes":"petition approved by VB 8/27/2024. TC added this treatment to the original recommendations in the study on March 11 2024.","material":"paint & post","installed_":"2024?","Status":"complete","Location":"Lexington and Home","installed1":null,"updated_by":" ","updated_da":null,"Category":"Bump-Out"}},{"type":"Feature","id":175,"geometry":{"type":"Point","coordinates":[-87.784020458443,41.8671521836946]},"properties":{"FID":175,"type":"RRFB","notes":"In progress - CW applied for IDOT permits, in revview as of 6/18/2025. source: U:\\Engineering\\Projects\\CIP\\2025 CIP\\Bike Blvd Design - V3\\Bike Boulevard Map - 2024-2026.pdf","material":"permanent","installed_":"TBD 2026","Status":"planned or in progress","Location":"Fillmore and Ridgeland","installed1":null,"updated_by":" ","updated_da":null,"Category":"Pedestrian Crossing Beacon"}},{"type":"Feature","id":176,"geometry":{"type":"Point","coordinates":[-87.7842492004056,41.8744615939316]},"properties":{"FID":176,"type":"RRFB","notes":"In progress - CW applied for IDOT permits, in revview as of 6/18/2025. source: U:\\Engineering\\Projects\\CIP\\2025 CIP\\Bike Blvd Design - V3\\Bike Boulevard Map - 2024-2026.pdf","material":"permanent","installed_":"TBD 2026","Status":"planned or in progress","Location":"Van Buren and Ridgeland","installed1":null,"updated_by":" ","updated_da":null,"Category":"Pedestrian Crossing Beacon"}},{"type":"Feature","id":177,"geometry":{"type":"Point","coordinates":[-87.7846130973971,41.8852269895392]},"properties":{"FID":177,"type":"RRFB","notes":"In progress - CW applied for IDOT permits, in revview as of 6/18/2025. source: U:\\Engineering\\Projects\\CIP\\2025 CIP\\Bike Blvd Design - V3\\Bike Boulevard Map - 2024-2026.pdf","material":"permanent","installed_":"TBD 2026","Status":"planned or in progress","Location":"Pleasant and Ridgeland","installed1":null,"updated_by":" ","updated_da":null,"Category":"Pedestrian Crossing Beacon"}},{"type":"Feature","id":178,"geometry":{"type":"Point","coordinates":[-87.784810906477,41.8917220922412]},"properties":{"FID":178,"type":"RRFB","notes":"In progress - CW applied for IDOT permits, in revview as of 6/18/2025. source: U:\\Engineering\\Projects\\CIP\\2025 CIP\\Bike Blvd Design - V3\\Bike Boulevard Map - 2024-2026.pdf","material":"permanent","installed_":"TBD 2026","Status":"planned or in progress","Location":"Erie and Ridgeland","installed1":null,"updated_by":" ","updated_da":null,"Category":"Pedestrian Crossing Beacon"}},{"type":"Feature","id":179,"geometry":{"type":"Point","coordinates":[-87.7945975468925,41.8914347202183]},"properties":{"FID":179,"type":"RRFB","notes":" ","material":"permanent","installed_":"pre-2024","Status":"complete","Location":"Erie and Oak Park","installed1":null,"updated_by":" ","updated_da":null,"Category":"Pedestrian Crossing Beacon"}},{"type":"Feature","id":180,"geometry":{"type":"Point","coordinates":[-87.7876002625762,41.8884291926197]},"properties":{"FID":180,"type":"Bump-out","notes":"greenway 2023","material":"paint & post","installed_":"2023","Status":"complete","Location":"Lake and Scoville","installed1":null,"updated_by":" ","updated_da":null,"Category":"Bump-Out"}},{"type":"Feature","id":181,"geometry":{"type":"Point","coordinates":[-87.7879806269811,41.8884578363351]},"properties":{"FID":181,"type":"RRFB","notes":" ","material":"permanent","installed_":"2024?","Status":"complete","Location":"Lake and Scoville","installed1":null,"updated_by":" ","updated_da":null,"Category":"Pedestrian Crossing Beacon"}},{"type":"Feature","id":182,"geometry":{"type":"Point","coordinates":[-87.7848477013418,41.8852075348766]},"properties":{"FID":182,"type":"Diverter","notes":"source: U:\\Engineering\\Projects\\CIP\\2025 CIP\\Bike Blvd Design - V3\\Bike Boulevard Map - 2024-2026.pdf","material":"permanent","installed_":"TBD 2026","Status":"planned or in progress","Location":"Pleasant and Ridgeland","installed1":null,"updated_by":" ","updated_da":null,"Category":"Diverter"}},{"type":"Feature","id":183,"geometry":{"type":"Point","coordinates":[-87.7843620680583,41.8852147160635]},"properties":{"FID":183,"type":"Diverter","notes":"Proposed 2026 bike boulevard","material":"permanent","installed_":"TBD 2026","Status":"planned or in progress","Location":"Pleasant and Ridgeland","installed1":null,"updated_by":" ","updated_da":null,"Category":"Diverter"}},{"type":"Feature","id":184,"geometry":{"type":"Point","coordinates":[-87.7867566704865,41.9020309603553]},"properties":{"FID":184,"type":"Diverter","notes":"Proposed 2026 bike boulevard. source: U:\\Engineering\\Projects\\CIP\\2025 CIP\\Bike Blvd Design - V3\\Bike Boulevard Map - 2024-2026.pdf","material":"permanent","installed_":"TBD 2026","Status":"planned or in progress","Location":"Division and Ridgeland","installed1":null,"updated_by":" ","updated_da":null,"Category":"Diverter"}},{"type":"Feature","id":185,"geometry":{"type":"Point","coordinates":[-87.7867404856109,41.901652111822]},"properties":{"FID":185,"type":"Diverter","notes":"Proposed 2026 bike boulevard. source: U:\\Engineering\\Projects\\CIP\\2025 CIP\\Bike Blvd Design - V3\\Bike Boulevard Map - 2024-2026.pdf","material":"permanent","installed_":"TBD 2026","Status":"planned or in progress","Location":"Division and Ridgeland","installed1":null,"updated_by":" ","updated_da":null,"Category":"Diverter"}},{"type":"Feature","id":186,"geometry":{"type":"Point","coordinates":[-87.8039984371682,41.9018034701212]},"properties":{"FID":186,"type":"Diverter","notes":"Proposed 2026 bike boulevard. source: U:\\Engineering\\Projects\\CIP\\2025 CIP\\Bike Blvd Design - V3\\Bike Boulevard Map - 2024-2026.pdf","material":"permanent","installed_":"TBD 2026","Status":"planned or in progress","Location":"Division and Marion","installed1":null,"updated_by":" ","updated_da":null,"Category":"Diverter"}},{"type":"Feature","id":187,"geometry":{"type":"Point","coordinates":[-87.8039778967045,41.9012195500766]},"properties":{"FID":187,"type":"Diverter","notes":"Proposed 2026 bike boulevard. source: U:\\Engineering\\Projects\\CIP\\2025 CIP\\Bike Blvd Design - V3\\Bike Boulevard Map - 2024-2026.pdf","material":"permanent","installed_":"TBD 2026","Status":"planned or in progress","Location":"Division and Marion","installed1":null,"updated_by":" ","updated_da":null,"Category":"Diverter"}},{"type":"Feature","id":188,"geometry":{"type":"Point","coordinates":[-87.7841130059902,41.8744602782973]},"properties":{"FID":188,"type":"Diverter","notes":"source: U:\\Engineering\\Projects\\CIP\\2025 CIP\\Bike Blvd Design - V3\\Bike Boulevard Map - 2024-2026.pdf","material":"permanent","installed_":"TBD 2026","Status":"planned or in progress","Location":"Van Buren and Ridgeland","installed1":null,"updated_by":" ","updated_da":null,"Category":"Diverter"}},{"type":"Feature","id":189,"geometry":{"type":"Point","coordinates":[-87.7844492837645,41.8744538561433]},"properties":{"FID":189,"type":"Diverter","notes":"source: U:\\Engineering\\Projects\\CIP\\2025 CIP\\Bike Blvd Design - V3\\Bike Boulevard Map - 2024-2026.pdf","material":"permanent","installed_":"TBD 2026","Status":"planned or in progress","Location":"Van Buren and Ridgeland","installed1":null,"updated_by":" ","updated_da":null,"Category":"Diverter"}},{"type":"Feature","id":190,"geometry":{"type":"Point","coordinates":[-87.793814970869,41.8669801452626]},"properties":{"FID":190,"type":"RRFB","notes":"source: U:\\Engineering\\Projects\\CIP\\2025 CIP\\Bike Blvd Design - V3\\Bike Boulevard Map - 2024-2026.pdf","material":"permanent","installed_":"TBD 2026","Status":"planned or in progress","Location":"Fillmore and Oak Park","installed1":null,"updated_by":" ","updated_da":null,"Category":"Pedestrian Crossing Beacon"}},{"type":"Feature","id":191,"geometry":{"type":"Point","coordinates":[-87.7880128908865,41.8762340738084]},"properties":{"FID":191,"type":"RRFB","notes":"source: U:\\Engineering\\Projects\\CIP\\2025 CIP\\Bike Blvd Design - V3\\Bike Boulevard Map - 2024-2026.pdf","material":"permanent","installed_":"TBD 2026","Status":"planned or in progress","Location":"Jackson and Scoville","installed1":null,"updated_by":" ","updated_da":null,"Category":"Pedestrian Crossing Beacon"}},{"type":"Feature","id":192,"geometry":{"type":"Point","coordinates":[-87.7881308604581,41.8796930493476]},"properties":{"FID":192,"type":"Diverter","notes":"source: U:\\Engineering\\Projects\\CIP\\2025 CIP\\Bike Blvd Design - V3\\Bike Boulevard Map - 2024-2026.pdf","material":"permanent","installed_":"TBD","Status":"planned or in progress","Location":"Madison and Scoville","installed1":null,"updated_by":" ","updated_da":null,"Category":"Diverter"}},{"type":"Feature","id":193,"geometry":{"type":"Point","coordinates":[-87.805201599893,41.9071047455069]},"properties":{"FID":193,"type":"Diverter","notes":"source: U:\\Engineering\\Projects\\CIP\\2025 CIP\\Bike Blvd Design - V3\\Bike Boulevard Map - 2024-2026.pdf","material":"permanent","installed_":"TBD 2026","Status":"planned or in progress","Location":"Le Moyne and Harlem","installed1":null,"updated_by":" ","updated_da":null,"Category":"Diverter"}},{"type":"Feature","id":194,"geometry":{"type":"Point","coordinates":[-87.804088003264,41.9061422794421]},"properties":{"FID":194,"type":"Speed Cushion","notes":"source: U:\\Engineering\\Projects\\CIP\\2025 CIP\\Bike Blvd Design - V3\\Bike Boulevard Map - 2024-2026.pdf","material":"permanent","installed_":"TBD 2026","Status":"planned or in progress","Location":"Marion from Greenfield to Le Moyne","installed1":null,"updated_by":" ","updated_da":null,"Category":"Vertical Deflection"}},{"type":"Feature","id":195,"geometry":{"type":"Point","coordinates":[-87.7957169993577,41.9071996130771]},"properties":{"FID":195,"type":"Diverter","notes":"source: U:\\Engineering\\Projects\\CIP\\2025 CIP\\Bike Blvd Design - V3\\Bike Boulevard Map - 2024-2026.pdf","material":"permanent","installed_":"TBD","Status":"planned or in progress","Location":"Le Moyne and Oak Park","installed1":null,"updated_by":" ","updated_da":null,"Category":"Diverter"}},{"type":"Feature","id":196,"geometry":{"type":"Point","coordinates":[-87.794504129766,41.9071910076195]},"properties":{"FID":196,"type":"Diverter","notes":" ","material":"permanent","installed_":"pre-2024","Status":"complete","Location":"Le Moyne and Oak Park","installed1":null,"updated_by":" ","updated_da":null,"Category":"Diverter"}},{"type":"Feature","id":197,"geometry":{"type":"Point","coordinates":[-87.7950217900478,41.9072099534805]},"properties":{"FID":197,"type":"RRFB","notes":"source: U:\\Engineering\\Projects\\CIP\\2025 CIP\\Bike Blvd Design - V3\\Bike Boulevard Map - 2024-2026.pdf","material":"permanent","installed_":"TBD 2026","Status":"planned or in progress","Location":"Le Moyne and Oak Park","installed1":null,"updated_by":" ","updated_da":null,"Category":"Pedestrian Crossing Beacon"}},{"type":"Feature","id":198,"geometry":{"type":"Point","coordinates":[-87.7833180142434,41.9073434361357]},"properties":{"FID":198,"type":"RRFB","notes":"Source: source: U:\\Engineering\\Projects\\CIP\\2025 CIP\\Bike Blvd Design - V3\\Bike Boulevard Map - 2024-2026.pdf","material":"permanent","installed_":"TBD","Status":"planned or in progress","Location":"Le Moyne and Ridgeland","installed1":null,"updated_by":" ","updated_da":null,"Category":"Pedestrian Crossing Beacon"}},{"type":"Feature","id":199,"geometry":{"type":"Point","coordinates":[-87.783977926874,41.9073470094666]},"properties":{"FID":199,"type":"Diverter","notes":"source: U:\\Engineering\\Projects\\CIP\\2025 CIP\\Bike Blvd Design - V3\\Bike Boulevard Map - 2024-2026.pdf","material":"permanent","installed_":"TBD","Status":"planned or in progress","Location":"Le Moyne and Ridgeland","installed1":null,"updated_by":" ","updated_da":null,"Category":"Diverter"}},{"type":"Feature","id":200,"geometry":{"type":"Point","coordinates":[-87.7828099745981,41.9073509381615]},"properties":{"FID":200,"type":"Diverter","notes":"source: U:\\Engineering\\Projects\\CIP\\2025 CIP\\Bike Blvd Design - V3\\Bike Boulevard Map - 2024-2026.pdf","material":"permanent","installed_":"TBD","Status":"planned or in progress","Location":"Le Moyne and Ridgeland","installed1":null,"updated_by":" ","updated_da":null,"Category":"Diverter"}},{"type":"Feature","id":201,"geometry":{"type":"Point","coordinates":[-87.8038516698657,41.9015483245744]},"properties":{"FID":201,"type":"RRFB","notes":"source: U:\\Engineering\\Projects\\CIP\\2025 CIP\\Bike Blvd Design - V3\\Bike Boulevard Map - 2024-2026.pdf","material":"permanent","installed_":"TBD","Status":"planned or in progress","Location":"Division and Marion","installed1":null,"updated_by":" ","updated_da":null,"Category":"Pedestrian Crossing Beacon"}},{"type":"Feature","id":202,"geometry":{"type":"Point","coordinates":[-87.7858573555083,41.8998861269772]},"properties":{"FID":202,"type":"Speed Cushion","notes":"Approved by transportation commission as part of Thomas/Elmwood traffic calming petition in May 2025","material":"permanent","installed_":"TBD","Status":"planned or in progress","Location":"Thomas from Elmwood to Ridgeland","installed1":null,"updated_by":" ","updated_da":null,"Category":"Vertical Deflection"}},{"type":"Feature","id":203,"geometry":{"type":"Point","coordinates":[-87.7867570620454,41.9018393350474]},"properties":{"FID":203,"type":"RRFB","notes":" ","material":"permanent","installed_":"2024?","Status":"complete","Location":"Division and Ridgeland","installed1":null,"updated_by":" ","updated_da":null,"Category":"Pedestrian Crossing Beacon"}},{"type":"Feature","id":204,"geometry":{"type":"Point","coordinates":[-87.7890505691978,41.8707724990435]},"properties":{"FID":204,"type":"RRFB","notes":" ","material":"permanent","installed_":"2025","Status":"complete","Location":"Lexington and East Ave","installed1":null,"updated_by":" ","updated_da":null,"Category":"Pedestrian Crossing Beacon"}},{"type":"Feature","id":205,"geometry":{"type":"Point","coordinates":[-87.7877812017943,41.8816558080074]},"properties":{"FID":205,"type":"RRFB","notes":"source: U:\\Engineering\\Projects\\CIP\\2025 CIP\\Bike Blvd Design - V3\\Bike Boulevard Map - 2024-2026.pdf","material":"permanent","installed_":"2025","Status":"complete","Location":"Washington and Scoville","installed1":null,"updated_by":" ","updated_da":null,"Category":"Pedestrian Crossing Beacon"}},{"type":"Feature","id":206,"geometry":{"type":"Point","coordinates":[-87.7889959809454,41.8851251530296]},"properties":{"FID":206,"type":"Speed Cushion","notes":"Source: U:\\Engineering\\Projects\\CIP\\2025 CIP\\Bike Blvd Design - V3\\Bike Boulevard Map - 2024-2026.pdf","material":"permanent","installed_":"TBD 2026","Status":"planned or in progress","Location":"Pleasant from East to Scoville","installed1":null,"updated_by":" ","updated_da":null,"Category":"Vertical Deflection"}},{"type":"Feature","id":207,"geometry":{"type":"Point","coordinates":[-87.8012430607783,41.8857379662156]},"properties":{"FID":207,"type":"Speed Cushion","notes":"source: U:\\Engineering\\Projects\\CIP\\2025 CIP\\Bike Blvd Design - V3\\Bike Boulevard Map - 2024-2026.pdf","material":"permanent","installed_":"TBD 2026","Status":"planned or in progress","Location":"Pleasant from Marion to Home","installed1":null,"updated_by":" ","updated_da":null,"Category":"Vertical Deflection"}},{"type":"Feature","id":208,"geometry":{"type":"Point","coordinates":[-87.8035289166572,41.8979554957044]},"properties":{"FID":208,"type":"RRFB","notes":"source: U:\\Engineering\\Projects\\CIP\\2025 CIP\\Bike Blvd Design - V3\\Bike Boulevard Map - 2024-2026.pdf","material":"permanent","installed_":"TBD 2026","Status":"planned or in progress","Location":"Augusta and Marion","installed1":null,"updated_by":" ","updated_da":null,"Category":"Pedestrian Crossing Beacon"}},{"type":"Feature","id":209,"geometry":{"type":"Point","coordinates":[-87.8038254396815,41.899165376726]},"properties":{"FID":209,"type":"Speed Cushion","notes":"source: U:\\Engineering\\Projects\\CIP\\2025 CIP\\Bike Blvd Design - V3\\Bike Boulevard Map - 2024-2026.pdf","material":"permanent","installed_":"TBD 2026","Status":"planned or in progress","Location":"Marion from Augusta to Thomas","installed1":null,"updated_by":" ","updated_da":null,"Category":"Vertical Deflection"}},{"type":"Feature","id":210,"geometry":{"type":"Point","coordinates":[-87.797720652104,41.8980421696434]},"properties":{"FID":210,"type":"RRFB","notes":"source: U:\\Engineering\\Projects\\CIP\\2025 CIP\\Bike Blvd Design - V3\\Bike Boulevard Map - 2024-2026.pdf","material":"permanent","installed_":"TBD 2026","Status":"planned or in progress","Location":"Augusta and Kenilworth","installed1":null,"updated_by":" ","updated_da":null,"Category":"Pedestrian Crossing Beacon"}},{"type":"Feature","id":211,"geometry":{"type":"Point","coordinates":[-87.7947618642664,41.8998469590074]},"properties":{"FID":211,"type":"RRFB","notes":"source: U:\\Engineering\\Projects\\CIP\\2025 CIP\\Bike Blvd Design - V3\\Bike Boulevard Map - 2024-2026.pdf","material":"permanent","installed_":"TBD 2026","Status":"planned or in progress","Location":"Thomas and Oak Park","installed1":null,"updated_by":" ","updated_da":null,"Category":"Pedestrian Crossing Beacon"}},{"type":"Feature","id":212,"geometry":{"type":"Point","coordinates":[-87.7976975702355,41.8971773165021]},"properties":{"FID":212,"type":"Speed Cushion","notes":"source: U:\\Engineering\\Projects\\CIP\\2025 CIP\\Bike Blvd Design - V3\\Bike Boulevard Map - 2024-2026.pdf","material":"permanent","installed_":"TBD 2026","Status":"planned or in progress","Location":"Kenilworth from Iowa to Augusta","installed1":null,"updated_by":" ","updated_da":null,"Category":"Vertical Deflection"}},{"type":"Feature","id":213,"geometry":{"type":"Point","coordinates":[-87.7955770640484,41.8999410854983]},"properties":{"FID":213,"type":"Speed Cushion","notes":"source: U:\\Engineering\\Projects\\CIP\\2025 CIP\\Bike Blvd Design - V3\\Bike Boulevard Map - 2024-2026.pdf","material":"permanent","installed_":"TBD 2026","Status":"planned or in progress","Location":"Thomas from Grove to Oak Park","installed1":null,"updated_by":" ","updated_da":null,"Category":"Vertical Deflection"}},{"type":"Feature","id":214,"geometry":{"type":"Point","coordinates":[-87.794028711812,41.899781964871]},"properties":{"FID":214,"type":"Speed Cushion","notes":"source: U:\\Engineering\\Projects\\CIP\\2025 CIP\\Bike Blvd Design - V3\\Bike Boulevard Map - 2024-2026.pdf","material":"permanent","installed_":"TBD 2026","Status":"planned or in progress","Location":"Thomas from Oak Park to Euclid","installed1":null,"updated_by":" ","updated_da":null,"Category":"Vertical Deflection"}},{"type":"Feature","id":215,"geometry":{"type":"Point","coordinates":[-87.781742066857,41.8961388799691]},"properties":{"FID":215,"type":"Speed Cushion","notes":"source: U:\\Engineering\\Projects\\CIP\\2025 CIP\\Bike Blvd Design - V3\\Bike Boulevard Map - 2024-2026.pdf","material":"permanent","installed_":"TBD 2026","Status":"planned or in progress","Location":"Harvey from Chicago to Iowa","installed1":null,"updated_by":" ","updated_da":null,"Category":"Vertical Deflection"}},{"type":"Feature","id":216,"geometry":{"type":"Point","coordinates":[-87.7821764254626,41.8918216812536]},"properties":{"FID":216,"type":"Speed Cushion","notes":"source: U:\\Engineering\\Projects\\CIP\\2025 CIP\\Bike Blvd Design - V3\\Bike Boulevard Map - 2024-2026.pdf","material":"permanent","installed_":"TBD 2026","Status":"planned or in progress","Location":"Erie from Cuyler to Harvey","installed1":null,"updated_by":" ","updated_da":null,"Category":"Vertical Deflection"}},{"type":"Feature","id":217,"geometry":{"type":"Point","coordinates":[-87.7815690800025,41.8911324200647]},"properties":{"FID":217,"type":"Speed Cushion","notes":"source: U:\\Engineering\\Projects\\CIP\\2025 CIP\\Bike Blvd Design - V3\\Bike Boulevard Map - 2024-2026.pdf","material":"permanent","installed_":"TBD 2026","Status":"planned or in progress","Location":"Harvey from Ontario to Erie","installed1":null,"updated_by":" ","updated_da":null,"Category":"Vertical Deflection"}},{"type":"Feature","id":218,"geometry":{"type":"Point","coordinates":[-87.7882385142479,41.8982589295138]},"properties":{"FID":218,"type":"RRFB","notes":"source: U:\\Engineering\\Projects\\CIP\\2025 CIP\\Bike Blvd Design - V3\\Bike Boulevard Map - 2024-2026.pdf","material":"permanent","installed_":"TBD 2026","Status":"planned or in progress","Location":"Augusta and Fair Oaks","installed1":null,"updated_by":" ","updated_da":null,"Category":"Pedestrian Crossing Beacon"}},{"type":"Feature","id":219,"geometry":{"type":"Point","coordinates":[-87.7850693110404,41.8998896537799]},"properties":{"FID":219,"type":"RRFB","notes":"source: U:\\Engineering\\Projects\\CIP\\2025 CIP\\Bike Blvd Design - V3\\Bike Boulevard Map - 2024-2026.pdf","material":"permanent","installed_":"TBD 2026","Status":"planned or in progress","Location":"Thomas and Ridgeland","installed1":null,"updated_by":" ","updated_da":null,"Category":"Pedestrian Crossing Beacon"}},{"type":"Feature","id":220,"geometry":{"type":"Point","coordinates":[-87.7809251586035,41.8799922167556]},"properties":{"FID":220,"type":"RRFB","notes":" ","material":"permanent","installed_":"2024","Status":"complete","Location":"Madison and Harvey","installed1":null,"updated_by":" ","updated_da":null,"Category":"Pedestrian Crossing Beacon"}},{"type":"Feature","id":221,"geometry":{"type":"Point","coordinates":[-87.7831418471564,41.879959484127]},"properties":{"FID":221,"type":"RRFB","notes":" ","material":"permanent","installed_":"2024","Status":"complete","Location":"Madison and Cuyler","installed1":null,"updated_by":" ","updated_da":null,"Category":"Pedestrian Crossing Beacon"}},{"type":"Feature","id":222,"geometry":{"type":"Point","coordinates":[-87.7880414943318,41.879878619393]},"properties":{"FID":222,"type":"RRFB","notes":" ","material":"permanent","installed_":"pre-2024","Status":"complete","Location":"Madison and Scoville","installed1":null,"updated_by":" ","updated_da":null,"Category":"Pedestrian Crossing Beacon"}},{"type":"Feature","id":223,"geometry":{"type":"Point","coordinates":[-87.7953690339258,41.8797538948758]},"properties":{"FID":223,"type":"RRFB","notes":" ","material":"permanent","installed_":"Pre-2024","Status":"complete","Location":"Madison and Grove","installed1":null,"updated_by":" ","updated_da":null,"Category":"Pedestrian Crossing Beacon"}},{"type":"Feature","id":224,"geometry":{"type":"Point","coordinates":[-87.7865810452029,41.8701104582807]},"properties":{"FID":224,"type":"Raised Crosswalk Or Intersection","notes":" ","material":"permanent","installed_":"pre-2024","Status":"complete","Location":"Gunderson from Harvard to Garfield","installed1":null,"updated_by":" ","updated_da":null,"Category":"Raised Crosswalk"}},{"type":"Feature","id":225,"geometry":{"type":"Point","coordinates":[-87.7765786559324,41.9018655255178]},"properties":{"FID":225,"type":"Diverter","notes":" ","material":"permanent","installed_":"pre-2025","Status":"complete","Location":"Division and Humphrey","installed1":null,"updated_by":" ","updated_da":null,"Category":"Diverter"}},{"type":"Feature","id":226,"geometry":{"type":"Point","coordinates":[-87.7778035464636,41.9018798697178]},"properties":{"FID":226,"type":"Diverter","notes":" ","material":"permanent","installed_":"pre-2025","Status":"complete","Location":"Division and Taylor","installed1":null,"updated_by":" ","updated_da":null,"Category":"Diverter"}},{"type":"Feature","id":227,"geometry":{"type":"Point","coordinates":[-87.80017178836,41.8868002238758]},"properties":{"FID":227,"type":"Bump-out","notes":" ","material":"permanent","installed_":"pre-2024","Status":"complete","Location":"South Blvd and Home / Forest","installed1":null,"updated_by":" ","updated_da":null,"Category":"Bump-Out"}},{"type":"Feature","id":228,"geometry":{"type":"Point","coordinates":[-87.7986354089917,41.8868363251088]},"properties":{"FID":228,"type":"Bump-out","notes":" ","material":"permanent","installed_":"pre-2024","Status":"complete","Location":"South Blvd and Clinton","installed1":null,"updated_by":" ","updated_da":null,"Category":"Bump-Out"}},{"type":"Feature","id":229,"geometry":{"type":"Point","coordinates":[-87.7971361578669,41.8868586674094]},"properties":{"FID":229,"type":"Bump-out","notes":" ","material":"permanent","installed_":"pre-2024","Status":"complete","Location":"South Blvd and Kenilworth","installed1":null,"updated_by":" ","updated_da":null,"Category":"Bump-Out"}},{"type":"Feature","id":230,"geometry":{"type":"Point","coordinates":[-87.7944812482339,41.8868849982752]},"properties":{"FID":230,"type":"Bump-out","notes":" ","material":"permanent","installed_":"pre-2024","Status":"complete","Location":"South Blvd and Oak Park","installed1":null,"updated_by":" ","updated_da":null,"Category":"Bump-Out"}},{"type":"Feature","id":231,"geometry":{"type":"Point","coordinates":[-87.7946532599821,41.8869252921797]},"properties":{"FID":231,"type":"Bump-out","notes":"paint-and-post bump-out with bike racks that is to be replaced with a permanent bump out in 2026","material":"permanent","installed_":"Anticipated 11/2026","Status":"planned","Location":"South Blvd and Oak Park","installed1":null,"updated_by":"LW","updated_da":1750896000000,"Category":"Bump-Out"}},{"type":"Feature","id":232,"geometry":{"type":"Point","coordinates":[-87.7927972448553,41.8869114736262]},"properties":{"FID":232,"type":"Bump-out","notes":" ","material":"permanent","installed_":"pre-2024","Status":"complete","Location":"South Blvd and Euclid","installed1":null,"updated_by":" ","updated_da":null,"Category":"Bump-Out"}},{"type":"Feature","id":233,"geometry":{"type":"Point","coordinates":[-87.7895537745291,41.8869198227843]},"properties":{"FID":233,"type":"Bump-out","notes":" ","material":"permanent","installed_":"pre-2024","Status":"complete","Location":"South Blvd and East Ave","installed1":null,"updated_by":" ","updated_da":null,"Category":"Bump-Out"}},{"type":"Feature","id":234,"geometry":{"type":"Point","coordinates":[-87.7862758580579,41.8869283694305]},"properties":{"FID":234,"type":"Bump-out","notes":" ","material":"permanent","installed_":"pre-2024","Status":"complete","Location":"South Blvd and Elmwood","installed1":null,"updated_by":" ","updated_da":null,"Category":"Bump-Out"}},{"type":"Feature","id":235,"geometry":{"type":"Point","coordinates":[-87.7797655205038,41.8870436996059]},"properties":{"FID":235,"type":"Bump-out","notes":" ","material":"permanent","installed_":"pre-2024","Status":"complete","Location":"South Blvd and Lombard","installed1":null,"updated_by":" ","updated_da":null,"Category":"Bump-Out"}},{"type":"Feature","id":236,"geometry":{"type":"Point","coordinates":[-87.7781449681028,41.8870805577395]},"properties":{"FID":236,"type":"Bump-out","notes":" ","material":"permanent","installed_":"pre-2024","Status":"complete","Location":"South Blvd and Taylor","installed1":null,"updated_by":" ","updated_da":null,"Category":"Bump-Out"}},{"type":"Feature","id":237,"geometry":{"type":"Point","coordinates":[-87.7781818457112,41.8727259308853]},"properties":{"FID":237,"type":"Bump-out","notes":" ","material":"permanent","installed_":"pre-2024","Status":"complete","Location":"Harrison and Taylor","installed1":null,"updated_by":" ","updated_da":null,"Category":"Bump-Out"}},{"type":"Feature","id":238,"geometry":{"type":"Point","coordinates":[-87.7757662013326,41.8727670126801]},"properties":{"FID":238,"type":"Bump-out","notes":" ","material":"permanent","installed_":"pre-2024","Status":"complete","Location":"Harrison and Humphrey","installed1":null,"updated_by":" ","updated_da":null,"Category":"Bump-Out"}},{"type":"Feature","id":239,"geometry":{"type":"Point","coordinates":[-87.7767121631678,41.8727519296515]},"properties":{"FID":239,"type":"Bump-out","notes":" ","material":"permanent","installed_":"pre-2024","Status":"complete","Location":"Harrison and Lyman","installed1":null,"updated_by":" ","updated_da":null,"Category":"Bump-Out"}},{"type":"Feature","id":240,"geometry":{"type":"Point","coordinates":[-87.775097038577,41.8727788868462]},"properties":{"FID":240,"type":"Bump-out","notes":" ","material":"permanent","installed_":"pre-2024","Status":"complete","Location":"Harrison from Humphrey to Austin","installed1":null,"updated_by":" ","updated_da":null,"Category":"Bump-Out"}},{"type":"Feature","id":241,"geometry":{"type":"Point","coordinates":[-87.7791505276193,41.8727156187912]},"properties":{"FID":241,"type":"Bump-out","notes":" ","material":"permanent","installed_":"pre-2024","Status":"complete","Location":"Harrison and Lombard","installed1":null,"updated_by":" ","updated_da":null,"Category":"Bump-Out"}},{"type":"Feature","id":242,"geometry":{"type":"Point","coordinates":[-87.7831378142495,41.8726519938075]},"properties":{"FID":242,"type":"Bump-out","notes":" ","material":"permanent","installed_":"pre-2024","Status":"complete","Location":"Harrison and Cuyler","installed1":null,"updated_by":" ","updated_da":null,"Category":"Bump-Out"}},{"type":"Feature","id":243,"geometry":{"type":"Point","coordinates":[-87.7854304068235,41.872616301802]},"properties":{"FID":243,"type":"Bump-out","notes":" ","material":"permanent","installed_":"pre-2024","Status":"complete","Location":"Harrison and Elmwood","installed1":null,"updated_by":" ","updated_da":null,"Category":"Bump-Out"}},{"type":"Feature","id":244,"geometry":{"type":"Point","coordinates":[-87.7940815422471,41.8742813188665]},"properties":{"FID":244,"type":"Bump-out","notes":" ","material":"permanent","installed_":"pre-2024","Status":"complete","Location":"Van Buren and Oak Park","installed1":null,"updated_by":" ","updated_da":null,"Category":"Bump-Out"}},{"type":"Feature","id":245,"geometry":{"type":"Point","coordinates":[-87.7940784002778,41.8741965947339]},"properties":{"FID":245,"type":"RRFB","notes":" ","material":"permanent","installed_":"pre-2024","Status":"complete","Location":"Van Buren and Oak Park","installed1":null,"updated_by":" ","updated_da":null,"Category":"Pedestrian Crossing Beacon"}},{"type":"Feature","id":246,"geometry":{"type":"Point","coordinates":[-87.7946134190917,41.8834446516598]},"properties":{"FID":246,"type":"Diverter","notes":" ","material":"permanent","installed_":"pre-2024","Status":"complete","Location":"Randolph and Oak Park","installed1":null,"updated_by":" ","updated_da":null,"Category":"Diverter"}},{"type":"Feature","id":247,"geometry":{"type":"Point","coordinates":[-87.794099360262,41.8832989794288]},"properties":{"FID":247,"type":"Diverter","notes":" ","material":"permanent","installed_":"pre-2024","Status":"complete","Location":"Randolph and Oak Park","installed1":null,"updated_by":" ","updated_da":null,"Category":"Diverter"}},{"type":"Feature","id":248,"geometry":{"type":"Point","coordinates":[-87.7945588227408,41.8902060038777]},"properties":{"FID":248,"type":"Bump-out","notes":" ","material":"permanent","installed_":"pre-2024","Status":"complete","Location":"Ontario and Oak Park","installed1":null,"updated_by":" ","updated_da":null,"Category":"Bump-Out"}},{"type":"Feature","id":249,"geometry":{"type":"Point","coordinates":[-87.7945670395009,41.8901079288595]},"properties":{"FID":249,"type":"RRFB","notes":" ","material":"permanent","installed_":"pre-2024","Status":"complete","Location":"Ontario and Oak Park","installed1":null,"updated_by":" ","updated_da":null,"Category":"Pedestrian Crossing Beacon"}},{"type":"Feature","id":250,"geometry":{"type":"Point","coordinates":[-87.7768673818132,41.8983238500427]},"properties":{"FID":250,"type":"Bump-out","notes":" ","material":"permanent","installed_":"pre-2024","Status":"complete","Location":"Augusta and Humphrey","installed1":null,"updated_by":" ","updated_da":null,"Category":"Bump-Out"}},{"type":"Feature","id":251,"geometry":{"type":"Point","coordinates":[-87.7786965294011,41.8982973675045]},"properties":{"FID":251,"type":"Bump-out","notes":" ","material":"permanent","installed_":"pre-2024","Status":"complete","Location":"Augusta and Taylor / Hayes","installed1":null,"updated_by":" ","updated_da":null,"Category":"Bump-Out"}},{"type":"Feature","id":252,"geometry":{"type":"Point","coordinates":[-87.7817471127289,41.8982735493508]},"properties":{"FID":252,"type":"Bump-out","notes":" ","material":"permanent","installed_":"pre-2024","Status":"complete","Location":"Augusta and Harvey","installed1":null,"updated_by":" ","updated_da":null,"Category":"Bump-Out"}},{"type":"Feature","id":253,"geometry":{"type":"Point","coordinates":[-87.7833400204656,41.8982293935669]},"properties":{"FID":253,"type":"Bump-out","notes":" ","material":"permanent","installed_":"pre-2024","Status":"complete","Location":"Augusta and Cuyler","installed1":null,"updated_by":" ","updated_da":null,"Category":"Bump-Out"}},{"type":"Feature","id":254,"geometry":{"type":"Point","coordinates":[-87.7911501726724,41.8998159230792]},"properties":{"FID":254,"type":"Bump-out","notes":"2025 water/sewer","material":"permanent","installed_":"TBD 2025","Status":"planned or in progress","Location":"Thomas and Columbian","installed1":null,"updated_by":" ","updated_da":null,"Category":"Bump-Out"}},{"type":"Feature","id":255,"geometry":{"type":"Point","coordinates":[-87.8010303783386,41.9052525356102]},"properties":{"FID":255,"type":"Bump-out","notes":"source: U:\\Parking_Traffic\\P&T Commission\\2025 Agendas\\0414-1\\5 - Northwest Area Traffic Study\\final and \\\\PALM.oak-park.us\\Engineering\\Projects\\CIP\\2024 CIP\\24-11 Sewer and Water\\Phase I&II\\Sheets\\PDF\\2025\\05-29-25 MWRD","material":"permanent","installed_":"Anticipated 11/2025","Status":"planned","Location":"Greenfield and Forest","installed1":null,"updated_by":"EA","updated_da":1750982400000,"Category":"Bump-Out"}},{"type":"Feature","id":256,"geometry":{"type":"Point","coordinates":[-87.8010026686271,41.9034334396636]},"properties":{"FID":256,"type":"Bump-out","notes":"source: U:\\Parking_Traffic\\P&T Commission\\2025 Agendas\\0414-1\\5 - Northwest Area Traffic Study\\final and \\\\PALM.oak-park.us\\Engineering\\Projects\\CIP\\2024 CIP\\24-11 Sewer and Water\\Phase I&II\\Sheets\\PDF\\2025\\05-29-25 MWRD","material":"permanent","installed_":"Anticipated 11/2025","Status":"planned","Location":"Berkshire and Forest","installed1":null,"updated_by":"EA","updated_da":1750982400000,"Category":"Bump-Out"}},{"type":"Feature","id":257,"geometry":{"type":"Point","coordinates":[-87.7994193965017,41.903467484552]},"properties":{"FID":257,"type":"Bump-out","notes":"source: U:\\Parking_Traffic\\P&T Commission\\2025 Agendas\\0414-1\\5 - Northwest Area Traffic Study\\final","material":"permanent","installed_":"TBD","Status":"planned or in progress","Location":"Berkshire and Woodbine","installed1":null,"updated_by":" ","updated_da":null,"Category":"Bump-Out"}},{"type":"Feature","id":258,"geometry":{"type":"Point","coordinates":[-87.798672547255,41.9034629772985]},"properties":{"FID":258,"type":"Speed Cushion","notes":"source: U:\\Parking_Traffic\\P&T Commission\\2025 Agendas\\0414-1\\5 - Northwest Area Traffic Study\\final","material":"permanent","installed_":"TBD","Status":"planned or in progress","Location":"Berkshire from Woodbine to Kenilworth","installed1":null,"updated_by":" ","updated_da":null,"Category":"Vertical Deflection"}},{"type":"Feature","id":259,"geometry":{"type":"Point","coordinates":[-87.8002706072725,41.9034600031266]},"properties":{"FID":259,"type":"Speed Cushion","notes":"source: U:\\Parking_Traffic\\P&T Commission\\2025 Agendas\\0414-1\\5 - Northwest Area Traffic Study\\final","material":"permanent","installed_":"TBD","Status":"planned or in progress","Location":"Berkshire from Forest to Woodbine","installed1":null,"updated_by":" ","updated_da":null,"Category":"Vertical Deflection"}},{"type":"Feature","id":260,"geometry":{"type":"Point","coordinates":[-87.804016003094,41.9025959767826]},"properties":{"FID":260,"type":"Speed Cushion","notes":"source: U:\\Parking_Traffic\\P&T Commission\\2025 Agendas\\0414-1\\5 - Northwest Area Traffic Study\\final","material":"permanent","installed_":"TBD","Status":"planned or in progress","Location":"Marion from Division to Berkshire","installed1":null,"updated_by":" ","updated_da":null,"Category":"Vertical Deflection"}},{"type":"Feature","id":261,"geometry":{"type":"Point","coordinates":[-87.80338149281,41.9052226376553]},"properties":{"FID":261,"type":"Speed Cushion","notes":"source: U:\\Parking_Traffic\\P&T Commission\\2025 Agendas\\0414-1\\5 - Northwest Area Traffic Study\\final","material":"permanent","installed_":"TBD","Status":"planned or in progress","Location":"Greenfield from Marion to Belleforte","installed1":null,"updated_by":" ","updated_da":null,"Category":"Vertical Deflection"}},{"type":"Feature","id":262,"geometry":{"type":"Point","coordinates":[-87.8017494835071,41.9052626556271]},"properties":{"FID":262,"type":"Speed Cushion","notes":"source: U:\\Parking_Traffic\\P&T Commission\\2025 Agendas\\0414-1\\5 - Northwest Area Traffic Study\\final","material":"permanent","installed_":"TBD","Status":"planned or in progress","Location":"Greenfield from Belleforte to Forest","installed1":null,"updated_by":" ","updated_da":null,"Category":"Vertical Deflection"}},{"type":"Feature","id":263,"geometry":{"type":"Point","coordinates":[-87.8003754523504,41.9052935885895]},"properties":{"FID":263,"type":"Speed Cushion","notes":"source: U:\\Parking_Traffic\\P&T Commission\\2025 Agendas\\0414-1\\5 - Northwest Area Traffic Study\\final","material":"permanent","installed_":"TBD","Status":"planned or in progress","Location":"Greenfield from Forest to Woodbine","installed1":null,"updated_by":" ","updated_da":null,"Category":"Vertical Deflection"}},{"type":"Feature","id":264,"geometry":{"type":"Point","coordinates":[-87.8033410416851,41.9071001009441]},"properties":{"FID":264,"type":"Speed Cushion","notes":"source: U:\\Parking_Traffic\\P&T Commission\\2025 Agendas\\0414-1\\5 - Northwest Area Traffic Study\\final","material":"permanent","installed_":"TBD","Status":"planned or in progress","Location":"Le Moyne from Marion to Belleforte","installed1":null,"updated_by":" ","updated_da":null,"Category":"Vertical Deflection"}},{"type":"Feature","id":265,"geometry":{"type":"Point","coordinates":[-87.8019457635176,41.9071209424001]},"properties":{"FID":265,"type":"Speed Cushion","notes":"source: U:\\Parking_Traffic\\P&T Commission\\2025 Agendas\\0414-1\\5 - Northwest Area Traffic Study\\final","material":"permanent","installed_":"TBD","Status":"planned or in progress","Location":"Le Moyne from Belleforte to Forest","installed1":null,"updated_by":" ","updated_da":null,"Category":"Vertical Deflection"}},{"type":"Feature","id":266,"geometry":{"type":"Point","coordinates":[-87.8004522579017,41.9071223784049]},"properties":{"FID":266,"type":"Speed Cushion","notes":"source: U:\\Parking_Traffic\\P&T Commission\\2025 Agendas\\0414-1\\5 - Northwest Area Traffic Study\\final","material":"permanent","installed_":"TBD","Status":"planned or in progress","Location":"Le Moyne from Forest to Woodbine","installed1":null,"updated_by":" ","updated_da":null,"Category":"Vertical Deflection"}},{"type":"Feature","id":267,"geometry":{"type":"Point","coordinates":[-87.8026579760794,41.9070909007818]},"properties":{"FID":267,"type":"Bump-out","notes":"source: U:\\Engineering\\Projects\\CIP\\2025 CIP\\25-15 Bike Boulevards\\Phase 1&2PlanSet.pdf","material":"paint & post","installed_":"TBD","Status":"planned or in progress","Location":"Le Moyne and Belleforte","installed1":null,"updated_by":" ","updated_da":null,"Category":"Bump-Out"}},{"type":"Feature","id":268,"geometry":{"type":"Point","coordinates":[-87.8041988682621,41.9070588760761]},"properties":{"FID":268,"type":"Bump-out","notes":"source: U:\\Engineering\\Projects\\CIP\\2025 CIP\\25-15 Bike Boulevards\\Phase 1&2PlanSet.pdf","material":"paint & post","installed_":"TBD","Status":"planned or in progress","Location":"Le Moyne and Marion","installed1":null,"updated_by":" ","updated_da":null,"Category":"Bump-Out"}},{"type":"Feature","id":269,"geometry":{"type":"Point","coordinates":[-87.785209954562,41.8998812481461]},"properties":{"FID":269,"type":"Diverter","notes":"Ridgeland Resurfacing","material":"permanent","installed_":"TBD","Status":"planned or in progress","Location":"Thomas and Ridgeland","installed1":null,"updated_by":" ","updated_da":null,"Category":"Diverter"}},{"type":"Feature","id":270,"geometry":{"type":"Point","coordinates":[-87.789159020759,41.8743935671723]},"properties":{"FID":270,"type":"Bump-out","notes":"East / Scoville greenway","material":"paint & post","installed_":"TBD","Status":"planned or in progress","Location":"Van Buren and East Ave","installed1":null,"updated_by":" ","updated_da":null,"Category":"Bump-Out"}},{"type":"Feature","id":271,"geometry":{"type":"Point","coordinates":[-87.7888981349534,41.8670603328906]},"properties":{"FID":271,"type":"Bump-out","notes":"East / Scoville greenway","material":"paint & post","installed_":"TBD","Status":"planned or in progress","Location":"Fillmore and East Ave","installed1":null,"updated_by":" ","updated_da":null,"Category":"Bump-Out"}},{"type":"Feature","id":272,"geometry":{"type":"Point","coordinates":[-87.7891097677269,41.8725383701602]},"properties":{"FID":272,"type":"Bump-out","notes":"East / Scoville greenway","material":"paint & post","installed_":"TBD","Status":"planned or in progress","Location":"Harrison and East Ave","installed1":null,"updated_by":" ","updated_da":null,"Category":"Bump-Out"}},{"type":"Feature","id":273,"geometry":{"type":"Point","coordinates":[-87.7944150121452,41.8851230414451]},"properties":{"FID":273,"type":"Bump-out","notes":"Permanent bump outs planned for the north leg of the intersection on Oak Park Avenue - U:\\Engineering\\Projects\\CIP\\2024 CIP\\Oak Park Ave Streetscape\\_Design Development\\Plans\\5-16-25 Submittal\\Plans","material":"permanent","installed_":"Anticipated 11/2026","Status":"planned","Location":"Pleasant and Oak Park","installed1":null,"updated_by":"LW","updated_da":1750896000000,"Category":"Bump-Out"}},{"type":"Feature","id":274,"geometry":{"type":"Point","coordinates":[-87.7944315682628,41.8879366584332]},"properties":{"FID":274,"type":"Bump-out","notes":"Permanent bump outs planned for each leg the Oak Park/Hunter Court crossing - U:\\Engineering\\Projects\\CIP\\2024 CIP\\Oak Park Ave Streetscape\\_Design Development\\Plans\\5-16-25 Submittal\\Plans","material":"permanent","installed_":"Anticipated 11/2026","Status":"planned","Location":"Oak Park and Hunter Court","installed1":null,"updated_by":"LW","updated_da":1750896000000,"Category":"Bump-Out"}},{"type":"Feature","id":275,"geometry":{"type":"Point","coordinates":[-87.7946293146655,41.887937462512]},"properties":{"FID":275,"type":"Raised Crosswalk Or Intersection","notes":"U:\\Engineering\\Projects\\CIP\\2024 CIP\\Oak Park Ave Streetscape\\_Design Development\\Plans\\5-16-25 Submittal\\Plans","material":"permanent","installed_":"Anticipated 11/2026","Status":"planned","Location":"Oak Park and Hunter Court","installed1":null,"updated_by":"LW","updated_da":1750896000000,"Category":"Raised Crosswalk"}},{"type":"Feature","id":276,"geometry":{"type":"Point","coordinates":[-87.7944789680937,41.8873107303805]},"properties":{"FID":276,"type":"Bump-out","notes":"Permanent bump out planned for south leg of the intersection on North Blvd U:\\Engineering\\Projects\\CIP\\2024 CIP\\Oak Park Ave Streetscape\\_Design Development\\Plans\\5-16-25 Submittal\\Plans","material":"permanent","installed_":"Anticipated 11/2026","Status":"planned","Location":"Oak Park and North Blvd","installed1":null,"updated_by":"LW","updated_da":1750896000000,"Category":"Bump-Out"}},{"type":"Feature","id":277,"geometry":{"type":"Point","coordinates":[-87.7943628826601,41.8833792788701]},"properties":{"FID":277,"type":"Bump-out","notes":"Permanent bump outs planned for the south legs of the intersection on Oak Park U:\\Engineering\\Projects\\CIP\\2024 CIP\\Oak Park Ave Streetscape\\_Design Development\\Plans\\5-16-25 Submittal\\Plans","material":"permanent","installed_":"Anticipated 11/2026","Status":"planned","Location":"Oak Park and Randolph","installed1":null,"updated_by":"LW","updated_da":1750896000000,"Category":"Bump-Out"}},{"type":"Feature","id":278,"geometry":{"type":"Point","coordinates":[-87.7942406473919,41.88348734143]},"properties":{"FID":278,"type":"RRFB","notes":"U:\\Engineering\\Projects\\CIP\\2024 CIP\\Oak Park Ave Streetscape\\_Design Development\\Plans\\5-16-25 Submittal\\Plans","material":"permanent","installed_":"Anticipated 11/2026","Status":"planned","Location":"Oak Park and Randolph","installed1":null,"updated_by":"LW","updated_da":1750896000000,"Category":"Pedestrian Crossing Beacon"}},{"type":"Feature","id":279,"geometry":{"type":"Point","coordinates":[-87.7992390600206,41.8943341886491]},"properties":{"FID":279,"type":"RRFB","notes":" ","material":"permanent","installed_":"pre-2024","Status":"complete","Location":"Chicago and Woodbine","installed1":null,"updated_by":"KH","updated_da":1751241600000,"Category":"Pedestrian Crossing Beacon"}},{"type":"Feature","id":280,"geometry":{"type":"Point","coordinates":[-87.7814869360007,41.8946100111796]},"properties":{"FID":280,"type":"Pedestrian Hybrid Beacon","notes":" ","material":"permanent","installed_":"pre-2024","Status":"complete","Location":"Chicago and Harvey","installed1":null,"updated_by":"KH","updated_da":1751241600000,"Category":"Pedestrian Crossing Beacon"}},{"type":"Feature","id":281,"geometry":{"type":"Point","coordinates":[-87.790548946858,41.8944331998239]},"properties":{"FID":281,"type":"Radar Sign","notes":"facing EB traffic","material":"permanent","installed_":" ","Status":"complete","Location":"Chicago from Linden to East","installed1":null,"updated_by":"KEH","updated_da":1752537600000,"Category":"Radar Sign"}},{"type":"Feature","id":282,"geometry":{"type":"Point","coordinates":[-87.7868219952479,41.8946198093183]},"properties":{"FID":282,"type":"Radar Sign","notes":"facing WB traffic","material":"permanent","installed_":" ","Status":"complete","Location":"Chicago from Fair Oaks to Elmwood","installed1":null,"updated_by":"KEH","updated_da":1752537600000,"Category":"Radar Sign"}},{"type":"Feature","id":283,"geometry":{"type":"Point","coordinates":[-87.7904459581437,41.8915335896762]},"properties":{"FID":283,"type":"Radar Sign","notes":"facing EB traffic","material":"permanent","installed_":" ","Status":"complete","Location":"Erie from Linden to Scoville","installed1":null,"updated_by":"KEH","updated_da":1752537600000,"Category":"Radar Sign"}},{"type":"Feature","id":284,"geometry":{"type":"Point","coordinates":[-87.788874288703,41.8917475088394]},"properties":{"FID":284,"type":"Radar Sign","notes":"facing WB traffic","material":"permanent","installed_":" ","Status":"complete","Location":"Chicago from East to Scoville","installed1":null,"updated_by":"KEH","updated_da":1752537600000,"Category":"Radar Sign"}},{"type":"Feature","id":285,"geometry":{"type":"Point","coordinates":[-87.7767749985169,41.8728108316513]},"properties":{"FID":285,"type":"Radar Sign","notes":"facing WB traffic","material":"permanent","installed_":" ","Status":"complete","Location":"Harrison at Lyman","installed1":null,"updated_by":"KEH","updated_da":1752537600000,"Category":"Radar Sign"}},{"type":"Feature","id":286,"geometry":{"type":"Point","coordinates":[-87.7767906248975,41.8727016966059]},"properties":{"FID":286,"type":"Radar Sign","notes":"facing EB traffic","material":"permanent","installed_":" ","Status":"complete","Location":"Harrison at Lyman","installed1":null,"updated_by":"KEH","updated_da":1752537600000,"Category":"Radar Sign"}},{"type":"Feature","id":287,"geometry":{"type":"Point","coordinates":[-87.7849397025426,41.8929985279892]},"properties":{"FID":287,"type":"Radar Sign","notes":"facing SB traffic","material":"permanent","installed_":" ","Status":"complete","Location":"Ridgeland at Superior","installed1":null,"updated_by":"KEH","updated_da":1752537600000,"Category":"Radar Sign"}},{"type":"Feature","id":288,"geometry":{"type":"Point","coordinates":[-87.7842726415832,41.8778767281445]},"properties":{"FID":288,"type":"Radar Sign","notes":"facing NB traffic","material":"permanent","installed_":" ","Status":"complete","Location":"Ridgeland at Adams","installed1":null,"updated_by":"KEH","updated_da":1752537600000,"Category":"Radar Sign"}},{"type":"Feature","id":289,"geometry":{"type":"Point","coordinates":[-87.7832142862958,41.8762995716187]},"properties":{"FID":289,"type":"RRFB","notes":null,"material":null,"installed_":null,"Status":"complete","Location":"Jackson and Cuyler","installed1":null,"updated_by":null,"updated_da":null,"Category":"Pedestrian Crossing Beacon"}},{"type":"Feature","id":290,"geometry":{"type":"Point","coordinates":[-87.8001994109136,41.8893999845979]},"properties":{"FID":290,"type":"RRFB","notes":null,"material":null,"installed_":null,"Status":"Complete","Location":" Forest Ave, just to the north of alley","installed1":null,"updated_by":null,"updated_da":null,"Category":"Pedestrian Crossing Beacon"}},{"type":"Feature","id":291,"geometry":{"type":"Point","coordinates":[-87.8039326868636,41.8704683286831]},"properties":{"FID":291,"type":"Speed Bump","notes":null,"material":null,"installed_":null,"Status":"Installed","Location":"Lexington Ave between Harlem & Maple","installed1":null,"updated_by":null,"updated_da":null,"Category":"Vertical Deflection"}},{"type":"Feature","id":292,"geometry":{"type":"Point","coordinates":[-87.7867040101131,41.9006625071824]},"properties":{"FID":292,"type":"Speed Cushion","notes":null,"material":null,"installed_":null,"Status":null,"Location":"Elmwood Between Thomas and Division","installed1":null,"updated_by":null,"updated_da":null,"Category":"Vertical Deflection"}}]}
