{"type":"FeatureCollection","features":[{"type":"Feature","geometry":{"type":"LineString","coordinates":[[-87.8011877383034,41.9088597216382],[-87.801121255451,41.9071326166035]]},"properties":{"project_type":"Resurfacing","program":"2026 Capital Improvements (web map 525f3c4a968c4e1f8f3eeeda2f8d6eac)","source_layer":"https://services5.arcgis.com/aymthbPDQOcCnuwg/arcgis/rest/services/2026_CIP_/FeatureServer/0","source_object_id":1,"name":"","alley_id":null,"build_year":null,"length_ft":null}},{"type":"Feature","geometry":{"type":"LineString","coordinates":[[-87.7937502040156,41.9055397212097],[-87.7936779342049,41.903624280518],[-87.7936308418197,41.9017183921495]]},"properties":{"project_type":"Resurfacing","program":"2026 Capital Improvements (web map 525f3c4a968c4e1f8f3eeeda2f8d6eac)","source_layer":"https://services5.arcgis.com/aymthbPDQOcCnuwg/arcgis/rest/services/2026_CIP_/FeatureServer/0","source_object_id":2,"name":"","alley_id":null,"build_year":null,"length_ft":null}},{"type":"Feature","geometry":{"type":"LineString","coordinates":[[-87.803988173097,41.9015501048017],[-87.8039021153435,41.8997383794891],[-87.8038413650104,41.8978950206166]]},"properties":{"project_type":"Resurfacing","program":"2026 Capital Improvements (web map 525f3c4a968c4e1f8f3eeeda2f8d6eac)","source_layer":"https://services5.arcgis.com/aymthbPDQOcCnuwg/arcgis/rest/services/2026_CIP_/FeatureServer/0","source_object_id":3,"name":"","alley_id":null,"build_year":null,"length_ft":null}},{"type":"Feature","geometry":{"type":"LineString","coordinates":[[-87.8053054503322,41.8978733454765],[-87.8038530097267,41.8978945908256],[-87.8007308944016,41.8979413526997],[-87.799249556223,41.8979887965787],[-87.7977785376612,41.898012134935],[-87.7962787097254,41.8980401491423],[-87.7947578378699,41.8980716680348]]},"properties":{"project_type":"Resurfacing","program":"2026 Capital Improvements (web map 525f3c4a968c4e1f8f3eeeda2f8d6eac)","source_layer":"https://services5.arcgis.com/aymthbPDQOcCnuwg/arcgis/rest/services/2026_CIP_/FeatureServer/0","source_object_id":4,"name":"","alley_id":null,"build_year":null,"length_ft":null}},{"type":"Feature","geometry":{"type":"LineString","coordinates":[[-87.7913706166823,41.8963004048102],[-87.7898278614406,41.8963179889657],[-87.7881962558614,41.8963434209831]]},"properties":{"project_type":"Resurfacing","program":"2026 Capital Improvements (web map 525f3c4a968c4e1f8f3eeeda2f8d6eac)","source_layer":"https://services5.arcgis.com/aymthbPDQOcCnuwg/arcgis/rest/services/2026_CIP_/FeatureServer/0","source_object_id":5,"name":"","alley_id":null,"build_year":null,"length_ft":null}},{"type":"Feature","geometry":{"type":"LineString","coordinates":[[-87.7849299407005,41.8963935388873],[-87.7833174307661,41.8964176665642],[-87.781676510497,41.896441635118]]},"properties":{"project_type":"Resurfacing","program":"2026 Capital Improvements (web map 525f3c4a968c4e1f8f3eeeda2f8d6eac)","source_layer":"https://services5.arcgis.com/aymthbPDQOcCnuwg/arcgis/rest/services/2026_CIP_/FeatureServer/0","source_object_id":6,"name":"","alley_id":null,"build_year":null,"length_ft":null}},{"type":"Feature","geometry":{"type":"LineString","coordinates":[[-87.7802409367417,41.9019146499451],[-87.7800995069338,41.8982086596591],[-87.7800625823549,41.896459470909]]},"properties":{"project_type":"Resurfacing","program":"2026 Capital Improvements (web map 525f3c4a968c4e1f8f3eeeda2f8d6eac)","source_layer":"https://services5.arcgis.com/aymthbPDQOcCnuwg/arcgis/rest/services/2026_CIP_/FeatureServer/0","source_object_id":7,"name":"","alley_id":null,"build_year":null,"length_ft":null}},{"type":"Feature","geometry":{"type":"LineString","coordinates":[[-87.786415156149,41.8916963143234],[-87.7831587320178,41.8917364579854],[-87.7815463400468,41.8917605615136],[-87.7799054113041,41.8917858526886],[-87.7782754212575,41.8918096156939]]},"properties":{"project_type":"Resurfacing","program":"2026 Capital Improvements (web map 525f3c4a968c4e1f8f3eeeda2f8d6eac)","source_layer":"https://services5.arcgis.com/aymthbPDQOcCnuwg/arcgis/rest/services/2026_CIP_/FeatureServer/0","source_object_id":8,"name":"","alley_id":null,"build_year":null,"length_ft":null}},{"type":"Feature","geometry":{"type":"LineString","coordinates":[[-87.7879184128308,41.886925985829],[-87.7878675159852,41.8851341991768],[-87.7878084448251,41.8833705439518],[-87.7877751336362,41.8823107791286]]},"properties":{"project_type":"Resurfacing","program":"2026 Capital Improvements (web map 525f3c4a968c4e1f8f3eeeda2f8d6eac)","source_layer":"https://services5.arcgis.com/aymthbPDQOcCnuwg/arcgis/rest/services/2026_CIP_/FeatureServer/0","source_object_id":9,"name":"","alley_id":null,"build_year":null,"length_ft":null}},{"type":"Feature","geometry":{"type":"LineString","coordinates":[[-87.7894525594137,41.8833527220182],[-87.788633021101,41.8833640202793],[-87.7878084448251,41.8833705439518]]},"properties":{"project_type":"Resurfacing","program":"2026 Capital Improvements (web map 525f3c4a968c4e1f8f3eeeda2f8d6eac)","source_layer":"https://services5.arcgis.com/aymthbPDQOcCnuwg/arcgis/rest/services/2026_CIP_/FeatureServer/0","source_object_id":10,"name":"","alley_id":null,"build_year":null,"length_ft":null}},{"type":"Feature","geometry":{"type":"LineString","coordinates":[[-87.7954145442452,41.878337211781],[-87.7973325494043,41.878309113349],[-87.7998128429537,41.8782588847102],[-87.8022600672859,41.8782084504772]]},"properties":{"project_type":"Resurfacing","program":"2026 Capital Improvements (web map 525f3c4a968c4e1f8f3eeeda2f8d6eac)","source_layer":"https://services5.arcgis.com/aymthbPDQOcCnuwg/arcgis/rest/services/2026_CIP_/FeatureServer/0","source_object_id":11,"name":"","alley_id":null,"build_year":null,"length_ft":null}},{"type":"Feature","geometry":{"type":"LineString","coordinates":[[-87.8046576943335,41.8781577348784],[-87.8038182559681,41.8781841469614]]},"properties":{"project_type":"Resurfacing","program":"2026 Capital Improvements (web map 525f3c4a968c4e1f8f3eeeda2f8d6eac)","source_layer":"https://services5.arcgis.com/aymthbPDQOcCnuwg/arcgis/rest/services/2026_CIP_/FeatureServer/0","source_object_id":12,"name":"","alley_id":null,"build_year":null,"length_ft":null}},{"type":"Feature","geometry":{"type":"LineString","coordinates":[[-87.7962730599027,41.87966228001],[-87.7962125029798,41.878048862426],[-87.7961798493177,41.8768942120091],[-87.7961380432533,41.8754754736526],[-87.7960790148274,41.8740417653693],[-87.7960579597729,41.873070601021]]},"properties":{"project_type":"Resurfacing","program":"2026 Capital Improvements (web map 525f3c4a968c4e1f8f3eeeda2f8d6eac)","source_layer":"https://services5.arcgis.com/aymthbPDQOcCnuwg/arcgis/rest/services/2026_CIP_/FeatureServer/0","source_object_id":13,"name":"","alley_id":null,"build_year":null,"length_ft":null}},{"type":"Feature","geometry":{"type":"LineString","coordinates":[[-87.7986666060469,41.8754134262776],[-87.7986020388621,41.8734936819591]]},"properties":{"project_type":"Resurfacing","program":"2026 Capital Improvements (web map 525f3c4a968c4e1f8f3eeeda2f8d6eac)","source_layer":"https://services5.arcgis.com/aymthbPDQOcCnuwg/arcgis/rest/services/2026_CIP_/FeatureServer/0","source_object_id":14,"name":"","alley_id":null,"build_year":null,"length_ft":null}},{"type":"Feature","geometry":{"type":"LineString","coordinates":[[-87.7891644297524,41.874374941762],[-87.787935952085,41.8743862748483],[-87.7867188808439,41.8744062293648],[-87.7855132167574,41.8744348047769],[-87.7842772851218,41.8744584185907]]},"properties":{"project_type":"Resurfacing","program":"2026 Capital Improvements (web map 525f3c4a968c4e1f8f3eeeda2f8d6eac)","source_layer":"https://services5.arcgis.com/aymthbPDQOcCnuwg/arcgis/rest/services/2026_CIP_/FeatureServer/0","source_object_id":15,"name":"","alley_id":null,"build_year":null,"length_ft":null}},{"type":"Feature","geometry":{"type":"LineString","coordinates":[[-87.7978637908461,41.8705633153472],[-87.7977989780256,41.86870110533],[-87.7977420598077,41.8668835490304],[-87.7976678898699,41.8651022505374]]},"properties":{"project_type":"Resurfacing","program":"2026 Capital Improvements (web map 525f3c4a968c4e1f8f3eeeda2f8d6eac)","source_layer":"https://services5.arcgis.com/aymthbPDQOcCnuwg/arcgis/rest/services/2026_CIP_/FeatureServer/0","source_object_id":16,"name":"","alley_id":null,"build_year":null,"length_ft":null}},{"type":"Feature","geometry":{"type":"LineString","coordinates":[[-87.7913715332901,41.867018403315],[-87.7913060785886,41.8652004601955]]},"properties":{"project_type":"Resurfacing","program":"2026 Capital Improvements (web map 525f3c4a968c4e1f8f3eeeda2f8d6eac)","source_layer":"https://services5.arcgis.com/aymthbPDQOcCnuwg/arcgis/rest/services/2026_CIP_/FeatureServer/0","source_object_id":17,"name":"","alley_id":null,"build_year":null,"length_ft":null}},{"type":"Feature","geometry":{"type":"LineString","coordinates":[[-87.7779482086873,41.8690787373938],[-87.7767427150444,41.8690986423029],[-87.7754913799407,41.8691097316128],[-87.7748485698782,41.8691066075057],[-87.774286185461,41.8690952910347]]},"properties":{"project_type":"Resurfacing","program":"2026 Capital Improvements (web map 525f3c4a968c4e1f8f3eeeda2f8d6eac)","source_layer":"https://services5.arcgis.com/aymthbPDQOcCnuwg/arcgis/rest/services/2026_CIP_/FeatureServer/0","source_object_id":18,"name":"","alley_id":null,"build_year":null,"length_ft":null}},{"type":"Feature","geometry":{"type":"LineString","coordinates":[[-87.7754913799407,41.8691097316128],[-87.775415589853,41.8672646165285],[-87.7753509833403,41.8654538754192]]},"properties":{"project_type":"Resurfacing","program":"2026 Capital Improvements (web map 525f3c4a968c4e1f8f3eeeda2f8d6eac)","source_layer":"https://services5.arcgis.com/aymthbPDQOcCnuwg/arcgis/rest/services/2026_CIP_/FeatureServer/0","source_object_id":19,"name":"","alley_id":null,"build_year":null,"length_ft":null}},{"type":"Feature","geometry":{"type":"LineString","coordinates":[[-87.7928104797017,41.8929705802243],[-87.7927045441129,41.8892214486886]]},"properties":{"project_type":"Resurfacing","program":"2026 Capital Improvements (web map 525f3c4a968c4e1f8f3eeeda2f8d6eac)","source_layer":"https://services5.arcgis.com/aymthbPDQOcCnuwg/arcgis/rest/services/2026_CIP_/FeatureServer/0","source_object_id":20,"name":"","alley_id":null,"build_year":null,"length_ft":null}},{"type":"Feature","geometry":{"type":"LineString","coordinates":[[-87.7962787097254,41.8980401491423],[-87.7961685710611,41.8945128132068]]},"properties":{"project_type":"Resurfacing","program":"2026 Capital Improvements (web map 525f3c4a968c4e1f8f3eeeda2f8d6eac)","source_layer":"https://services5.arcgis.com/aymthbPDQOcCnuwg/arcgis/rest/services/2026_CIP_/FeatureServer/0","source_object_id":21,"name":"","alley_id":null,"build_year":null,"length_ft":null}},{"type":"Feature","geometry":{"type":"Point","coordinates":[-87.7950088538422,41.9071880721095]},"properties":{"project_type":"RRFBs","program":"2026 Capital Improvements (web map 525f3c4a968c4e1f8f3eeeda2f8d6eac)","source_layer":"https://services5.arcgis.com/aymthbPDQOcCnuwg/arcgis/rest/services/2026_CIP_/FeatureServer/1","source_object_id":1,"name":"LeMoyne Pkwy & Oak Park Ave","alley_id":null,"build_year":null,"length_ft":null,"contact":null}},{"type":"Feature","geometry":{"type":"Point","coordinates":[-87.7833119606338,41.9073413113177]},"properties":{"project_type":"RRFBs","program":"2026 Capital Improvements (web map 525f3c4a968c4e1f8f3eeeda2f8d6eac)","source_layer":"https://services5.arcgis.com/aymthbPDQOcCnuwg/arcgis/rest/services/2026_CIP_/FeatureServer/1","source_object_id":2,"name":"LeMoyne Pkwy & Ridgeland Ave","alley_id":null,"build_year":null,"length_ft":null,"contact":null}},{"type":"Feature","geometry":{"type":"Point","coordinates":[-87.803988173097,41.9015501048017]},"properties":{"project_type":"RRFBs","program":"2026 Capital Improvements (web map 525f3c4a968c4e1f8f3eeeda2f8d6eac)","source_layer":"https://services5.arcgis.com/aymthbPDQOcCnuwg/arcgis/rest/services/2026_CIP_/FeatureServer/1","source_object_id":3,"name":"Division St & Marion St","alley_id":null,"build_year":null,"length_ft":null,"contact":null}},{"type":"Feature","geometry":{"type":"Point","coordinates":[-87.7948134564463,41.8998233112077]},"properties":{"project_type":"RRFBs","program":"2026 Capital Improvements (web map 525f3c4a968c4e1f8f3eeeda2f8d6eac)","source_layer":"https://services5.arcgis.com/aymthbPDQOcCnuwg/arcgis/rest/services/2026_CIP_/FeatureServer/1","source_object_id":4,"name":"Oak Park Ave & Thomas St","alley_id":null,"build_year":null,"length_ft":null,"contact":null}},{"type":"Feature","geometry":{"type":"Point","coordinates":[-87.7850618042532,41.899885015263]},"properties":{"project_type":"RRFBs","program":"2026 Capital Improvements (web map 525f3c4a968c4e1f8f3eeeda2f8d6eac)","source_layer":"https://services5.arcgis.com/aymthbPDQOcCnuwg/arcgis/rest/services/2026_CIP_/FeatureServer/1","source_object_id":5,"name":"Ridgeland Ave & Thomas St","alley_id":null,"build_year":null,"length_ft":null,"contact":null}},{"type":"Feature","geometry":{"type":"Point","coordinates":[-87.7882563608449,41.8981746340455]},"properties":{"project_type":"RRFBs","program":"2026 Capital Improvements (web map 525f3c4a968c4e1f8f3eeeda2f8d6eac)","source_layer":"https://services5.arcgis.com/aymthbPDQOcCnuwg/arcgis/rest/services/2026_CIP_/FeatureServer/1","source_object_id":6,"name":"Fair Oaks Ave & Augusta St","alley_id":null,"build_year":null,"length_ft":null,"contact":null}},{"type":"Feature","geometry":{"type":"Point","coordinates":[-87.7847840413848,41.8917164333519]},"properties":{"project_type":"RRFBs","program":"2026 Capital Improvements (web map 525f3c4a968c4e1f8f3eeeda2f8d6eac)","source_layer":"https://services5.arcgis.com/aymthbPDQOcCnuwg/arcgis/rest/services/2026_CIP_/FeatureServer/1","source_object_id":7,"name":"Ridgeland Ave & Erie St","alley_id":null,"build_year":null,"length_ft":null,"contact":null}},{"type":"Feature","geometry":{"type":"Point","coordinates":[-87.7846043733454,41.8852010322183]},"properties":{"project_type":"RRFBs","program":"2026 Capital Improvements (web map 525f3c4a968c4e1f8f3eeeda2f8d6eac)","source_layer":"https://services5.arcgis.com/aymthbPDQOcCnuwg/arcgis/rest/services/2026_CIP_/FeatureServer/1","source_object_id":8,"name":"Ridgeland Ave & Erie St","alley_id":null,"build_year":null,"length_ft":null,"contact":null}},{"type":"Feature","geometry":{"type":"Point","coordinates":[-87.7840343829272,41.8671641013877]},"properties":{"project_type":"RRFBs","program":"2026 Capital Improvements (web map 525f3c4a968c4e1f8f3eeeda2f8d6eac)","source_layer":"https://services5.arcgis.com/aymthbPDQOcCnuwg/arcgis/rest/services/2026_CIP_/FeatureServer/1","source_object_id":9,"name":"Fillmore St & Ridgeland Ave","alley_id":null,"build_year":null,"length_ft":null,"contact":null}},{"type":"Feature","geometry":{"type":"Point","coordinates":[-87.7938055977499,41.8669829638704]},"properties":{"project_type":"RRFBs","program":"2026 Capital Improvements (web map 525f3c4a968c4e1f8f3eeeda2f8d6eac)","source_layer":"https://services5.arcgis.com/aymthbPDQOcCnuwg/arcgis/rest/services/2026_CIP_/FeatureServer/1","source_object_id":10,"name":"Oak Park Ave & Fillmoe St","alley_id":null,"build_year":null,"length_ft":null,"contact":null}},{"type":"Feature","geometry":{"type":"Point","coordinates":[-87.7842772851218,41.8744584185907]},"properties":{"project_type":"RRFBs","program":"2026 Capital Improvements (web map 525f3c4a968c4e1f8f3eeeda2f8d6eac)","source_layer":"https://services5.arcgis.com/aymthbPDQOcCnuwg/arcgis/rest/services/2026_CIP_/FeatureServer/1","source_object_id":11,"name":"Ridgeland Ave & Van Buren St","alley_id":null,"build_year":null,"length_ft":null,"contact":null}},{"type":"Feature","geometry":{"type":"LineString","coordinates":[[-87.7937502040156,41.9055397212097],[-87.7938324493044,41.9089617340298]]},"properties":{"project_type":"Water & Sewer Improvements","program":"2026 Capital Improvements (web map 525f3c4a968c4e1f8f3eeeda2f8d6eac)","source_layer":"https://services5.arcgis.com/aymthbPDQOcCnuwg/arcgis/rest/services/2026_CIP_/FeatureServer/2","source_object_id":2,"name":"","alley_id":null,"build_year":null,"length_ft":null,"contact":null}},{"type":"Feature","geometry":{"type":"LineString","coordinates":[[-87.7877992867666,41.8702070610008],[-87.7877573697182,41.8689179898734],[-87.7876976461095,41.8670943608468]]},"properties":{"project_type":"Water & Sewer Improvements","program":"2026 Capital Improvements (web map 525f3c4a968c4e1f8f3eeeda2f8d6eac)","source_layer":"https://services5.arcgis.com/aymthbPDQOcCnuwg/arcgis/rest/services/2026_CIP_/FeatureServer/2","source_object_id":7,"name":"","alley_id":null,"build_year":null,"length_ft":null,"contact":null}},{"type":"Feature","geometry":{"type":"MultiLineString","coordinates":[[[-87.7944414218508,41.8868804947872],[-87.7951251149397,41.8868659201673]],[[-87.7944414218508,41.8868804947872],[-87.7943497741201,41.8832867720656]],[[-87.7944414218508,41.8868804947872],[-87.7942031156401,41.8868861972655]],[[-87.7944572366724,41.8873055108687],[-87.7946982122731,41.8872961956067]],[[-87.7944572366724,41.8873055108687],[-87.7944430441388,41.886944089994],[-87.7944414218508,41.8868804947872]],[[-87.7944572366724,41.8873055108687],[-87.7939737642329,41.8873138823313],[-87.7939760144405,41.8876055921564]],[[-87.7945013166978,41.8884283105473],[-87.7944567864029,41.8869437358203],[-87.7944572366724,41.8873055108687]]]},"properties":{"project_type":"Oak Park Ave Streetscape","program":"2026 Capital Improvements (web map 525f3c4a968c4e1f8f3eeeda2f8d6eac)","source_layer":"https://services5.arcgis.com/aymthbPDQOcCnuwg/arcgis/rest/services/2026_CIP_/FeatureServer/4","source_object_id":1,"name":"Oak Park Ave Streetscape","alley_id":null,"build_year":null,"length_ft":null,"contact":null}},{"type":"Feature","geometry":{"type":"LineString","coordinates":[[-87.7945242540531,41.8888284267474],[-87.7945493085634,41.8901730801716]]},"properties":{"project_type":"Oak Park Ave Streetscape","program":"2026 Capital Improvements (web map 525f3c4a968c4e1f8f3eeeda2f8d6eac)","source_layer":"https://services5.arcgis.com/aymthbPDQOcCnuwg/arcgis/rest/services/2026_CIP_/FeatureServer/4","source_object_id":2,"name":"","alley_id":null,"build_year":null,"length_ft":null,"contact":null}},{"type":"Feature","geometry":{"type":"LineString","coordinates":[[-87.7964250345809,41.8851493173806],[-87.7964219810896,41.8850411851199],[-87.7964052753302,41.8844310875127],[-87.7963932853823,41.8840472753946],[-87.7963692893775,41.8834070556196]]},"properties":{"project_type":"Alley Improvements","program":"2026 Capital Improvements (web map 525f3c4a968c4e1f8f3eeeda2f8d6eac)","source_layer":"https://services5.arcgis.com/aymthbPDQOcCnuwg/arcgis/rest/services/2026_CIP_/FeatureServer/5","source_object_id":1,"name":"454","alley_id":"454","build_year":null,"length_ft":null,"feature_id":"0262496"}},{"type":"Feature","geometry":{"type":"LineString","coordinates":[[-87.7903247795594,41.8851125422114],[-87.7903206797504,41.8849331613691],[-87.7903077193691,41.884447065884],[-87.7902902900916,41.8838685777413],[-87.7902820224428,41.8834831909263],[-87.7902751541415,41.8833380424504]]},"properties":{"project_type":"Alley Improvements","program":"2026 Capital Improvements (web map 525f3c4a968c4e1f8f3eeeda2f8d6eac)","source_layer":"https://services5.arcgis.com/aymthbPDQOcCnuwg/arcgis/rest/services/2026_CIP_/FeatureServer/5","source_object_id":2,"name":"438","alley_id":"438","build_year":null,"length_ft":null,"feature_id":"0262571"}},{"type":"Feature","geometry":{"type":"LineString","coordinates":[[-87.7948512697134,41.8792718540789],[-87.7948310894435,41.8788019515065],[-87.7948148097654,41.8783792052293],[-87.7948038934805,41.8780393056518],[-87.794799948351,41.8779301344535]]},"properties":{"project_type":"Alley Improvements","program":"2026 Capital Improvements (web map 525f3c4a968c4e1f8f3eeeda2f8d6eac)","source_layer":"https://services5.arcgis.com/aymthbPDQOcCnuwg/arcgis/rest/services/2026_CIP_/FeatureServer/5","source_object_id":3,"name":"563","alley_id":"563","build_year":null,"length_ft":null,"feature_id":"0262595"}},{"type":"Feature","geometry":{"type":"LineString","coordinates":[[-87.7935351276348,41.88331176242],[-87.7935286380738,41.8831325240712],[-87.7935114656721,41.8825375445072],[-87.7934975349452,41.8820722734632],[-87.7934819721575,41.8815696948336]]},"properties":{"project_type":"Alley Improvements","program":"2026 Capital Improvements (web map 525f3c4a968c4e1f8f3eeeda2f8d6eac)","source_layer":"https://services5.arcgis.com/aymthbPDQOcCnuwg/arcgis/rest/services/2026_CIP_/FeatureServer/5","source_object_id":4,"name":"445","alley_id":"445","build_year":null,"length_ft":null,"feature_id":"0262684"}},{"type":"Feature","geometry":{"type":"LineString","coordinates":[[-87.7758769635465,41.8927009119193],[-87.7757234604708,41.8927035825598],[-87.7754427098946,41.8927078172428],[-87.7753272144362,41.8927094953977],[-87.7750690558776,41.8927132461853]]},"properties":{"project_type":"Alley Improvements","program":"2026 Capital Improvements (web map 525f3c4a968c4e1f8f3eeeda2f8d6eac)","source_layer":"https://services5.arcgis.com/aymthbPDQOcCnuwg/arcgis/rest/services/2026_CIP_/FeatureServer/5","source_object_id":5,"name":"303-E","alley_id":"303-E","build_year":null,"length_ft":null,"feature_id":"0262559"}},{"type":"Feature","geometry":{"type":"LineString","coordinates":[[-87.778865905871,41.8839931264659],[-87.7788610939823,41.8838424768247],[-87.7788422204008,41.8834260005848],[-87.7788306591578,41.8830005310347],[-87.7788239896427,41.8825911801036]]},"properties":{"project_type":"Alley Improvements","program":"2026 Capital Improvements (web map 525f3c4a968c4e1f8f3eeeda2f8d6eac)","source_layer":"https://services5.arcgis.com/aymthbPDQOcCnuwg/arcgis/rest/services/2026_CIP_/FeatureServer/5","source_object_id":6,"name":"410","alley_id":"410","build_year":null,"length_ft":null,"feature_id":"0262653"}},{"type":"Feature","geometry":{"type":"LineString","coordinates":[[-87.7944711958909,41.8669749666257],[-87.7944668774387,41.8668487323974],[-87.7944526944941,41.8664129323632],[-87.7944260007127,41.8656264367889]]},"properties":{"project_type":"Alley Improvements","program":"2026 Capital Improvements (web map 525f3c4a968c4e1f8f3eeeda2f8d6eac)","source_layer":"https://services5.arcgis.com/aymthbPDQOcCnuwg/arcgis/rest/services/2026_CIP_/FeatureServer/5","source_object_id":7,"name":"663","alley_id":"663","build_year":null,"length_ft":null,"feature_id":"0262854"}},{"type":"Feature","geometry":{"type":"LineString","coordinates":[[-87.7950702791078,41.8656181819913],[-87.7949926136198,41.8656190254422],[-87.7946406757114,41.8656245651878],[-87.7944260007127,41.8656264367889]]},"properties":{"project_type":"Alley Improvements","program":"2026 Capital Improvements (web map 525f3c4a968c4e1f8f3eeeda2f8d6eac)","source_layer":"https://services5.arcgis.com/aymthbPDQOcCnuwg/arcgis/rest/services/2026_CIP_/FeatureServer/5","source_object_id":8,"name":"663-S","alley_id":"663-S","build_year":null,"length_ft":null,"feature_id":"0263005"}},{"type":"Feature","geometry":{"type":"LineString","coordinates":[[-87.7896644261798,41.8707140565827],[-87.7896593030164,41.8705781614158],[-87.7896434034831,41.870088757634],[-87.7896309401256,41.8696358138172],[-87.7896084883863,41.8689968168781],[-87.7896040285652,41.8688866501693]]},"properties":{"project_type":"Alley Improvements","program":"2026 Capital Improvements (web map 525f3c4a968c4e1f8f3eeeda2f8d6eac)","source_layer":"https://services5.arcgis.com/aymthbPDQOcCnuwg/arcgis/rest/services/2026_CIP_/FeatureServer/5","source_object_id":9,"name":"645","alley_id":"645","build_year":null,"length_ft":null,"feature_id":"0263114"}},{"type":"Feature","geometry":{"type":"LineString","coordinates":[[-87.7944260007127,41.8656264367889],[-87.7942885382318,41.8656276330843],[-87.7940064158613,41.8656345962504],[-87.7937660196477,41.8656391147863]]},"properties":{"project_type":"Alley Improvements","program":"2026 Capital Improvements (web map 525f3c4a968c4e1f8f3eeeda2f8d6eac)","source_layer":"https://services5.arcgis.com/aymthbPDQOcCnuwg/arcgis/rest/services/2026_CIP_/FeatureServer/5","source_object_id":10,"name":"663-S","alley_id":"663-S","build_year":null,"length_ft":null,"feature_id":"0262932"}},{"type":"Feature","geometry":{"type":"LineString","coordinates":[[-87.7820707921943,41.9019133124995],[-87.7820600899393,41.9018067570938],[-87.7820483779443,41.9014815081904],[-87.7820320356733,41.900972866769],[-87.7820197408566,41.9006513471876],[-87.7820051503404,41.9002807220646],[-87.7819896178634,41.8999384843297]]},"properties":{"project_type":"Alley Improvements","program":"2026 Capital Improvements (web map 525f3c4a968c4e1f8f3eeeda2f8d6eac)","source_layer":"https://services5.arcgis.com/aymthbPDQOcCnuwg/arcgis/rest/services/2026_CIP_/FeatureServer/5","source_object_id":11,"name":"221","alley_id":"221","build_year":null,"length_ft":null,"feature_id":"0263123"}},{"type":"Feature","geometry":{"type":"LineString","coordinates":[[-87.7784843099005,41.9038794149885],[-87.7784809859047,41.9037563169838],[-87.7784618280854,41.9032536441287],[-87.7784448711439,41.9027513660558],[-87.7784232498082,41.9020538674936],[-87.7784183760568,41.9019646835308]]},"properties":{"project_type":"Alley Improvements","program":"2026 Capital Improvements (web map 525f3c4a968c4e1f8f3eeeda2f8d6eac)","source_layer":"https://services5.arcgis.com/aymthbPDQOcCnuwg/arcgis/rest/services/2026_CIP_/FeatureServer/5","source_object_id":12,"name":"106","alley_id":"106","build_year":null,"length_ft":null,"feature_id":"0263038"}},{"type":"Feature","geometry":{"type":"LineString","coordinates":[[-87.7759009992316,41.893227569097],[-87.7758999071466,41.8931846273276],[-87.7758947464359,41.893043163851],[-87.7758900930395,41.8928391340278],[-87.7758850155874,41.8927007719444],[-87.7758769635465,41.8927009119193]]},"properties":{"project_type":"Alley Improvements","program":"2026 Capital Improvements (web map 525f3c4a968c4e1f8f3eeeda2f8d6eac)","source_layer":"https://services5.arcgis.com/aymthbPDQOcCnuwg/arcgis/rest/services/2026_CIP_/FeatureServer/5","source_object_id":13,"name":"303","alley_id":"303","build_year":null,"length_ft":null,"feature_id":"026297634"}},{"type":"Feature","geometry":{"type":"LineString","coordinates":[[-87.7996438650447,41.8734909516919],[-87.7996846933748,41.8745731873323],[-87.7997067226376,41.8754106992224]]},"properties":{"project_type":"Sewer Lining","program":"2026 Capital Improvements (web map 525f3c4a968c4e1f8f3eeeda2f8d6eac)","source_layer":"https://services5.arcgis.com/aymthbPDQOcCnuwg/arcgis/rest/services/SewerLining/FeatureServer/0","source_object_id":1,"name":"","alley_id":null,"build_year":null,"length_ft":699.8,"contact":null}},{"type":"Feature","geometry":{"type":"LineString","coordinates":[[-87.7743627923208,41.8703937505894],[-87.7755411989638,41.8704954432541]]},"properties":{"project_type":"Sewer Lining","program":"2026 Capital Improvements (web map 525f3c4a968c4e1f8f3eeeda2f8d6eac)","source_layer":"https://services5.arcgis.com/aymthbPDQOcCnuwg/arcgis/rest/services/SewerLining/FeatureServer/0","source_object_id":2,"name":"","alley_id":null,"build_year":null,"length_ft":323.1,"contact":null}},{"type":"Feature","geometry":{"type":"LineString","coordinates":[[-87.7978637908461,41.8705633153472],[-87.7978016215863,41.8687770671981]]},"properties":{"project_type":"Sewer Lining","program":"2026 Capital Improvements (web map 525f3c4a968c4e1f8f3eeeda2f8d6eac)","source_layer":"https://services5.arcgis.com/aymthbPDQOcCnuwg/arcgis/rest/services/SewerLining/FeatureServer/0","source_object_id":3,"name":"","alley_id":null,"build_year":null,"length_ft":651.1,"contact":null}},{"type":"Feature","geometry":{"type":"LineString","coordinates":[[-87.7807066391365,41.9058161723463],[-87.7781074214934,41.90585609512]]},"properties":{"project_type":"Sewer Lining","program":"2026 Capital Improvements (web map 525f3c4a968c4e1f8f3eeeda2f8d6eac)","source_layer":"https://services5.arcgis.com/aymthbPDQOcCnuwg/arcgis/rest/services/SewerLining/FeatureServer/0","source_object_id":4,"name":"","alley_id":null,"build_year":null,"length_ft":707.7,"contact":null}},{"type":"Feature","geometry":{"type":"LineString","coordinates":[[-87.7886386078625,41.9056524391824],[-87.7872179948234,41.905680996822]]},"properties":{"project_type":"Sewer Lining","program":"2026 Capital Improvements (web map 525f3c4a968c4e1f8f3eeeda2f8d6eac)","source_layer":"https://services5.arcgis.com/aymthbPDQOcCnuwg/arcgis/rest/services/SewerLining/FeatureServer/0","source_object_id":5,"name":"","alley_id":null,"build_year":null,"length_ft":386.9,"contact":null}},{"type":"Feature","geometry":{"type":"LineString","coordinates":[[-87.7903410172641,41.8725536080477],[-87.7891185422273,41.8725669395597]]},"properties":{"project_type":"Sewer Lining","program":"2026 Capital Improvements (web map 525f3c4a968c4e1f8f3eeeda2f8d6eac)","source_layer":"https://services5.arcgis.com/aymthbPDQOcCnuwg/arcgis/rest/services/SewerLining/FeatureServer/0","source_object_id":6,"name":"","alley_id":null,"build_year":null,"length_ft":333.0,"contact":null}},{"type":"Feature","geometry":{"type":"LineString","coordinates":[[-87.781683395225,41.870808458388],[-87.7804702418935,41.8708140636121]]},"properties":{"project_type":"Sewer Lining","program":"2026 Capital Improvements (web map 525f3c4a968c4e1f8f3eeeda2f8d6eac)","source_layer":"https://services5.arcgis.com/aymthbPDQOcCnuwg/arcgis/rest/services/SewerLining/FeatureServer/0","source_object_id":7,"name":"","alley_id":null,"build_year":null,"length_ft":330.4,"contact":null}},{"type":"Feature","geometry":{"type":"LineString","coordinates":[[-87.7996437334401,41.873490960643],[-87.7988982625615,41.8734884357498],[-87.798627993703,41.8734735816209],[-87.7978888718041,41.8733607487914],[-87.7952271660939,41.8729498039399]]},"properties":{"project_type":"Proposed Neighborhood Greenways","program":"2026 Capital Improvements (web map 525f3c4a968c4e1f8f3eeeda2f8d6eac)","source_layer":"https://services5.arcgis.com/aymthbPDQOcCnuwg/arcgis/rest/services/Proposed_Neighborhood_Greenways/FeatureServer/0","source_object_id":1,"name":"Harrison: Home to Grove","alley_id":null,"build_year":2026,"length_ft":1222.5,"speed_20":"No","park_zone":"No"}},{"type":"Feature","geometry":{"type":"LineString","coordinates":[[-87.7952271660939,41.8729498039399],[-87.7952517783629,41.8742661808274]]},"properties":{"project_type":"Proposed Neighborhood Greenways","program":"2026 Capital Improvements (web map 525f3c4a968c4e1f8f3eeeda2f8d6eac)","source_layer":"https://services5.arcgis.com/aymthbPDQOcCnuwg/arcgis/rest/services/Proposed_Neighborhood_Greenways/FeatureServer/0","source_object_id":2,"name":"Grove: Harrison to Van Buren","alley_id":null,"build_year":2026,"length_ft":479.7,"speed_20":"No","park_zone":"No"}},{"type":"Feature","geometry":{"type":"LineString","coordinates":[[-87.7879433762695,41.8743855444676],[-87.7756978383031,41.8745844995573]]},"properties":{"project_type":"Proposed Neighborhood Greenways","program":"2026 Capital Improvements (web map 525f3c4a968c4e1f8f3eeeda2f8d6eac)","source_layer":"https://services5.arcgis.com/aymthbPDQOcCnuwg/arcgis/rest/services/Proposed_Neighborhood_Greenways/FeatureServer/0","source_object_id":3,"name":"Van Buren: Scoville to Humphrey","alley_id":null,"build_year":2026,"length_ft":3335.9,"speed_20":"No","park_zone":"No"}},{"type":"Feature","geometry":{"type":"LineString","coordinates":[[-87.7952517783629,41.8742661808274],[-87.7891748758989,41.8743654634692]]},"properties":{"project_type":"Proposed Neighborhood Greenways","program":"2026 Capital Improvements (web map 525f3c4a968c4e1f8f3eeeda2f8d6eac)","source_layer":"https://services5.arcgis.com/aymthbPDQOcCnuwg/arcgis/rest/services/Proposed_Neighborhood_Greenways/FeatureServer/0","source_object_id":4,"name":"Van Buren: Grove to East","alley_id":null,"build_year":2026,"length_ft":1655.5,"speed_20":"No","park_zone":"No"}},{"type":"Feature","geometry":{"type":"LineString","coordinates":[[-87.8036901671392,41.8760130303668],[-87.8037408685549,41.8767577832432]]},"properties":{"project_type":"Proposed Neighborhood Greenways","program":"2026 Capital Improvements (web map 525f3c4a968c4e1f8f3eeeda2f8d6eac)","source_layer":"https://services5.arcgis.com/aymthbPDQOcCnuwg/arcgis/rest/services/Proposed_Neighborhood_Greenways/FeatureServer/0","source_object_id":5,"name":"Maple: Jackson to Adams","alley_id":null,"build_year":2026,"length_ft":271.7,"speed_20":"No","park_zone":"No"}},{"type":"Feature","geometry":{"type":"LineString","coordinates":[[-87.8037408685549,41.8767577832432],[-87.7997633158311,41.8768301205896]]},"properties":{"project_type":"Proposed Neighborhood Greenways","program":"2026 Capital Improvements (web map 525f3c4a968c4e1f8f3eeeda2f8d6eac)","source_layer":"https://services5.arcgis.com/aymthbPDQOcCnuwg/arcgis/rest/services/Proposed_Neighborhood_Greenways/FeatureServer/0","source_object_id":6,"name":"Adams: Maple to Home","alley_id":null,"build_year":2026,"length_ft":1083.6,"speed_20":"No","park_zone":"No"}},{"type":"Feature","geometry":{"type":"LineString","coordinates":[[-87.8000694289388,41.8854217716355],[-87.7970693931956,41.8854534193332]]},"properties":{"project_type":"Proposed Neighborhood Greenways","program":"2026 Capital Improvements (web map 525f3c4a968c4e1f8f3eeeda2f8d6eac)","source_layer":"https://services5.arcgis.com/aymthbPDQOcCnuwg/arcgis/rest/services/Proposed_Neighborhood_Greenways/FeatureServer/0","source_object_id":7,"name":"Pleasant: Home to Kenilworth","alley_id":null,"build_year":2026,"length_ft":817.0,"speed_20":"No","park_zone":"No"}},{"type":"Feature","geometry":{"type":"LineString","coordinates":[[-87.7970606392906,41.8851356645656],[-87.7944182889327,41.8851882107052],[-87.7944096373991,41.8850367558475],[-87.7813431207662,41.885257729852]]},"properties":{"project_type":"Proposed Neighborhood Greenways","program":"2026 Capital Improvements (web map 525f3c4a968c4e1f8f3eeeda2f8d6eac)","source_layer":"https://services5.arcgis.com/aymthbPDQOcCnuwg/arcgis/rest/services/Proposed_Neighborhood_Greenways/FeatureServer/0","source_object_id":8,"name":"Pleasant: Kenilworth to Harvey","alley_id":null,"build_year":2026,"length_ft":4334.1,"speed_20":"No","park_zone":"No"}},{"type":"Feature","geometry":{"type":"LineString","coordinates":[[-87.7797181842025,41.8852851059097],[-87.7764636164804,41.885339868012]]},"properties":{"project_type":"Proposed Neighborhood Greenways","program":"2026 Capital Improvements (web map 525f3c4a968c4e1f8f3eeeda2f8d6eac)","source_layer":"https://services5.arcgis.com/aymthbPDQOcCnuwg/arcgis/rest/services/Proposed_Neighborhood_Greenways/FeatureServer/0","source_object_id":9,"name":"Pleasant: Lombard to Humphrey","alley_id":null,"build_year":2026,"length_ft":886.5,"speed_20":"No","park_zone":"No"}},{"type":"Feature","geometry":{"type":"LineString","coordinates":[[-87.8038594664619,41.8978934111376],[-87.8041150959549,41.9052254818681]]},"properties":{"project_type":"Proposed Neighborhood Greenways","program":"2026 Capital Improvements (web map 525f3c4a968c4e1f8f3eeeda2f8d6eac)","source_layer":"https://services5.arcgis.com/aymthbPDQOcCnuwg/arcgis/rest/services/Proposed_Neighborhood_Greenways/FeatureServer/0","source_object_id":10,"name":"Marion: Augusta to Greenfield","alley_id":null,"build_year":2026,"length_ft":2672.8,"speed_20":"No","park_zone":"No"}},{"type":"Feature","geometry":{"type":"LineString","coordinates":[[-87.8027458974422,41.8918663447061],[-87.8028186212892,41.894284904974],[-87.803251060742,41.8942801781711],[-87.8033933624783,41.8979010667179]]},"properties":{"project_type":"Proposed Neighborhood Greenways","program":"2026 Capital Improvements (web map 525f3c4a968c4e1f8f3eeeda2f8d6eac)","source_layer":"https://services5.arcgis.com/aymthbPDQOcCnuwg/arcgis/rest/services/Proposed_Neighborhood_Greenways/FeatureServer/0","source_object_id":11,"name":"Marion: Erie to Augusta","alley_id":null,"build_year":2026,"length_ft":2319.4,"speed_20":"No","park_zone":"No"}},{"type":"Feature","geometry":{"type":"LineString","coordinates":[[-87.783355773164,41.8982283658355],[-87.7752677450297,41.8983594867315]]},"properties":{"project_type":"Proposed Neighborhood Greenways","program":"2026 Capital Improvements (web map 525f3c4a968c4e1f8f3eeeda2f8d6eac)","source_layer":"https://services5.arcgis.com/aymthbPDQOcCnuwg/arcgis/rest/services/Proposed_Neighborhood_Greenways/FeatureServer/0","source_object_id":12,"name":"Augusta: Harlem to Austin","alley_id":null,"build_year":2026,"length_ft":2202.5,"speed_20":"No","park_zone":"No"}},{"type":"Feature","geometry":{"type":"LineString","coordinates":[[-87.8039232935702,41.8997242739549],[-87.7948265228191,41.8998745835516],[-87.7948147816496,41.8997335432624],[-87.788305094951,41.8998358637734]]},"properties":{"project_type":"Proposed Neighborhood Greenways","program":"2026 Capital Improvements (web map 525f3c4a968c4e1f8f3eeeda2f8d6eac)","source_layer":"https://services5.arcgis.com/aymthbPDQOcCnuwg/arcgis/rest/services/Proposed_Neighborhood_Greenways/FeatureServer/0","source_object_id":13,"name":"Thomas: Marion to Humphrey","alley_id":null,"build_year":2026,"length_ft":4301.3,"speed_20":"No","park_zone":"No"}},{"type":"Feature","geometry":{"type":"LineString","coordinates":[[-87.7790260117161,41.901951925908],[-87.7790968417462,41.9038643158624]]},"properties":{"project_type":"Proposed Neighborhood Greenways","program":"2026 Capital Improvements (web map 525f3c4a968c4e1f8f3eeeda2f8d6eac)","source_layer":"https://services5.arcgis.com/aymthbPDQOcCnuwg/arcgis/rest/services/Proposed_Neighborhood_Greenways/FeatureServer/0","source_object_id":14,"name":"Hayes: Division to Berkshire","alley_id":null,"build_year":2026,"length_ft":697.2,"speed_20":"No","park_zone":"No"}},{"type":"Feature","geometry":{"type":"LineString","coordinates":[[-87.7790968417462,41.9038643158624],[-87.7803150187662,41.903847224872]]},"properties":{"project_type":"Proposed Neighborhood Greenways","program":"2026 Capital Improvements (web map 525f3c4a968c4e1f8f3eeeda2f8d6eac)","source_layer":"https://services5.arcgis.com/aymthbPDQOcCnuwg/arcgis/rest/services/Proposed_Neighborhood_Greenways/FeatureServer/0","source_object_id":15,"name":"Berkshire: Lombard to Hayes","alley_id":null,"build_year":2026,"length_ft":331.7,"speed_20":"No","park_zone":"No"}},{"type":"Feature","geometry":{"type":"LineString","coordinates":[[-87.7803150187662,41.903847224872],[-87.780393375457,41.9058187236635],[-87.7807065074061,41.9058161813174],[-87.7808274549903,41.9090812417835]]},"properties":{"project_type":"Proposed Neighborhood Greenways","program":"2026 Capital Improvements (web map 525f3c4a968c4e1f8f3eeeda2f8d6eac)","source_layer":"https://services5.arcgis.com/aymthbPDQOcCnuwg/arcgis/rest/services/Proposed_Neighborhood_Greenways/FeatureServer/0","source_object_id":16,"name":"Lombard: Berkshire to North","alley_id":null,"build_year":2026,"length_ft":1994.3,"speed_20":"No","park_zone":"No"}},{"type":"Feature","geometry":{"type":"LineString","coordinates":[[-87.7972856222196,41.8768751113629],[-87.7953604636907,41.8769100316788],[-87.7953191595508,41.8760694830136]]},"properties":{"project_type":"Proposed Neighborhood Greenways","program":"2026 Capital Improvements (web map 525f3c4a968c4e1f8f3eeeda2f8d6eac)","source_layer":"https://services5.arcgis.com/aymthbPDQOcCnuwg/arcgis/rest/services/Proposed_Neighborhood_Greenways/FeatureServer/0","source_object_id":18,"name":"Adams: Kenilworth to Grove","alley_id":null,"build_year":2026,"length_ft":831.0,"speed_20":"No","park_zone":"No"}},{"type":"Feature","geometry":{"type":"LineString","coordinates":[[-87.7976664321634,41.8943519103484],[-87.7977565948363,41.894351712353],[-87.7977746368735,41.894964251042],[-87.7976703722369,41.8949693270459],[-87.7981047305233,41.9084071741709]]},"properties":{"project_type":"Proposed Neighborhood Greenways","program":"2026 Capital Improvements (web map 525f3c4a968c4e1f8f3eeeda2f8d6eac)","source_layer":"https://services5.arcgis.com/aymthbPDQOcCnuwg/arcgis/rest/services/Proposed_Neighborhood_Greenways/FeatureServer/0","source_object_id":19,"name":"Kenilworth: Chicago to North","alley_id":null,"build_year":2026,"length_ft":5174.5,"speed_20":"No","park_zone":"No"}},{"type":"Feature","geometry":{"type":"LineString","coordinates":[[-87.8041150959549,41.9052254818681],[-87.8041790817254,41.9070605295441]]},"properties":{"project_type":"Proposed Neighborhood Greenways","program":"2026 Capital Improvements (web map 525f3c4a968c4e1f8f3eeeda2f8d6eac)","source_layer":"https://services5.arcgis.com/aymthbPDQOcCnuwg/arcgis/rest/services/Proposed_Neighborhood_Greenways/FeatureServer/0","source_object_id":20,"name":"Marion: Greenfield to Le Moyne","alley_id":null,"build_year":2026,"length_ft":668.9,"speed_20":"No","park_zone":"Yes"}},{"type":"Feature","geometry":{"type":"LineString","coordinates":[[-87.8041790817254,41.9070605295441],[-87.8042222725349,41.9082991275199]]},"properties":{"project_type":"Proposed Neighborhood Greenways","program":"2026 Capital Improvements (web map 525f3c4a968c4e1f8f3eeeda2f8d6eac)","source_layer":"https://services5.arcgis.com/aymthbPDQOcCnuwg/arcgis/rest/services/Proposed_Neighborhood_Greenways/FeatureServer/0","source_object_id":21,"name":"Marion: Le Moyne to North","alley_id":null,"build_year":2026,"length_ft":451.5,"speed_20":"No","park_zone":"No"}},{"type":"Feature","geometry":{"type":"LineString","coordinates":[[-87.8040673837775,41.8854161249072],[-87.8025001752834,41.885458683046]]},"properties":{"project_type":"Proposed Neighborhood Greenways","program":"2026 Capital Improvements (web map 525f3c4a968c4e1f8f3eeeda2f8d6eac)","source_layer":"https://services5.arcgis.com/aymthbPDQOcCnuwg/arcgis/rest/services/Proposed_Neighborhood_Greenways/FeatureServer/0","source_object_id":22,"name":"Pleasant: Maple to Marion","alley_id":null,"build_year":2026,"length_ft":427.0,"speed_20":"No","park_zone":"No"}},{"type":"Feature","geometry":{"type":"LineString","coordinates":[[-87.8025001752834,41.885458683046],[-87.8025041711112,41.8857076589342]]},"properties":{"project_type":"Proposed Neighborhood Greenways","program":"2026 Capital Improvements (web map 525f3c4a968c4e1f8f3eeeda2f8d6eac)","source_layer":"https://services5.arcgis.com/aymthbPDQOcCnuwg/arcgis/rest/services/Proposed_Neighborhood_Greenways/FeatureServer/0","source_object_id":23,"name":"Marion: Pleasant to Pleasant","alley_id":null,"build_year":2026,"length_ft":90.7,"speed_20":"No","park_zone":"Yes"}},{"type":"Feature","geometry":{"type":"LineString","coordinates":[[-87.8025041711112,41.8857076589342],[-87.8000929418491,41.8857508057764]]},"properties":{"project_type":"Proposed Neighborhood Greenways","program":"2026 Capital Improvements (web map 525f3c4a968c4e1f8f3eeeda2f8d6eac)","source_layer":"https://services5.arcgis.com/aymthbPDQOcCnuwg/arcgis/rest/services/Proposed_Neighborhood_Greenways/FeatureServer/0","source_object_id":24,"name":"Pleasant: Marion to Home","alley_id":null,"build_year":2026,"length_ft":656.8,"speed_20":"No","park_zone":"Yes"}},{"type":"Feature","geometry":{"type":"LineString","coordinates":[[-87.8000929418491,41.8857508057764],[-87.8000694289388,41.8854217716355]]},"properties":{"project_type":"Proposed Neighborhood Greenways","program":"2026 Capital Improvements (web map 525f3c4a968c4e1f8f3eeeda2f8d6eac)","source_layer":"https://services5.arcgis.com/aymthbPDQOcCnuwg/arcgis/rest/services/Proposed_Neighborhood_Greenways/FeatureServer/0","source_object_id":25,"name":"Home: Pleasant to Pleasant","alley_id":null,"build_year":2026,"length_ft":120.1,"speed_20":"No","park_zone":"Yes"}},{"type":"Feature","geometry":{"type":"LineString","coordinates":[[-87.7789584276098,41.9001271144439],[-87.7764981728388,41.9001663969985]]},"properties":{"project_type":"Proposed Neighborhood Greenways","program":"2026 Capital Improvements (web map 525f3c4a968c4e1f8f3eeeda2f8d6eac)","source_layer":"https://services5.arcgis.com/aymthbPDQOcCnuwg/arcgis/rest/services/Proposed_Neighborhood_Greenways/FeatureServer/0","source_object_id":26,"name":":","alley_id":null,"build_year":null,"length_ft":669.9,"speed_20":null,"park_zone":null}},{"type":"Feature","geometry":{"type":"LineString","coordinates":[[-87.7880536193654,41.8916638035915],[-87.7783216787022,41.891808925999]]},"properties":{"project_type":"Proposed Neighborhood Greenways","program":"2026 Capital Improvements (web map 525f3c4a968c4e1f8f3eeeda2f8d6eac)","source_layer":"https://services5.arcgis.com/aymthbPDQOcCnuwg/arcgis/rest/services/Proposed_Neighborhood_Greenways/FeatureServer/0","source_object_id":27,"name":":","alley_id":null,"build_year":null,"length_ft":2650.3,"speed_20":null,"park_zone":null}},{"type":"Feature","geometry":{"type":"Point","coordinates":[-87.7995816931595,41.9079738516378]},"properties":{"project_type":"Patch Locations","program":"2026 Capital Improvements (web map 525f3c4a968c4e1f8f3eeeda2f8d6eac)","source_layer":"https://services5.arcgis.com/aymthbPDQOcCnuwg/arcgis/rest/services/PavementPreservationAGOL_gdb/FeatureServer/0","source_object_id":7,"name":"1223 Woodbine Ave","alley_id":null,"build_year":null,"length_ft":null,"patch_depth_in":2}},{"type":"Feature","geometry":{"type":"Point","coordinates":[-87.783877922204,41.901527711352]},"properties":{"project_type":"Patch Locations","program":"2026 Capital Improvements (web map 525f3c4a968c4e1f8f3eeeda2f8d6eac)","source_layer":"https://services5.arcgis.com/aymthbPDQOcCnuwg/arcgis/rest/services/PavementPreservationAGOL_gdb/FeatureServer/0","source_object_id":8,"name":"846 N Cuyler Ave","alley_id":null,"build_year":null,"length_ft":null,"patch_depth_in":2}},{"type":"Feature","geometry":{"type":"Point","coordinates":[-87.7838872779154,41.901787345774]},"properties":{"project_type":"Patch Locations","program":"2026 Capital Improvements (web map 525f3c4a968c4e1f8f3eeeda2f8d6eac)","source_layer":"https://services5.arcgis.com/aymthbPDQOcCnuwg/arcgis/rest/services/PavementPreservationAGOL_gdb/FeatureServer/0","source_object_id":9,"name":"850 N Cuyler Ave","alley_id":null,"build_year":null,"length_ft":null,"patch_depth_in":2}},{"type":"Feature","geometry":{"type":"Point","coordinates":[-87.796086437882,41.8740696648597]},"properties":{"project_type":"Patch Locations","program":"2026 Capital Improvements (web map 525f3c4a968c4e1f8f3eeeda2f8d6eac)","source_layer":"https://services5.arcgis.com/aymthbPDQOcCnuwg/arcgis/rest/services/PavementPreservationAGOL_gdb/FeatureServer/0","source_object_id":10,"name":"834 Carpenter Ave","alley_id":null,"build_year":null,"length_ft":null,"patch_depth_in":2}},{"type":"Feature","geometry":{"type":"Point","coordinates":[-87.7953001158748,41.8741070718567]},"properties":{"project_type":"Patch Locations","program":"2026 Capital Improvements (web map 525f3c4a968c4e1f8f3eeeda2f8d6eac)","source_layer":"https://services5.arcgis.com/aymthbPDQOcCnuwg/arcgis/rest/services/PavementPreservationAGOL_gdb/FeatureServer/0","source_object_id":11,"name":"835 S Grove Ave","alley_id":null,"build_year":null,"length_ft":null,"patch_depth_in":2}},{"type":"Feature","geometry":{"type":"Point","coordinates":[-87.7952125524867,41.874076522565]},"properties":{"project_type":"Patch Locations","program":"2026 Capital Improvements (web map 525f3c4a968c4e1f8f3eeeda2f8d6eac)","source_layer":"https://services5.arcgis.com/aymthbPDQOcCnuwg/arcgis/rest/services/PavementPreservationAGOL_gdb/FeatureServer/0","source_object_id":12,"name":"835 S Grove Ave","alley_id":null,"build_year":null,"length_ft":null,"patch_depth_in":2}},{"type":"Feature","geometry":{"type":"Point","coordinates":[-87.795296231379,41.8740360596873]},"properties":{"project_type":"Patch Locations","program":"2026 Capital Improvements (web map 525f3c4a968c4e1f8f3eeeda2f8d6eac)","source_layer":"https://services5.arcgis.com/aymthbPDQOcCnuwg/arcgis/rest/services/PavementPreservationAGOL_gdb/FeatureServer/0","source_object_id":13,"name":"835 S Grove Ave","alley_id":null,"build_year":null,"length_ft":null,"patch_depth_in":2}},{"type":"Feature","geometry":{"type":"Point","coordinates":[-87.7854738443886,41.8834274052187]},"properties":{"project_type":"Patch Locations","program":"2026 Capital Improvements (web map 525f3c4a968c4e1f8f3eeeda2f8d6eac)","source_layer":"https://services5.arcgis.com/aymthbPDQOcCnuwg/arcgis/rest/services/PavementPreservationAGOL_gdb/FeatureServer/0","source_object_id":14,"name":"419 Randolph St","alley_id":null,"build_year":null,"length_ft":null,"patch_depth_in":2}},{"type":"Feature","geometry":{"type":"Point","coordinates":[-87.7861976478111,41.8835384306973]},"properties":{"project_type":"Patch Locations","program":"2026 Capital Improvements (web map 525f3c4a968c4e1f8f3eeeda2f8d6eac)","source_layer":"https://services5.arcgis.com/aymthbPDQOcCnuwg/arcgis/rest/services/PavementPreservationAGOL_gdb/FeatureServer/0","source_object_id":15,"name":"241 Elmwood Ave","alley_id":null,"build_year":null,"length_ft":null,"patch_depth_in":2}},{"type":"Feature","geometry":{"type":"Point","coordinates":[-87.7862060626166,41.8838472406952]},"properties":{"project_type":"Patch Locations","program":"2026 Capital Improvements (web map 525f3c4a968c4e1f8f3eeeda2f8d6eac)","source_layer":"https://services5.arcgis.com/aymthbPDQOcCnuwg/arcgis/rest/services/PavementPreservationAGOL_gdb/FeatureServer/0","source_object_id":16,"name":"237 Elmwood Ave","alley_id":null,"build_year":null,"length_ft":null,"patch_depth_in":2}},{"type":"Feature","geometry":{"type":"Point","coordinates":[-87.7860688012951,41.8725759247134]},"properties":{"project_type":"Patch Locations","program":"2026 Capital Improvements (web map 525f3c4a968c4e1f8f3eeeda2f8d6eac)","source_layer":"https://services5.arcgis.com/aymthbPDQOcCnuwg/arcgis/rest/services/PavementPreservationAGOL_gdb/FeatureServer/0","source_object_id":17,"name":"445 Harrison St","alley_id":null,"build_year":null,"length_ft":null,"patch_depth_in":2}},{"type":"Feature","geometry":{"type":"Point","coordinates":[-87.7860728468928,41.8726268449769]},"properties":{"project_type":"Patch Locations","program":"2026 Capital Improvements (web map 525f3c4a968c4e1f8f3eeeda2f8d6eac)","source_layer":"https://services5.arcgis.com/aymthbPDQOcCnuwg/arcgis/rest/services/PavementPreservationAGOL_gdb/FeatureServer/0","source_object_id":18,"name":"445 Harrison St","alley_id":null,"build_year":null,"length_ft":null,"patch_depth_in":2}},{"type":"Feature","geometry":{"type":"Point","coordinates":[-87.7769218835642,41.8745894644624]},"properties":{"project_type":"Patch Locations","program":"2026 Capital Improvements (web map 525f3c4a968c4e1f8f3eeeda2f8d6eac)","source_layer":"https://services5.arcgis.com/aymthbPDQOcCnuwg/arcgis/rest/services/PavementPreservationAGOL_gdb/FeatureServer/0","source_object_id":19,"name":"746 Lyman Ave","alley_id":null,"build_year":null,"length_ft":null,"patch_depth_in":2}},{"type":"Feature","geometry":{"type":"Point","coordinates":[-87.7769186820622,41.8745452447523]},"properties":{"project_type":"Patch Locations","program":"2026 Capital Improvements (web map 525f3c4a968c4e1f8f3eeeda2f8d6eac)","source_layer":"https://services5.arcgis.com/aymthbPDQOcCnuwg/arcgis/rest/services/PavementPreservationAGOL_gdb/FeatureServer/0","source_object_id":20,"name":"746 Lyman Ave","alley_id":null,"build_year":null,"length_ft":null,"patch_depth_in":2}},{"type":"Feature","geometry":{"type":"Point","coordinates":[-87.775736980706,41.8746151963218]},"properties":{"project_type":"Patch Locations","program":"2026 Capital Improvements (web map 525f3c4a968c4e1f8f3eeeda2f8d6eac)","source_layer":"https://services5.arcgis.com/aymthbPDQOcCnuwg/arcgis/rest/services/PavementPreservationAGOL_gdb/FeatureServer/0","source_object_id":21,"name":"747 S Humphrey Ave","alley_id":null,"build_year":null,"length_ft":null,"patch_depth_in":2}},{"type":"Feature","geometry":{"type":"Point","coordinates":[-87.7756422330399,41.8745872757629]},"properties":{"project_type":"Patch Locations","program":"2026 Capital Improvements (web map 525f3c4a968c4e1f8f3eeeda2f8d6eac)","source_layer":"https://services5.arcgis.com/aymthbPDQOcCnuwg/arcgis/rest/services/PavementPreservationAGOL_gdb/FeatureServer/0","source_object_id":22,"name":"747 S Humphrey Ave","alley_id":null,"build_year":null,"length_ft":null,"patch_depth_in":2}},{"type":"Feature","geometry":{"type":"Point","coordinates":[-87.7757331050073,41.8745455223771]},"properties":{"project_type":"Patch Locations","program":"2026 Capital Improvements (web map 525f3c4a968c4e1f8f3eeeda2f8d6eac)","source_layer":"https://services5.arcgis.com/aymthbPDQOcCnuwg/arcgis/rest/services/PavementPreservationAGOL_gdb/FeatureServer/0","source_object_id":23,"name":"747 S Humphrey Ave","alley_id":null,"build_year":null,"length_ft":null,"patch_depth_in":2}},{"type":"Feature","geometry":{"type":"Point","coordinates":[-87.7928627473159,41.8748208411974]},"properties":{"project_type":"Patch Locations","program":"2026 Capital Improvements (web map 525f3c4a968c4e1f8f3eeeda2f8d6eac)","source_layer":"https://services5.arcgis.com/aymthbPDQOcCnuwg/arcgis/rest/services/PavementPreservationAGOL_gdb/FeatureServer/0","source_object_id":24,"name":"732 Euclid Ave","alley_id":null,"build_year":null,"length_ft":null,"patch_depth_in":2}},{"type":"Feature","geometry":{"type":"Point","coordinates":[-87.7928721309475,41.8751043182774]},"properties":{"project_type":"Patch Locations","program":"2026 Capital Improvements (web map 525f3c4a968c4e1f8f3eeeda2f8d6eac)","source_layer":"https://services5.arcgis.com/aymthbPDQOcCnuwg/arcgis/rest/services/PavementPreservationAGOL_gdb/FeatureServer/0","source_object_id":25,"name":"727 Euclid Ave","alley_id":null,"build_year":null,"length_ft":null,"patch_depth_in":2}},{"type":"Feature","geometry":{"type":"Point","coordinates":[-87.7928966752606,41.8758458133113]},"properties":{"project_type":"Patch Locations","program":"2026 Capital Improvements (web map 525f3c4a968c4e1f8f3eeeda2f8d6eac)","source_layer":"https://services5.arcgis.com/aymthbPDQOcCnuwg/arcgis/rest/services/PavementPreservationAGOL_gdb/FeatureServer/0","source_object_id":26,"name":"704 Euclid Ave","alley_id":null,"build_year":null,"length_ft":null,"patch_depth_in":2}},{"type":"Feature","geometry":{"type":"Point","coordinates":[-87.7816311379079,41.8690153584604]},"properties":{"project_type":"Patch Locations","program":"2026 Capital Improvements (web map 525f3c4a968c4e1f8f3eeeda2f8d6eac)","source_layer":"https://services5.arcgis.com/aymthbPDQOcCnuwg/arcgis/rest/services/PavementPreservationAGOL_gdb/FeatureServer/0","source_object_id":27,"name":"1100 Highland Ave","alley_id":null,"build_year":null,"length_ft":null,"patch_depth_in":2}},{"type":"Feature","geometry":{"type":"Point","coordinates":[-87.7816037158852,41.8682350082808]},"properties":{"project_type":"Patch Locations","program":"2026 Capital Improvements (web map 525f3c4a968c4e1f8f3eeeda2f8d6eac)","source_layer":"https://services5.arcgis.com/aymthbPDQOcCnuwg/arcgis/rest/services/PavementPreservationAGOL_gdb/FeatureServer/0","source_object_id":28,"name":"1121 Highland Ave","alley_id":null,"build_year":null,"length_ft":null,"patch_depth_in":2}},{"type":"Feature","geometry":{"type":"Point","coordinates":[-87.781592094479,41.8679042817354]},"properties":{"project_type":"Patch Locations","program":"2026 Capital Improvements (web map 525f3c4a968c4e1f8f3eeeda2f8d6eac)","source_layer":"https://services5.arcgis.com/aymthbPDQOcCnuwg/arcgis/rest/services/PavementPreservationAGOL_gdb/FeatureServer/0","source_object_id":29,"name":"1128 Highland Ave","alley_id":null,"build_year":null,"length_ft":null,"patch_depth_in":2}},{"type":"Feature","geometry":{"type":"Point","coordinates":[-87.7816171771733,41.86861807531]},"properties":{"project_type":"Patch Locations","program":"2026 Capital Improvements (web map 525f3c4a968c4e1f8f3eeeda2f8d6eac)","source_layer":"https://services5.arcgis.com/aymthbPDQOcCnuwg/arcgis/rest/services/PavementPreservationAGOL_gdb/FeatureServer/0","source_object_id":30,"name":"1109 Highland Ave","alley_id":null,"build_year":null,"length_ft":null,"patch_depth_in":2}},{"type":"Feature","geometry":{"type":"Point","coordinates":[-87.7998540101167,41.878481294352]},"properties":{"project_type":"Patch Locations","program":"2026 Capital Improvements (web map 525f3c4a968c4e1f8f3eeeda2f8d6eac)","source_layer":"https://services5.arcgis.com/aymthbPDQOcCnuwg/arcgis/rest/services/PavementPreservationAGOL_gdb/FeatureServer/0","source_object_id":31,"name":"535 Home Ave","alley_id":null,"build_year":null,"length_ft":null,"patch_depth_in":2}},{"type":"Feature","geometry":{"type":"Point","coordinates":[-87.7998509109277,41.8783998213342]},"properties":{"project_type":"Patch Locations","program":"2026 Capital Improvements (web map 525f3c4a968c4e1f8f3eeeda2f8d6eac)","source_layer":"https://services5.arcgis.com/aymthbPDQOcCnuwg/arcgis/rest/services/PavementPreservationAGOL_gdb/FeatureServer/0","source_object_id":32,"name":"535 Home Ave","alley_id":null,"build_year":null,"length_ft":null,"patch_depth_in":2}},{"type":"Feature","geometry":{"type":"Point","coordinates":[-87.7998416496011,41.8789342296772]},"properties":{"project_type":"Patch Locations","program":"2026 Capital Improvements (web map 525f3c4a968c4e1f8f3eeeda2f8d6eac)","source_layer":"https://services5.arcgis.com/aymthbPDQOcCnuwg/arcgis/rest/services/PavementPreservationAGOL_gdb/FeatureServer/0","source_object_id":33,"name":"515 Home Ave","alley_id":null,"build_year":null,"length_ft":null,"patch_depth_in":2}},{"type":"Feature","geometry":{"type":"Point","coordinates":[-87.7998514162706,41.8791819299366]},"properties":{"project_type":"Patch Locations","program":"2026 Capital Improvements (web map 525f3c4a968c4e1f8f3eeeda2f8d6eac)","source_layer":"https://services5.arcgis.com/aymthbPDQOcCnuwg/arcgis/rest/services/PavementPreservationAGOL_gdb/FeatureServer/0","source_object_id":34,"name":"513 Home Ave","alley_id":null,"build_year":null,"length_ft":null,"patch_depth_in":2}},{"type":"Feature","geometry":{"type":"Point","coordinates":[-87.7998652679633,41.8795332364173]},"properties":{"project_type":"Patch Locations","program":"2026 Capital Improvements (web map 525f3c4a968c4e1f8f3eeeda2f8d6eac)","source_layer":"https://services5.arcgis.com/aymthbPDQOcCnuwg/arcgis/rest/services/PavementPreservationAGOL_gdb/FeatureServer/0","source_object_id":35,"name":"1001 Madison St","alley_id":null,"build_year":null,"length_ft":null,"patch_depth_in":2}},{"type":"Feature","geometry":{"type":"Point","coordinates":[-87.7756627747628,41.9090140797679]},"properties":{"project_type":"Patch Locations","program":"2026 Capital Improvements (web map 525f3c4a968c4e1f8f3eeeda2f8d6eac)","source_layer":"https://services5.arcgis.com/aymthbPDQOcCnuwg/arcgis/rest/services/PavementPreservationAGOL_gdb/FeatureServer/0","source_object_id":36,"name":"6011 North Ave","alley_id":null,"build_year":null,"length_ft":null,"patch_depth_in":4}},{"type":"Feature","geometry":{"type":"Point","coordinates":[-87.7752502291843,41.8966848557502]},"properties":{"project_type":"Patch Locations","program":"2026 Capital Improvements (web map 525f3c4a968c4e1f8f3eeeda2f8d6eac)","source_layer":"https://services5.arcgis.com/aymthbPDQOcCnuwg/arcgis/rest/services/PavementPreservationAGOL_gdb/FeatureServer/0","source_object_id":37,"name":"902 N Austin Blvd","alley_id":null,"build_year":null,"length_ft":null,"patch_depth_in":4}},{"type":"Feature","geometry":{"type":"Point","coordinates":[-87.7746646801059,41.8788950832174]},"properties":{"project_type":"Patch Locations","program":"2026 Capital Improvements (web map 525f3c4a968c4e1f8f3eeeda2f8d6eac)","source_layer":"https://services5.arcgis.com/aymthbPDQOcCnuwg/arcgis/rest/services/PavementPreservationAGOL_gdb/FeatureServer/0","source_object_id":38,"name":"100 S Austin Blvd","alley_id":null,"build_year":null,"length_ft":null,"patch_depth_in":4}},{"type":"Feature","geometry":{"type":"Point","coordinates":[-87.7746461871495,41.8783431141828]},"properties":{"project_type":"Patch Locations","program":"2026 Capital Improvements (web map 525f3c4a968c4e1f8f3eeeda2f8d6eac)","source_layer":"https://services5.arcgis.com/aymthbPDQOcCnuwg/arcgis/rest/services/PavementPreservationAGOL_gdb/FeatureServer/0","source_object_id":39,"name":"118 S Austin Blvd","alley_id":null,"build_year":null,"length_ft":null,"patch_depth_in":4}},{"type":"Feature","geometry":{"type":"Point","coordinates":[-87.7748969311733,41.8860840258567]},"properties":{"project_type":"Patch Locations","program":"2026 Capital Improvements (web map 525f3c4a968c4e1f8f3eeeda2f8d6eac)","source_layer":"https://services5.arcgis.com/aymthbPDQOcCnuwg/arcgis/rest/services/PavementPreservationAGOL_gdb/FeatureServer/0","source_object_id":40,"name":"320 N Austin Blvd","alley_id":null,"build_year":null,"length_ft":null,"patch_depth_in":4}},{"type":"Feature","geometry":{"type":"Point","coordinates":[-87.7743003119239,41.86874473483]},"properties":{"project_type":"Patch Locations","program":"2026 Capital Improvements (web map 525f3c4a968c4e1f8f3eeeda2f8d6eac)","source_layer":"https://services5.arcgis.com/aymthbPDQOcCnuwg/arcgis/rest/services/PavementPreservationAGOL_gdb/FeatureServer/0","source_object_id":41,"name":"910 S Austin Blvd","alley_id":null,"build_year":null,"length_ft":null,"patch_depth_in":4}},{"type":"Feature","geometry":{"type":"Point","coordinates":[-87.7744697463495,41.8728790556699]},"properties":{"project_type":"Patch Locations","program":"2026 Capital Improvements (web map 525f3c4a968c4e1f8f3eeeda2f8d6eac)","source_layer":"https://services5.arcgis.com/aymthbPDQOcCnuwg/arcgis/rest/services/PavementPreservationAGOL_gdb/FeatureServer/0","source_object_id":42,"name":"520 S Austin Blvd","alley_id":null,"build_year":null,"length_ft":null,"patch_depth_in":2}},{"type":"Feature","geometry":{"type":"Point","coordinates":[-87.774712803986,41.8799466843213]},"properties":{"project_type":"Patch Locations","program":"2026 Capital Improvements (web map 525f3c4a968c4e1f8f3eeeda2f8d6eac)","source_layer":"https://services5.arcgis.com/aymthbPDQOcCnuwg/arcgis/rest/services/PavementPreservationAGOL_gdb/FeatureServer/0","source_object_id":43,"name":"11 Madison St","alley_id":null,"build_year":null,"length_ft":null,"patch_depth_in":2}},{"type":"Feature","geometry":{"type":"Point","coordinates":[-87.7928451858234,41.871927543331]},"properties":{"project_type":"Patch Locations","program":"2026 Capital Improvements (web map 525f3c4a968c4e1f8f3eeeda2f8d6eac)","source_layer":"https://services5.arcgis.com/aymthbPDQOcCnuwg/arcgis/rest/services/PavementPreservationAGOL_gdb/FeatureServer/0","source_object_id":44,"name":"901 S Euclid Ave","alley_id":null,"build_year":null,"length_ft":null,"patch_depth_in":2}},{"type":"Feature","geometry":{"type":"Point","coordinates":[-87.7926678517719,41.8719166616734]},"properties":{"project_type":"Patch Locations","program":"2026 Capital Improvements (web map 525f3c4a968c4e1f8f3eeeda2f8d6eac)","source_layer":"https://services5.arcgis.com/aymthbPDQOcCnuwg/arcgis/rest/services/PavementPreservationAGOL_gdb/FeatureServer/0","source_object_id":46,"name":"901 S Euclid Ave","alley_id":null,"build_year":null,"length_ft":null,"patch_depth_in":2}},{"type":"Feature","geometry":{"type":"Point","coordinates":[-87.7995828386651,41.9071905706659]},"properties":{"project_type":"Patch Locations","program":"2026 Capital Improvements (web map 525f3c4a968c4e1f8f3eeeda2f8d6eac)","source_layer":"https://services5.arcgis.com/aymthbPDQOcCnuwg/arcgis/rest/services/PavementPreservationAGOL_gdb/FeatureServer/0","source_object_id":51,"name":"1201 Woodbine Ave","alley_id":null,"build_year":null,"length_ft":null,"patch_depth_in":2}},{"type":"Feature","geometry":{"type":"Point","coordinates":[-87.7995983746225,41.9073181822675]},"properties":{"project_type":"Patch Locations","program":"2026 Capital Improvements (web map 525f3c4a968c4e1f8f3eeeda2f8d6eac)","source_layer":"https://services5.arcgis.com/aymthbPDQOcCnuwg/arcgis/rest/services/PavementPreservationAGOL_gdb/FeatureServer/0","source_object_id":52,"name":"1201 Woodbine Ave","alley_id":null,"build_year":null,"length_ft":null,"patch_depth_in":2}},{"type":"Feature","geometry":{"type":"Point","coordinates":[-87.7888814630912,41.8658969227324]},"properties":{"project_type":"Patch Locations","program":"2026 Capital Improvements (web map 525f3c4a968c4e1f8f3eeeda2f8d6eac)","source_layer":"https://services5.arcgis.com/aymthbPDQOcCnuwg/arcgis/rest/services/PavementPreservationAGOL_gdb/FeatureServer/0","source_object_id":53,"name":"1180 S East Ave","alley_id":null,"build_year":null,"length_ft":null,"patch_depth_in":2}},{"type":"Feature","geometry":{"type":"LineString","coordinates":[[-87.7995537618874,41.9071255795538],[-87.7996145107825,41.9089705032992]]},"properties":{"project_type":"Crackfill Locations","program":"2026 Capital Improvements (web map 525f3c4a968c4e1f8f3eeeda2f8d6eac)","source_layer":"https://services5.arcgis.com/aymthbPDQOcCnuwg/arcgis/rest/services/PavementPreservationAGOL_gdb/FeatureServer/1","source_object_id":1,"name":"WOODBINE AVE: W North Ave to Le Moyne Pkwy","alley_id":null,"build_year":null,"length_ft":672.5,"street_name":"WOODBINE AVE","from_street":"W North Ave","to_street":"Le Moyne Pkwy","road_class":"COLLECTOR","aadt":600,"street_pci_2021":80,"street_iri_2021":396,"surface":"AC","crack_seal_year":null,"microsurface_year":null,"patching_year":null,"rejuvenator_year":null,"major_work_year":null,"major_work_type":null}},{"type":"Feature","geometry":{"type":"LineString","coordinates":[[-87.7838197096041,41.8999123718698],[-87.7838906056386,41.9018796726629]]},"properties":{"project_type":"Crackfill Locations","program":"2026 Capital Improvements (web map 525f3c4a968c4e1f8f3eeeda2f8d6eac)","source_layer":"https://services5.arcgis.com/aymthbPDQOcCnuwg/arcgis/rest/services/PavementPreservationAGOL_gdb/FeatureServer/1","source_object_id":4,"name":"N CUYLER AVE: Division St to Thomas St","alley_id":null,"build_year":null,"length_ft":717.2,"street_name":"N CUYLER AVE","from_street":"Division St","to_street":"Thomas St","road_class":"RESIDENTIAL","aadt":600,"street_pci_2021":92,"street_iri_2021":202.333333,"surface":"AC","crack_seal_year":"2022","microsurface_year":null,"patching_year":null,"rejuvenator_year":null,"major_work_year":null,"major_work_type":null}},{"type":"Feature","geometry":{"type":"LineString","coordinates":[[-87.7752530424002,41.8983616457359],[-87.7764701085169,41.898341615272]]},"properties":{"project_type":"Crackfill Locations","program":"2026 Capital Improvements (web map 525f3c4a968c4e1f8f3eeeda2f8d6eac)","source_layer":"https://services5.arcgis.com/aymthbPDQOcCnuwg/arcgis/rest/services/PavementPreservationAGOL_gdb/FeatureServer/1","source_object_id":6,"name":"AUGUSTA ST: N Humphrey Ave to N Austin Blvd","alley_id":null,"build_year":null,"length_ft":331.4,"street_name":"AUGUSTA ST","from_street":"N Humphrey Ave","to_street":"N Austin Blvd","road_class":"COLLECTOR","aadt":1950,"street_pci_2021":56,"street_iri_2021":400,"surface":"AC","crack_seal_year":null,"microsurface_year":null,"patching_year":null,"rejuvenator_year":null,"major_work_year":null,"major_work_type":null}},{"type":"Feature","geometry":{"type":"LineString","coordinates":[[-87.7764701085169,41.898341615272],[-87.7768740155524,41.8983337784159]]},"properties":{"project_type":"Crackfill Locations","program":"2026 Capital Improvements (web map 525f3c4a968c4e1f8f3eeeda2f8d6eac)","source_layer":"https://services5.arcgis.com/aymthbPDQOcCnuwg/arcgis/rest/services/PavementPreservationAGOL_gdb/FeatureServer/1","source_object_id":7,"name":"AUGUSTA ST: N Humphrey Ave to N Humphrey Ave","alley_id":null,"build_year":null,"length_ft":110.0,"street_name":"AUGUSTA ST","from_street":"N Humphrey Ave","to_street":"N Humphrey Ave","road_class":"COLLECTOR","aadt":1950,"street_pci_2021":37,"street_iri_2021":275,"surface":"AC","crack_seal_year":null,"microsurface_year":null,"patching_year":null,"rejuvenator_year":null,"major_work_year":null,"major_work_type":null}},{"type":"Feature","geometry":{"type":"LineString","coordinates":[[-87.7768740155524,41.8983337784159],[-87.7776892029628,41.8983224559522]]},"properties":{"project_type":"Crackfill Locations","program":"2026 Capital Improvements (web map 525f3c4a968c4e1f8f3eeeda2f8d6eac)","source_layer":"https://services5.arcgis.com/aymthbPDQOcCnuwg/arcgis/rest/services/PavementPreservationAGOL_gdb/FeatureServer/1","source_object_id":8,"name":"AUGUSTA ST: N Taylor Ave to N Humphrey Ave","alley_id":null,"build_year":null,"length_ft":222.0,"street_name":"AUGUSTA ST","from_street":"N Taylor Ave","to_street":"N Humphrey Ave","road_class":"COLLECTOR","aadt":1950,"street_pci_2021":17,"street_iri_2021":368,"surface":"AC","crack_seal_year":null,"microsurface_year":null,"patching_year":null,"rejuvenator_year":"2026","major_work_year":"2024","major_work_type":"Reconstruction"}},{"type":"Feature","geometry":{"type":"LineString","coordinates":[[-87.7776892029628,41.8983224559522],[-87.778497018312,41.8983099045328]]},"properties":{"project_type":"Crackfill Locations","program":"2026 Capital Improvements (web map 525f3c4a968c4e1f8f3eeeda2f8d6eac)","source_layer":"https://services5.arcgis.com/aymthbPDQOcCnuwg/arcgis/rest/services/PavementPreservationAGOL_gdb/FeatureServer/1","source_object_id":9,"name":"AUGUSTA ST: N Taylor Ave to N Taylor Ave","alley_id":null,"build_year":null,"length_ft":220.0,"street_name":"AUGUSTA ST","from_street":"N Taylor Ave","to_street":"N Taylor Ave","road_class":"RESIDENTIAL","aadt":1950,"street_pci_2021":62,"street_iri_2021":374,"surface":"AC","crack_seal_year":null,"microsurface_year":null,"patching_year":null,"rejuvenator_year":"2026","major_work_year":"2024","major_work_type":"M&O"}},{"type":"Feature","geometry":{"type":"LineString","coordinates":[[-87.778497018312,41.8983099045328],[-87.7789042671629,41.898305212567]]},"properties":{"project_type":"Crackfill Locations","program":"2026 Capital Improvements (web map 525f3c4a968c4e1f8f3eeeda2f8d6eac)","source_layer":"https://services5.arcgis.com/aymthbPDQOcCnuwg/arcgis/rest/services/PavementPreservationAGOL_gdb/FeatureServer/1","source_object_id":10,"name":"AUGUSTA ST: N Taylor Ave to N Taylor Ave","alley_id":null,"build_year":null,"length_ft":110.9,"street_name":"AUGUSTA ST","from_street":"N Taylor Ave","to_street":"N Taylor Ave","road_class":"RESIDENTIAL","aadt":1950,"street_pci_2021":36,"street_iri_2021":424,"surface":"AC","crack_seal_year":null,"microsurface_year":null,"patching_year":null,"rejuvenator_year":"2026","major_work_year":"2024","major_work_type":"M&O"}},{"type":"Feature","geometry":{"type":"LineString","coordinates":[[-87.7789042671629,41.898305212567],[-87.7801206433969,41.8982890502556]]},"properties":{"project_type":"Crackfill Locations","program":"2026 Capital Improvements (web map 525f3c4a968c4e1f8f3eeeda2f8d6eac)","source_layer":"https://services5.arcgis.com/aymthbPDQOcCnuwg/arcgis/rest/services/PavementPreservationAGOL_gdb/FeatureServer/1","source_object_id":11,"name":"AUGUSTA ST: N Lombard Ave to N Hayes Ave","alley_id":null,"build_year":null,"length_ft":331.2,"street_name":"AUGUSTA ST","from_street":"N Lombard Ave","to_street":"N Hayes Ave","road_class":"RESIDENTIAL","aadt":1950,"street_pci_2021":49,"street_iri_2021":340,"surface":"AC","crack_seal_year":null,"microsurface_year":null,"patching_year":null,"rejuvenator_year":"2026","major_work_year":"2024","major_work_type":"M&O"}},{"type":"Feature","geometry":{"type":"LineString","coordinates":[[-87.79233300684,41.8981092250738],[-87.7923765681934,41.8997733354498]]},"properties":{"project_type":"Crackfill Locations","program":"2026 Capital Improvements (web map 525f3c4a968c4e1f8f3eeeda2f8d6eac)","source_layer":"https://services5.arcgis.com/aymthbPDQOcCnuwg/arcgis/rest/services/PavementPreservationAGOL_gdb/FeatureServer/1","source_object_id":12,"name":"LINDEN AVE: Thomas St to Augusta St","alley_id":null,"build_year":null,"length_ft":606.5,"street_name":"LINDEN AVE","from_street":"Thomas St","to_street":"Augusta St","road_class":"RESIDENTIAL","aadt":600,"street_pci_2021":60,"street_iri_2021":368,"surface":"AC","crack_seal_year":null,"microsurface_year":null,"patching_year":null,"rejuvenator_year":null,"major_work_year":null,"major_work_type":null}},{"type":"Feature","geometry":{"type":"LineString","coordinates":[[-87.8033546382573,41.8971026531281],[-87.8053508871437,41.897064861719]]},"properties":{"project_type":"Crackfill Locations","program":"2026 Capital Improvements (web map 525f3c4a968c4e1f8f3eeeda2f8d6eac)","source_layer":"https://services5.arcgis.com/aymthbPDQOcCnuwg/arcgis/rest/services/PavementPreservationAGOL_gdb/FeatureServer/1","source_object_id":13,"name":"MILLER AVE: N Harlem Ave to N Marion St","alley_id":null,"build_year":null,"length_ft":543.7,"street_name":"MILLER AVE","from_street":"N Harlem Ave","to_street":"N Marion St","road_class":"RESIDENTIAL","aadt":600,"street_pci_2021":58,"street_iri_2021":311.5,"surface":"AC","crack_seal_year":null,"microsurface_year":null,"patching_year":null,"rejuvenator_year":null,"major_work_year":null,"major_work_type":null}},{"type":"Feature","geometry":{"type":"LineString","coordinates":[[-87.7768174331652,41.8965145883485],[-87.7784426565921,41.8964876521695]]},"properties":{"project_type":"Crackfill Locations","program":"2026 Capital Improvements (web map 525f3c4a968c4e1f8f3eeeda2f8d6eac)","source_layer":"https://services5.arcgis.com/aymthbPDQOcCnuwg/arcgis/rest/services/PavementPreservationAGOL_gdb/FeatureServer/1","source_object_id":14,"name":"IOWA ST: N Taylor Ave to N Humphrey Ave","alley_id":null,"build_year":null,"length_ft":442.6,"street_name":"IOWA ST","from_street":"N Taylor Ave","to_street":"N Humphrey Ave","road_class":"RESIDENTIAL","aadt":600,"street_pci_2021":44,"street_iri_2021":313,"surface":"AC","crack_seal_year":null,"microsurface_year":null,"patching_year":null,"rejuvenator_year":"2026","major_work_year":"2025","major_work_type":"M&O"}},{"type":"Feature","geometry":{"type":"LineString","coordinates":[[-87.7784426565921,41.8964876521695],[-87.7800665662487,41.896467015152]]},"properties":{"project_type":"Crackfill Locations","program":"2026 Capital Improvements (web map 525f3c4a968c4e1f8f3eeeda2f8d6eac)","source_layer":"https://services5.arcgis.com/aymthbPDQOcCnuwg/arcgis/rest/services/PavementPreservationAGOL_gdb/FeatureServer/1","source_object_id":15,"name":"IOWA ST: N Lombard Ave to N Taylor Ave","alley_id":null,"build_year":null,"length_ft":442.2,"street_name":"IOWA ST","from_street":"N Lombard Ave","to_street":"N Taylor Ave","road_class":"RESIDENTIAL","aadt":600,"street_pci_2021":51,"street_iri_2021":385,"surface":"AC","crack_seal_year":null,"microsurface_year":null,"patching_year":null,"rejuvenator_year":"2026","major_work_year":"2024","major_work_type":"M&O"}},{"type":"Feature","geometry":{"type":"LineString","coordinates":[[-87.802790914635,41.8930648386584],[-87.8039205711841,41.8930443770353]]},"properties":{"project_type":"Crackfill Locations","program":"2026 Capital Improvements (web map 525f3c4a968c4e1f8f3eeeda2f8d6eac)","source_layer":"https://services5.arcgis.com/aymthbPDQOcCnuwg/arcgis/rest/services/PavementPreservationAGOL_gdb/FeatureServer/1","source_object_id":19,"name":"SUPERIOR ST: N Maple Ave to N Marion St","alley_id":null,"build_year":null,"length_ft":307.7,"street_name":"SUPERIOR ST","from_street":"N Maple Ave","to_street":"N Marion St","road_class":"RESIDENTIAL","aadt":600,"street_pci_2021":58,"street_iri_2021":334,"surface":"AC","crack_seal_year":null,"microsurface_year":null,"patching_year":null,"rejuvenator_year":null,"major_work_year":null,"major_work_type":null}},{"type":"Feature","geometry":{"type":"LineString","coordinates":[[-87.8039205711841,41.8930443770353],[-87.8052002120785,41.8930170240985]]},"properties":{"project_type":"Crackfill Locations","program":"2026 Capital Improvements (web map 525f3c4a968c4e1f8f3eeeda2f8d6eac)","source_layer":"https://services5.arcgis.com/aymthbPDQOcCnuwg/arcgis/rest/services/PavementPreservationAGOL_gdb/FeatureServer/1","source_object_id":20,"name":"SUPERIOR ST: N Harlem Ave to N Maple Ave","alley_id":null,"build_year":null,"length_ft":348.6,"street_name":"SUPERIOR ST","from_street":"N Harlem Ave","to_street":"N Maple Ave","road_class":"RESIDENTIAL","aadt":600,"street_pci_2021":55,"street_iri_2021":362.5,"surface":"AC","crack_seal_year":null,"microsurface_year":null,"patching_year":null,"rejuvenator_year":"2027","major_work_year":"2024","major_work_type":"M&O"}},{"type":"Feature","geometry":{"type":"LineString","coordinates":[[-87.7904605985201,41.8761783092031],[-87.7903989267177,41.874355628031]]},"properties":{"project_type":"Crackfill Locations","program":"2026 Capital Improvements (web map 525f3c4a968c4e1f8f3eeeda2f8d6eac)","source_layer":"https://services5.arcgis.com/aymthbPDQOcCnuwg/arcgis/rest/services/PavementPreservationAGOL_gdb/FeatureServer/1","source_object_id":33,"name":"CLARENCE AVE: Jackson Blvd to Van Buren St","alley_id":null,"build_year":null,"length_ft":664.4,"street_name":"CLARENCE AVE","from_street":"Jackson Blvd","to_street":"Van Buren St","road_class":"RESIDENTIAL","aadt":600,"street_pci_2021":57,"street_iri_2021":293,"surface":"AC","crack_seal_year":null,"microsurface_year":null,"patching_year":null,"rejuvenator_year":null,"major_work_year":null,"major_work_type":null}},{"type":"Feature","geometry":{"type":"LineString","coordinates":[[-87.7929062166864,41.8761340412972],[-87.792845793164,41.8743086598819]]},"properties":{"project_type":"Crackfill Locations","program":"2026 Capital Improvements (web map 525f3c4a968c4e1f8f3eeeda2f8d6eac)","source_layer":"https://services5.arcgis.com/aymthbPDQOcCnuwg/arcgis/rest/services/PavementPreservationAGOL_gdb/FeatureServer/1","source_object_id":34,"name":"S EUCLID AVE: Jackson Blvd to Van Buren St","alley_id":null,"build_year":null,"length_ft":665.4,"street_name":"S EUCLID AVE","from_street":"Jackson Blvd","to_street":"Van Buren St","road_class":"RESIDENTIAL","aadt":600,"street_pci_2021":89,"street_iri_2021":273.666667,"surface":"AC","crack_seal_year":null,"microsurface_year":null,"patching_year":"2022","rejuvenator_year":"2024","major_work_year":null,"major_work_type":null}},{"type":"Feature","geometry":{"type":"LineString","coordinates":[[-87.7952565871432,41.8740802357292],[-87.796086437882,41.8740696648597]]},"properties":{"project_type":"Crackfill Locations","program":"2026 Capital Improvements (web map 525f3c4a968c4e1f8f3eeeda2f8d6eac)","source_layer":"https://services5.arcgis.com/aymthbPDQOcCnuwg/arcgis/rest/services/PavementPreservationAGOL_gdb/FeatureServer/1","source_object_id":35,"name":"VAN BUREN ST: Carpenter Ave to S Grove Ave","alley_id":null,"build_year":null,"length_ft":226.0,"street_name":"VAN BUREN ST","from_street":"Carpenter Ave","to_street":"S Grove Ave","road_class":"RESIDENTIAL","aadt":600,"street_pci_2021":76,"street_iri_2021":243,"surface":"AC","crack_seal_year":null,"microsurface_year":null,"patching_year":null,"rejuvenator_year":null,"major_work_year":null,"major_work_type":null}},{"type":"Feature","geometry":{"type":"LineString","coordinates":[[-87.7845613256479,41.8834520150584],[-87.7861940933291,41.883407975675]]},"properties":{"project_type":"Crackfill Locations","program":"2026 Capital Improvements (web map 525f3c4a968c4e1f8f3eeeda2f8d6eac)","source_layer":"https://services5.arcgis.com/aymthbPDQOcCnuwg/arcgis/rest/services/PavementPreservationAGOL_gdb/FeatureServer/1","source_object_id":36,"name":"RANDOLPH ST: S Elmwood Ave to S Ridgeland Ave","alley_id":null,"build_year":null,"length_ft":444.9,"street_name":"RANDOLPH ST","from_street":"S Elmwood Ave","to_street":"S Ridgeland Ave","road_class":"COLLECTOR","aadt":600,"street_pci_2021":80,"street_iri_2021":292,"surface":"AC","crack_seal_year":"2022","microsurface_year":null,"patching_year":null,"rejuvenator_year":null,"major_work_year":null,"major_work_type":null}},{"type":"Feature","geometry":{"type":"LineString","coordinates":[[-87.7862423859508,41.8851802632238],[-87.7861940933291,41.883407975675]]},"properties":{"project_type":"Crackfill Locations","program":"2026 Capital Improvements (web map 525f3c4a968c4e1f8f3eeeda2f8d6eac)","source_layer":"https://services5.arcgis.com/aymthbPDQOcCnuwg/arcgis/rest/services/PavementPreservationAGOL_gdb/FeatureServer/1","source_object_id":37,"name":"S ELMWOOD AVE: Pleaseant St to Randolph St","alley_id":null,"build_year":null,"length_ft":646.0,"street_name":"S ELMWOOD AVE","from_street":"Pleaseant St","to_street":"Randolph St","road_class":"RESIDENTIAL","aadt":600,"street_pci_2021":78,"street_iri_2021":341.333333,"surface":"AC","crack_seal_year":"2022","microsurface_year":null,"patching_year":null,"rejuvenator_year":null,"major_work_year":null,"major_work_type":null}},{"type":"Feature","geometry":{"type":"LineString","coordinates":[[-87.7998711159921,41.8796815394012],[-87.7998147096226,41.8782509964649]]},"properties":{"project_type":"Crackfill Locations","program":"2026 Capital Improvements (web map 525f3c4a968c4e1f8f3eeeda2f8d6eac)","source_layer":"https://services5.arcgis.com/aymthbPDQOcCnuwg/arcgis/rest/services/PavementPreservationAGOL_gdb/FeatureServer/1","source_object_id":39,"name":"HOME AVE: Madison St to Monroe Ave","alley_id":null,"build_year":null,"length_ft":521.5,"street_name":"HOME AVE","from_street":"Madison St","to_street":"Monroe Ave","road_class":"COLLECTOR","aadt":600,"street_pci_2021":83,"street_iri_2021":361.5,"surface":"AC","crack_seal_year":null,"microsurface_year":null,"patching_year":null,"rejuvenator_year":null,"major_work_year":null,"major_work_type":null}},{"type":"Feature","geometry":{"type":"LineString","coordinates":[[-87.7756962544499,41.8745868556207],[-87.7769221319476,41.8745667995007]]},"properties":{"project_type":"Crackfill Locations","program":"2026 Capital Improvements (web map 525f3c4a968c4e1f8f3eeeda2f8d6eac)","source_layer":"https://services5.arcgis.com/aymthbPDQOcCnuwg/arcgis/rest/services/PavementPreservationAGOL_gdb/FeatureServer/1","source_object_id":42,"name":"VAN BUREN ST: S Lyman Ave to S Humphrey Ave","alley_id":null,"build_year":null,"length_ft":334.0,"street_name":"VAN BUREN ST","from_street":"S Lyman Ave","to_street":"S Humphrey Ave","road_class":"RESIDENTIAL","aadt":600,"street_pci_2021":90,"street_iri_2021":297,"surface":"AC","crack_seal_year":"2022","microsurface_year":null,"patching_year":null,"rejuvenator_year":null,"major_work_year":null,"major_work_type":null}},{"type":"Feature","geometry":{"type":"LineString","coordinates":[[-87.7854468995954,41.8726159257695],[-87.7866869866641,41.8725916888556]]},"properties":{"project_type":"Crackfill Locations","program":"2026 Capital Improvements (web map 525f3c4a968c4e1f8f3eeeda2f8d6eac)","source_layer":"https://services5.arcgis.com/aymthbPDQOcCnuwg/arcgis/rest/services/PavementPreservationAGOL_gdb/FeatureServer/1","source_object_id":43,"name":"HARRISON ST: Gunderson Ave to S Elmwood Ave","alley_id":null,"build_year":null,"length_ft":337.9,"street_name":"HARRISON ST","from_street":"Gunderson Ave","to_street":"S Elmwood Ave","road_class":"COLLECTOR","aadt":600,"street_pci_2021":81,"street_iri_2021":238,"surface":"AC","crack_seal_year":"2022","microsurface_year":"2025","patching_year":null,"rejuvenator_year":null,"major_work_year":null,"major_work_type":null}},{"type":"Feature","geometry":{"type":"LineString","coordinates":[[-87.7903989267177,41.874355628031],[-87.7903360922221,41.8725458489999]]},"properties":{"project_type":"Crackfill Locations","program":"2026 Capital Improvements (web map 525f3c4a968c4e1f8f3eeeda2f8d6eac)","source_layer":"https://services5.arcgis.com/aymthbPDQOcCnuwg/arcgis/rest/services/PavementPreservationAGOL_gdb/FeatureServer/1","source_object_id":44,"name":"CLARENCE AVE: Van Buren St to Harrison St","alley_id":null,"build_year":null,"length_ft":659.7,"street_name":"CLARENCE AVE","from_street":"Van Buren St","to_street":"Harrison St","road_class":"RESIDENTIAL","aadt":600,"street_pci_2021":58,"street_iri_2021":307,"surface":"AC","crack_seal_year":null,"microsurface_year":null,"patching_year":null,"rejuvenator_year":null,"major_work_year":null,"major_work_type":null}},{"type":"Feature","geometry":{"type":"LineString","coordinates":[[-87.7992329524497,41.872375452635],[-87.8006428228735,41.8723479316701]]},"properties":{"project_type":"Crackfill Locations","program":"2026 Capital Improvements (web map 525f3c4a968c4e1f8f3eeeda2f8d6eac)","source_layer":"https://services5.arcgis.com/aymthbPDQOcCnuwg/arcgis/rest/services/PavementPreservationAGOL_gdb/FeatureServer/1","source_object_id":45,"name":"GARFIELD ST: Wenonah Ave to Home Ave","alley_id":null,"build_year":null,"length_ft":384.1,"street_name":"GARFIELD ST","from_street":"Wenonah Ave","to_street":"Home Ave","road_class":"COLLECTOR","aadt":4050,"street_pci_2021":57,"street_iri_2021":388.5,"surface":"PCC","crack_seal_year":null,"microsurface_year":null,"patching_year":null,"rejuvenator_year":null,"major_work_year":null,"major_work_type":null}},{"type":"Feature","geometry":{"type":"LineString","coordinates":[[-87.8006428228735,41.8723479316701],[-87.8020597647497,41.8723219665976]]},"properties":{"project_type":"Crackfill Locations","program":"2026 Capital Improvements (web map 525f3c4a968c4e1f8f3eeeda2f8d6eac)","source_layer":"https://services5.arcgis.com/aymthbPDQOcCnuwg/arcgis/rest/services/PavementPreservationAGOL_gdb/FeatureServer/1","source_object_id":46,"name":"GARFIELD ST: Wisconsin Ave to Wenonah Ave","alley_id":null,"build_year":null,"length_ft":386.0,"street_name":"GARFIELD ST","from_street":"Wisconsin Ave","to_street":"Wenonah Ave","road_class":"COLLECTOR","aadt":4050,"street_pci_2021":66,"street_iri_2021":283,"surface":"AC","crack_seal_year":null,"microsurface_year":"2027","patching_year":null,"rejuvenator_year":null,"major_work_year":null,"major_work_type":null}},{"type":"Feature","geometry":{"type":"LineString","coordinates":[[-87.8020597647497,41.8723219665976],[-87.8036128215127,41.8722936624151]]},"properties":{"project_type":"Crackfill Locations","program":"2026 Capital Improvements (web map 525f3c4a968c4e1f8f3eeeda2f8d6eac)","source_layer":"https://services5.arcgis.com/aymthbPDQOcCnuwg/arcgis/rest/services/PavementPreservationAGOL_gdb/FeatureServer/1","source_object_id":47,"name":"GARFIELD ST: S Maple Ave to Wisconsin Ave","alley_id":null,"build_year":null,"length_ft":423.1,"street_name":"GARFIELD ST","from_street":"S Maple Ave","to_street":"Wisconsin Ave","road_class":"COLLECTOR","aadt":4050,"street_pci_2021":47,"street_iri_2021":250,"surface":"AC","crack_seal_year":null,"microsurface_year":null,"patching_year":null,"rejuvenator_year":null,"major_work_year":null,"major_work_type":null}},{"type":"Feature","geometry":{"type":"LineString","coordinates":[[-87.8036128215127,41.8722936624151],[-87.8044685278703,41.872312296166]]},"properties":{"project_type":"Crackfill Locations","program":"2026 Capital Improvements (web map 525f3c4a968c4e1f8f3eeeda2f8d6eac)","source_layer":"https://services5.arcgis.com/aymthbPDQOcCnuwg/arcgis/rest/services/PavementPreservationAGOL_gdb/FeatureServer/1","source_object_id":48,"name":"GARFIELD ST: Harlem Ave to S Maple Ave","alley_id":null,"build_year":null,"length_ft":233.2,"street_name":"GARFIELD ST","from_street":"Harlem Ave","to_street":"S Maple Ave","road_class":"COLLECTOR","aadt":4050,"street_pci_2021":69,"street_iri_2021":390,"surface":"AC","crack_seal_year":null,"microsurface_year":"2027","patching_year":null,"rejuvenator_year":null,"major_work_year":null,"major_work_type":null}},{"type":"Feature","geometry":{"type":"LineString","coordinates":[[-87.7816311379079,41.8690153584604],[-87.781567037303,41.8671912174702]]},"properties":{"project_type":"Crackfill Locations","program":"2026 Capital Improvements (web map 525f3c4a968c4e1f8f3eeeda2f8d6eac)","source_layer":"https://services5.arcgis.com/aymthbPDQOcCnuwg/arcgis/rest/services/PavementPreservationAGOL_gdb/FeatureServer/1","source_object_id":49,"name":"HIGHLAND AVE: Harvard St to Fillmore St","alley_id":null,"build_year":null,"length_ft":665.0,"street_name":"HIGHLAND AVE","from_street":"Harvard St","to_street":"Fillmore St","road_class":"RESIDENTIAL","aadt":600,"street_pci_2021":91,"street_iri_2021":305.666667,"surface":"AC","crack_seal_year":"2022","microsurface_year":null,"patching_year":null,"rejuvenator_year":null,"major_work_year":null,"major_work_type":null}},{"type":"Feature","geometry":{"type":"LineString","coordinates":[[-87.7888774169079,41.8653143366041],[-87.7889204471615,41.8670617181522]]},"properties":{"project_type":"Crackfill Locations","program":"2026 Capital Improvements (web map 525f3c4a968c4e1f8f3eeeda2f8d6eac)","source_layer":"https://services5.arcgis.com/aymthbPDQOcCnuwg/arcgis/rest/services/PavementPreservationAGOL_gdb/FeatureServer/1","source_object_id":54,"name":"None: None to None","alley_id":null,"build_year":null,"length_ft":null,"street_name":null,"from_street":null,"to_street":null,"road_class":null,"aadt":null,"street_pci_2021":null,"street_iri_2021":null,"surface":null,"crack_seal_year":null,"microsurface_year":null,"patching_year":null,"rejuvenator_year":null,"major_work_year":null,"major_work_type":null}},{"type":"Feature","geometry":{"type":"LineString","coordinates":[[-87.7995537618874,41.9071255795538],[-87.7996145107825,41.9089705032992]]},"properties":{"project_type":"Microsurface Locations","program":"2026 Capital Improvements (web map 525f3c4a968c4e1f8f3eeeda2f8d6eac)","source_layer":"https://services5.arcgis.com/aymthbPDQOcCnuwg/arcgis/rest/services/PavementPreservationAGOL_gdb/FeatureServer/2","source_object_id":1,"name":"WOODBINE AVE: W North Ave to Le Moyne Pkwy","alley_id":null,"build_year":null,"length_ft":672.5,"street_name":"WOODBINE AVE","from_street":"W North Ave","to_street":"Le Moyne Pkwy","road_class":"COLLECTOR","aadt":600,"street_pci_2021":80,"street_iri_2021":396,"surface":"AC","crack_seal_year":null,"microsurface_year":null,"patching_year":null,"rejuvenator_year":null,"major_work_year":null,"major_work_type":null}},{"type":"Feature","geometry":{"type":"LineString","coordinates":[[-87.7838197096041,41.8999123718698],[-87.7838906056386,41.9018796726629]]},"properties":{"project_type":"Microsurface Locations","program":"2026 Capital Improvements (web map 525f3c4a968c4e1f8f3eeeda2f8d6eac)","source_layer":"https://services5.arcgis.com/aymthbPDQOcCnuwg/arcgis/rest/services/PavementPreservationAGOL_gdb/FeatureServer/2","source_object_id":4,"name":"N CUYLER AVE: Division St to Thomas St","alley_id":null,"build_year":null,"length_ft":717.2,"street_name":"N CUYLER AVE","from_street":"Division St","to_street":"Thomas St","road_class":"RESIDENTIAL","aadt":600,"street_pci_2021":92,"street_iri_2021":202.333333,"surface":"AC","crack_seal_year":"2022","microsurface_year":null,"patching_year":null,"rejuvenator_year":null,"major_work_year":null,"major_work_type":null}},{"type":"Feature","geometry":{"type":"LineString","coordinates":[[-87.7929062166864,41.8761340412972],[-87.792845793164,41.8743086598819]]},"properties":{"project_type":"Microsurface Locations","program":"2026 Capital Improvements (web map 525f3c4a968c4e1f8f3eeeda2f8d6eac)","source_layer":"https://services5.arcgis.com/aymthbPDQOcCnuwg/arcgis/rest/services/PavementPreservationAGOL_gdb/FeatureServer/2","source_object_id":11,"name":"S EUCLID AVE: Jackson Blvd to Van Buren St","alley_id":null,"build_year":null,"length_ft":665.4,"street_name":"S EUCLID AVE","from_street":"Jackson Blvd","to_street":"Van Buren St","road_class":"RESIDENTIAL","aadt":600,"street_pci_2021":89,"street_iri_2021":273.666667,"surface":"AC","crack_seal_year":null,"microsurface_year":null,"patching_year":"2022","rejuvenator_year":"2024","major_work_year":null,"major_work_type":null}},{"type":"Feature","geometry":{"type":"LineString","coordinates":[[-87.7952565871432,41.8740802357292],[-87.796086437882,41.8740696648597]]},"properties":{"project_type":"Microsurface Locations","program":"2026 Capital Improvements (web map 525f3c4a968c4e1f8f3eeeda2f8d6eac)","source_layer":"https://services5.arcgis.com/aymthbPDQOcCnuwg/arcgis/rest/services/PavementPreservationAGOL_gdb/FeatureServer/2","source_object_id":12,"name":"VAN BUREN ST: Carpenter Ave to S Grove Ave","alley_id":null,"build_year":null,"length_ft":226.0,"street_name":"VAN BUREN ST","from_street":"Carpenter Ave","to_street":"S Grove Ave","road_class":"RESIDENTIAL","aadt":600,"street_pci_2021":76,"street_iri_2021":243,"surface":"AC","crack_seal_year":null,"microsurface_year":null,"patching_year":null,"rejuvenator_year":null,"major_work_year":null,"major_work_type":null}},{"type":"Feature","geometry":{"type":"LineString","coordinates":[[-87.7845613256479,41.8834520150584],[-87.7861940933291,41.883407975675]]},"properties":{"project_type":"Microsurface Locations","program":"2026 Capital Improvements (web map 525f3c4a968c4e1f8f3eeeda2f8d6eac)","source_layer":"https://services5.arcgis.com/aymthbPDQOcCnuwg/arcgis/rest/services/PavementPreservationAGOL_gdb/FeatureServer/2","source_object_id":13,"name":"RANDOLPH ST: S Elmwood Ave to S Ridgeland Ave","alley_id":null,"build_year":null,"length_ft":444.9,"street_name":"RANDOLPH ST","from_street":"S Elmwood Ave","to_street":"S Ridgeland Ave","road_class":"COLLECTOR","aadt":600,"street_pci_2021":80,"street_iri_2021":292,"surface":"AC","crack_seal_year":"2022","microsurface_year":null,"patching_year":null,"rejuvenator_year":null,"major_work_year":null,"major_work_type":null}},{"type":"Feature","geometry":{"type":"LineString","coordinates":[[-87.7862423859508,41.8851802632238],[-87.7861940933291,41.883407975675]]},"properties":{"project_type":"Microsurface Locations","program":"2026 Capital Improvements (web map 525f3c4a968c4e1f8f3eeeda2f8d6eac)","source_layer":"https://services5.arcgis.com/aymthbPDQOcCnuwg/arcgis/rest/services/PavementPreservationAGOL_gdb/FeatureServer/2","source_object_id":14,"name":"S ELMWOOD AVE: Pleaseant St to Randolph St","alley_id":null,"build_year":null,"length_ft":646.0,"street_name":"S ELMWOOD AVE","from_street":"Pleaseant St","to_street":"Randolph St","road_class":"RESIDENTIAL","aadt":600,"street_pci_2021":78,"street_iri_2021":341.333333,"surface":"AC","crack_seal_year":"2022","microsurface_year":null,"patching_year":null,"rejuvenator_year":null,"major_work_year":null,"major_work_type":null}},{"type":"Feature","geometry":{"type":"LineString","coordinates":[[-87.7998711159921,41.8796815394012],[-87.7998147096226,41.8782509964649]]},"properties":{"project_type":"Microsurface Locations","program":"2026 Capital Improvements (web map 525f3c4a968c4e1f8f3eeeda2f8d6eac)","source_layer":"https://services5.arcgis.com/aymthbPDQOcCnuwg/arcgis/rest/services/PavementPreservationAGOL_gdb/FeatureServer/2","source_object_id":15,"name":"HOME AVE: Madison St to Monroe Ave","alley_id":null,"build_year":null,"length_ft":521.5,"street_name":"HOME AVE","from_street":"Madison St","to_street":"Monroe Ave","road_class":"COLLECTOR","aadt":600,"street_pci_2021":83,"street_iri_2021":361.5,"surface":"AC","crack_seal_year":null,"microsurface_year":null,"patching_year":null,"rejuvenator_year":null,"major_work_year":null,"major_work_type":null}},{"type":"Feature","geometry":{"type":"LineString","coordinates":[[-87.7756962544499,41.8745868556207],[-87.7769221319476,41.8745667995007]]},"properties":{"project_type":"Microsurface Locations","program":"2026 Capital Improvements (web map 525f3c4a968c4e1f8f3eeeda2f8d6eac)","source_layer":"https://services5.arcgis.com/aymthbPDQOcCnuwg/arcgis/rest/services/PavementPreservationAGOL_gdb/FeatureServer/2","source_object_id":18,"name":"VAN BUREN ST: S Lyman Ave to S Humphrey Ave","alley_id":null,"build_year":null,"length_ft":334.0,"street_name":"VAN BUREN ST","from_street":"S Lyman Ave","to_street":"S Humphrey Ave","road_class":"RESIDENTIAL","aadt":600,"street_pci_2021":90,"street_iri_2021":297,"surface":"AC","crack_seal_year":"2022","microsurface_year":null,"patching_year":null,"rejuvenator_year":null,"major_work_year":null,"major_work_type":null}},{"type":"Feature","geometry":{"type":"LineString","coordinates":[[-87.7854468995954,41.8726159257695],[-87.7866869866641,41.8725916888556]]},"properties":{"project_type":"Microsurface Locations","program":"2026 Capital Improvements (web map 525f3c4a968c4e1f8f3eeeda2f8d6eac)","source_layer":"https://services5.arcgis.com/aymthbPDQOcCnuwg/arcgis/rest/services/PavementPreservationAGOL_gdb/FeatureServer/2","source_object_id":19,"name":"HARRISON ST: Gunderson Ave to S Elmwood Ave","alley_id":null,"build_year":null,"length_ft":337.9,"street_name":"HARRISON ST","from_street":"Gunderson Ave","to_street":"S Elmwood Ave","road_class":"COLLECTOR","aadt":600,"street_pci_2021":81,"street_iri_2021":238,"surface":"AC","crack_seal_year":"2022","microsurface_year":"2025","patching_year":null,"rejuvenator_year":null,"major_work_year":null,"major_work_type":null}},{"type":"Feature","geometry":{"type":"LineString","coordinates":[[-87.7816311379079,41.8690153584604],[-87.781567037303,41.8671912174702]]},"properties":{"project_type":"Microsurface Locations","program":"2026 Capital Improvements (web map 525f3c4a968c4e1f8f3eeeda2f8d6eac)","source_layer":"https://services5.arcgis.com/aymthbPDQOcCnuwg/arcgis/rest/services/PavementPreservationAGOL_gdb/FeatureServer/2","source_object_id":20,"name":"HIGHLAND AVE: Harvard St to Fillmore St","alley_id":null,"build_year":null,"length_ft":665.0,"street_name":"HIGHLAND AVE","from_street":"Harvard St","to_street":"Fillmore St","road_class":"RESIDENTIAL","aadt":600,"street_pci_2021":91,"street_iri_2021":305.666667,"surface":"AC","crack_seal_year":"2022","microsurface_year":null,"patching_year":null,"rejuvenator_year":null,"major_work_year":null,"major_work_type":null}},{"type":"Feature","geometry":{"type":"LineString","coordinates":[[-87.7888774169079,41.8653143366041],[-87.7889204471615,41.8670617181522]]},"properties":{"project_type":"Microsurface Locations","program":"2026 Capital Improvements (web map 525f3c4a968c4e1f8f3eeeda2f8d6eac)","source_layer":"https://services5.arcgis.com/aymthbPDQOcCnuwg/arcgis/rest/services/PavementPreservationAGOL_gdb/FeatureServer/2","source_object_id":21,"name":"None: None to None","alley_id":null,"build_year":null,"length_ft":null,"street_name":null,"from_street":null,"to_street":null,"road_class":null,"aadt":null,"street_pci_2021":null,"street_iri_2021":null,"surface":null,"crack_seal_year":null,"microsurface_year":null,"patching_year":null,"rejuvenator_year":null,"major_work_year":null,"major_work_type":null}},{"type":"Feature","geometry":{"type":"LineString","coordinates":[[-87.7752530424002,41.8983616457359],[-87.7764701085169,41.898341615272]]},"properties":{"project_type":"Rejuvenator Locations","program":"2026 Capital Improvements (web map 525f3c4a968c4e1f8f3eeeda2f8d6eac)","source_layer":"https://services5.arcgis.com/aymthbPDQOcCnuwg/arcgis/rest/services/PavementPreservationAGOL_gdb/FeatureServer/3","source_object_id":1,"name":"AUGUSTA ST: N Humphrey Ave to N Austin Blvd","alley_id":null,"build_year":null,"length_ft":331.4,"street_name":"AUGUSTA ST","from_street":"N Humphrey Ave","to_street":"N Austin Blvd","road_class":"COLLECTOR","aadt":1950,"street_pci_2021":56,"street_iri_2021":400,"surface":"AC","crack_seal_year":null,"microsurface_year":null,"patching_year":null,"rejuvenator_year":null,"major_work_year":null,"major_work_type":null}},{"type":"Feature","geometry":{"type":"LineString","coordinates":[[-87.7764701085169,41.898341615272],[-87.7768740155524,41.8983337784159]]},"properties":{"project_type":"Rejuvenator Locations","program":"2026 Capital Improvements (web map 525f3c4a968c4e1f8f3eeeda2f8d6eac)","source_layer":"https://services5.arcgis.com/aymthbPDQOcCnuwg/arcgis/rest/services/PavementPreservationAGOL_gdb/FeatureServer/3","source_object_id":2,"name":"AUGUSTA ST: N Humphrey Ave to N Humphrey Ave","alley_id":null,"build_year":null,"length_ft":110.0,"street_name":"AUGUSTA ST","from_street":"N Humphrey Ave","to_street":"N Humphrey Ave","road_class":"COLLECTOR","aadt":1950,"street_pci_2021":37,"street_iri_2021":275,"surface":"AC","crack_seal_year":null,"microsurface_year":null,"patching_year":null,"rejuvenator_year":null,"major_work_year":null,"major_work_type":null}},{"type":"Feature","geometry":{"type":"LineString","coordinates":[[-87.7768740155524,41.8983337784159],[-87.7776892029628,41.8983224559522]]},"properties":{"project_type":"Rejuvenator Locations","program":"2026 Capital Improvements (web map 525f3c4a968c4e1f8f3eeeda2f8d6eac)","source_layer":"https://services5.arcgis.com/aymthbPDQOcCnuwg/arcgis/rest/services/PavementPreservationAGOL_gdb/FeatureServer/3","source_object_id":3,"name":"AUGUSTA ST: N Taylor Ave to N Humphrey Ave","alley_id":null,"build_year":null,"length_ft":222.0,"street_name":"AUGUSTA ST","from_street":"N Taylor Ave","to_street":"N Humphrey Ave","road_class":"COLLECTOR","aadt":1950,"street_pci_2021":17,"street_iri_2021":368,"surface":"AC","crack_seal_year":null,"microsurface_year":null,"patching_year":null,"rejuvenator_year":"2026","major_work_year":"2024","major_work_type":"Reconstruction"}},{"type":"Feature","geometry":{"type":"LineString","coordinates":[[-87.7776892029628,41.8983224559522],[-87.778497018312,41.8983099045328]]},"properties":{"project_type":"Rejuvenator Locations","program":"2026 Capital Improvements (web map 525f3c4a968c4e1f8f3eeeda2f8d6eac)","source_layer":"https://services5.arcgis.com/aymthbPDQOcCnuwg/arcgis/rest/services/PavementPreservationAGOL_gdb/FeatureServer/3","source_object_id":4,"name":"AUGUSTA ST: N Taylor Ave to N Taylor Ave","alley_id":null,"build_year":null,"length_ft":220.0,"street_name":"AUGUSTA ST","from_street":"N Taylor Ave","to_street":"N Taylor Ave","road_class":"RESIDENTIAL","aadt":1950,"street_pci_2021":62,"street_iri_2021":374,"surface":"AC","crack_seal_year":null,"microsurface_year":null,"patching_year":null,"rejuvenator_year":"2026","major_work_year":"2024","major_work_type":"M&O"}},{"type":"Feature","geometry":{"type":"LineString","coordinates":[[-87.778497018312,41.8983099045328],[-87.7789042671629,41.898305212567]]},"properties":{"project_type":"Rejuvenator Locations","program":"2026 Capital Improvements (web map 525f3c4a968c4e1f8f3eeeda2f8d6eac)","source_layer":"https://services5.arcgis.com/aymthbPDQOcCnuwg/arcgis/rest/services/PavementPreservationAGOL_gdb/FeatureServer/3","source_object_id":5,"name":"AUGUSTA ST: N Taylor Ave to N Taylor Ave","alley_id":null,"build_year":null,"length_ft":110.9,"street_name":"AUGUSTA ST","from_street":"N Taylor Ave","to_street":"N Taylor Ave","road_class":"RESIDENTIAL","aadt":1950,"street_pci_2021":36,"street_iri_2021":424,"surface":"AC","crack_seal_year":null,"microsurface_year":null,"patching_year":null,"rejuvenator_year":"2026","major_work_year":"2024","major_work_type":"M&O"}},{"type":"Feature","geometry":{"type":"LineString","coordinates":[[-87.7789042671629,41.898305212567],[-87.7801206433969,41.8982890502556]]},"properties":{"project_type":"Rejuvenator Locations","program":"2026 Capital Improvements (web map 525f3c4a968c4e1f8f3eeeda2f8d6eac)","source_layer":"https://services5.arcgis.com/aymthbPDQOcCnuwg/arcgis/rest/services/PavementPreservationAGOL_gdb/FeatureServer/3","source_object_id":6,"name":"AUGUSTA ST: N Lombard Ave to N Hayes Ave","alley_id":null,"build_year":null,"length_ft":331.2,"street_name":"AUGUSTA ST","from_street":"N Lombard Ave","to_street":"N Hayes Ave","road_class":"RESIDENTIAL","aadt":1950,"street_pci_2021":49,"street_iri_2021":340,"surface":"AC","crack_seal_year":null,"microsurface_year":null,"patching_year":null,"rejuvenator_year":"2026","major_work_year":"2024","major_work_type":"M&O"}},{"type":"Feature","geometry":{"type":"LineString","coordinates":[[-87.79233300684,41.8981092250738],[-87.7923765681934,41.8997733354498]]},"properties":{"project_type":"Rejuvenator Locations","program":"2026 Capital Improvements (web map 525f3c4a968c4e1f8f3eeeda2f8d6eac)","source_layer":"https://services5.arcgis.com/aymthbPDQOcCnuwg/arcgis/rest/services/PavementPreservationAGOL_gdb/FeatureServer/3","source_object_id":7,"name":"LINDEN AVE: Thomas St to Augusta St","alley_id":null,"build_year":null,"length_ft":606.5,"street_name":"LINDEN AVE","from_street":"Thomas St","to_street":"Augusta St","road_class":"RESIDENTIAL","aadt":600,"street_pci_2021":60,"street_iri_2021":368,"surface":"AC","crack_seal_year":null,"microsurface_year":null,"patching_year":null,"rejuvenator_year":null,"major_work_year":null,"major_work_type":null}},{"type":"Feature","geometry":{"type":"LineString","coordinates":[[-87.8033546382573,41.8971026531281],[-87.8053508871437,41.897064861719]]},"properties":{"project_type":"Rejuvenator Locations","program":"2026 Capital Improvements (web map 525f3c4a968c4e1f8f3eeeda2f8d6eac)","source_layer":"https://services5.arcgis.com/aymthbPDQOcCnuwg/arcgis/rest/services/PavementPreservationAGOL_gdb/FeatureServer/3","source_object_id":8,"name":"MILLER AVE: N Harlem Ave to N Marion St","alley_id":null,"build_year":null,"length_ft":543.7,"street_name":"MILLER AVE","from_street":"N Harlem Ave","to_street":"N Marion St","road_class":"RESIDENTIAL","aadt":600,"street_pci_2021":58,"street_iri_2021":311.5,"surface":"AC","crack_seal_year":null,"microsurface_year":null,"patching_year":null,"rejuvenator_year":null,"major_work_year":null,"major_work_type":null}},{"type":"Feature","geometry":{"type":"LineString","coordinates":[[-87.7768174331652,41.8965145883485],[-87.7784426565921,41.8964876521695]]},"properties":{"project_type":"Rejuvenator Locations","program":"2026 Capital Improvements (web map 525f3c4a968c4e1f8f3eeeda2f8d6eac)","source_layer":"https://services5.arcgis.com/aymthbPDQOcCnuwg/arcgis/rest/services/PavementPreservationAGOL_gdb/FeatureServer/3","source_object_id":9,"name":"IOWA ST: N Taylor Ave to N Humphrey Ave","alley_id":null,"build_year":null,"length_ft":442.6,"street_name":"IOWA ST","from_street":"N Taylor Ave","to_street":"N Humphrey Ave","road_class":"RESIDENTIAL","aadt":600,"street_pci_2021":44,"street_iri_2021":313,"surface":"AC","crack_seal_year":null,"microsurface_year":null,"patching_year":null,"rejuvenator_year":"2026","major_work_year":"2025","major_work_type":"M&O"}},{"type":"Feature","geometry":{"type":"LineString","coordinates":[[-87.7784426565921,41.8964876521695],[-87.7800665662487,41.896467015152]]},"properties":{"project_type":"Rejuvenator Locations","program":"2026 Capital Improvements (web map 525f3c4a968c4e1f8f3eeeda2f8d6eac)","source_layer":"https://services5.arcgis.com/aymthbPDQOcCnuwg/arcgis/rest/services/PavementPreservationAGOL_gdb/FeatureServer/3","source_object_id":10,"name":"IOWA ST: N Lombard Ave to N Taylor Ave","alley_id":null,"build_year":null,"length_ft":442.2,"street_name":"IOWA ST","from_street":"N Lombard Ave","to_street":"N Taylor Ave","road_class":"RESIDENTIAL","aadt":600,"street_pci_2021":51,"street_iri_2021":385,"surface":"AC","crack_seal_year":null,"microsurface_year":null,"patching_year":null,"rejuvenator_year":"2026","major_work_year":"2024","major_work_type":"M&O"}},{"type":"Feature","geometry":{"type":"LineString","coordinates":[[-87.802790914635,41.8930648386584],[-87.8039205711841,41.8930443770353]]},"properties":{"project_type":"Rejuvenator Locations","program":"2026 Capital Improvements (web map 525f3c4a968c4e1f8f3eeeda2f8d6eac)","source_layer":"https://services5.arcgis.com/aymthbPDQOcCnuwg/arcgis/rest/services/PavementPreservationAGOL_gdb/FeatureServer/3","source_object_id":11,"name":"SUPERIOR ST: N Maple Ave to N Marion St","alley_id":null,"build_year":null,"length_ft":307.7,"street_name":"SUPERIOR ST","from_street":"N Maple Ave","to_street":"N Marion St","road_class":"RESIDENTIAL","aadt":600,"street_pci_2021":58,"street_iri_2021":334,"surface":"AC","crack_seal_year":null,"microsurface_year":null,"patching_year":null,"rejuvenator_year":null,"major_work_year":null,"major_work_type":null}},{"type":"Feature","geometry":{"type":"LineString","coordinates":[[-87.8039205711841,41.8930443770353],[-87.8052002120785,41.8930170240985]]},"properties":{"project_type":"Rejuvenator Locations","program":"2026 Capital Improvements (web map 525f3c4a968c4e1f8f3eeeda2f8d6eac)","source_layer":"https://services5.arcgis.com/aymthbPDQOcCnuwg/arcgis/rest/services/PavementPreservationAGOL_gdb/FeatureServer/3","source_object_id":12,"name":"SUPERIOR ST: N Harlem Ave to N Maple Ave","alley_id":null,"build_year":null,"length_ft":348.6,"street_name":"SUPERIOR ST","from_street":"N Harlem Ave","to_street":"N Maple Ave","road_class":"RESIDENTIAL","aadt":600,"street_pci_2021":55,"street_iri_2021":362.5,"surface":"AC","crack_seal_year":null,"microsurface_year":null,"patching_year":null,"rejuvenator_year":"2027","major_work_year":"2024","major_work_type":"M&O"}},{"type":"Feature","geometry":{"type":"LineString","coordinates":[[-87.7904605985201,41.8761783092031],[-87.7903989267177,41.874355628031]]},"properties":{"project_type":"Rejuvenator Locations","program":"2026 Capital Improvements (web map 525f3c4a968c4e1f8f3eeeda2f8d6eac)","source_layer":"https://services5.arcgis.com/aymthbPDQOcCnuwg/arcgis/rest/services/PavementPreservationAGOL_gdb/FeatureServer/3","source_object_id":23,"name":"CLARENCE AVE: Jackson Blvd to Van Buren St","alley_id":null,"build_year":null,"length_ft":664.4,"street_name":"CLARENCE AVE","from_street":"Jackson Blvd","to_street":"Van Buren St","road_class":"RESIDENTIAL","aadt":600,"street_pci_2021":57,"street_iri_2021":293,"surface":"AC","crack_seal_year":null,"microsurface_year":null,"patching_year":null,"rejuvenator_year":null,"major_work_year":null,"major_work_type":null}},{"type":"Feature","geometry":{"type":"LineString","coordinates":[[-87.7903989267177,41.874355628031],[-87.7903360922221,41.8725458489999]]},"properties":{"project_type":"Rejuvenator Locations","program":"2026 Capital Improvements (web map 525f3c4a968c4e1f8f3eeeda2f8d6eac)","source_layer":"https://services5.arcgis.com/aymthbPDQOcCnuwg/arcgis/rest/services/PavementPreservationAGOL_gdb/FeatureServer/3","source_object_id":25,"name":"CLARENCE AVE: Van Buren St to Harrison St","alley_id":null,"build_year":null,"length_ft":659.7,"street_name":"CLARENCE AVE","from_street":"Van Buren St","to_street":"Harrison St","road_class":"RESIDENTIAL","aadt":600,"street_pci_2021":58,"street_iri_2021":307,"surface":"AC","crack_seal_year":null,"microsurface_year":null,"patching_year":null,"rejuvenator_year":null,"major_work_year":null,"major_work_type":null}},{"type":"Feature","geometry":{"type":"LineString","coordinates":[[-87.7992329524497,41.872375452635],[-87.8006428228735,41.8723479316701]]},"properties":{"project_type":"Rejuvenator Locations","program":"2026 Capital Improvements (web map 525f3c4a968c4e1f8f3eeeda2f8d6eac)","source_layer":"https://services5.arcgis.com/aymthbPDQOcCnuwg/arcgis/rest/services/PavementPreservationAGOL_gdb/FeatureServer/3","source_object_id":26,"name":"GARFIELD ST: Wenonah Ave to Home Ave","alley_id":null,"build_year":null,"length_ft":384.1,"street_name":"GARFIELD ST","from_street":"Wenonah Ave","to_street":"Home Ave","road_class":"COLLECTOR","aadt":4050,"street_pci_2021":57,"street_iri_2021":388.5,"surface":"PCC","crack_seal_year":null,"microsurface_year":null,"patching_year":null,"rejuvenator_year":null,"major_work_year":null,"major_work_type":null}},{"type":"Feature","geometry":{"type":"LineString","coordinates":[[-87.8006428228735,41.8723479316701],[-87.8020597647497,41.8723219665976]]},"properties":{"project_type":"Rejuvenator Locations","program":"2026 Capital Improvements (web map 525f3c4a968c4e1f8f3eeeda2f8d6eac)","source_layer":"https://services5.arcgis.com/aymthbPDQOcCnuwg/arcgis/rest/services/PavementPreservationAGOL_gdb/FeatureServer/3","source_object_id":27,"name":"GARFIELD ST: Wisconsin Ave to Wenonah Ave","alley_id":null,"build_year":null,"length_ft":386.0,"street_name":"GARFIELD ST","from_street":"Wisconsin Ave","to_street":"Wenonah Ave","road_class":"COLLECTOR","aadt":4050,"street_pci_2021":66,"street_iri_2021":283,"surface":"AC","crack_seal_year":null,"microsurface_year":"2027","patching_year":null,"rejuvenator_year":null,"major_work_year":null,"major_work_type":null}},{"type":"Feature","geometry":{"type":"LineString","coordinates":[[-87.8020597647497,41.8723219665976],[-87.8036128215127,41.8722936624151]]},"properties":{"project_type":"Rejuvenator Locations","program":"2026 Capital Improvements (web map 525f3c4a968c4e1f8f3eeeda2f8d6eac)","source_layer":"https://services5.arcgis.com/aymthbPDQOcCnuwg/arcgis/rest/services/PavementPreservationAGOL_gdb/FeatureServer/3","source_object_id":28,"name":"GARFIELD ST: S Maple Ave to Wisconsin Ave","alley_id":null,"build_year":null,"length_ft":423.1,"street_name":"GARFIELD ST","from_street":"S Maple Ave","to_street":"Wisconsin Ave","road_class":"COLLECTOR","aadt":4050,"street_pci_2021":47,"street_iri_2021":250,"surface":"AC","crack_seal_year":null,"microsurface_year":null,"patching_year":null,"rejuvenator_year":null,"major_work_year":null,"major_work_type":null}},{"type":"Feature","geometry":{"type":"LineString","coordinates":[[-87.8036128215127,41.8722936624151],[-87.8044685278703,41.872312296166]]},"properties":{"project_type":"Rejuvenator Locations","program":"2026 Capital Improvements (web map 525f3c4a968c4e1f8f3eeeda2f8d6eac)","source_layer":"https://services5.arcgis.com/aymthbPDQOcCnuwg/arcgis/rest/services/PavementPreservationAGOL_gdb/FeatureServer/3","source_object_id":29,"name":"GARFIELD ST: Harlem Ave to S Maple Ave","alley_id":null,"build_year":null,"length_ft":233.2,"street_name":"GARFIELD ST","from_street":"Harlem Ave","to_street":"S Maple Ave","road_class":"COLLECTOR","aadt":4050,"street_pci_2021":69,"street_iri_2021":390,"surface":"AC","crack_seal_year":null,"microsurface_year":"2027","patching_year":null,"rejuvenator_year":null,"major_work_year":null,"major_work_type":null}},{"type":"Feature","geometry":{"type":"LineString","coordinates":[[-87.78447740794321,41.880459254558],[-87.784348337966,41.880461988362065],[-87.78362054085642,41.88047294169303],[-87.78299058699524,41.88048595100132],[-87.78283979956032,41.88048926784096]]},"properties":{"project_type":"Proposed Alley Reconstruction","program":"Alley Condition Ratings and Reconstruction Priorities V2 (web map 8b9855b623b64b65bd71a5269a287b77, plan layer dated 2025-01-27)","source_layer":"https://utility.arcgis.com/usrsvcs/servers/4cff1aaefa364b57b8c70d5c606f2088/rest/services/VOP/AGOL_VOP_Project/MapServer/164","source_object_id":1,"name":"420-S","alley_id":"420-S","build_year":2027,"length_ft":446.1,"feature_id":"0262764"}},{"type":"Feature","geometry":{"type":"LineString","coordinates":[[-87.7807487184093,41.906931218192156],[-87.7809025050838,41.90692941148276],[-87.78122511704444,41.90692594110314],[-87.78139591327653,41.90692491255076],[-87.78161788592013,41.906923575301555],[-87.78205012014278,41.906915717054105]]},"properties":{"project_type":"Proposed Alley Reconstruction","program":"Alley Condition Ratings and Reconstruction Priorities V2 (web map 8b9855b623b64b65bd71a5269a287b77, plan layer dated 2025-01-27)","source_layer":"https://utility.arcgis.com/usrsvcs/servers/4cff1aaefa364b57b8c70d5c606f2088/rest/services/VOP/AGOL_VOP_Project/MapServer/164","source_object_id":2,"name":"114-N","alley_id":"114-N","build_year":2025,"length_ft":354.3,"feature_id":"0262736"}},{"type":"Feature","geometry":{"type":"LineString","coordinates":[[-87.79022806209692,41.88162326628465],[-87.79022380220799,41.88145546325932],[-87.79021307217498,41.881161447545324],[-87.7902112781286,41.88109837614594],[-87.79020659157023,41.880933698848494],[-87.79019922015951,41.88065937596655],[-87.79018989738191,41.88035531261042]]},"properties":{"project_type":"Proposed Alley Reconstruction","program":"Alley Condition Ratings and Reconstruction Priorities V2 (web map 8b9855b623b64b65bd71a5269a287b77, plan layer dated 2025-01-27)","source_layer":"https://utility.arcgis.com/usrsvcs/servers/4cff1aaefa364b57b8c70d5c606f2088/rest/services/VOP/AGOL_VOP_Project/MapServer/164","source_object_id":3,"name":"436","alley_id":"436","build_year":2027,"length_ft":462.2,"feature_id":"0262991"}},{"type":"Feature","geometry":{"type":"LineString","coordinates":[[-87.79101081220301,41.880341988460785],[-87.79075747629834,41.8803446420305],[-87.79039814270655,41.880351011884244],[-87.79018989738191,41.88035531261042],[-87.7899927804676,41.88035938569642],[-87.7896890113092,41.88036500083057],[-87.78937716216483,41.880373148254634]]},"properties":{"project_type":"Proposed Alley Reconstruction","program":"Alley Condition Ratings and Reconstruction Priorities V2 (web map 8b9855b623b64b65bd71a5269a287b77, plan layer dated 2025-01-27)","source_layer":"https://utility.arcgis.com/usrsvcs/servers/4cff1aaefa364b57b8c70d5c606f2088/rest/services/VOP/AGOL_VOP_Project/MapServer/164","source_object_id":4,"name":"436-S","alley_id":"436-S","build_year":2027,"length_ft":445.0,"feature_id":"0263019"}},{"type":"Feature","geometry":{"type":"LineString","coordinates":[[-87.78139591327653,41.90692491255076],[-87.7813913268167,41.90658733326254],[-87.78137958425134,41.906223307621836],[-87.78136530731825,41.90581660027369]]},"properties":{"project_type":"Proposed Alley Reconstruction","program":"Alley Condition Ratings and Reconstruction Priorities V2 (web map 8b9855b623b64b65bd71a5269a287b77, plan layer dated 2025-01-27)","source_layer":"https://utility.arcgis.com/usrsvcs/servers/4cff1aaefa364b57b8c70d5c606f2088/rest/services/VOP/AGOL_VOP_Project/MapServer/164","source_object_id":5,"name":"114","alley_id":"114","build_year":2025,"length_ft":404.0,"feature_id":"0263021"}},{"type":"Feature","geometry":{"type":"LineString","coordinates":[[-87.78888335773978,41.865702447387044],[-87.78857462990457,41.865702786393925],[-87.78825585329861,41.86571139472937]]},"properties":{"project_type":"Proposed Alley Reconstruction","program":"Alley Condition Ratings and Reconstruction Priorities V2 (web map 8b9855b623b64b65bd71a5269a287b77, plan layer dated 2025-01-27)","source_layer":"https://utility.arcgis.com/usrsvcs/servers/4cff1aaefa364b57b8c70d5c606f2088/rest/services/VOP/AGOL_VOP_Project/MapServer/164","source_object_id":6,"name":"641-S","alley_id":"641-S","build_year":2028,"length_ft":171.0,"feature_id":"0263162"}},{"type":"Feature","geometry":{"type":"LineString","coordinates":[[-87.78250186815268,41.87631219781585],[-87.78251529279518,41.87674149919961],[-87.78253132001568,41.877184170001065],[-87.78254916026603,41.87772789150055],[-87.7825567028325,41.87805114583005],[-87.78255968314302,41.87810860557613]]},"properties":{"project_type":"Proposed Alley Reconstruction","program":"Alley Condition Ratings and Reconstruction Priorities V2 (web map 8b9855b623b64b65bd71a5269a287b77, plan layer dated 2025-01-27)","source_layer":"https://utility.arcgis.com/usrsvcs/servers/4cff1aaefa364b57b8c70d5c606f2088/rest/services/VOP/AGOL_VOP_Project/MapServer/164","source_object_id":7,"name":"525","alley_id":"525","build_year":2025,"length_ft":654.8,"feature_id":"0262605"}},{"type":"Feature","geometry":{"type":"LineString","coordinates":[[-87.79858403977667,41.89981677472198],[-87.79857792329138,41.89959891091434],[-87.79856378071001,41.899132323589534],[-87.79854432609801,41.89862004726284],[-87.79852402151354,41.89799836213239]]},"properties":{"project_type":"Proposed Alley Reconstruction","program":"Alley Condition Ratings and Reconstruction Priorities V2 (web map 8b9855b623b64b65bd71a5269a287b77, plan layer dated 2025-01-27)","source_layer":"https://utility.arcgis.com/usrsvcs/servers/4cff1aaefa364b57b8c70d5c606f2088/rest/services/VOP/AGOL_VOP_Project/MapServer/164","source_object_id":8,"name":"261","alley_id":"261","build_year":2029,"length_ft":662.8,"feature_id":"0262535"}},{"type":"Feature","geometry":{"type":"LineString","coordinates":[[-87.78605363695003,41.87260296024534],[-87.78607549482923,41.87332474331564],[-87.78610260084385,41.874081299060265],[-87.78611646033622,41.87435049421128],[-87.7861170581851,41.87442719075895]]},"properties":{"project_type":"Proposed Alley Reconstruction","program":"Alley Condition Ratings and Reconstruction Priorities V2 (web map 8b9855b623b64b65bd71a5269a287b77, plan layer dated 2025-01-27)","source_layer":"https://utility.arcgis.com/usrsvcs/servers/4cff1aaefa364b57b8c70d5c606f2088/rest/services/VOP/AGOL_VOP_Project/MapServer/164","source_object_id":9,"name":"535","alley_id":"535","build_year":2029,"length_ft":665.0,"feature_id":"0262403"}},{"type":"Feature","geometry":{"type":"LineString","coordinates":[[-87.78873071148011,41.8793343980243],[-87.78870403144444,41.87857141029508],[-87.78869018963259,41.87812578766717],[-87.78868518703548,41.878035132224866]]},"properties":{"project_type":"Proposed Alley Reconstruction","program":"Alley Condition Ratings and Reconstruction Priorities V2 (web map 8b9855b623b64b65bd71a5269a287b77, plan layer dated 2025-01-27)","source_layer":"https://utility.arcgis.com/usrsvcs/servers/4cff1aaefa364b57b8c70d5c606f2088/rest/services/VOP/AGOL_VOP_Project/MapServer/164","source_object_id":10,"name":"546","alley_id":"546","build_year":2025,"length_ft":473.6,"feature_id":"0262593"}},{"type":"Feature","geometry":{"type":"LineString","coordinates":[[-87.79032477955936,41.88511254221142],[-87.79032067975041,41.884933161369126],[-87.79030771936904,41.88444706588397],[-87.79029029009156,41.883868577741296],[-87.79028202244281,41.88348319092634],[-87.79027515414151,41.883338042450376]]},"properties":{"project_type":"Proposed Alley Reconstruction","program":"Alley Condition Ratings and Reconstruction Priorities V2 (web map 8b9855b623b64b65bd71a5269a287b77, plan layer dated 2025-01-27)","source_layer":"https://utility.arcgis.com/usrsvcs/servers/4cff1aaefa364b57b8c70d5c606f2088/rest/services/VOP/AGOL_VOP_Project/MapServer/164","source_object_id":11,"name":"438","alley_id":"438","build_year":2026,"length_ft":646.8,"feature_id":"0262571"}},{"type":"Feature","geometry":{"type":"LineString","coordinates":[[-87.79575617748928,41.90717955271165],[-87.79575477208823,41.90707295435892],[-87.79574701682725,41.90679317020893],[-87.79572882565705,41.906198463038386],[-87.79571057893091,41.905457158198224],[-87.79570830071212,41.90534995473806]]},"properties":{"project_type":"Proposed Alley Reconstruction","program":"Alley Condition Ratings and Reconstruction Priorities V2 (web map 8b9855b623b64b65bd71a5269a287b77, plan layer dated 2025-01-27)","source_layer":"https://utility.arcgis.com/usrsvcs/servers/4cff1aaefa364b57b8c70d5c606f2088/rest/services/VOP/AGOL_VOP_Project/MapServer/164","source_object_id":12,"name":"158","alley_id":"158","build_year":2025,"length_ft":666.8,"feature_id":"0262665"}},{"type":"Feature","geometry":{"type":"LineString","coordinates":[[-87.7902112781286,41.88109837614594],[-87.78984174283448,41.88110505275802],[-87.78950298841187,41.881109239465104],[-87.78939754619351,41.88111009026928]]},"properties":{"project_type":"Proposed Alley Reconstruction","program":"Alley Condition Ratings and Reconstruction Priorities V2 (web map 8b9855b623b64b65bd71a5269a287b77, plan layer dated 2025-01-27)","source_layer":"https://utility.arcgis.com/usrsvcs/servers/4cff1aaefa364b57b8c70d5c606f2088/rest/services/VOP/AGOL_VOP_Project/MapServer/164","source_object_id":13,"name":"436-N","alley_id":"436-N","build_year":2027,"length_ft":221.6,"feature_id":"0262546"}},{"type":"Feature","geometry":{"type":"LineString","coordinates":[[-87.79939501921285,41.87542759207004],[-87.79940320872306,41.87561183553687],[-87.79942236839544,41.87607153246249],[-87.79944479800966,41.87662367105136],[-87.79944777321829,41.87684238002938]]},"properties":{"project_type":"Proposed Alley Reconstruction","program":"Alley Condition Ratings and Reconstruction Priorities V2 (web map 8b9855b623b64b65bd71a5269a287b77, plan layer dated 2025-01-27)","source_layer":"https://utility.arcgis.com/usrsvcs/servers/4cff1aaefa364b57b8c70d5c606f2088/rest/services/VOP/AGOL_VOP_Project/MapServer/164","source_object_id":14,"name":"582","alley_id":"582","build_year":2028,"length_ft":515.8,"feature_id":"0262678"}},{"type":"Feature","geometry":{"type":"LineString","coordinates":[[-87.79556700958597,41.89986848983351],[-87.79556491406471,41.89973648739357],[-87.79555190203284,41.89922094771875],[-87.79554363991731,41.89887916833141],[-87.7955303164313,41.898335114421684],[-87.79552384001865,41.89805632924116]]},"properties":{"project_type":"Proposed Alley Reconstruction","program":"Alley Condition Ratings and Reconstruction Priorities V2 (web map 8b9855b623b64b65bd71a5269a287b77, plan layer dated 2025-01-27)","source_layer":"https://utility.arcgis.com/usrsvcs/servers/4cff1aaefa364b57b8c70d5c606f2088/rest/services/VOP/AGOL_VOP_Project/MapServer/164","source_object_id":15,"name":"254","alley_id":"254","build_year":2029,"length_ft":660.5,"feature_id":"0262439"}},{"type":"Feature","geometry":{"type":"LineString","coordinates":[[-87.78934341427123,41.87932249394366],[-87.78926519760992,41.87932358061571],[-87.78904666225499,41.879329241069634],[-87.78886640842005,41.87933269510629],[-87.78873071148011,41.8793343980243]]},"properties":{"project_type":"Proposed Alley Reconstruction","program":"Alley Condition Ratings and Reconstruction Priorities V2 (web map 8b9855b623b64b65bd71a5269a287b77, plan layer dated 2025-01-27)","source_layer":"https://utility.arcgis.com/usrsvcs/servers/4cff1aaefa364b57b8c70d5c606f2088/rest/services/VOP/AGOL_VOP_Project/MapServer/164","source_object_id":16,"name":"546-N","alley_id":"546-N","build_year":2025,"length_ft":166.9,"feature_id":"0262484"}},{"type":"Feature","geometry":{"type":"LineString","coordinates":[[-87.80275499809025,41.87048654824078],[-87.80274523643187,41.870232472676406],[-87.80270543534375,41.86914943193645],[-87.80269726690487,41.868659239422996]]},"properties":{"project_type":"Proposed Alley Reconstruction","program":"Alley Condition Ratings and Reconstruction Priorities V2 (web map 8b9855b623b64b65bd71a5269a287b77, plan layer dated 2025-01-27)","source_layer":"https://utility.arcgis.com/usrsvcs/servers/4cff1aaefa364b57b8c70d5c606f2088/rest/services/VOP/AGOL_VOP_Project/MapServer/164","source_object_id":17,"name":"685","alley_id":"685","build_year":2027,"length_ft":666.1,"feature_id":"0262729"}},{"type":"Feature","geometry":{"type":"LineString","coordinates":[[-87.80313991092322,41.881429729914295],[-87.80314061898402,41.881468457332446],[-87.8031500531773,41.881713177761895],[-87.80317548344489,41.8823461746459],[-87.80319674441876,41.88287498040472],[-87.80322100277547,41.88324601370378]]},"properties":{"project_type":"Proposed Alley Reconstruction","program":"Alley Condition Ratings and Reconstruction Priorities V2 (web map 8b9855b623b64b65bd71a5269a287b77, plan layer dated 2025-01-27)","source_layer":"https://utility.arcgis.com/usrsvcs/servers/4cff1aaefa364b57b8c70d5c606f2088/rest/services/VOP/AGOL_VOP_Project/MapServer/164","source_object_id":18,"name":"469","alley_id":"469","build_year":2028,"length_ft":662.3,"feature_id":"0262570"}},{"type":"Feature","geometry":{"type":"LineString","coordinates":[[-87.78121777209843,41.87450524091414],[-87.78122163972358,41.87462583383215],[-87.78122995913009,41.87486229137344],[-87.78125571676365,41.87567507128214],[-87.78127890495392,41.87623608086021],[-87.78128225980426,41.87633222546085]]},"properties":{"project_type":"Proposed Alley Reconstruction","program":"Alley Condition Ratings and Reconstruction Priorities V2 (web map 8b9855b623b64b65bd71a5269a287b77, plan layer dated 2025-01-27)","source_layer":"https://utility.arcgis.com/usrsvcs/servers/4cff1aaefa364b57b8c70d5c606f2088/rest/services/VOP/AGOL_VOP_Project/MapServer/164","source_object_id":19,"name":"521","alley_id":"521","build_year":2027,"length_ft":666.0,"feature_id":"0262814"}},{"type":"Feature","geometry":{"type":"LineString","coordinates":[[-87.78831622956984,41.86708182944414],[-87.78830983939281,41.86691089765877],[-87.78828498407437,41.86614156390214],[-87.78825585329861,41.86571139472937]]},"properties":{"project_type":"Proposed Alley Reconstruction","program":"Alley Condition Ratings and Reconstruction Priorities V2 (web map 8b9855b623b64b65bd71a5269a287b77, plan layer dated 2025-01-27)","source_layer":"https://utility.arcgis.com/usrsvcs/servers/4cff1aaefa364b57b8c70d5c606f2088/rest/services/VOP/AGOL_VOP_Project/MapServer/164","source_object_id":20,"name":"641","alley_id":"641","build_year":2028,"length_ft":499.7,"feature_id":"0262760"}},{"type":"Feature","geometry":{"type":"LineString","coordinates":[[-87.78012887002419,41.87814765494374],[-87.78013487966123,41.87832408447708],[-87.78014494651208,41.878617219180455],[-87.78017775261348,41.87950112259941]]},"properties":{"project_type":"Proposed Alley Reconstruction","program":"Alley Condition Ratings and Reconstruction Priorities V2 (web map 8b9855b623b64b65bd71a5269a287b77, plan layer dated 2025-01-27)","source_layer":"https://utility.arcgis.com/usrsvcs/servers/4cff1aaefa364b57b8c70d5c606f2088/rest/services/VOP/AGOL_VOP_Project/MapServer/164","source_object_id":21,"name":"516","alley_id":"516","build_year":2029,"length_ft":493.4,"feature_id":"0262715"}},{"type":"Feature","geometry":{"type":"LineString","coordinates":[[-87.78272718419548,41.90867132686221],[-87.78271986802962,41.90853943111015],[-87.78271776841832,41.90850160543216],[-87.7827159510892,41.908469406796975],[-87.78270423889528,41.90816506943002],[-87.78268740339472,41.907648961986716],[-87.78267959143665,41.907425159258395],[-87.78267503078659,41.90734583710504]]},"properties":{"project_type":"Proposed Alley Reconstruction","program":"Alley Condition Ratings and Reconstruction Priorities V2 (web map 8b9855b623b64b65bd71a5269a287b77, plan layer dated 2025-01-27)","source_layer":"https://utility.arcgis.com/usrsvcs/servers/4cff1aaefa364b57b8c70d5c606f2088/rest/services/VOP/AGOL_VOP_Project/MapServer/164","source_object_id":22,"name":"120","alley_id":"120","build_year":2025,"length_ft":483.2,"feature_id":"0262778"}},{"type":"Feature","geometry":{"type":"LineString","coordinates":[[-87.77675640973527,41.87016333669618],[-87.77661218018454,41.87015031317168],[-87.77634964714139,41.87012708617915],[-87.77614070235859,41.87010995562416]]},"properties":{"project_type":"Proposed Alley Reconstruction","program":"Alley Condition Ratings and Reconstruction Priorities V2 (web map 8b9855b623b64b65bd71a5269a287b77, plan layer dated 2025-01-27)","source_layer":"https://utility.arcgis.com/usrsvcs/servers/4cff1aaefa364b57b8c70d5c606f2088/rest/services/VOP/AGOL_VOP_Project/MapServer/164","source_object_id":23,"name":"613-N","alley_id":"613-N","build_year":2025,"length_ft":168.8,"feature_id":"0262501"}},{"type":"Feature","geometry":{"type":"LineString","coordinates":[[-87.7807822373249,41.87949852763339],[-87.78071575119755,41.87950062540969],[-87.78047872992038,41.879499402297775],[-87.78035196507825,41.87949999944843],[-87.78017775261348,41.87950112259941]]},"properties":{"project_type":"Proposed Alley Reconstruction","program":"Alley Condition Ratings and Reconstruction Priorities V2 (web map 8b9855b623b64b65bd71a5269a287b77, plan layer dated 2025-01-27)","source_layer":"https://utility.arcgis.com/usrsvcs/servers/4cff1aaefa364b57b8c70d5c606f2088/rest/services/VOP/AGOL_VOP_Project/MapServer/164","source_object_id":24,"name":"516-N","alley_id":"516-N","build_year":2029,"length_ft":164.6,"feature_id":"0262635"}},{"type":"Feature","geometry":{"type":"LineString","coordinates":[[-87.78210970419056,41.90867967066654],[-87.78223955183944,41.90867760455322],[-87.7822897038353,41.90867696707625],[-87.78239684163776,41.90867561507483],[-87.78248935620705,41.90867446724996],[-87.78259634682382,41.90867314179869],[-87.78272718419548,41.90867132686221],[-87.78283965056879,41.90866978045873],[-87.78292525642749,41.90866887358598],[-87.78302511768183,41.908667815428444],[-87.78308941391283,41.90866713561624],[-87.7831965498051,41.9086660023985],[-87.78335421162862,41.90866346454315]]},"properties":{"project_type":"Proposed Alley Reconstruction","program":"Alley Condition Ratings and Reconstruction Priorities V2 (web map 8b9855b623b64b65bd71a5269a287b77, plan layer dated 2025-01-27)","source_layer":"https://utility.arcgis.com/usrsvcs/servers/4cff1aaefa364b57b8c70d5c606f2088/rest/services/VOP/AGOL_VOP_Project/MapServer/164","source_object_id":25,"name":"120-N","alley_id":"120-N","build_year":2025,"length_ft":338.8,"feature_id":"0262728"}},{"type":"Feature","geometry":{"type":"LineString","coordinates":[[-87.79796032403921,41.87545219463119],[-87.79795393519574,41.87521987735754],[-87.79793905330982,41.87474164890656],[-87.79792499578136,41.87434064761559],[-87.79790574504182,41.87386239872025],[-87.79789153501949,41.87336092943346]]},"properties":{"project_type":"Proposed Alley Reconstruction","program":"Alley Condition Ratings and Reconstruction Priorities V2 (web map 8b9855b623b64b65bd71a5269a287b77, plan layer dated 2025-01-27)","source_layer":"https://utility.arcgis.com/usrsvcs/servers/4cff1aaefa364b57b8c70d5c606f2088/rest/services/VOP/AGOL_VOP_Project/MapServer/164","source_object_id":26,"name":"576","alley_id":"576","build_year":2026,"length_ft":762.3,"feature_id":"0262544"}},{"type":"Feature","geometry":{"type":"LineString","coordinates":[[-87.77614070235859,41.87010995562416],[-87.77599101063258,41.87009768418793],[-87.77560813459574,41.8700691787405],[-87.77552775105919,41.870062325622946]]},"properties":{"project_type":"Proposed Alley Reconstruction","program":"Alley Condition Ratings and Reconstruction Priorities V2 (web map 8b9855b623b64b65bd71a5269a287b77, plan layer dated 2025-01-27)","source_layer":"https://utility.arcgis.com/usrsvcs/servers/4cff1aaefa364b57b8c70d5c606f2088/rest/services/VOP/AGOL_VOP_Project/MapServer/164","source_object_id":27,"name":"613-N","alley_id":"613-N","build_year":2025,"length_ft":167.9,"feature_id":"0262719"}},{"type":"Feature","geometry":{"type":"LineString","coordinates":[[-87.77614070235859,41.87010995562416],[-87.77612363739702,41.869529882383475],[-87.7761106636503,41.86918475655675],[-87.77610762654149,41.86909860507782]]},"properties":{"project_type":"Proposed Alley Reconstruction","program":"Alley Condition Ratings and Reconstruction Priorities V2 (web map 8b9855b623b64b65bd71a5269a287b77, plan layer dated 2025-01-27)","source_layer":"https://utility.arcgis.com/usrsvcs/servers/4cff1aaefa364b57b8c70d5c606f2088/rest/services/VOP/AGOL_VOP_Project/MapServer/164","source_object_id":28,"name":"613","alley_id":"613","build_year":2025,"length_ft":368.7,"feature_id":"0262682"}},{"type":"Feature","geometry":{"type":"LineString","coordinates":[[-87.78201290932297,41.88050464060175],[-87.78175306712025,41.88050902065978],[-87.78134620135127,41.880516917645124],[-87.78120865459725,41.88051905283706]]},"properties":{"project_type":"Proposed Alley Reconstruction","program":"Alley Condition Ratings and Reconstruction Priorities V2 (web map 8b9855b623b64b65bd71a5269a287b77, plan layer dated 2025-01-27)","source_layer":"https://utility.arcgis.com/usrsvcs/servers/4cff1aaefa364b57b8c70d5c606f2088/rest/services/VOP/AGOL_VOP_Project/MapServer/164","source_object_id":29,"name":"419-S","alley_id":"419-S","build_year":2027,"length_ft":219.1,"feature_id":"0262491"}},{"type":"Feature","geometry":{"type":"LineString","coordinates":[[-87.77981278817325,41.8690446969807],[-87.77981125961112,41.86900100378018],[-87.77980307138988,41.86869042413972],[-87.7797830837425,41.868109121468024],[-87.77974946571965,41.86729064913042],[-87.779747892394,41.8672176826975]]},"properties":{"project_type":"Proposed Alley Reconstruction","program":"Alley Condition Ratings and Reconstruction Priorities V2 (web map 8b9855b623b64b65bd71a5269a287b77, plan layer dated 2025-01-27)","source_layer":"https://utility.arcgis.com/usrsvcs/servers/4cff1aaefa364b57b8c70d5c606f2088/rest/services/VOP/AGOL_VOP_Project/MapServer/164","source_object_id":30,"name":"621","alley_id":"621","build_year":2029,"length_ft":666.0,"feature_id":"0262796"}},{"type":"Feature","geometry":{"type":"LineString","coordinates":[[-87.78873071148011,41.8793343980243],[-87.78856629601447,41.879336458521706],[-87.78832618746567,41.879339929635435],[-87.78812022527173,41.87934297783575]]},"properties":{"project_type":"Proposed Alley Reconstruction","program":"Alley Condition Ratings and Reconstruction Priorities V2 (web map 8b9855b623b64b65bd71a5269a287b77, plan layer dated 2025-01-27)","source_layer":"https://utility.arcgis.com/usrsvcs/servers/4cff1aaefa364b57b8c70d5c606f2088/rest/services/VOP/AGOL_VOP_Project/MapServer/164","source_object_id":31,"name":"546-N","alley_id":"546-N","build_year":2025,"length_ft":166.3,"feature_id":"0262420"}},{"type":"Feature","geometry":{"type":"LineString","coordinates":[[-87.77610762654149,41.86909860507782],[-87.77610005885126,41.86888393520068],[-87.77607318483828,41.86811442410194],[-87.77604572208283,41.86735358257972],[-87.77604209596693,41.86726889913614]]},"properties":{"project_type":"Proposed Alley Reconstruction","program":"Alley Condition Ratings and Reconstruction Priorities V2 (web map 8b9855b623b64b65bd71a5269a287b77, plan layer dated 2025-01-27)","source_layer":"https://utility.arcgis.com/usrsvcs/servers/4cff1aaefa364b57b8c70d5c606f2088/rest/services/VOP/AGOL_VOP_Project/MapServer/164","source_object_id":32,"name":"612","alley_id":"612","build_year":2028,"length_ft":667.0,"feature_id":"0262456"}},{"type":"Feature","geometry":{"type":"LineString","coordinates":[[-87.77886590587104,41.88399312646592],[-87.77886109398233,41.88384247682472],[-87.77884222040079,41.88342600058479],[-87.77883065915779,41.88300053103468],[-87.7788239896427,41.88259118010362]]},"properties":{"project_type":"Proposed Alley Reconstruction","program":"Alley Condition Ratings and Reconstruction Priorities V2 (web map 8b9855b623b64b65bd71a5269a287b77, plan layer dated 2025-01-27)","source_layer":"https://utility.arcgis.com/usrsvcs/servers/4cff1aaefa364b57b8c70d5c606f2088/rest/services/VOP/AGOL_VOP_Project/MapServer/164","source_object_id":33,"name":"410","alley_id":"410","build_year":2026,"length_ft":511.0,"feature_id":"0262653"}},{"type":"Feature","geometry":{"type":"LineString","coordinates":[[-87.79899558209321,41.865497246034344],[-87.79892887537495,41.86547826920204],[-87.79855738796007,41.86548614493294],[-87.79834549406672,41.8654891701908]]},"properties":{"project_type":"Proposed Alley Reconstruction","program":"Alley Condition Ratings and Reconstruction Priorities V2 (web map 8b9855b623b64b65bd71a5269a287b77, plan layer dated 2025-01-27)","source_layer":"https://utility.arcgis.com/usrsvcs/servers/4cff1aaefa364b57b8c70d5c606f2088/rest/services/VOP/AGOL_VOP_Project/MapServer/164","source_object_id":34,"name":"672-S","alley_id":"672-S","build_year":2028,"length_ft":178.4,"feature_id":"0262490"}},{"type":"Feature","geometry":{"type":"LineString","coordinates":[[-87.79778073122203,41.88337485921111],[-87.79775585876618,41.88273329635346]]},"properties":{"project_type":"Proposed Alley Reconstruction","program":"Alley Condition Ratings and Reconstruction Priorities V2 (web map 8b9855b623b64b65bd71a5269a287b77, plan layer dated 2025-01-27)","source_layer":"https://utility.arcgis.com/usrsvcs/servers/4cff1aaefa364b57b8c70d5c606f2088/rest/services/VOP/AGOL_VOP_Project/MapServer/164","source_object_id":35,"name":"458","alley_id":"458","build_year":2025,"length_ft":233.9,"feature_id":"0262730"}},{"type":"Feature","geometry":{"type":"LineString","coordinates":[[-87.79834549406672,41.8654891701908],[-87.79818493054596,41.865491462780426],[-87.79768671224485,41.865503575006244]]},"properties":{"project_type":"Proposed Alley Reconstruction","program":"Alley Condition Ratings and Reconstruction Priorities V2 (web map 8b9855b623b64b65bd71a5269a287b77, plan layer dated 2025-01-27)","source_layer":"https://utility.arcgis.com/usrsvcs/servers/4cff1aaefa364b57b8c70d5c606f2088/rest/services/VOP/AGOL_VOP_Project/MapServer/164","source_object_id":36,"name":"672-S","alley_id":"672-S","build_year":2028,"length_ft":179.5,"feature_id":"0262951"}},{"type":"Feature","geometry":{"type":"LineString","coordinates":[[-87.79447119589088,41.86697496662571],[-87.79446687743874,41.866848732397386],[-87.79445269449411,41.86641293236324],[-87.79442600071272,41.865626436788936]]},"properties":{"project_type":"Proposed Alley Reconstruction","program":"Alley Condition Ratings and Reconstruction Priorities V2 (web map 8b9855b623b64b65bd71a5269a287b77, plan layer dated 2025-01-27)","source_layer":"https://utility.arcgis.com/usrsvcs/servers/4cff1aaefa364b57b8c70d5c606f2088/rest/services/VOP/AGOL_VOP_Project/MapServer/164","source_object_id":37,"name":"663","alley_id":"663","build_year":2027,"length_ft":491.6,"feature_id":"0262854"}},{"type":"Feature","geometry":{"type":"LineString","coordinates":[[-87.79507027910786,41.8656181819913],[-87.79499261361984,41.865619025442236],[-87.79464067571142,41.865624565187794],[-87.79442600071272,41.865626436788936]]},"properties":{"project_type":"Proposed Alley Reconstruction","program":"Alley Condition Ratings and Reconstruction Priorities V2 (web map 8b9855b623b64b65bd71a5269a287b77, plan layer dated 2025-01-27)","source_layer":"https://utility.arcgis.com/usrsvcs/servers/4cff1aaefa364b57b8c70d5c606f2088/rest/services/VOP/AGOL_VOP_Project/MapServer/164","source_object_id":38,"name":"663-S","alley_id":"663-S","build_year":2027,"length_ft":175.5,"feature_id":"0263005"}},{"type":"Feature","geometry":{"type":"LineString","coordinates":[[-87.78863639790042,41.88336816031319],[-87.78863129805764,41.8831579182593],[-87.78861600148845,41.88267170159839],[-87.78859144471902,41.882190561743414]]},"properties":{"project_type":"Proposed Alley Reconstruction","program":"Alley Condition Ratings and Reconstruction Priorities V2 (web map 8b9855b623b64b65bd71a5269a287b77, plan layer dated 2025-01-27)","source_layer":"https://utility.arcgis.com/usrsvcs/servers/4cff1aaefa364b57b8c70d5c606f2088/rest/services/VOP/AGOL_VOP_Project/MapServer/164","source_object_id":39,"name":"434","alley_id":"434","build_year":2025,"length_ft":429.3,"feature_id":"0263153"}},{"type":"Feature","geometry":{"type":"LineString","coordinates":[[-87.78984965286216,41.87618972633375],[-87.78984515174189,41.876048370435946],[-87.78982734199164,41.8755024538935],[-87.78981279387429,41.87503964877648],[-87.7897876429657,41.87436349619557]]},"properties":{"project_type":"Proposed Alley Reconstruction","program":"Alley Condition Ratings and Reconstruction Priorities V2 (web map 8b9855b623b64b65bd71a5269a287b77, plan layer dated 2025-01-27)","source_layer":"https://utility.arcgis.com/usrsvcs/servers/4cff1aaefa364b57b8c70d5c606f2088/rest/services/VOP/AGOL_VOP_Project/MapServer/164","source_object_id":40,"name":"549","alley_id":"549","build_year":2026,"length_ft":665.7,"feature_id":"0262966"}},{"type":"Feature","geometry":{"type":"LineString","coordinates":[[-87.78775918116389,41.88112331490604],[-87.78766355157859,41.88112408724274],[-87.78706690356097,41.88113220028644],[-87.78694133221343,41.881130263718376],[-87.7861259496993,41.88114896111217]]},"properties":{"project_type":"Proposed Alley Reconstruction","program":"Alley Condition Ratings and Reconstruction Priorities V2 (web map 8b9855b623b64b65bd71a5269a287b77, plan layer dated 2025-01-27)","source_layer":"https://utility.arcgis.com/usrsvcs/servers/4cff1aaefa364b57b8c70d5c606f2088/rest/services/VOP/AGOL_VOP_Project/MapServer/164","source_object_id":41,"name":"428-N","alley_id":"428-N","build_year":2028,"length_ft":444.9,"feature_id":"0263139"}},{"type":"Feature","geometry":{"type":"LineString","coordinates":[[-87.80043082250089,41.87824207261181],[-87.80042981270478,41.878198316283644],[-87.80041700700143,41.87800711956197],[-87.80039900039527,41.87746518299417],[-87.80038444514639,41.87695866327477],[-87.8003774471578,41.87682643730684]]},"properties":{"project_type":"Proposed Alley Reconstruction","program":"Alley Condition Ratings and Reconstruction Priorities V2 (web map 8b9855b623b64b65bd71a5269a287b77, plan layer dated 2025-01-27)","source_layer":"https://utility.arcgis.com/usrsvcs/servers/4cff1aaefa364b57b8c70d5c606f2088/rest/services/VOP/AGOL_VOP_Project/MapServer/164","source_object_id":42,"name":"586","alley_id":"586","build_year":2026,"length_ft":516.1,"feature_id":"0263134"}},{"type":"Feature","geometry":{"type":"LineString","coordinates":[[-87.80301171623233,41.877510014564336],[-87.80300954198269,41.87736239381571],[-87.80298927767635,41.87678400549662]]},"properties":{"project_type":"Proposed Alley Reconstruction","program":"Alley Condition Ratings and Reconstruction Priorities V2 (web map 8b9855b623b64b65bd71a5269a287b77, plan layer dated 2025-01-27)","source_layer":"https://utility.arcgis.com/usrsvcs/servers/4cff1aaefa364b57b8c70d5c606f2088/rest/services/VOP/AGOL_VOP_Project/MapServer/164","source_object_id":43,"name":"594","alley_id":"594","build_year":2025,"length_ft":264.6,"feature_id":"0262894"}},{"type":"Feature","geometry":{"type":"LineString","coordinates":[[-87.78872368397795,41.886393451628145],[-87.78870007655958,41.88568355936708],[-87.78869178067552,41.88535881967681],[-87.78868363755761,41.88513846716777]]},"properties":{"project_type":"Proposed Alley Reconstruction","program":"Alley Condition Ratings and Reconstruction Priorities V2 (web map 8b9855b623b64b65bd71a5269a287b77, plan layer dated 2025-01-27)","source_layer":"https://utility.arcgis.com/usrsvcs/servers/4cff1aaefa364b57b8c70d5c606f2088/rest/services/VOP/AGOL_VOP_Project/MapServer/164","source_object_id":44,"name":"432","alley_id":"432","build_year":2029,"length_ft":457.5,"feature_id":"0263109"}},{"type":"Feature","geometry":{"type":"LineString","coordinates":[[-87.78017775261348,41.87950112259941],[-87.78017165664652,41.87950116184338],[-87.77991074003768,41.879507314268906],[-87.77953957751033,41.879511699611385]]},"properties":{"project_type":"Proposed Alley Reconstruction","program":"Alley Condition Ratings and Reconstruction Priorities V2 (web map 8b9855b623b64b65bd71a5269a287b77, plan layer dated 2025-01-27)","source_layer":"https://utility.arcgis.com/usrsvcs/servers/4cff1aaefa364b57b8c70d5c606f2088/rest/services/VOP/AGOL_VOP_Project/MapServer/164","source_object_id":45,"name":"516-N","alley_id":"516-N","build_year":2029,"length_ft":173.8,"feature_id":"0263150"}},{"type":"Feature","geometry":{"type":"LineString","coordinates":[[-87.78954539227384,41.88638145631808],[-87.7893303777444,41.88638440890867],[-87.7889280385581,41.88639122900668],[-87.78872368397795,41.886393451628145],[-87.78851510566832,41.886395719709846],[-87.7881227045568,41.886404203240765],[-87.78790527085539,41.88640918339911]]},"properties":{"project_type":"Proposed Alley Reconstruction","program":"Alley Condition Ratings and Reconstruction Priorities V2 (web map 8b9855b623b64b65bd71a5269a287b77, plan layer dated 2025-01-27)","source_layer":"https://utility.arcgis.com/usrsvcs/servers/4cff1aaefa364b57b8c70d5c606f2088/rest/services/VOP/AGOL_VOP_Project/MapServer/164","source_object_id":46,"name":"432-N","alley_id":"432-N","build_year":2029,"length_ft":446.7,"feature_id":"0262838"}},{"type":"Feature","geometry":{"type":"LineString","coordinates":[[-87.7861170581851,41.87442719075895],[-87.78611818052944,41.874570673996665],[-87.7861338751741,41.875007853710144],[-87.78614934361404,41.87544574581707],[-87.78615412804533,41.87569412365434],[-87.78617254449435,41.87615233723445],[-87.78617706191395,41.87625209044704]]},"properties":{"project_type":"Proposed Alley Reconstruction","program":"Alley Condition Ratings and Reconstruction Priorities V2 (web map 8b9855b623b64b65bd71a5269a287b77, plan layer dated 2025-01-27)","source_layer":"https://utility.arcgis.com/usrsvcs/servers/4cff1aaefa364b57b8c70d5c606f2088/rest/services/VOP/AGOL_VOP_Project/MapServer/164","source_object_id":47,"name":"536","alley_id":"536","build_year":2027,"length_ft":665.2,"feature_id":"0263052"}},{"type":"Feature","geometry":{"type":"LineString","coordinates":[[-87.78203588639131,41.88124546084712],[-87.78201290932297,41.88050464060175]]},"properties":{"project_type":"Proposed Alley Reconstruction","program":"Alley Condition Ratings and Reconstruction Priorities V2 (web map 8b9855b623b64b65bd71a5269a287b77, plan layer dated 2025-01-27)","source_layer":"https://utility.arcgis.com/usrsvcs/servers/4cff1aaefa364b57b8c70d5c606f2088/rest/services/VOP/AGOL_VOP_Project/MapServer/164","source_object_id":48,"name":"419","alley_id":"419","build_year":2027,"length_ft":270.0,"feature_id":"0262911"}},{"type":"Feature","geometry":{"type":"LineString","coordinates":[[-87.79442600071272,41.865626436788936],[-87.79428853823184,41.86562763308428],[-87.79400641586129,41.865634596250445],[-87.79376601964773,41.86563911478626]]},"properties":{"project_type":"Proposed Alley Reconstruction","program":"Alley Condition Ratings and Reconstruction Priorities V2 (web map 8b9855b623b64b65bd71a5269a287b77, plan layer dated 2025-01-27)","source_layer":"https://utility.arcgis.com/usrsvcs/servers/4cff1aaefa364b57b8c70d5c606f2088/rest/services/VOP/AGOL_VOP_Project/MapServer/164","source_object_id":49,"name":"663-S","alley_id":"663-S","build_year":2027,"length_ft":179.8,"feature_id":"0262932"}},{"type":"Feature","geometry":{"type":"LineString","coordinates":[[-87.7980112347974,41.8768680256645],[-87.7980089214391,41.876775193213504],[-87.79799404593429,41.87625212380292],[-87.79798151802429,41.87590535623305],[-87.79796218936636,41.875519945267314],[-87.79796032403921,41.87545219463119]]},"properties":{"project_type":"Proposed Alley Reconstruction","program":"Alley Condition Ratings and Reconstruction Priorities V2 (web map 8b9855b623b64b65bd71a5269a287b77, plan layer dated 2025-01-27)","source_layer":"https://utility.arcgis.com/usrsvcs/servers/4cff1aaefa364b57b8c70d5c606f2088/rest/services/VOP/AGOL_VOP_Project/MapServer/164","source_object_id":50,"name":"577","alley_id":"577","build_year":2029,"length_ft":516.1,"feature_id":"0262859"}},{"type":"Feature","geometry":{"type":"LineString","coordinates":[[-87.79362544399375,41.88631732516351],[-87.793614103289,41.885910683790264],[-87.79360132220894,41.88547448004251],[-87.79359094967324,41.88514918274136],[-87.79358916873318,41.88505797195171]]},"properties":{"project_type":"Proposed Alley Reconstruction","program":"Alley Condition Ratings and Reconstruction Priorities V2 (web map 8b9855b623b64b65bd71a5269a287b77, plan layer dated 2025-01-27)","source_layer":"https://utility.arcgis.com/usrsvcs/servers/4cff1aaefa364b57b8c70d5c606f2088/rest/services/VOP/AGOL_VOP_Project/MapServer/164","source_object_id":51,"name":"447","alley_id":"447","build_year":2026,"length_ft":459.0,"feature_id":"0263137"}},{"type":"Feature","geometry":{"type":"LineString","coordinates":[[-87.78207079219429,41.901913312499524],[-87.78206008993935,41.90180675709385],[-87.78204837794434,41.90148150819036],[-87.78203203567332,41.90097286676898],[-87.7820197408566,41.90065134718765],[-87.78200515034044,41.900280722064565],[-87.7819896178634,41.89993848432967]]},"properties":{"project_type":"Proposed Alley Reconstruction","program":"Alley Condition Ratings and Reconstruction Priorities V2 (web map 8b9855b623b64b65bd71a5269a287b77, plan layer dated 2025-01-27)","source_layer":"https://utility.arcgis.com/usrsvcs/servers/4cff1aaefa364b57b8c70d5c606f2088/rest/services/VOP/AGOL_VOP_Project/MapServer/164","source_object_id":52,"name":"221","alley_id":"221","build_year":2026,"length_ft":720.0,"feature_id":"0263123"}},{"type":"Feature","geometry":{"type":"LineString","coordinates":[[-87.78203588639131,41.88124546084712],[-87.78230504439395,41.8812410548739],[-87.78286039209046,41.881227715761774]]},"properties":{"project_type":"Proposed Alley Reconstruction","program":"Alley Condition Ratings and Reconstruction Priorities V2 (web map 8b9855b623b64b65bd71a5269a287b77, plan layer dated 2025-01-27)","source_layer":"https://utility.arcgis.com/usrsvcs/servers/4cff1aaefa364b57b8c70d5c606f2088/rest/services/VOP/AGOL_VOP_Project/MapServer/164","source_object_id":53,"name":"419-W","alley_id":"419-W","build_year":2027,"length_ft":224.6,"feature_id":"0263083"}},{"type":"Feature","geometry":{"type":"LineString","coordinates":[[-87.77592735302663,41.89416110203322],[-87.77592877045197,41.894161032760486],[-87.77592259640113,41.89398825323711],[-87.77591211328844,41.89366476490226],[-87.77590099923162,41.89322756909703]]},"properties":{"project_type":"Proposed Alley Reconstruction","program":"Alley Condition Ratings and Reconstruction Priorities V2 (web map 8b9855b623b64b65bd71a5269a287b77, plan layer dated 2025-01-27)","source_layer":"https://utility.arcgis.com/usrsvcs/servers/4cff1aaefa364b57b8c70d5c606f2088/rest/services/VOP/AGOL_VOP_Project/MapServer/164","source_object_id":54,"name":"304","alley_id":"304","build_year":2025,"length_ft":340.6,"feature_id":"0263097"}},{"type":"Feature","geometry":{"type":"LineString","coordinates":[[-87.78868363755761,41.88513846716777],[-87.78867643165297,41.884943541829394],[-87.78866336338564,41.884406759355414],[-87.78864836812633,41.883859073015024],[-87.78864065414568,41.88354369456075],[-87.78863639790042,41.88336816031319]]},"properties":{"project_type":"Proposed Alley Reconstruction","program":"Alley Condition Ratings and Reconstruction Priorities V2 (web map 8b9855b623b64b65bd71a5269a287b77, plan layer dated 2025-01-27)","source_layer":"https://utility.arcgis.com/usrsvcs/servers/4cff1aaefa364b57b8c70d5c606f2088/rest/services/VOP/AGOL_VOP_Project/MapServer/164","source_object_id":55,"name":"433","alley_id":"433","build_year":2025,"length_ft":645.2,"feature_id":"0263107"}},{"type":"Feature","geometry":{"type":"LineString","coordinates":[[-87.77848430990055,41.90387941498853],[-87.77848098590466,41.90375631698375],[-87.7784618280854,41.90325364412866],[-87.77844487114393,41.90275136605581],[-87.77842324980818,41.90205386749364],[-87.77841837605678,41.90196468353083]]},"properties":{"project_type":"Proposed Alley Reconstruction","program":"Alley Condition Ratings and Reconstruction Priorities V2 (web map 8b9855b623b64b65bd71a5269a287b77, plan layer dated 2025-01-27)","source_layer":"https://utility.arcgis.com/usrsvcs/servers/4cff1aaefa364b57b8c70d5c606f2088/rest/services/VOP/AGOL_VOP_Project/MapServer/164","source_object_id":56,"name":"106","alley_id":"106","build_year":2026,"length_ft":698.0,"feature_id":"0263038"}},{"type":"Feature","geometry":{"type":"LineString","coordinates":[[-87.7983919919404,41.86690490061534],[-87.79838137118082,41.86665514823864],[-87.79835568971288,41.86590878209247],[-87.79834549406672,41.8654891701908]]},"properties":{"project_type":"Proposed Alley Reconstruction","program":"Alley Condition Ratings and Reconstruction Priorities V2 (web map 8b9855b623b64b65bd71a5269a287b77, plan layer dated 2025-01-27)","source_layer":"https://utility.arcgis.com/usrsvcs/servers/4cff1aaefa364b57b8c70d5c606f2088/rest/services/VOP/AGOL_VOP_Project/MapServer/164","source_object_id":57,"name":"672","alley_id":"672","build_year":2028,"length_ft":516.1,"feature_id":"0262989"}},{"type":"Feature","geometry":{"type":"LineString","coordinates":[[-87.78825585329861,41.86571139472937],[-87.78810180790505,41.86571555378624],[-87.78782929567708,41.865719089632066],[-87.7876588520185,41.86572222343587]]},"properties":{"project_type":"Proposed Alley Reconstruction","program":"Alley Condition Ratings and Reconstruction Priorities V2 (web map 8b9855b623b64b65bd71a5269a287b77, plan layer dated 2025-01-27)","source_layer":"https://utility.arcgis.com/usrsvcs/servers/4cff1aaefa364b57b8c70d5c606f2088/rest/services/VOP/AGOL_VOP_Project/MapServer/164","source_object_id":58,"name":"641-S","alley_id":"641-S","build_year":2028,"length_ft":162.7,"feature_id":"0262646"}},{"type":"Feature","geometry":{"type":"LineString","coordinates":[[-87.77590099923162,41.89322756909703],[-87.77589990714658,41.89318462732765],[-87.77589474643587,41.89304316385104],[-87.7758900930395,41.89283913402775],[-87.7758850155874,41.892700771944355],[-87.77587696354648,41.89270091191927]]},"properties":{"project_type":"Proposed Alley Reconstruction","program":"Alley Condition Ratings and Reconstruction Priorities V2 (web map 8b9855b623b64b65bd71a5269a287b77, plan layer dated 2025-01-27)","source_layer":"https://utility.arcgis.com/usrsvcs/servers/4cff1aaefa364b57b8c70d5c606f2088/rest/services/VOP/AGOL_VOP_Project/MapServer/164","source_object_id":59,"name":"303","alley_id":"303","build_year":2026,"length_ft":194.2,"feature_id":"026297634"}},{"type":"Feature","geometry":{"type":"LineString","coordinates":[[-87.77511546798166,41.8941728615849],[-87.77537118700805,41.89417113507785],[-87.77557877711297,41.89416973407679],[-87.7758428245068,41.89416525332801],[-87.77592735302663,41.89416110203322]]},"properties":{"project_type":"Proposed Alley Reconstruction","program":"Alley Condition Ratings and Reconstruction Priorities V2 (web map 8b9855b623b64b65bd71a5269a287b77, plan layer dated 2025-01-27)","source_layer":"https://utility.arcgis.com/usrsvcs/servers/4cff1aaefa364b57b8c70d5c606f2088/rest/services/VOP/AGOL_VOP_Project/MapServer/164","source_object_id":60,"name":"304-N","alley_id":"304-N","build_year":2025,"length_ft":221.1,"feature_id":"026297633"}},{"type":"Feature","geometry":{"type":"LineString","coordinates":[[-87.78694133221343,41.881130263718376],[-87.78692686976103,41.8807071629584],[-87.78692130993424,41.88047184431667],[-87.78691961629052,41.880446506809484],[-87.78691370086416,41.88043396487335],[-87.78690440981443,41.88042541348378],[-87.78690318307109,41.88042501247447]]},"properties":{"project_type":"Proposed Alley Reconstruction","program":"Alley Condition Ratings and Reconstruction Priorities V2 (web map 8b9855b623b64b65bd71a5269a287b77, plan layer dated 2025-01-27)","source_layer":"https://utility.arcgis.com/usrsvcs/servers/4cff1aaefa364b57b8c70d5c606f2088/rest/services/VOP/AGOL_VOP_Project/MapServer/164","source_object_id":61,"name":"428","alley_id":"428","build_year":2028,"length_ft":258.5,"feature_id":"026297640"}},{"type":"Feature","geometry":{"type":"LineString","coordinates":[[-87.77587696354648,41.89270091191927],[-87.7757234604708,41.892703582559854],[-87.77544270989462,41.892707817242766],[-87.77532721443623,41.892709495397725],[-87.77506905587761,41.89271324618526]]},"properties":{"project_type":"Proposed Alley Reconstruction","program":"Alley Condition Ratings and Reconstruction Priorities V2 (web map 8b9855b623b64b65bd71a5269a287b77, plan layer dated 2025-01-27)","source_layer":"https://utility.arcgis.com/usrsvcs/servers/4cff1aaefa364b57b8c70d5c606f2088/rest/services/VOP/AGOL_VOP_Project/MapServer/164","source_object_id":62,"name":"303-E","alley_id":"303-E","build_year":2026,"length_ft":220.0,"feature_id":"0262559"}}]}