{"type":"FeatureCollection","features":[{"type":"Feature","properties":{"street_name":"I290 RAMP W","address_left_from":-1,"address_left_to":-1,"address_right_from":-1,"address_right_to":-1},"geometry":{"type":"LineString","coordinates":[[-87.76801,41.87099],[-87.7685,41.87096],[-87.76919,41.87095],[-87.77017,41.87095],[-87.77067,41.87095],[-87.77087,41.87094],[-87.77095,41.87094],[-87.77101,41.87094]]}},{"type":"Feature","properties":{"street_name":"I290 RAMP W","address_left_from":-1,"address_left_to":-1,"address_right_from":-1,"address_right_to":-1},"geometry":{"type":"LineString","coordinates":[[-87.77402,41.87111],[-87.77432,41.87113]]}},{"type":"Feature","properties":{"street_name":"I290 RAMP E","address_left_from":-1,"address_left_to":-1,"address_right_from":-1,"address_right_to":-1},"geometry":{"type":"LineString","coordinates":[[-87.77102,41.87085],[-87.77042,41.87081],[-87.7694,41.87074],[-87.76933,41.87073],[-87.7689,41.8707],[-87.7684,41.87069],[-87.76782,41.87068]]}},{"type":"Feature","properties":{"street_name":"I290 RAMP E","address_left_from":-1,"address_left_to":-1,"address_right_from":-1,"address_right_to":-1},"geometry":{"type":"LineString","coordinates":[[-87.77432,41.87107],[-87.77366,41.87101],[-87.77324,41.87099],[-87.77291,41.87097],[-87.77263,41.87095],[-87.77238,41.87094],[-87.77189,41.87091],[-87.77181,41.8709],[-87.7715,41.87088],[-87.77128,41.87087],[-87.7712,41.87087],[-87.77102,41.87085]]}},{"type":"Feature","properties":{"street_name":"N AUSTIN BLVD","address_left_from":912,"address_left_to":924,"address_right_from":913,"address_right_to":925},"geometry":{"type":"LineString","coordinates":[[-87.77521,41.897],[-87.77522,41.89723],[-87.77523,41.89745]]}},{"type":"Feature","properties":{"street_name":"NORTH AVE","address_left_from":6401,"address_left_to":6403,"address_right_from":6400,"address_right_to":6402},"geometry":{"type":"LineString","coordinates":[[-87.78487,41.90915],[-87.78501,41.90914]]}},{"type":"Feature","properties":{"street_name":"N AUSTIN BLVD","address_left_from":716,"address_left_to":718,"address_right_from":741,"address_right_to":743},"geometry":{"type":"LineString","coordinates":[[-87.77511,41.89381],[-87.77512,41.89393]]}},{"type":"Feature","properties":{"street_name":"N AUSTIN BLVD","address_left_from":300,"address_left_to":306,"address_right_from":301,"address_right_to":307},"geometry":{"type":"LineString","coordinates":[[-87.77485,41.88558],[-87.77485,41.88569]]}},{"type":"Feature","properties":{"street_name":"NORTH AVE","address_left_from":6429,"address_left_to":6437,"address_right_from":6430,"address_right_to":6436},"geometry":{"type":"LineString","coordinates":[[-87.78605,41.90913],[-87.78664,41.90912]]}},{"type":"Feature","properties":{"street_name":"NORTH AVE","address_left_from":6819,"address_left_to":6823,"address_right_from":6818,"address_right_to":6822},"geometry":{"type":"LineString","coordinates":[[-87.79599,41.90901],[-87.79656,41.909]]}},{"type":"Feature","properties":{"street_name":"NORTH AVE","address_left_from":6825,"address_left_to":6839,"address_right_from":6824,"address_right_to":6838},"geometry":{"type":"LineString","coordinates":[[-87.79656,41.909],[-87.7972,41.90899]]}},{"type":"Feature","properties":{"street_name":"NORTH AVE","address_left_from":6719,"address_left_to":6723,"address_right_from":6718,"address_right_to":6722},"geometry":{"type":"LineString","coordinates":[[-87.79357,41.90904],[-87.79385,41.90903]]}},{"type":"Feature","properties":{"street_name":"NORTH AVE","address_left_from":6113,"address_left_to":6119,"address_right_from":6112,"address_right_to":6118},"geometry":{"type":"LineString","coordinates":[[-87.77888,41.90922],[-87.77952,41.90921]]}},{"type":"Feature","properties":{"street_name":"NORTH AVE","address_left_from":6929,"address_left_to":6939,"address_right_from":6928,"address_right_to":6938},"geometry":{"type":"LineString","coordinates":[[-87.79961,41.90896],[-87.80029,41.90895]]}},{"type":"Feature","properties":{"street_name":"NORTH AVE","address_left_from":6121,"address_left_to":6131,"address_right_from":6120,"address_right_to":6130},"geometry":{"type":"LineString","coordinates":[[-87.77952,41.90921],[-87.78011,41.9092]]}},{"type":"Feature","properties":{"street_name":"NORTH AVE","address_left_from":6211,"address_left_to":6213,"address_right_from":6210,"address_right_to":6212},"geometry":{"type":"LineString","coordinates":[[-87.78172,41.90918],[-87.78213,41.90918]]}},{"type":"Feature","properties":{"street_name":"NORTH AVE","address_left_from":6525,"address_left_to":6527,"address_right_from":6524,"address_right_to":6526},"geometry":{"type":"LineString","coordinates":[[-87.78826,41.9091],[-87.78875,41.9091]]}},{"type":"Feature","properties":{"street_name":"NORTH AVE","address_left_from":6043,"address_left_to":6053,"address_right_from":6042,"address_right_to":6052},"geometry":{"type":"LineString","coordinates":[[-87.77766,41.90923],[-87.77811,41.90923]]}},{"type":"Feature","properties":{"street_name":"NORTH AVE","address_left_from":6013,"address_left_to":6021,"address_right_from":6012,"address_right_to":6020},"geometry":{"type":"LineString","coordinates":[[-87.77644,41.90925],[-87.77691,41.90924]]}},{"type":"Feature","properties":{"street_name":"NORTH AVE","address_left_from":7001,"address_left_to":7017,"address_right_from":7000,"address_right_to":7016},"geometry":{"type":"LineString","coordinates":[[-87.80212,41.90893],[-87.80255,41.90892]]}},{"type":"Feature","properties":{"street_name":"NORTH AVE","address_left_from":6901,"address_left_to":6903,"address_right_from":6900,"address_right_to":6902},"geometry":{"type":"LineString","coordinates":[[-87.79825,41.90898],[-87.79846,41.90897]]}},{"type":"Feature","properties":{"street_name":"NORTH AVE","address_left_from":6617,"address_left_to":6619,"address_right_from":6616,"address_right_to":6618},"geometry":{"type":"LineString","coordinates":[[-87.79112,41.90907],[-87.79143,41.90906]]}},{"type":"Feature","properties":{"street_name":"N AUSTIN BLVD","address_left_from":500,"address_left_to":518,"address_right_from":551,"address_right_to":559},"geometry":{"type":"LineString","coordinates":[[-87.77501,41.89051],[-87.77502,41.89101]]}},{"type":"Feature","properties":{"street_name":"N AUSTIN BLVD","address_left_from":622,"address_left_to":626,"address_right_from":671,"address_right_to":679},"geometry":{"type":"LineString","coordinates":[[-87.77508,41.89271],[-87.77508,41.89283]]}},{"type":"Feature","properties":{"street_name":"NORTH AVE","address_left_from":6621,"address_left_to":6647,"address_right_from":6620,"address_right_to":6640},"geometry":{"type":"LineString","coordinates":[[-87.79143,41.90906],[-87.79235,41.90905]]}},{"type":"Feature","properties":{"street_name":"N AUSTIN BLVD","address_left_from":1512,"address_left_to":1534,"address_right_from":1511,"address_right_to":1549},"geometry":{"type":"LineString","coordinates":[[-87.77557,41.90797],[-87.77558,41.90833],[-87.77559,41.90876]]}},{"type":"Feature","properties":{"street_name":"N AUSTIN BLVD","address_left_from":1148,"address_left_to":1198,"address_right_from":1151,"address_right_to":1199},"geometry":{"type":"LineString","coordinates":[[-87.77536,41.90178],[-87.77536,41.90184],[-87.77537,41.902]]}},{"type":"Feature","properties":{"street_name":"N AUSTIN BLVD","address_left_from":952,"address_left_to":998,"address_right_from":953,"address_right_to":999},"geometry":{"type":"LineString","coordinates":[[-87.77525,41.89827],[-87.77526,41.89837]]}},{"type":"Feature","properties":{"street_name":"NORTH AVE","address_left_from":6327,"address_left_to":6399,"address_right_from":6326,"address_right_to":6398},"geometry":{"type":"LineString","coordinates":[[-87.78458,41.90915],[-87.78487,41.90915]]}},{"type":"Feature","properties":{"street_name":"NORTH AVE","address_left_from":6753,"address_left_to":6799,"address_right_from":6752,"address_right_to":6798},"geometry":{"type":"LineString","coordinates":[[-87.79479,41.90902],[-87.79506,41.90902]]}},{"type":"Feature","properties":{"street_name":"NORTH AVE","address_left_from":7033,"address_left_to":7035,"address_right_from":7032,"address_right_to":7034},"geometry":{"type":"LineString","coordinates":[[-87.80269,41.90892],[-87.80288,41.90891]]}},{"type":"Feature","properties":{"street_name":"NORTH AVE","address_left_from":6251,"address_left_to":6299,"address_right_from":6250,"address_right_to":6298},"geometry":{"type":"LineString","coordinates":[[-87.78303,41.90917],[-87.78337,41.90916]]}},{"type":"Feature","properties":{"street_name":"NORTH AVE","address_left_from":7029,"address_left_to":7031,"address_right_from":7028,"address_right_to":7030},"geometry":{"type":"LineString","coordinates":[[-87.80255,41.90892],[-87.80269,41.90892]]}},{"type":"Feature","properties":{"street_name":"NORTH AVE","address_left_from":6555,"address_left_to":6599,"address_right_from":6554,"address_right_to":6598},"geometry":{"type":"LineString","coordinates":[[-87.7899,41.90908],[-87.79021,41.90908]]}},{"type":"Feature","properties":{"street_name":"NORTH AVE","address_left_from":7125,"address_left_to":7199,"address_right_from":7124,"address_right_to":7198},"geometry":{"type":"LineString","coordinates":[[-87.80548,41.90887],[-87.8056,41.90887],[-87.80575,41.90889]]}},{"type":"Feature","properties":{"street_name":"NORTH AVE","address_left_from":6913,"address_left_to":6927,"address_right_from":6912,"address_right_to":6926},"geometry":{"type":"LineString","coordinates":[[-87.79948,41.90897],[-87.79961,41.90896]]}},{"type":"Feature","properties":{"street_name":"NORTH AVE","address_left_from":6055,"address_left_to":6099,"address_right_from":6054,"address_right_to":6098},"geometry":{"type":"LineString","coordinates":[[-87.77811,41.90923],[-87.77822,41.90923]]}},{"type":"Feature","properties":{"street_name":"NORTH AVE","address_left_from":6153,"address_left_to":6199,"address_right_from":6152,"address_right_to":6198},"geometry":{"type":"LineString","coordinates":[[-87.78071,41.9092],[-87.78083,41.9092]]}},{"type":"Feature","properties":{"street_name":"NORTH AVE","address_left_from":6215,"address_left_to":6233,"address_right_from":6214,"address_right_to":6232},"geometry":{"type":"LineString","coordinates":[[-87.78213,41.90918],[-87.78242,41.90918]]}},{"type":"Feature","properties":{"street_name":"N AUSTIN BLVD","address_left_from":234,"address_left_to":298,"address_right_from":253,"address_right_to":299},"geometry":{"type":"LineString","coordinates":[[-87.77483,41.88512],[-87.77485,41.88558]]}},{"type":"Feature","properties":{"street_name":"N AUSTIN BLVD","address_left_from":1356,"address_left_to":1398,"address_right_from":1357,"address_right_to":1399},"geometry":{"type":"LineString","coordinates":[[-87.77548,41.90563],[-87.77549,41.90588]]}},{"type":"Feature","properties":{"street_name":"N AUSTIN BLVD","address_left_from":1052,"address_left_to":1098,"address_right_from":1051,"address_right_to":1099},"geometry":{"type":"LineString","coordinates":[[-87.77531,41.90009],[-87.77531,41.90018]]}},{"type":"Feature","properties":{"street_name":"NORTH AVE","address_left_from":7101,"address_left_to":7123,"address_right_from":7100,"address_right_to":7122},"geometry":{"type":"LineString","coordinates":[[-87.80421,41.90888],[-87.8048,41.90887],[-87.80548,41.90887]]}},{"type":"Feature","properties":{"street_name":"NORTH AVE","address_left_from":7063,"address_left_to":7099,"address_right_from":7062,"address_right_to":7098},"geometry":{"type":"LineString","coordinates":[[-87.80403,41.90888],[-87.80421,41.90888]]}},{"type":"Feature","properties":{"street_name":"NORTH AVE","address_left_from":6959,"address_left_to":6999,"address_right_from":6958,"address_right_to":6998},"geometry":{"type":"LineString","coordinates":[[-87.80101,41.90895],[-87.80119,41.90894]]}},{"type":"Feature","properties":{"street_name":"NORTH AVE","address_left_from":6649,"address_left_to":6699,"address_right_from":6642,"address_right_to":6698},"geometry":{"type":"LineString","coordinates":[[-87.79235,41.90905],[-87.79263,41.90905]]}},{"type":"Feature","properties":{"street_name":"NORTH AVE","address_left_from":6449,"address_left_to":6499,"address_right_from":6448,"address_right_to":6498},"geometry":{"type":"LineString","coordinates":[[-87.78724,41.90912],[-87.78735,41.90912]]}},{"type":"Feature","properties":{"street_name":"N AUSTIN BLVD","address_left_from":50,"address_left_to":98,"address_right_from":51,"address_right_to":99},"geometry":{"type":"LineString","coordinates":[[-87.77471,41.88157],[-87.77471,41.88164],[-87.77472,41.88177],[-87.77473,41.88211]]}},{"type":"Feature","properties":{"street_name":"NORTH AVE","address_left_from":6101,"address_left_to":6111,"address_right_from":6100,"address_right_to":6110},"geometry":{"type":"LineString","coordinates":[[-87.77822,41.90923],[-87.77888,41.90922]]}},{"type":"Feature","properties":{"street_name":"ALLEY","address_left_from":-1,"address_left_to":-1,"address_right_from":-1,"address_right_to":-1},"geometry":{"type":"LineString","coordinates":[[-87.7903,41.8713],[-87.79013,41.87129],[-87.78978,41.87126],[-87.78968,41.87125]]}},{"type":"Feature","properties":{"street_name":"N OAK PARK AVE","address_left_from":1001,"address_left_to":1049,"address_right_from":1000,"address_right_to":1044},"geometry":{"type":"LineString","coordinates":[[-87.79491,41.90358],[-87.79492,41.90377],[-87.79492,41.9038],[-87.79493,41.90436],[-87.79495,41.90513],[-87.79496,41.90527]]}},{"type":"Feature","properties":{"street_name":"ALLEY","address_left_from":-1,"address_left_to":-1,"address_right_from":-1,"address_right_to":-1},"geometry":{"type":"LineString","coordinates":[[-87.79057,41.8793],[-87.79048,41.8793],[-87.79022,41.87931],[-87.79008,41.87931],[-87.78995,41.87931]]}},{"type":"Feature","properties":{"street_name":"ALLEY","address_left_from":-1,"address_left_to":-1,"address_right_from":-1,"address_right_to":-1},"geometry":{"type":"LineString","coordinates":[[-87.77874,41.87454],[-87.77873,41.87443],[-87.77872,41.87397],[-87.7787,41.87341],[-87.77868,41.87273]]}},{"type":"Feature","properties":{"street_name":"ALLEY","address_left_from":-1,"address_left_to":-1,"address_right_from":-1,"address_right_to":-1},"geometry":{"type":"LineString","coordinates":[[-87.78309,41.88882],[-87.78226,41.88883]]}},{"type":"Feature","properties":{"street_name":"ALLEY","address_left_from":-1,"address_left_to":-1,"address_right_from":-1,"address_right_to":-1},"geometry":{"type":"LineString","coordinates":[[-87.78928,41.90372],[-87.78925,41.90366],[-87.78923,41.9033],[-87.78922,41.90292],[-87.7892,41.9023],[-87.78919,41.90187],[-87.78919,41.9018]]}},{"type":"Feature","properties":{"street_name":"ALLEY","address_left_from":-1,"address_left_to":-1,"address_right_from":-1,"address_right_to":-1},"geometry":{"type":"LineString","coordinates":[[-87.80322,41.88325],[-87.80323,41.88331],[-87.80324,41.88409]]}},{"type":"Feature","properties":{"street_name":"ALLEY","address_left_from":-1,"address_left_to":-1,"address_right_from":-1,"address_right_to":-1},"geometry":{"type":"LineString","coordinates":[[-87.80393,41.8963],[-87.80392,41.89625],[-87.80392,41.8959]]}},{"type":"Feature","properties":{"street_name":"ALLEY","address_left_from":-1,"address_left_to":-1,"address_right_from":-1,"address_right_to":-1},"geometry":{"type":"LineString","coordinates":[[-87.79566,41.90352],[-87.79566,41.90346],[-87.79565,41.90297],[-87.79564,41.90251],[-87.79562,41.90186],[-87.79562,41.90176],[-87.79562,41.90169]]}},{"type":"Feature","properties":{"street_name":"ALLEY","address_left_from":-1,"address_left_to":-1,"address_right_from":-1,"address_right_to":-1},"geometry":{"type":"LineString","coordinates":[[-87.78587,41.86713],[-87.78586,41.86691],[-87.78583,41.86627],[-87.78582,41.86576]]}},{"type":"Feature","properties":{"street_name":"ALLEY","address_left_from":-1,"address_left_to":-1,"address_right_from":-1,"address_right_to":-1},"geometry":{"type":"LineString","coordinates":[[-87.78384,41.87945],[-87.78373,41.87945],[-87.7835,41.87945],[-87.78333,41.87946],[-87.78322,41.87946]]}},{"type":"Feature","properties":{"street_name":"ALLEY","address_left_from":-1,"address_left_to":-1,"address_right_from":-1,"address_right_to":-1},"geometry":{"type":"LineString","coordinates":[[-87.78907,41.89816],[-87.78906,41.89773],[-87.78904,41.89729],[-87.78903,41.897],[-87.78902,41.89665],[-87.78902,41.89634]]}},{"type":"Feature","properties":{"street_name":"ALLEY","address_left_from":-1,"address_left_to":-1,"address_right_from":-1,"address_right_to":-1},"geometry":{"type":"LineString","coordinates":[[-87.79035,41.88637],[-87.79009,41.88637],[-87.78976,41.88638],[-87.78955,41.88638]]}},{"type":"Feature","properties":{"street_name":"ALLEY","address_left_from":-1,"address_left_to":-1,"address_right_from":-1,"address_right_to":-1},"geometry":{"type":"LineString","coordinates":[[-87.78123,41.88127],[-87.78073,41.88128],[-87.78042,41.88128]]}},{"type":"Feature","properties":{"street_name":"ALLEY","address_left_from":-1,"address_left_to":-1,"address_right_from":-1,"address_right_to":-1},"geometry":{"type":"LineString","coordinates":[[-87.79724,41.87182],[-87.79708,41.8718],[-87.79681,41.87178],[-87.7966,41.87176]]}},{"type":"Feature","properties":{"street_name":"ALLEY","address_left_from":-1,"address_left_to":-1,"address_right_from":-1,"address_right_to":-1},"geometry":{"type":"LineString","coordinates":[[-87.77657,41.88863],[-87.77614,41.88863],[-87.77575,41.88863]]}},{"type":"Feature","properties":{"street_name":"ALLEY","address_left_from":-1,"address_left_to":-1,"address_right_from":-1,"address_right_to":-1},"geometry":{"type":"LineString","coordinates":[[-87.78088,41.89645],[-87.78086,41.89601],[-87.78085,41.89561],[-87.78083,41.89517]]}},{"type":"Feature","properties":{"street_name":"SUPERIOR ST","address_left_from":511,"address_left_to":599,"address_right_from":510,"address_right_to":598},"geometry":{"type":"LineString","coordinates":[[-87.78891,41.89303],[-87.78958,41.89302],[-87.78973,41.89302]]}},{"type":"Feature","properties":{"street_name":"ALLEY","address_left_from":-1,"address_left_to":-1,"address_right_from":-1,"address_right_to":-1},"geometry":{"type":"LineString","coordinates":[[-87.78379,41.87809],[-87.78379,41.87814],[-87.7838,41.87849],[-87.78382,41.87897],[-87.78384,41.87945]]}},{"type":"Feature","properties":{"street_name":"ALLEY","address_left_from":-1,"address_left_to":-1,"address_right_from":-1,"address_right_to":-1},"geometry":{"type":"LineString","coordinates":[[-87.79595,41.87171],[-87.79571,41.87169],[-87.79537,41.87166],[-87.79529,41.87165]]}},{"type":"Feature","properties":{"street_name":"ALLEY","address_left_from":-1,"address_left_to":-1,"address_right_from":-1,"address_right_to":-1},"geometry":{"type":"LineString","coordinates":[[-87.78453,41.88219],[-87.78402,41.8822],[-87.78371,41.8822]]}},{"type":"Feature","properties":{"street_name":"ALLEY","address_left_from":-1,"address_left_to":-1,"address_right_from":-1,"address_right_to":-1},"geometry":{"type":"LineString","coordinates":[[-87.77849,41.86724],[-87.77848,41.86715],[-87.77847,41.86681],[-87.77845,41.86635],[-87.77844,41.86586]]}},{"type":"Feature","properties":{"street_name":"PLEASANT ST","address_left_from":753,"address_left_to":799,"address_right_from":752,"address_right_to":798},"geometry":{"type":"LineString","coordinates":[[-87.79359,41.88506],[-87.79385,41.88505],[-87.79442,41.88504]]}},{"type":"Feature","properties":{"street_name":"ALLEY","address_left_from":-1,"address_left_to":-1,"address_right_from":-1,"address_right_to":-1},"geometry":{"type":"LineString","coordinates":[[-87.77957,41.88055],[-87.77944,41.88055],[-87.77905,41.88056],[-87.77876,41.88056]]}},{"type":"Feature","properties":{"street_name":"ALLEY","address_left_from":-1,"address_left_to":-1,"address_right_from":-1,"address_right_to":-1},"geometry":{"type":"LineString","coordinates":[[-87.79315,41.86557],[-87.79256,41.86558]]}},{"type":"Feature","properties":{"street_name":"ALLEY","address_left_from":-1,"address_left_to":-1,"address_right_from":-1,"address_right_to":-1},"geometry":{"type":"LineString","coordinates":[[-87.77759,41.87636],[-87.77759,41.87643]]}},{"type":"Feature","properties":{"street_name":"ALLEY","address_left_from":-1,"address_left_to":-1,"address_right_from":-1,"address_right_to":-1},"geometry":{"type":"LineString","coordinates":[[-87.79354,41.88331],[-87.79353,41.88313],[-87.79351,41.88254],[-87.7935,41.88207],[-87.79348,41.88157]]}},{"type":"Feature","properties":{"street_name":"ALLEY","address_left_from":-1,"address_left_to":-1,"address_right_from":-1,"address_right_to":-1},"geometry":{"type":"LineString","coordinates":[[-87.77713,41.88058],[-87.77714,41.8809],[-87.77714,41.88112],[-87.77717,41.88153]]}},{"type":"Feature","properties":{"street_name":"ALLEY","address_left_from":-1,"address_left_to":-1,"address_right_from":-1,"address_right_to":-1},"geometry":{"type":"LineString","coordinates":[[-87.79846,41.86873],[-87.79845,41.86856],[-87.79843,41.86784],[-87.7984,41.86702],[-87.79839,41.8669]]}},{"type":"Feature","properties":{"street_name":"ALLEY","address_left_from":-1,"address_left_to":-1,"address_right_from":-1,"address_right_to":-1},"geometry":{"type":"LineString","coordinates":[[-87.77738,41.88868],[-87.77657,41.88869]]}},{"type":"Feature","properties":{"street_name":"ALLEY","address_left_from":-1,"address_left_to":-1,"address_right_from":-1,"address_right_to":-1},"geometry":{"type":"LineString","coordinates":[[-87.79799,41.90848],[-87.79791,41.90848],[-87.79789,41.90848],[-87.79774,41.90848],[-87.79759,41.90849],[-87.79751,41.90849],[-87.79728,41.90849]]}},{"type":"Feature","properties":{"street_name":"ALLEY","address_left_from":-1,"address_left_to":-1,"address_right_from":-1,"address_right_to":-1},"geometry":{"type":"LineString","coordinates":[[-87.78732,41.89453],[-87.78731,41.8944],[-87.7873,41.89409],[-87.78729,41.89369],[-87.78728,41.89312],[-87.78727,41.89306]]}},{"type":"Feature","properties":{"street_name":"ALLEY","address_left_from":-1,"address_left_to":-1,"address_right_from":-1,"address_right_to":-1},"geometry":{"type":"LineString","coordinates":[[-87.78273,41.90867],[-87.78284,41.90867],[-87.78293,41.90867],[-87.78303,41.90867],[-87.78309,41.90867],[-87.7832,41.90867],[-87.78335,41.90866]]}},{"type":"Feature","properties":{"street_name":"ALLEY","address_left_from":-1,"address_left_to":-1,"address_right_from":-1,"address_right_to":-1},"geometry":{"type":"LineString","coordinates":[[-87.80115,41.8919],[-87.80115,41.89168],[-87.80114,41.89143],[-87.80114,41.89126]]}},{"type":"Feature","properties":{"street_name":"PLEASANT ST","address_left_from":601,"address_left_to":615,"address_right_from":600,"address_right_to":614},"geometry":{"type":"LineString","coordinates":[[-87.78951,41.88513],[-87.7898,41.88512],[-87.79032,41.88511]]}},{"type":"Feature","properties":{"street_name":"ALLEY","address_left_from":-1,"address_left_to":-1,"address_right_from":-1,"address_right_to":-1},"geometry":{"type":"LineString","coordinates":[[-87.79281,41.88633],[-87.79256,41.88633],[-87.79223,41.88634],[-87.79199,41.88634]]}},{"type":"Feature","properties":{"street_name":"HOME AVE","address_left_from":1100,"address_left_to":1148,"address_right_from":1101,"address_right_to":1149},"geometry":{"type":"LineString","coordinates":[[-87.79911,41.86872],[-87.7991,41.86839],[-87.79906,41.8674],[-87.79904,41.86689]]}},{"type":"Feature","properties":{"street_name":"ALLEY","address_left_from":-1,"address_left_to":-1,"address_right_from":-1,"address_right_to":-1},"geometry":{"type":"LineString","coordinates":[[-87.79806,41.87828],[-87.79805,41.87812],[-87.79804,41.87781],[-87.79803,41.87742],[-87.79802,41.87709],[-87.79801,41.87687]]}},{"type":"Feature","properties":{"street_name":"ALLEY","address_left_from":-1,"address_left_to":-1,"address_right_from":-1,"address_right_to":-1},"geometry":{"type":"LineString","coordinates":[[-87.77565,41.88536],[-87.77565,41.88532],[-87.77564,41.88521],[-87.77563,41.88471],[-87.77561,41.88423],[-87.77561,41.88404]]}},{"type":"Feature","properties":{"street_name":"ALLEY","address_left_from":-1,"address_left_to":-1,"address_right_from":-1,"address_right_to":-1},"geometry":{"type":"LineString","coordinates":[[-87.77854,41.90585],[-87.77853,41.9054],[-87.77852,41.90486],[-87.77849,41.90419],[-87.77848,41.90388]]}},{"type":"Feature","properties":{"street_name":"ALLEY","address_left_from":-1,"address_left_to":-1,"address_right_from":-1,"address_right_to":-1},"geometry":{"type":"LineString","coordinates":[[-87.77687,41.90796],[-87.77701,41.90796],[-87.77745,41.90795],[-87.77752,41.90795]]}},{"type":"Feature","properties":{"street_name":"ALLEY","address_left_from":-1,"address_left_to":-1,"address_right_from":-1,"address_right_to":-1},"geometry":{"type":"LineString","coordinates":[[-87.79891,41.90847],[-87.7989,41.90833],[-87.7989,41.90826],[-87.79889,41.90818],[-87.79889,41.90811],[-87.79889,41.90803],[-87.79888,41.9077],[-87.79886,41.90727],[-87.79886,41.90714]]}},{"type":"Feature","properties":{"street_name":"ALLEY","address_left_from":-1,"address_left_to":-1,"address_right_from":-1,"address_right_to":-1},"geometry":{"type":"LineString","coordinates":[[-87.77917,41.88652],[-87.77899,41.88652],[-87.77895,41.88653]]}},{"type":"Feature","properties":{"street_name":"ALLEY","address_left_from":-1,"address_left_to":-1,"address_right_from":-1,"address_right_to":-1},"geometry":{"type":"LineString","coordinates":[[-87.78538,41.88342],[-87.78537,41.88324],[-87.78536,41.88297],[-87.78535,41.8826],[-87.78535,41.88225]]}},{"type":"Feature","properties":{"street_name":"ALLEY","address_left_from":-1,"address_left_to":-1,"address_right_from":-1,"address_right_to":-1},"geometry":{"type":"LineString","coordinates":[[-87.80114,41.89126],[-87.80113,41.89113],[-87.80111,41.89063]]}},{"type":"Feature","properties":{"street_name":"ALLEY","address_left_from":-1,"address_left_to":-1,"address_right_from":-1,"address_right_to":-1},"geometry":{"type":"LineString","coordinates":[[-87.79858,41.87192],[-87.79856,41.87152],[-87.79854,41.87114],[-87.79853,41.87067],[-87.79852,41.87056]]}},{"type":"Feature","properties":{"street_name":"ALLEY","address_left_from":-1,"address_left_to":-1,"address_right_from":-1,"address_right_to":-1},"geometry":{"type":"LineString","coordinates":[[-87.79323,41.90854],[-87.79262,41.90855]]}},{"type":"Feature","properties":{"street_name":"ALLEY","address_left_from":-1,"address_left_to":-1,"address_right_from":-1,"address_right_to":-1},"geometry":{"type":"LineString","coordinates":[[-87.78273,41.90867],[-87.78272,41.90854],[-87.78272,41.9085],[-87.78272,41.90847],[-87.7827,41.90817],[-87.78269,41.90765],[-87.78268,41.90743],[-87.78268,41.90735]]}},{"type":"Feature","properties":{"street_name":"ALLEY","address_left_from":-1,"address_left_to":-1,"address_right_from":-1,"address_right_to":-1},"geometry":{"type":"LineString","coordinates":[[-87.78069,41.89042],[-87.78068,41.89022],[-87.78066,41.8896],[-87.78064,41.88878]]}},{"type":"Feature","properties":{"street_name":"ALLEY","address_left_from":-1,"address_left_to":-1,"address_right_from":-1,"address_right_to":-1},"geometry":{"type":"LineString","coordinates":[[-87.78244,41.87449],[-87.78244,41.87459],[-87.78245,41.87475],[-87.78245,41.87498],[-87.78246,41.87516],[-87.78247,41.87529],[-87.78247,41.87538],[-87.7825,41.87538],[-87.78261,41.87538],[-87.78308,41.87538]]}},{"type":"Feature","properties":{"street_name":"ALLEY","address_left_from":-1,"address_left_to":-1,"address_right_from":-1,"address_right_to":-1},"geometry":{"type":"LineString","coordinates":[[-87.78013,41.90792],[-87.7803,41.90791],[-87.78057,41.90791],[-87.78078,41.90791]]}},{"type":"Feature","properties":{"street_name":"ALLEY","address_left_from":-1,"address_left_to":-1,"address_right_from":-1,"address_right_to":-1},"geometry":{"type":"LineString","coordinates":[[-87.79397,41.87154],[-87.79382,41.87153],[-87.7936,41.87151],[-87.79336,41.87149]]}},{"type":"Feature","properties":{"street_name":"ALLEY","address_left_from":-1,"address_left_to":-1,"address_right_from":-1,"address_right_to":-1},"geometry":{"type":"LineString","coordinates":[[-87.77638,41.87644],[-87.77637,41.87638]]}},{"type":"Feature","properties":{"street_name":"ALLEY","address_left_from":-1,"address_left_to":-1,"address_right_from":-1,"address_right_to":-1},"geometry":{"type":"LineString","coordinates":[[-87.80031,41.90528],[-87.80031,41.90519],[-87.80029,41.90469],[-87.80027,41.90409],[-87.80026,41.90373],[-87.80025,41.90356],[-87.80025,41.90345]]}},{"type":"Feature","properties":{"street_name":"ALLEY","address_left_from":-1,"address_left_to":-1,"address_right_from":-1,"address_right_to":-1},"geometry":{"type":"LineString","coordinates":[[-87.80394,41.89671],[-87.80395,41.89663],[-87.80393,41.89635],[-87.80393,41.8963]]}},{"type":"Feature","properties":{"street_name":"SUPERIOR ST","address_left_from":1,"address_left_to":19,"address_right_from":2,"address_right_to":18},"geometry":{"type":"LineString","coordinates":[[-87.77509,41.89317],[-87.77516,41.89319],[-87.77518,41.89319],[-87.77523,41.8932],[-87.7753,41.89321],[-87.77548,41.89322],[-87.77562,41.89322],[-87.77587,41.89323],[-87.7759,41.89323]]}},{"type":"Feature","properties":{"street_name":"ALLEY","address_left_from":-1,"address_left_to":-1,"address_right_from":-1,"address_right_to":-1},"geometry":{"type":"LineString","coordinates":[[-87.78954,41.86706],[-87.78954,41.86702],[-87.78953,41.86677],[-87.78952,41.86631],[-87.7895,41.86569]]}},{"type":"Feature","properties":{"street_name":"ALLEY","address_left_from":-1,"address_left_to":-1,"address_right_from":-1,"address_right_to":-1},"geometry":{"type":"LineString","coordinates":[[-87.78943,41.88218],[-87.78901,41.88218],[-87.78859,41.88219]]}},{"type":"Feature","properties":{"street_name":"ALLEY","address_left_from":-1,"address_left_to":-1,"address_right_from":-1,"address_right_to":-1},"geometry":{"type":"LineString","coordinates":[[-87.77929,41.87225],[-87.77883,41.87226],[-87.77866,41.87226]]}},{"type":"Feature","properties":{"street_name":"ALLEY","address_left_from":-1,"address_left_to":-1,"address_right_from":-1,"address_right_to":-1},"geometry":{"type":"LineString","coordinates":[[-87.79721,41.87058],[-87.79721,41.87046],[-87.79719,41.86994],[-87.79717,41.86933],[-87.79715,41.86883],[-87.79715,41.86875]]}},{"type":"Feature","properties":{"street_name":"ALLEY","address_left_from":-1,"address_left_to":-1,"address_right_from":-1,"address_right_to":-1},"geometry":{"type":"LineString","coordinates":[[-87.78408,41.90866],[-87.78414,41.90866],[-87.7842,41.90866],[-87.78432,41.90865],[-87.7844,41.90865],[-87.78453,41.90865],[-87.78474,41.90865]]}},{"type":"Feature","properties":{"street_name":"ALLEY","address_left_from":-1,"address_left_to":-1,"address_right_from":-1,"address_right_to":-1},"geometry":{"type":"LineString","coordinates":[[-87.78078,41.8795],[-87.78072,41.8795],[-87.78048,41.8795],[-87.78035,41.8795],[-87.78018,41.8795]]}},{"type":"Feature","properties":{"street_name":"ALLEY","address_left_from":-1,"address_left_to":-1,"address_right_from":-1,"address_right_to":-1},"geometry":{"type":"LineString","coordinates":[[-87.78575,41.89638],[-87.78575,41.89633],[-87.78573,41.89581],[-87.78571,41.8952],[-87.7857,41.8947],[-87.78569,41.89456]]}},{"type":"Feature","properties":{"street_name":"ALLEY","address_left_from":-1,"address_left_to":-1,"address_right_from":-1,"address_right_to":-1},"geometry":{"type":"LineString","coordinates":[[-87.7784,41.89521],[-87.77809,41.89522],[-87.7778,41.89522],[-87.77759,41.89523]]}},{"type":"Feature","properties":{"street_name":"ALLEY","address_left_from":-1,"address_left_to":-1,"address_right_from":-1,"address_right_to":-1},"geometry":{"type":"LineString","coordinates":[[-87.80115,41.86686],[-87.80115,41.86674],[-87.80114,41.86647],[-87.80114,41.86611],[-87.80111,41.86549],[-87.80122,41.86548],[-87.8015,41.86548],[-87.80167,41.86547],[-87.8018,41.86548]]}},{"type":"Feature","properties":{"street_name":"ALLEY","address_left_from":-1,"address_left_to":-1,"address_right_from":-1,"address_right_to":-1},"geometry":{"type":"LineString","coordinates":[[-87.78092,41.90384],[-87.78092,41.90371],[-87.78091,41.9034],[-87.78089,41.90277],[-87.78086,41.90203],[-87.78086,41.90193]]}},{"type":"Feature","properties":{"street_name":"ALLEY","address_left_from":-1,"address_left_to":-1,"address_right_from":-1,"address_right_to":-1},"geometry":{"type":"LineString","coordinates":[[-87.79708,41.89984],[-87.79708,41.8997],[-87.79706,41.89923],[-87.79705,41.89886],[-87.79704,41.89847],[-87.79703,41.89803]]}},{"type":"Feature","properties":{"street_name":"ALLEY","address_left_from":-1,"address_left_to":-1,"address_right_from":-1,"address_right_to":-1},"geometry":{"type":"LineString","coordinates":[[-87.78873,41.9086],[-87.78871,41.9086],[-87.78855,41.9086],[-87.78846,41.9086],[-87.78839,41.9086],[-87.78827,41.9086],[-87.78818,41.90861],[-87.78807,41.90861]]}},{"type":"Feature","properties":{"street_name":"ALLEY","address_left_from":-1,"address_left_to":-1,"address_right_from":-1,"address_right_to":-1},"geometry":{"type":"LineString","coordinates":[[-87.78208,41.88746],[-87.78211,41.8878],[-87.78212,41.88825]]}},{"type":"Feature","properties":{"street_name":"ALLEY","address_left_from":-1,"address_left_to":-1,"address_right_from":-1,"address_right_to":-1},"geometry":{"type":"LineString","coordinates":[[-87.77614,41.87011],[-87.77612,41.86953],[-87.77611,41.86918],[-87.77611,41.8691]]}},{"type":"Feature","properties":{"street_name":"PLEASANT ST","address_left_from":901,"address_left_to":929,"address_right_from":900,"address_right_to":928},"geometry":{"type":"LineString","coordinates":[[-87.7971,41.88547],[-87.79778,41.88545],[-87.79833,41.88544],[-87.79859,41.88544]]}},{"type":"Feature","properties":{"street_name":"ALLEY","address_left_from":-1,"address_left_to":-1,"address_right_from":-1,"address_right_to":-1},"geometry":{"type":"LineString","coordinates":[[-87.80169,41.87918],[-87.80155,41.87918],[-87.80125,41.87919],[-87.80107,41.87919]]}},{"type":"Feature","properties":{"street_name":"ALLEY","address_left_from":-1,"address_left_to":-1,"address_right_from":-1,"address_right_to":-1},"geometry":{"type":"LineString","coordinates":[[-87.77744,41.89047],[-87.77744,41.89034],[-87.77743,41.89001],[-87.7774,41.8893],[-87.77738,41.88868]]}},{"type":"Feature","properties":{"street_name":"N OAK PARK AVE","address_left_from":1241,"address_left_to":1299,"address_right_from":1240,"address_right_to":1298},"geometry":{"type":"LineString","coordinates":[[-87.79504,41.90852],[-87.79504,41.90854],[-87.79505,41.90864],[-87.79505,41.90871],[-87.79505,41.90888],[-87.79506,41.90902]]}},{"type":"Feature","properties":{"street_name":"ALLEY","address_left_from":-1,"address_left_to":-1,"address_right_from":-1,"address_right_to":-1},"geometry":{"type":"LineString","coordinates":[[-87.7772,41.90198],[-87.77719,41.90187],[-87.77718,41.90138],[-87.77714,41.9003],[-87.77714,41.90016]]}},{"type":"Feature","properties":{"street_name":"ALLEY","address_left_from":-1,"address_left_to":-1,"address_right_from":-1,"address_right_to":-1},"geometry":{"type":"LineString","coordinates":[[-87.78766,41.86572],[-87.78741,41.86573],[-87.78714,41.86573],[-87.78705,41.86573]]}},{"type":"Feature","properties":{"street_name":"ALLEY","address_left_from":-1,"address_left_to":-1,"address_right_from":-1,"address_right_to":-1},"geometry":{"type":"LineString","coordinates":[[-87.77879,41.90695],[-87.77898,41.90695],[-87.77931,41.90695],[-87.77945,41.90695]]}},{"type":"Feature","properties":{"street_name":"ALLEY","address_left_from":-1,"address_left_to":-1,"address_right_from":-1,"address_right_to":-1},"geometry":{"type":"LineString","coordinates":[[-87.78709,41.8671],[-87.78709,41.86699],[-87.78707,41.86645],[-87.78705,41.86573]]}},{"type":"Feature","properties":{"street_name":"ALLEY","address_left_from":-1,"address_left_to":-1,"address_right_from":-1,"address_right_to":-1},"geometry":{"type":"LineString","coordinates":[[-87.78102,41.86903],[-87.78102,41.8689],[-87.78101,41.86875],[-87.78099,41.86803],[-87.78096,41.8674],[-87.78096,41.8672]]}},{"type":"Feature","properties":{"street_name":"ALLEY","address_left_from":-1,"address_left_to":-1,"address_right_from":-1,"address_right_to":-1},"geometry":{"type":"LineString","coordinates":[[-87.78232,41.89076],[-87.78231,41.8904]]}},{"type":"Feature","properties":{"street_name":"ALLEY","address_left_from":-1,"address_left_to":-1,"address_right_from":-1,"address_right_to":-1},"geometry":{"type":"LineString","coordinates":[[-87.78697,41.88222],[-87.78667,41.88223],[-87.78637,41.88223],[-87.78616,41.88223]]}},{"type":"Feature","properties":{"street_name":"ALLEY","address_left_from":-1,"address_left_to":-1,"address_right_from":-1,"address_right_to":-1},"geometry":{"type":"LineString","coordinates":[[-87.803,41.88825],[-87.8036,41.88823]]}},{"type":"Feature","properties":{"street_name":"ALLEY","address_left_from":-1,"address_left_to":-1,"address_right_from":-1,"address_right_to":-1},"geometry":{"type":"LineString","coordinates":[[-87.77799,41.87026],[-87.77784,41.87025],[-87.77756,41.87024],[-87.77737,41.87022]]}},{"type":"Feature","properties":{"street_name":"ALLEY","address_left_from":-1,"address_left_to":-1,"address_right_from":-1,"address_right_to":-1},"geometry":{"type":"LineString","coordinates":[[-87.78727,41.89306],[-87.78726,41.89288],[-87.78726,41.89248],[-87.78725,41.89216],[-87.78724,41.89174],[-87.78724,41.89168]]}},{"type":"Feature","properties":{"street_name":"ALLEY","address_left_from":-1,"address_left_to":-1,"address_right_from":-1,"address_right_to":-1},"geometry":{"type":"LineString","coordinates":[[-87.80488,41.90522],[-87.80489,41.90549],[-87.80491,41.90601],[-87.80494,41.90662],[-87.80495,41.90705]]}},{"type":"Feature","properties":{"street_name":"HEMINGWAY LN","address_left_from":-1,"address_left_to":-1,"address_right_from":-1,"address_right_to":-1},"geometry":{"type":"LineString","coordinates":[[-87.79001,41.88791],[-87.78991,41.88792],[-87.78978,41.88792],[-87.78959,41.88792]]}},{"type":"Feature","properties":{"street_name":"ALLEY","address_left_from":-1,"address_left_to":-1,"address_right_from":-1,"address_right_to":-1},"geometry":{"type":"LineString","coordinates":[[-87.78379,41.88523],[-87.78379,41.88542],[-87.78381,41.88582],[-87.78382,41.88614],[-87.78383,41.88644],[-87.78383,41.88647],[-87.78349,41.88648],[-87.7831,41.88649],[-87.78301,41.88648]]}},{"type":"Feature","properties":{"street_name":"HOME AVE","address_left_from":400,"address_left_to":448,"address_right_from":401,"address_right_to":445},"geometry":{"type":"LineString","coordinates":[[-87.79994,41.88149],[-87.79993,41.88121],[-87.7999,41.88047],[-87.79988,41.87991],[-87.79987,41.87976]]}},{"type":"Feature","properties":{"street_name":"N OAK PARK AVE","address_left_from":1105,"address_left_to":1149,"address_right_from":1100,"address_right_to":1142},"geometry":{"type":"LineString","coordinates":[[-87.79496,41.90557],[-87.79497,41.90591],[-87.795,41.9069],[-87.795,41.90711]]}},{"type":"Feature","properties":{"street_name":"ALLEY","address_left_from":-1,"address_left_to":-1,"address_right_from":-1,"address_right_to":-1},"geometry":{"type":"LineString","coordinates":[[-87.79778,41.88337],[-87.79776,41.88273]]}},{"type":"Feature","properties":{"street_name":"ALLEY","address_left_from":-1,"address_left_to":-1,"address_right_from":-1,"address_right_to":-1},"geometry":{"type":"LineString","coordinates":[[-87.78855,41.88039],[-87.78831,41.88039],[-87.78774,41.8804]]}},{"type":"Feature","properties":{"street_name":"ALLEY","address_left_from":-1,"address_left_to":-1,"address_right_from":-1,"address_right_to":-1},"geometry":{"type":"LineString","coordinates":[[-87.77964,41.88258],[-87.77932,41.88258],[-87.77908,41.88259],[-87.77882,41.88259]]}},{"type":"Feature","properties":{"street_name":"S HUMPHREY AVE","address_left_from":2,"address_left_to":98,"address_right_from":1,"address_right_to":99},"geometry":{"type":"LineString","coordinates":[[-87.77653,41.88735],[-87.77653,41.88732],[-87.77652,41.88723],[-87.77652,41.88706]]}},{"type":"Feature","properties":{"street_name":"ALLEY","address_left_from":-1,"address_left_to":-1,"address_right_from":-1,"address_right_to":-1},"geometry":{"type":"LineString","coordinates":[[-87.77676,41.87016],[-87.77661,41.87015],[-87.77635,41.87013],[-87.77614,41.87011]]}},{"type":"Feature","properties":{"street_name":"ALLEY","address_left_from":-1,"address_left_to":-1,"address_right_from":-1,"address_right_to":-1},"geometry":{"type":"LineString","coordinates":[[-87.78902,41.89634],[-87.78902,41.8963],[-87.789,41.89574],[-87.78898,41.89525],[-87.78897,41.89492],[-87.78896,41.89465],[-87.78895,41.89451]]}},{"type":"Feature","properties":{"street_name":"SUPERIOR ST","address_left_from":621,"address_left_to":639,"address_right_from":620,"address_right_to":638},"geometry":{"type":"LineString","coordinates":[[-87.79052,41.893],[-87.79079,41.893],[-87.79128,41.89299]]}},{"type":"Feature","properties":{"street_name":"ALLEY","address_left_from":-1,"address_left_to":-1,"address_right_from":-1,"address_right_to":-1},"geometry":{"type":"LineString","coordinates":[[-87.77717,41.88153],[-87.77704,41.88153],[-87.77634,41.88155]]}},{"type":"Feature","properties":{"street_name":"ALLEY","address_left_from":-1,"address_left_to":-1,"address_right_from":-1,"address_right_to":-1},"geometry":{"type":"LineString","coordinates":[[-87.79336,41.87149],[-87.79276,41.87144]]}},{"type":"Feature","properties":{"street_name":"ALLEY","address_left_from":-1,"address_left_to":-1,"address_right_from":-1,"address_right_to":-1},"geometry":{"type":"LineString","coordinates":[[-87.7872,41.89032],[-87.78719,41.89017],[-87.78718,41.88978],[-87.78717,41.8894],[-87.78717,41.8891],[-87.78716,41.88902],[-87.78713,41.88902],[-87.78697,41.88902],[-87.78666,41.88903],[-87.78635,41.88903]]}},{"type":"Feature","properties":{"street_name":"ALLEY","address_left_from":-1,"address_left_to":-1,"address_right_from":-1,"address_right_to":-1},"geometry":{"type":"LineString","coordinates":[[-87.7924,41.87927],[-87.79238,41.8788],[-87.79236,41.87821],[-87.79236,41.87797]]}},{"type":"Feature","properties":{"street_name":"ALLEY","address_left_from":-1,"address_left_to":-1,"address_right_from":-1,"address_right_to":-1},"geometry":{"type":"LineString","coordinates":[[-87.78018,41.8795],[-87.78017,41.8795],[-87.77991,41.87951],[-87.77954,41.87951]]}},{"type":"Feature","properties":{"street_name":"N EUCLID AVE","address_left_from":501,"address_left_to":549,"address_right_from":500,"address_right_to":548},"geometry":{"type":"LineString","coordinates":[[-87.79286,41.89444],[-87.79286,41.89462],[-87.7929,41.89601],[-87.7929,41.89619]]}},{"type":"Feature","properties":{"street_name":"ALLEY","address_left_from":-1,"address_left_to":-1,"address_right_from":-1,"address_right_to":-1},"geometry":{"type":"LineString","coordinates":[[-87.77882,41.88259],[-87.77866,41.88259],[-87.77841,41.8826],[-87.77823,41.8826],[-87.77817,41.8826],[-87.77813,41.8826],[-87.77809,41.8826],[-87.77805,41.88258],[-87.778,41.88255],[-87.778,41.88255]]}},{"type":"Feature","properties":{"street_name":"ALLEY","address_left_from":-1,"address_left_to":-1,"address_right_from":-1,"address_right_to":-1},"geometry":{"type":"LineString","coordinates":[[-87.7945,41.88794],[-87.79406,41.88796],[-87.79398,41.88796],[-87.79398,41.88814],[-87.79398,41.88818],[-87.79355,41.88818],[-87.79268,41.88819]]}},{"type":"Feature","properties":{"street_name":"ALLEY","address_left_from":-1,"address_left_to":-1,"address_right_from":-1,"address_right_to":-1},"geometry":{"type":"LineString","coordinates":[[-87.79153,41.87141],[-87.79139,41.87139],[-87.79098,41.87136],[-87.79091,41.87135]]}},{"type":"Feature","properties":{"street_name":"ALLEY","address_left_from":-1,"address_left_to":-1,"address_right_from":-1,"address_right_to":-1},"geometry":{"type":"LineString","coordinates":[[-87.79571,41.90535],[-87.7957,41.90518],[-87.79568,41.90438],[-87.79567,41.90376],[-87.79566,41.90352]]}},{"type":"Feature","properties":{"street_name":"ALLEY","address_left_from":-1,"address_left_to":-1,"address_right_from":-1,"address_right_to":-1},"geometry":{"type":"LineString","coordinates":[[-87.77724,41.88402],[-87.77723,41.88385],[-87.77722,41.88339],[-87.7772,41.88261]]}},{"type":"Feature","properties":{"street_name":"ALLEY","address_left_from":-1,"address_left_to":-1,"address_right_from":-1,"address_right_to":-1},"geometry":{"type":"LineString","coordinates":[[-87.77592,41.90017],[-87.77591,41.89996],[-87.77589,41.89935],[-87.77587,41.89869],[-87.77586,41.89835]]}},{"type":"Feature","properties":{"street_name":"N EUCLID AVE","address_left_from":1101,"address_left_to":1143,"address_right_from":1100,"address_right_to":1142},"geometry":{"type":"LineString","coordinates":[[-87.79375,41.90559],[-87.79376,41.90576],[-87.79377,41.90636],[-87.79379,41.907],[-87.79379,41.90712]]}},{"type":"Feature","properties":{"street_name":"SUPERIOR ST","address_left_from":301,"address_left_to":309,"address_right_from":300,"address_right_to":308},"geometry":{"type":"LineString","coordinates":[[-87.78321,41.89312],[-87.78355,41.89311],[-87.78401,41.89311]]}},{"type":"Feature","properties":{"street_name":"ALLEY","address_left_from":-1,"address_left_to":-1,"address_right_from":-1,"address_right_to":-1},"geometry":{"type":"LineString","coordinates":[[-87.80258,41.86547],[-87.80271,41.86546],[-87.80336,41.86545]]}},{"type":"Feature","properties":{"street_name":"PLEASANT ST","address_left_from":353,"address_left_to":399,"address_right_from":352,"address_right_to":398},"geometry":{"type":"LineString","coordinates":[[-87.78379,41.88523],[-87.78424,41.88522],[-87.78461,41.88521]]}},{"type":"Feature","properties":{"street_name":"PLEASANT ST","address_left_from":201,"address_left_to":215,"address_right_from":200,"address_right_to":214},"geometry":{"type":"LineString","coordinates":[[-87.77972,41.88529],[-87.78053,41.88528]]}},{"type":"Feature","properties":{"street_name":"ALLEY","address_left_from":-1,"address_left_to":-1,"address_right_from":-1,"address_right_to":-1},"geometry":{"type":"LineString","coordinates":[[-87.78985,41.87619],[-87.78985,41.87605],[-87.78983,41.8755],[-87.78981,41.87504],[-87.78979,41.87436]]}},{"type":"Feature","properties":{"street_name":"ALLEY","address_left_from":-1,"address_left_to":-1,"address_right_from":-1,"address_right_to":-1},"geometry":{"type":"LineString","coordinates":[[-87.77743,41.87161],[-87.77744,41.87196],[-87.77745,41.87228]]}},{"type":"Feature","properties":{"street_name":"ALLEY","address_left_from":-1,"address_left_to":-1,"address_right_from":-1,"address_right_to":-1},"geometry":{"type":"LineString","coordinates":[[-87.7825,41.89643],[-87.78248,41.89578],[-87.78246,41.89515]]}},{"type":"Feature","properties":{"street_name":"ALLEY","address_left_from":-1,"address_left_to":-1,"address_right_from":-1,"address_right_to":-1},"geometry":{"type":"LineString","coordinates":[[-87.78225,41.86901],[-87.78224,41.8689],[-87.78223,41.86847],[-87.78221,41.86781],[-87.78218,41.86724],[-87.78218,41.86718]]}},{"type":"Feature","properties":{"street_name":"ALLEY","address_left_from":-1,"address_left_to":-1,"address_right_from":-1,"address_right_to":-1},"geometry":{"type":"LineString","coordinates":[[-87.77604,41.86727],[-87.77603,41.86709],[-87.77602,41.86667],[-87.77599,41.8659]]}},{"type":"Feature","properties":{"street_name":"ALLEY","address_left_from":-1,"address_left_to":-1,"address_right_from":-1,"address_right_to":-1},"geometry":{"type":"LineString","coordinates":[[-87.77727,41.86725],[-87.77727,41.86706],[-87.77726,41.86673],[-87.77722,41.86588]]}},{"type":"Feature","properties":{"street_name":"ALLEY","address_left_from":-1,"address_left_to":-1,"address_right_from":-1,"address_right_to":-1},"geometry":{"type":"LineString","coordinates":[[-87.79011,41.86568],[-87.78999,41.86568],[-87.78964,41.86569],[-87.7895,41.86569]]}},{"type":"Feature","properties":{"street_name":"ALLEY","address_left_from":-1,"address_left_to":-1,"address_right_from":-1,"address_right_to":-1},"geometry":{"type":"LineString","coordinates":[[-87.78756,41.90183],[-87.78756,41.90167],[-87.78754,41.90131],[-87.78753,41.90082],[-87.78751,41.90011],[-87.7875,41.89992],[-87.78749,41.89985]]}},{"type":"Feature","properties":{"street_name":"ALLEY","address_left_from":-1,"address_left_to":-1,"address_right_from":-1,"address_right_to":-1},"geometry":{"type":"LineString","coordinates":[[-87.78472,41.88886],[-87.78417,41.88888],[-87.78389,41.88888]]}},{"type":"Feature","properties":{"street_name":"ALLEY","address_left_from":-1,"address_left_to":-1,"address_right_from":-1,"address_right_to":-1},"geometry":{"type":"LineString","coordinates":[[-87.77575,41.88863],[-87.77559,41.88863],[-87.7752,41.88864],[-87.77497,41.88865]]}},{"type":"Feature","properties":{"street_name":"ALLEY","address_left_from":-1,"address_left_to":-1,"address_right_from":-1,"address_right_to":-1},"geometry":{"type":"LineString","coordinates":[[-87.77886,41.87817],[-87.77886,41.87794],[-87.77885,41.87775],[-87.77884,41.87736],[-87.77882,41.87704],[-87.77881,41.87664],[-87.77881,41.87645],[-87.7788,41.87641]]}},{"type":"Feature","properties":{"street_name":"ALLEY","address_left_from":-1,"address_left_to":-1,"address_right_from":-1,"address_right_to":-1},"geometry":{"type":"LineString","coordinates":[[-87.78968,41.87125],[-87.78967,41.87084],[-87.78966,41.87071]]}},{"type":"Feature","properties":{"street_name":"ALLEY","address_left_from":-1,"address_left_to":-1,"address_right_from":-1,"address_right_to":-1},"geometry":{"type":"LineString","coordinates":[[-87.77973,41.88574],[-87.77939,41.88575],[-87.77892,41.88576]]}},{"type":"Feature","properties":{"street_name":"HARLEM CT","address_left_from":251,"address_left_to":299,"address_right_from":250,"address_right_to":298},"geometry":{"type":"LineString","coordinates":[[-87.80429,41.8912],[-87.80431,41.89159],[-87.80431,41.89184]]}},{"type":"Feature","properties":{"street_name":"ALLEY","address_left_from":-1,"address_left_to":-1,"address_right_from":-1,"address_right_to":-1},"geometry":{"type":"LineString","coordinates":[[-87.79886,41.90714],[-87.79885,41.90704],[-87.79885,41.9067],[-87.79883,41.90623],[-87.79882,41.90588],[-87.7988,41.9054],[-87.7988,41.9053]]}},{"type":"Feature","properties":{"street_name":"ALLEY","address_left_from":-1,"address_left_to":-1,"address_right_from":-1,"address_right_to":-1},"geometry":{"type":"LineString","coordinates":[[-87.77618,41.90699],[-87.77641,41.90698],[-87.77669,41.90698],[-87.77684,41.90698]]}},{"type":"Feature","properties":{"street_name":"ALLEY","address_left_from":-1,"address_left_to":-1,"address_right_from":-1,"address_right_to":-1},"geometry":{"type":"LineString","coordinates":[[-87.7874,41.87623],[-87.7874,41.87618],[-87.78739,41.87588],[-87.78736,41.87526],[-87.78735,41.87476],[-87.78734,41.87441]]}},{"type":"Feature","properties":{"street_name":"ALLEY","address_left_from":-1,"address_left_to":-1,"address_right_from":-1,"address_right_to":-1},"geometry":{"type":"LineString","coordinates":[[-87.79529,41.87165],[-87.79509,41.87163],[-87.79482,41.87161],[-87.79464,41.8716]]}},{"type":"Feature","properties":{"street_name":"ALLEY","address_left_from":-1,"address_left_to":-1,"address_right_from":-1,"address_right_to":-1},"geometry":{"type":"LineString","coordinates":[[-87.7958,41.90851],[-87.79504,41.90852]]}},{"type":"Feature","properties":{"street_name":"N OAK PARK AVE","address_left_from":231,"address_left_to":299,"address_right_from":234,"address_right_to":298},"geometry":{"type":"LineString","coordinates":[[-87.79459,41.89133],[-87.7946,41.89156]]}},{"type":"Feature","properties":{"street_name":"ALLEY","address_left_from":-1,"address_left_to":-1,"address_right_from":-1,"address_right_to":-1},"geometry":{"type":"LineString","coordinates":[[-87.79657,41.87689],[-87.79658,41.87702],[-87.79659,41.87735],[-87.79661,41.87787],[-87.79662,41.87819],[-87.79662,41.87831]]}},{"type":"Feature","properties":{"street_name":"ALLEY","address_left_from":-1,"address_left_to":-1,"address_right_from":-1,"address_right_to":-1},"geometry":{"type":"LineString","coordinates":[[-87.78872,41.88639],[-87.7887,41.88568],[-87.78869,41.88536],[-87.78868,41.88514]]}},{"type":"Feature","properties":{"street_name":"ALLEY","address_left_from":-1,"address_left_to":-1,"address_right_from":-1,"address_right_to":-1},"geometry":{"type":"LineString","coordinates":[[-87.80038,41.87683],[-87.80037,41.87669],[-87.80036,41.87627],[-87.80034,41.8757],[-87.80033,41.87541]]}},{"type":"Feature","properties":{"street_name":"ALLEY","address_left_from":-1,"address_left_to":-1,"address_right_from":-1,"address_right_to":-1},"geometry":{"type":"LineString","coordinates":[[-87.77958,41.90012],[-87.77957,41.89998],[-87.77956,41.89954],[-87.77954,41.89911],[-87.77953,41.89865],[-87.77951,41.8983]]}},{"type":"Feature","properties":{"street_name":"N EUCLID AVE","address_left_from":1001,"address_left_to":1051,"address_right_from":1000,"address_right_to":1050},"geometry":{"type":"LineString","coordinates":[[-87.7937,41.90364],[-87.79371,41.90389],[-87.79372,41.90455],[-87.79375,41.90533],[-87.79375,41.9055]]}},{"type":"Feature","properties":{"street_name":"ALLEY","address_left_from":-1,"address_left_to":-1,"address_right_from":-1,"address_right_to":-1},"geometry":{"type":"LineString","coordinates":[[-87.79454,41.87207],[-87.79453,41.87183],[-87.79452,41.87159]]}},{"type":"Feature","properties":{"street_name":"ALLEY","address_left_from":-1,"address_left_to":-1,"address_right_from":-1,"address_right_to":-1},"geometry":{"type":"LineString","coordinates":[[-87.80359,41.87183],[-87.80308,41.87184],[-87.8028,41.87185]]}},{"type":"Feature","properties":{"street_name":"ALLEY","address_left_from":-1,"address_left_to":-1,"address_right_from":-1,"address_right_to":-1},"geometry":{"type":"LineString","coordinates":[[-87.80299,41.87678],[-87.80298,41.8765],[-87.80294,41.87555],[-87.80294,41.87537]]}},{"type":"Feature","properties":{"street_name":"ALLEY","address_left_from":-1,"address_left_to":-1,"address_right_from":-1,"address_right_to":-1},"geometry":{"type":"LineString","coordinates":[[-87.78096,41.8672],[-87.78095,41.86698],[-87.78093,41.86645],[-87.78091,41.86583]]}},{"type":"Feature","properties":{"street_name":"ALLEY","address_left_from":-1,"address_left_to":-1,"address_right_from":-1,"address_right_to":-1},"geometry":{"type":"LineString","coordinates":[[-87.79266,41.88104],[-87.79297,41.88104],[-87.79324,41.88104],[-87.79342,41.88104],[-87.79349,41.88102],[-87.79349,41.88094],[-87.79348,41.88066],[-87.79348,41.8803]]}},{"type":"Feature","properties":{"street_name":"ALLEY","address_left_from":-1,"address_left_to":-1,"address_right_from":-1,"address_right_to":-1},"geometry":{"type":"LineString","coordinates":[[-87.79724,41.87182],[-87.79726,41.87179],[-87.79724,41.87142],[-87.79722,41.87091],[-87.79721,41.87058]]}},{"type":"Feature","properties":{"street_name":"ALLEY","address_left_from":-1,"address_left_to":-1,"address_right_from":-1,"address_right_to":-1},"geometry":{"type":"LineString","coordinates":[[-87.77745,41.8909],[-87.77733,41.8909]]}},{"type":"Feature","properties":{"street_name":"ALLEY","address_left_from":-1,"address_left_to":-1,"address_right_from":-1,"address_right_to":-1},"geometry":{"type":"LineString","coordinates":[[-87.80311,41.88007],[-87.80312,41.88067],[-87.80313,41.88104],[-87.80314,41.88143]]}},{"type":"Feature","properties":{"street_name":"ALLEY","address_left_from":-1,"address_left_to":-1,"address_right_from":-1,"address_right_to":-1},"geometry":{"type":"LineString","coordinates":[[-87.77515,41.89525],[-87.77597,41.89525]]}},{"type":"Feature","properties":{"street_name":"SUPERIOR ST","address_left_from":55,"address_left_to":99,"address_right_from":54,"address_right_to":98},"geometry":{"type":"LineString","coordinates":[[-87.77752,41.8932],[-87.77806,41.8932],[-87.77834,41.89319]]}},{"type":"Feature","properties":{"street_name":"ALLEY","address_left_from":-1,"address_left_to":-1,"address_right_from":-1,"address_right_to":-1},"geometry":{"type":"LineString","coordinates":[[-87.80046,41.8792],[-87.80044,41.87867],[-87.80043,41.87824]]}},{"type":"Feature","properties":{"street_name":"ALLEY","address_left_from":-1,"address_left_to":-1,"address_right_from":-1,"address_right_to":-1},"geometry":{"type":"LineString","coordinates":[[-87.78173,41.87193],[-87.78198,41.87192],[-87.78219,41.87192],[-87.78234,41.87191],[-87.78235,41.87196],[-87.78235,41.87204],[-87.78235,41.87221]]}},{"type":"Feature","properties":{"street_name":"ALLEY","address_left_from":-1,"address_left_to":-1,"address_right_from":-1,"address_right_to":-1},"geometry":{"type":"LineString","coordinates":[[-87.79436,41.90558],[-87.79436,41.90552],[-87.79435,41.90519],[-87.79434,41.90481],[-87.79433,41.90441],[-87.79431,41.90379],[-87.79431,41.9037],[-87.79431,41.90363]]}},{"type":"Feature","properties":{"street_name":"ALLEY","address_left_from":-1,"address_left_to":-1,"address_right_from":-1,"address_right_to":-1},"geometry":{"type":"LineString","coordinates":[[-87.79212,41.87067],[-87.79211,41.87051],[-87.7921,41.87009],[-87.79208,41.86956],[-87.79206,41.86897],[-87.79205,41.86884]]}},{"type":"Feature","properties":{"street_name":"N EUCLID AVE","address_left_from":111,"address_left_to":119,"address_right_from":110,"address_right_to":118},"geometry":{"type":"LineString","coordinates":[[-87.79268,41.88785],[-87.79268,41.88819]]}},{"type":"Feature","properties":{"street_name":"ALLEY","address_left_from":-1,"address_left_to":-1,"address_right_from":-1,"address_right_to":-1},"geometry":{"type":"LineString","coordinates":[[-87.78745,41.89818],[-87.78745,41.89811],[-87.78744,41.89791],[-87.78741,41.89737],[-87.78741,41.89712],[-87.7874,41.89676],[-87.78739,41.89651],[-87.78738,41.89636]]}},{"type":"Feature","properties":{"street_name":"ALLEY","address_left_from":-1,"address_left_to":-1,"address_right_from":-1,"address_right_to":-1},"geometry":{"type":"LineString","coordinates":[[-87.78966,41.87071],[-87.78966,41.87058],[-87.78964,41.87009],[-87.78963,41.86964],[-87.78961,41.869],[-87.7896,41.86889]]}},{"type":"Feature","properties":{"street_name":"ALLEY","address_left_from":-1,"address_left_to":-1,"address_right_from":-1,"address_right_to":-1},"geometry":{"type":"LineString","coordinates":[[-87.79072,41.86567],[-87.79054,41.86567],[-87.79028,41.86568],[-87.79011,41.86568]]}},{"type":"Feature","properties":{"street_name":"ALLEY","address_left_from":-1,"address_left_to":-1,"address_right_from":-1,"address_right_to":-1},"geometry":{"type":"LineString","coordinates":[[-87.78301,41.88648],[-87.78295,41.88647],[-87.78247,41.88648],[-87.7822,41.88648]]}},{"type":"Feature","properties":{"street_name":"ALLEY","address_left_from":-1,"address_left_to":-1,"address_right_from":-1,"address_right_to":-1},"geometry":{"type":"LineString","coordinates":[[-87.80346,41.90841],[-87.80329,41.90841],[-87.80309,41.90842],[-87.80296,41.90842],[-87.80267,41.90842]]}},{"type":"Feature","properties":{"street_name":"ALLEY","address_left_from":-1,"address_left_to":-1,"address_right_from":-1,"address_right_to":-1},"geometry":{"type":"LineString","coordinates":[[-87.77866,41.87226],[-87.77856,41.87226],[-87.77822,41.87227],[-87.77806,41.87227]]}},{"type":"Feature","properties":{"street_name":"ALLEY","address_left_from":-1,"address_left_to":-1,"address_right_from":-1,"address_right_to":-1},"geometry":{"type":"LineString","coordinates":[[-87.80329,41.88544],[-87.8033,41.88567],[-87.80331,41.88623],[-87.80332,41.88639],[-87.80334,41.88673]]}},{"type":"Feature","properties":{"street_name":"ALLEY","address_left_from":-1,"address_left_to":-1,"address_right_from":-1,"address_right_to":-1},"geometry":{"type":"LineString","coordinates":[[-87.78146,41.90869],[-87.78145,41.90854],[-87.78145,41.9085],[-87.78145,41.90846],[-87.78144,41.90814],[-87.78143,41.9079]]}},{"type":"Feature","properties":{"street_name":"ALLEY","address_left_from":-1,"address_left_to":-1,"address_right_from":-1,"address_right_to":-1},"geometry":{"type":"LineString","coordinates":[[-87.78408,41.90866],[-87.78407,41.9085],[-87.78407,41.90841],[-87.78407,41.90829],[-87.78406,41.90822],[-87.78406,41.90808],[-87.78406,41.908],[-87.78406,41.90792],[-87.78405,41.90785],[-87.78405,41.90778],[-87.78405,41.90758],[-87.78404,41.90733]]}},{"type":"Feature","properties":{"street_name":"ALLEY","address_left_from":-1,"address_left_to":-1,"address_right_from":-1,"address_right_to":-1},"geometry":{"type":"LineString","coordinates":[[-87.77981,41.86904],[-87.77981,41.869],[-87.7798,41.86869],[-87.77978,41.86811],[-87.77975,41.86729],[-87.77975,41.86722]]}},{"type":"Feature","properties":{"street_name":"ALLEY","address_left_from":-1,"address_left_to":-1,"address_right_from":-1,"address_right_to":-1},"geometry":{"type":"LineString","coordinates":[[-87.79467,41.87428],[-87.79466,41.87408],[-87.79465,41.87374],[-87.79465,41.87345],[-87.79463,41.87302],[-87.79463,41.87288]]}},{"type":"Feature","properties":{"street_name":"ALLEY","address_left_from":-1,"address_left_to":-1,"address_right_from":-1,"address_right_to":-1},"geometry":{"type":"LineString","coordinates":[[-87.78763,41.90375],[-87.78761,41.90348],[-87.7876,41.90302],[-87.78759,41.90256],[-87.78756,41.90194],[-87.78756,41.90183]]}},{"type":"Feature","properties":{"street_name":"ALLEY","address_left_from":-1,"address_left_to":-1,"address_right_from":-1,"address_right_to":-1},"geometry":{"type":"LineString","coordinates":[[-87.77855,41.86906],[-87.77853,41.8683],[-87.7785,41.86767],[-87.77849,41.86733],[-87.77849,41.86724]]}},{"type":"Feature","properties":{"street_name":"ALLEY","address_left_from":-1,"address_left_to":-1,"address_right_from":-1,"address_right_to":-1},"geometry":{"type":"LineString","coordinates":[[-87.77879,41.90695],[-87.77878,41.9065],[-87.77876,41.90585]]}},{"type":"Feature","properties":{"street_name":"PLEASANT ST","address_left_from":841,"address_left_to":855,"address_right_from":840,"address_right_to":848},"geometry":{"type":"LineString","coordinates":[[-87.79643,41.88515],[-87.79697,41.88514]]}},{"type":"Feature","properties":{"street_name":"ALLEY","address_left_from":-1,"address_left_to":-1,"address_right_from":-1,"address_right_to":-1},"geometry":{"type":"LineString","coordinates":[[-87.78404,41.89405],[-87.78388,41.89405],[-87.78324,41.89406]]}},{"type":"Feature","properties":{"street_name":"ALLEY","address_left_from":-1,"address_left_to":-1,"address_right_from":-1,"address_right_to":-1},"geometry":{"type":"LineString","coordinates":[[-87.77528,41.87956],[-87.77498,41.87956],[-87.77493,41.87956],[-87.77464,41.87956],[-87.77464,41.87956]]}},{"type":"Feature","properties":{"street_name":"ALLEY","address_left_from":-1,"address_left_to":-1,"address_right_from":-1,"address_right_to":-1},"geometry":{"type":"LineString","coordinates":[[-87.78873,41.87933],[-87.78857,41.87934],[-87.78833,41.87934],[-87.78812,41.87934]]}},{"type":"Feature","properties":{"street_name":"ALLEY","address_left_from":-1,"address_left_to":-1,"address_right_from":-1,"address_right_to":-1},"geometry":{"type":"LineString","coordinates":[[-87.78366,41.87447],[-87.78367,41.87461],[-87.78368,41.87489],[-87.7837,41.87544],[-87.78373,41.87629]]}},{"type":"Feature","properties":{"street_name":"ALLEY","address_left_from":-1,"address_left_to":-1,"address_right_from":-1,"address_right_to":-1},"geometry":{"type":"LineString","coordinates":[[-87.78532,41.88117],[-87.7853,41.88063],[-87.78529,41.88044]]}},{"type":"Feature","properties":{"street_name":"ALLEY","address_left_from":-1,"address_left_to":-1,"address_right_from":-1,"address_right_to":-1},"geometry":{"type":"LineString","coordinates":[[-87.78048,41.88334],[-87.78025,41.88335],[-87.77966,41.88335]]}},{"type":"Feature","properties":{"street_name":"ALLEY","address_left_from":-1,"address_left_to":-1,"address_right_from":-1,"address_right_to":-1},"geometry":{"type":"LineString","coordinates":[[-87.78842,41.87023],[-87.78842,41.87006],[-87.78839,41.86944],[-87.78838,41.86901],[-87.78838,41.86891]]}},{"type":"Feature","properties":{"street_name":"ALLEY","address_left_from":-1,"address_left_to":-1,"address_right_from":-1,"address_right_to":-1},"geometry":{"type":"LineString","coordinates":[[-87.77861,41.87168],[-87.77862,41.87169],[-87.77863,41.87169],[-87.77864,41.8717],[-87.77864,41.87171],[-87.77865,41.87177],[-87.77866,41.87226]]}},{"type":"Feature","properties":{"street_name":"N EUCLID AVE","address_left_from":141,"address_left_to":177,"address_right_from":140,"address_right_to":180},"geometry":{"type":"LineString","coordinates":[[-87.7927,41.88858],[-87.7927,41.88889],[-87.79273,41.88992],[-87.79274,41.89014]]}},{"type":"Feature","properties":{"street_name":"ALLEY","address_left_from":-1,"address_left_to":-1,"address_right_from":-1,"address_right_to":-1},"geometry":{"type":"LineString","coordinates":[[-87.78582,41.86576],[-87.78559,41.86576],[-87.78528,41.86576],[-87.7852,41.86577]]}},{"type":"Feature","properties":{"street_name":"ALLEY","address_left_from":-1,"address_left_to":-1,"address_right_from":-1,"address_right_to":-1},"geometry":{"type":"LineString","coordinates":[[-87.78791,41.87302],[-87.78813,41.87302],[-87.78852,41.87301]]}},{"type":"Feature","properties":{"street_name":"ALLEY","address_left_from":-1,"address_left_to":-1,"address_right_from":-1,"address_right_to":-1},"geometry":{"type":"LineString","coordinates":[[-87.79443,41.86563],[-87.79429,41.86563],[-87.79401,41.86563],[-87.79377,41.86564]]}},{"type":"Feature","properties":{"street_name":"ALLEY","address_left_from":-1,"address_left_to":-1,"address_right_from":-1,"address_right_to":-1},"geometry":{"type":"LineString","coordinates":[[-87.77621,41.90797],[-87.77622,41.90797],[-87.77638,41.90796],[-87.77676,41.90796],[-87.77687,41.90796]]}},{"type":"Feature","properties":{"street_name":"ALLEY","address_left_from":-1,"address_left_to":-1,"address_right_from":-1,"address_right_to":-1},"geometry":{"type":"LineString","coordinates":[[-87.77749,41.90697],[-87.77747,41.90644],[-87.77745,41.90587]]}},{"type":"Feature","properties":{"street_name":"ALLEY","address_left_from":-1,"address_left_to":-1,"address_right_from":-1,"address_right_to":-1},"geometry":{"type":"LineString","coordinates":[[-87.77925,41.89648],[-87.77925,41.89631],[-87.77923,41.8959],[-87.77921,41.8952]]}},{"type":"Feature","properties":{"street_name":"ALLEY","address_left_from":-1,"address_left_to":-1,"address_right_from":-1,"address_right_to":-1},"geometry":{"type":"LineString","coordinates":[[-87.79719,41.90533],[-87.79719,41.90517],[-87.79717,41.90457],[-87.79716,41.90397],[-87.79715,41.90359],[-87.79714,41.9035]]}},{"type":"Feature","properties":{"street_name":"ALLEY","address_left_from":-1,"address_left_to":-1,"address_right_from":-1,"address_right_to":-1},"geometry":{"type":"LineString","coordinates":[[-87.78749,41.89985],[-87.78748,41.89981],[-87.78748,41.89966],[-87.78748,41.89929],[-87.78747,41.89891],[-87.78745,41.89825],[-87.78745,41.89818]]}},{"type":"Feature","properties":{"street_name":"ALLEY","address_left_from":-1,"address_left_to":-1,"address_right_from":-1,"address_right_to":-1},"geometry":{"type":"LineString","coordinates":[[-87.79444,41.90853],[-87.79444,41.90838],[-87.79443,41.90828],[-87.79443,41.90806],[-87.79442,41.90765],[-87.7944,41.9073],[-87.7944,41.9072]]}},{"type":"Feature","properties":{"street_name":"ALLEY","address_left_from":-1,"address_left_to":-1,"address_right_from":-1,"address_right_to":-1},"geometry":{"type":"LineString","coordinates":[[-87.78211,41.90868],[-87.78224,41.90868],[-87.78229,41.90868],[-87.7824,41.90868],[-87.78249,41.90867],[-87.7826,41.90867],[-87.78273,41.90867]]}},{"type":"Feature","properties":{"street_name":"ALLEY","address_left_from":-1,"address_left_to":-1,"address_right_from":-1,"address_right_to":-1},"geometry":{"type":"LineString","coordinates":[[-87.79101,41.87434],[-87.791,41.87423],[-87.79099,41.87386],[-87.79098,41.87352],[-87.79097,41.87318],[-87.79096,41.87297],[-87.7913,41.87297],[-87.79158,41.87296]]}},{"type":"Feature","properties":{"street_name":"N EUCLID AVE","address_left_from":201,"address_left_to":233,"address_right_from":200,"address_right_to":234},"geometry":{"type":"LineString","coordinates":[[-87.79274,41.89023],[-87.79275,41.89048],[-87.79277,41.89118],[-87.79277,41.89126],[-87.79278,41.8915]]}},{"type":"Feature","properties":{"street_name":"ALLEY","address_left_from":-1,"address_left_to":-1,"address_right_from":-1,"address_right_to":-1},"geometry":{"type":"LineString","coordinates":[[-87.77625,41.90875],[-87.77623,41.90833],[-87.77621,41.90797]]}},{"type":"Feature","properties":{"street_name":"ALLEY","address_left_from":-1,"address_left_to":-1,"address_right_from":-1,"address_right_to":-1},"geometry":{"type":"LineString","coordinates":[[-87.77599,41.8659],[-87.77581,41.8659],[-87.77551,41.8659],[-87.77538,41.86591]]}},{"type":"Feature","properties":{"street_name":"ALLEY","address_left_from":-1,"address_left_to":-1,"address_right_from":-1,"address_right_to":-1},"geometry":{"type":"LineString","coordinates":[[-87.79507,41.86562],[-87.79499,41.86562],[-87.79464,41.86562],[-87.79443,41.86563]]}},{"type":"Feature","properties":{"street_name":"ALLEY","address_left_from":-1,"address_left_to":-1,"address_right_from":-1,"address_right_to":-1},"geometry":{"type":"LineString","coordinates":[[-87.79509,41.88518],[-87.79508,41.885],[-87.79506,41.8843],[-87.79504,41.88364],[-87.79504,41.88344]]}},{"type":"Feature","properties":{"street_name":"ALLEY","address_left_from":-1,"address_left_to":-1,"address_right_from":-1,"address_right_to":-1},"geometry":{"type":"LineString","coordinates":[[-87.78529,41.88044],[-87.78494,41.88045],[-87.78448,41.88046]]}},{"type":"Feature","properties":{"street_name":"ALLEY","address_left_from":-1,"address_left_to":-1,"address_right_from":-1,"address_right_to":-1},"geometry":{"type":"LineString","coordinates":[[-87.79426,41.90172],[-87.79425,41.90164],[-87.79424,41.9013],[-87.79423,41.90092],[-87.79422,41.90045],[-87.7942,41.89974]]}},{"type":"Feature","properties":{"street_name":"SUPERIOR ST","address_left_from":1011,"address_left_to":1099,"address_right_from":1010,"address_right_to":1098},"geometry":{"type":"LineString","coordinates":[[-87.80101,41.8931],[-87.80114,41.8931],[-87.80197,41.89308],[-87.80263,41.89308],[-87.80279,41.89307]]}},{"type":"Feature","properties":{"street_name":"ALLEY","address_left_from":-1,"address_left_to":-1,"address_right_from":-1,"address_right_to":-1},"geometry":{"type":"LineString","coordinates":[[-87.79632,41.88158],[-87.79631,41.88139],[-87.7963,41.88097],[-87.79627,41.88024]]}},{"type":"Feature","properties":{"street_name":"ALLEY","address_left_from":-1,"address_left_to":-1,"address_right_from":-1,"address_right_to":-1},"geometry":{"type":"LineString","coordinates":[[-87.78099,41.90582],[-87.78098,41.90538],[-87.78096,41.90493],[-87.78094,41.90446],[-87.78092,41.90389],[-87.78092,41.90384]]}},{"type":"Feature","properties":{"street_name":"ALLEY","address_left_from":-1,"address_left_to":-1,"address_right_from":-1,"address_right_to":-1},"geometry":{"type":"LineString","coordinates":[[-87.79052,41.893],[-87.79051,41.89264],[-87.7905,41.89216],[-87.79048,41.89162]]}},{"type":"Feature","properties":{"street_name":"ALLEY","address_left_from":-1,"address_left_to":-1,"address_right_from":-1,"address_right_to":-1},"geometry":{"type":"LineString","coordinates":[[-87.79768,41.88019],[-87.79753,41.8802],[-87.79693,41.8802]]}},{"type":"Feature","properties":{"street_name":"ALLEY","address_left_from":-1,"address_left_to":-1,"address_right_from":-1,"address_right_to":-1},"geometry":{"type":"LineString","coordinates":[[-87.77964,41.90195],[-87.77963,41.90184],[-87.7796,41.90092],[-87.77958,41.90019],[-87.77958,41.90012]]}},{"type":"Feature","properties":{"street_name":"ALLEY","address_left_from":-1,"address_left_to":-1,"address_right_from":-1,"address_right_to":-1},"geometry":{"type":"LineString","coordinates":[[-87.78226,41.88883],[-87.78196,41.88884],[-87.78146,41.88884]]}},{"type":"Feature","properties":{"street_name":"N SCOVILLE AVE","address_left_from":1,"address_left_to":99,"address_right_from":2,"address_right_to":98},"geometry":{"type":"LineString","coordinates":[[-87.78793,41.8872],[-87.78793,41.88724],[-87.78793,41.8873],[-87.78793,41.88743]]}},{"type":"Feature","properties":{"street_name":"WOODBINE AVE","address_left_from":1239,"address_left_to":1299,"address_right_from":1240,"address_right_to":1298},"geometry":{"type":"LineString","coordinates":[[-87.79959,41.90846],[-87.7996,41.90855],[-87.7996,41.9087],[-87.7996,41.9088],[-87.79961,41.90896]]}},{"type":"Feature","properties":{"street_name":"WOODBINE AVE","address_left_from":1101,"address_left_to":1199,"address_right_from":1100,"address_right_to":1198},"geometry":{"type":"LineString","coordinates":[[-87.79949,41.90529],[-87.79951,41.90583],[-87.79954,41.90686],[-87.79955,41.90713]]}},{"type":"Feature","properties":{"street_name":"ERIE ST","address_left_from":153,"address_left_to":199,"address_right_from":152,"address_right_to":198},"geometry":{"type":"LineString","coordinates":[[-87.77911,41.8918],[-87.77956,41.8918],[-87.77992,41.89179]]}},{"type":"Feature","properties":{"street_name":"ERIE ST","address_left_from":831,"address_left_to":899,"address_right_from":830,"address_right_to":898},"geometry":{"type":"LineString","coordinates":[[-87.79609,41.89131],[-87.79609,41.89131],[-87.79758,41.89128]]}},{"type":"Feature","properties":{"street_name":"ERIE ST","address_left_from":1115,"address_left_to":1123,"address_right_from":1114,"address_right_to":1122},"geometry":{"type":"LineString","coordinates":[[-87.80339,41.89185],[-87.80362,41.89185],[-87.80388,41.89184]]}},{"type":"Feature","properties":{"street_name":"ONTARIO ST","address_left_from":1,"address_left_to":15,"address_right_from":2,"address_right_to":14},"geometry":{"type":"LineString","coordinates":[[-87.77501,41.89051],[-87.77526,41.8905],[-87.77582,41.89049]]}},{"type":"Feature","properties":{"street_name":"S AUSTIN BLVD","address_left_from":619,"address_left_to":625,"address_right_from":614,"address_right_to":624},"geometry":{"type":"LineString","coordinates":[[-87.77438,41.87231],[-87.77438,41.87214],[-87.77436,41.87196]]}},{"type":"Feature","properties":{"street_name":"S AUSTIN BLVD","address_left_from":655,"address_left_to":699,"address_right_from":654,"address_right_to":698},"geometry":{"type":"LineString","coordinates":[[-87.77433,41.87113],[-87.77433,41.87113],[-87.77433,41.87108],[-87.77433,41.87107]]}},{"type":"Feature","properties":{"street_name":"S AUSTIN BLVD","address_left_from":651,"address_left_to":653,"address_right_from":650,"address_right_to":652},"geometry":{"type":"LineString","coordinates":[[-87.77434,41.87125],[-87.77434,41.87124],[-87.77434,41.87114],[-87.77433,41.87113]]}},{"type":"Feature","properties":{"street_name":"S AUSTIN BLVD","address_left_from":701,"address_left_to":703,"address_right_from":700,"address_right_to":702},"geometry":{"type":"LineString","coordinates":[[-87.77433,41.87107],[-87.77433,41.87106],[-87.77433,41.87094],[-87.77433,41.87093]]}},{"type":"Feature","properties":{"street_name":"S AUSTIN BLVD","address_left_from":301,"address_left_to":351,"address_right_from":300,"address_right_to":352},"geometry":{"type":"LineString","coordinates":[[-87.77453,41.87642],[-87.77453,41.87642],[-87.77453,41.87624],[-87.77452,41.87607],[-87.77451,41.8758],[-87.77451,41.8757],[-87.77451,41.87569],[-87.7745,41.87559],[-87.77449,41.8753],[-87.77449,41.87506],[-87.77448,41.87491],[-87.77448,41.8747],[-87.77448,41.8747]]}},{"type":"Feature","properties":{"street_name":"S AUSTIN BLVD","address_left_from":-1,"address_left_to":-1,"address_right_from":-1,"address_right_to":-1},"geometry":{"type":"LineString","coordinates":[[-87.77427,41.86912],[-87.77427,41.8691]]}},{"type":"Feature","properties":{"street_name":"S AUSTIN BLVD","address_left_from":1101,"address_left_to":1109,"address_right_from":1020,"address_right_to":1032},"geometry":{"type":"LineString","coordinates":[[-87.77421,41.86728],[-87.77419,41.86681]]}},{"type":"Feature","properties":{"street_name":"S AUSTIN BLVD","address_left_from":35,"address_left_to":99,"address_right_from":34,"address_right_to":98},"geometry":{"type":"LineString","coordinates":[[-87.77462,41.87897],[-87.77462,41.87896],[-87.77462,41.87889]]}},{"type":"Feature","properties":{"street_name":"S AUSTIN BLVD","address_left_from":1037,"address_left_to":1067,"address_right_from":936,"address_right_to":998},"geometry":{"type":"LineString","coordinates":[[-87.77423,41.86798],[-87.77423,41.86786]]}},{"type":"Feature","properties":{"street_name":"S AUSTIN BLVD","address_left_from":353,"address_left_to":399,"address_right_from":354,"address_right_to":398},"geometry":{"type":"LineString","coordinates":[[-87.77448,41.8747],[-87.77447,41.87452]]}},{"type":"Feature","properties":{"street_name":"S AUSTIN BLVD","address_left_from":427,"address_left_to":499,"address_right_from":428,"address_right_to":498},"geometry":{"type":"LineString","coordinates":[[-87.77444,41.87367],[-87.77444,41.87363]]}},{"type":"Feature","properties":{"street_name":"S AUSTIN BLVD","address_left_from":401,"address_left_to":425,"address_right_from":400,"address_right_to":426},"geometry":{"type":"LineString","coordinates":[[-87.77447,41.87452],[-87.77447,41.87449],[-87.77446,41.87423],[-87.77445,41.87406],[-87.77445,41.87387],[-87.77445,41.87386],[-87.77444,41.87379],[-87.77444,41.87367]]}},{"type":"Feature","properties":{"street_name":"S AUSTIN BLVD","address_left_from":147,"address_left_to":199,"address_right_from":144,"address_right_to":198},"geometry":{"type":"LineString","coordinates":[[-87.77457,41.87762],[-87.77457,41.87755]]}},{"type":"Feature","properties":{"street_name":"S AUSTIN BLVD","address_left_from":1069,"address_left_to":1099,"address_right_from":1000,"address_right_to":1018},"geometry":{"type":"LineString","coordinates":[[-87.77423,41.86786],[-87.77421,41.86728]]}},{"type":"Feature","properties":{"street_name":"S AUSTIN BLVD","address_left_from":523,"address_left_to":599,"address_right_from":524,"address_right_to":598},"geometry":{"type":"LineString","coordinates":[[-87.77442,41.87287],[-87.77442,41.87278]]}},{"type":"Feature","properties":{"street_name":"S AUSTIN BLVD","address_left_from":229,"address_left_to":299,"address_right_from":230,"address_right_to":298},"geometry":{"type":"LineString","coordinates":[[-87.77454,41.87653],[-87.77453,41.87642]]}},{"type":"Feature","properties":{"street_name":"S AUSTIN BLVD","address_left_from":947,"address_left_to":999,"address_right_from":840,"address_right_to":898},"geometry":{"type":"LineString","coordinates":[[-87.77427,41.86921],[-87.77427,41.86912]]}},{"type":"Feature","properties":{"street_name":"S AUSTIN BLVD","address_left_from":1111,"address_left_to":1113,"address_right_from":1034,"address_right_to":1098},"geometry":{"type":"LineString","coordinates":[[-87.77419,41.86681],[-87.77418,41.86677]]}},{"type":"Feature","properties":{"street_name":"S AUSTIN BLVD","address_left_from":101,"address_left_to":145,"address_right_from":100,"address_right_to":142},"geometry":{"type":"LineString","coordinates":[[-87.77462,41.87889],[-87.77462,41.87887],[-87.77461,41.8786],[-87.7746,41.87834],[-87.77459,41.87806],[-87.77458,41.87783],[-87.77457,41.87762]]}},{"type":"Feature","properties":{"street_name":"S AUSTIN BLVD","address_left_from":705,"address_left_to":799,"address_right_from":704,"address_right_to":798},"geometry":{"type":"LineString","coordinates":[[-87.77433,41.87093],[-87.77432,41.87058],[-87.77432,41.87052]]}},{"type":"Feature","properties":{"street_name":"S AUSTIN BLVD","address_left_from":801,"address_left_to":803,"address_right_from":800,"address_right_to":802},"geometry":{"type":"LineString","coordinates":[[-87.77432,41.87052],[-87.77432,41.87042]]}},{"type":"Feature","properties":{"street_name":"S AUSTIN BLVD","address_left_from":627,"address_left_to":645,"address_right_from":626,"address_right_to":644},"geometry":{"type":"LineString","coordinates":[[-87.77436,41.87196],[-87.77436,41.87142]]}},{"type":"Feature","properties":{"street_name":"S AUSTIN BLVD","address_left_from":805,"address_left_to":919,"address_right_from":804,"address_right_to":812},"geometry":{"type":"LineString","coordinates":[[-87.77432,41.87042],[-87.77431,41.86996]]}},{"type":"Feature","properties":{"street_name":"S AUSTIN BLVD","address_left_from":19,"address_left_to":33,"address_right_from":18,"address_right_to":32},"geometry":{"type":"LineString","coordinates":[[-87.77464,41.87942],[-87.77463,41.87912],[-87.77462,41.87897]]}},{"type":"Feature","properties":{"street_name":"S AUSTIN BLVD","address_left_from":921,"address_left_to":945,"address_right_from":814,"address_right_to":838},"geometry":{"type":"LineString","coordinates":[[-87.77431,41.86996],[-87.77427,41.86921]]}},{"type":"Feature","properties":{"street_name":"S AUSTIN BLVD","address_left_from":647,"address_left_to":649,"address_right_from":646,"address_right_to":648},"geometry":{"type":"LineString","coordinates":[[-87.77436,41.87142],[-87.77434,41.87125]]}},{"type":"Feature","properties":{"street_name":"S AUSTIN BLVD","address_left_from":501,"address_left_to":521,"address_right_from":500,"address_right_to":522},"geometry":{"type":"LineString","coordinates":[[-87.77444,41.87363],[-87.77444,41.87356],[-87.77443,41.87327],[-87.77442,41.873],[-87.77442,41.87287]]}},{"type":"Feature","properties":{"street_name":"S AUSTIN BLVD","address_left_from":13,"address_left_to":17,"address_right_from":12,"address_right_to":16},"geometry":{"type":"LineString","coordinates":[[-87.77464,41.87956],[-87.77464,41.87944],[-87.77464,41.87942]]}},{"type":"Feature","properties":{"street_name":"S AUSTIN BLVD","address_left_from":1151,"address_left_to":1199,"address_right_from":1130,"address_right_to":1198},"geometry":{"type":"LineString","coordinates":[[-87.77415,41.86592],[-87.77413,41.86547],[-87.77413,41.86547]]}},{"type":"Feature","properties":{"street_name":"S AUSTIN BLVD","address_left_from":1115,"address_left_to":1149,"address_right_from":1100,"address_right_to":1128},"geometry":{"type":"LineString","coordinates":[[-87.77418,41.86677],[-87.77415,41.86592]]}},{"type":"Feature","properties":{"street_name":"GARFIELD ST","address_left_from":5,"address_left_to":21,"address_right_from":6,"address_right_to":18},"geometry":{"type":"LineString","coordinates":[[-87.77438,41.87042],[-87.77453,41.87043],[-87.77466,41.87044],[-87.77491,41.87046],[-87.77536,41.87049],[-87.77554,41.87051]]}},{"type":"Feature","properties":{"street_name":"GARFIELD ST","address_left_from":327,"address_left_to":331,"address_right_from":326,"address_right_to":330},"geometry":{"type":"LineString","coordinates":[[-87.78292,41.87082],[-87.78317,41.87082],[-87.78353,41.87082]]}},{"type":"Feature","properties":{"street_name":"IOWA ST","address_left_from":217,"address_left_to":239,"address_right_from":216,"address_right_to":238},"geometry":{"type":"LineString","coordinates":[[-87.78088,41.89645],[-87.78141,41.89645],[-87.78169,41.89644]]}},{"type":"Feature","properties":{"street_name":"GARFIELD ST","address_left_from":201,"address_left_to":223,"address_right_from":200,"address_right_to":222},"geometry":{"type":"LineString","coordinates":[[-87.77924,41.87079],[-87.7795,41.87081],[-87.77983,41.87083],[-87.78031,41.87083],[-87.78047,41.87083]]}},{"type":"Feature","properties":{"street_name":"HARVARD ST","address_left_from":1017,"address_left_to":1027,"address_right_from":1016,"address_right_to":1026},"geometry":{"type":"LineString","coordinates":[[-87.79982,41.86871],[-87.80011,41.8687],[-87.80051,41.8687]]}},{"type":"Feature","properties":{"street_name":"IOWA ST","address_left_from":317,"address_left_to":399,"address_right_from":316,"address_right_to":398},"geometry":{"type":"LineString","coordinates":[[-87.78413,41.89641],[-87.78462,41.8964],[-87.78494,41.8964]]}},{"type":"Feature","properties":{"street_name":"IOWA ST","address_left_from":17,"address_left_to":39,"address_right_from":16,"address_right_to":38},"geometry":{"type":"LineString","coordinates":[[-87.77601,41.89654],[-87.77682,41.89652]]}},{"type":"Feature","properties":{"street_name":"IOWA ST","address_left_from":401,"address_left_to":419,"address_right_from":400,"address_right_to":418},"geometry":{"type":"LineString","coordinates":[[-87.78494,41.8964],[-87.78521,41.89639],[-87.78575,41.89638]]}},{"type":"Feature","properties":{"street_name":"HARVARD ST","address_left_from":841,"address_left_to":847,"address_right_from":840,"address_right_to":846},"geometry":{"type":"LineString","coordinates":[[-87.79584,41.86878],[-87.79604,41.86877],[-87.79638,41.86877]]}},{"type":"Feature","properties":{"street_name":"GARFIELD ST","address_left_from":123,"address_left_to":199,"address_right_from":150,"address_right_to":198},"geometry":{"type":"LineString","coordinates":[[-87.77801,41.87068],[-87.77852,41.87073],[-87.77905,41.87077],[-87.77924,41.87079]]}},{"type":"Feature","properties":{"street_name":"GARFIELD ST","address_left_from":333,"address_left_to":399,"address_right_from":332,"address_right_to":398},"geometry":{"type":"LineString","coordinates":[[-87.78353,41.87082],[-87.78357,41.87082],[-87.78365,41.87083],[-87.78377,41.87086],[-87.78384,41.87088],[-87.78391,41.87091],[-87.78399,41.87095],[-87.78407,41.87099],[-87.78416,41.87103]]}},{"type":"Feature","properties":{"street_name":"HARVARD ST","address_left_from":801,"address_left_to":813,"address_right_from":800,"address_right_to":812},"geometry":{"type":"LineString","coordinates":[[-87.79388,41.86881],[-87.79439,41.8688],[-87.79453,41.8688]]}},{"type":"Feature","properties":{"street_name":"HARVARD ST","address_left_from":515,"address_left_to":525,"address_right_from":514,"address_right_to":524},"geometry":{"type":"LineString","coordinates":[[-87.78715,41.86893],[-87.78733,41.86893],[-87.78777,41.86892]]}},{"type":"Feature","properties":{"street_name":"GARFIELD ST","address_left_from":901,"address_left_to":913,"address_right_from":900,"address_right_to":912},"geometry":{"type":"LineString","coordinates":[[-87.79662,41.87225],[-87.7968,41.87226],[-87.79712,41.87229],[-87.79724,41.8723]]}},{"type":"Feature","properties":{"street_name":"IOWA ST","address_left_from":71,"address_left_to":99,"address_right_from":70,"address_right_to":98},"geometry":{"type":"LineString","coordinates":[[-87.77763,41.8965],[-87.778,41.8965],[-87.77844,41.89649]]}},{"type":"Feature","properties":{"street_name":"HARVARD ST","address_left_from":277,"address_left_to":299,"address_right_from":276,"address_right_to":298},"geometry":{"type":"LineString","coordinates":[[-87.78102,41.86903],[-87.78122,41.86902],[-87.78163,41.86902]]}},{"type":"Feature","properties":{"street_name":"IOWA ST","address_left_from":251,"address_left_to":299,"address_right_from":250,"address_right_to":298},"geometry":{"type":"LineString","coordinates":[[-87.7825,41.89643],[-87.78297,41.89643],[-87.78332,41.89642]]}},{"type":"Feature","properties":{"street_name":"HARVARD ST","address_left_from":939,"address_left_to":969,"address_right_from":938,"address_right_to":968},"geometry":{"type":"LineString","coordinates":[[-87.7978,41.86874],[-87.79815,41.86874],[-87.79846,41.86873]]}},{"type":"Feature","properties":{"street_name":"GARFIELD ST","address_left_from":915,"address_left_to":927,"address_right_from":914,"address_right_to":926},"geometry":{"type":"LineString","coordinates":[[-87.79724,41.8723],[-87.79764,41.87233],[-87.79793,41.87236]]}},{"type":"Feature","properties":{"street_name":"HARVARD ST","address_left_from":315,"address_left_to":325,"address_right_from":314,"address_right_to":324},"geometry":{"type":"LineString","coordinates":[[-87.78225,41.86901],[-87.78252,41.86901],[-87.78286,41.869]]}},{"type":"Feature","properties":{"street_name":"HARVARD ST","address_left_from":101,"address_left_to":113,"address_right_from":100,"address_right_to":112},"geometry":{"type":"LineString","coordinates":[[-87.77672,41.86909],[-87.77699,41.86909],[-87.77733,41.86908]]}},{"type":"Feature","properties":{"street_name":"HARVARD ST","address_left_from":465,"address_left_to":499,"address_right_from":464,"address_right_to":498},"geometry":{"type":"LineString","coordinates":[[-87.78592,41.86895],[-87.78629,41.86894],[-87.78654,41.86894]]}},{"type":"Feature","properties":{"street_name":"HARVARD ST","address_left_from":115,"address_left_to":125,"address_right_from":114,"address_right_to":124},"geometry":{"type":"LineString","coordinates":[[-87.77733,41.86908],[-87.77776,41.86907],[-87.77795,41.86907]]}},{"type":"Feature","properties":{"street_name":"IOWA ST","address_left_from":201,"address_left_to":215,"address_right_from":200,"address_right_to":214},"geometry":{"type":"LineString","coordinates":[[-87.78007,41.89647],[-87.78039,41.89646],[-87.78088,41.89645]]}},{"type":"Feature","properties":{"street_name":"HARVARD ST","address_left_from":611,"address_left_to":629,"address_right_from":610,"address_right_to":628},"geometry":{"type":"LineString","coordinates":[[-87.7896,41.86889],[-87.78981,41.86888],[-87.79022,41.86888]]}},{"type":"Feature","properties":{"street_name":"GARFIELD ST","address_left_from":1137,"address_left_to":1141,"address_right_from":1136,"address_right_to":1142},"geometry":{"type":"LineString","coordinates":[[-87.8036,41.8723],[-87.80378,41.87229],[-87.80436,41.87229]]}},{"type":"Feature","properties":{"street_name":"HARVARD ST","address_left_from":127,"address_left_to":163,"address_right_from":126,"address_right_to":162},"geometry":{"type":"LineString","coordinates":[[-87.77795,41.86907],[-87.77823,41.86907],[-87.77855,41.86906]]}},{"type":"Feature","properties":{"street_name":"HARVARD ST","address_left_from":631,"address_left_to":669,"address_right_from":630,"address_right_to":668},"geometry":{"type":"LineString","coordinates":[[-87.79022,41.86888],[-87.7906,41.86887],[-87.79083,41.86886]]}},{"type":"Feature","properties":{"street_name":"GARFIELD ST","address_left_from":401,"address_left_to":407,"address_right_from":400,"address_right_to":408},"geometry":{"type":"LineString","coordinates":[[-87.78416,41.87103],[-87.78417,41.87103],[-87.78428,41.87111],[-87.78435,41.87114],[-87.78444,41.87118],[-87.78457,41.87122],[-87.78477,41.87125],[-87.78478,41.87125]]}},{"type":"Feature","properties":{"street_name":"IOWA ST","address_left_from":801,"address_left_to":831,"address_right_from":800,"address_right_to":830},"geometry":{"type":"LineString","coordinates":[[-87.79472,41.89624],[-87.79506,41.89622],[-87.7953,41.89621],[-87.79598,41.8962],[-87.79623,41.89619]]}},{"type":"Feature","properties":{"street_name":"IOWA ST","address_left_from":101,"address_left_to":151,"address_right_from":100,"address_right_to":150},"geometry":{"type":"LineString","coordinates":[[-87.77844,41.89649],[-87.77867,41.89649],[-87.77925,41.89648]]}},{"type":"Feature","properties":{"street_name":"GARFIELD ST","address_left_from":313,"address_left_to":325,"address_right_from":312,"address_right_to":324},"geometry":{"type":"LineString","coordinates":[[-87.78231,41.87083],[-87.78267,41.87083],[-87.78292,41.87082]]}},{"type":"Feature","properties":{"street_name":"GARFIELD ST","address_left_from":1001,"address_left_to":1029,"address_right_from":1000,"address_right_to":1028},"geometry":{"type":"LineString","coordinates":[[-87.79924,41.87237],[-87.79948,41.87237],[-87.80029,41.87235],[-87.80064,41.87235]]}},{"type":"Feature","properties":{"street_name":"HARVARD ST","address_left_from":901,"address_left_to":919,"address_right_from":900,"address_right_to":918},"geometry":{"type":"LineString","coordinates":[[-87.79649,41.86877],[-87.79693,41.86876],[-87.79715,41.86875]]}},{"type":"Feature","properties":{"street_name":"GARFIELD ST","address_left_from":225,"address_left_to":263,"address_right_from":224,"address_right_to":262},"geometry":{"type":"LineString","coordinates":[[-87.78047,41.87083],[-87.78073,41.87082],[-87.78108,41.87082]]}},{"type":"Feature","properties":{"street_name":"GARFIELD ST","address_left_from":627,"address_left_to":649,"address_right_from":630,"address_right_to":650},"geometry":{"type":"LineString","coordinates":[[-87.79031,41.87172],[-87.79077,41.87176],[-87.79138,41.87181],[-87.79142,41.87181]]}},{"type":"Feature","properties":{"street_name":"HARVARD ST","address_left_from":601,"address_left_to":609,"address_right_from":600,"address_right_to":608},"geometry":{"type":"LineString","coordinates":[[-87.78899,41.8689],[-87.78936,41.86889],[-87.7896,41.86889]]}},{"type":"Feature","properties":{"street_name":"HARVARD ST","address_left_from":1067,"address_left_to":1099,"address_right_from":1066,"address_right_to":1098},"geometry":{"type":"LineString","coordinates":[[-87.80121,41.86869],[-87.80159,41.86868],[-87.80191,41.86867]]}},{"type":"Feature","properties":{"street_name":"IOWA ST","address_left_from":701,"address_left_to":799,"address_right_from":700,"address_right_to":798},"geometry":{"type":"LineString","coordinates":[[-87.7929,41.89628],[-87.79306,41.89627],[-87.79373,41.89626],[-87.79453,41.89625],[-87.79472,41.89624]]}},{"type":"Feature","properties":{"street_name":"GARFIELD ST","address_left_from":409,"address_left_to":425,"address_right_from":410,"address_right_to":424},"geometry":{"type":"LineString","coordinates":[[-87.78478,41.87125],[-87.78478,41.87125],[-87.7851,41.87128],[-87.78539,41.8713]]}},{"type":"Feature","properties":{"street_name":"HARVARD ST","address_left_from":727,"address_left_to":763,"address_right_from":726,"address_right_to":762},"geometry":{"type":"LineString","coordinates":[[-87.79267,41.86883],[-87.79304,41.86883],[-87.79327,41.86882]]}},{"type":"Feature","properties":{"street_name":"IOWA ST","address_left_from":651,"address_left_to":699,"address_right_from":650,"address_right_to":698},"geometry":{"type":"LineString","coordinates":[[-87.79137,41.8963],[-87.79166,41.8963],[-87.79256,41.89628],[-87.7929,41.89628]]}},{"type":"Feature","properties":{"street_name":"HARVARD ST","address_left_from":13,"address_left_to":49,"address_right_from":12,"address_right_to":48},"geometry":{"type":"LineString","coordinates":[[-87.77487,41.8691],[-87.7755,41.86911]]}},{"type":"Feature","properties":{"street_name":"HARVARD ST","address_left_from":1,"address_left_to":11,"address_right_from":2,"address_right_to":10},"geometry":{"type":"LineString","coordinates":[[-87.77427,41.8691],[-87.77482,41.8691],[-87.77487,41.8691]]}},{"type":"Feature","properties":{"street_name":"GARFIELD ST","address_left_from":1031,"address_left_to":1049,"address_right_from":1030,"address_right_to":1048},"geometry":{"type":"LineString","coordinates":[[-87.80064,41.87235],[-87.80091,41.87234],[-87.80134,41.87234],[-87.80193,41.87233]]}},{"type":"Feature","properties":{"street_name":"HARVARD ST","address_left_from":1101,"address_left_to":1151,"address_right_from":1100,"address_right_to":1150},"geometry":{"type":"LineString","coordinates":[[-87.80191,41.86867],[-87.8022,41.86867],[-87.80268,41.86866],[-87.8027,41.86866]]}},{"type":"Feature","properties":{"street_name":"GARFIELD ST","address_left_from":1101,"address_left_to":1135,"address_right_from":1100,"address_right_to":1134},"geometry":{"type":"LineString","coordinates":[[-87.80205,41.87232],[-87.8023,41.87232],[-87.80306,41.87231],[-87.8036,41.8723]]}},{"type":"Feature","properties":{"street_name":"GARFIELD ST","address_left_from":827,"address_left_to":831,"address_right_from":826,"address_right_to":830},"geometry":{"type":"LineString","coordinates":[[-87.7953,41.87214],[-87.79563,41.87216],[-87.79596,41.87219]]}},{"type":"Feature","properties":{"street_name":"HARVARD ST","address_left_from":415,"address_left_to":425,"address_right_from":414,"address_right_to":424},"geometry":{"type":"LineString","coordinates":[[-87.7847,41.86897],[-87.78493,41.86897],[-87.78531,41.86896]]}},{"type":"Feature","properties":{"street_name":"HARVARD ST","address_left_from":701,"address_left_to":713,"address_right_from":700,"address_right_to":712},"geometry":{"type":"LineString","coordinates":[[-87.79144,41.86885],[-87.79169,41.86885],[-87.79205,41.86884]]}},{"type":"Feature","properties":{"street_name":"HARVARD ST","address_left_from":527,"address_left_to":563,"address_right_from":526,"address_right_to":562},"geometry":{"type":"LineString","coordinates":[[-87.78777,41.86892],[-87.78799,41.86891],[-87.78838,41.86891]]}},{"type":"Feature","properties":{"street_name":"GARFIELD ST","address_left_from":427,"address_left_to":437,"address_right_from":426,"address_right_to":436},"geometry":{"type":"LineString","coordinates":[[-87.78539,41.8713],[-87.78572,41.87133],[-87.78601,41.87136]]}},{"type":"Feature","properties":{"street_name":"IOWA ST","address_left_from":1,"address_left_to":15,"address_right_from":2,"address_right_to":14},"geometry":{"type":"LineString","coordinates":[[-87.77537,41.89655],[-87.77544,41.89655],[-87.77597,41.89654],[-87.77601,41.89654]]}},{"type":"Feature","properties":{"street_name":"HARVARD ST","address_left_from":227,"address_left_to":249,"address_right_from":212,"address_right_to":248},"geometry":{"type":"LineString","coordinates":[[-87.77981,41.86904],[-87.78015,41.86904],[-87.7804,41.86904]]}},{"type":"Feature","properties":{"street_name":"IOWA ST","address_left_from":421,"address_left_to":439,"address_right_from":420,"address_right_to":438},"geometry":{"type":"LineString","coordinates":[[-87.78575,41.89638],[-87.78632,41.89638],[-87.78657,41.89637]]}},{"type":"Feature","properties":{"street_name":"HARVARD ST","address_left_from":1029,"address_left_to":1065,"address_right_from":1028,"address_right_to":1064},"geometry":{"type":"LineString","coordinates":[[-87.80051,41.8687],[-87.80086,41.86869],[-87.80121,41.86869]]}},{"type":"Feature","properties":{"street_name":"HARVARD ST","address_left_from":565,"address_left_to":599,"address_right_from":564,"address_right_to":598},"geometry":{"type":"LineString","coordinates":[[-87.78838,41.86891],[-87.78863,41.8689],[-87.78899,41.8689]]}},{"type":"Feature","properties":{"street_name":"HARVARD ST","address_left_from":921,"address_left_to":937,"address_right_from":920,"address_right_to":936},"geometry":{"type":"LineString","coordinates":[[-87.79715,41.86875],[-87.79735,41.86875],[-87.7978,41.86874]]}},{"type":"Feature","properties":{"street_name":"HARVARD ST","address_left_from":427,"address_left_to":463,"address_right_from":426,"address_right_to":462},"geometry":{"type":"LineString","coordinates":[[-87.78531,41.86896],[-87.78562,41.86895],[-87.78592,41.86895]]}},{"type":"Feature","properties":{"street_name":"HARVARD ST","address_left_from":365,"address_left_to":399,"address_right_from":364,"address_right_to":398},"geometry":{"type":"LineString","coordinates":[[-87.78347,41.86899],[-87.78378,41.86898],[-87.78409,41.86898]]}},{"type":"Feature","properties":{"street_name":"HARVARD ST","address_left_from":971,"address_left_to":999,"address_right_from":970,"address_right_to":998},"geometry":{"type":"LineString","coordinates":[[-87.79846,41.86873],[-87.79873,41.86873],[-87.79911,41.86872]]}},{"type":"Feature","properties":{"street_name":"GARFIELD ST","address_left_from":439,"address_left_to":499,"address_right_from":438,"address_right_to":498},"geometry":{"type":"LineString","coordinates":[[-87.78601,41.87136],[-87.78646,41.87139],[-87.78662,41.87141]]}},{"type":"Feature","properties":{"street_name":"GARFIELD ST","address_left_from":265,"address_left_to":299,"address_right_from":264,"address_right_to":298},"geometry":{"type":"LineString","coordinates":[[-87.78108,41.87082],[-87.78129,41.87081],[-87.78155,41.87082],[-87.78169,41.87083]]}},{"type":"Feature","properties":{"street_name":"IOWA ST","address_left_from":153,"address_left_to":199,"address_right_from":152,"address_right_to":198},"geometry":{"type":"LineString","coordinates":[[-87.77925,41.89648],[-87.77983,41.89647],[-87.78007,41.89647]]}},{"type":"Feature","properties":{"street_name":"GARFIELD ST","address_left_from":801,"address_left_to":809,"address_right_from":800,"address_right_to":808},"geometry":{"type":"LineString","coordinates":[[-87.79399,41.87203],[-87.79444,41.87206],[-87.79454,41.87207]]}},{"type":"Feature","properties":{"street_name":"IOWA ST","address_left_from":833,"address_left_to":899,"address_right_from":832,"address_right_to":898},"geometry":{"type":"LineString","coordinates":[[-87.79623,41.89619],[-87.79654,41.89619],[-87.79697,41.89618],[-87.7974,41.89617],[-87.79773,41.89619]]}},{"type":"Feature","properties":{"street_name":"HARVARD ST","address_left_from":301,"address_left_to":313,"address_right_from":300,"address_right_to":312},"geometry":{"type":"LineString","coordinates":[[-87.78163,41.86902],[-87.78194,41.86901],[-87.78225,41.86901]]}},{"type":"Feature","properties":{"street_name":"HARVARD ST","address_left_from":201,"address_left_to":225,"address_right_from":200,"address_right_to":210},"geometry":{"type":"LineString","coordinates":[[-87.77918,41.86905],[-87.77959,41.86905],[-87.77981,41.86904]]}},{"type":"Feature","properties":{"street_name":"HARVARD ST","address_left_from":165,"address_left_to":199,"address_right_from":164,"address_right_to":198},"geometry":{"type":"LineString","coordinates":[[-87.77855,41.86906],[-87.77883,41.86906],[-87.77918,41.86905]]}},{"type":"Feature","properties":{"street_name":"IOWA ST","address_left_from":501,"address_left_to":551,"address_right_from":500,"address_right_to":550},"geometry":{"type":"LineString","coordinates":[[-87.7882,41.89635],[-87.78851,41.89634],[-87.78902,41.89634]]}},{"type":"Feature","properties":{"street_name":"GARFIELD ST","address_left_from":301,"address_left_to":311,"address_right_from":300,"address_right_to":310},"geometry":{"type":"LineString","coordinates":[[-87.78169,41.87083],[-87.78187,41.87084],[-87.78219,41.87083],[-87.78231,41.87083]]}},{"type":"Feature","properties":{"street_name":"GARFIELD ST","address_left_from":833,"address_left_to":899,"address_right_from":832,"address_right_to":898},"geometry":{"type":"LineString","coordinates":[[-87.79596,41.87219],[-87.7963,41.87222],[-87.79662,41.87225]]}},{"type":"Feature","properties":{"street_name":"GARFIELD ST","address_left_from":501,"address_left_to":517,"address_right_from":500,"address_right_to":516},"geometry":{"type":"LineString","coordinates":[[-87.78662,41.87141],[-87.78702,41.87144],[-87.78785,41.87151],[-87.78847,41.87156]]}},{"type":"Feature","properties":{"street_name":"HARVARD ST","address_left_from":671,"address_left_to":699,"address_right_from":670,"address_right_to":698},"geometry":{"type":"LineString","coordinates":[[-87.79083,41.86886],[-87.79101,41.86886],[-87.79144,41.86885]]}},{"type":"Feature","properties":{"street_name":"IOWA ST","address_left_from":553,"address_left_to":599,"address_right_from":552,"address_right_to":598},"geometry":{"type":"LineString","coordinates":[[-87.78902,41.89634],[-87.78933,41.89633],[-87.78983,41.89632]]}},{"type":"Feature","properties":{"street_name":"HARVARD ST","address_left_from":827,"address_left_to":839,"address_right_from":826,"address_right_to":838},"geometry":{"type":"LineString","coordinates":[[-87.79517,41.86879],[-87.79542,41.86879],[-87.79584,41.86878]]}},{"type":"Feature","properties":{"street_name":"IOWA ST","address_left_from":455,"address_left_to":499,"address_right_from":454,"address_right_to":498},"geometry":{"type":"LineString","coordinates":[[-87.78738,41.89636],[-87.78792,41.89635],[-87.7882,41.89635]]}},{"type":"Feature","properties":{"street_name":"GARFIELD ST","address_left_from":727,"address_left_to":747,"address_right_from":726,"address_right_to":746},"geometry":{"type":"LineString","coordinates":[[-87.79277,41.87192],[-87.79297,41.87194],[-87.7936,41.87199],[-87.79387,41.87202]]}},{"type":"Feature","properties":{"street_name":"GARFIELD ST","address_left_from":101,"address_left_to":121,"address_right_from":100,"address_right_to":148},"geometry":{"type":"LineString","coordinates":[[-87.77677,41.87058],[-87.7773,41.87062],[-87.77763,41.87065],[-87.77801,41.87068]]}},{"type":"Feature","properties":{"street_name":"HARVARD ST","address_left_from":51,"address_left_to":75,"address_right_from":50,"address_right_to":74},"geometry":{"type":"LineString","coordinates":[[-87.7755,41.86911],[-87.77594,41.8691],[-87.77611,41.8691]]}},{"type":"Feature","properties":{"street_name":"GARFIELD ST","address_left_from":811,"address_left_to":825,"address_right_from":810,"address_right_to":824},"geometry":{"type":"LineString","coordinates":[[-87.79454,41.87207],[-87.79512,41.87212],[-87.7953,41.87214]]}},{"type":"Feature","properties":{"street_name":"HARVARD ST","address_left_from":327,"address_left_to":363,"address_right_from":326,"address_right_to":362},"geometry":{"type":"LineString","coordinates":[[-87.78286,41.869],[-87.7831,41.869],[-87.78347,41.86899]]}},{"type":"Feature","properties":{"street_name":"HARVARD ST","address_left_from":1001,"address_left_to":1015,"address_right_from":1000,"address_right_to":1014},"geometry":{"type":"LineString","coordinates":[[-87.79911,41.86872],[-87.79948,41.86872],[-87.79982,41.86871]]}},{"type":"Feature","properties":{"street_name":"HARVARD ST","address_left_from":815,"address_left_to":825,"address_right_from":814,"address_right_to":824},"geometry":{"type":"LineString","coordinates":[[-87.79453,41.8688],[-87.79474,41.8688],[-87.79517,41.86879]]}},{"type":"Feature","properties":{"street_name":"HARVARD ST","address_left_from":1153,"address_left_to":1199,"address_right_from":1152,"address_right_to":1198},"geometry":{"type":"LineString","coordinates":[[-87.8027,41.86866],[-87.80347,41.86865]]}},{"type":"Feature","properties":{"street_name":"GARFIELD ST","address_left_from":23,"address_left_to":49,"address_right_from":20,"address_right_to":48},"geometry":{"type":"LineString","coordinates":[[-87.77554,41.87051],[-87.77574,41.87052],[-87.7761,41.87054],[-87.77658,41.87057],[-87.77665,41.87057]]}},{"type":"Feature","properties":{"street_name":"IOWA ST","address_left_from":601,"address_left_to":649,"address_right_from":600,"address_right_to":648},"geometry":{"type":"LineString","coordinates":[[-87.78983,41.89632],[-87.79024,41.89632],[-87.791,41.89631],[-87.79137,41.8963]]}},{"type":"Feature","properties":{"street_name":"HARVARD ST","address_left_from":401,"address_left_to":413,"address_right_from":400,"address_right_to":412},"geometry":{"type":"LineString","coordinates":[[-87.78409,41.86898],[-87.78438,41.86898],[-87.7847,41.86897]]}},{"type":"Feature","properties":{"street_name":"IOWA ST","address_left_from":301,"address_left_to":315,"address_right_from":300,"address_right_to":314},"geometry":{"type":"LineString","coordinates":[[-87.78332,41.89642],[-87.78359,41.89642],[-87.78413,41.89641]]}},{"type":"Feature","properties":{"street_name":"HARVARD ST","address_left_from":501,"address_left_to":513,"address_right_from":500,"address_right_to":512},"geometry":{"type":"LineString","coordinates":[[-87.78654,41.86894],[-87.78688,41.86893],[-87.78715,41.86893]]}},{"type":"Feature","properties":{"street_name":"HARVARD ST","address_left_from":715,"address_left_to":725,"address_right_from":714,"address_right_to":724},"geometry":{"type":"LineString","coordinates":[[-87.79205,41.86884],[-87.79226,41.86884],[-87.79267,41.86883]]}},{"type":"Feature","properties":{"street_name":"HARVARD ST","address_left_from":77,"address_left_to":99,"address_right_from":76,"address_right_to":98},"geometry":{"type":"LineString","coordinates":[[-87.77611,41.8691],[-87.77648,41.86909],[-87.77672,41.86909]]}},{"type":"Feature","properties":{"street_name":"IOWA ST","address_left_from":241,"address_left_to":249,"address_right_from":240,"address_right_to":248},"geometry":{"type":"LineString","coordinates":[[-87.78169,41.89644],[-87.78202,41.89644],[-87.7825,41.89643]]}},{"type":"Feature","properties":{"street_name":"HARVARD ST","address_left_from":765,"address_left_to":799,"address_right_from":764,"address_right_to":798},"geometry":{"type":"LineString","coordinates":[[-87.79327,41.86882],[-87.79363,41.86882],[-87.79388,41.86881]]}},{"type":"Feature","properties":{"street_name":"N TAYLOR AVE","address_left_from":901,"address_left_to":951,"address_right_from":900,"address_right_to":950},"geometry":{"type":"LineString","coordinates":[[-87.7778,41.90197],[-87.77781,41.90202],[-87.77782,41.90236],[-87.77785,41.90306],[-87.77787,41.90377],[-87.77787,41.90381]]}},{"type":"Feature","properties":{"street_name":"CLARENCE AVE","address_left_from":1100,"address_left_to":1146,"address_right_from":1101,"address_right_to":1147},"geometry":{"type":"LineString","coordinates":[[-87.79022,41.86888],[-87.79021,41.8686],[-87.79019,41.86807],[-87.79016,41.86722],[-87.79016,41.86705]]}},{"type":"Feature","properties":{"street_name":"AUGUSTA ST","address_left_from":23,"address_left_to":29,"address_right_from":20,"address_right_to":28},"geometry":{"type":"LineString","coordinates":[[-87.77647,41.89834],[-87.77672,41.89834],[-87.77688,41.89833]]}},{"type":"Feature","properties":{"street_name":"S LOMBARD AVE","address_left_from":600,"address_left_to":646,"address_right_from":601,"address_right_to":647},"geometry":{"type":"LineString","coordinates":[[-87.7795,41.87816],[-87.77949,41.8779],[-87.77944,41.87659],[-87.77944,41.8764]]}},{"type":"Feature","properties":{"street_name":"AUGUSTA ST","address_left_from":901,"address_left_to":911,"address_right_from":900,"address_right_to":908},"geometry":{"type":"LineString","coordinates":[[-87.79779,41.89801],[-87.79821,41.898],[-87.79852,41.898]]}},{"type":"Feature","properties":{"street_name":"AUGUSTA ST","address_left_from":801,"address_left_to":817,"address_right_from":800,"address_right_to":814},"geometry":{"type":"LineString","coordinates":[[-87.79477,41.89807],[-87.79504,41.89807],[-87.79552,41.89806]]}},{"type":"Feature","properties":{"street_name":"N TAYLOR AVE","address_left_from":1211,"address_left_to":1235,"address_right_from":1210,"address_right_to":1234},"geometry":{"type":"LineString","coordinates":[[-87.77817,41.90794],[-87.77818,41.90804],[-87.7782,41.90861],[-87.7782,41.90873]]}},{"type":"Feature","properties":{"street_name":"S LOMBARD AVE","address_left_from":234,"address_left_to":298,"address_right_from":235,"address_right_to":299},"geometry":{"type":"LineString","coordinates":[[-87.77968,41.88398],[-87.77967,41.88379]]}},{"type":"Feature","properties":{"street_name":"S LOMBARD AVE","address_left_from":400,"address_left_to":408,"address_right_from":401,"address_right_to":409},"geometry":{"type":"LineString","coordinates":[[-87.77962,41.88193],[-87.7796,41.88153],[-87.7796,41.88149]]}},{"type":"Feature","properties":{"street_name":"CLARENCE AVE","address_left_from":932,"address_left_to":948,"address_right_from":933,"address_right_to":949},"geometry":{"type":"LineString","coordinates":[[-87.7903,41.8713],[-87.79029,41.87108],[-87.79028,41.87079]]}},{"type":"Feature","properties":{"street_name":"AUGUSTA ST","address_left_from":931,"address_left_to":955,"address_right_from":930,"address_right_to":954},"geometry":{"type":"LineString","coordinates":[[-87.79927,41.89798],[-87.79964,41.89798],[-87.80006,41.89797],[-87.80047,41.89796],[-87.80071,41.89796]]}},{"type":"Feature","properties":{"street_name":"AUGUSTA ST","address_left_from":601,"address_left_to":611,"address_right_from":600,"address_right_to":610},"geometry":{"type":"LineString","coordinates":[[-87.78989,41.89815],[-87.79016,41.89814],[-87.79051,41.89814]]}},{"type":"Feature","properties":{"street_name":"S LOMBARD AVE","address_left_from":414,"address_left_to":436,"address_right_from":415,"address_right_to":437},"geometry":{"type":"LineString","coordinates":[[-87.7796,41.8813],[-87.77957,41.88055]]}},{"type":"Feature","properties":{"street_name":"PRAIRIE WAY","address_left_from":1101,"address_left_to":1145,"address_right_from":1100,"address_right_to":1144},"geometry":{"type":"LineString","coordinates":[[-87.80338,41.88926],[-87.80481,41.88924]]}},{"type":"Feature","properties":{"street_name":"S LOMBARD AVE","address_left_from":138,"address_left_to":140,"address_right_from":137,"address_right_to":139},"geometry":{"type":"LineString","coordinates":[[-87.77973,41.88574],[-87.77973,41.8857]]}},{"type":"Feature","properties":{"street_name":"S LOMBARD AVE","address_left_from":912,"address_left_to":922,"address_right_from":913,"address_right_to":921},"geometry":{"type":"LineString","coordinates":[[-87.77929,41.87225],[-87.77928,41.87202],[-87.77927,41.87179]]}},{"type":"Feature","properties":{"street_name":"N TAYLOR AVE","address_left_from":401,"address_left_to":425,"address_right_from":400,"address_right_to":424},"geometry":{"type":"LineString","coordinates":[[-87.77834,41.89319],[-87.77834,41.89347],[-87.77836,41.89413]]}},{"type":"Feature","properties":{"street_name":"S LOMBARD AVE","address_left_from":900,"address_left_to":910,"address_right_from":901,"address_right_to":911},"geometry":{"type":"LineString","coordinates":[[-87.77931,41.87271],[-87.7793,41.87253],[-87.77929,41.87225]]}},{"type":"Feature","properties":{"street_name":"AUGUSTA ST","address_left_from":1111,"address_left_to":1139,"address_right_from":1104,"address_right_to":1138},"geometry":{"type":"LineString","coordinates":[[-87.80399,41.8979],[-87.80414,41.89789],[-87.8047,41.89788],[-87.80524,41.89788],[-87.80527,41.89788]]}},{"type":"Feature","properties":{"street_name":"N TAYLOR AVE","address_left_from":601,"address_left_to":649,"address_right_from":600,"address_right_to":646},"geometry":{"type":"LineString","coordinates":[[-87.77844,41.89649],[-87.77845,41.89667],[-87.77847,41.8975],[-87.7785,41.89823]]}},{"type":"Feature","properties":{"street_name":"AUGUSTA ST","address_left_from":471,"address_left_to":499,"address_right_from":444,"address_right_to":498},"geometry":{"type":"LineString","coordinates":[[-87.78745,41.89818],[-87.78781,41.89818],[-87.78826,41.89817]]}},{"type":"Feature","properties":{"street_name":"AUGUSTA ST","address_left_from":1101,"address_left_to":1109,"address_right_from":1100,"address_right_to":1102},"geometry":{"type":"LineString","coordinates":[[-87.80387,41.8979],[-87.80399,41.8979]]}},{"type":"Feature","properties":{"street_name":"S LOMBARD AVE","address_left_from":700,"address_left_to":798,"address_right_from":701,"address_right_to":799},"geometry":{"type":"LineString","coordinates":[[-87.77943,41.87633],[-87.77942,41.87601],[-87.77938,41.87488],[-87.77937,41.87453]]}},{"type":"Feature","properties":{"street_name":"AUGUSTA ST","address_left_from":237,"address_left_to":257,"address_right_from":236,"address_right_to":248},"geometry":{"type":"LineString","coordinates":[[-87.78175,41.89827],[-87.78201,41.89826],[-87.78243,41.89826],[-87.78318,41.89825],[-87.78323,41.89825]]}},{"type":"Feature","properties":{"street_name":"AUGUSTA ST","address_left_from":101,"address_left_to":109,"address_right_from":100,"address_right_to":114},"geometry":{"type":"LineString","coordinates":[[-87.7783,41.89831],[-87.7785,41.89831]]}},{"type":"Feature","properties":{"street_name":"WENONAH AVE","address_left_from":700,"address_left_to":736,"address_right_from":701,"address_right_to":737},"geometry":{"type":"LineString","coordinates":[[-87.80098,41.87682],[-87.80098,41.87662],[-87.80095,41.87572],[-87.80094,41.87549]]}},{"type":"Feature","properties":{"street_name":"MAPLETON AVE","address_left_from":1001,"address_left_to":1051,"address_right_from":1000,"address_right_to":1052},"geometry":{"type":"LineString","coordinates":[[-87.78153,41.90384],[-87.78154,41.90399],[-87.78155,41.90454],[-87.7816,41.90573]]}},{"type":"Feature","properties":{"street_name":"WENONAH AVE","address_left_from":500,"address_left_to":508,"address_right_from":501,"address_right_to":509},"geometry":{"type":"LineString","coordinates":[[-87.80109,41.87966],[-87.80107,41.87919]]}},{"type":"Feature","properties":{"street_name":"N ELMWOOD AVE","address_left_from":1027,"address_left_to":1051,"address_right_from":1026,"address_right_to":1050},"geometry":{"type":"LineString","coordinates":[[-87.78717,41.90472],[-87.78718,41.90489],[-87.7872,41.90558]]}},{"type":"Feature","properties":{"street_name":"N ELMWOOD AVE","address_left_from":401,"address_left_to":437,"address_right_from":400,"address_right_to":438},"geometry":{"type":"LineString","coordinates":[[-87.78646,41.89307],[-87.78648,41.89352],[-87.78649,41.8942],[-87.7865,41.89444]]}},{"type":"Feature","properties":{"street_name":"S MARION ST","address_left_from":268,"address_left_to":298,"address_right_from":259,"address_right_to":299},"geometry":{"type":"LineString","coordinates":[[-87.80245,41.88337],[-87.80244,41.88326]]}},{"type":"Feature","properties":{"street_name":"S MARION ST","address_left_from":130,"address_left_to":198,"address_right_from":127,"address_right_to":131},"geometry":{"type":"LineString","coordinates":[[-87.80253,41.88581],[-87.80252,41.88571]]}},{"type":"Feature","properties":{"street_name":"S MAPLE AVE","address_left_from":446,"address_left_to":498,"address_right_from":445,"address_right_to":499},"geometry":{"type":"LineString","coordinates":[[-87.80387,41.8797],[-87.80387,41.87962]]}},{"type":"Feature","properties":{"street_name":"S GROVE AVE","address_left_from":242,"address_left_to":298,"address_right_from":241,"address_right_to":299},"geometry":{"type":"LineString","coordinates":[[-87.79571,41.88352],[-87.7957,41.88342]]}},{"type":"Feature","properties":{"street_name":"S GROVE AVE","address_left_from":548,"address_left_to":598,"address_right_from":607,"address_right_to":609},"geometry":{"type":"LineString","coordinates":[[-87.79539,41.878],[-87.79539,41.87792]]}},{"type":"Feature","properties":{"street_name":"S GROVE AVE","address_left_from":1048,"address_left_to":1098,"address_right_from":1049,"address_right_to":1099},"geometry":{"type":"LineString","coordinates":[[-87.79518,41.86888],[-87.79517,41.86879]]}},{"type":"Feature","properties":{"street_name":"S GROVE AVE","address_left_from":950,"address_left_to":998,"address_right_from":951,"address_right_to":999},"geometry":{"type":"LineString","coordinates":[[-87.79525,41.87071],[-87.79525,41.87062]]}},{"type":"Feature","properties":{"street_name":"S GROVE AVE","address_left_from":144,"address_left_to":198,"address_right_from":143,"address_right_to":199},"geometry":{"type":"LineString","coordinates":[[-87.79576,41.88523],[-87.79576,41.88516]]}},{"type":"Feature","properties":{"street_name":"S GROVE AVE","address_left_from":716,"address_left_to":718,"address_right_from":737,"address_right_to":799},"geometry":{"type":"LineString","coordinates":[[-87.7953,41.87556],[-87.79528,41.87551],[-87.79528,41.87544],[-87.79529,41.8754]]}},{"type":"Feature","properties":{"street_name":"S MAPLE AVE","address_left_from":950,"address_left_to":998,"address_right_from":951,"address_right_to":999},"geometry":{"type":"LineString","coordinates":[[-87.80354,41.87056],[-87.80354,41.87047]]}},{"type":"Feature","properties":{"street_name":"BERKSHIRE ST","address_left_from":1045,"address_left_to":1099,"address_right_from":1046,"address_right_to":1098},"geometry":{"type":"LineString","coordinates":[[-87.8033,41.9034],[-87.80372,41.90339],[-87.80405,41.90339]]}},{"type":"Feature","properties":{"street_name":"S MAPLE AVE","address_left_from":134,"address_left_to":198,"address_right_from":131,"address_right_to":199},"geometry":{"type":"LineString","coordinates":[[-87.80407,41.88552],[-87.80407,41.88542]]}},{"type":"Feature","properties":{"street_name":"S MAPLE AVE","address_left_from":260,"address_left_to":298,"address_right_from":261,"address_right_to":299},"geometry":{"type":"LineString","coordinates":[[-87.804,41.88333],[-87.80399,41.88324]]}},{"type":"Feature","properties":{"street_name":"S GROVE AVE","address_left_from":340,"address_left_to":398,"address_right_from":341,"address_right_to":399},"geometry":{"type":"LineString","coordinates":[[-87.79565,41.88169],[-87.79565,41.8816]]}},{"type":"Feature","properties":{"street_name":"S MAPLE AVE","address_left_from":348,"address_left_to":398,"address_right_from":347,"address_right_to":399},"geometry":{"type":"LineString","coordinates":[[-87.80393,41.88151],[-87.80393,41.88142]]}},{"type":"Feature","properties":{"street_name":"S GROVE AVE","address_left_from":534,"address_left_to":536,"address_right_from":535,"address_right_to":599},"geometry":{"type":"LineString","coordinates":[[-87.79541,41.87841],[-87.79541,41.87833]]}},{"type":"Feature","properties":{"street_name":"S GROVE AVE","address_left_from":648,"address_left_to":698,"address_right_from":719,"address_right_to":723},"geometry":{"type":"LineString","coordinates":[[-87.79535,41.87618],[-87.79536,41.87614],[-87.79535,41.87607],[-87.79533,41.87604]]}},{"type":"Feature","properties":{"street_name":"S MAPLE AVE","address_left_from":636,"address_left_to":698,"address_right_from":637,"address_right_to":641},"geometry":{"type":"LineString","coordinates":[[-87.80377,41.87686],[-87.80377,41.87677]]}},{"type":"Feature","properties":{"street_name":"S GROVE AVE","address_left_from":834,"address_left_to":898,"address_right_from":869,"address_right_to":899},"geometry":{"type":"LineString","coordinates":[[-87.79523,41.87308],[-87.79522,41.87294]]}},{"type":"Feature","properties":{"street_name":"S MAPLE AVE","address_left_from":1050,"address_left_to":1098,"address_right_from":1051,"address_right_to":1099},"geometry":{"type":"LineString","coordinates":[[-87.80347,41.86874],[-87.80347,41.86865]]}},{"type":"Feature","properties":{"street_name":"S GROVE AVE","address_left_from":450,"address_left_to":498,"address_right_from":451,"address_right_to":499},"geometry":{"type":"LineString","coordinates":[[-87.79559,41.87985],[-87.79558,41.87975]]}},{"type":"Feature","properties":{"street_name":"S GROVE AVE","address_left_from":624,"address_left_to":626,"address_right_from":637,"address_right_to":699},"geometry":{"type":"LineString","coordinates":[[-87.79536,41.877],[-87.79536,41.87691]]}},{"type":"Feature","properties":{"street_name":"S MAPLE AVE","address_left_from":700,"address_left_to":702,"address_right_from":643,"address_right_to":699},"geometry":{"type":"LineString","coordinates":[[-87.80377,41.87677],[-87.80376,41.87659]]}},{"type":"Feature","properties":{"street_name":"S MAPLE AVE","address_left_from":738,"address_left_to":798,"address_right_from":739,"address_right_to":799},"geometry":{"type":"LineString","coordinates":[[-87.80362,41.87535],[-87.80367,41.87529],[-87.80369,41.87522]]}},{"type":"Feature","properties":{"street_name":"N ELMWOOD AVE","address_left_from":1053,"address_left_to":1099,"address_right_from":1052,"address_right_to":1098},"geometry":{"type":"LineString","coordinates":[[-87.7872,41.90558],[-87.78721,41.90561],[-87.78722,41.90567]]}},{"type":"Feature","properties":{"street_name":"N ELMWOOD AVE","address_left_from":335,"address_left_to":399,"address_right_from":336,"address_right_to":398},"geometry":{"type":"LineString","coordinates":[[-87.78646,41.89298],[-87.78646,41.89307]]}},{"type":"Feature","properties":{"street_name":"WENONAH AVE","address_left_from":638,"address_left_to":698,"address_right_from":639,"address_right_to":699},"geometry":{"type":"LineString","coordinates":[[-87.80099,41.87691],[-87.80098,41.87682]]}},{"type":"Feature","properties":{"street_name":"N ELMWOOD AVE","address_left_from":953,"address_left_to":999,"address_right_from":952,"address_right_to":998},"geometry":{"type":"LineString","coordinates":[[-87.78681,41.90367],[-87.78681,41.90376]]}},{"type":"Feature","properties":{"street_name":"N ELMWOOD AVE","address_left_from":551,"address_left_to":599,"address_right_from":550,"address_right_to":598},"geometry":{"type":"LineString","coordinates":[[-87.78657,41.89628],[-87.78657,41.89637]]}},{"type":"Feature","properties":{"street_name":"WENONAH AVE","address_left_from":1050,"address_left_to":1098,"address_right_from":1051,"address_right_to":1099},"geometry":{"type":"LineString","coordinates":[[-87.80052,41.86878],[-87.80051,41.8687]]}},{"type":"Feature","properties":{"street_name":"FLOURNOY ST","address_left_from":251,"address_left_to":299,"address_right_from":252,"address_right_to":298},"geometry":{"type":"LineString","coordinates":[[-87.78161,41.87185],[-87.78163,41.87186],[-87.78166,41.87186],[-87.78169,41.87187],[-87.7817,41.87189],[-87.78172,41.8719],[-87.78173,41.87192],[-87.78173,41.87193]]}},{"type":"Feature","properties":{"street_name":"N ELMWOOD AVE","address_left_from":747,"address_left_to":799,"address_right_from":748,"address_right_to":798},"geometry":{"type":"LineString","coordinates":[[-87.78668,41.89977],[-87.78669,41.89987]]}},{"type":"Feature","properties":{"street_name":"N ELMWOOD AVE","address_left_from":651,"address_left_to":699,"address_right_from":648,"address_right_to":698},"geometry":{"type":"LineString","coordinates":[[-87.78663,41.89809],[-87.78663,41.8982]]}},{"type":"Feature","properties":{"street_name":"N ELMWOOD AVE","address_left_from":237,"address_left_to":299,"address_right_from":236,"address_right_to":298},"geometry":{"type":"LineString","coordinates":[[-87.78642,41.89161],[-87.78642,41.89169]]}},{"type":"Feature","properties":{"street_name":"N ELMWOOD AVE","address_left_from":439,"address_left_to":499,"address_right_from":440,"address_right_to":498},"geometry":{"type":"LineString","coordinates":[[-87.7865,41.89444],[-87.78651,41.89455]]}},{"type":"Feature","properties":{"street_name":"WENONAH AVE","address_left_from":536,"address_left_to":598,"address_right_from":539,"address_right_to":599},"geometry":{"type":"LineString","coordinates":[[-87.80104,41.87832],[-87.80104,41.87823]]}},{"type":"Feature","properties":{"street_name":"N ELMWOOD AVE","address_left_from":1145,"address_left_to":1199,"address_right_from":1144,"address_right_to":1198},"geometry":{"type":"LineString","coordinates":[[-87.78729,41.9072],[-87.78729,41.90729]]}},{"type":"Feature","properties":{"street_name":"MAPLETON AVE","address_left_from":953,"address_left_to":999,"address_right_from":952,"address_right_to":998},"geometry":{"type":"LineString","coordinates":[[-87.78153,41.90374],[-87.78153,41.90384]]}},{"type":"Feature","properties":{"street_name":"MAPLETON AVE","address_left_from":1053,"address_left_to":1099,"address_right_from":1054,"address_right_to":1098},"geometry":{"type":"LineString","coordinates":[[-87.7816,41.90573],[-87.7816,41.90581]]}},{"type":"Feature","properties":{"street_name":"N ELMWOOD AVE","address_left_from":855,"address_left_to":899,"address_right_from":854,"address_right_to":898},"geometry":{"type":"LineString","coordinates":[[-87.78675,41.90175],[-87.78675,41.90184]]}},{"type":"Feature","properties":{"street_name":"MAPLETON AVE","address_left_from":855,"address_left_to":899,"address_right_from":854,"address_right_to":898},"geometry":{"type":"LineString","coordinates":[[-87.78146,41.90183],[-87.78146,41.90192]]}},{"type":"Feature","properties":{"street_name":"N ELMWOOD AVE","address_left_from":183,"address_left_to":199,"address_right_from":182,"address_right_to":198},"geometry":{"type":"LineString","coordinates":[[-87.78638,41.89025],[-87.78639,41.89034]]}},{"type":"Feature","properties":{"street_name":"WENONAH AVE","address_left_from":738,"address_left_to":798,"address_right_from":739,"address_right_to":799},"geometry":{"type":"LineString","coordinates":[[-87.80094,41.87549],[-87.80094,41.8754]]}},{"type":"Feature","properties":{"street_name":"WENONAH AVE","address_left_from":848,"address_left_to":898,"address_right_from":847,"address_right_to":899},"geometry":{"type":"LineString","coordinates":[[-87.80088,41.87373],[-87.80087,41.8736]]}},{"type":"Feature","properties":{"street_name":"WENONAH AVE","address_left_from":950,"address_left_to":998,"address_right_from":951,"address_right_to":999},"geometry":{"type":"LineString","coordinates":[[-87.80058,41.87061],[-87.80058,41.87052]]}},{"type":"Feature","properties":{"street_name":"BERKSHIRE ST","address_left_from":165,"address_left_to":199,"address_right_from":164,"address_right_to":198},"geometry":{"type":"LineString","coordinates":[[-87.7797,41.90386],[-87.77993,41.90386],[-87.78031,41.90385]]}},{"type":"Feature","properties":{"street_name":"S MARION ST","address_left_from":238,"address_left_to":266,"address_right_from":235,"address_right_to":257},"geometry":{"type":"LineString","coordinates":[[-87.80247,41.88426],[-87.80246,41.88408],[-87.80246,41.88351],[-87.80245,41.88337]]}},{"type":"Feature","properties":{"street_name":"BERKSHIRE ST","address_left_from":801,"address_left_to":815,"address_right_from":800,"address_right_to":814},"geometry":{"type":"LineString","coordinates":[[-87.79491,41.90358],[-87.79502,41.90353],[-87.79566,41.90352]]}},{"type":"Feature","properties":{"street_name":"ONTARIO CT","address_left_from":1051,"address_left_to":1099,"address_right_from":1050,"address_right_to":1098},"geometry":{"type":"LineString","coordinates":[[-87.80198,41.89124],[-87.80223,41.89124],[-87.80273,41.89123]]}},{"type":"Feature","properties":{"street_name":"S GROVE AVE","address_left_from":538,"address_left_to":546,"address_right_from":601,"address_right_to":605},"geometry":{"type":"LineString","coordinates":[[-87.79541,41.87833],[-87.7954,41.87814],[-87.79539,41.878]]}},{"type":"Feature","properties":{"street_name":"BERKSHIRE ST","address_left_from":613,"address_left_to":619,"address_right_from":612,"address_right_to":618},"geometry":{"type":"LineString","coordinates":[[-87.79066,41.9037],[-87.79085,41.90369],[-87.79127,41.90369]]}},{"type":"Feature","properties":{"street_name":"S MARION ST","address_left_from":204,"address_left_to":236,"address_right_from":201,"address_right_to":233},"geometry":{"type":"LineString","coordinates":[[-87.80251,41.88546],[-87.8025,41.8853],[-87.80248,41.88473],[-87.80247,41.88426]]}},{"type":"Feature","properties":{"street_name":"BERKSHIRE ST","address_left_from":301,"address_left_to":345,"address_right_from":300,"address_right_to":344},"geometry":{"type":"LineString","coordinates":[[-87.78288,41.90381],[-87.78333,41.90381],[-87.78347,41.90381]]}},{"type":"Feature","properties":{"street_name":"S GROVE AVE","address_left_from":600,"address_left_to":622,"address_right_from":611,"address_right_to":635},"geometry":{"type":"LineString","coordinates":[[-87.79539,41.87792],[-87.79538,41.87772],[-87.79537,41.87726],[-87.79536,41.877]]}},{"type":"Feature","properties":{"street_name":"S MAPLE AVE","address_left_from":620,"address_left_to":634,"address_right_from":621,"address_right_to":635},"geometry":{"type":"LineString","coordinates":[[-87.80379,41.87753],[-87.80379,41.87752],[-87.80377,41.87699],[-87.80377,41.87686]]}},{"type":"Feature","properties":{"street_name":"S MAPLE AVE","address_left_from":438,"address_left_to":444,"address_right_from":439,"address_right_to":443},"geometry":{"type":"LineString","coordinates":[[-87.80388,41.88007],[-87.80387,41.87985],[-87.80387,41.8797]]}},{"type":"Feature","properties":{"street_name":"BERKSHIRE ST","address_left_from":227,"address_left_to":249,"address_right_from":226,"address_right_to":248},"geometry":{"type":"LineString","coordinates":[[-87.78092,41.90384],[-87.78115,41.90384],[-87.78153,41.90384]]}},{"type":"Feature","properties":{"street_name":"BERKSHIRE ST","address_left_from":621,"address_left_to":661,"address_right_from":620,"address_right_to":660},"geometry":{"type":"LineString","coordinates":[[-87.79127,41.90369],[-87.79162,41.90368],[-87.79188,41.90368]]}},{"type":"Feature","properties":{"street_name":"S GROVE AVE","address_left_from":510,"address_left_to":532,"address_right_from":511,"address_right_to":533},"geometry":{"type":"LineString","coordinates":[[-87.79544,41.87927],[-87.79542,41.87858],[-87.79541,41.87841]]}},{"type":"Feature","properties":{"street_name":"BERKSHIRE ST","address_left_from":1153,"address_left_to":1199,"address_right_from":1152,"address_right_to":1198},"geometry":{"type":"LineString","coordinates":[[-87.80482,41.90338],[-87.80557,41.90337],[-87.80558,41.90337]]}},{"type":"Feature","properties":{"street_name":"LENOX ST","address_left_from":401,"address_left_to":413,"address_right_from":400,"address_right_to":412},"geometry":{"type":"LineString","coordinates":[[-87.78387,41.90476],[-87.78451,41.90475]]}},{"type":"Feature","properties":{"street_name":"LENOX ST","address_left_from":419,"address_left_to":499,"address_right_from":418,"address_right_to":498},"geometry":{"type":"LineString","coordinates":[[-87.78482,41.90475],[-87.78501,41.90475],[-87.7863,41.90473],[-87.78717,41.90472]]}},{"type":"Feature","properties":{"street_name":"S MAPLE AVE","address_left_from":1000,"address_left_to":1048,"address_right_from":1001,"address_right_to":1049},"geometry":{"type":"LineString","coordinates":[[-87.80354,41.87047],[-87.80353,41.87017],[-87.80348,41.86909],[-87.80347,41.86874]]}},{"type":"Feature","properties":{"street_name":"S MAPLE AVE","address_left_from":200,"address_left_to":258,"address_right_from":201,"address_right_to":259},"geometry":{"type":"LineString","coordinates":[[-87.80407,41.88542],[-87.80406,41.88518],[-87.80401,41.88385],[-87.804,41.88339],[-87.804,41.88333]]}},{"type":"Feature","properties":{"street_name":"BERKSHIRE ST","address_left_from":895,"address_left_to":899,"address_right_from":894,"address_right_to":898},"geometry":{"type":"LineString","coordinates":[[-87.79783,41.90349],[-87.79808,41.90348]]}},{"type":"Feature","properties":{"street_name":"BERKSHIRE ST","address_left_from":863,"address_left_to":893,"address_right_from":862,"address_right_to":892},"geometry":{"type":"LineString","coordinates":[[-87.79714,41.9035],[-87.79756,41.90349],[-87.79783,41.90349]]}},{"type":"Feature","properties":{"street_name":"BERKSHIRE ST","address_left_from":577,"address_left_to":599,"address_right_from":576,"address_right_to":598},"geometry":{"type":"LineString","coordinates":[[-87.78928,41.90372],[-87.78967,41.90371],[-87.79006,41.90371]]}},{"type":"Feature","properties":{"street_name":"S MARION ST","address_left_from":200,"address_left_to":202,"address_right_from":133,"address_right_to":199},"geometry":{"type":"LineString","coordinates":[[-87.80252,41.88571],[-87.80251,41.88546]]}},{"type":"Feature","properties":{"street_name":"I290 EXPY W","address_left_from":-1,"address_left_to":-1,"address_right_from":-1,"address_right_to":-1},"geometry":{"type":"LineString","coordinates":[[-87.77434,41.87125],[-87.7745,41.87126],[-87.77468,41.87127],[-87.77512,41.87129],[-87.77603,41.87134],[-87.77675,41.87139],[-87.77797,41.87144],[-87.77827,41.87146]]}},{"type":"Feature","properties":{"street_name":"S GROVE AVE","address_left_from":500,"address_left_to":508,"address_right_from":501,"address_right_to":509},"geometry":{"type":"LineString","coordinates":[[-87.79545,41.87975],[-87.79544,41.87927]]}},{"type":"Feature","properties":{"street_name":"S GROVE AVE","address_left_from":918,"address_left_to":948,"address_right_from":921,"address_right_to":949},"geometry":{"type":"LineString","coordinates":[[-87.79529,41.87165],[-87.79527,41.8712],[-87.79526,41.87074],[-87.79525,41.87071]]}},{"type":"Feature","properties":{"street_name":"S MAPLE AVE","address_left_from":100,"address_left_to":132,"address_right_from":101,"address_right_to":129},"geometry":{"type":"LineString","coordinates":[[-87.8041,41.88628],[-87.80408,41.88565],[-87.80407,41.88552]]}},{"type":"Feature","properties":{"street_name":"BERKSHIRE ST","address_left_from":829,"address_left_to":861,"address_right_from":828,"address_right_to":860},"geometry":{"type":"LineString","coordinates":[[-87.79641,41.90351],[-87.79667,41.90351],[-87.79714,41.9035]]}},{"type":"Feature","properties":{"street_name":"BERKSHIRE ST","address_left_from":969,"address_left_to":999,"address_right_from":968,"address_right_to":998},"geometry":{"type":"LineString","coordinates":[[-87.80025,41.90345],[-87.8006,41.90344],[-87.80101,41.90344]]}},{"type":"Feature","properties":{"street_name":"ONTARIO CT","address_left_from":1000,"address_left_to":1048,"address_right_from":1001,"address_right_to":1049},"geometry":{"type":"LineString","coordinates":[[-87.80114,41.89126],[-87.80184,41.89125],[-87.80198,41.89124]]}},{"type":"Feature","properties":{"street_name":"BERKSHIRE ST","address_left_from":11,"address_left_to":25,"address_right_from":10,"address_right_to":24},"geometry":{"type":"LineString","coordinates":[[-87.77604,41.90392],[-87.77641,41.90391],[-87.77665,41.90391]]}},{"type":"Feature","properties":{"street_name":"S MAPLE AVE","address_left_from":400,"address_left_to":428,"address_right_from":401,"address_right_to":429},"geometry":{"type":"LineString","coordinates":[[-87.80393,41.88142],[-87.80392,41.88112],[-87.80389,41.8804],[-87.80388,41.88026]]}},{"type":"Feature","properties":{"street_name":"BERKSHIRE ST","address_left_from":767,"address_left_to":799,"address_right_from":766,"address_right_to":798},"geometry":{"type":"LineString","coordinates":[[-87.79431,41.90363],[-87.79439,41.90363],[-87.79482,41.90363],[-87.79491,41.90358]]}},{"type":"Feature","properties":{"street_name":"BERKSHIRE ST","address_left_from":297,"address_left_to":299,"address_right_from":296,"address_right_to":298},"geometry":{"type":"LineString","coordinates":[[-87.78275,41.90382],[-87.78288,41.90381]]}},{"type":"Feature","properties":{"street_name":"BERKSHIRE ST","address_left_from":663,"address_left_to":699,"address_right_from":662,"address_right_to":698},"geometry":{"type":"LineString","coordinates":[[-87.79188,41.90368],[-87.79212,41.90367],[-87.79248,41.90366]]}},{"type":"Feature","properties":{"street_name":"BERKSHIRE ST","address_left_from":1001,"address_left_to":1015,"address_right_from":1000,"address_right_to":1014},"geometry":{"type":"LineString","coordinates":[[-87.80101,41.90344],[-87.80129,41.90343],[-87.80177,41.90343]]}},{"type":"Feature","properties":{"street_name":"BERKSHIRE ST","address_left_from":201,"address_left_to":225,"address_right_from":200,"address_right_to":224},"geometry":{"type":"LineString","coordinates":[[-87.78031,41.90385],[-87.78061,41.90385],[-87.78092,41.90384]]}},{"type":"Feature","properties":{"street_name":"BERKSHIRE ST","address_left_from":601,"address_left_to":611,"address_right_from":600,"address_right_to":610},"geometry":{"type":"LineString","coordinates":[[-87.79006,41.90371],[-87.79028,41.9037],[-87.79066,41.9037]]}},{"type":"Feature","properties":{"street_name":"S GROVE AVE","address_left_from":900,"address_left_to":916,"address_right_from":901,"address_right_to":919},"geometry":{"type":"LineString","coordinates":[[-87.7953,41.87214],[-87.79529,41.87165]]}},{"type":"Feature","properties":{"street_name":"BERKSHIRE ST","address_left_from":457,"address_left_to":499,"address_right_from":458,"address_right_to":498},"geometry":{"type":"LineString","coordinates":[[-87.78681,41.90376],[-87.78714,41.90375]]}},{"type":"Feature","properties":{"street_name":"BERKSHIRE ST","address_left_from":1031,"address_left_to":1043,"address_right_from":1030,"address_right_to":1044},"geometry":{"type":"LineString","coordinates":[[-87.80253,41.90341],[-87.8029,41.90341],[-87.8033,41.9034]]}},{"type":"Feature","properties":{"street_name":"BERKSHIRE ST","address_left_from":917,"address_left_to":929,"address_right_from":916,"address_right_to":928},"geometry":{"type":"LineString","coordinates":[[-87.79874,41.90347],[-87.79897,41.90347],[-87.79944,41.90346]]}},{"type":"Feature","properties":{"street_name":"I290 EXPY W","address_left_from":-1,"address_left_to":-1,"address_right_from":-1,"address_right_to":-1},"geometry":{"type":"LineString","coordinates":[[-87.79915,41.87324],[-87.7992,41.87324],[-87.80094,41.87346],[-87.80436,41.87379],[-87.80452,41.87381]]}},{"type":"Feature","properties":{"street_name":"LENOX ST","address_left_from":415,"address_left_to":417,"address_right_from":414,"address_right_to":416},"geometry":{"type":"LineString","coordinates":[[-87.78451,41.90475],[-87.78482,41.90475]]}},{"type":"Feature","properties":{"street_name":"BERKSHIRE ST","address_left_from":521,"address_left_to":529,"address_right_from":520,"address_right_to":528},"geometry":{"type":"LineString","coordinates":[[-87.78763,41.90375],[-87.78787,41.90374]]}},{"type":"Feature","properties":{"street_name":"S GROVE AVE","address_left_from":1100,"address_left_to":1148,"address_right_from":1101,"address_right_to":1149},"geometry":{"type":"LineString","coordinates":[[-87.79517,41.86879],[-87.79517,41.86873],[-87.79518,41.86861],[-87.79516,41.86795],[-87.79514,41.86736],[-87.79512,41.86696]]}},{"type":"Feature","properties":{"street_name":"BERKSHIRE ST","address_left_from":901,"address_left_to":915,"address_right_from":900,"address_right_to":914},"geometry":{"type":"LineString","coordinates":[[-87.79808,41.90348],[-87.79838,41.90348],[-87.79874,41.90347]]}},{"type":"Feature","properties":{"street_name":"S MAPLE AVE","address_left_from":1190,"address_left_to":1198,"address_right_from":1191,"address_right_to":1199},"geometry":{"type":"LineString","coordinates":[[-87.80336,41.86545],[-87.80334,41.865]]}},{"type":"Feature","properties":{"street_name":"BERKSHIRE ST","address_left_from":115,"address_left_to":125,"address_right_from":114,"address_right_to":124},"geometry":{"type":"LineString","coordinates":[[-87.77848,41.90388],[-87.77868,41.90388],[-87.77909,41.90387]]}},{"type":"Feature","properties":{"street_name":"S MAPLE AVE","address_left_from":1150,"address_left_to":1188,"address_right_from":1151,"address_right_to":1189},"geometry":{"type":"LineString","coordinates":[[-87.80341,41.86681],[-87.80339,41.86644],[-87.80336,41.86545]]}},{"type":"Feature","properties":{"street_name":"S MAPLE AVE","address_left_from":900,"address_left_to":908,"address_right_from":901,"address_right_to":909},"geometry":{"type":"LineString","coordinates":[[-87.8036,41.8723],[-87.80359,41.87183]]}},{"type":"Feature","properties":{"street_name":"S MARION ST","address_left_from":100,"address_left_to":112,"address_right_from":101,"address_right_to":113},"geometry":{"type":"LineString","coordinates":[[-87.80253,41.88674],[-87.80255,41.88667],[-87.80254,41.88641],[-87.80254,41.88616]]}},{"type":"Feature","properties":{"street_name":"I290 EXPY W","address_left_from":-1,"address_left_to":-1,"address_right_from":-1,"address_right_to":-1},"geometry":{"type":"LineString","coordinates":[[-87.77926,41.87152],[-87.77935,41.87153],[-87.77964,41.87155],[-87.77995,41.87157],[-87.78069,41.87164],[-87.78223,41.87177],[-87.78276,41.87181],[-87.78408,41.87193],[-87.78419,41.87194]]}},{"type":"Feature","properties":{"street_name":"BERKSHIRE ST","address_left_from":1101,"address_left_to":1151,"address_right_from":1100,"address_right_to":1150},"geometry":{"type":"LineString","coordinates":[[-87.80405,41.90339],[-87.80437,41.90338],[-87.80482,41.90338]]}},{"type":"Feature","properties":{"street_name":"BERKSHIRE ST","address_left_from":401,"address_left_to":413,"address_right_from":400,"address_right_to":412},"geometry":{"type":"LineString","coordinates":[[-87.78418,41.9038],[-87.78453,41.9038],[-87.78479,41.90379]]}},{"type":"Feature","properties":{"street_name":"BERKSHIRE ST","address_left_from":531,"address_left_to":539,"address_right_from":530,"address_right_to":538},"geometry":{"type":"LineString","coordinates":[[-87.78787,41.90374],[-87.7881,41.90374],[-87.78844,41.90373]]}},{"type":"Feature","properties":{"street_name":"S MAPLE AVE","address_left_from":500,"address_left_to":508,"address_right_from":501,"address_right_to":509},"geometry":{"type":"LineString","coordinates":[[-87.80387,41.87962],[-87.80386,41.87942],[-87.80385,41.87914]]}},{"type":"Feature","properties":{"street_name":"S GROVE AVE","address_left_from":720,"address_left_to":752,"address_right_from":801,"address_right_to":831},"geometry":{"type":"LineString","coordinates":[[-87.79529,41.8754],[-87.7953,41.87536],[-87.7953,41.87532],[-87.79529,41.87495],[-87.79527,41.87454],[-87.79527,41.87427]]}},{"type":"Feature","properties":{"street_name":"S GROVE AVE","address_left_from":754,"address_left_to":798,"address_right_from":833,"address_right_to":839},"geometry":{"type":"LineString","coordinates":[[-87.79527,41.87427],[-87.79526,41.87408]]}},{"type":"Feature","properties":{"street_name":"LINDEN AVE","address_left_from":1201,"address_left_to":1235,"address_right_from":1200,"address_right_to":1238},"geometry":{"type":"LineString","coordinates":[[-87.79258,41.90722],[-87.79259,41.90741],[-87.7926,41.90808],[-87.79262,41.90855]]}},{"type":"Feature","properties":{"street_name":"S EUCLID AVE","address_left_from":100,"address_left_to":112,"address_right_from":101,"address_right_to":113},"geometry":{"type":"LineString","coordinates":[[-87.79279,41.88691],[-87.79282,41.88684],[-87.79281,41.88659],[-87.79281,41.88633]]}},{"type":"Feature","properties":{"street_name":"VAN BUREN ST","address_left_from":161,"address_left_to":199,"address_right_from":160,"address_right_to":198},"geometry":{"type":"LineString","coordinates":[[-87.77874,41.87454],[-87.77912,41.87453],[-87.77937,41.87453]]}},{"type":"Feature","properties":{"street_name":"GARFIELD ST","address_left_from":1,"address_left_to":3,"address_right_from":2,"address_right_to":4},"geometry":{"type":"LineString","coordinates":[[-87.77432,41.87042],[-87.77438,41.87042]]}},{"type":"Feature","properties":{"street_name":"HARVARD ST","address_left_from":251,"address_left_to":275,"address_right_from":250,"address_right_to":274},"geometry":{"type":"LineString","coordinates":[[-87.7804,41.86904],[-87.78081,41.86903],[-87.78102,41.86903]]}},{"type":"Feature","properties":{"street_name":"GARFIELD ST","address_left_from":701,"address_left_to":725,"address_right_from":700,"address_right_to":724},"geometry":{"type":"LineString","coordinates":[[-87.79154,41.87182],[-87.79196,41.87186],[-87.79234,41.87189],[-87.79277,41.87192]]}},{"type":"Feature","properties":{"street_name":"GARFIELD ST","address_left_from":601,"address_left_to":625,"address_right_from":600,"address_right_to":628},"geometry":{"type":"LineString","coordinates":[[-87.78908,41.87161],[-87.78935,41.87164],[-87.78967,41.87167],[-87.79031,41.87172]]}},{"type":"Feature","properties":{"street_name":"IOWA ST","address_left_from":441,"address_left_to":453,"address_right_from":440,"address_right_to":452},"geometry":{"type":"LineString","coordinates":[[-87.78657,41.89637],[-87.78687,41.89637],[-87.78738,41.89636]]}},{"type":"Feature","properties":{"street_name":"GARFIELD ST","address_left_from":929,"address_left_to":957,"address_right_from":928,"address_right_to":958},"geometry":{"type":"LineString","coordinates":[[-87.79793,41.87236],[-87.79811,41.87237],[-87.79846,41.87238],[-87.79896,41.87238],[-87.79913,41.87237]]}},{"type":"Feature","properties":{"street_name":"IOWA ST","address_left_from":41,"address_left_to":69,"address_right_from":40,"address_right_to":68},"geometry":{"type":"LineString","coordinates":[[-87.77682,41.89652],[-87.77719,41.89651],[-87.77763,41.8965]]}},{"type":"Feature","properties":{"street_name":"S AUSTIN BLVD","address_left_from":1,"address_left_to":11,"address_right_from":2,"address_right_to":10},"geometry":{"type":"LineString","coordinates":[[-87.77466,41.88009],[-87.77465,41.87977],[-87.77464,41.87961],[-87.77464,41.87956]]}},{"type":"Feature","properties":{"street_name":"S AUSTIN BLVD","address_left_from":201,"address_left_to":227,"address_right_from":200,"address_right_to":228},"geometry":{"type":"LineString","coordinates":[[-87.77457,41.87755],[-87.77457,41.87741],[-87.77456,41.87729],[-87.77455,41.87698],[-87.77455,41.87685],[-87.77454,41.8766],[-87.77454,41.87653]]}},{"type":"Feature","properties":{"street_name":"S AUSTIN BLVD","address_left_from":1001,"address_left_to":1035,"address_right_from":900,"address_right_to":934},"geometry":{"type":"LineString","coordinates":[[-87.77427,41.8691],[-87.77423,41.86798]]}},{"type":"Feature","properties":{"street_name":"S AUSTIN BLVD","address_left_from":601,"address_left_to":617,"address_right_from":600,"address_right_to":612},"geometry":{"type":"LineString","coordinates":[[-87.77442,41.87278],[-87.77441,41.87258],[-87.77439,41.87235],[-87.77438,41.87231]]}},{"type":"Feature","properties":{"street_name":"ROOSEVELT RD","address_left_from":6701,"address_left_to":6721,"address_right_from":6700,"address_right_to":6722},"geometry":{"type":"LineString","coordinates":[[-87.79132,41.86521],[-87.79161,41.8652],[-87.79232,41.86519],[-87.79254,41.86519]]}},{"type":"Feature","properties":{"street_name":"ROOSEVELT RD","address_left_from":6901,"address_left_to":6929,"address_right_from":6900,"address_right_to":6928},"geometry":{"type":"LineString","coordinates":[[-87.79637,41.86512],[-87.79667,41.86511],[-87.79741,41.8651],[-87.79767,41.8651]]}},{"type":"Feature","properties":{"street_name":"ROOSEVELT RD","address_left_from":7001,"address_left_to":7089,"address_right_from":7000,"address_right_to":7056},"geometry":{"type":"LineString","coordinates":[[-87.79898,41.86507],[-87.79927,41.86507],[-87.7997,41.86506],[-87.80019,41.86505],[-87.80028,41.86505],[-87.80079,41.86504],[-87.80138,41.86503],[-87.8016,41.86503]]}},{"type":"Feature","properties":{"street_name":"ROOSEVELT RD","address_left_from":6801,"address_left_to":6823,"address_right_from":6800,"address_right_to":6822},"geometry":{"type":"LineString","coordinates":[[-87.79375,41.86516],[-87.7944,41.86515],[-87.79464,41.86515],[-87.79507,41.86514]]}},{"type":"Feature","properties":{"street_name":"ROOSEVELT RD","address_left_from":6225,"address_left_to":6229,"address_right_from":6224,"address_right_to":6228},"geometry":{"type":"LineString","coordinates":[[-87.78028,41.86539],[-87.78059,41.86538],[-87.78123,41.86537],[-87.78138,41.86537]]}},{"type":"Feature","properties":{"street_name":"ROOSEVELT RD","address_left_from":6835,"address_left_to":6899,"address_right_from":6834,"address_right_to":6898},"geometry":{"type":"LineString","coordinates":[[-87.79571,41.86513],[-87.79587,41.86513],[-87.79637,41.86512]]}},{"type":"Feature","properties":{"street_name":"ROOSEVELT RD","address_left_from":6301,"address_left_to":6323,"address_right_from":6300,"address_right_to":6322},"geometry":{"type":"LineString","coordinates":[[-87.78151,41.86537],[-87.7818,41.86537],[-87.7824,41.86536],[-87.78272,41.86536]]}},{"type":"Feature","properties":{"street_name":"ROOSEVELT RD","address_left_from":7091,"address_left_to":7099,"address_right_from":7058,"address_right_to":7098},"geometry":{"type":"LineString","coordinates":[[-87.8016,41.86503],[-87.80178,41.86502]]}},{"type":"Feature","properties":{"street_name":"ROOSEVELT RD","address_left_from":6623,"address_left_to":6645,"address_right_from":6622,"address_right_to":6646},"geometry":{"type":"LineString","coordinates":[[-87.79009,41.86523],[-87.79099,41.86521],[-87.7912,41.86521]]}},{"type":"Feature","properties":{"street_name":"ROOSEVELT RD","address_left_from":7127,"address_left_to":7129,"address_right_from":7122,"address_right_to":7128},"geometry":{"type":"LineString","coordinates":[[-87.80289,41.86501],[-87.80334,41.865]]}},{"type":"Feature","properties":{"street_name":"ROOSEVELT RD","address_left_from":6825,"address_left_to":6833,"address_right_from":6824,"address_right_to":6832},"geometry":{"type":"LineString","coordinates":[[-87.79507,41.86514],[-87.79538,41.86514],[-87.79571,41.86513]]}},{"type":"Feature","properties":{"street_name":"ROOSEVELT RD","address_left_from":6723,"address_left_to":6749,"address_right_from":6724,"address_right_to":6750},"geometry":{"type":"LineString","coordinates":[[-87.79254,41.86519],[-87.79277,41.86518],[-87.79333,41.86517],[-87.79363,41.86517]]}},{"type":"Feature","properties":{"street_name":"ROOSEVELT RD","address_left_from":6501,"address_left_to":6543,"address_right_from":6500,"address_right_to":6542},"geometry":{"type":"LineString","coordinates":[[-87.78642,41.86529],[-87.78681,41.86529],[-87.78734,41.86528],[-87.78764,41.86527],[-87.78799,41.86527],[-87.78859,41.86526],[-87.78874,41.86525]]}},{"type":"Feature","properties":{"street_name":"ROOSEVELT RD","address_left_from":6401,"address_left_to":6425,"address_right_from":6400,"address_right_to":6424},"geometry":{"type":"LineString","coordinates":[[-87.78397,41.86534],[-87.78435,41.86533],[-87.78486,41.86532],[-87.78519,41.86532]]}},{"type":"Feature","properties":{"street_name":"ROOSEVELT RD","address_left_from":6351,"address_left_to":6399,"address_right_from":6348,"address_right_to":6398},"geometry":{"type":"LineString","coordinates":[[-87.78364,41.86534],[-87.78397,41.86534]]}},{"type":"Feature","properties":{"street_name":"ROOSEVELT RD","address_left_from":6201,"address_left_to":6223,"address_right_from":6200,"address_right_to":6222},"geometry":{"type":"LineString","coordinates":[[-87.77905,41.8654],[-87.77942,41.8654],[-87.78,41.86539],[-87.78028,41.86539]]}},{"type":"Feature","properties":{"street_name":"ROOSEVELT RD","address_left_from":6601,"address_left_to":6621,"address_right_from":6600,"address_right_to":6620},"geometry":{"type":"LineString","coordinates":[[-87.78886,41.86525],[-87.7892,41.86524],[-87.7896,41.86524],[-87.79009,41.86523]]}},{"type":"Feature","properties":{"street_name":"ROOSEVELT RD","address_left_from":7131,"address_left_to":7143,"address_right_from":7130,"address_right_to":7142},"geometry":{"type":"LineString","coordinates":[[-87.80334,41.865],[-87.80402,41.86498]]}},{"type":"Feature","properties":{"street_name":"ROOSEVELT RD","address_left_from":7101,"address_left_to":7125,"address_right_from":7100,"address_right_to":7120},"geometry":{"type":"LineString","coordinates":[[-87.80178,41.86502],[-87.80194,41.86502],[-87.80222,41.86501],[-87.80233,41.86501],[-87.80289,41.86501]]}},{"type":"Feature","properties":{"street_name":"ROOSEVELT RD","address_left_from":6443,"address_left_to":6499,"address_right_from":6442,"address_right_to":6498},"geometry":{"type":"LineString","coordinates":[[-87.78629,41.86529],[-87.78642,41.86529]]}},{"type":"Feature","properties":{"street_name":"ROOSEVELT RD","address_left_from":6545,"address_left_to":6599,"address_right_from":6544,"address_right_to":6598},"geometry":{"type":"LineString","coordinates":[[-87.78874,41.86525],[-87.78886,41.86525]]}},{"type":"Feature","properties":{"street_name":"ROOSEVELT RD","address_left_from":6955,"address_left_to":6999,"address_right_from":6954,"address_right_to":6998},"geometry":{"type":"LineString","coordinates":[[-87.79886,41.86507],[-87.79898,41.86507]]}},{"type":"Feature","properties":{"street_name":"ROOSEVELT RD","address_left_from":6751,"address_left_to":6799,"address_right_from":6752,"address_right_to":6798},"geometry":{"type":"LineString","coordinates":[[-87.79363,41.86517],[-87.79375,41.86516]]}},{"type":"Feature","properties":{"street_name":"ROOSEVELT RD","address_left_from":6231,"address_left_to":6299,"address_right_from":6230,"address_right_to":6298},"geometry":{"type":"LineString","coordinates":[[-87.78138,41.86537],[-87.78151,41.86537]]}},{"type":"Feature","properties":{"street_name":"ROOSEVELT RD","address_left_from":6647,"address_left_to":6699,"address_right_from":6648,"address_right_to":6698},"geometry":{"type":"LineString","coordinates":[[-87.7912,41.86521],[-87.79132,41.86521]]}},{"type":"Feature","properties":{"street_name":"ROOSEVELT RD","address_left_from":7145,"address_left_to":7199,"address_right_from":7144,"address_right_to":7198},"geometry":{"type":"LineString","coordinates":[[-87.80402,41.86498],[-87.8042,41.86499],[-87.80421,41.86499]]}},{"type":"Feature","properties":{"street_name":"ROOSEVELT RD","address_left_from":6325,"address_left_to":6349,"address_right_from":6324,"address_right_to":6346},"geometry":{"type":"LineString","coordinates":[[-87.78272,41.86536],[-87.78302,41.86536],[-87.7833,41.86535],[-87.7836,41.86534],[-87.78364,41.86534]]}},{"type":"Feature","properties":{"street_name":"ROOSEVELT RD","address_left_from":6931,"address_left_to":6953,"address_right_from":6930,"address_right_to":6952},"geometry":{"type":"LineString","coordinates":[[-87.79767,41.8651],[-87.79799,41.86509],[-87.79873,41.86508],[-87.79886,41.86507]]}},{"type":"Feature","properties":{"street_name":"ROOSEVELT RD","address_left_from":6427,"address_left_to":6441,"address_right_from":6426,"address_right_to":6440},"geometry":{"type":"LineString","coordinates":[[-87.78519,41.86532],[-87.78563,41.86531],[-87.78604,41.8653],[-87.78629,41.86529]]}},{"type":"Feature","properties":{"street_name":"ALLEY","address_left_from":-1,"address_left_to":-1,"address_right_from":-1,"address_right_to":-1},"geometry":{"type":"LineString","coordinates":[[-87.7958,41.90851],[-87.79578,41.90815],[-87.79577,41.9077],[-87.79576,41.90726],[-87.79576,41.90718]]}},{"type":"Feature","properties":{"street_name":"ALLEY","address_left_from":-1,"address_left_to":-1,"address_right_from":-1,"address_right_to":-1},"geometry":{"type":"LineString","coordinates":[[-87.78604,41.90863],[-87.78611,41.90863],[-87.78618,41.90863],[-87.78627,41.90863],[-87.78633,41.90863],[-87.78643,41.90863],[-87.78648,41.90863],[-87.78657,41.90863],[-87.78669,41.90862]]}},{"type":"Feature","properties":{"street_name":"ALLEY","address_left_from":-1,"address_left_to":-1,"address_right_from":-1,"address_right_to":-1},"geometry":{"type":"LineString","coordinates":[[-87.77848,41.90388],[-87.77848,41.90376],[-87.77846,41.90325],[-87.77844,41.90275],[-87.77842,41.90205],[-87.77842,41.90196]]}},{"type":"Feature","properties":{"street_name":"ALLEY","address_left_from":-1,"address_left_to":-1,"address_right_from":-1,"address_right_to":-1},"geometry":{"type":"LineString","coordinates":[[-87.77765,41.87819],[-87.7777,41.87954],[-87.77768,41.87958],[-87.7777,41.88004]]}},{"type":"Feature","properties":{"street_name":"ALLEY","address_left_from":-1,"address_left_to":-1,"address_right_from":-1,"address_right_to":-1},"geometry":{"type":"LineString","coordinates":[[-87.79077,41.90724],[-87.79076,41.90712],[-87.79075,41.90654],[-87.79073,41.90612],[-87.79072,41.90572],[-87.79072,41.90563]]}},{"type":"Feature","properties":{"street_name":"ALLEY","address_left_from":-1,"address_left_to":-1,"address_right_from":-1,"address_right_to":-1},"geometry":{"type":"LineString","coordinates":[[-87.77749,41.89183],[-87.77749,41.89178],[-87.77747,41.89161],[-87.77746,41.89117],[-87.77745,41.8909]]}},{"type":"Feature","properties":{"street_name":"SUPERIOR ST","address_left_from":1113,"address_left_to":1115,"address_right_from":1112,"address_right_to":1114},"geometry":{"type":"LineString","coordinates":[[-87.80344,41.89305],[-87.80368,41.89305],[-87.80392,41.89304]]}},{"type":"Feature","properties":{"street_name":"ALLEY","address_left_from":-1,"address_left_to":-1,"address_right_from":-1,"address_right_to":-1},"geometry":{"type":"LineString","coordinates":[[-87.78042,41.88128],[-87.7803,41.88129],[-87.77999,41.88129],[-87.7796,41.8813]]}},{"type":"Feature","properties":{"street_name":"ALLEY","address_left_from":-1,"address_left_to":-1,"address_right_from":-1,"address_right_to":-1},"geometry":{"type":"LineString","coordinates":[[-87.7895,41.86569],[-87.78937,41.8657],[-87.78898,41.8657],[-87.78888,41.8657]]}},{"type":"Feature","properties":{"street_name":"ALLEY","address_left_from":-1,"address_left_to":-1,"address_right_from":-1,"address_right_to":-1},"geometry":{"type":"LineString","coordinates":[[-87.79035,41.88637],[-87.79034,41.8857],[-87.79033,41.88526],[-87.79032,41.88511]]}},{"type":"Feature","properties":{"street_name":"HOME AVE","address_left_from":900,"address_left_to":908,"address_right_from":901,"address_right_to":909},"geometry":{"type":"LineString","coordinates":[[-87.79924,41.87237],[-87.79922,41.87191]]}},{"type":"Feature","properties":{"street_name":"ALLEY","address_left_from":-1,"address_left_to":-1,"address_right_from":-1,"address_right_to":-1},"geometry":{"type":"LineString","coordinates":[[-87.77784,41.86587],[-87.77752,41.86588],[-87.77722,41.86588]]}},{"type":"Feature","properties":{"street_name":"ALLEY","address_left_from":-1,"address_left_to":-1,"address_right_from":-1,"address_right_to":-1},"geometry":{"type":"LineString","coordinates":[[-87.78268,41.90735],[-87.78267,41.90723],[-87.78266,41.90686],[-87.78264,41.90632],[-87.78262,41.9058]]}},{"type":"Feature","properties":{"street_name":"PLEASANT ST","address_left_from":1121,"address_left_to":1129,"address_right_from":1120,"address_right_to":1128},"geometry":{"type":"LineString","coordinates":[[-87.80329,41.88544],[-87.80374,41.88543],[-87.80407,41.88542]]}},{"type":"Feature","properties":{"street_name":"ALLEY","address_left_from":-1,"address_left_to":-1,"address_right_from":-1,"address_right_to":-1},"geometry":{"type":"LineString","coordinates":[[-87.7867,41.87305],[-87.78709,41.87303],[-87.78729,41.87303]]}},{"type":"Feature","properties":{"street_name":"ALLEY","address_left_from":-1,"address_left_to":-1,"address_right_from":-1,"address_right_to":-1},"geometry":{"type":"LineString","coordinates":[[-87.78864,41.88337],[-87.78863,41.88316],[-87.78862,41.88267],[-87.78859,41.88219]]}},{"type":"Feature","properties":{"street_name":"ALLEY","address_left_from":-1,"address_left_to":-1,"address_right_from":-1,"address_right_to":-1},"geometry":{"type":"LineString","coordinates":[[-87.79427,41.88028],[-87.79409,41.88029],[-87.79364,41.88029],[-87.79348,41.8803]]}},{"type":"Feature","properties":{"street_name":"ALLEY","address_left_from":-1,"address_left_to":-1,"address_right_from":-1,"address_right_to":-1},"geometry":{"type":"LineString","coordinates":[[-87.79444,41.90853],[-87.79383,41.90853]]}},{"type":"Feature","properties":{"street_name":"ALLEY","address_left_from":-1,"address_left_to":-1,"address_right_from":-1,"address_right_to":-1},"geometry":{"type":"LineString","coordinates":[[-87.78539,41.90864],[-87.78553,41.90863],[-87.7856,41.90863],[-87.78572,41.90863],[-87.78578,41.90863],[-87.78585,41.90863],[-87.78604,41.90863]]}},{"type":"Feature","properties":{"street_name":"ALLEY","address_left_from":-1,"address_left_to":-1,"address_right_from":-1,"address_right_to":-1},"geometry":{"type":"LineString","coordinates":[[-87.80203,41.87186],[-87.80181,41.87187],[-87.80151,41.87188],[-87.80133,41.87188]]}},{"type":"Feature","properties":{"street_name":"N OAK PARK AVE","address_left_from":117,"address_left_to":155,"address_right_from":116,"address_right_to":138},"geometry":{"type":"LineString","coordinates":[[-87.7945,41.88794],[-87.79452,41.88842],[-87.79452,41.88865]]}},{"type":"Feature","properties":{"street_name":"ALLEY","address_left_from":-1,"address_left_to":-1,"address_right_from":-1,"address_right_to":-1},"geometry":{"type":"LineString","coordinates":[[-87.78919,41.9018],[-87.78918,41.90167],[-87.78917,41.90133],[-87.78915,41.90062],[-87.78913,41.89983]]}},{"type":"Feature","properties":{"street_name":"ALLEY","address_left_from":-1,"address_left_to":-1,"address_right_from":-1,"address_right_to":-1},"geometry":{"type":"LineString","coordinates":[[-87.77618,41.90699],[-87.77617,41.90654],[-87.77615,41.90588]]}},{"type":"Feature","properties":{"street_name":"ALLEY","address_left_from":-1,"address_left_to":-1,"address_right_from":-1,"address_right_to":-1},"geometry":{"type":"LineString","coordinates":[[-87.80033,41.87541],[-87.80032,41.87523],[-87.8003,41.87478],[-87.80029,41.87426],[-87.80026,41.87352]]}},{"type":"Feature","properties":{"street_name":"ALLEY","address_left_from":-1,"address_left_to":-1,"address_right_from":-1,"address_right_to":-1},"geometry":{"type":"LineString","coordinates":[[-87.7822,41.88648],[-87.78219,41.88599],[-87.78218,41.88568],[-87.78217,41.88539],[-87.78216,41.88525]]}},{"type":"Feature","properties":{"street_name":"ALLEY","address_left_from":-1,"address_left_to":-1,"address_right_from":-1,"address_right_to":-1},"geometry":{"type":"LineString","coordinates":[[-87.78235,41.87221],[-87.78221,41.87221],[-87.78187,41.87221],[-87.78174,41.87221]]}},{"type":"Feature","properties":{"street_name":"ALLEY","address_left_from":-1,"address_left_to":-1,"address_right_from":-1,"address_right_to":-1},"geometry":{"type":"LineString","coordinates":[[-87.78612,41.87443],[-87.78612,41.87457],[-87.78613,41.87501],[-87.78615,41.87545],[-87.78615,41.87569],[-87.78617,41.87615],[-87.78618,41.87625]]}},{"type":"Feature","properties":{"street_name":"ALLEY","address_left_from":-1,"address_left_to":-1,"address_right_from":-1,"address_right_to":-1},"geometry":{"type":"LineString","coordinates":[[-87.7788,41.87641],[-87.7788,41.87634]]}},{"type":"Feature","properties":{"street_name":"SUPERIOR ST","address_left_from":501,"address_left_to":509,"address_right_from":500,"address_right_to":508},"geometry":{"type":"LineString","coordinates":[[-87.78809,41.89304],[-87.78828,41.89304],[-87.78891,41.89303]]}},{"type":"Feature","properties":{"street_name":"ALLEY","address_left_from":-1,"address_left_to":-1,"address_right_from":-1,"address_right_to":-1},"geometry":{"type":"LineString","coordinates":[[-87.77516,41.87643],[-87.77517,41.87656],[-87.77518,41.87701],[-87.77521,41.8776],[-87.77522,41.87785],[-87.77523,41.87812],[-87.77523,41.87823]]}},{"type":"Feature","properties":{"street_name":"ALLEY","address_left_from":-1,"address_left_to":-1,"address_right_from":-1,"address_right_to":-1},"geometry":{"type":"LineString","coordinates":[[-87.77755,41.90874],[-87.77737,41.90874],[-87.77697,41.90875],[-87.7769,41.90875]]}},{"type":"Feature","properties":{"street_name":"ALLEY","address_left_from":-1,"address_left_to":-1,"address_right_from":-1,"address_right_to":-1},"geometry":{"type":"LineString","coordinates":[[-87.77523,41.87823],[-87.77523,41.87835],[-87.77525,41.87872],[-87.77526,41.87902],[-87.77528,41.87956]]}},{"type":"Feature","properties":{"street_name":"ALLEY","address_left_from":-1,"address_left_to":-1,"address_right_from":-1,"address_right_to":-1},"geometry":{"type":"LineString","coordinates":[[-87.79363,41.88632],[-87.79361,41.88591],[-87.7936,41.88547],[-87.79359,41.88515],[-87.79359,41.88506]]}},{"type":"Feature","properties":{"street_name":"ALLEY","address_left_from":-1,"address_left_to":-1,"address_right_from":-1,"address_right_to":-1},"geometry":{"type":"LineString","coordinates":[[-87.79578,41.86695],[-87.79577,41.86681],[-87.79575,41.86628],[-87.79574,41.86572],[-87.79571,41.86513]]}},{"type":"Feature","properties":{"street_name":"ALLEY","address_left_from":-1,"address_left_to":-1,"address_right_from":-1,"address_right_to":-1},"geometry":{"type":"LineString","coordinates":[[-87.77951,41.87864],[-87.77827,41.87867]]}},{"type":"Feature","properties":{"street_name":"ALLEY","address_left_from":-1,"address_left_to":-1,"address_right_from":-1,"address_right_to":-1},"geometry":{"type":"LineString","coordinates":[[-87.77885,41.90872],[-87.77868,41.90872],[-87.77836,41.90873],[-87.7782,41.90873]]}},{"type":"Feature","properties":{"street_name":"ALLEY","address_left_from":-1,"address_left_to":-1,"address_right_from":-1,"address_right_to":-1},"geometry":{"type":"LineString","coordinates":[[-87.77895,41.88653],[-87.77892,41.88604],[-87.77892,41.88576]]}},{"type":"Feature","properties":{"street_name":"ALLEY","address_left_from":-1,"address_left_to":-1,"address_right_from":-1,"address_right_to":-1},"geometry":{"type":"LineString","coordinates":[[-87.80036,41.90712],[-87.80036,41.90704],[-87.80035,41.90667],[-87.80034,41.90625],[-87.80033,41.90594],[-87.80031,41.90538],[-87.80031,41.90528]]}},{"type":"Feature","properties":{"street_name":"ALLEY","address_left_from":-1,"address_left_to":-1,"address_right_from":-1,"address_right_to":-1},"geometry":{"type":"LineString","coordinates":[[-87.79174,41.89858],[-87.79155,41.89859],[-87.79113,41.89859]]}},{"type":"Feature","properties":{"street_name":"ALLEY","address_left_from":-1,"address_left_to":-1,"address_right_from":-1,"address_right_to":-1},"geometry":{"type":"LineString","coordinates":[[-87.80155,41.87539],[-87.80154,41.87518],[-87.80152,41.87464],[-87.80148,41.87365]]}},{"type":"Feature","properties":{"street_name":"ALLEY","address_left_from":-1,"address_left_to":-1,"address_right_from":-1,"address_right_to":-1},"geometry":{"type":"LineString","coordinates":[[-87.77755,41.89414],[-87.77753,41.89358],[-87.77752,41.8932]]}},{"type":"Feature","properties":{"street_name":"ALLEY","address_left_from":-1,"address_left_to":-1,"address_right_from":-1,"address_right_to":-1},"geometry":{"type":"LineString","coordinates":[[-87.80341,41.90707],[-87.80343,41.90744],[-87.80345,41.9081],[-87.80346,41.90816],[-87.80346,41.90821],[-87.80346,41.90827],[-87.80346,41.90841]]}},{"type":"Feature","properties":{"street_name":"ALLEY","address_left_from":-1,"address_left_to":-1,"address_right_from":-1,"address_right_to":-1},"geometry":{"type":"LineString","coordinates":[[-87.77986,41.87036],[-87.77981,41.86904]]}},{"type":"Feature","properties":{"street_name":"ALLEY","address_left_from":-1,"address_left_to":-1,"address_right_from":-1,"address_right_to":-1},"geometry":{"type":"LineString","coordinates":[[-87.7782,41.90873],[-87.77803,41.90873],[-87.77773,41.90873],[-87.77755,41.90874]]}},{"type":"Feature","properties":{"street_name":"ALLEY","address_left_from":-1,"address_left_to":-1,"address_right_from":-1,"address_right_to":-1},"geometry":{"type":"LineString","coordinates":[[-87.77557,41.88264],[-87.7755,41.88264],[-87.77502,41.88265],[-87.77489,41.88265],[-87.77475,41.88266],[-87.77474,41.88266]]}},{"type":"Feature","properties":{"street_name":"ALLEY","address_left_from":-1,"address_left_to":-1,"address_right_from":-1,"address_right_to":-1},"geometry":{"type":"LineString","coordinates":[[-87.78795,41.90566],[-87.78793,41.90561],[-87.78792,41.9054],[-87.78791,41.90496],[-87.78788,41.90423],[-87.78787,41.90374]]}},{"type":"Feature","properties":{"street_name":"ALLEY","address_left_from":-1,"address_left_to":-1,"address_right_from":-1,"address_right_to":-1},"geometry":{"type":"LineString","coordinates":[[-87.78694,41.88113],[-87.78693,41.88071],[-87.78692,41.88047],[-87.78692,41.88045],[-87.78691,41.88043],[-87.7869,41.88043],[-87.7869,41.88042],[-87.78688,41.88042],[-87.78669,41.88042],[-87.7862,41.88043],[-87.78565,41.88044],[-87.78529,41.88044]]}},{"type":"Feature","properties":{"street_name":"ALLEY","address_left_from":-1,"address_left_to":-1,"address_right_from":-1,"address_right_to":-1},"geometry":{"type":"LineString","coordinates":[[-87.77651,41.88006],[-87.77649,41.87967],[-87.77648,41.87921],[-87.77646,41.87862],[-87.77645,41.87834],[-87.77644,41.87821]]}},{"type":"Feature","properties":{"street_name":"ALLEY","address_left_from":-1,"address_left_to":-1,"address_right_from":-1,"address_right_to":-1},"geometry":{"type":"LineString","coordinates":[[-87.79772,41.88152],[-87.79772,41.88141],[-87.79771,41.88098],[-87.79768,41.88019]]}},{"type":"Feature","properties":{"street_name":"ALLEY","address_left_from":-1,"address_left_to":-1,"address_right_from":-1,"address_right_to":-1},"geometry":{"type":"LineString","coordinates":[[-87.78738,41.89636],[-87.78737,41.89625],[-87.78736,41.896],[-87.78735,41.89566],[-87.78734,41.89533],[-87.78733,41.89499],[-87.78733,41.89465],[-87.78732,41.89453]]}},{"type":"Feature","properties":{"street_name":"ALLEY","address_left_from":-1,"address_left_to":-1,"address_right_from":-1,"address_right_to":-1},"geometry":{"type":"LineString","coordinates":[[-87.79256,41.86563],[-87.79224,41.86564],[-87.79221,41.86563],[-87.79218,41.86563],[-87.79215,41.86562],[-87.79212,41.86561],[-87.7921,41.86559],[-87.79207,41.86557],[-87.79203,41.86555],[-87.792,41.86553],[-87.79196,41.86552],[-87.79191,41.86551],[-87.79187,41.86551],[-87.79183,41.86551],[-87.79133,41.86552]]}},{"type":"Feature","properties":{"street_name":"ALLEY","address_left_from":-1,"address_left_to":-1,"address_right_from":-1,"address_right_to":-1},"geometry":{"type":"LineString","coordinates":[[-87.80043,41.87824],[-87.80043,41.8782],[-87.80042,41.87801],[-87.8004,41.87747],[-87.80038,41.87696],[-87.80038,41.87683]]}},{"type":"Feature","properties":{"street_name":"ALLEY","address_left_from":-1,"address_left_to":-1,"address_right_from":-1,"address_right_to":-1},"geometry":{"type":"LineString","coordinates":[[-87.77885,41.90872],[-87.77884,41.90838],[-87.77883,41.90793]]}},{"type":"Feature","properties":{"street_name":"ALLEY","address_left_from":-1,"address_left_to":-1,"address_right_from":-1,"address_right_to":-1},"geometry":{"type":"LineString","coordinates":[[-87.79366,41.89021],[-87.79363,41.88973],[-87.79361,41.88912],[-87.7936,41.88861]]}},{"type":"Feature","properties":{"street_name":"ALLEY","address_left_from":-1,"address_left_to":-1,"address_right_from":-1,"address_right_to":-1},"geometry":{"type":"LineString","coordinates":[[-87.79576,41.90718],[-87.79575,41.90707],[-87.79575,41.90679],[-87.79573,41.9062],[-87.79571,41.90546],[-87.79571,41.90535]]}},{"type":"Feature","properties":{"street_name":"ALLEY","address_left_from":-1,"address_left_to":-1,"address_right_from":-1,"address_right_to":-1},"geometry":{"type":"LineString","coordinates":[[-87.78546,41.88645],[-87.78544,41.88578],[-87.78543,41.88541],[-87.78542,41.8852]]}},{"type":"Feature","properties":{"street_name":"ALLEY","address_left_from":-1,"address_left_to":-1,"address_right_from":-1,"address_right_to":-1},"geometry":{"type":"LineString","coordinates":[[-87.8042,41.9084],[-87.804,41.9084],[-87.80388,41.90841],[-87.80376,41.90841],[-87.80346,41.90841]]}},{"type":"Feature","properties":{"street_name":"ALLEY","address_left_from":-1,"address_left_to":-1,"address_right_from":-1,"address_right_to":-1},"geometry":{"type":"LineString","coordinates":[[-87.80495,41.90705],[-87.80495,41.9072],[-87.80497,41.90769],[-87.80498,41.90798],[-87.80498,41.90799],[-87.80498,41.90801],[-87.80498,41.90807],[-87.80498,41.9081],[-87.80499,41.90813],[-87.80499,41.90817],[-87.80499,41.9082],[-87.80499,41.90826],[-87.805,41.90829],[-87.805,41.90832],[-87.805,41.90834],[-87.805,41.90836],[-87.805,41.90836],[-87.80499,41.90837],[-87.80499,41.90838],[-87.80498,41.90838],[-87.80498,41.90838],[-87.80497,41.90839],[-87.80496,41.90839],[-87.80495,41.90839],[-87.80492,41.90839],[-87.80487,41.90839],[-87.8048,41.9084],[-87.80464,41.9084],[-87.80452,41.9084],[-87.80442,41.9084],[-87.8042,41.9084]]}},{"type":"Feature","properties":{"street_name":"ALLEY","address_left_from":-1,"address_left_to":-1,"address_right_from":-1,"address_right_to":-1},"geometry":{"type":"LineString","coordinates":[[-87.77977,41.90584],[-87.77975,41.90529],[-87.77974,41.9049],[-87.77973,41.90472],[-87.77971,41.90412],[-87.7797,41.90386]]}},{"type":"Feature","properties":{"street_name":"ALLEY","address_left_from":-1,"address_left_to":-1,"address_right_from":-1,"address_right_to":-1},"geometry":{"type":"LineString","coordinates":[[-87.80137,41.88867],[-87.80137,41.8886],[-87.80136,41.88845],[-87.80136,41.88839],[-87.80136,41.88838],[-87.80136,41.88837],[-87.80136,41.88836],[-87.80137,41.88835],[-87.80138,41.88834],[-87.80138,41.88834],[-87.80138,41.88834],[-87.80139,41.88834],[-87.80139,41.88833],[-87.80139,41.88833],[-87.80139,41.88833],[-87.8014,41.88833],[-87.8014,41.88833],[-87.8014,41.88833],[-87.80141,41.88833],[-87.80141,41.88832],[-87.80141,41.88832],[-87.80142,41.88832],[-87.80142,41.88832],[-87.80142,41.88832],[-87.80143,41.88832],[-87.80167,41.88831],[-87.8017,41.88831],[-87.8017,41.88831],[-87.80171,41.88831],[-87.80171,41.88831],[-87.80171,41.88831],[-87.80171,41.88831],[-87.80171,41.88831],[-87.80171,41.88831],[-87.80171,41.8883],[-87.80171,41.8883],[-87.80172,41.8883],[-87.80172,41.8883],[-87.80172,41.8883],[-87.80172,41.8883],[-87.80172,41.8883],[-87.80172,41.8883],[-87.80172,41.8883],[-87.80172,41.8883],[-87.80172,41.88829],[-87.80172,41.88829],[-87.80172,41.88829],[-87.80173,41.88829],[-87.80173,41.88829],[-87.80173,41.88829],[-87.80173,41.88829],[-87.80173,41.88829],[-87.80173,41.88828],[-87.80173,41.88828],[-87.80173,41.88828],[-87.80173,41.88828],[-87.80173,41.88828],[-87.80171,41.88791],[-87.80171,41.88785],[-87.80171,41.88785]]}},{"type":"Feature","properties":{"street_name":"ALLEY","address_left_from":-1,"address_left_to":-1,"address_right_from":-1,"address_right_to":-1},"geometry":{"type":"LineString","coordinates":[[-87.77557,41.90797],[-87.77579,41.90797],[-87.77593,41.90797],[-87.77621,41.90797]]}},{"type":"Feature","properties":{"street_name":"ALLEY","address_left_from":-1,"address_left_to":-1,"address_right_from":-1,"address_right_to":-1},"geometry":{"type":"LineString","coordinates":[[-87.79835,41.86549],[-87.79818,41.86549],[-87.79769,41.8655]]}},{"type":"Feature","properties":{"street_name":"ALLEY","address_left_from":-1,"address_left_to":-1,"address_right_from":-1,"address_right_to":-1},"geometry":{"type":"LineString","coordinates":[[-87.79188,41.90368],[-87.79187,41.90356],[-87.79186,41.90318],[-87.79185,41.90263],[-87.79183,41.90198],[-87.79182,41.90186],[-87.79182,41.90176]]}},{"type":"Feature","properties":{"street_name":"ALLEY","address_left_from":-1,"address_left_to":-1,"address_right_from":-1,"address_right_to":-1},"geometry":{"type":"LineString","coordinates":[[-87.77746,41.87273],[-87.77747,41.87319],[-87.7775,41.87379],[-87.77751,41.87434],[-87.77752,41.87456]]}},{"type":"Feature","properties":{"street_name":"ALLEY","address_left_from":-1,"address_left_to":-1,"address_right_from":-1,"address_right_to":-1},"geometry":{"type":"LineString","coordinates":[[-87.77631,41.87458],[-87.7763,41.87446],[-87.77628,41.87399],[-87.77627,41.87344],[-87.77625,41.87306],[-87.77625,41.87276]]}},{"type":"Feature","properties":{"street_name":"ALLEY","address_left_from":-1,"address_left_to":-1,"address_right_from":-1,"address_right_to":-1},"geometry":{"type":"LineString","coordinates":[[-87.77503,41.87277],[-87.77504,41.87304],[-87.77506,41.87341],[-87.77507,41.87383],[-87.77508,41.8742],[-87.77509,41.87447],[-87.77509,41.87458]]}},{"type":"Feature","properties":{"street_name":"N OAK PARK AVE","address_left_from":201,"address_left_to":229,"address_right_from":200,"address_right_to":232},"geometry":{"type":"LineString","coordinates":[[-87.79456,41.8902],[-87.79457,41.89044],[-87.79458,41.89098],[-87.79459,41.89129],[-87.79459,41.89133]]}},{"type":"Feature","properties":{"street_name":"ALLEY","address_left_from":-1,"address_left_to":-1,"address_right_from":-1,"address_right_to":-1},"geometry":{"type":"LineString","coordinates":[[-87.79019,41.88036],[-87.78999,41.88036],[-87.78969,41.88037],[-87.78938,41.88037]]}},{"type":"Feature","properties":{"street_name":"HEMINGWAY LN","address_left_from":-1,"address_left_to":-1,"address_right_from":-1,"address_right_to":-1},"geometry":{"type":"LineString","coordinates":[[-87.79029,41.88791],[-87.79021,41.88791],[-87.79013,41.88791],[-87.79001,41.88791]]}},{"type":"Feature","properties":{"street_name":"ALLEY","address_left_from":-1,"address_left_to":-1,"address_right_from":-1,"address_right_to":-1},"geometry":{"type":"LineString","coordinates":[[-87.79133,41.86566],[-87.79099,41.86566],[-87.79072,41.86567]]}},{"type":"Feature","properties":{"street_name":"ALLEY","address_left_from":-1,"address_left_to":-1,"address_right_from":-1,"address_right_to":-1},"geometry":{"type":"LineString","coordinates":[[-87.78362,41.8731],[-87.78363,41.87346],[-87.78365,41.87402],[-87.78366,41.87439],[-87.78366,41.87447]]}},{"type":"Feature","properties":{"street_name":"ALLEY","address_left_from":-1,"address_left_to":-1,"address_right_from":-1,"address_right_to":-1},"geometry":{"type":"LineString","coordinates":[[-87.78724,41.89168],[-87.78723,41.89157],[-87.78723,41.89116],[-87.78722,41.89071],[-87.7872,41.8904],[-87.7872,41.89032]]}},{"type":"Feature","properties":{"street_name":"ALLEY","address_left_from":-1,"address_left_to":-1,"address_right_from":-1,"address_right_to":-1},"geometry":{"type":"LineString","coordinates":[[-87.78859,41.88219],[-87.78833,41.8822],[-87.78793,41.8822],[-87.78779,41.88221]]}},{"type":"Feature","properties":{"street_name":"EDMER AVE","address_left_from":1101,"address_left_to":1143,"address_right_from":1100,"address_right_to":1142},"geometry":{"type":"LineString","coordinates":[[-87.78463,41.90571],[-87.78468,41.9069],[-87.78469,41.90723]]}},{"type":"Feature","properties":{"street_name":"ALLEY","address_left_from":-1,"address_left_to":-1,"address_right_from":-1,"address_right_to":-1},"geometry":{"type":"LineString","coordinates":[[-87.77921,41.8952],[-87.77906,41.8952],[-87.77856,41.89521],[-87.7784,41.89521]]}},{"type":"Feature","properties":{"street_name":"ALLEY","address_left_from":-1,"address_left_to":-1,"address_right_from":-1,"address_right_to":-1},"geometry":{"type":"LineString","coordinates":[[-87.79202,41.90856],[-87.79141,41.90856]]}},{"type":"Feature","properties":{"street_name":"N EUCLID AVE","address_left_from":101,"address_left_to":109,"address_right_from":100,"address_right_to":108},"geometry":{"type":"LineString","coordinates":[[-87.79268,41.88733],[-87.79267,41.8874],[-87.79268,41.88785]]}},{"type":"Feature","properties":{"street_name":"ALLEY","address_left_from":-1,"address_left_to":-1,"address_right_from":-1,"address_right_to":-1},"geometry":{"type":"LineString","coordinates":[[-87.80388,41.88007],[-87.80359,41.88007],[-87.80314,41.88007],[-87.80311,41.88007]]}},{"type":"Feature","properties":{"street_name":"ALLEY","address_left_from":-1,"address_left_to":-1,"address_right_from":-1,"address_right_to":-1},"geometry":{"type":"LineString","coordinates":[[-87.79302,41.87926],[-87.79287,41.87926],[-87.79258,41.87927],[-87.7924,41.87927]]}},{"type":"Feature","properties":{"street_name":"ALLEY","address_left_from":-1,"address_left_to":-1,"address_right_from":-1,"address_right_to":-1},"geometry":{"type":"LineString","coordinates":[[-87.8045,41.89183],[-87.80452,41.89234]]}},{"type":"Feature","properties":{"street_name":"CHICAGO AVE","address_left_from":1033,"address_left_to":1099,"address_right_from":1026,"address_right_to":1046},"geometry":{"type":"LineString","coordinates":[[-87.80192,41.89428],[-87.8022,41.89428],[-87.80257,41.89427],[-87.80283,41.89426]]}},{"type":"Feature","properties":{"street_name":"I290 RAMP E","address_left_from":-1,"address_left_to":-1,"address_right_from":-1,"address_right_to":-1},"geometry":{"type":"LineString","coordinates":[[-87.80118,41.87328],[-87.80025,41.87309]]}},{"type":"Feature","properties":{"street_name":"ERIE ST","address_left_from":553,"address_left_to":599,"address_right_from":552,"address_right_to":598},"geometry":{"type":"LineString","coordinates":[[-87.78887,41.89165],[-87.78904,41.89165],[-87.78969,41.89164]]}},{"type":"Feature","properties":{"street_name":"ERIE ST","address_left_from":1125,"address_left_to":1129,"address_right_from":1124,"address_right_to":1128},"geometry":{"type":"LineString","coordinates":[[-87.80388,41.89184],[-87.80426,41.89184],[-87.80431,41.89184]]}},{"type":"Feature","properties":{"street_name":"ERIE ST","address_left_from":1041,"address_left_to":1099,"address_right_from":1040,"address_right_to":1098},"geometry":{"type":"LineString","coordinates":[[-87.80201,41.89188],[-87.80248,41.89187],[-87.80275,41.89187]]}},{"type":"Feature","properties":{"street_name":"CHICAGO AVE","address_left_from":701,"address_left_to":721,"address_right_from":700,"address_right_to":720},"geometry":{"type":"LineString","coordinates":[[-87.79286,41.89444],[-87.79327,41.89443],[-87.79395,41.89442]]}},{"type":"Feature","properties":{"street_name":"S HARVEY AVE","address_left_from":410,"address_left_to":430,"address_right_from":411,"address_right_to":433},"geometry":{"type":"LineString","coordinates":[[-87.78123,41.88127],[-87.78121,41.88061],[-87.78121,41.88052]]}},{"type":"Feature","properties":{"street_name":"CHICAGO AVE","address_left_from":801,"address_left_to":817,"address_right_from":800,"address_right_to":816},"geometry":{"type":"LineString","coordinates":[[-87.79467,41.89441],[-87.79517,41.8944],[-87.79564,41.89439]]}},{"type":"Feature","properties":{"street_name":"ERIE ST","address_left_from":801,"address_left_to":829,"address_right_from":800,"address_right_to":828},"geometry":{"type":"LineString","coordinates":[[-87.79459,41.89133],[-87.79609,41.89131]]}},{"type":"Feature","properties":{"street_name":"RANDOLPH ST","address_left_from":941,"address_left_to":971,"address_right_from":940,"address_right_to":970},"geometry":{"type":"LineString","coordinates":[[-87.79852,41.88336],[-87.79887,41.88335],[-87.79926,41.88334]]}},{"type":"Feature","properties":{"street_name":"ERIE ST","address_left_from":201,"address_left_to":217,"address_right_from":200,"address_right_to":216},"geometry":{"type":"LineString","coordinates":[[-87.77992,41.89179],[-87.7803,41.89179],[-87.78073,41.89178]]}},{"type":"Feature","properties":{"street_name":"CHICAGO AVE","address_left_from":233,"address_left_to":249,"address_right_from":240,"address_right_to":250},"geometry":{"type":"LineString","coordinates":[[-87.78163,41.89462],[-87.78186,41.89462],[-87.78244,41.89461]]}},{"type":"Feature","properties":{"street_name":"I290 RAMP E","address_left_from":-1,"address_left_to":-1,"address_right_from":-1,"address_right_to":-1},"geometry":{"type":"LineString","coordinates":[[-87.80452,41.87361],[-87.80409,41.87357],[-87.80361,41.87353],[-87.80305,41.87348]]}},{"type":"Feature","properties":{"street_name":"S HARVEY AVE","address_left_from":432,"address_left_to":498,"address_right_from":435,"address_right_to":499},"geometry":{"type":"LineString","coordinates":[[-87.78121,41.88052],[-87.78119,41.87998]]}},{"type":"Feature","properties":{"street_name":"CHICAGO AVE","address_left_from":1115,"address_left_to":1119,"address_right_from":1104,"address_right_to":1118},"geometry":{"type":"LineString","coordinates":[[-87.80348,41.89425],[-87.80384,41.89424],[-87.80396,41.89424]]}},{"type":"Feature","properties":{"street_name":"S HARVEY AVE","address_left_from":110,"address_left_to":144,"address_right_from":111,"address_right_to":145},"geometry":{"type":"LineString","coordinates":[[-87.78137,41.88649],[-87.78134,41.88536]]}},{"type":"Feature","properties":{"street_name":"CHICAGO AVE","address_left_from":1,"address_left_to":33,"address_right_from":2,"address_right_to":34},"geometry":{"type":"LineString","coordinates":[[-87.77514,41.89471],[-87.77539,41.89471],[-87.77676,41.89469]]}},{"type":"Feature","properties":{"street_name":"ONTARIO ST","address_left_from":1001,"address_left_to":1019,"address_right_from":1000,"address_right_to":1018},"geometry":{"type":"LineString","coordinates":[[-87.80025,41.89063],[-87.80082,41.89063],[-87.80111,41.89063]]}},{"type":"Feature","properties":{"street_name":"N SCOVILLE AVE","address_left_from":111,"address_left_to":179,"address_right_from":110,"address_right_to":180},"geometry":{"type":"LineString","coordinates":[[-87.78796,41.88843],[-87.78797,41.8887],[-87.78801,41.89004],[-87.78801,41.89022]]}},{"type":"Feature","properties":{"street_name":"CHICAGO AVE","address_left_from":1121,"address_left_to":1147,"address_right_from":1120,"address_right_to":1148},"geometry":{"type":"LineString","coordinates":[[-87.80396,41.89424],[-87.80438,41.89424],[-87.80497,41.89422],[-87.80513,41.89423]]}},{"type":"Feature","properties":{"street_name":"ONTARIO ST","address_left_from":801,"address_left_to":829,"address_right_from":800,"address_right_to":828},"geometry":{"type":"LineString","coordinates":[[-87.79456,41.8902],[-87.79518,41.8902],[-87.79582,41.89019],[-87.79606,41.89019]]}},{"type":"Feature","properties":{"street_name":"ONTARIO ST","address_left_from":201,"address_left_to":215,"address_right_from":200,"address_right_to":214},"geometry":{"type":"LineString","coordinates":[[-87.77988,41.89043],[-87.78023,41.89043],[-87.78069,41.89042]]}},{"type":"Feature","properties":{"street_name":"I290 RAMP E","address_left_from":-1,"address_left_to":-1,"address_right_from":-1,"address_right_to":-1},"geometry":{"type":"LineString","coordinates":[[-87.80305,41.87348],[-87.80265,41.87344],[-87.80227,41.8734]]}},{"type":"Feature","properties":{"street_name":"CHICAGO AVE","address_left_from":651,"address_left_to":699,"address_right_from":650,"address_right_to":698},"geometry":{"type":"LineString","coordinates":[[-87.79133,41.89446],[-87.7917,41.89446],[-87.79237,41.89445],[-87.79286,41.89444]]}},{"type":"Feature","properties":{"street_name":"ERIE ST","address_left_from":717,"address_left_to":799,"address_right_from":716,"address_right_to":798},"geometry":{"type":"LineString","coordinates":[[-87.79369,41.89157],[-87.7946,41.89156]]}},{"type":"Feature","properties":{"street_name":"CHICAGO AVE","address_left_from":601,"address_left_to":649,"address_right_from":600,"address_right_to":648},"geometry":{"type":"LineString","coordinates":[[-87.78977,41.89449],[-87.79012,41.89449],[-87.79107,41.89447],[-87.79133,41.89446]]}},{"type":"Feature","properties":{"street_name":"ERIE ST","address_left_from":1017,"address_left_to":1039,"address_right_from":1016,"address_right_to":1038},"geometry":{"type":"LineString","coordinates":[[-87.80115,41.8919],[-87.8016,41.89189],[-87.80201,41.89188]]}},{"type":"Feature","properties":{"street_name":"ERIE ST","address_left_from":669,"address_left_to":699,"address_right_from":668,"address_right_to":698},"geometry":{"type":"LineString","coordinates":[[-87.79201,41.8916],[-87.79243,41.89159],[-87.79278,41.89159]]}},{"type":"Feature","properties":{"street_name":"HAYES AVE","address_left_from":1205,"address_left_to":1209,"address_right_from":1204,"address_right_to":1208},"geometry":{"type":"LineString","coordinates":[[-87.77946,41.90749],[-87.77947,41.90792]]}},{"type":"Feature","properties":{"street_name":"ONTARIO ST","address_left_from":701,"address_left_to":709,"address_right_from":700,"address_right_to":708},"geometry":{"type":"LineString","coordinates":[[-87.79274,41.89023],[-87.793,41.89023],[-87.79342,41.89022],[-87.79345,41.89022]]}},{"type":"Feature","properties":{"street_name":"HAYES AVE","address_left_from":1101,"address_left_to":1129,"address_right_from":1100,"address_right_to":1128},"geometry":{"type":"LineString","coordinates":[[-87.7794,41.90584],[-87.77945,41.90695]]}},{"type":"Feature","properties":{"street_name":"COLUMBIAN AVE","address_left_from":1145,"address_left_to":1199,"address_right_from":1144,"address_right_to":1198},"geometry":{"type":"LineString","coordinates":[[-87.79137,41.90715],[-87.79137,41.90724]]}},{"type":"Feature","properties":{"street_name":"N EAST AVE","address_left_from":1145,"address_left_to":1199,"address_right_from":1144,"address_right_to":1198},"geometry":{"type":"LineString","coordinates":[[-87.79016,41.90716],[-87.79016,41.90725]]}},{"type":"Feature","properties":{"street_name":"N EAST AVE","address_left_from":647,"address_left_to":699,"address_right_from":646,"address_right_to":698},"geometry":{"type":"LineString","coordinates":[[-87.78988,41.89804],[-87.78989,41.89815]]}},{"type":"Feature","properties":{"street_name":"N HUMPHREY AVE","address_left_from":1055,"address_left_to":1099,"address_right_from":1054,"address_right_to":1098},"geometry":{"type":"LineString","coordinates":[[-87.77672,41.90579],[-87.77672,41.90581],[-87.77675,41.90587]]}},{"type":"Feature","properties":{"street_name":"COLUMBIAN AVE","address_left_from":747,"address_left_to":799,"address_right_from":746,"address_right_to":798},"geometry":{"type":"LineString","coordinates":[[-87.79116,41.8997],[-87.79116,41.89979]]}},{"type":"Feature","properties":{"street_name":"N EAST AVE","address_left_from":953,"address_left_to":999,"address_right_from":952,"address_right_to":998},"geometry":{"type":"LineString","coordinates":[[-87.79005,41.90362],[-87.79006,41.90371]]}},{"type":"Feature","properties":{"street_name":"N EAST AVE","address_left_from":855,"address_left_to":899,"address_right_from":854,"address_right_to":898},"geometry":{"type":"LineString","coordinates":[[-87.78999,41.9017],[-87.79,41.90179]]}},{"type":"Feature","properties":{"street_name":"N HUMPHREY AVE","address_left_from":953,"address_left_to":999,"address_right_from":952,"address_right_to":998},"geometry":{"type":"LineString","coordinates":[[-87.77665,41.90382],[-87.77665,41.90391]]}},{"type":"Feature","properties":{"street_name":"N HUMPHREY AVE","address_left_from":181,"address_left_to":199,"address_right_from":182,"address_right_to":198},"geometry":{"type":"LineString","coordinates":[[-87.77662,41.89039],[-87.77663,41.89048]]}},{"type":"Feature","properties":{"street_name":"S CUYLER AVE","address_left_from":348,"address_left_to":398,"address_right_from":349,"address_right_to":399},"geometry":{"type":"LineString","coordinates":[[-87.78288,41.88184],[-87.78288,41.88175]]}},{"type":"Feature","properties":{"street_name":"WASHINGTON BLVD","address_left_from":333,"address_left_to":399,"address_right_from":334,"address_right_to":398},"geometry":{"type":"LineString","coordinates":[[-87.78437,41.88172],[-87.78451,41.88172]]}},{"type":"Feature","properties":{"street_name":"MADISON ST","address_left_from":349,"address_left_to":399,"address_right_from":334,"address_right_to":398},"geometry":{"type":"LineString","coordinates":[[-87.78433,41.87994],[-87.78446,41.87993]]}},{"type":"Feature","properties":{"street_name":"WASHINGTON BLVD","address_left_from":665,"address_left_to":699,"address_right_from":664,"address_right_to":698},"geometry":{"type":"LineString","coordinates":[[-87.79253,41.88158],[-87.79267,41.88158]]}},{"type":"Feature","properties":{"street_name":"MADISON ST","address_left_from":313,"address_left_to":315,"address_right_from":272,"address_right_to":298},"geometry":{"type":"LineString","coordinates":[[-87.78268,41.87996],[-87.78282,41.87996]]}},{"type":"Feature","properties":{"street_name":"S CUYLER AVE","address_left_from":240,"address_left_to":298,"address_right_from":249,"address_right_to":299},"geometry":{"type":"LineString","coordinates":[[-87.78293,41.88363],[-87.78293,41.88353]]}},{"type":"Feature","properties":{"street_name":"WASHINGTON BLVD","address_left_from":963,"address_left_to":999,"address_right_from":954,"address_right_to":998},"geometry":{"type":"LineString","coordinates":[[-87.79982,41.88149],[-87.79994,41.88149]]}},{"type":"Feature","properties":{"street_name":"S CUYLER AVE","address_left_from":548,"address_left_to":598,"address_right_from":549,"address_right_to":599},"geometry":{"type":"LineString","coordinates":[[-87.78318,41.87819],[-87.78317,41.8781]]}},{"type":"Feature","properties":{"street_name":"WESLEY AVE","address_left_from":648,"address_left_to":698,"address_right_from":645,"address_right_to":699},"geometry":{"type":"LineString","coordinates":[[-87.79169,41.87624],[-87.79168,41.87616]]}},{"type":"Feature","properties":{"street_name":"N HUMPHREY AVE","address_left_from":751,"address_left_to":799,"address_right_from":750,"address_right_to":798},"geometry":{"type":"LineString","coordinates":[[-87.77653,41.90008],[-87.77653,41.90017]]}},{"type":"Feature","properties":{"street_name":"N HUMPHREY AVE","address_left_from":851,"address_left_to":899,"address_right_from":850,"address_right_to":898},"geometry":{"type":"LineString","coordinates":[[-87.77656,41.9019],[-87.77655,41.90193],[-87.77655,41.90195],[-87.77659,41.90199]]}},{"type":"Feature","properties":{"street_name":"COLUMBIAN AVE","address_left_from":855,"address_left_to":899,"address_right_from":854,"address_right_to":898},"geometry":{"type":"LineString","coordinates":[[-87.79122,41.90167],[-87.79122,41.90177]]}},{"type":"Feature","properties":{"street_name":"N EAST AVE","address_left_from":547,"address_left_to":599,"address_right_from":550,"address_right_to":598},"geometry":{"type":"LineString","coordinates":[[-87.78983,41.89624],[-87.78983,41.89632]]}},{"type":"Feature","properties":{"street_name":"COLUMBIAN AVE","address_left_from":1051,"address_left_to":1099,"address_right_from":1050,"address_right_to":1098},"geometry":{"type":"LineString","coordinates":[[-87.79133,41.90553],[-87.79133,41.90562]]}},{"type":"Feature","properties":{"street_name":"N HUMPHREY AVE","address_left_from":651,"address_left_to":699,"address_right_from":650,"address_right_to":698},"geometry":{"type":"LineString","coordinates":[[-87.77687,41.89825],[-87.77688,41.89833]]}},{"type":"Feature","properties":{"street_name":"S CUYLER AVE","address_left_from":148,"address_left_to":198,"address_right_from":149,"address_right_to":199},"geometry":{"type":"LineString","coordinates":[[-87.78298,41.88533],[-87.78298,41.88524]]}},{"type":"Feature","properties":{"street_name":"WASHINGTON BLVD","address_left_from":271,"address_left_to":299,"address_right_from":270,"address_right_to":298},"geometry":{"type":"LineString","coordinates":[[-87.78274,41.88175],[-87.78288,41.88175]]}},{"type":"Feature","properties":{"street_name":"WESLEY AVE","address_left_from":340,"address_left_to":398,"address_right_from":341,"address_right_to":399},"geometry":{"type":"LineString","coordinates":[[-87.79105,41.88169],[-87.79105,41.88161]]}},{"type":"Feature","properties":{"street_name":"WASHINGTON BLVD","address_left_from":857,"address_left_to":899,"address_right_from":862,"address_right_to":898},"geometry":{"type":"LineString","coordinates":[[-87.79686,41.88156],[-87.79698,41.88156]]}},{"type":"Feature","properties":{"street_name":"WESLEY AVE","address_left_from":850,"address_left_to":898,"address_right_from":851,"address_right_to":899},"geometry":{"type":"LineString","coordinates":[[-87.79156,41.87264],[-87.79156,41.87257]]}},{"type":"Feature","properties":{"street_name":"S CUYLER AVE","address_left_from":908,"address_left_to":994,"address_right_from":909,"address_right_to":995},"geometry":{"type":"LineString","coordinates":[[-87.78297,41.87222],[-87.78297,41.8722]]}},{"type":"Feature","properties":{"street_name":"N EAST AVE","address_left_from":1053,"address_left_to":1099,"address_right_from":1052,"address_right_to":1098},"geometry":{"type":"LineString","coordinates":[[-87.79011,41.90555],[-87.79011,41.90564]]}},{"type":"Feature","properties":{"street_name":"COLUMBIAN AVE","address_left_from":953,"address_left_to":999,"address_right_from":954,"address_right_to":998},"geometry":{"type":"LineString","coordinates":[[-87.79127,41.9036],[-87.79127,41.90369]]}},{"type":"Feature","properties":{"street_name":"N EAST AVE","address_left_from":747,"address_left_to":799,"address_right_from":744,"address_right_to":798},"geometry":{"type":"LineString","coordinates":[[-87.78994,41.89972],[-87.78994,41.89981]]}},{"type":"Feature","properties":{"street_name":"N HUMPHREY AVE","address_left_from":437,"address_left_to":499,"address_right_from":436,"address_right_to":498},"geometry":{"type":"LineString","coordinates":[[-87.77676,41.89459],[-87.77676,41.89469]]}},{"type":"Feature","properties":{"street_name":"WASHINGTON BLVD","address_left_from":463,"address_left_to":499,"address_right_from":470,"address_right_to":498},"geometry":{"type":"LineString","coordinates":[[-87.78763,41.88167],[-87.78777,41.88166]]}},{"type":"Feature","properties":{"street_name":"S CUYLER AVE","address_left_from":438,"address_left_to":498,"address_right_from":439,"address_right_to":499},"geometry":{"type":"LineString","coordinates":[[-87.78283,41.88012],[-87.78282,41.88002],[-87.78282,41.87996]]}},{"type":"Feature","properties":{"street_name":"MADISON ST","address_left_from":455,"address_left_to":499,"address_right_from":440,"address_right_to":468},"geometry":{"type":"LineString","coordinates":[[-87.78682,41.87989],[-87.78693,41.87989]]}},{"type":"Feature","properties":{"street_name":"MADISON ST","address_left_from":553,"address_left_to":599,"address_right_from":548,"address_right_to":598},"geometry":{"type":"LineString","coordinates":[[-87.78922,41.87985],[-87.78936,41.87985]]}},{"type":"Feature","properties":{"street_name":"WASHINGTON BLVD","address_left_from":1147,"address_left_to":1199,"address_right_from":1154,"address_right_to":1198},"geometry":{"type":"LineString","coordinates":[[-87.80468,41.8814],[-87.8048,41.88141]]}},{"type":"Feature","properties":{"street_name":"WESLEY AVE","address_left_from":546,"address_left_to":598,"address_right_from":549,"address_right_to":599},"geometry":{"type":"LineString","coordinates":[[-87.79175,41.87807],[-87.79175,41.87798]]}},{"type":"Feature","properties":{"street_name":"WESLEY AVE","address_left_from":1050,"address_left_to":1098,"address_right_from":1049,"address_right_to":1099},"geometry":{"type":"LineString","coordinates":[[-87.79145,41.86894],[-87.79144,41.86885]]}},{"type":"Feature","properties":{"street_name":"ERIE ST","address_left_from":423,"address_left_to":439,"address_right_from":422,"address_right_to":438},"geometry":{"type":"LineString","coordinates":[[-87.78561,41.89171],[-87.78596,41.8917],[-87.78642,41.89169]]}},{"type":"Feature","properties":{"street_name":"CHICAGO AVE","address_left_from":201,"address_left_to":215,"address_right_from":200,"address_right_to":214},"geometry":{"type":"LineString","coordinates":[[-87.78,41.89465],[-87.78034,41.89464],[-87.78081,41.89463]]}},{"type":"Feature","properties":{"street_name":"CHICAGO AVE","address_left_from":469,"address_left_to":499,"address_right_from":468,"address_right_to":498},"geometry":{"type":"LineString","coordinates":[[-87.78732,41.89453],[-87.78762,41.89453],[-87.78813,41.89452]]}},{"type":"Feature","properties":{"street_name":"S HARVEY AVE","address_left_from":700,"address_left_to":798,"address_right_from":701,"address_right_to":799},"geometry":{"type":"LineString","coordinates":[[-87.78067,41.87634],[-87.78067,41.87634],[-87.78065,41.87575],[-87.78062,41.87491],[-87.78061,41.87452]]}},{"type":"Feature","properties":{"street_name":"ERIE ST","address_left_from":633,"address_left_to":667,"address_right_from":632,"address_right_to":666},"geometry":{"type":"LineString","coordinates":[[-87.79124,41.89161],[-87.79176,41.8916],[-87.79201,41.8916]]}},{"type":"Feature","properties":{"street_name":"ONTARIO ST","address_left_from":251,"address_left_to":299,"address_right_from":250,"address_right_to":298},"geometry":{"type":"LineString","coordinates":[[-87.78231,41.8904],[-87.7827,41.89039],[-87.78313,41.89039]]}},{"type":"Feature","properties":{"street_name":"ERIE ST","address_left_from":311,"address_left_to":399,"address_right_from":310,"address_right_to":398},"geometry":{"type":"LineString","coordinates":[[-87.78398,41.89173],[-87.78418,41.89173],[-87.7848,41.89172]]}},{"type":"Feature","properties":{"street_name":"ERIE ST","address_left_from":619,"address_left_to":631,"address_right_from":618,"address_right_to":630},"geometry":{"type":"LineString","coordinates":[[-87.79048,41.89162],[-87.79076,41.89162],[-87.79124,41.89161]]}},{"type":"Feature","properties":{"street_name":"ONTARIO ST","address_left_from":401,"address_left_to":421,"address_right_from":400,"address_right_to":420},"geometry":{"type":"LineString","coordinates":[[-87.78476,41.89036],[-87.7854,41.89035],[-87.78557,41.89035]]}},{"type":"Feature","properties":{"street_name":"CHICAGO AVE","address_left_from":1001,"address_left_to":1031,"address_right_from":1000,"address_right_to":1024},"geometry":{"type":"LineString","coordinates":[[-87.80061,41.8943],[-87.80092,41.8943],[-87.80161,41.89428],[-87.80192,41.89428]]}},{"type":"Feature","properties":{"street_name":"N SCOVILLE AVE","address_left_from":101,"address_left_to":109,"address_right_from":100,"address_right_to":108},"geometry":{"type":"LineString","coordinates":[[-87.78793,41.88743],[-87.78794,41.88766],[-87.78795,41.88794],[-87.78796,41.88815],[-87.78796,41.88843]]}},{"type":"Feature","properties":{"street_name":"ONTARIO ST","address_left_from":1101,"address_left_to":1131,"address_right_from":1100,"address_right_to":1132},"geometry":{"type":"LineString","coordinates":[[-87.80271,41.89059],[-87.80309,41.89058],[-87.80376,41.89057],[-87.80427,41.89056]]}},{"type":"Feature","properties":{"street_name":"ERIE ST","address_left_from":1101,"address_left_to":1109,"address_right_from":1100,"address_right_to":1108},"geometry":{"type":"LineString","coordinates":[[-87.80275,41.89187],[-87.80332,41.89186]]}},{"type":"Feature","properties":{"street_name":"WOODBINE AVE","address_left_from":801,"address_left_to":849,"address_right_from":800,"address_right_to":848},"geometry":{"type":"LineString","coordinates":[[-87.79932,41.8998],[-87.79933,41.90004],[-87.79935,41.90059],[-87.79938,41.90154]]}},{"type":"Feature","properties":{"street_name":"N SCOVILLE AVE","address_left_from":401,"address_left_to":441,"address_right_from":400,"address_right_to":438},"geometry":{"type":"LineString","coordinates":[[-87.78809,41.89304],[-87.7881,41.89322],[-87.78813,41.89429],[-87.78813,41.89441]]}},{"type":"Feature","properties":{"street_name":"ONTARIO ST","address_left_from":601,"address_left_to":649,"address_right_from":600,"address_right_to":648},"geometry":{"type":"LineString","coordinates":[[-87.79121,41.89025],[-87.79196,41.89024]]}},{"type":"Feature","properties":{"street_name":"CHICAGO AVE","address_left_from":957,"address_left_to":999,"address_right_from":956,"address_right_to":998},"geometry":{"type":"LineString","coordinates":[[-87.80034,41.89431],[-87.80046,41.8943],[-87.80061,41.8943]]}},{"type":"Feature","properties":{"street_name":"ERIE ST","address_left_from":501,"address_left_to":551,"address_right_from":500,"address_right_to":550},"geometry":{"type":"LineString","coordinates":[[-87.78805,41.89166],[-87.78861,41.89166],[-87.78887,41.89165]]}},{"type":"Feature","properties":{"street_name":"S HARVEY AVE","address_left_from":300,"address_left_to":304,"address_right_from":301,"address_right_to":303},"geometry":{"type":"LineString","coordinates":[[-87.7813,41.88396],[-87.7813,41.88376]]}},{"type":"Feature","properties":{"street_name":"ONTARIO ST","address_left_from":153,"address_left_to":199,"address_right_from":152,"address_right_to":198},"geometry":{"type":"LineString","coordinates":[[-87.77907,41.89044],[-87.77946,41.89044],[-87.77988,41.89043]]}},{"type":"Feature","properties":{"street_name":"ERIE ST","address_left_from":235,"address_left_to":267,"address_right_from":234,"address_right_to":266},"geometry":{"type":"LineString","coordinates":[[-87.78155,41.89177],[-87.78193,41.89176],[-87.78236,41.89176]]}},{"type":"Feature","properties":{"street_name":"HAYES AVE","address_left_from":1001,"address_left_to":1053,"address_right_from":1000,"address_right_to":1052},"geometry":{"type":"LineString","coordinates":[[-87.77909,41.90387],[-87.77912,41.90462],[-87.77915,41.90576]]}},{"type":"Feature","properties":{"street_name":"CHICAGO AVE","address_left_from":415,"address_left_to":433,"address_right_from":410,"address_right_to":432},"geometry":{"type":"LineString","coordinates":[[-87.78569,41.89456],[-87.786,41.89455],[-87.78651,41.89455]]}},{"type":"Feature","properties":{"street_name":"I290 RAMP E","address_left_from":-1,"address_left_to":-1,"address_right_from":-1,"address_right_to":-1},"geometry":{"type":"LineString","coordinates":[[-87.78077,41.87139],[-87.77934,41.87133],[-87.77926,41.87133],[-87.77918,41.87133],[-87.77798,41.87128]]}},{"type":"Feature","properties":{"street_name":"CHICAGO AVE","address_left_from":35,"address_left_to":63,"address_right_from":36,"address_right_to":64},"geometry":{"type":"LineString","coordinates":[[-87.77676,41.89469],[-87.777,41.89469],[-87.77799,41.89468],[-87.77824,41.89467]]}},{"type":"Feature","properties":{"street_name":"I290 RAMP E","address_left_from":-1,"address_left_to":-1,"address_right_from":-1,"address_right_to":-1},"geometry":{"type":"LineString","coordinates":[[-87.77798,41.87128],[-87.77679,41.87124]]}},{"type":"Feature","properties":{"street_name":"CHICAGO AVE","address_left_from":117,"address_left_to":133,"address_right_from":116,"address_right_to":132},"geometry":{"type":"LineString","coordinates":[[-87.77919,41.89466],[-87.77967,41.89465],[-87.77986,41.89465]]}},{"type":"Feature","properties":{"street_name":"S HARVEY AVE","address_left_from":306,"address_left_to":308,"address_right_from":305,"address_right_to":309},"geometry":{"type":"LineString","coordinates":[[-87.7813,41.88376],[-87.7813,41.88349],[-87.78129,41.88333]]}},{"type":"Feature","properties":{"street_name":"ERIE ST","address_left_from":31,"address_left_to":99,"address_right_from":30,"address_right_to":98},"geometry":{"type":"LineString","coordinates":[[-87.77749,41.89183],[-87.77829,41.89182]]}},{"type":"Feature","properties":{"street_name":"ALLEY","address_left_from":-1,"address_left_to":-1,"address_right_from":-1,"address_right_to":-1},"geometry":{"type":"LineString","coordinates":[[-87.78535,41.88225],[-87.78517,41.88225],[-87.78453,41.88226]]}},{"type":"Feature","properties":{"street_name":"ALLEY","address_left_from":-1,"address_left_to":-1,"address_right_from":-1,"address_right_to":-1},"geometry":{"type":"LineString","coordinates":[[-87.79993,41.87191],[-87.79979,41.87191],[-87.79956,41.87192],[-87.79938,41.87192],[-87.79922,41.87191]]}},{"type":"Feature","properties":{"street_name":"ALLEY","address_left_from":-1,"address_left_to":-1,"address_right_from":-1,"address_right_to":-1},"geometry":{"type":"LineString","coordinates":[[-87.77911,41.8918],[-87.7791,41.89163],[-87.77908,41.89104],[-87.77907,41.89052],[-87.77907,41.89044]]}},{"type":"Feature","properties":{"street_name":"ALLEY","address_left_from":-1,"address_left_to":-1,"address_right_from":-1,"address_right_to":-1},"geometry":{"type":"LineString","coordinates":[[-87.79663,41.8879],[-87.79649,41.88791]]}},{"type":"Feature","properties":{"street_name":"ALLEY","address_left_from":-1,"address_left_to":-1,"address_right_from":-1,"address_right_to":-1},"geometry":{"type":"LineString","coordinates":[[-87.7814,41.90692],[-87.78162,41.90692],[-87.78205,41.90692]]}},{"type":"Feature","properties":{"street_name":"ALLEY","address_left_from":-1,"address_left_to":-1,"address_right_from":-1,"address_right_to":-1},"geometry":{"type":"LineString","coordinates":[[-87.77492,41.87001],[-87.7749,41.86964],[-87.77489,41.86933],[-87.77487,41.8691]]}},{"type":"Feature","properties":{"street_name":"ALLEY","address_left_from":-1,"address_left_to":-1,"address_right_from":-1,"address_right_to":-1},"geometry":{"type":"LineString","coordinates":[[-87.78362,41.8731],[-87.78345,41.8731],[-87.783,41.87311]]}},{"type":"Feature","properties":{"street_name":"ALLEY","address_left_from":-1,"address_left_to":-1,"address_right_from":-1,"address_right_to":-1},"geometry":{"type":"LineString","coordinates":[[-87.7994,41.87543],[-87.7994,41.87561],[-87.79942,41.87607],[-87.79944,41.87662],[-87.79945,41.87684]]}},{"type":"Feature","properties":{"street_name":"ALLEY","address_left_from":-1,"address_left_to":-1,"address_right_from":-1,"address_right_to":-1},"geometry":{"type":"LineString","coordinates":[[-87.79219,41.87299],[-87.79218,41.87292]]}},{"type":"Feature","properties":{"street_name":"ALLEY","address_left_from":-1,"address_left_to":-1,"address_right_from":-1,"address_right_to":-1},"geometry":{"type":"LineString","coordinates":[[-87.80133,41.87188],[-87.8013,41.87113],[-87.80129,41.87055],[-87.80128,41.87051]]}},{"type":"Feature","properties":{"street_name":"ALLEY","address_left_from":-1,"address_left_to":-1,"address_right_from":-1,"address_right_to":-1},"geometry":{"type":"LineString","coordinates":[[-87.79118,41.88636],[-87.79096,41.88636],[-87.7906,41.88637],[-87.79035,41.88637]]}},{"type":"Feature","properties":{"street_name":"EDMER AVE","address_left_from":1201,"address_left_to":1231,"address_right_from":1200,"address_right_to":1234},"geometry":{"type":"LineString","coordinates":[[-87.78469,41.90732],[-87.78472,41.90818],[-87.78473,41.90838],[-87.78473,41.90846],[-87.78473,41.90857]]}},{"type":"Feature","properties":{"street_name":"ALLEY","address_left_from":-1,"address_left_to":-1,"address_right_from":-1,"address_right_to":-1},"geometry":{"type":"LineString","coordinates":[[-87.79424,41.87923],[-87.79386,41.87924],[-87.79363,41.87925]]}},{"type":"Feature","properties":{"street_name":"ALLEY","address_left_from":-1,"address_left_to":-1,"address_right_from":-1,"address_right_to":-1},"geometry":{"type":"LineString","coordinates":[[-87.77661,41.86589],[-87.77652,41.86589],[-87.77619,41.86589],[-87.77599,41.8659]]}},{"type":"Feature","properties":{"street_name":"ALLEY","address_left_from":-1,"address_left_to":-1,"address_right_from":-1,"address_right_to":-1},"geometry":{"type":"LineString","coordinates":[[-87.78746,41.87806],[-87.78746,41.87793],[-87.78744,41.87753],[-87.78743,41.87692],[-87.78741,41.87658],[-87.7874,41.87623]]}},{"type":"Feature","properties":{"street_name":"ALLEY","address_left_from":-1,"address_left_to":-1,"address_right_from":-1,"address_right_to":-1},"geometry":{"type":"LineString","coordinates":[[-87.77886,41.88653],[-87.7787,41.88653],[-87.77843,41.88653],[-87.77812,41.88654]]}},{"type":"Feature","properties":{"street_name":"ALLEY","address_left_from":-1,"address_left_to":-1,"address_right_from":-1,"address_right_to":-1},"geometry":{"type":"LineString","coordinates":[[-87.7984,41.88017],[-87.79808,41.88018],[-87.79768,41.88019]]}},{"type":"Feature","properties":{"street_name":"ALLEY","address_left_from":-1,"address_left_to":-1,"address_right_from":-1,"address_right_to":-1},"geometry":{"type":"LineString","coordinates":[[-87.78934,41.87932],[-87.78927,41.87932],[-87.78905,41.87933],[-87.78887,41.87933],[-87.78873,41.87933]]}},{"type":"Feature","properties":{"street_name":"ALLEY","address_left_from":-1,"address_left_to":-1,"address_right_from":-1,"address_right_to":-1},"geometry":{"type":"LineString","coordinates":[[-87.7796,41.88149],[-87.77915,41.8815],[-87.7788,41.88151]]}},{"type":"Feature","properties":{"street_name":"ALLEY","address_left_from":-1,"address_left_to":-1,"address_right_from":-1,"address_right_to":-1},"geometry":{"type":"LineString","coordinates":[[-87.79796,41.87545],[-87.79795,41.87522],[-87.79794,41.87474],[-87.79792,41.87434],[-87.79791,41.87386],[-87.79789,41.87336]]}},{"type":"Feature","properties":{"street_name":"ALLEY","address_left_from":-1,"address_left_to":-1,"address_right_from":-1,"address_right_to":-1},"geometry":{"type":"LineString","coordinates":[[-87.78108,41.87082],[-87.78106,41.87016],[-87.78104,41.86957],[-87.78103,41.86911],[-87.78102,41.86903]]}},{"type":"Feature","properties":{"street_name":"ALLEY","address_left_from":-1,"address_left_to":-1,"address_right_from":-1,"address_right_to":-1},"geometry":{"type":"LineString","coordinates":[[-87.78404,41.90733],[-87.78404,41.90724],[-87.78402,41.90691],[-87.78401,41.90651],[-87.78399,41.90571]]}},{"type":"Feature","properties":{"street_name":"ALLEY","address_left_from":-1,"address_left_to":-1,"address_right_from":-1,"address_right_to":-1},"geometry":{"type":"LineString","coordinates":[[-87.77993,41.8727],[-87.77994,41.87289],[-87.77996,41.87342],[-87.77998,41.87389],[-87.77999,41.87419],[-87.78,41.8744],[-87.78,41.87452]]}},{"type":"Feature","properties":{"street_name":"ALLEY","address_left_from":-1,"address_left_to":-1,"address_right_from":-1,"address_right_to":-1},"geometry":{"type":"LineString","coordinates":[[-87.79485,41.87927],[-87.79474,41.87927],[-87.79449,41.87928],[-87.79424,41.87929]]}},{"type":"Feature","properties":{"street_name":"ALLEY","address_left_from":-1,"address_left_to":-1,"address_right_from":-1,"address_right_to":-1},"geometry":{"type":"LineString","coordinates":[[-87.7799,41.87179],[-87.77992,41.87204],[-87.77992,41.87224]]}},{"type":"Feature","properties":{"street_name":"ALLEY","address_left_from":-1,"address_left_to":-1,"address_right_from":-1,"address_right_to":-1},"geometry":{"type":"LineString","coordinates":[[-87.80183,41.90526],[-87.80182,41.90486],[-87.8018,41.90448],[-87.80179,41.90415],[-87.80179,41.90388],[-87.80177,41.90343]]}},{"type":"Feature","properties":{"street_name":"ALLEY","address_left_from":-1,"address_left_to":-1,"address_right_from":-1,"address_right_to":-1},"geometry":{"type":"LineString","coordinates":[[-87.7762,41.87154],[-87.7762,41.87181],[-87.77622,41.8723]]}},{"type":"Feature","properties":{"street_name":"ALLEY","address_left_from":-1,"address_left_to":-1,"address_right_from":-1,"address_right_to":-1},"geometry":{"type":"LineString","coordinates":[[-87.77797,41.88152],[-87.77776,41.88152],[-87.77735,41.88153],[-87.77717,41.88153]]}},{"type":"Feature","properties":{"street_name":"ALLEY","address_left_from":-1,"address_left_to":-1,"address_right_from":-1,"address_right_to":-1},"geometry":{"type":"LineString","coordinates":[[-87.79464,41.8716],[-87.79452,41.87159]]}},{"type":"Feature","properties":{"street_name":"ALLEY","address_left_from":-1,"address_left_to":-1,"address_right_from":-1,"address_right_to":-1},"geometry":{"type":"LineString","coordinates":[[-87.77759,41.87643],[-87.77759,41.87653],[-87.77761,41.87699],[-87.77763,41.87743],[-87.77764,41.87783],[-87.77765,41.87808],[-87.77765,41.87819]]}},{"type":"Feature","properties":{"street_name":"ALLEY","address_left_from":-1,"address_left_to":-1,"address_right_from":-1,"address_right_to":-1},"geometry":{"type":"LineString","coordinates":[[-87.7854,41.8723],[-87.78534,41.87229],[-87.78514,41.87225],[-87.78493,41.87221],[-87.78479,41.87218],[-87.78475,41.87217],[-87.78471,41.87217],[-87.78466,41.87217],[-87.78445,41.87217],[-87.78433,41.87218],[-87.7842,41.87218]]}},{"type":"Feature","properties":{"street_name":"PLEASANT ST","address_left_from":1001,"address_left_to":1047,"address_right_from":1000,"address_right_to":1050},"geometry":{"type":"LineString","coordinates":[[-87.80009,41.88575],[-87.8012,41.88573],[-87.8024,41.88571]]}},{"type":"Feature","properties":{"street_name":"ALLEY","address_left_from":-1,"address_left_to":-1,"address_right_from":-1,"address_right_to":-1},"geometry":{"type":"LineString","coordinates":[[-87.7948,41.87793],[-87.7948,41.87783],[-87.79479,41.87754],[-87.79477,41.87695],[-87.79475,41.8765],[-87.79474,41.8762],[-87.79474,41.87611]]}},{"type":"Feature","properties":{"street_name":"PLEASANT ST","address_left_from":401,"address_left_to":419,"address_right_from":400,"address_right_to":418},"geometry":{"type":"LineString","coordinates":[[-87.78461,41.88521],[-87.78493,41.8852],[-87.78542,41.8852]]}},{"type":"Feature","properties":{"street_name":"SUPERIOR ST","address_left_from":1001,"address_left_to":1009,"address_right_from":1000,"address_right_to":1008},"geometry":{"type":"LineString","coordinates":[[-87.80031,41.89311],[-87.80101,41.8931]]}},{"type":"Feature","properties":{"street_name":"ALLEY","address_left_from":-1,"address_left_to":-1,"address_right_from":-1,"address_right_to":-1},"geometry":{"type":"LineString","coordinates":[[-87.7988,41.9053],[-87.7988,41.90521],[-87.79878,41.90476],[-87.79877,41.90437],[-87.79876,41.90394],[-87.79874,41.90347]]}},{"type":"Feature","properties":{"street_name":"ALLEY","address_left_from":-1,"address_left_to":-1,"address_right_from":-1,"address_right_to":-1},"geometry":{"type":"LineString","coordinates":[[-87.7902,41.90858],[-87.78948,41.90859]]}},{"type":"Feature","properties":{"street_name":"PLEASANT ST","address_left_from":21,"address_left_to":49,"address_right_from":20,"address_right_to":48},"geometry":{"type":"LineString","coordinates":[[-87.77565,41.88536],[-87.77646,41.88535]]}},{"type":"Feature","properties":{"street_name":"ALLEY","address_left_from":-1,"address_left_to":-1,"address_right_from":-1,"address_right_to":-1},"geometry":{"type":"LineString","coordinates":[[-87.80311,41.88007],[-87.80261,41.88008],[-87.80232,41.88009]]}},{"type":"Feature","properties":{"street_name":"ALLEY","address_left_from":-1,"address_left_to":-1,"address_right_from":-1,"address_right_to":-1},"geometry":{"type":"LineString","coordinates":[[-87.78152,41.86581],[-87.78137,41.86582],[-87.78109,41.86583],[-87.78091,41.86583]]}},{"type":"Feature","properties":{"street_name":"ALLEY","address_left_from":-1,"address_left_to":-1,"address_right_from":-1,"address_right_to":-1},"geometry":{"type":"LineString","coordinates":[[-87.78944,41.90726],[-87.78943,41.90714],[-87.78942,41.90678],[-87.78941,41.90643],[-87.7894,41.90612],[-87.78939,41.90574],[-87.78938,41.90565]]}},{"type":"Feature","properties":{"street_name":"ALLEY","address_left_from":-1,"address_left_to":-1,"address_right_from":-1,"address_right_to":-1},"geometry":{"type":"LineString","coordinates":[[-87.78129,41.88333],[-87.78091,41.88333],[-87.78048,41.88334]]}},{"type":"Feature","properties":{"street_name":"CARPENTER AVE","address_left_from":800,"address_left_to":838,"address_right_from":801,"address_right_to":839},"geometry":{"type":"LineString","coordinates":[[-87.79614,41.87548],[-87.79613,41.87533],[-87.7961,41.87433],[-87.79609,41.87407]]}},{"type":"Feature","properties":{"street_name":"ALLEY","address_left_from":-1,"address_left_to":-1,"address_right_from":-1,"address_right_to":-1},"geometry":{"type":"LineString","coordinates":[[-87.7759,41.89323],[-87.7759,41.89318],[-87.77589,41.89304],[-87.77589,41.89284],[-87.77589,41.8927],[-87.77572,41.8927],[-87.77544,41.89271],[-87.77533,41.89271],[-87.77508,41.89271]]}},{"type":"Feature","properties":{"street_name":"ALLEY","address_left_from":-1,"address_left_to":-1,"address_right_from":-1,"address_right_to":-1},"geometry":{"type":"LineString","coordinates":[[-87.78539,41.90864],[-87.78538,41.90854],[-87.78538,41.90851],[-87.78538,41.90844],[-87.78538,41.90838],[-87.78537,41.90832],[-87.78537,41.90825],[-87.78537,41.90817],[-87.78534,41.90746],[-87.78534,41.90731]]}},{"type":"Feature","properties":{"street_name":"ALLEY","address_left_from":-1,"address_left_to":-1,"address_right_from":-1,"address_right_to":-1},"geometry":{"type":"LineString","coordinates":[[-87.78938,41.88037],[-87.78912,41.88038],[-87.78855,41.88039]]}},{"type":"Feature","properties":{"street_name":"ALLEY","address_left_from":-1,"address_left_to":-1,"address_right_from":-1,"address_right_to":-1},"geometry":{"type":"LineString","coordinates":[[-87.78204,41.88125],[-87.78201,41.8805]]}},{"type":"Feature","properties":{"street_name":"ALLEY","address_left_from":-1,"address_left_to":-1,"address_right_from":-1,"address_right_to":-1},"geometry":{"type":"LineString","coordinates":[[-87.79363,41.87925],[-87.79356,41.87925],[-87.79337,41.87925],[-87.79315,41.87926],[-87.79302,41.87926]]}},{"type":"Feature","properties":{"street_name":"ALLEY","address_left_from":-1,"address_left_to":-1,"address_right_from":-1,"address_right_to":-1},"geometry":{"type":"LineString","coordinates":[[-87.78664,41.9073],[-87.78664,41.90712],[-87.78662,41.90671],[-87.78661,41.90635],[-87.7866,41.90607],[-87.78659,41.90568]]}},{"type":"Feature","properties":{"street_name":"PLEASANT ST","address_left_from":1131,"address_left_to":1149,"address_right_from":1130,"address_right_to":1150},"geometry":{"type":"LineString","coordinates":[[-87.80407,41.88542],[-87.8042,41.88542],[-87.80474,41.88541],[-87.80482,41.88541]]}},{"type":"Feature","properties":{"street_name":"ALLEY","address_left_from":-1,"address_left_to":-1,"address_right_from":-1,"address_right_to":-1},"geometry":{"type":"LineString","coordinates":[[-87.7852,41.86577],[-87.78514,41.86577],[-87.78486,41.86577],[-87.78459,41.86578]]}},{"type":"Feature","properties":{"street_name":"ALLEY","address_left_from":-1,"address_left_to":-1,"address_right_from":-1,"address_right_to":-1},"geometry":{"type":"LineString","coordinates":[[-87.79336,41.87149],[-87.79334,41.87094],[-87.79333,41.87065]]}},{"type":"Feature","properties":{"street_name":"ALLEY","address_left_from":-1,"address_left_to":-1,"address_right_from":-1,"address_right_to":-1},"geometry":{"type":"LineString","coordinates":[[-87.80184,41.88933],[-87.80097,41.88935],[-87.80072,41.88935],[-87.8002,41.88935]]}},{"type":"Feature","properties":{"street_name":"ALLEY","address_left_from":-1,"address_left_to":-1,"address_right_from":-1,"address_right_to":-1},"geometry":{"type":"LineString","coordinates":[[-87.77888,41.88708],[-87.77886,41.88653]]}},{"type":"Feature","properties":{"street_name":"ALLEY","address_left_from":-1,"address_left_to":-1,"address_right_from":-1,"address_right_to":-1},"geometry":{"type":"LineString","coordinates":[[-87.78016,41.9087],[-87.78016,41.90859],[-87.78016,41.90857],[-87.78015,41.90845],[-87.78015,41.9084],[-87.78014,41.90814],[-87.78013,41.90792]]}},{"type":"Feature","properties":{"street_name":"ALLEY","address_left_from":-1,"address_left_to":-1,"address_right_from":-1,"address_right_to":-1},"geometry":{"type":"LineString","coordinates":[[-87.78582,41.89821],[-87.7858,41.89773],[-87.78577,41.89715],[-87.78576,41.89669],[-87.78575,41.89638]]}},{"type":"Feature","properties":{"street_name":"ALLEY","address_left_from":-1,"address_left_to":-1,"address_right_from":-1,"address_right_to":-1},"geometry":{"type":"LineString","coordinates":[[-87.8028,41.87185],[-87.8026,41.87185],[-87.80219,41.87186],[-87.80203,41.87186]]}},{"type":"Feature","properties":{"street_name":"ALLEY","address_left_from":-1,"address_left_to":-1,"address_right_from":-1,"address_right_to":-1},"geometry":{"type":"LineString","coordinates":[[-87.78553,41.88905],[-87.78553,41.88885],[-87.7857,41.88885],[-87.78605,41.88884],[-87.78634,41.88884]]}},{"type":"Feature","properties":{"street_name":"ALLEY","address_left_from":-1,"address_left_to":-1,"address_right_from":-1,"address_right_to":-1},"geometry":{"type":"LineString","coordinates":[[-87.77887,41.88399],[-87.77886,41.88384],[-87.77884,41.88343],[-87.77883,41.883],[-87.77882,41.88259]]}},{"type":"Feature","properties":{"street_name":"ALLEY","address_left_from":-1,"address_left_to":-1,"address_right_from":-1,"address_right_to":-1},"geometry":{"type":"LineString","coordinates":[[-87.7782,41.88867],[-87.77767,41.88867],[-87.77738,41.88868]]}},{"type":"Feature","properties":{"street_name":"ALLEY","address_left_from":-1,"address_left_to":-1,"address_right_from":-1,"address_right_to":-1},"geometry":{"type":"LineString","coordinates":[[-87.78328,41.9019],[-87.78326,41.90129],[-87.78324,41.90077],[-87.78322,41.90032],[-87.78321,41.89992]]}},{"type":"Feature","properties":{"street_name":"ALLEY","address_left_from":-1,"address_left_to":-1,"address_right_from":-1,"address_right_to":-1},"geometry":{"type":"LineString","coordinates":[[-87.77487,41.8691],[-87.77486,41.86856],[-87.77484,41.86802],[-87.77482,41.86753],[-87.77482,41.86729]]}},{"type":"Feature","properties":{"street_name":"ALLEY","address_left_from":-1,"address_left_to":-1,"address_right_from":-1,"address_right_to":-1},"geometry":{"type":"LineString","coordinates":[[-87.78501,41.87808],[-87.78501,41.87792],[-87.78499,41.87752],[-87.78496,41.87642],[-87.78496,41.87627]]}},{"type":"Feature","properties":{"street_name":"SUPERIOR ST","address_left_from":1117,"address_left_to":1199,"address_right_from":1116,"address_right_to":1198},"geometry":{"type":"LineString","coordinates":[[-87.80392,41.89304],[-87.80419,41.89304],[-87.80457,41.89303],[-87.80486,41.89303],[-87.80494,41.89303],[-87.805,41.89304],[-87.80506,41.89305],[-87.8052,41.89304]]}},{"type":"Feature","properties":{"street_name":"ALLEY","address_left_from":-1,"address_left_to":-1,"address_right_from":-1,"address_right_to":-1},"geometry":{"type":"LineString","coordinates":[[-87.775,41.87231],[-87.7749,41.87231],[-87.77471,41.87231],[-87.77461,41.87232],[-87.77439,41.87231],[-87.77438,41.87231]]}},{"type":"Feature","properties":{"street_name":"ALLEY","address_left_from":-1,"address_left_to":-1,"address_right_from":-1,"address_right_to":-1},"geometry":{"type":"LineString","coordinates":[[-87.79021,41.8811],[-87.78984,41.88111],[-87.7895,41.88111],[-87.7894,41.88111]]}},{"type":"Feature","properties":{"street_name":"ALLEY","address_left_from":-1,"address_left_to":-1,"address_right_from":-1,"address_right_to":-1},"geometry":{"type":"LineString","coordinates":[[-87.78459,41.86578],[-87.78439,41.86578],[-87.78414,41.86578],[-87.78398,41.86579]]}},{"type":"Feature","properties":{"street_name":"SUPERIOR ST","address_left_from":277,"address_left_to":299,"address_right_from":276,"address_right_to":298},"geometry":{"type":"LineString","coordinates":[[-87.7824,41.89313],[-87.7827,41.89313],[-87.78321,41.89312]]}},{"type":"Feature","properties":{"street_name":"ALLEY","address_left_from":-1,"address_left_to":-1,"address_right_from":-1,"address_right_to":-1},"geometry":{"type":"LineString","coordinates":[[-87.79376,41.86556],[-87.79315,41.86557]]}},{"type":"Feature","properties":{"street_name":"ALLEY","address_left_from":-1,"address_left_to":-1,"address_right_from":-1,"address_right_to":-1},"geometry":{"type":"LineString","coordinates":[[-87.79714,41.9035],[-87.79713,41.90337],[-87.79712,41.90302],[-87.79711,41.90246],[-87.79709,41.90195],[-87.79708,41.90172],[-87.79711,41.90167]]}},{"type":"Feature","properties":{"street_name":"ALLEY","address_left_from":-1,"address_left_to":-1,"address_right_from":-1,"address_right_to":-1},"geometry":{"type":"LineString","coordinates":[[-87.79474,41.87611],[-87.79473,41.87599],[-87.79471,41.8755],[-87.7947,41.87498],[-87.79469,41.87459],[-87.79468,41.87438],[-87.79467,41.87428]]}},{"type":"Feature","properties":{"street_name":"PLEASANT ST","address_left_from":301,"address_left_to":351,"address_right_from":300,"address_right_to":350},"geometry":{"type":"LineString","coordinates":[[-87.78298,41.88524],[-87.78326,41.88523],[-87.78379,41.88523]]}},{"type":"Feature","properties":{"street_name":"ALLEY","address_left_from":-1,"address_left_to":-1,"address_right_from":-1,"address_right_to":-1},"geometry":{"type":"LineString","coordinates":[[-87.78913,41.873],[-87.78927,41.873],[-87.78974,41.873]]}},{"type":"Feature","properties":{"street_name":"ALLEY","address_left_from":-1,"address_left_to":-1,"address_right_from":-1,"address_right_to":-1},"geometry":{"type":"LineString","coordinates":[[-87.78807,41.90861],[-87.78806,41.90843],[-87.78806,41.90834],[-87.78806,41.90827],[-87.78805,41.90814],[-87.78803,41.90764],[-87.78803,41.90735],[-87.78802,41.90728]]}},{"type":"Feature","properties":{"street_name":"ALLEY","address_left_from":-1,"address_left_to":-1,"address_right_from":-1,"address_right_to":-1},"geometry":{"type":"LineString","coordinates":[[-87.77931,41.8983],[-87.7793,41.89786],[-87.77927,41.89717],[-87.77925,41.89655],[-87.77925,41.89648]]}},{"type":"Feature","properties":{"street_name":"ALLEY","address_left_from":-1,"address_left_to":-1,"address_right_from":-1,"address_right_to":-1},"geometry":{"type":"LineString","coordinates":[[-87.78802,41.90728],[-87.78802,41.90718],[-87.788,41.90682],[-87.78799,41.90634],[-87.78798,41.9061],[-87.78797,41.90582],[-87.78797,41.90571],[-87.78795,41.90566]]}},{"type":"Feature","properties":{"street_name":"ALLEY","address_left_from":-1,"address_left_to":-1,"address_right_from":-1,"address_right_to":-1},"geometry":{"type":"LineString","coordinates":[[-87.7932,41.867],[-87.7932,41.8668],[-87.79318,41.86623],[-87.79316,41.86567],[-87.79315,41.86563],[-87.79315,41.86557]]}},{"type":"Feature","properties":{"street_name":"ALLEY","address_left_from":-1,"address_left_to":-1,"address_right_from":-1,"address_right_to":-1},"geometry":{"type":"LineString","coordinates":[[-87.77952,41.90871],[-87.77962,41.90871],[-87.7797,41.90871],[-87.77982,41.90871],[-87.7799,41.90871],[-87.78001,41.9087],[-87.7801,41.9087],[-87.78016,41.9087]]}},{"type":"Feature","properties":{"street_name":"ALLEY","address_left_from":-1,"address_left_to":-1,"address_right_from":-1,"address_right_to":-1},"geometry":{"type":"LineString","coordinates":[[-87.77714,41.90016],[-87.77714,41.90003],[-87.77711,41.89943],[-87.77709,41.89871],[-87.77708,41.89833]]}},{"type":"Feature","properties":{"street_name":"ALLEY","address_left_from":-1,"address_left_to":-1,"address_right_from":-1,"address_right_to":-1},"geometry":{"type":"LineString","coordinates":[[-87.79359,41.88506],[-87.79358,41.88483],[-87.79357,41.8843],[-87.79355,41.88377],[-87.79354,41.88342],[-87.79354,41.88331]]}},{"type":"Feature","properties":{"street_name":"ALLEY","address_left_from":-1,"address_left_to":-1,"address_right_from":-1,"address_right_to":-1},"geometry":{"type":"LineString","coordinates":[[-87.78214,41.86581],[-87.7823,41.86581],[-87.78258,41.86581],[-87.78265,41.86581],[-87.78275,41.8658]]}},{"type":"Feature","properties":{"street_name":"ALLEY","address_left_from":-1,"address_left_to":-1,"address_right_from":-1,"address_right_to":-1},"geometry":{"type":"LineString","coordinates":[[-87.78592,41.86895],[-87.78592,41.8687],[-87.78589,41.86791],[-87.78587,41.86728],[-87.78587,41.86713]]}},{"type":"Feature","properties":{"street_name":"ALLEY","address_left_from":-1,"address_left_to":-1,"address_right_from":-1,"address_right_to":-1},"geometry":{"type":"LineString","coordinates":[[-87.78791,41.88641],[-87.78763,41.88642],[-87.7872,41.88642],[-87.78709,41.88642]]}},{"type":"Feature","properties":{"street_name":"ALLEY","address_left_from":-1,"address_left_to":-1,"address_right_from":-1,"address_right_to":-1},"geometry":{"type":"LineString","coordinates":[[-87.78075,41.90693],[-87.7809,41.90693],[-87.78123,41.90693],[-87.7814,41.90692]]}},{"type":"Feature","properties":{"street_name":"ALLEY","address_left_from":-1,"address_left_to":-1,"address_right_from":-1,"address_right_to":-1},"geometry":{"type":"LineString","coordinates":[[-87.78297,41.8722],[-87.78284,41.8722],[-87.78254,41.8722],[-87.78235,41.87221]]}},{"type":"Feature","properties":{"street_name":"ALLEY","address_left_from":-1,"address_left_to":-1,"address_right_from":-1,"address_right_to":-1},"geometry":{"type":"LineString","coordinates":[[-87.79993,41.87191],[-87.79991,41.87151],[-87.79989,41.87102],[-87.79988,41.87073],[-87.79988,41.87054]]}},{"type":"Feature","properties":{"street_name":"ALLEY","address_left_from":-1,"address_left_to":-1,"address_right_from":-1,"address_right_to":-1},"geometry":{"type":"LineString","coordinates":[[-87.79202,41.90856],[-87.79201,41.90847],[-87.79201,41.90837],[-87.792,41.90809],[-87.79199,41.90786],[-87.79198,41.9073],[-87.79198,41.90723]]}},{"type":"Feature","properties":{"street_name":"ALLEY","address_left_from":-1,"address_left_to":-1,"address_right_from":-1,"address_right_to":-1},"geometry":{"type":"LineString","coordinates":[[-87.79782,41.8848],[-87.79778,41.88344],[-87.79778,41.88337]]}},{"type":"Feature","properties":{"street_name":"ALLEY","address_left_from":-1,"address_left_to":-1,"address_right_from":-1,"address_right_to":-1},"geometry":{"type":"LineString","coordinates":[[-87.7946,41.87063],[-87.79459,41.87052],[-87.79458,41.87021],[-87.79457,41.86993],[-87.79456,41.86955],[-87.79455,41.86919],[-87.79454,41.86889],[-87.79453,41.8688]]}},{"type":"Feature","properties":{"street_name":"ALLEY","address_left_from":-1,"address_left_to":-1,"address_right_from":-1,"address_right_to":-1},"geometry":{"type":"LineString","coordinates":[[-87.77952,41.879],[-87.77829,41.87903]]}},{"type":"Feature","properties":{"street_name":"SUPERIOR ST","address_left_from":251,"address_left_to":275,"address_right_from":250,"address_right_to":274},"geometry":{"type":"LineString","coordinates":[[-87.78159,41.89314],[-87.78193,41.89314],[-87.7824,41.89313]]}},{"type":"Feature","properties":{"street_name":"SUPERIOR ST","address_left_from":721,"address_left_to":799,"address_right_from":720,"address_right_to":798},"geometry":{"type":"LineString","coordinates":[[-87.79373,41.89295],[-87.79464,41.89293]]}},{"type":"Feature","properties":{"street_name":"PLEASANT ST","address_left_from":651,"address_left_to":675,"address_right_from":650,"address_right_to":674},"geometry":{"type":"LineString","coordinates":[[-87.79114,41.8851],[-87.79147,41.88509],[-87.79196,41.88509]]}},{"type":"Feature","properties":{"street_name":"ALLEY","address_left_from":-1,"address_left_to":-1,"address_right_from":-1,"address_right_to":-1},"geometry":{"type":"LineString","coordinates":[[-87.77892,41.88576],[-87.77891,41.88563],[-87.77891,41.88531]]}},{"type":"Feature","properties":{"street_name":"ALLEY","address_left_from":-1,"address_left_to":-1,"address_right_from":-1,"address_right_to":-1},"geometry":{"type":"LineString","coordinates":[[-87.78991,41.87802],[-87.7899,41.87782],[-87.78989,41.87744],[-87.78988,41.87701],[-87.78986,41.87637],[-87.78985,41.87619]]}},{"type":"Feature","properties":{"street_name":"ALLEY","address_left_from":-1,"address_left_to":-1,"address_right_from":-1,"address_right_to":-1},"geometry":{"type":"LineString","coordinates":[[-87.78121,41.88052],[-87.78094,41.88052],[-87.78056,41.88053],[-87.7804,41.88053]]}},{"type":"Feature","properties":{"street_name":"CARPENTER AVE","address_left_from":700,"address_left_to":736,"address_right_from":701,"address_right_to":735},"geometry":{"type":"LineString","coordinates":[[-87.79619,41.8769],[-87.79618,41.87675],[-87.79615,41.87576],[-87.79614,41.87558]]}},{"type":"Feature","properties":{"street_name":"ALLEY","address_left_from":-1,"address_left_to":-1,"address_right_from":-1,"address_right_to":-1},"geometry":{"type":"LineString","coordinates":[[-87.79383,41.90853],[-87.79323,41.90854]]}},{"type":"Feature","properties":{"street_name":"ALLEY","address_left_from":-1,"address_left_to":-1,"address_right_from":-1,"address_right_to":-1},"geometry":{"type":"LineString","coordinates":[[-87.77836,41.90014],[-87.77835,41.90004],[-87.77834,41.89963],[-87.77831,41.8988],[-87.7783,41.89831]]}},{"type":"Feature","properties":{"street_name":"N OAK PARK AVE","address_left_from":1201,"address_left_to":1239,"address_right_from":1200,"address_right_to":1238},"geometry":{"type":"LineString","coordinates":[[-87.79501,41.90719],[-87.79501,41.90737],[-87.79503,41.90805],[-87.79504,41.90852]]}},{"type":"Feature","properties":{"street_name":"ALLEY","address_left_from":-1,"address_left_to":-1,"address_right_from":-1,"address_right_to":-1},"geometry":{"type":"LineString","coordinates":[[-87.78705,41.86573],[-87.78672,41.86574],[-87.78643,41.86574]]}},{"type":"Feature","properties":{"street_name":"SUPERIOR ST","address_left_from":401,"address_left_to":421,"address_right_from":400,"address_right_to":420},"geometry":{"type":"LineString","coordinates":[[-87.78483,41.8931],[-87.78516,41.89309],[-87.78563,41.89309]]}},{"type":"Feature","properties":{"street_name":"ALLEY","address_left_from":-1,"address_left_to":-1,"address_right_from":-1,"address_right_to":-1},"geometry":{"type":"LineString","coordinates":[[-87.77601,41.89654],[-87.77599,41.8961],[-87.77598,41.89567],[-87.77597,41.89525]]}},{"type":"Feature","properties":{"street_name":"ALLEY","address_left_from":-1,"address_left_to":-1,"address_right_from":-1,"address_right_to":-1},"geometry":{"type":"LineString","coordinates":[[-87.78233,41.90541],[-87.78224,41.90538],[-87.7822,41.90535],[-87.78219,41.90516],[-87.78216,41.90445],[-87.78214,41.90389],[-87.78214,41.90383]]}},{"type":"Feature","properties":{"street_name":"ALLEY","address_left_from":-1,"address_left_to":-1,"address_right_from":-1,"address_right_to":-1},"geometry":{"type":"LineString","coordinates":[[-87.79319,41.90721],[-87.79319,41.90708],[-87.79318,41.90675],[-87.79316,41.90618],[-87.79315,41.90571],[-87.79314,41.9056]]}},{"type":"Feature","properties":{"street_name":"ALLEY","address_left_from":-1,"address_left_to":-1,"address_right_from":-1,"address_right_to":-1},"geometry":{"type":"LineString","coordinates":[[-87.77755,41.90874],[-87.77753,41.90838],[-87.77752,41.90795]]}},{"type":"Feature","properties":{"street_name":"ALLEY","address_left_from":-1,"address_left_to":-1,"address_right_from":-1,"address_right_to":-1},"geometry":{"type":"LineString","coordinates":[[-87.77726,41.9039],[-87.77726,41.9038],[-87.77724,41.90331],[-87.77722,41.90284],[-87.7772,41.90221],[-87.7772,41.90198]]}},{"type":"Feature","properties":{"street_name":"ALLEY","address_left_from":-1,"address_left_to":-1,"address_right_from":-1,"address_right_to":-1},"geometry":{"type":"LineString","coordinates":[[-87.79711,41.90167],[-87.79713,41.90163],[-87.79712,41.90129],[-87.79711,41.90082],[-87.79709,41.90015],[-87.79708,41.89991],[-87.79708,41.89984]]}},{"type":"Feature","properties":{"street_name":"ALLEY","address_left_from":-1,"address_left_to":-1,"address_right_from":-1,"address_right_to":-1},"geometry":{"type":"LineString","coordinates":[[-87.78869,41.87804],[-87.78868,41.87788],[-87.78866,41.87713],[-87.78864,41.87663],[-87.78863,41.87629],[-87.78863,41.87621]]}},{"type":"Feature","properties":{"street_name":"ALLEY","address_left_from":-1,"address_left_to":-1,"address_right_from":-1,"address_right_to":-1},"geometry":{"type":"LineString","coordinates":[[-87.78398,41.86579],[-87.78372,41.86579],[-87.78354,41.86579],[-87.78337,41.8658]]}},{"type":"Feature","properties":{"street_name":"ALLEY","address_left_from":-1,"address_left_to":-1,"address_right_from":-1,"address_right_to":-1},"geometry":{"type":"LineString","coordinates":[[-87.78212,41.88377],[-87.78212,41.88365],[-87.78211,41.88328],[-87.78209,41.88272],[-87.78208,41.88224]]}},{"type":"Feature","properties":{"street_name":"ALLEY","address_left_from":-1,"address_left_to":-1,"address_right_from":-1,"address_right_to":-1},"geometry":{"type":"LineString","coordinates":[[-87.78968,41.87125],[-87.78943,41.87123],[-87.78907,41.8712]]}},{"type":"Feature","properties":{"street_name":"ALLEY","address_left_from":-1,"address_left_to":-1,"address_right_from":-1,"address_right_to":-1},"geometry":{"type":"LineString","coordinates":[[-87.78895,41.89451],[-87.78894,41.89431],[-87.78893,41.89402],[-87.78892,41.89361],[-87.78891,41.8932],[-87.78891,41.89303]]}},{"type":"Feature","properties":{"street_name":"ALLEY","address_left_from":-1,"address_left_to":-1,"address_right_from":-1,"address_right_to":-1},"geometry":{"type":"LineString","coordinates":[[-87.77604,41.90392],[-87.77604,41.9038],[-87.77602,41.9032],[-87.77599,41.90258],[-87.77598,41.90211],[-87.77598,41.902]]}},{"type":"Feature","properties":{"street_name":"ALLEY","address_left_from":-1,"address_left_to":-1,"address_right_from":-1,"address_right_to":-1},"geometry":{"type":"LineString","coordinates":[[-87.78371,41.8822],[-87.78372,41.88271],[-87.78374,41.88313],[-87.78374,41.88334],[-87.78374,41.88348]]}},{"type":"Feature","properties":{"street_name":"ALLEY","address_left_from":-1,"address_left_to":-1,"address_right_from":-1,"address_right_to":-1},"geometry":{"type":"LineString","coordinates":[[-87.80041,41.90845],[-87.8004,41.9083],[-87.8004,41.90823],[-87.80039,41.90812],[-87.80039,41.908],[-87.80037,41.90748],[-87.80036,41.90719],[-87.80036,41.90712]]}},{"type":"Feature","properties":{"street_name":"ALLEY","address_left_from":-1,"address_left_to":-1,"address_right_from":-1,"address_right_to":-1},"geometry":{"type":"LineString","coordinates":[[-87.7804,41.88053],[-87.78041,41.88087],[-87.78042,41.88128]]}},{"type":"Feature","properties":{"street_name":"ALLEY","address_left_from":-1,"address_left_to":-1,"address_right_from":-1,"address_right_to":-1},"geometry":{"type":"LineString","coordinates":[[-87.79662,41.87831],[-87.79663,41.87848],[-87.79665,41.87898],[-87.79666,41.87943],[-87.79667,41.87973]]}},{"type":"Feature","properties":{"street_name":"ALLEY","address_left_from":-1,"address_left_to":-1,"address_right_from":-1,"address_right_to":-1},"geometry":{"type":"LineString","coordinates":[[-87.78207,41.90191],[-87.78206,41.90181],[-87.78205,41.90148],[-87.78203,41.90097],[-87.78202,41.90065],[-87.78201,41.90028],[-87.78199,41.89994]]}},{"type":"Feature","properties":{"street_name":"ALLEY","address_left_from":-1,"address_left_to":-1,"address_right_from":-1,"address_right_to":-1},"geometry":{"type":"LineString","coordinates":[[-87.79081,41.90857],[-87.7902,41.90858]]}},{"type":"Feature","properties":{"street_name":"N OAK PARK AVE","address_left_from":901,"address_left_to":951,"address_right_from":900,"address_right_to":950},"geometry":{"type":"LineString","coordinates":[[-87.79486,41.9017],[-87.79487,41.90181],[-87.79489,41.90251],[-87.79491,41.90333],[-87.79491,41.90354]]}},{"type":"Feature","properties":{"street_name":"ALLEY","address_left_from":-1,"address_left_to":-1,"address_right_from":-1,"address_right_to":-1},"geometry":{"type":"LineString","coordinates":[[-87.77945,41.90695],[-87.77959,41.90694],[-87.77997,41.90694],[-87.78009,41.90694]]}},{"type":"Feature","properties":{"street_name":"HOME AVE","address_left_from":510,"address_left_to":536,"address_right_from":511,"address_right_to":537},"geometry":{"type":"LineString","coordinates":[[-87.79985,41.87921],[-87.79982,41.87844],[-87.79982,41.87834]]}},{"type":"Feature","properties":{"street_name":"ALLEY","address_left_from":-1,"address_left_to":-1,"address_right_from":-1,"address_right_to":-1},"geometry":{"type":"LineString","coordinates":[[-87.7849,41.89537],[-87.78441,41.89537],[-87.7841,41.89538]]}},{"type":"Feature","properties":{"street_name":"ALLEY","address_left_from":-1,"address_left_to":-1,"address_right_from":-1,"address_right_to":-1},"geometry":{"type":"LineString","coordinates":[[-87.79113,41.87799],[-87.79113,41.87785],[-87.79112,41.87748],[-87.7911,41.8769],[-87.79108,41.87636],[-87.79107,41.87617]]}},{"type":"Feature","properties":{"street_name":"ALLEY","address_left_from":-1,"address_left_to":-1,"address_right_from":-1,"address_right_to":-1},"geometry":{"type":"LineString","coordinates":[[-87.79914,41.87969],[-87.79919,41.8813],[-87.7992,41.8815]]}},{"type":"Feature","properties":{"street_name":"ALLEY","address_left_from":-1,"address_left_to":-1,"address_right_from":-1,"address_right_to":-1},"geometry":{"type":"LineString","coordinates":[[-87.78214,41.90383],[-87.78214,41.9037],[-87.78212,41.90328],[-87.7821,41.90262],[-87.78209,41.90228],[-87.78208,41.902],[-87.78207,41.90191]]}},{"type":"Feature","properties":{"street_name":"ALLEY","address_left_from":-1,"address_left_to":-1,"address_right_from":-1,"address_right_to":-1},"geometry":{"type":"LineString","coordinates":[[-87.79199,41.88634],[-87.79198,41.886],[-87.79197,41.88565],[-87.79196,41.8852],[-87.79196,41.88509]]}},{"type":"Feature","properties":{"street_name":"ALLEY","address_left_from":-1,"address_left_to":-1,"address_right_from":-1,"address_right_to":-1},"geometry":{"type":"LineString","coordinates":[[-87.79214,41.87146],[-87.79213,41.87106],[-87.79212,41.87077],[-87.79212,41.87067]]}},{"type":"Feature","properties":{"street_name":"ALLEY","address_left_from":-1,"address_left_to":-1,"address_right_from":-1,"address_right_to":-1},"geometry":{"type":"LineString","coordinates":[[-87.79653,41.87548],[-87.79653,41.87566],[-87.79655,41.87617],[-87.79656,41.87638],[-87.79657,41.87654],[-87.79657,41.87669],[-87.79657,41.87689]]}},{"type":"Feature","properties":{"street_name":"HOME AVE","address_left_from":800,"address_left_to":852,"address_right_from":801,"address_right_to":851},"geometry":{"type":"LineString","coordinates":[[-87.79972,41.87542],[-87.7997,41.87491],[-87.79965,41.87356]]}},{"type":"Feature","properties":{"street_name":"ALLEY","address_left_from":-1,"address_left_to":-1,"address_right_from":-1,"address_right_to":-1},"geometry":{"type":"LineString","coordinates":[[-87.80534,41.89668],[-87.80534,41.89668],[-87.805,41.89669],[-87.80465,41.8967],[-87.80394,41.89671]]}},{"type":"Feature","properties":{"street_name":"ALLEY","address_left_from":-1,"address_left_to":-1,"address_right_from":-1,"address_right_to":-1},"geometry":{"type":"LineString","coordinates":[[-87.77836,41.89413],[-87.77781,41.89414],[-87.77755,41.89414]]}},{"type":"Feature","properties":{"street_name":"N OAK PARK AVE","address_left_from":601,"address_left_to":649,"address_right_from":600,"address_right_to":646},"geometry":{"type":"LineString","coordinates":[[-87.79472,41.89624],[-87.79474,41.89663],[-87.79477,41.89789],[-87.79477,41.89796]]}},{"type":"Feature","properties":{"street_name":"N OAK PARK AVE","address_left_from":801,"address_left_to":849,"address_right_from":800,"address_right_to":852},"geometry":{"type":"LineString","coordinates":[[-87.79482,41.89988],[-87.79482,41.90006],[-87.79484,41.90054],[-87.79486,41.90147],[-87.79486,41.90161]]}},{"type":"Feature","properties":{"street_name":"ALLEY","address_left_from":-1,"address_left_to":-1,"address_right_from":-1,"address_right_to":-1},"geometry":{"type":"LineString","coordinates":[[-87.7814,41.90692],[-87.78139,41.90659],[-87.78138,41.90622],[-87.78137,41.90582]]}},{"type":"Feature","properties":{"street_name":"ALLEY","address_left_from":-1,"address_left_to":-1,"address_right_from":-1,"address_right_to":-1},"geometry":{"type":"LineString","coordinates":[[-87.77895,41.88653],[-87.77886,41.88653]]}},{"type":"Feature","properties":{"street_name":"ALLEY","address_left_from":-1,"address_left_to":-1,"address_right_from":-1,"address_right_to":-1},"geometry":{"type":"LineString","coordinates":[[-87.77684,41.90698],[-87.77698,41.90698],[-87.77737,41.90697],[-87.77749,41.90697]]}},{"type":"Feature","properties":{"street_name":"ALLEY","address_left_from":-1,"address_left_to":-1,"address_right_from":-1,"address_right_to":-1},"geometry":{"type":"LineString","coordinates":[[-87.79191,41.88331],[-87.7919,41.88315],[-87.79188,41.88252],[-87.79187,41.88208],[-87.79186,41.88172],[-87.79186,41.88159]]}},{"type":"Feature","properties":{"street_name":"ALLEY","address_left_from":-1,"address_left_to":-1,"address_right_from":-1,"address_right_to":-1},"geometry":{"type":"LineString","coordinates":[[-87.79182,41.90176],[-87.79182,41.90165],[-87.79181,41.90131],[-87.7918,41.90085],[-87.79178,41.90025],[-87.79177,41.89983],[-87.79177,41.89978]]}},{"type":"Feature","properties":{"street_name":"ALLEY","address_left_from":-1,"address_left_to":-1,"address_right_from":-1,"address_right_to":-1},"geometry":{"type":"LineString","coordinates":[[-87.78007,41.87639],[-87.78007,41.87657],[-87.7801,41.87715],[-87.78011,41.87769],[-87.78013,41.87805],[-87.78013,41.87815]]}},{"type":"Feature","properties":{"street_name":"ALLEY","address_left_from":-1,"address_left_to":-1,"address_right_from":-1,"address_right_to":-1},"geometry":{"type":"LineString","coordinates":[[-87.8001,41.886],[-87.79972,41.886],[-87.79909,41.88601],[-87.79861,41.88602]]}},{"type":"Feature","properties":{"street_name":"ALLEY","address_left_from":-1,"address_left_to":-1,"address_right_from":-1,"address_right_to":-1},"geometry":{"type":"LineString","coordinates":[[-87.78563,41.89309],[-87.78563,41.89305],[-87.78562,41.89253],[-87.78562,41.89201],[-87.78561,41.89181],[-87.78561,41.89171]]}},{"type":"Feature","properties":{"street_name":"ALLEY","address_left_from":-1,"address_left_to":-1,"address_right_from":-1,"address_right_to":-1},"geometry":{"type":"LineString","coordinates":[[-87.7847,41.86897],[-87.78469,41.86878],[-87.78466,41.868],[-87.78465,41.86755],[-87.78464,41.86729],[-87.78464,41.86715]]}},{"type":"Feature","properties":{"street_name":"ALLEY","address_left_from":-1,"address_left_to":-1,"address_right_from":-1,"address_right_to":-1},"geometry":{"type":"LineString","coordinates":[[-87.78064,41.88878],[-87.77983,41.8888]]}},{"type":"Feature","properties":{"street_name":"SUPERIOR ST","address_left_from":441,"address_left_to":471,"address_right_from":440,"address_right_to":470},"geometry":{"type":"LineString","coordinates":[[-87.78646,41.89307],[-87.78674,41.89307],[-87.78727,41.89306]]}},{"type":"Feature","properties":{"street_name":"ALLEY","address_left_from":-1,"address_left_to":-1,"address_right_from":-1,"address_right_to":-1},"geometry":{"type":"LineString","coordinates":[[-87.79562,41.90169],[-87.79561,41.90158],[-87.7956,41.90123],[-87.7956,41.90092],[-87.79559,41.9006],[-87.79558,41.90027],[-87.79557,41.89994],[-87.79557,41.89987]]}},{"type":"Feature","properties":{"street_name":"ALLEY","address_left_from":-1,"address_left_to":-1,"address_right_from":-1,"address_right_to":-1},"geometry":{"type":"LineString","coordinates":[[-87.79637,41.88341],[-87.79637,41.88337],[-87.79637,41.88324],[-87.79635,41.88274],[-87.79633,41.88207],[-87.79632,41.88169],[-87.79632,41.88158]]}},{"type":"Feature","properties":{"street_name":"ALLEY","address_left_from":-1,"address_left_to":-1,"address_right_from":-1,"address_right_to":-1},"geometry":{"type":"LineString","coordinates":[[-87.77745,41.8909],[-87.77745,41.89071],[-87.77744,41.89047]]}},{"type":"Feature","properties":{"street_name":"ALLEY","address_left_from":-1,"address_left_to":-1,"address_right_from":-1,"address_right_to":-1},"geometry":{"type":"LineString","coordinates":[[-87.80165,41.87822],[-87.80165,41.87818],[-87.80164,41.87806],[-87.80162,41.87733],[-87.8016,41.87691],[-87.8016,41.8768]]}},{"type":"Feature","properties":{"street_name":"ALLEY","address_left_from":-1,"address_left_to":-1,"address_right_from":-1,"address_right_to":-1},"geometry":{"type":"LineString","coordinates":[[-87.79309,41.90365],[-87.79309,41.90352],[-87.79308,41.90312],[-87.79307,41.90265],[-87.79305,41.9023],[-87.79304,41.90182],[-87.79304,41.90174]]}},{"type":"Feature","properties":{"street_name":"ALLEY","address_left_from":-1,"address_left_to":-1,"address_right_from":-1,"address_right_to":-1},"geometry":{"type":"LineString","coordinates":[[-87.77883,41.90793],[-87.77903,41.90793],[-87.7794,41.90792],[-87.77947,41.90792]]}},{"type":"Feature","properties":{"street_name":"ALLEY","address_left_from":-1,"address_left_to":-1,"address_right_from":-1,"address_right_to":-1},"geometry":{"type":"LineString","coordinates":[[-87.7959,41.87061],[-87.7959,41.87049],[-87.79589,41.87022],[-87.79588,41.86989],[-87.79586,41.86945],[-87.79584,41.86878]]}},{"type":"Feature","properties":{"street_name":"ALLEY","address_left_from":-1,"address_left_to":-1,"address_right_from":-1,"address_right_to":-1},"geometry":{"type":"LineString","coordinates":[[-87.78888,41.8657],[-87.78857,41.8657],[-87.78826,41.86571]]}},{"type":"Feature","properties":{"street_name":"ALLEY","address_left_from":-1,"address_left_to":-1,"address_right_from":-1,"address_right_to":-1},"geometry":{"type":"LineString","coordinates":[[-87.78454,41.90571],[-87.78453,41.90529],[-87.78451,41.90475]]}},{"type":"Feature","properties":{"street_name":"ALLEY","address_left_from":-1,"address_left_to":-1,"address_right_from":-1,"address_right_to":-1},"geometry":{"type":"LineString","coordinates":[[-87.80254,41.88616],[-87.80209,41.88617],[-87.80142,41.88618],[-87.80086,41.8862],[-87.8001,41.88621]]}},{"type":"Feature","properties":{"street_name":"ALLEY","address_left_from":-1,"address_left_to":-1,"address_right_from":-1,"address_right_to":-1},"geometry":{"type":"LineString","coordinates":[[-87.79504,41.90852],[-87.79444,41.90853]]}},{"type":"Feature","properties":{"street_name":"ALLEY","address_left_from":-1,"address_left_to":-1,"address_right_from":-1,"address_right_to":-1},"geometry":{"type":"LineString","coordinates":[[-87.78868,41.88514],[-87.78868,41.88494],[-87.78866,41.88441],[-87.78865,41.88386],[-87.78864,41.88354],[-87.78864,41.88337]]}},{"type":"Feature","properties":{"street_name":"HOME AVE","address_left_from":100,"address_left_to":114,"address_right_from":101,"address_right_to":115},"geometry":{"type":"LineString","coordinates":[[-87.80022,41.88681],[-87.80019,41.88678],[-87.80015,41.88674],[-87.80014,41.88671],[-87.80011,41.88639],[-87.8001,41.88621]]}},{"type":"Feature","properties":{"street_name":"PLEASANT ST","address_left_from":117,"address_left_to":199,"address_right_from":116,"address_right_to":198},"geometry":{"type":"LineString","coordinates":[[-87.77891,41.88531],[-87.77972,41.88529]]}},{"type":"Feature","properties":{"street_name":"ALLEY","address_left_from":-1,"address_left_to":-1,"address_right_from":-1,"address_right_to":-1},"geometry":{"type":"LineString","coordinates":[[-87.78115,41.87268],[-87.78116,41.8731],[-87.78118,41.87357],[-87.7812,41.87396],[-87.78121,41.87441],[-87.78122,41.87451]]}},{"type":"Feature","properties":{"street_name":"ALLEY","address_left_from":-1,"address_left_to":-1,"address_right_from":-1,"address_right_to":-1},"geometry":{"type":"LineString","coordinates":[[-87.77876,41.88056],[-87.77877,41.88082],[-87.77878,41.88111],[-87.7788,41.88151]]}},{"type":"Feature","properties":{"street_name":"ALLEY","address_left_from":-1,"address_left_to":-1,"address_right_from":-1,"address_right_to":-1},"geometry":{"type":"LineString","coordinates":[[-87.77492,41.87001],[-87.77474,41.86999],[-87.77464,41.86999],[-87.77435,41.86996]]}},{"type":"Feature","properties":{"street_name":"ALLEY","address_left_from":-1,"address_left_to":-1,"address_right_from":-1,"address_right_to":-1},"geometry":{"type":"LineString","coordinates":[[-87.79201,41.8916],[-87.79201,41.89151],[-87.79199,41.89095],[-87.79198,41.89046],[-87.79196,41.89024]]}},{"type":"Feature","properties":{"street_name":"ALLEY","address_left_from":-1,"address_left_to":-1,"address_right_from":-1,"address_right_to":-1},"geometry":{"type":"LineString","coordinates":[[-87.7822,41.88648],[-87.78206,41.88648],[-87.78164,41.88649],[-87.78137,41.88649]]}},{"type":"Feature","properties":{"street_name":"ALLEY","address_left_from":-1,"address_left_to":-1,"address_right_from":-1,"address_right_to":-1},"geometry":{"type":"LineString","coordinates":[[-87.79933,41.87348],[-87.79935,41.87399],[-87.79936,41.87451],[-87.79938,41.87502],[-87.79939,41.87538],[-87.7994,41.87543]]}},{"type":"Feature","properties":{"street_name":"ALLEY","address_left_from":-1,"address_left_to":-1,"address_right_from":-1,"address_right_to":-1},"geometry":{"type":"LineString","coordinates":[[-87.77637,41.87638],[-87.77637,41.87628],[-87.77636,41.87603],[-87.77635,41.87567],[-87.77634,41.87537],[-87.77632,41.875],[-87.77631,41.87458]]}},{"type":"Feature","properties":{"street_name":"ALLEY","address_left_from":-1,"address_left_to":-1,"address_right_from":-1,"address_right_to":-1},"geometry":{"type":"LineString","coordinates":[[-87.77637,41.88263],[-87.77629,41.88263],[-87.77588,41.88263],[-87.77557,41.88264]]}},{"type":"Feature","properties":{"street_name":"ALLEY","address_left_from":-1,"address_left_to":-1,"address_right_from":-1,"address_right_to":-1},"geometry":{"type":"LineString","coordinates":[[-87.78237,41.87266],[-87.78239,41.87324],[-87.78241,41.87368],[-87.78242,41.87398],[-87.78243,41.87439],[-87.78244,41.87449]]}},{"type":"Feature","properties":{"street_name":"ALLEY","address_left_from":-1,"address_left_to":-1,"address_right_from":-1,"address_right_to":-1},"geometry":{"type":"LineString","coordinates":[[-87.78838,41.86891],[-87.78837,41.86874],[-87.78836,41.86825],[-87.78834,41.86773],[-87.78832,41.8672],[-87.78832,41.86708]]}},{"type":"Feature","properties":{"street_name":"ALLEY","address_left_from":-1,"address_left_to":-1,"address_right_from":-1,"address_right_to":-1},"geometry":{"type":"LineString","coordinates":[[-87.79181,41.88033],[-87.79159,41.88033],[-87.7913,41.88034],[-87.79101,41.88034]]}},{"type":"Feature","properties":{"street_name":"ALLEY","address_left_from":-1,"address_left_to":-1,"address_right_from":-1,"address_right_to":-1},"geometry":{"type":"LineString","coordinates":[[-87.79055,41.8998],[-87.79056,41.89974],[-87.79055,41.89949],[-87.79053,41.89899],[-87.79051,41.89814]]}},{"type":"Feature","properties":{"street_name":"ALLEY","address_left_from":-1,"address_left_to":-1,"address_right_from":-1,"address_right_to":-1},"geometry":{"type":"LineString","coordinates":[[-87.78398,41.89173],[-87.78398,41.89162],[-87.78396,41.8909],[-87.78395,41.89052],[-87.78394,41.89038]]}},{"type":"Feature","properties":{"street_name":"PLEASANT ST","address_left_from":677,"address_left_to":699,"address_right_from":676,"address_right_to":698},"geometry":{"type":"LineString","coordinates":[[-87.79196,41.88509],[-87.79239,41.88508],[-87.79277,41.88507]]}},{"type":"Feature","properties":{"street_name":"ALLEY","address_left_from":-1,"address_left_to":-1,"address_right_from":-1,"address_right_to":-1},"geometry":{"type":"LineString","coordinates":[[-87.78006,41.87632],[-87.78007,41.87639]]}},{"type":"Feature","properties":{"street_name":"ALLEY","address_left_from":-1,"address_left_to":-1,"address_right_from":-1,"address_right_to":-1},"geometry":{"type":"LineString","coordinates":[[-87.77915,41.89318],[-87.77915,41.89314],[-87.77914,41.8929],[-87.77912,41.8922],[-87.77911,41.89189],[-87.77911,41.8918]]}},{"type":"Feature","properties":{"street_name":"SUPERIOR ST","address_left_from":601,"address_left_to":619,"address_right_from":600,"address_right_to":618},"geometry":{"type":"LineString","coordinates":[[-87.78973,41.89302],[-87.79008,41.89301],[-87.79052,41.893]]}},{"type":"Feature","properties":{"street_name":"S LOMBARD AVE","address_left_from":438,"address_left_to":498,"address_right_from":439,"address_right_to":499},"geometry":{"type":"LineString","coordinates":[[-87.77957,41.88055],[-87.77957,41.88031],[-87.77956,41.88002]]}},{"type":"Feature","properties":{"street_name":"N TAYLOR AVE","address_left_from":135,"address_left_to":181,"address_right_from":134,"address_right_to":180},"geometry":{"type":"LineString","coordinates":[[-87.7782,41.88874],[-87.77824,41.89004],[-87.77825,41.89036]]}},{"type":"Feature","properties":{"street_name":"AUGUSTA ST","address_left_from":819,"address_left_to":839,"address_right_from":816,"address_right_to":836},"geometry":{"type":"LineString","coordinates":[[-87.79552,41.89806],[-87.79569,41.89805],[-87.79627,41.89804]]}},{"type":"Feature","properties":{"street_name":"AUGUSTA ST","address_left_from":841,"address_left_to":865,"address_right_from":838,"address_right_to":842},"geometry":{"type":"LineString","coordinates":[[-87.79627,41.89804],[-87.79646,41.89804],[-87.79703,41.89803]]}},{"type":"Feature","properties":{"street_name":"CLARENCE AVE","address_left_from":800,"address_left_to":834,"address_right_from":801,"address_right_to":835},"geometry":{"type":"LineString","coordinates":[[-87.7904,41.87435],[-87.79039,41.87415],[-87.79036,41.8732],[-87.79035,41.87299]]}},{"type":"Feature","properties":{"street_name":"AUGUSTA ST","address_left_from":127,"address_left_to":129,"address_right_from":128,"address_right_to":130},"geometry":{"type":"LineString","coordinates":[[-87.77931,41.8983],[-87.77951,41.8983]]}},{"type":"Feature","properties":{"street_name":"AUGUSTA ST","address_left_from":131,"address_left_to":199,"address_right_from":132,"address_right_to":198},"geometry":{"type":"LineString","coordinates":[[-87.77951,41.8983],[-87.77962,41.8983],[-87.78012,41.89829]]}},{"type":"Feature","properties":{"street_name":"S LOMBARD AVE","address_left_from":1150,"address_left_to":1184,"address_right_from":1151,"address_right_to":1185},"geometry":{"type":"LineString","coordinates":[[-87.77911,41.86723],[-87.77907,41.86597],[-87.77907,41.86591]]}},{"type":"Feature","properties":{"street_name":"S LOMBARD AVE","address_left_from":410,"address_left_to":412,"address_right_from":411,"address_right_to":413},"geometry":{"type":"LineString","coordinates":[[-87.7796,41.88149],[-87.7796,41.8813]]}},{"type":"Feature","properties":{"street_name":"N TAYLOR AVE","address_left_from":1101,"address_left_to":1129,"address_right_from":1100,"address_right_to":1128},"geometry":{"type":"LineString","coordinates":[[-87.7781,41.90586],[-87.77812,41.90635],[-87.77813,41.90674],[-87.77814,41.90697]]}},{"type":"Feature","properties":{"street_name":"N TAYLOR AVE","address_left_from":301,"address_left_to":333,"address_right_from":300,"address_right_to":334},"geometry":{"type":"LineString","coordinates":[[-87.77829,41.89182],[-87.7783,41.89199],[-87.77833,41.89296],[-87.77833,41.8931]]}},{"type":"Feature","properties":{"street_name":"S LOMBARD AVE","address_left_from":312,"address_left_to":334,"address_right_from":311,"address_right_to":331},"geometry":{"type":"LineString","coordinates":[[-87.77966,41.88335],[-87.77964,41.88258]]}},{"type":"Feature","properties":{"street_name":"AUGUSTA ST","address_left_from":1,"address_left_to":9,"address_right_from":2,"address_right_to":6},"geometry":{"type":"LineString","coordinates":[[-87.77526,41.89837],[-87.7755,41.89836],[-87.77562,41.89835],[-87.77586,41.89835]]}},{"type":"Feature","properties":{"street_name":"N TAYLOR AVE","address_left_from":101,"address_left_to":129,"address_right_from":100,"address_right_to":128},"geometry":{"type":"LineString","coordinates":[[-87.77818,41.88813],[-87.7782,41.88867]]}},{"type":"Feature","properties":{"street_name":"AUGUSTA ST","address_left_from":621,"address_left_to":623,"address_right_from":620,"address_right_to":622},"geometry":{"type":"LineString","coordinates":[[-87.79112,41.89813],[-87.79123,41.89812],[-87.79142,41.89812]]}},{"type":"Feature","properties":{"street_name":"AUGUSTA ST","address_left_from":867,"address_left_to":899,"address_right_from":844,"address_right_to":898},"geometry":{"type":"LineString","coordinates":[[-87.79703,41.89803],[-87.79748,41.89802],[-87.79779,41.89801]]}},{"type":"Feature","properties":{"street_name":"CLARENCE AVE","address_left_from":1148,"address_left_to":1186,"address_right_from":1149,"address_right_to":1187},"geometry":{"type":"LineString","coordinates":[[-87.79016,41.86705],[-87.79014,41.86663],[-87.79011,41.86568]]}},{"type":"Feature","properties":{"street_name":"AUGUSTA ST","address_left_from":421,"address_left_to":429,"address_right_from":418,"address_right_to":428},"geometry":{"type":"LineString","coordinates":[[-87.78582,41.89821],[-87.78621,41.8982],[-87.78663,41.8982]]}},{"type":"Feature","properties":{"street_name":"AUGUSTA ST","address_left_from":913,"address_left_to":929,"address_right_from":910,"address_right_to":928},"geometry":{"type":"LineString","coordinates":[[-87.79852,41.898],[-87.79899,41.89799],[-87.79927,41.89798]]}},{"type":"Feature","properties":{"street_name":"S LOMBARD AVE","address_left_from":1000,"address_left_to":1048,"address_right_from":1001,"address_right_to":1047},"geometry":{"type":"LineString","coordinates":[[-87.77924,41.87079],[-87.77922,41.87041],[-87.7792,41.86973],[-87.77918,41.86914]]}},{"type":"Feature","properties":{"street_name":"AUGUSTA ST","address_left_from":51,"address_left_to":99,"address_right_from":50,"address_right_to":98},"geometry":{"type":"LineString","coordinates":[[-87.77769,41.89832],[-87.7779,41.89832],[-87.77823,41.89832],[-87.7783,41.89831]]}},{"type":"Feature","properties":{"street_name":"AUGUSTA ST","address_left_from":301,"address_left_to":351,"address_right_from":300,"address_right_to":350},"geometry":{"type":"LineString","coordinates":[[-87.78338,41.89825],[-87.78367,41.89824],[-87.78419,41.89823]]}},{"type":"Feature","properties":{"street_name":"N TAYLOR AVE","address_left_from":801,"address_left_to":849,"address_right_from":800,"address_right_to":848},"geometry":{"type":"LineString","coordinates":[[-87.77775,41.90015],[-87.77775,41.90036],[-87.77778,41.90108],[-87.7778,41.90176],[-87.77781,41.90186],[-87.77779,41.90188]]}},{"type":"Feature","properties":{"street_name":"CLARENCE AVE","address_left_from":500,"address_left_to":508,"address_right_from":501,"address_right_to":509},"geometry":{"type":"LineString","coordinates":[[-87.79059,41.87983],[-87.79057,41.8793]]}},{"type":"Feature","properties":{"street_name":"AUGUSTA ST","address_left_from":221,"address_left_to":235,"address_right_from":216,"address_right_to":234},"geometry":{"type":"LineString","coordinates":[[-87.78092,41.89828],[-87.78133,41.89827],[-87.78175,41.89827]]}},{"type":"Feature","properties":{"street_name":"N TAYLOR AVE","address_left_from":701,"address_left_to":749,"address_right_from":700,"address_right_to":748},"geometry":{"type":"LineString","coordinates":[[-87.77769,41.89832],[-87.77774,41.89995],[-87.77774,41.90006]]}},{"type":"Feature","properties":{"street_name":"AUGUSTA ST","address_left_from":701,"address_left_to":709,"address_right_from":700,"address_right_to":710},"geometry":{"type":"LineString","coordinates":[[-87.79233,41.89811],[-87.79263,41.8981],[-87.79295,41.8981]]}},{"type":"Feature","properties":{"street_name":"S LOMBARD AVE","address_left_from":200,"address_left_to":232,"address_right_from":201,"address_right_to":233},"geometry":{"type":"LineString","coordinates":[[-87.77972,41.88529],[-87.77969,41.88447],[-87.77968,41.88398]]}},{"type":"Feature","properties":{"street_name":"AUGUSTA ST","address_left_from":625,"address_left_to":699,"address_right_from":624,"address_right_to":698},"geometry":{"type":"LineString","coordinates":[[-87.79142,41.89812],[-87.7916,41.89812],[-87.79215,41.89811],[-87.79233,41.89811]]}},{"type":"Feature","properties":{"street_name":"CLARENCE AVE","address_left_from":836,"address_left_to":846,"address_right_from":837,"address_right_to":847},"geometry":{"type":"LineString","coordinates":[[-87.79035,41.87299],[-87.79034,41.87276]]}},{"type":"Feature","properties":{"street_name":"AUGUSTA ST","address_left_from":521,"address_left_to":531,"address_right_from":518,"address_right_to":528},"geometry":{"type":"LineString","coordinates":[[-87.78907,41.89816],[-87.78939,41.89815],[-87.78976,41.89815]]}},{"type":"Feature","properties":{"street_name":"AUGUSTA ST","address_left_from":201,"address_left_to":219,"address_right_from":200,"address_right_to":214},"geometry":{"type":"LineString","coordinates":[[-87.78012,41.89829],[-87.78064,41.89828],[-87.78092,41.89828]]}},{"type":"Feature","properties":{"street_name":"AUGUSTA ST","address_left_from":613,"address_left_to":619,"address_right_from":612,"address_right_to":618},"geometry":{"type":"LineString","coordinates":[[-87.79051,41.89814],[-87.79074,41.89813],[-87.79112,41.89813]]}},{"type":"Feature","properties":{"street_name":"N TAYLOR AVE","address_left_from":131,"address_left_to":133,"address_right_from":130,"address_right_to":132},"geometry":{"type":"LineString","coordinates":[[-87.7782,41.88867],[-87.7782,41.88874]]}},{"type":"Feature","properties":{"street_name":"AUGUSTA ST","address_left_from":353,"address_left_to":399,"address_right_from":352,"address_right_to":398},"geometry":{"type":"LineString","coordinates":[[-87.78419,41.89823],[-87.78446,41.89823],[-87.785,41.89822]]}},{"type":"Feature","properties":{"street_name":"S LOMBARD AVE","address_left_from":648,"address_left_to":698,"address_right_from":649,"address_right_to":699},"geometry":{"type":"LineString","coordinates":[[-87.77944,41.8764],[-87.77943,41.87633]]}},{"type":"Feature","properties":{"street_name":"AUGUSTA ST","address_left_from":1061,"address_left_to":1099,"address_right_from":1054,"address_right_to":1098},"geometry":{"type":"LineString","coordinates":[[-87.80338,41.89791],[-87.80363,41.8979],[-87.80387,41.8979]]}},{"type":"Feature","properties":{"street_name":"AUGUSTA ST","address_left_from":1025,"address_left_to":1029,"address_right_from":1024,"address_right_to":1032},"geometry":{"type":"LineString","coordinates":[[-87.80205,41.89793],[-87.80217,41.89793],[-87.80235,41.89793]]}},{"type":"Feature","properties":{"street_name":"S LOMBARD AVE","address_left_from":114,"address_left_to":136,"address_right_from":115,"address_right_to":135},"geometry":{"type":"LineString","coordinates":[[-87.77976,41.88645],[-87.77974,41.88587],[-87.77973,41.88574]]}},{"type":"Feature","properties":{"street_name":"S LOMBARD AVE","address_left_from":142,"address_left_to":198,"address_right_from":141,"address_right_to":199},"geometry":{"type":"LineString","coordinates":[[-87.77973,41.8857],[-87.77972,41.88529]]}},{"type":"Feature","properties":{"street_name":"N TAYLOR AVE","address_left_from":501,"address_left_to":511,"address_right_from":500,"address_right_to":510},"geometry":{"type":"LineString","coordinates":[[-87.77838,41.89467],[-87.77838,41.89479],[-87.7784,41.89521]]}},{"type":"Feature","properties":{"street_name":"AUGUSTA ST","address_left_from":111,"address_left_to":121,"address_right_from":116,"address_right_to":122},"geometry":{"type":"LineString","coordinates":[[-87.7785,41.89831],[-87.7787,41.89831],[-87.77891,41.89831]]}},{"type":"Feature","properties":{"street_name":"CLARENCE AVE","address_left_from":922,"address_left_to":930,"address_right_from":923,"address_right_to":931},"geometry":{"type":"LineString","coordinates":[[-87.79031,41.87163],[-87.7903,41.8713]]}},{"type":"Feature","properties":{"street_name":"S LOMBARD AVE","address_left_from":1100,"address_left_to":1148,"address_right_from":1101,"address_right_to":1149},"geometry":{"type":"LineString","coordinates":[[-87.77918,41.86905],[-87.77917,41.86876],[-87.77912,41.8674],[-87.77911,41.86723]]}},{"type":"Feature","properties":{"street_name":"CLARENCE AVE","address_left_from":700,"address_left_to":798,"address_right_from":701,"address_right_to":799},"geometry":{"type":"LineString","coordinates":[[-87.79046,41.87618],[-87.79045,41.87594],[-87.79042,41.87496],[-87.7904,41.87435]]}},{"type":"Feature","properties":{"street_name":"S LOMBARD AVE","address_left_from":1186,"address_left_to":1198,"address_right_from":1187,"address_right_to":1199},"geometry":{"type":"LineString","coordinates":[[-87.77907,41.86585],[-87.77905,41.8654]]}},{"type":"Feature","properties":{"street_name":"AUGUSTA ST","address_left_from":41,"address_left_to":49,"address_right_from":40,"address_right_to":48},"geometry":{"type":"LineString","coordinates":[[-87.77708,41.89833],[-87.77716,41.89833],[-87.77754,41.89833],[-87.77769,41.89832]]}},{"type":"Feature","properties":{"street_name":"AUGUSTA ST","address_left_from":1031,"address_left_to":1059,"address_right_from":1034,"address_right_to":1052},"geometry":{"type":"LineString","coordinates":[[-87.80235,41.89793],[-87.80258,41.89792],[-87.80304,41.89791],[-87.80338,41.89791]]}},{"type":"Feature","properties":{"street_name":"AUGUSTA ST","address_left_from":123,"address_left_to":125,"address_right_from":124,"address_right_to":126},"geometry":{"type":"LineString","coordinates":[[-87.77891,41.89831],[-87.77902,41.89831],[-87.77931,41.8983],[-87.77931,41.8983]]}},{"type":"Feature","properties":{"street_name":"AUGUSTA ST","address_left_from":401,"address_left_to":419,"address_right_from":400,"address_right_to":416},"geometry":{"type":"LineString","coordinates":[[-87.785,41.89822],[-87.78524,41.89822],[-87.78582,41.89821]]}},{"type":"Feature","properties":{"street_name":"CLARENCE AVE","address_left_from":600,"address_left_to":648,"address_right_from":601,"address_right_to":649},"geometry":{"type":"LineString","coordinates":[[-87.79052,41.878],[-87.79052,41.87779],[-87.79049,41.87687],[-87.79047,41.87635],[-87.79047,41.87627]]}},{"type":"Feature","properties":{"street_name":"S LOMBARD AVE","address_left_from":536,"address_left_to":546,"address_right_from":537,"address_right_to":547},"geometry":{"type":"LineString","coordinates":[[-87.77951,41.87864],[-87.7795,41.87846],[-87.7795,41.87825]]}},{"type":"Feature","properties":{"street_name":"S LOMBARD AVE","address_left_from":500,"address_left_to":508,"address_right_from":501,"address_right_to":509},"geometry":{"type":"LineString","coordinates":[[-87.77956,41.88002],[-87.77954,41.87965],[-87.77954,41.87951]]}},{"type":"Feature","properties":{"street_name":"N TAYLOR AVE","address_left_from":427,"address_left_to":441,"address_right_from":426,"address_right_to":432},"geometry":{"type":"LineString","coordinates":[[-87.77836,41.89413],[-87.77837,41.89438],[-87.77838,41.89456]]}},{"type":"Feature","properties":{"street_name":"S LOMBARD AVE","address_left_from":510,"address_left_to":524,"address_right_from":511,"address_right_to":525},"geometry":{"type":"LineString","coordinates":[[-87.77954,41.87951],[-87.77952,41.879]]}},{"type":"Feature","properties":{"street_name":"AUGUSTA ST","address_left_from":11,"address_left_to":21,"address_right_from":8,"address_right_to":18},"geometry":{"type":"LineString","coordinates":[[-87.77586,41.89835],[-87.77616,41.89835],[-87.77647,41.89834]]}},{"type":"Feature","properties":{"street_name":"AUGUSTA ST","address_left_from":31,"address_left_to":39,"address_right_from":30,"address_right_to":38},"geometry":{"type":"LineString","coordinates":[[-87.77688,41.89833],[-87.77708,41.89833]]}},{"type":"Feature","properties":{"street_name":"CLARENCE AVE","address_left_from":510,"address_left_to":546,"address_right_from":511,"address_right_to":547},"geometry":{"type":"LineString","coordinates":[[-87.79057,41.8793],[-87.79054,41.87863],[-87.79053,41.87809]]}},{"type":"Feature","properties":{"street_name":"CLARENCE AVE","address_left_from":1000,"address_left_to":1048,"address_right_from":1001,"address_right_to":1047},"geometry":{"type":"LineString","coordinates":[[-87.79028,41.8707],[-87.79027,41.87047],[-87.79024,41.86954],[-87.79022,41.86896]]}},{"type":"Feature","properties":{"street_name":"N TAYLOR AVE","address_left_from":513,"address_left_to":549,"address_right_from":512,"address_right_to":546},"geometry":{"type":"LineString","coordinates":[[-87.7784,41.89521],[-87.7784,41.89543],[-87.77843,41.89623],[-87.77844,41.8964]]}},{"type":"Feature","properties":{"street_name":"S LOMBARD AVE","address_left_from":336,"address_left_to":342,"address_right_from":333,"address_right_to":341},"geometry":{"type":"LineString","coordinates":[[-87.77964,41.88258],[-87.77963,41.88222],[-87.77963,41.8822]]}},{"type":"Feature","properties":{"street_name":"AUGUSTA ST","address_left_from":711,"address_left_to":737,"address_right_from":712,"address_right_to":734},"geometry":{"type":"LineString","coordinates":[[-87.79295,41.8981],[-87.79353,41.89809],[-87.7941,41.89808]]}},{"type":"Feature","properties":{"street_name":"S LOMBARD AVE","address_left_from":300,"address_left_to":310,"address_right_from":301,"address_right_to":309},"geometry":{"type":"LineString","coordinates":[[-87.77967,41.88379],[-87.77967,41.88361],[-87.77966,41.88335]]}},{"type":"Feature","properties":{"street_name":"S LOMBARD AVE","address_left_from":800,"address_left_to":846,"address_right_from":801,"address_right_to":845},"geometry":{"type":"LineString","coordinates":[[-87.77937,41.87453],[-87.77936,41.8742],[-87.77932,41.87312],[-87.77931,41.8728]]}},{"type":"Feature","properties":{"street_name":"N TAYLOR AVE","address_left_from":201,"address_left_to":235,"address_right_from":200,"address_right_to":234},"geometry":{"type":"LineString","coordinates":[[-87.77825,41.89046],[-87.77826,41.89071],[-87.77829,41.89154],[-87.77829,41.89173]]}},{"type":"Feature","properties":{"street_name":"AUGUSTA ST","address_left_from":1001,"address_left_to":1023,"address_right_from":1000,"address_right_to":1022},"geometry":{"type":"LineString","coordinates":[[-87.80077,41.89796],[-87.80109,41.89795],[-87.80168,41.89794],[-87.80205,41.89793]]}},{"type":"Feature","properties":{"street_name":"N TAYLOR AVE","address_left_from":1205,"address_left_to":1209,"address_right_from":1204,"address_right_to":1208},"geometry":{"type":"LineString","coordinates":[[-87.77816,41.90751],[-87.77816,41.90764],[-87.77817,41.90794]]}},{"type":"Feature","properties":{"street_name":"CLARENCE AVE","address_left_from":1188,"address_left_to":1198,"address_right_from":1189,"address_right_to":1199},"geometry":{"type":"LineString","coordinates":[[-87.79011,41.86568],[-87.79011,41.86567],[-87.79009,41.86523]]}},{"type":"Feature","properties":{"street_name":"N TAYLOR AVE","address_left_from":1001,"address_left_to":1053,"address_right_from":1000,"address_right_to":1052},"geometry":{"type":"LineString","coordinates":[[-87.77787,41.90389],[-87.77788,41.90402],[-87.7779,41.90471],[-87.77791,41.9052],[-87.77793,41.90577]]}},{"type":"Feature","properties":{"street_name":"S LOMBARD AVE","address_left_from":970,"address_left_to":998,"address_right_from":971,"address_right_to":999},"geometry":{"type":"LineString","coordinates":[[-87.77925,41.87127],[-87.77925,41.8711],[-87.77924,41.87101],[-87.77924,41.87083],[-87.77924,41.87079]]}},{"type":"Feature","properties":{"street_name":"N TAYLOR AVE","address_left_from":1237,"address_left_to":1299,"address_right_from":1238,"address_right_to":1298},"geometry":{"type":"LineString","coordinates":[[-87.7782,41.90873],[-87.77821,41.90886],[-87.77821,41.90905],[-87.77822,41.90923]]}},{"type":"Feature","properties":{"street_name":"N TAYLOR AVE","address_left_from":1201,"address_left_to":1203,"address_right_from":1200,"address_right_to":1202},"geometry":{"type":"LineString","coordinates":[[-87.77815,41.90739],[-87.77816,41.90751]]}},{"type":"Feature","properties":{"street_name":"S LOMBARD AVE","address_left_from":526,"address_left_to":534,"address_right_from":527,"address_right_to":535},"geometry":{"type":"LineString","coordinates":[[-87.77952,41.879],[-87.77951,41.87864]]}},{"type":"Feature","properties":{"street_name":"AUGUSTA ST","address_left_from":501,"address_left_to":519,"address_right_from":500,"address_right_to":516},"geometry":{"type":"LineString","coordinates":[[-87.78826,41.89817],[-87.78869,41.89816],[-87.78907,41.89816]]}},{"type":"Feature","properties":{"street_name":"N TAYLOR AVE","address_left_from":1131,"address_left_to":1199,"address_right_from":1130,"address_right_to":1198},"geometry":{"type":"LineString","coordinates":[[-87.77814,41.90697],[-87.77815,41.90728],[-87.77815,41.90739]]}},{"type":"Feature","properties":{"street_name":"AUGUSTA ST","address_left_from":431,"address_left_to":469,"address_right_from":430,"address_right_to":442},"geometry":{"type":"LineString","coordinates":[[-87.78663,41.8982],[-87.78696,41.89819],[-87.78745,41.89818]]}},{"type":"Feature","properties":{"street_name":"WESLEY AVE","address_left_from":1000,"address_left_to":1048,"address_right_from":1001,"address_right_to":1047},"geometry":{"type":"LineString","coordinates":[[-87.79151,41.87068],[-87.7915,41.87055],[-87.79148,41.86983],[-87.79145,41.86913],[-87.79145,41.86894]]}},{"type":"Feature","properties":{"street_name":"MADISON ST","address_left_from":851,"address_left_to":855,"address_right_from":854,"address_right_to":898},"geometry":{"type":"LineString","coordinates":[[-87.79667,41.87973],[-87.79692,41.87973]]}},{"type":"Feature","properties":{"street_name":"S CUYLER AVE","address_left_from":720,"address_left_to":798,"address_right_from":721,"address_right_to":799},"geometry":{"type":"LineString","coordinates":[[-87.78308,41.87538],[-87.78307,41.87511],[-87.78306,41.87472],[-87.78305,41.87448]]}},{"type":"Feature","properties":{"street_name":"MADISON ST","address_left_from":221,"address_left_to":235,"address_right_from":222,"address_right_to":234},"geometry":{"type":"LineString","coordinates":[[-87.7808,41.87999],[-87.78119,41.87998]]}},{"type":"Feature","properties":{"street_name":"N HUMPHREY AVE","address_left_from":101,"address_left_to":115,"address_right_from":100,"address_right_to":114},"geometry":{"type":"LineString","coordinates":[[-87.77653,41.88754],[-87.77655,41.8879],[-87.77655,41.88808]]}},{"type":"Feature","properties":{"street_name":"N HUMPHREY AVE","address_left_from":251,"address_left_to":299,"address_right_from":-1,"address_right_to":-1},"geometry":{"type":"LineString","coordinates":[[-87.77656,41.89195],[-87.77661,41.892],[-87.77663,41.89203],[-87.77667,41.89209],[-87.77671,41.89219],[-87.77671,41.89223],[-87.77671,41.89227],[-87.77671,41.89237],[-87.77668,41.89252]]}},{"type":"Feature","properties":{"street_name":"WASHINGTON BLVD","address_left_from":401,"address_left_to":431,"address_right_from":400,"address_right_to":430},"geometry":{"type":"LineString","coordinates":[[-87.78451,41.88172],[-87.78501,41.88171],[-87.78587,41.8817],[-87.78614,41.88169]]}},{"type":"Feature","properties":{"street_name":"MADISON ST","address_left_from":101,"address_left_to":107,"address_right_from":48,"address_right_to":62},"geometry":{"type":"LineString","coordinates":[[-87.77711,41.88005],[-87.7777,41.88004]]}},{"type":"Feature","properties":{"street_name":"N EAST AVE","address_left_from":701,"address_left_to":745,"address_right_from":700,"address_right_to":742},"geometry":{"type":"LineString","coordinates":[[-87.78989,41.89815],[-87.7899,41.89856],[-87.78993,41.89967],[-87.78994,41.89972]]}},{"type":"Feature","properties":{"street_name":"RANDOLPH ST","address_left_from":201,"address_left_to":229,"address_right_from":-1,"address_right_to":-1},"geometry":{"type":"LineString","coordinates":[[-87.77967,41.88379],[-87.78028,41.88378],[-87.78065,41.88377],[-87.7813,41.88376]]}},{"type":"Feature","properties":{"street_name":"S TAYLOR AVE","address_left_from":700,"address_left_to":798,"address_right_from":701,"address_right_to":799},"geometry":{"type":"LineString","coordinates":[[-87.77819,41.87635],[-87.77819,41.87616],[-87.77815,41.87512],[-87.77814,41.87471],[-87.77813,41.87455]]}},{"type":"Feature","properties":{"street_name":"ADAMS ST","address_left_from":101,"address_left_to":111,"address_right_from":100,"address_right_to":110},"geometry":{"type":"LineString","coordinates":[[-87.77705,41.8782],[-87.77733,41.87819],[-87.77765,41.87819]]}},{"type":"Feature","properties":{"street_name":"RANDOLPH ST","address_left_from":401,"address_left_to":415,"address_right_from":400,"address_right_to":414},"geometry":{"type":"LineString","coordinates":[[-87.78456,41.88345],[-87.78469,41.88344],[-87.78538,41.88342]]}},{"type":"Feature","properties":{"street_name":"FILLMORE ST","address_left_from":667,"address_left_to":699,"address_right_from":666,"address_right_to":698},"geometry":{"type":"LineString","coordinates":[[-87.79077,41.86704],[-87.79093,41.86704],[-87.79138,41.86703]]}},{"type":"Feature","properties":{"street_name":"RANDOLPH ST","address_left_from":973,"address_left_to":999,"address_right_from":972,"address_right_to":998},"geometry":{"type":"LineString","coordinates":[[-87.79926,41.88334],[-87.79966,41.88333],[-87.8,41.88332]]}},{"type":"Feature","properties":{"street_name":"FILLMORE ST","address_left_from":527,"address_left_to":549,"address_right_from":526,"address_right_to":548},"geometry":{"type":"LineString","coordinates":[[-87.78709,41.8671],[-87.78745,41.8671],[-87.7877,41.86709]]}},{"type":"Feature","properties":{"street_name":"I290 EXPY E","address_left_from":-1,"address_left_to":-1,"address_right_from":-1,"address_right_to":-1},"geometry":{"type":"LineString","coordinates":[[-87.80451,41.87349],[-87.80435,41.87348],[-87.80391,41.87344],[-87.80237,41.87329],[-87.80122,41.87317],[-87.80025,41.87309]]}},{"type":"Feature","properties":{"street_name":"RANDOLPH ST","address_left_from":801,"address_left_to":815,"address_right_from":800,"address_right_to":814},"geometry":{"type":"LineString","coordinates":[[-87.79437,41.88345],[-87.79504,41.88344]]}},{"type":"Feature","properties":{"street_name":"S HUMPHREY AVE","address_left_from":410,"address_left_to":414,"address_right_from":411,"address_right_to":415},"geometry":{"type":"LineString","coordinates":[[-87.77634,41.88155],[-87.77634,41.88144]]}},{"type":"Feature","properties":{"street_name":"FOREST AVE","address_left_from":801,"address_left_to":849,"address_right_from":800,"address_right_to":848},"geometry":{"type":"LineString","coordinates":[[-87.80089,41.89978],[-87.8009,41.90012],[-87.80091,41.90047],[-87.80093,41.90103],[-87.80095,41.90151]]}},{"type":"Feature","properties":{"street_name":"FOREST AVE","address_left_from":1001,"address_left_to":1049,"address_right_from":1000,"address_right_to":1048},"geometry":{"type":"LineString","coordinates":[[-87.80101,41.90344],[-87.80102,41.90377],[-87.80103,41.90425],[-87.80106,41.90519]]}},{"type":"Feature","properties":{"street_name":"HARRISON ST","address_left_from":701,"address_left_to":725,"address_right_from":700,"address_right_to":730},"geometry":{"type":"LineString","coordinates":[[-87.79156,41.87257],[-87.79176,41.87258],[-87.7924,41.87264],[-87.79279,41.87267]]}},{"type":"Feature","properties":{"street_name":"CLINTON AVE","address_left_from":300,"address_left_to":342,"address_right_from":301,"address_right_to":347},"geometry":{"type":"LineString","coordinates":[[-87.79852,41.88336],[-87.79851,41.88311],[-87.79849,41.88256],[-87.79847,41.88176],[-87.79846,41.8816]]}},{"type":"Feature","properties":{"street_name":"RANDOLPH ST","address_left_from":121,"address_left_to":199,"address_right_from":120,"address_right_to":198},"geometry":{"type":"LineString","coordinates":[[-87.77887,41.88399],[-87.77898,41.88399],[-87.77951,41.88398],[-87.77968,41.88398]]}},{"type":"Feature","properties":{"street_name":"FOREST AVE","address_left_from":151,"address_left_to":169,"address_right_from":150,"address_right_to":168},"geometry":{"type":"LineString","coordinates":[[-87.80017,41.88867],[-87.80019,41.8892],[-87.80019,41.88924],[-87.8002,41.88935]]}},{"type":"Feature","properties":{"street_name":"S TAYLOR AVE","address_left_from":900,"address_left_to":910,"address_right_from":901,"address_right_to":909},"geometry":{"type":"LineString","coordinates":[[-87.77807,41.87273],[-87.77807,41.87261],[-87.77806,41.87227]]}},{"type":"Feature","properties":{"street_name":"HARRISON ST","address_left_from":1031,"address_left_to":1065,"address_right_from":1030,"address_right_to":1064},"geometry":{"type":"LineString","coordinates":[[-87.80087,41.8736],[-87.80119,41.87363],[-87.80148,41.87365]]}},{"type":"Feature","properties":{"street_name":"LAKE ST","address_left_from":721,"address_left_to":799,"address_right_from":720,"address_right_to":798},"geometry":{"type":"LineString","coordinates":[[-87.7936,41.88861],[-87.79423,41.88864],[-87.79452,41.88865]]}},{"type":"Feature","properties":{"street_name":"HARRISON ST","address_left_from":901,"address_left_to":915,"address_right_from":900,"address_right_to":914},"geometry":{"type":"LineString","coordinates":[[-87.79717,41.87324],[-87.79743,41.87329],[-87.79789,41.87336]]}},{"type":"Feature","properties":{"street_name":"S TAYLOR AVE","address_left_from":300,"address_left_to":334,"address_right_from":301,"address_right_to":335},"geometry":{"type":"LineString","coordinates":[[-87.77805,41.884],[-87.77801,41.88272],[-87.77801,41.88272]]}},{"type":"Feature","properties":{"street_name":"LAKE ST","address_left_from":101,"address_left_to":199,"address_right_from":100,"address_right_to":198},"geometry":{"type":"LineString","coordinates":[[-87.77818,41.88813],[-87.77858,41.88814],[-87.77945,41.88817],[-87.77981,41.88818]]}},{"type":"Feature","properties":{"street_name":"I290 EXPY E","address_left_from":-1,"address_left_to":-1,"address_right_from":-1,"address_right_to":-1},"geometry":{"type":"LineString","coordinates":[[-87.78281,41.87156],[-87.78077,41.87139]]}},{"type":"Feature","properties":{"street_name":"HARRISON ST","address_left_from":527,"address_left_to":539,"address_right_from":524,"address_right_to":540},"geometry":{"type":"LineString","coordinates":[[-87.78789,41.87257],[-87.78817,41.87257],[-87.78861,41.87256]]}},{"type":"Feature","properties":{"street_name":"LAKE ST","address_left_from":701,"address_left_to":719,"address_right_from":700,"address_right_to":718},"geometry":{"type":"LineString","coordinates":[[-87.7927,41.88858],[-87.79298,41.88859],[-87.79349,41.88861],[-87.7936,41.88861]]}},{"type":"Feature","properties":{"street_name":"LAKE ST","address_left_from":801,"address_left_to":899,"address_right_from":800,"address_right_to":898},"geometry":{"type":"LineString","coordinates":[[-87.79452,41.88865],[-87.79489,41.88865],[-87.79563,41.88867],[-87.79603,41.88868],[-87.79624,41.88869],[-87.79686,41.8887],[-87.79716,41.8887]]}},{"type":"Feature","properties":{"street_name":"CLINTON AVE","address_left_from":1100,"address_left_to":1148,"address_right_from":1101,"address_right_to":1149},"geometry":{"type":"LineString","coordinates":[[-87.7978,41.86874],[-87.79779,41.86843],[-87.79774,41.86706],[-87.79774,41.86692]]}},{"type":"Feature","properties":{"street_name":"FILLMORE ST","address_left_from":31,"address_left_to":65,"address_right_from":30,"address_right_to":64},"geometry":{"type":"LineString","coordinates":[[-87.77543,41.86728],[-87.77563,41.86728],[-87.77604,41.86727]]}},{"type":"Feature","properties":{"street_name":"LAKE ST","address_left_from":201,"address_left_to":225,"address_right_from":200,"address_right_to":224},"geometry":{"type":"LineString","coordinates":[[-87.77981,41.88818],[-87.78104,41.88821]]}},{"type":"Feature","properties":{"street_name":"HARRISON ST","address_left_from":301,"address_left_to":311,"address_right_from":300,"address_right_to":310},"geometry":{"type":"LineString","coordinates":[[-87.78176,41.87267],[-87.78218,41.87266],[-87.78237,41.87266]]}},{"type":"Feature","properties":{"street_name":"RANDOLPH ST","address_left_from":1,"address_left_to":19,"address_right_from":2,"address_right_to":18},"geometry":{"type":"LineString","coordinates":[[-87.77558,41.88404],[-87.77561,41.88404]]}},{"type":"Feature","properties":{"street_name":"S TAYLOR AVE","address_left_from":652,"address_left_to":698,"address_right_from":651,"address_right_to":699},"geometry":{"type":"LineString","coordinates":[[-87.7782,41.87642],[-87.77819,41.87635]]}},{"type":"Feature","properties":{"street_name":"S TAYLOR AVE","address_left_from":912,"address_left_to":928,"address_right_from":911,"address_right_to":929},"geometry":{"type":"LineString","coordinates":[[-87.77806,41.87227],[-87.77805,41.87202],[-87.77804,41.87178],[-87.77804,41.87173],[-87.77803,41.87171]]}},{"type":"Feature","properties":{"street_name":"I290 EXPY E","address_left_from":-1,"address_left_to":-1,"address_right_from":-1,"address_right_to":-1},"geometry":{"type":"LineString","coordinates":[[-87.77925,41.87127],[-87.77918,41.87126],[-87.77723,41.87111],[-87.77629,41.87106],[-87.77557,41.87101],[-87.77467,41.87096],[-87.77455,41.87095],[-87.77445,41.87094],[-87.77433,41.87093]]}},{"type":"Feature","properties":{"street_name":"S SCOVILLE AVE","address_left_from":414,"address_left_to":434,"address_right_from":415,"address_right_to":435},"geometry":{"type":"LineString","coordinates":[[-87.78776,41.88112],[-87.78775,41.8808],[-87.78774,41.8804]]}},{"type":"Feature","properties":{"street_name":"LAKE ST","address_left_from":401,"address_left_to":437,"address_right_from":400,"address_right_to":436},"geometry":{"type":"LineString","coordinates":[[-87.7847,41.88833],[-87.78536,41.88835],[-87.78608,41.88837],[-87.78633,41.88838]]}},{"type":"Feature","properties":{"street_name":"S SCOVILLE AVE","address_left_from":400,"address_left_to":412,"address_right_from":401,"address_right_to":413},"geometry":{"type":"LineString","coordinates":[[-87.78777,41.88166],[-87.78777,41.88143],[-87.78776,41.88112]]}},{"type":"Feature","properties":{"street_name":"CLINTON AVE","address_left_from":1190,"address_left_to":1198,"address_right_from":1191,"address_right_to":1199},"geometry":{"type":"LineString","coordinates":[[-87.79769,41.8655],[-87.79768,41.86529],[-87.79767,41.8651]]}},{"type":"Feature","properties":{"street_name":"ADAMS ST","address_left_from":1101,"address_left_to":1151,"address_right_from":1100,"address_right_to":1150},"geometry":{"type":"LineString","coordinates":[[-87.8022,41.8768],[-87.80261,41.87679],[-87.80299,41.87678]]}},{"type":"Feature","properties":{"street_name":"CLINTON AVE","address_left_from":1000,"address_left_to":1048,"address_right_from":1001,"address_right_to":1049},"geometry":{"type":"LineString","coordinates":[[-87.79787,41.87057],[-87.79786,41.87038],[-87.79782,41.86922],[-87.79781,41.86883]]}},{"type":"Feature","properties":{"street_name":"ADAMS ST","address_left_from":519,"address_left_to":563,"address_right_from":518,"address_right_to":562},"geometry":{"type":"LineString","coordinates":[[-87.78807,41.87805],[-87.78825,41.87804],[-87.78869,41.87804]]}},{"type":"Feature","properties":{"street_name":"CLINTON AVE","address_left_from":200,"address_left_to":254,"address_right_from":201,"address_right_to":251},"geometry":{"type":"LineString","coordinates":[[-87.79859,41.88544],[-87.79858,41.88521],[-87.79856,41.8846],[-87.79853,41.88369],[-87.79852,41.88345]]}},{"type":"Feature","properties":{"street_name":"PERCY JULIAN SQ","address_left_from":101,"address_left_to":199,"address_right_from":100,"address_right_to":198},"geometry":{"type":"LineString","coordinates":[[-87.7907,41.88817],[-87.7906,41.88817],[-87.7906,41.88817],[-87.79059,41.88817],[-87.79058,41.88817],[-87.79058,41.88818],[-87.79057,41.88818],[-87.79057,41.88818],[-87.79056,41.88819],[-87.79056,41.88819],[-87.79056,41.8882],[-87.79056,41.8882],[-87.79057,41.88852]]}},{"type":"Feature","properties":{"street_name":"ROSSELL AVE","address_left_from":1241,"address_left_to":1299,"address_right_from":1240,"address_right_to":1298},"geometry":{"type":"LineString","coordinates":[[-87.78604,41.90863],[-87.78604,41.90866],[-87.78604,41.90882],[-87.78605,41.90899],[-87.78605,41.90913]]}},{"type":"Feature","properties":{"street_name":"ADAMS ST","address_left_from":1051,"address_left_to":1075,"address_right_from":1050,"address_right_to":1074},"geometry":{"type":"LineString","coordinates":[[-87.80098,41.87682],[-87.80133,41.87681],[-87.8016,41.8768]]}},{"type":"Feature","properties":{"street_name":"S TAYLOR AVE","address_left_from":600,"address_left_to":650,"address_right_from":601,"address_right_to":649},"geometry":{"type":"LineString","coordinates":[[-87.77826,41.87818],[-87.77825,41.87788],[-87.7782,41.87657],[-87.7782,41.87642]]}},{"type":"Feature","properties":{"street_name":"FILLMORE ST","address_left_from":629,"address_left_to":665,"address_right_from":628,"address_right_to":664},"geometry":{"type":"LineString","coordinates":[[-87.79016,41.86705],[-87.79038,41.86705],[-87.79077,41.86704]]}},{"type":"Feature","properties":{"street_name":"RANDOLPH ST","address_left_from":-1,"address_left_to":-1,"address_right_from":200,"address_right_to":214},"geometry":{"type":"LineString","coordinates":[[-87.77968,41.88398],[-87.78027,41.88397],[-87.78049,41.88397]]}},{"type":"Feature","properties":{"street_name":"FILLMORE ST","address_left_from":1067,"address_left_to":1099,"address_right_from":1066,"address_right_to":1098},"geometry":{"type":"LineString","coordinates":[[-87.80115,41.86686],[-87.80159,41.86685],[-87.80185,41.86685]]}},{"type":"Feature","properties":{"street_name":"LAKE ST","address_left_from":251,"address_left_to":299,"address_right_from":250,"address_right_to":298},"geometry":{"type":"LineString","coordinates":[[-87.78212,41.88825],[-87.78236,41.88825],[-87.78283,41.88827],[-87.78306,41.88828]]}},{"type":"Feature","properties":{"street_name":"S HUMPHREY AVE","address_left_from":1100,"address_left_to":1148,"address_right_from":1101,"address_right_to":1149},"geometry":{"type":"LineString","coordinates":[[-87.7755,41.86911],[-87.77549,41.86885],[-87.77546,41.86816],[-87.77544,41.86761],[-87.77543,41.86728]]}},{"type":"Feature","properties":{"street_name":"RANDOLPH ST","address_left_from":77,"address_left_to":99,"address_right_from":76,"address_right_to":98},"geometry":{"type":"LineString","coordinates":[[-87.77724,41.88402],[-87.77733,41.88401],[-87.77805,41.884]]}},{"type":"Feature","properties":{"street_name":"SOUTH BLVD","address_left_from":301,"address_left_to":399,"address_right_from":300,"address_right_to":398},"geometry":{"type":"LineString","coordinates":[[-87.78301,41.88697],[-87.78306,41.88696],[-87.78362,41.88697],[-87.78443,41.88696],[-87.78466,41.88696]]}},{"type":"Feature","properties":{"street_name":"CLINTON AVE","address_left_from":120,"address_left_to":138,"address_right_from":121,"address_right_to":131},"geometry":{"type":"LineString","coordinates":[[-87.79861,41.88602],[-87.79861,41.88589],[-87.79859,41.88551]]}},{"type":"Feature","properties":{"street_name":"ADAMS ST","address_left_from":1,"address_left_to":11,"address_right_from":2,"address_right_to":12},"geometry":{"type":"LineString","coordinates":[[-87.77483,41.87824],[-87.77489,41.87824],[-87.77505,41.87825],[-87.7751,41.87825],[-87.77515,41.87825],[-87.77523,41.87823]]}},{"type":"Feature","properties":{"street_name":"RANDOLPH ST","address_left_from":717,"address_left_to":799,"address_right_from":710,"address_right_to":798},"geometry":{"type":"LineString","coordinates":[[-87.79354,41.88331],[-87.79436,41.8833]]}},{"type":"Feature","properties":{"street_name":"SOUTH BLVD","address_left_from":235,"address_left_to":257,"address_right_from":234,"address_right_to":258},"geometry":{"type":"LineString","coordinates":[[-87.78138,41.88704],[-87.78149,41.88704],[-87.78186,41.88704],[-87.78239,41.88702],[-87.7824,41.88702],[-87.78282,41.887],[-87.78289,41.88699]]}},{"type":"Feature","properties":{"street_name":"S TAYLOR AVE","address_left_from":414,"address_left_to":436,"address_right_from":415,"address_right_to":437},"geometry":{"type":"LineString","coordinates":[[-87.77797,41.88152],[-87.77796,41.88107],[-87.77794,41.88057]]}},{"type":"Feature","properties":{"street_name":"FILLMORE ST","address_left_from":165,"address_left_to":199,"address_right_from":164,"address_right_to":198},"geometry":{"type":"LineString","coordinates":[[-87.77849,41.86724],[-87.77879,41.86723],[-87.77911,41.86723]]}},{"type":"Feature","properties":{"street_name":"ADAMS ST","address_left_from":439,"address_left_to":469,"address_right_from":438,"address_right_to":468},"geometry":{"type":"LineString","coordinates":[[-87.78563,41.87808],[-87.78594,41.87808],[-87.78623,41.87808]]}},{"type":"Feature","properties":{"street_name":"FOREST AVE","address_left_from":1201,"address_left_to":1239,"address_right_from":1200,"address_right_to":1238},"geometry":{"type":"LineString","coordinates":[[-87.80112,41.90711],[-87.80116,41.90803],[-87.80116,41.90821],[-87.80117,41.90832],[-87.80117,41.90843],[-87.80117,41.90844]]}},{"type":"Feature","properties":{"street_name":"ADAMS ST","address_left_from":625,"address_left_to":639,"address_right_from":624,"address_right_to":638},"geometry":{"type":"LineString","coordinates":[[-87.79052,41.878],[-87.79088,41.878],[-87.79113,41.87799]]}},{"type":"Feature","properties":{"street_name":"LAKE ST","address_left_from":1,"address_left_to":35,"address_right_from":2,"address_right_to":34},"geometry":{"type":"LineString","coordinates":[[-87.77493,41.88803],[-87.77519,41.88804],[-87.77553,41.88805],[-87.77612,41.88807],[-87.77655,41.88808]]}},{"type":"Feature","properties":{"street_name":"S HUMPHREY AVE","address_left_from":500,"address_left_to":508,"address_right_from":501,"address_right_to":509},"geometry":{"type":"LineString","coordinates":[[-87.77589,41.88007],[-87.77587,41.87955]]}},{"type":"Feature","properties":{"street_name":"FILLMORE ST","address_left_from":901,"address_left_to":915,"address_right_from":900,"address_right_to":914},"geometry":{"type":"LineString","coordinates":[[-87.79643,41.86694],[-87.79688,41.86693],[-87.79708,41.86693]]}},{"type":"Feature","properties":{"street_name":"RANDOLPH ST","address_left_from":271,"address_left_to":299,"address_right_from":270,"address_right_to":298},"geometry":{"type":"LineString","coordinates":[[-87.78212,41.88377],[-87.78267,41.8836],[-87.78293,41.88353]]}},{"type":"Feature","properties":{"street_name":"FILLMORE ST","address_left_from":67,"address_left_to":99,"address_right_from":66,"address_right_to":98},"geometry":{"type":"LineString","coordinates":[[-87.77604,41.86727],[-87.77612,41.86727],[-87.77649,41.86726],[-87.77666,41.86726]]}},{"type":"Feature","properties":{"street_name":"RANDOLPH ST","address_left_from":353,"address_left_to":399,"address_right_from":352,"address_right_to":398},"geometry":{"type":"LineString","coordinates":[[-87.78374,41.88348],[-87.78444,41.88347],[-87.78456,41.88345]]}},{"type":"Feature","properties":{"street_name":"ADAMS ST","address_left_from":327,"address_left_to":365,"address_right_from":326,"address_right_to":364},"geometry":{"type":"LineString","coordinates":[[-87.78317,41.8781],[-87.78356,41.87809],[-87.78379,41.87809]]}},{"type":"Feature","properties":{"street_name":"RANDOLPH ST","address_left_from":1131,"address_left_to":1141,"address_right_from":1130,"address_right_to":1146},"geometry":{"type":"LineString","coordinates":[[-87.80399,41.88324],[-87.80448,41.88324],[-87.80474,41.88323]]}},{"type":"Feature","properties":{"street_name":"S SCOVILLE AVE","address_left_from":510,"address_left_to":544,"address_right_from":511,"address_right_to":547},"geometry":{"type":"LineString","coordinates":[[-87.78812,41.87934],[-87.7881,41.87885],[-87.78808,41.87825],[-87.78808,41.87813]]}},{"type":"Feature","properties":{"street_name":"RANDOLPH ST","address_left_from":619,"address_left_to":639,"address_right_from":618,"address_right_to":638},"geometry":{"type":"LineString","coordinates":[[-87.79028,41.88334],[-87.7906,41.88333],[-87.79109,41.88332]]}},{"type":"Feature","properties":{"street_name":"CLINTON AVE","address_left_from":100,"address_left_to":118,"address_right_from":101,"address_right_to":119},"geometry":{"type":"LineString","coordinates":[[-87.79864,41.88684],[-87.79863,41.88654],[-87.79861,41.88602]]}},{"type":"Feature","properties":{"street_name":"RANDOLPH ST","address_left_from":671,"address_left_to":699,"address_right_from":670,"address_right_to":698},"geometry":{"type":"LineString","coordinates":[[-87.79191,41.88331],[-87.79248,41.8833],[-87.79272,41.88331]]}},{"type":"Feature","properties":{"street_name":"HARRISON ST","address_left_from":1101,"address_left_to":1115,"address_right_from":1100,"address_right_to":1114},"geometry":{"type":"LineString","coordinates":[[-87.8021,41.8737],[-87.80259,41.87374],[-87.80287,41.87377]]}},{"type":"Feature","properties":{"street_name":"S HUMPHREY AVE","address_left_from":114,"address_left_to":142,"address_right_from":115,"address_right_to":143},"geometry":{"type":"LineString","coordinates":[[-87.7765,41.88656],[-87.77647,41.88544]]}},{"type":"Feature","properties":{"street_name":"FOREST AVE","address_left_from":711,"address_left_to":747,"address_right_from":710,"address_right_to":748},"geometry":{"type":"LineString","coordinates":[[-87.80085,41.89842],[-87.80086,41.89891],[-87.80088,41.89952],[-87.80089,41.89969]]}},{"type":"Feature","properties":{"street_name":"S HUMPHREY AVE","address_left_from":910,"address_left_to":932,"address_right_from":913,"address_right_to":933},"geometry":{"type":"LineString","coordinates":[[-87.77561,41.87231],[-87.77559,41.87172],[-87.77558,41.87165],[-87.77558,41.87162],[-87.77559,41.8716],[-87.7756,41.87159],[-87.77562,41.87157]]}},{"type":"Feature","properties":{"street_name":"LAKE ST","address_left_from":37,"address_left_to":99,"address_right_from":36,"address_right_to":98},"geometry":{"type":"LineString","coordinates":[[-87.77655,41.88808],[-87.77711,41.8881],[-87.77789,41.88812],[-87.77818,41.88813]]}},{"type":"Feature","properties":{"street_name":"LAKE ST","address_left_from":645,"address_left_to":669,"address_right_from":644,"address_right_to":668},"geometry":{"type":"LineString","coordinates":[[-87.79144,41.88854],[-87.79192,41.88856]]}},{"type":"Feature","properties":{"street_name":"S SCOVILLE AVE","address_left_from":112,"address_left_to":144,"address_right_from":111,"address_right_to":143},"geometry":{"type":"LineString","coordinates":[[-87.78791,41.88641],[-87.78789,41.8857],[-87.78788,41.8853],[-87.78787,41.88525]]}},{"type":"Feature","properties":{"street_name":"BISHOP QUARTER LN","address_left_from":100,"address_left_to":118,"address_right_from":-1,"address_right_to":-1},"geometry":{"type":"LineString","coordinates":[[-87.79033,41.88739],[-87.79034,41.88771],[-87.79035,41.88791]]}},{"type":"Feature","properties":{"street_name":"FILLMORE ST","address_left_from":967,"address_left_to":999,"address_right_from":966,"address_right_to":998},"geometry":{"type":"LineString","coordinates":[[-87.79839,41.8669],[-87.7987,41.8669],[-87.79904,41.86689]]}},{"type":"Feature","properties":{"street_name":"FOREST AVE","address_left_from":109,"address_left_to":125,"address_right_from":108,"address_right_to":124},"geometry":{"type":"LineString","coordinates":[[-87.80071,41.88725],[-87.80072,41.88726],[-87.80074,41.8873],[-87.80075,41.88735],[-87.80076,41.8874],[-87.80076,41.88779],[-87.80079,41.88859]]}},{"type":"Feature","properties":{"street_name":"SOUTH BLVD","address_left_from":111,"address_left_to":199,"address_right_from":110,"address_right_to":198},"geometry":{"type":"LineString","coordinates":[[-87.77888,41.88708],[-87.77928,41.88707],[-87.77949,41.88707],[-87.77977,41.88707]]}},{"type":"Feature","properties":{"street_name":"S TAYLOR AVE","address_left_from":114,"address_left_to":144,"address_right_from":115,"address_right_to":147},"geometry":{"type":"LineString","coordinates":[[-87.77812,41.88654],[-87.7781,41.8863],[-87.77809,41.88541]]}},{"type":"Feature","properties":{"street_name":"FILLMORE ST","address_left_from":701,"address_left_to":713,"address_right_from":700,"address_right_to":712},"geometry":{"type":"LineString","coordinates":[[-87.79138,41.86703],[-87.79158,41.86703],[-87.792,41.86702]]}},{"type":"Feature","properties":{"street_name":"HARRISON ST","address_left_from":727,"address_left_to":763,"address_right_from":732,"address_right_to":762},"geometry":{"type":"LineString","coordinates":[[-87.79279,41.87267],[-87.79299,41.87269],[-87.79327,41.87271],[-87.79338,41.87272]]}},{"type":"Feature","properties":{"street_name":"ADAMS ST","address_left_from":201,"address_left_to":213,"address_right_from":200,"address_right_to":212},"geometry":{"type":"LineString","coordinates":[[-87.7795,41.87816],[-87.77981,41.87815],[-87.78013,41.87815]]}},{"type":"Feature","properties":{"street_name":"CLINTON AVE","address_left_from":500,"address_left_to":534,"address_right_from":501,"address_right_to":535},"geometry":{"type":"LineString","coordinates":[[-87.79883,41.8797],[-87.79879,41.87879],[-87.79878,41.87836]]}},{"type":"Feature","properties":{"street_name":"S HUMPHREY AVE","address_left_from":850,"address_left_to":898,"address_right_from":851,"address_right_to":899},"geometry":{"type":"LineString","coordinates":[[-87.77563,41.87285],[-87.77563,41.87277]]}},{"type":"Feature","properties":{"street_name":"S TAYLOR AVE","address_left_from":1012,"address_left_to":1042,"address_right_from":1013,"address_right_to":1041},"geometry":{"type":"LineString","coordinates":[[-87.77799,41.87026],[-87.77797,41.86964],[-87.77796,41.86941],[-87.77795,41.86916]]}},{"type":"Feature","properties":{"street_name":"SOUTH BLVD","address_left_from":1055,"address_left_to":1099,"address_right_from":1050,"address_right_to":1098},"geometry":{"type":"LineString","coordinates":[[-87.80244,41.88674],[-87.80253,41.88674]]}},{"type":"Feature","properties":{"street_name":"S SCOVILLE AVE","address_left_from":248,"address_left_to":298,"address_right_from":245,"address_right_to":299},"geometry":{"type":"LineString","coordinates":[[-87.78782,41.8835],[-87.78782,41.88349],[-87.78782,41.88338]]}},{"type":"Feature","properties":{"street_name":"RANDOLPH ST","address_left_from":901,"address_left_to":909,"address_right_from":900,"address_right_to":908},"geometry":{"type":"LineString","coordinates":[[-87.79703,41.88339],[-87.79738,41.88338],[-87.79778,41.88337]]}},{"type":"Feature","properties":{"street_name":"S TAYLOR AVE","address_left_from":438,"address_left_to":442,"address_right_from":439,"address_right_to":443},"geometry":{"type":"LineString","coordinates":[[-87.77794,41.88057],[-87.77794,41.8802]]}},{"type":"Feature","properties":{"street_name":"RANDOLPH ST","address_left_from":51,"address_left_to":75,"address_right_from":50,"address_right_to":74},"geometry":{"type":"LineString","coordinates":[[-87.77642,41.88403],[-87.77672,41.88402],[-87.77724,41.88402]]}},{"type":"Feature","properties":{"street_name":"BISHOP QUARTER LN","address_left_from":120,"address_left_to":128,"address_right_from":121,"address_right_to":129},"geometry":{"type":"LineString","coordinates":[[-87.79121,41.88789],[-87.79116,41.88789],[-87.79098,41.8879],[-87.7907,41.88791],[-87.79052,41.88791],[-87.79035,41.88791]]}},{"type":"Feature","properties":{"street_name":"FOREST AVE","address_left_from":101,"address_left_to":107,"address_right_from":100,"address_right_to":106},"geometry":{"type":"LineString","coordinates":[[-87.80062,41.88717],[-87.80071,41.88725]]}},{"type":"Feature","properties":{"street_name":"HARRISON ST","address_left_from":25,"address_left_to":37,"address_right_from":26,"address_right_to":38},"geometry":{"type":"LineString","coordinates":[[-87.77563,41.87277],[-87.77605,41.87277],[-87.77625,41.87276]]}},{"type":"Feature","properties":{"street_name":"S HUMPHREY AVE","address_left_from":144,"address_left_to":198,"address_right_from":145,"address_right_to":199},"geometry":{"type":"LineString","coordinates":[[-87.77647,41.88544],[-87.77646,41.88535]]}},{"type":"Feature","properties":{"street_name":"HARRISON ST","address_left_from":201,"address_left_to":211,"address_right_from":200,"address_right_to":210},"geometry":{"type":"LineString","coordinates":[[-87.77931,41.87271],[-87.77962,41.8727],[-87.77993,41.8727]]}},{"type":"Feature","properties":{"street_name":"S SCOVILLE AVE","address_left_from":146,"address_left_to":198,"address_right_from":145,"address_right_to":199},"geometry":{"type":"LineString","coordinates":[[-87.78787,41.88525],[-87.78787,41.88515]]}},{"type":"Feature","properties":{"street_name":"CLINTON AVE","address_left_from":2,"address_left_to":98,"address_right_from":1,"address_right_to":99},"geometry":{"type":"LineString","coordinates":[[-87.79866,41.8872],[-87.79865,41.88715],[-87.79864,41.88698],[-87.79864,41.88692],[-87.79864,41.88692],[-87.79864,41.88684]]}},{"type":"Feature","properties":{"street_name":"S HUMPHREY AVE","address_left_from":336,"address_left_to":338,"address_right_from":337,"address_right_to":339},"geometry":{"type":"LineString","coordinates":[[-87.77637,41.88269],[-87.77637,41.88267]]}},{"type":"Feature","properties":{"street_name":"LAKE ST","address_left_from":1101,"address_left_to":1131,"address_right_from":1100,"address_right_to":1130},"geometry":{"type":"LineString","coordinates":[[-87.80263,41.88865],[-87.80307,41.88864],[-87.80373,41.88861],[-87.80405,41.8886]]}},{"type":"Feature","properties":{"street_name":"SOUTH BLVD","address_left_from":259,"address_left_to":299,"address_right_from":260,"address_right_to":298},"geometry":{"type":"LineString","coordinates":[[-87.78289,41.88699],[-87.78301,41.88697]]}},{"type":"Feature","properties":{"street_name":"S HUMPHREY AVE","address_left_from":232,"address_left_to":298,"address_right_from":233,"address_right_to":299},"geometry":{"type":"LineString","coordinates":[[-87.77642,41.88414],[-87.77642,41.88403]]}},{"type":"Feature","properties":{"street_name":"HARRISON ST","address_left_from":113,"address_left_to":125,"address_right_from":114,"address_right_to":124},"geometry":{"type":"LineString","coordinates":[[-87.77746,41.87273],[-87.77775,41.87273],[-87.77807,41.87273]]}},{"type":"Feature","properties":{"street_name":"SOUTH BLVD","address_left_from":951,"address_left_to":999,"address_right_from":950,"address_right_to":998},"geometry":{"type":"LineString","coordinates":[[-87.79956,41.88682],[-87.79998,41.88682],[-87.80022,41.88681]]}},{"type":"Feature","properties":{"street_name":"LAKE ST","address_left_from":1021,"address_left_to":1057,"address_right_from":1020,"address_right_to":1050},"geometry":{"type":"LineString","coordinates":[[-87.80137,41.88867],[-87.80166,41.88866],[-87.80226,41.88864],[-87.80247,41.88865]]}},{"type":"Feature","properties":{"street_name":"SOUTH BLVD","address_left_from":665,"address_left_to":699,"address_right_from":666,"address_right_to":698},"geometry":{"type":"LineString","coordinates":[[-87.79268,41.88691],[-87.79279,41.88691]]}},{"type":"Feature","properties":{"street_name":"S TAYLOR AVE","address_left_from":1000,"address_left_to":1010,"address_right_from":1001,"address_right_to":1011},"geometry":{"type":"LineString","coordinates":[[-87.77801,41.87068],[-87.77799,41.87026]]}},{"type":"Feature","properties":{"street_name":"S HUMPHREY AVE","address_left_from":548,"address_left_to":598,"address_right_from":549,"address_right_to":599},"geometry":{"type":"LineString","coordinates":[[-87.77584,41.87831],[-87.77584,41.87825],[-87.77583,41.87822]]}},{"type":"Feature","properties":{"street_name":"HARRISON ST","address_left_from":931,"address_left_to":979,"address_right_from":930,"address_right_to":978},"geometry":{"type":"LineString","coordinates":[[-87.79861,41.87346],[-87.79889,41.87348],[-87.79909,41.87349],[-87.79933,41.87348]]}},{"type":"Feature","properties":{"street_name":"S SCOVILLE AVE","address_left_from":850,"address_left_to":898,"address_right_from":849,"address_right_to":899},"geometry":{"type":"LineString","coordinates":[[-87.78789,41.87266],[-87.78789,41.87257]]}},{"type":"Feature","properties":{"street_name":"RANDOLPH ST","address_left_from":471,"address_left_to":499,"address_right_from":470,"address_right_to":498},"geometry":{"type":"LineString","coordinates":[[-87.78701,41.8834],[-87.78754,41.88339],[-87.78782,41.88338]]}},{"type":"Feature","properties":{"street_name":"S HUMPHREY AVE","address_left_from":934,"address_left_to":998,"address_right_from":935,"address_right_to":999},"geometry":{"type":"LineString","coordinates":[[-87.77562,41.87157],[-87.77564,41.87156],[-87.77565,41.87155],[-87.77567,41.87154],[-87.7757,41.87153]]}},{"type":"Feature","properties":{"street_name":"MONROE ST","address_left_from":851,"address_left_to":869,"address_right_from":850,"address_right_to":868},"geometry":{"type":"LineString","coordinates":[[-87.79623,41.87832],[-87.79654,41.87831],[-87.79662,41.87831]]}},{"type":"Feature","properties":{"street_name":"S SCOVILLE AVE","address_left_from":1050,"address_left_to":1098,"address_right_from":1051,"address_right_to":1099},"geometry":{"type":"LineString","coordinates":[[-87.78777,41.86901],[-87.78777,41.86892]]}},{"type":"Feature","properties":{"street_name":"FRANK LLOYD WRIGHT LN","address_left_from":121,"address_left_to":149,"address_right_from":120,"address_right_to":148},"geometry":{"type":"LineString","coordinates":[[-87.79001,41.88791],[-87.79001,41.88803],[-87.79002,41.88819],[-87.79003,41.8885]]}},{"type":"Feature","properties":{"street_name":"S HUMPHREY AVE","address_left_from":348,"address_left_to":398,"address_right_from":347,"address_right_to":399},"geometry":{"type":"LineString","coordinates":[[-87.77636,41.8822],[-87.77636,41.88208]]}},{"type":"Feature","properties":{"street_name":"N GROVE AVE","address_left_from":901,"address_left_to":949,"address_right_from":900,"address_right_to":948},"geometry":{"type":"LineString","coordinates":[[-87.79636,41.90168],[-87.79638,41.90211],[-87.7964,41.90322],[-87.79641,41.90342]]}},{"type":"Feature","properties":{"street_name":"SOUTH BLVD","address_left_from":533,"address_left_to":599,"address_right_from":530,"address_right_to":598},"geometry":{"type":"LineString","coordinates":[[-87.78942,41.88694],[-87.78956,41.88694]]}},{"type":"Feature","properties":{"street_name":"N RIDGELAND AVE","address_left_from":1021,"address_left_to":1089,"address_right_from":1004,"address_right_to":1006},"geometry":{"type":"LineString","coordinates":[[-87.78387,41.90476],[-87.78386,41.9048],[-87.78368,41.90529],[-87.78358,41.9056],[-87.78355,41.90566],[-87.78352,41.90571]]}},{"type":"Feature","properties":{"street_name":"S SCOVILLE AVE","address_left_from":646,"address_left_to":698,"address_right_from":651,"address_right_to":699},"geometry":{"type":"LineString","coordinates":[[-87.78802,41.87631],[-87.78801,41.87622]]}},{"type":"Feature","properties":{"street_name":"I290 RAMP W","address_left_from":-1,"address_left_to":-1,"address_right_from":-1,"address_right_to":-1},"geometry":{"type":"LineString","coordinates":[[-87.80247,41.87348],[-87.80316,41.87355],[-87.80365,41.8736]]}},{"type":"Feature","properties":{"street_name":"PRAIRIE WAY","address_left_from":1147,"address_left_to":1199,"address_right_from":1146,"address_right_to":1198},"geometry":{"type":"LineString","coordinates":[[-87.80481,41.88924],[-87.80509,41.88923]]}},{"type":"Feature","properties":{"street_name":"S LOMBARD AVE","address_left_from":940,"address_left_to":958,"address_right_from":941,"address_right_to":959},"geometry":{"type":"LineString","coordinates":[[-87.77926,41.87152],[-87.77926,41.8714],[-87.77926,41.87133]]}},{"type":"Feature","properties":{"street_name":"S OAK PARK AVE","address_left_from":1194,"address_left_to":1198,"address_right_from":1195,"address_right_to":1199},"geometry":{"type":"LineString","coordinates":[[-87.79376,41.86556],[-87.79376,41.86532],[-87.79375,41.86516]]}},{"type":"Feature","properties":{"street_name":"S SCOVILLE AVE","address_left_from":546,"address_left_to":598,"address_right_from":549,"address_right_to":599},"geometry":{"type":"LineString","coordinates":[[-87.78808,41.87813],[-87.78807,41.87805]]}},{"type":"Feature","properties":{"street_name":"FRANK LLOYD WRIGHT LN","address_left_from":101,"address_left_to":119,"address_right_from":100,"address_right_to":118},"geometry":{"type":"LineString","coordinates":[[-87.79,41.88739],[-87.79001,41.88778],[-87.79001,41.88791]]}},{"type":"Feature","properties":{"street_name":"ADAMS ST","address_left_from":47,"address_left_to":99,"address_right_from":46,"address_right_to":98},"geometry":{"type":"LineString","coordinates":[[-87.77694,41.8782],[-87.77705,41.8782]]}},{"type":"Feature","properties":{"street_name":"S RIDGELAND AVE","address_left_from":916,"address_left_to":918,"address_right_from":917,"address_right_to":919},"geometry":{"type":"LineString","coordinates":[[-87.7842,41.87218],[-87.78419,41.87203]]}},{"type":"Feature","properties":{"street_name":"ADAMS ST","address_left_from":649,"address_left_to":699,"address_right_from":650,"address_right_to":698},"geometry":{"type":"LineString","coordinates":[[-87.79163,41.87798],[-87.79175,41.87798]]}},{"type":"Feature","properties":{"street_name":"S OAK PARK AVE","address_left_from":914,"address_left_to":966,"address_right_from":915,"address_right_to":947},"geometry":{"type":"LineString","coordinates":[[-87.79397,41.87154],[-87.79396,41.87133],[-87.79395,41.87081],[-87.79395,41.87073]]}},{"type":"Feature","properties":{"street_name":"S HUMPHREY AVE","address_left_from":1044,"address_left_to":1098,"address_right_from":1043,"address_right_to":1099},"geometry":{"type":"LineString","coordinates":[[-87.7755,41.8692],[-87.7755,41.86911]]}},{"type":"Feature","properties":{"street_name":"S OAK PARK AVE","address_left_from":1000,"address_left_to":1048,"address_right_from":1001,"address_right_to":1047},"geometry":{"type":"LineString","coordinates":[[-87.79394,41.87064],[-87.79393,41.87028],[-87.7939,41.86941],[-87.79388,41.86896],[-87.79388,41.8689]]}},{"type":"Feature","properties":{"street_name":"S LOMBARD AVE","address_left_from":960,"address_left_to":968,"address_right_from":961,"address_right_to":969},"geometry":{"type":"LineString","coordinates":[[-87.77926,41.87133],[-87.77925,41.87127]]}},{"type":"Feature","properties":{"street_name":"N RIDGELAND AVE","address_left_from":1101,"address_left_to":1143,"address_right_from":1100,"address_right_to":1140},"geometry":{"type":"LineString","coordinates":[[-87.78344,41.90578],[-87.78334,41.90585],[-87.7833,41.90589],[-87.78328,41.90595],[-87.78327,41.90611],[-87.78331,41.90719],[-87.78331,41.90725]]}},{"type":"Feature","properties":{"street_name":"FILLMORE ST","address_left_from":315,"address_left_to":325,"address_right_from":314,"address_right_to":324},"geometry":{"type":"LineString","coordinates":[[-87.78218,41.86718],[-87.78248,41.86718],[-87.7828,41.86717]]}},{"type":"Feature","properties":{"street_name":"MONROE ST","address_left_from":801,"address_left_to":849,"address_right_from":800,"address_right_to":848},"geometry":{"type":"LineString","coordinates":[[-87.79541,41.87833],[-87.79603,41.87832],[-87.79623,41.87832]]}},{"type":"Feature","properties":{"street_name":"ADAMS ST","address_left_from":991,"address_left_to":999,"address_right_from":990,"address_right_to":998},"geometry":{"type":"LineString","coordinates":[[-87.79945,41.87684],[-87.79977,41.87684]]}},{"type":"Feature","properties":{"street_name":"N RIDGELAND AVE","address_left_from":427,"address_left_to":499,"address_right_from":426,"address_right_to":498},"geometry":{"type":"LineString","coordinates":[[-87.78486,41.89403],[-87.78487,41.8943],[-87.78488,41.89457]]}},{"type":"Feature","properties":{"street_name":"ADAMS ST","address_left_from":901,"address_left_to":925,"address_right_from":900,"address_right_to":924},"geometry":{"type":"LineString","coordinates":[[-87.79729,41.87688],[-87.79758,41.87688],[-87.79801,41.87687]]}},{"type":"Feature","properties":{"street_name":"S RIDGELAND AVE","address_left_from":840,"address_left_to":848,"address_right_from":839,"address_right_to":849},"geometry":{"type":"LineString","coordinates":[[-87.78423,41.87309],[-87.78423,41.87288],[-87.78422,41.87273]]}},{"type":"Feature","properties":{"street_name":"S HUMPHREY AVE","address_left_from":600,"address_left_to":648,"address_right_from":601,"address_right_to":649},"geometry":{"type":"LineString","coordinates":[[-87.77583,41.87822],[-87.77581,41.87749],[-87.77577,41.87645]]}},{"type":"Feature","properties":{"street_name":"MONROE ST","address_left_from":901,"address_left_to":925,"address_right_from":900,"address_right_to":924},"geometry":{"type":"LineString","coordinates":[[-87.79734,41.8783],[-87.79758,41.87829],[-87.79806,41.87828]]}},{"type":"Feature","properties":{"street_name":"S SCOVILLE AVE","address_left_from":800,"address_left_to":834,"address_right_from":801,"address_right_to":835},"geometry":{"type":"LineString","coordinates":[[-87.78795,41.87439],[-87.78795,41.8742],[-87.78792,41.8735],[-87.78791,41.87302]]}},{"type":"Feature","properties":{"street_name":"S OAK PARK AVE","address_left_from":506,"address_left_to":508,"address_right_from":507,"address_right_to":509},"geometry":{"type":"LineString","coordinates":[[-87.79424,41.87929],[-87.79424,41.87923]]}},{"type":"Feature","properties":{"street_name":"S HUMPHREY AVE","address_left_from":434,"address_left_to":470,"address_right_from":437,"address_right_to":471},"geometry":{"type":"LineString","coordinates":[[-87.77631,41.88063],[-87.77631,41.8806]]}},{"type":"Feature","properties":{"street_name":"LE MOYNE PKWY","address_left_from":501,"address_left_to":515,"address_right_from":500,"address_right_to":514},"geometry":{"type":"LineString","coordinates":[[-87.78729,41.90729],[-87.78771,41.90728],[-87.78802,41.90728]]}},{"type":"Feature","properties":{"street_name":"S SCOVILLE AVE","address_left_from":200,"address_left_to":246,"address_right_from":201,"address_right_to":243},"geometry":{"type":"LineString","coordinates":[[-87.78787,41.88515],[-87.78787,41.88496],[-87.78784,41.88388],[-87.78782,41.8835]]}},{"type":"Feature","properties":{"street_name":"N RIDGELAND AVE","address_left_from":901,"address_left_to":951,"address_right_from":900,"address_right_to":950},"geometry":{"type":"LineString","coordinates":[[-87.7842,41.90189],[-87.78418,41.90259],[-87.7842,41.90312],[-87.78421,41.90371]]}},{"type":"Feature","properties":{"street_name":"S HUMPHREY AVE","address_left_from":700,"address_left_to":798,"address_right_from":701,"address_right_to":799},"geometry":{"type":"LineString","coordinates":[[-87.77576,41.87639],[-87.77575,41.87615],[-87.77573,41.87562],[-87.77571,41.87492],[-87.77569,41.87459]]}},{"type":"Feature","properties":{"street_name":"LE MOYNE PKWY","address_left_from":517,"address_left_to":527,"address_right_from":516,"address_right_to":526},"geometry":{"type":"LineString","coordinates":[[-87.78802,41.90728],[-87.78839,41.90727],[-87.78871,41.90727]]}},{"type":"Feature","properties":{"street_name":"SOUTH BLVD","address_left_from":1147,"address_left_to":1199,"address_right_from":1146,"address_right_to":1198},"geometry":{"type":"LineString","coordinates":[[-87.80472,41.88671],[-87.80499,41.88671],[-87.80499,41.88671]]}},{"type":"Feature","properties":{"street_name":"S RIDGELAND AVE","address_left_from":1100,"address_left_to":1148,"address_right_from":1101,"address_right_to":1149},"geometry":{"type":"LineString","coordinates":[[-87.78409,41.86898],[-87.78408,41.86884],[-87.78406,41.86804],[-87.78404,41.86745],[-87.78403,41.86716]]}},{"type":"Feature","properties":{"street_name":"S SCOVILLE AVE","address_left_from":328,"address_left_to":398,"address_right_from":331,"address_right_to":399},"geometry":{"type":"LineString","coordinates":[[-87.78779,41.88221],[-87.78777,41.88166]]}},{"type":"Feature","properties":{"street_name":"I290 RAMP W","address_left_from":-1,"address_left_to":-1,"address_right_from":-1,"address_right_to":-1},"geometry":{"type":"LineString","coordinates":[[-87.7992,41.87323],[-87.79916,41.87323]]}},{"type":"Feature","properties":{"street_name":"ADAMS ST","address_left_from":401,"address_left_to":419,"address_right_from":400,"address_right_to":418},"geometry":{"type":"LineString","coordinates":[[-87.7844,41.87808],[-87.78501,41.87808]]}},{"type":"Feature","properties":{"street_name":"N GROVE AVE","address_left_from":301,"address_left_to":345,"address_right_from":300,"address_right_to":346},"geometry":{"type":"LineString","coordinates":[[-87.79609,41.89131],[-87.79609,41.89147],[-87.7961,41.89176],[-87.79613,41.89291],[-87.79614,41.89297]]}},{"type":"Feature","properties":{"street_name":"ADAMS ST","address_left_from":951,"address_left_to":989,"address_right_from":950,"address_right_to":988},"geometry":{"type":"LineString","coordinates":[[-87.79873,41.87686],[-87.79897,41.87685],[-87.79944,41.87684],[-87.79945,41.87684]]}},{"type":"Feature","properties":{"street_name":"CHESTNUT LN","address_left_from":410,"address_left_to":428,"address_right_from":411,"address_right_to":429},"geometry":{"type":"LineString","coordinates":[[-87.80073,41.88087],[-87.80072,41.88064],[-87.80071,41.88027]]}},{"type":"Feature","properties":{"street_name":"FILLMORE ST","address_left_from":1153,"address_left_to":1199,"address_right_from":1152,"address_right_to":1198},"geometry":{"type":"LineString","coordinates":[[-87.80263,41.86683],[-87.80341,41.86681]]}},{"type":"Feature","properties":{"street_name":"BELLEFORTE AVE","address_left_from":501,"address_left_to":515,"address_right_from":500,"address_right_to":514},"geometry":{"type":"LineString","coordinates":[[-87.80192,41.89428],[-87.80195,41.89489]]}},{"type":"Feature","properties":{"street_name":"ADAMS ST","address_left_from":317,"address_left_to":325,"address_right_from":316,"address_right_to":324},"geometry":{"type":"LineString","coordinates":[[-87.78256,41.87811],[-87.783,41.8781],[-87.78317,41.8781]]}},{"type":"Feature","properties":{"street_name":"LE MOYNE PKWY","address_left_from":277,"address_left_to":299,"address_right_from":276,"address_right_to":298},"geometry":{"type":"LineString","coordinates":[[-87.78268,41.90735],[-87.78313,41.90734],[-87.78331,41.90734]]}},{"type":"Feature","properties":{"street_name":"SOUTH BLVD","address_left_from":501,"address_left_to":531,"address_right_from":500,"address_right_to":528},"geometry":{"type":"LineString","coordinates":[[-87.78792,41.88696],[-87.78838,41.88696],[-87.78916,41.88695],[-87.78942,41.88694]]}},{"type":"Feature","properties":{"street_name":"I290 RAMP W","address_left_from":-1,"address_left_to":-1,"address_right_from":-1,"address_right_to":-1},"geometry":{"type":"LineString","coordinates":[[-87.8005,41.8733],[-87.80116,41.87335],[-87.80148,41.87339]]}},{"type":"Feature","properties":{"street_name":"ADAMS ST","address_left_from":161,"address_left_to":199,"address_right_from":160,"address_right_to":198},"geometry":{"type":"LineString","coordinates":[[-87.77886,41.87817],[-87.77906,41.87817],[-87.7795,41.87816]]}},{"type":"Feature","properties":{"street_name":"N RIDGELAND AVE","address_left_from":125,"address_left_to":137,"address_right_from":124,"address_right_to":138},"geometry":{"type":"LineString","coordinates":[[-87.7847,41.88833],[-87.78471,41.88867],[-87.78472,41.88886]]}},{"type":"Feature","properties":{"street_name":"SOUTH BLVD","address_left_from":69,"address_left_to":99,"address_right_from":68,"address_right_to":98},"geometry":{"type":"LineString","coordinates":[[-87.77735,41.8871],[-87.77814,41.88708]]}},{"type":"Feature","properties":{"street_name":"LE MOYNE PKWY","address_left_from":895,"address_left_to":899,"address_right_from":894,"address_right_to":898},"geometry":{"type":"LineString","coordinates":[[-87.79795,41.90715],[-87.7982,41.90715]]}},{"type":"Feature","properties":{"street_name":"S HUMPHREY AVE","address_left_from":1000,"address_left_to":1016,"address_right_from":1001,"address_right_to":1015},"geometry":{"type":"LineString","coordinates":[[-87.77554,41.87051],[-87.77553,41.87006]]}},{"type":"Feature","properties":{"street_name":"N GROVE AVE","address_left_from":169,"address_left_to":199,"address_right_from":168,"address_right_to":198},"geometry":{"type":"LineString","coordinates":[[-87.79606,41.88966],[-87.79607,41.88994],[-87.79606,41.89019]]}},{"type":"Feature","properties":{"street_name":"ADAMS ST","address_left_from":715,"address_left_to":725,"address_right_from":714,"address_right_to":724},"geometry":{"type":"LineString","coordinates":[[-87.79236,41.87797],[-87.79274,41.87797],[-87.79297,41.87796]]}},{"type":"Feature","properties":{"street_name":"N RIDGELAND AVE","address_left_from":601,"address_left_to":699,"address_right_from":600,"address_right_to":698},"geometry":{"type":"LineString","coordinates":[[-87.78494,41.8964],[-87.78496,41.89688],[-87.78499,41.89788],[-87.785,41.89822]]}},{"type":"Feature","properties":{"street_name":"ADAMS ST","address_left_from":215,"address_left_to":225,"address_right_from":214,"address_right_to":224},"geometry":{"type":"LineString","coordinates":[[-87.78013,41.87815],[-87.78023,41.87815],[-87.78074,41.87814]]}},{"type":"Feature","properties":{"street_name":"LE MOYNE PKWY","address_left_from":-1,"address_left_to":-1,"address_right_from":200,"address_right_to":228},"geometry":{"type":"LineString","coordinates":[[-87.78077,41.90748],[-87.78207,41.90746]]}},{"type":"Feature","properties":{"street_name":"S SCOVILLE AVE","address_left_from":500,"address_left_to":508,"address_right_from":501,"address_right_to":509},"geometry":{"type":"LineString","coordinates":[[-87.78814,41.87987],[-87.78812,41.87934]]}},{"type":"Feature","properties":{"street_name":"CHESTNUT LN","address_left_from":430,"address_left_to":448,"address_right_from":431,"address_right_to":449},"geometry":{"type":"LineString","coordinates":[[-87.80071,41.88027],[-87.8007,41.87996]]}},{"type":"Feature","properties":{"street_name":"FILLMORE ST","address_left_from":427,"address_left_to":463,"address_right_from":426,"address_right_to":462},"geometry":{"type":"LineString","coordinates":[[-87.78525,41.86714],[-87.78551,41.86713],[-87.78587,41.86713]]}},{"type":"Feature","properties":{"street_name":"S OAK PARK AVE","address_left_from":510,"address_left_to":546,"address_right_from":511,"address_right_to":547},"geometry":{"type":"LineString","coordinates":[[-87.79424,41.87923],[-87.79423,41.87889],[-87.7942,41.87815],[-87.7942,41.87803]]}},{"type":"Feature","properties":{"street_name":"S SCOVILLE AVE","address_left_from":436,"address_left_to":498,"address_right_from":437,"address_right_to":499},"geometry":{"type":"LineString","coordinates":[[-87.78774,41.8804],[-87.78773,41.87988]]}},{"type":"Feature","properties":{"street_name":"S RIDGELAND AVE","address_left_from":1150,"address_left_to":1186,"address_right_from":1151,"address_right_to":1187},"geometry":{"type":"LineString","coordinates":[[-87.78403,41.86716],[-87.78402,41.86685],[-87.78399,41.86599],[-87.78398,41.86579]]}},{"type":"Feature","properties":{"street_name":"S HUMPHREY AVE","address_left_from":1018,"address_left_to":1042,"address_right_from":1017,"address_right_to":1041},"geometry":{"type":"LineString","coordinates":[[-87.77553,41.87006],[-87.77552,41.86977],[-87.7755,41.86936],[-87.7755,41.8692]]}},{"type":"Feature","properties":{"street_name":"LE MOYNE PKWY","address_left_from":731,"address_left_to":765,"address_right_from":730,"address_right_to":764},"geometry":{"type":"LineString","coordinates":[[-87.7938,41.90721],[-87.79401,41.9072],[-87.7944,41.9072]]}},{"type":"Feature","properties":{"street_name":"SOUTH BLVD","address_left_from":801,"address_left_to":809,"address_right_from":800,"address_right_to":808},"geometry":{"type":"LineString","coordinates":[[-87.79447,41.88689],[-87.79485,41.8869],[-87.79514,41.88689]]}},{"type":"Feature","properties":{"street_name":"S RIDGELAND AVE","address_left_from":100,"address_left_to":112,"address_right_from":101,"address_right_to":113},"geometry":{"type":"LineString","coordinates":[[-87.78466,41.88696],[-87.78465,41.88668],[-87.78465,41.88647]]}},{"type":"Feature","properties":{"street_name":"FILLMORE ST","address_left_from":1101,"address_left_to":1151,"address_right_from":1100,"address_right_to":1150},"geometry":{"type":"LineString","coordinates":[[-87.80185,41.86685],[-87.80203,41.86684],[-87.80259,41.86683],[-87.80263,41.86683]]}},{"type":"Feature","properties":{"street_name":"LE MOYNE PKWY","address_left_from":717,"address_left_to":729,"address_right_from":716,"address_right_to":728},"geometry":{"type":"LineString","coordinates":[[-87.79258,41.90722],[-87.79282,41.90722],[-87.79319,41.90721]]}},{"type":"Feature","properties":{"street_name":"S SCOVILLE AVE","address_left_from":1150,"address_left_to":1186,"address_right_from":1151,"address_right_to":1187},"geometry":{"type":"LineString","coordinates":[[-87.7877,41.86709],[-87.7877,41.86685],[-87.78767,41.86604],[-87.78766,41.86577]]}},{"type":"Feature","properties":{"street_name":"S RIDGELAND AVE","address_left_from":948,"address_left_to":950,"address_right_from":947,"address_right_to":951},"geometry":{"type":"LineString","coordinates":[[-87.78416,41.87103],[-87.78415,41.87081]]}},{"type":"Feature","properties":{"street_name":"FILLMORE ST","address_left_from":11,"address_left_to":29,"address_right_from":10,"address_right_to":28},"geometry":{"type":"LineString","coordinates":[[-87.77482,41.86729],[-87.77543,41.86728]]}},{"type":"Feature","properties":{"street_name":"S OAK PARK AVE","address_left_from":406,"address_left_to":434,"address_right_from":407,"address_right_to":433},"geometry":{"type":"LineString","coordinates":[[-87.79431,41.88156],[-87.7943,41.88135],[-87.79428,41.88061],[-87.79427,41.88028]]}},{"type":"Feature","properties":{"street_name":"FILLMORE ST","address_left_from":867,"address_left_to":899,"address_right_from":866,"address_right_to":898},"geometry":{"type":"LineString","coordinates":[[-87.79578,41.86695],[-87.79605,41.86695],[-87.79643,41.86694]]}},{"type":"Feature","properties":{"street_name":"S HUMPHREY AVE","address_left_from":100,"address_left_to":112,"address_right_from":101,"address_right_to":113},"geometry":{"type":"LineString","coordinates":[[-87.77652,41.88706],[-87.7765,41.88656]]}},{"type":"Feature","properties":{"street_name":"N HARLEM AVE","address_left_from":-1,"address_left_to":-1,"address_right_from":101,"address_right_to":199},"geometry":{"type":"LineString","coordinates":[[-87.8048,41.88141],[-87.80475,41.88151],[-87.80479,41.88312],[-87.80486,41.88323]]}},{"type":"Feature","properties":{"street_name":"FILLMORE ST","address_left_from":765,"address_left_to":799,"address_right_from":764,"address_right_to":798},"geometry":{"type":"LineString","coordinates":[[-87.7932,41.867],[-87.79347,41.86699],[-87.79381,41.86699]]}},{"type":"Feature","properties":{"street_name":"S RIDGELAND AVE","address_left_from":900,"address_left_to":914,"address_right_from":901,"address_right_to":915},"geometry":{"type":"LineString","coordinates":[[-87.78422,41.87263],[-87.78421,41.87234],[-87.7842,41.87218]]}},{"type":"Feature","properties":{"street_name":"S OAK PARK AVE","address_left_from":1150,"address_left_to":1188,"address_right_from":1151,"address_right_to":1189},"geometry":{"type":"LineString","coordinates":[[-87.79381,41.86699],[-87.79381,41.86679],[-87.79377,41.8658],[-87.79377,41.86564]]}},{"type":"Feature","properties":{"street_name":"SOUTH BLVD","address_left_from":811,"address_left_to":829,"address_right_from":810,"address_right_to":828},"geometry":{"type":"LineString","coordinates":[[-87.79514,41.88689],[-87.79557,41.88689],[-87.79581,41.88688]]}},{"type":"Feature","properties":{"street_name":"N HARLEM AVE","address_left_from":-1,"address_left_to":-1,"address_right_from":201,"address_right_to":219},"geometry":{"type":"LineString","coordinates":[[-87.80486,41.88323],[-87.8048,41.88331],[-87.80485,41.88425],[-87.8049,41.88429]]}},{"type":"Feature","properties":{"street_name":"ADAMS ST","address_left_from":257,"address_left_to":299,"address_right_from":256,"address_right_to":298},"geometry":{"type":"LineString","coordinates":[[-87.78134,41.87813],[-87.78159,41.87812],[-87.78195,41.87812]]}},{"type":"Feature","properties":{"street_name":"LE MOYNE PKWY","address_left_from":621,"address_left_to":661,"address_right_from":620,"address_right_to":660},"geometry":{"type":"LineString","coordinates":[[-87.79198,41.90723],[-87.79217,41.90723],[-87.79258,41.90722]]}},{"type":"Feature","properties":{"street_name":"ADAMS ST","address_left_from":801,"address_left_to":813,"address_right_from":800,"address_right_to":812},"geometry":{"type":"LineString","coordinates":[[-87.79419,41.87794],[-87.79443,41.87794],[-87.7947,41.87793],[-87.7948,41.87793]]}},{"type":"Feature","properties":{"street_name":"S RIDGELAND AVE","address_left_from":334,"address_left_to":398,"address_right_from":335,"address_right_to":399},"geometry":{"type":"LineString","coordinates":[[-87.78453,41.88219],[-87.78452,41.88205],[-87.78451,41.88172]]}},{"type":"Feature","properties":{"street_name":"N MARION ST","address_left_from":529,"address_left_to":599,"address_right_from":528,"address_right_to":598},"geometry":{"type":"LineString","coordinates":[[-87.80329,41.89535],[-87.8033,41.89557],[-87.80332,41.89619],[-87.80333,41.89631]]}},{"type":"Feature","properties":{"street_name":"ADAMS ST","address_left_from":121,"address_left_to":159,"address_right_from":120,"address_right_to":158},"geometry":{"type":"LineString","coordinates":[[-87.77826,41.87818],[-87.77843,41.87817],[-87.77886,41.87817]]}},{"type":"Feature","properties":{"street_name":"N MARION ST","address_left_from":201,"address_left_to":217,"address_right_from":200,"address_right_to":216},"geometry":{"type":"LineString","coordinates":[[-87.80271,41.89059],[-87.80272,41.89104],[-87.80273,41.89123]]}},{"type":"Feature","properties":{"street_name":"ADAMS ST","address_left_from":113,"address_left_to":119,"address_right_from":112,"address_right_to":118},"geometry":{"type":"LineString","coordinates":[[-87.77765,41.87819],[-87.77796,41.87818],[-87.77826,41.87818]]}},{"type":"Feature","properties":{"street_name":"N MARION ST","address_left_from":513,"address_left_to":527,"address_right_from":512,"address_right_to":526},"geometry":{"type":"LineString","coordinates":[[-87.80327,41.89485],[-87.80329,41.89535]]}},{"type":"Feature","properties":{"street_name":"ADAMS ST","address_left_from":831,"address_left_to":849,"address_right_from":830,"address_right_to":848},"geometry":{"type":"LineString","coordinates":[[-87.79536,41.87691],[-87.79586,41.87691],[-87.79619,41.8769]]}},{"type":"Feature","properties":{"street_name":"N MARION ST","address_left_from":401,"address_left_to":431,"address_right_from":400,"address_right_to":430},"geometry":{"type":"LineString","coordinates":[[-87.80279,41.89307],[-87.8028,41.8934],[-87.80282,41.89415]]}},{"type":"Feature","properties":{"street_name":"FILLMORE ST","address_left_from":225,"address_left_to":263,"address_right_from":224,"address_right_to":262},"geometry":{"type":"LineString","coordinates":[[-87.78034,41.86721],[-87.78071,41.8672],[-87.78096,41.8672]]}},{"type":"Feature","properties":{"street_name":"N MARION ST","address_left_from":801,"address_left_to":849,"address_right_from":800,"address_right_to":848},"geometry":{"type":"LineString","coordinates":[[-87.80393,41.89973],[-87.80394,41.9],[-87.80396,41.90068],[-87.80399,41.90142],[-87.80399,41.90146]]}},{"type":"Feature","properties":{"street_name":"WESTGATE ST","address_left_from":1101,"address_left_to":1139,"address_right_from":1100,"address_right_to":1138},"geometry":{"type":"LineString","coordinates":[[-87.80243,41.88791],[-87.80393,41.88788]]}},{"type":"Feature","properties":{"street_name":"N MARION ST","address_left_from":1001,"address_left_to":1047,"address_right_from":1000,"address_right_to":1048},"geometry":{"type":"LineString","coordinates":[[-87.80405,41.90339],[-87.80406,41.90361],[-87.80409,41.90452],[-87.80412,41.90513],[-87.80412,41.90514]]}},{"type":"Feature","properties":{"street_name":"ADAMS ST","address_left_from":471,"address_left_to":499,"address_right_from":470,"address_right_to":498},"geometry":{"type":"LineString","coordinates":[[-87.78623,41.87808],[-87.78647,41.87808],[-87.78686,41.87807]]}},{"type":"Feature","properties":{"street_name":"N MARION ST","address_left_from":121,"address_left_to":129,"address_right_from":120,"address_right_to":128},"geometry":{"type":"LineString","coordinates":[[-87.80243,41.88791],[-87.80245,41.88826]]}},{"type":"Feature","properties":{"street_name":"ADAMS ST","address_left_from":367,"address_left_to":399,"address_right_from":366,"address_right_to":398},"geometry":{"type":"LineString","coordinates":[[-87.78379,41.87809],[-87.7841,41.87808],[-87.7844,41.87808]]}},{"type":"Feature","properties":{"street_name":"N MARION ST","address_left_from":1237,"address_left_to":1299,"address_right_from":1236,"address_right_to":1298},"geometry":{"type":"LineString","coordinates":[[-87.8042,41.9084],[-87.8042,41.90855],[-87.8042,41.9086],[-87.80421,41.90866],[-87.80421,41.90871],[-87.80421,41.90888]]}},{"type":"Feature","properties":{"street_name":"ADAMS ST","address_left_from":641,"address_left_to":647,"address_right_from":640,"address_right_to":648},"geometry":{"type":"LineString","coordinates":[[-87.79113,41.87799],[-87.79144,41.87799],[-87.79163,41.87798]]}},{"type":"Feature","properties":{"street_name":"ADAMS ST","address_left_from":727,"address_left_to":763,"address_right_from":726,"address_right_to":762},"geometry":{"type":"LineString","coordinates":[[-87.79297,41.87796],[-87.79334,41.87795],[-87.79358,41.87795]]}},{"type":"Feature","properties":{"street_name":"N MARION ST","address_left_from":901,"address_left_to":949,"address_right_from":900,"address_right_to":948},"geometry":{"type":"LineString","coordinates":[[-87.80399,41.90155],[-87.804,41.90189],[-87.80402,41.90255],[-87.80405,41.90321],[-87.80405,41.9033]]}},{"type":"Feature","properties":{"street_name":"FILLMORE ST","address_left_from":465,"address_left_to":499,"address_right_from":464,"address_right_to":498},"geometry":{"type":"LineString","coordinates":[[-87.78587,41.86713],[-87.78622,41.86712],[-87.78648,41.86711]]}},{"type":"Feature","properties":{"street_name":"LEXINGTON ST","address_left_from":753,"address_left_to":799,"address_right_from":752,"address_right_to":798},"geometry":{"type":"LineString","coordinates":[[-87.79383,41.87064],[-87.79394,41.87064]]}},{"type":"Feature","properties":{"street_name":"SOUTH BLVD","address_left_from":1101,"address_left_to":1113,"address_right_from":1100,"address_right_to":1114},"geometry":{"type":"LineString","coordinates":[[-87.80253,41.88674],[-87.80264,41.88674],[-87.8033,41.88673],[-87.80334,41.88673]]}},{"type":"Feature","properties":{"street_name":"LEXINGTON ST","address_left_from":901,"address_left_to":915,"address_right_from":900,"address_right_to":914},"geometry":{"type":"LineString","coordinates":[[-87.79656,41.87059],[-87.79681,41.87059],[-87.79721,41.87058]]}},{"type":"Feature","properties":{"street_name":"FILLMORE ST","address_left_from":817,"address_left_to":829,"address_right_from":816,"address_right_to":828},"geometry":{"type":"LineString","coordinates":[[-87.79447,41.86697],[-87.79486,41.86697],[-87.79512,41.86696]]}},{"type":"Feature","properties":{"street_name":"LEXINGTON ST","address_left_from":731,"address_left_to":739,"address_right_from":730,"address_right_to":738},"geometry":{"type":"LineString","coordinates":[[-87.79273,41.87066],[-87.79301,41.87066],[-87.79333,41.87065]]}},{"type":"Feature","properties":{"street_name":"ADAMS ST","address_left_from":615,"address_left_to":623,"address_right_from":614,"address_right_to":622},"geometry":{"type":"LineString","coordinates":[[-87.78991,41.87802],[-87.7901,41.87801],[-87.79052,41.878]]}},{"type":"Feature","properties":{"street_name":"LEXINGTON ST","address_left_from":967,"address_left_to":999,"address_right_from":966,"address_right_to":998},"geometry":{"type":"LineString","coordinates":[[-87.79852,41.87056],[-87.79877,41.87056],[-87.79917,41.87055]]}},{"type":"Feature","properties":{"street_name":"FILLMORE ST","address_left_from":601,"address_left_to":615,"address_right_from":600,"address_right_to":614},"geometry":{"type":"LineString","coordinates":[[-87.78893,41.86707],[-87.7893,41.86707],[-87.78954,41.86706]]}},{"type":"Feature","properties":{"street_name":"LEXINGTON ST","address_left_from":917,"address_left_to":927,"address_right_from":916,"address_right_to":926},"geometry":{"type":"LineString","coordinates":[[-87.79721,41.87058],[-87.79767,41.87058],[-87.79787,41.87057]]}},{"type":"Feature","properties":{"street_name":"ADAMS ST","address_left_from":815,"address_left_to":829,"address_right_from":814,"address_right_to":828},"geometry":{"type":"LineString","coordinates":[[-87.7948,41.87793],[-87.79539,41.87792]]}},{"type":"Feature","properties":{"street_name":"FILLMORE ST","address_left_from":215,"address_left_to":223,"address_right_from":214,"address_right_to":222},"geometry":{"type":"LineString","coordinates":[[-87.77975,41.86722],[-87.77991,41.86722],[-87.78034,41.86721]]}},{"type":"Feature","properties":{"street_name":"LEXINGTON ST","address_left_from":929,"address_left_to":965,"address_right_from":928,"address_right_to":964},"geometry":{"type":"LineString","coordinates":[[-87.79787,41.87057],[-87.79823,41.87057],[-87.79852,41.87056]]}},{"type":"Feature","properties":{"street_name":"S HUMPHREY AVE","address_left_from":200,"address_left_to":230,"address_right_from":201,"address_right_to":231},"geometry":{"type":"LineString","coordinates":[[-87.77646,41.88535],[-87.77646,41.88524],[-87.77644,41.88472],[-87.77642,41.88414]]}},{"type":"Feature","properties":{"street_name":"ADAMS ST","address_left_from":765,"address_left_to":799,"address_right_from":764,"address_right_to":798},"geometry":{"type":"LineString","coordinates":[[-87.79358,41.87795],[-87.79392,41.87794],[-87.79419,41.87794]]}},{"type":"Feature","properties":{"street_name":"LEXINGTON ST","address_left_from":817,"address_left_to":827,"address_right_from":816,"address_right_to":826},"geometry":{"type":"LineString","coordinates":[[-87.7946,41.87063],[-87.79494,41.87062],[-87.79525,41.87062]]}},{"type":"Feature","properties":{"street_name":"ADAMS ST","address_left_from":227,"address_left_to":255,"address_right_from":226,"address_right_to":254},"geometry":{"type":"LineString","coordinates":[[-87.78074,41.87814],[-87.7809,41.87813],[-87.78134,41.87813]]}},{"type":"Feature","properties":{"street_name":"LEXINGTON ST","address_left_from":1101,"address_left_to":1119,"address_right_from":1100,"address_right_to":1118},"geometry":{"type":"LineString","coordinates":[[-87.80198,41.8705],[-87.8023,41.87049],[-87.80275,41.87049]]}},{"type":"Feature","properties":{"street_name":"FILLMORE ST","address_left_from":715,"address_left_to":723,"address_right_from":714,"address_right_to":722},"geometry":{"type":"LineString","coordinates":[[-87.792,41.86702],[-87.7921,41.86702],[-87.79261,41.86701]]}},{"type":"Feature","properties":{"street_name":"LEXINGTON ST","address_left_from":829,"address_left_to":865,"address_right_from":828,"address_right_to":864},"geometry":{"type":"LineString","coordinates":[[-87.79525,41.87062],[-87.7958,41.87061],[-87.7959,41.87061]]}},{"type":"Feature","properties":{"street_name":"FILLMORE ST","address_left_from":917,"address_left_to":927,"address_right_from":916,"address_right_to":926},"geometry":{"type":"LineString","coordinates":[[-87.79708,41.86693],[-87.79724,41.86693],[-87.79774,41.86692]]}},{"type":"Feature","properties":{"street_name":"LEXINGTON ST","address_left_from":631,"address_left_to":665,"address_right_from":630,"address_right_to":636},"geometry":{"type":"LineString","coordinates":[[-87.79028,41.8707],[-87.79046,41.8707],[-87.79089,41.87069]]}},{"type":"Feature","properties":{"street_name":"FILLMORE ST","address_left_from":1,"address_left_to":9,"address_right_from":2,"address_right_to":8},"geometry":{"type":"LineString","coordinates":[[-87.77438,41.8673],[-87.77456,41.8673],[-87.77482,41.86729]]}},{"type":"Feature","properties":{"street_name":"LEXINGTON ST","address_left_from":601,"address_left_to":615,"address_right_from":600,"address_right_to":614},"geometry":{"type":"LineString","coordinates":[[-87.78905,41.87072],[-87.78966,41.87071]]}},{"type":"Feature","properties":{"street_name":"SOUTH BLVD","address_left_from":831,"address_left_to":867,"address_right_from":830,"address_right_to":866},"geometry":{"type":"LineString","coordinates":[[-87.79581,41.88688],[-87.79628,41.88687],[-87.79647,41.88687]]}},{"type":"Feature","properties":{"street_name":"LEXINGTON ST","address_left_from":617,"address_left_to":629,"address_right_from":616,"address_right_to":628},"geometry":{"type":"LineString","coordinates":[[-87.78966,41.87071],[-87.79001,41.87071],[-87.79028,41.8707]]}},{"type":"Feature","properties":{"street_name":"LEXINGTON ST","address_left_from":1001,"address_left_to":1013,"address_right_from":1000,"address_right_to":1012},"geometry":{"type":"LineString","coordinates":[[-87.79917,41.87055],[-87.79956,41.87054],[-87.79988,41.87054]]}},{"type":"Feature","properties":{"street_name":"SOUTH BLVD","address_left_from":1001,"address_left_to":1053,"address_right_from":1000,"address_right_to":1048},"geometry":{"type":"LineString","coordinates":[[-87.80022,41.88681],[-87.8004,41.8868],[-87.80054,41.88677],[-87.80076,41.88677],[-87.8011,41.88676],[-87.80177,41.88675],[-87.80237,41.88674],[-87.80244,41.88674]]}},{"type":"Feature","properties":{"street_name":"LEXINGTON ST","address_left_from":741,"address_left_to":751,"address_right_from":740,"address_right_to":750},"geometry":{"type":"LineString","coordinates":[[-87.79333,41.87065],[-87.79359,41.87065],[-87.79383,41.87064]]}},{"type":"Feature","properties":{"street_name":"LEXINGTON ST","address_left_from":667,"address_left_to":699,"address_right_from":638,"address_right_to":698},"geometry":{"type":"LineString","coordinates":[[-87.79089,41.87069],[-87.79112,41.87069],[-87.79151,41.87068]]}},{"type":"Feature","properties":{"street_name":"LEXINGTON ST","address_left_from":801,"address_left_to":815,"address_right_from":800,"address_right_to":814},"geometry":{"type":"LineString","coordinates":[[-87.79394,41.87064],[-87.79431,41.87063],[-87.7946,41.87063]]}},{"type":"Feature","properties":{"street_name":"LEXINGTON ST","address_left_from":1027,"address_left_to":1063,"address_right_from":1026,"address_right_to":1062},"geometry":{"type":"LineString","coordinates":[[-87.80058,41.87052],[-87.80092,41.87052],[-87.80128,41.87051]]}},{"type":"Feature","properties":{"street_name":"LEXINGTON ST","address_left_from":1065,"address_left_to":1099,"address_right_from":1064,"address_right_to":1098},"geometry":{"type":"LineString","coordinates":[[-87.80128,41.87051],[-87.80159,41.87051],[-87.80198,41.8705]]}},{"type":"Feature","properties":{"street_name":"LEXINGTON ST","address_left_from":715,"address_left_to":729,"address_right_from":714,"address_right_to":728},"geometry":{"type":"LineString","coordinates":[[-87.79212,41.87067],[-87.79245,41.87067],[-87.79273,41.87066]]}},{"type":"Feature","properties":{"street_name":"LEXINGTON ST","address_left_from":1015,"address_left_to":1025,"address_right_from":1014,"address_right_to":1024},"geometry":{"type":"LineString","coordinates":[[-87.79988,41.87054],[-87.80019,41.87053],[-87.80058,41.87052]]}},{"type":"Feature","properties":{"street_name":"LEXINGTON ST","address_left_from":867,"address_left_to":899,"address_right_from":866,"address_right_to":898},"geometry":{"type":"LineString","coordinates":[[-87.7959,41.87061],[-87.79638,41.8706],[-87.79656,41.87059]]}},{"type":"Feature","properties":{"street_name":"LEXINGTON ST","address_left_from":701,"address_left_to":713,"address_right_from":700,"address_right_to":712},"geometry":{"type":"LineString","coordinates":[[-87.79151,41.87068],[-87.79166,41.87068],[-87.79212,41.87067]]}},{"type":"Feature","properties":{"street_name":"LEXINGTON ST","address_left_from":1121,"address_left_to":1135,"address_right_from":1120,"address_right_to":1134},"geometry":{"type":"LineString","coordinates":[[-87.80275,41.87049],[-87.80317,41.87048],[-87.80354,41.87047]]}},{"type":"Feature","properties":{"street_name":"LEXINGTON ST","address_left_from":1137,"address_left_to":1199,"address_right_from":1136,"address_right_to":1198},"geometry":{"type":"LineString","coordinates":[[-87.80354,41.87047],[-87.80381,41.87047],[-87.8043,41.87046],[-87.8044,41.87049]]}},{"type":"Feature","properties":{"street_name":"JACKSON BLVD","address_left_from":501,"address_left_to":513,"address_right_from":500,"address_right_to":512},"geometry":{"type":"LineString","coordinates":[[-87.7868,41.87624],[-87.78727,41.87623],[-87.7874,41.87623]]}},{"type":"Feature","properties":{"street_name":"JACKSON BLVD","address_left_from":549,"address_left_to":599,"address_right_from":550,"address_right_to":598},"geometry":{"type":"LineString","coordinates":[[-87.78912,41.8762],[-87.78924,41.8762]]}},{"type":"Feature","properties":{"street_name":"JACKSON BLVD","address_left_from":449,"address_left_to":499,"address_right_from":450,"address_right_to":498},"geometry":{"type":"LineString","coordinates":[[-87.7867,41.87624],[-87.7868,41.87624]]}},{"type":"Feature","properties":{"street_name":"JACKSON BLVD","address_left_from":1047,"address_left_to":1099,"address_right_from":1048,"address_right_to":1098},"geometry":{"type":"LineString","coordinates":[[-87.80203,41.87538],[-87.80216,41.87538]]}},{"type":"Feature","properties":{"street_name":"JACKSON BLVD","address_left_from":1001,"address_left_to":1013,"address_right_from":1000,"address_right_to":1012},"geometry":{"type":"LineString","coordinates":[[-87.79972,41.87542],[-87.80013,41.87541],[-87.80033,41.87541]]}},{"type":"Feature","properties":{"street_name":"JACKSON BLVD","address_left_from":901,"address_left_to":915,"address_right_from":900,"address_right_to":914},"geometry":{"type":"LineString","coordinates":[[-87.79724,41.87546],[-87.79774,41.87546],[-87.79796,41.87545]]}},{"type":"Feature","properties":{"street_name":"JACKSON BLVD","address_left_from":315,"address_left_to":325,"address_right_from":314,"address_right_to":324},"geometry":{"type":"LineString","coordinates":[[-87.7825,41.87631],[-87.78283,41.87631],[-87.78311,41.8763]]}},{"type":"Feature","properties":{"street_name":"JACKSON BLVD","address_left_from":27,"address_left_to":49,"address_right_from":-1,"address_right_to":-1},"geometry":{"type":"LineString","coordinates":[[-87.77576,41.87639],[-87.77615,41.87638],[-87.77637,41.87638]]}},{"type":"Feature","properties":{"street_name":"JACKSON BLVD","address_left_from":825,"address_left_to":839,"address_right_from":824,"address_right_to":838},"geometry":{"type":"LineString","coordinates":[[-87.7953,41.87556],[-87.79537,41.87552],[-87.79542,41.8755],[-87.79546,41.8755],[-87.79587,41.87549],[-87.79614,41.87548]]}},{"type":"Feature","properties":{"street_name":"JACKSON BLVD","address_left_from":979,"address_left_to":999,"address_right_from":978,"address_right_to":998},"geometry":{"type":"LineString","coordinates":[[-87.7994,41.87543],[-87.79944,41.87543],[-87.79972,41.87542]]}},{"type":"Feature","properties":{"street_name":"JACKSON BLVD","address_left_from":529,"address_left_to":547,"address_right_from":540,"address_right_to":548},"geometry":{"type":"LineString","coordinates":[[-87.78863,41.87621],[-87.78888,41.87621],[-87.78912,41.8762]]}},{"type":"Feature","properties":{"street_name":"JACKSON BLVD","address_left_from":1041,"address_left_to":1045,"address_right_from":1040,"address_right_to":1046},"geometry":{"type":"LineString","coordinates":[[-87.80155,41.87539],[-87.80186,41.87539],[-87.80203,41.87538]]}},{"type":"Feature","properties":{"street_name":"JACKSON BLVD","address_left_from":631,"address_left_to":699,"address_right_from":664,"address_right_to":698},"geometry":{"type":"LineString","coordinates":[[-87.79107,41.87617],[-87.79136,41.87616],[-87.79168,41.87616]]}},{"type":"Feature","properties":{"street_name":"JACKSON BLVD","address_left_from":1101,"address_left_to":1119,"address_right_from":1100,"address_right_to":1118},"geometry":{"type":"LineString","coordinates":[[-87.80216,41.87538],[-87.80252,41.87538],[-87.80287,41.87537],[-87.80294,41.87537]]}},{"type":"Feature","properties":{"street_name":"JACKSON BLVD","address_left_from":365,"address_left_to":399,"address_right_from":364,"address_right_to":398},"geometry":{"type":"LineString","coordinates":[[-87.78373,41.87629],[-87.78395,41.87629],[-87.78434,41.87628]]}},{"type":"Feature","properties":{"street_name":"ELIZABETH TRL","address_left_from":300,"address_left_to":348,"address_right_from":301,"address_right_to":349},"geometry":{"type":"LineString","coordinates":[[-87.79944,41.89206],[-87.79945,41.89254]]}},{"type":"Feature","properties":{"street_name":"FILLMORE ST","address_left_from":501,"address_left_to":525,"address_right_from":500,"address_right_to":524},"geometry":{"type":"LineString","coordinates":[[-87.78648,41.86711],[-87.7868,41.86711],[-87.78709,41.8671]]}},{"type":"Feature","properties":{"street_name":"FILLMORE ST","address_left_from":577,"address_left_to":599,"address_right_from":576,"address_right_to":598},"geometry":{"type":"LineString","coordinates":[[-87.78832,41.86708],[-87.78876,41.86707],[-87.78893,41.86707]]}},{"type":"Feature","properties":{"street_name":"FILLMORE ST","address_left_from":265,"address_left_to":299,"address_right_from":264,"address_right_to":298},"geometry":{"type":"LineString","coordinates":[[-87.78096,41.8672],[-87.78116,41.8672],[-87.78157,41.86719]]}},{"type":"Feature","properties":{"street_name":"SOUTH BLVD","address_left_from":31,"address_left_to":67,"address_right_from":30,"address_right_to":66},"geometry":{"type":"LineString","coordinates":[[-87.77652,41.88706],[-87.77692,41.88709],[-87.77729,41.8871],[-87.77735,41.8871]]}},{"type":"Feature","properties":{"street_name":"ADAMS ST","address_left_from":565,"address_left_to":599,"address_right_from":564,"address_right_to":598},"geometry":{"type":"LineString","coordinates":[[-87.78869,41.87804],[-87.78881,41.87803],[-87.7893,41.87803]]}},{"type":"Feature","properties":{"street_name":"ADAMS ST","address_left_from":41,"address_left_to":45,"address_right_from":40,"address_right_to":44},"geometry":{"type":"LineString","coordinates":[[-87.77644,41.87821],[-87.77677,41.8782],[-87.77694,41.8782]]}},{"type":"Feature","properties":{"street_name":"ADAMS ST","address_left_from":31,"address_left_to":39,"address_right_from":30,"address_right_to":38},"geometry":{"type":"LineString","coordinates":[[-87.77583,41.87822],[-87.776,41.87821],[-87.77644,41.87821]]}},{"type":"Feature","properties":{"street_name":"FILLMORE ST","address_left_from":1029,"address_left_to":1065,"address_right_from":1028,"address_right_to":1064},"geometry":{"type":"LineString","coordinates":[[-87.80045,41.86687],[-87.80092,41.86686],[-87.80115,41.86686]]}},{"type":"Feature","properties":{"street_name":"SOUTH BLVD","address_left_from":601,"address_left_to":629,"address_right_from":600,"address_right_to":628},"geometry":{"type":"LineString","coordinates":[[-87.78956,41.88694],[-87.78993,41.88694],[-87.79087,41.88692],[-87.79119,41.88692]]}},{"type":"Feature","properties":{"street_name":"ADAMS ST","address_left_from":13,"address_left_to":29,"address_right_from":14,"address_right_to":28},"geometry":{"type":"LineString","coordinates":[[-87.77523,41.87823],[-87.77527,41.87823],[-87.77531,41.87823],[-87.77583,41.87822]]}},{"type":"Feature","properties":{"street_name":"SOUTH BLVD","address_left_from":631,"address_left_to":663,"address_right_from":630,"address_right_to":664},"geometry":{"type":"LineString","coordinates":[[-87.79119,41.88692],[-87.79167,41.88691],[-87.79254,41.88691],[-87.79268,41.88691]]}},{"type":"Feature","properties":{"street_name":"S HUMPHREY AVE","address_left_from":1150,"address_left_to":1184,"address_right_from":1151,"address_right_to":1185},"geometry":{"type":"LineString","coordinates":[[-87.77543,41.86728],[-87.77543,41.86718],[-87.77541,41.86669],[-87.77538,41.86591]]}},{"type":"Feature","properties":{"street_name":"FILLMORE ST","address_left_from":327,"address_left_to":363,"address_right_from":326,"address_right_to":362},"geometry":{"type":"LineString","coordinates":[[-87.7828,41.86717],[-87.78311,41.86717],[-87.78341,41.86717]]}},{"type":"Feature","properties":{"street_name":"ADAMS ST","address_left_from":927,"address_left_to":949,"address_right_from":926,"address_right_to":948},"geometry":{"type":"LineString","coordinates":[[-87.79801,41.87687],[-87.79832,41.87686],[-87.79873,41.87686]]}},{"type":"Feature","properties":{"street_name":"FILLMORE ST","address_left_from":617,"address_left_to":627,"address_right_from":616,"address_right_to":626},"geometry":{"type":"LineString","coordinates":[[-87.78954,41.86706],[-87.78976,41.86706],[-87.79016,41.86705]]}},{"type":"Feature","properties":{"street_name":"ADAMS ST","address_left_from":871,"address_left_to":899,"address_right_from":870,"address_right_to":898},"geometry":{"type":"LineString","coordinates":[[-87.79657,41.87689],[-87.79683,41.87689],[-87.79729,41.87688]]}},{"type":"Feature","properties":{"street_name":"ADAMS ST","address_left_from":513,"address_left_to":517,"address_right_from":512,"address_right_to":516},"geometry":{"type":"LineString","coordinates":[[-87.78746,41.87806],[-87.78776,41.87805],[-87.78807,41.87805]]}},{"type":"Feature","properties":{"street_name":"ADAMS ST","address_left_from":701,"address_left_to":713,"address_right_from":700,"address_right_to":712},"geometry":{"type":"LineString","coordinates":[[-87.79175,41.87798],[-87.79195,41.87798],[-87.79236,41.87797]]}},{"type":"Feature","properties":{"street_name":"JACKSON BLVD","address_left_from":717,"address_left_to":729,"address_right_from":716,"address_right_to":728},"geometry":{"type":"LineString","coordinates":[[-87.7923,41.87615],[-87.79248,41.87614],[-87.79291,41.87613]]}},{"type":"Feature","properties":{"street_name":"S HUMPHREY AVE","address_left_from":1186,"address_left_to":1198,"address_right_from":1187,"address_right_to":1199},"geometry":{"type":"LineString","coordinates":[[-87.77538,41.86591],[-87.77537,41.86567],[-87.77536,41.86545]]}},{"type":"Feature","properties":{"street_name":"JACKSON BLVD","address_left_from":-1,"address_left_to":-1,"address_right_from":100,"address_right_to":124},"geometry":{"type":"LineString","coordinates":[[-87.77698,41.87643],[-87.77722,41.87643],[-87.77759,41.87643]]}},{"type":"Feature","properties":{"street_name":"FILLMORE ST","address_left_from":1017,"address_left_to":1027,"address_right_from":1016,"address_right_to":1026},"geometry":{"type":"LineString","coordinates":[[-87.79975,41.86688],[-87.80016,41.86687],[-87.80045,41.86687]]}},{"type":"Feature","properties":{"street_name":"FILLMORE ST","address_left_from":415,"address_left_to":425,"address_right_from":414,"address_right_to":424},"geometry":{"type":"LineString","coordinates":[[-87.78464,41.86715],[-87.78505,41.86714],[-87.78525,41.86714]]}},{"type":"Feature","properties":{"street_name":"JACKSON BLVD","address_left_from":127,"address_left_to":149,"address_right_from":-1,"address_right_to":-1},"geometry":{"type":"LineString","coordinates":[[-87.77759,41.87636],[-87.77786,41.87635],[-87.77819,41.87635]]}},{"type":"Feature","properties":{"street_name":"JACKSON BLVD","address_left_from":-1,"address_left_to":-1,"address_right_from":50,"address_right_to":98},"geometry":{"type":"LineString","coordinates":[[-87.77638,41.87644],[-87.77649,41.87644],[-87.77667,41.87644],[-87.77698,41.87643]]}},{"type":"Feature","properties":{"street_name":"JACKSON BLVD","address_left_from":101,"address_left_to":125,"address_right_from":-1,"address_right_to":-1},"geometry":{"type":"LineString","coordinates":[[-87.77698,41.87637],[-87.77759,41.87636]]}},{"type":"Feature","properties":{"street_name":"JACKSON BLVD","address_left_from":1025,"address_left_to":1039,"address_right_from":1024,"address_right_to":1038},"geometry":{"type":"LineString","coordinates":[[-87.80094,41.8754],[-87.80133,41.87539],[-87.80155,41.87539]]}},{"type":"Feature","properties":{"street_name":"JACKSON BLVD","address_left_from":767,"address_left_to":799,"address_right_from":766,"address_right_to":798},"geometry":{"type":"LineString","coordinates":[[-87.79352,41.87612],[-87.79377,41.87612],[-87.79413,41.87612]]}},{"type":"Feature","properties":{"street_name":"JACKSON BLVD","address_left_from":251,"address_left_to":263,"address_right_from":250,"address_right_to":262},"geometry":{"type":"LineString","coordinates":[[-87.78067,41.87634],[-87.78121,41.87633],[-87.78128,41.87633]]}},{"type":"Feature","properties":{"street_name":"JACKSON BLVD","address_left_from":441,"address_left_to":447,"address_right_from":440,"address_right_to":448},"geometry":{"type":"LineString","coordinates":[[-87.78618,41.87625],[-87.78658,41.87625],[-87.7867,41.87624]]}},{"type":"Feature","properties":{"street_name":"JACKSON BLVD","address_left_from":-1,"address_left_to":-1,"address_right_from":26,"address_right_to":48},"geometry":{"type":"LineString","coordinates":[[-87.77577,41.87645],[-87.77604,41.87645],[-87.77613,41.87645],[-87.77638,41.87644]]}},{"type":"Feature","properties":{"street_name":"JACKSON BLVD","address_left_from":417,"address_left_to":427,"address_right_from":416,"address_right_to":426},"geometry":{"type":"LineString","coordinates":[[-87.78496,41.87627],[-87.7851,41.87627],[-87.78557,41.87626]]}},{"type":"Feature","properties":{"street_name":"JACKSON BLVD","address_left_from":327,"address_left_to":363,"address_right_from":326,"address_right_to":362},"geometry":{"type":"LineString","coordinates":[[-87.78311,41.8763],[-87.78347,41.8763],[-87.78373,41.87629]]}},{"type":"Feature","properties":{"street_name":"JACKSON BLVD","address_left_from":515,"address_left_to":519,"address_right_from":514,"address_right_to":522},"geometry":{"type":"LineString","coordinates":[[-87.7874,41.87623],[-87.78784,41.87622],[-87.78801,41.87622]]}},{"type":"Feature","properties":{"street_name":"JACKSON BLVD","address_left_from":1135,"address_left_to":1199,"address_right_from":1134,"address_right_to":1198},"geometry":{"type":"LineString","coordinates":[[-87.80374,41.87602],[-87.80423,41.87601],[-87.8046,41.87599]]}},{"type":"Feature","properties":{"street_name":"JACKSON BLVD","address_left_from":521,"address_left_to":527,"address_right_from":524,"address_right_to":538},"geometry":{"type":"LineString","coordinates":[[-87.78801,41.87622],[-87.78821,41.87622],[-87.78859,41.87621],[-87.78863,41.87621]]}},{"type":"Feature","properties":{"street_name":"JACKSON BLVD","address_left_from":917,"address_left_to":927,"address_right_from":916,"address_right_to":926},"geometry":{"type":"LineString","coordinates":[[-87.79796,41.87545],[-87.79839,41.87544],[-87.79868,41.87544]]}},{"type":"Feature","properties":{"street_name":"JACKSON BLVD","address_left_from":611,"address_left_to":619,"address_right_from":614,"address_right_to":624},"geometry":{"type":"LineString","coordinates":[[-87.78985,41.87619],[-87.79012,41.87619],[-87.79046,41.87618]]}},{"type":"Feature","properties":{"street_name":"JACKSON BLVD","address_left_from":929,"address_left_to":977,"address_right_from":928,"address_right_to":976},"geometry":{"type":"LineString","coordinates":[[-87.79868,41.87544],[-87.79899,41.87544],[-87.7994,41.87543]]}},{"type":"Feature","properties":{"street_name":"JACKSON BLVD","address_left_from":201,"address_left_to":225,"address_right_from":-1,"address_right_to":-1},"geometry":{"type":"LineString","coordinates":[[-87.77943,41.87633],[-87.78006,41.87632]]}},{"type":"Feature","properties":{"street_name":"JACKSON BLVD","address_left_from":-1,"address_left_to":-1,"address_right_from":226,"address_right_to":248},"geometry":{"type":"LineString","coordinates":[[-87.78007,41.87639],[-87.78029,41.87638],[-87.7805,41.87637],[-87.78067,41.87634]]}},{"type":"Feature","properties":{"street_name":"JACKSON BLVD","address_left_from":429,"address_left_to":439,"address_right_from":428,"address_right_to":438},"geometry":{"type":"LineString","coordinates":[[-87.78557,41.87626],[-87.7859,41.87626],[-87.78618,41.87625]]}},{"type":"Feature","properties":{"street_name":"JACKSON BLVD","address_left_from":-1,"address_left_to":-1,"address_right_from":10,"address_right_to":24},"geometry":{"type":"LineString","coordinates":[[-87.77516,41.87643],[-87.77527,41.87646],[-87.77549,41.87646],[-87.77577,41.87645]]}},{"type":"Feature","properties":{"street_name":"JACKSON BLVD","address_left_from":227,"address_left_to":249,"address_right_from":-1,"address_right_to":-1},"geometry":{"type":"LineString","coordinates":[[-87.78006,41.87632],[-87.78023,41.87632],[-87.78053,41.87632],[-87.78067,41.87634]]}},{"type":"Feature","properties":{"street_name":"JACKSON BLVD","address_left_from":1015,"address_left_to":1023,"address_right_from":1014,"address_right_to":1022},"geometry":{"type":"LineString","coordinates":[[-87.80033,41.87541],[-87.80078,41.8754],[-87.80094,41.8754]]}},{"type":"Feature","properties":{"street_name":"JACKSON BLVD","address_left_from":301,"address_left_to":313,"address_right_from":300,"address_right_to":312},"geometry":{"type":"LineString","coordinates":[[-87.78188,41.87632],[-87.78236,41.87631],[-87.7825,41.87631]]}},{"type":"Feature","properties":{"street_name":"JACKSON BLVD","address_left_from":-1,"address_left_to":-1,"address_right_from":200,"address_right_to":224},"geometry":{"type":"LineString","coordinates":[[-87.77944,41.8764],[-87.77974,41.87639],[-87.78007,41.87639]]}},{"type":"Feature","properties":{"street_name":"JACKSON BLVD","address_left_from":863,"address_left_to":899,"address_right_from":862,"address_right_to":898},"geometry":{"type":"LineString","coordinates":[[-87.79653,41.87548],[-87.7969,41.87547],[-87.79724,41.87546]]}},{"type":"Feature","properties":{"street_name":"JACKSON BLVD","address_left_from":601,"address_left_to":609,"address_right_from":600,"address_right_to":612},"geometry":{"type":"LineString","coordinates":[[-87.78924,41.8762],[-87.78947,41.8762],[-87.78985,41.87619]]}},{"type":"Feature","properties":{"street_name":"JACKSON BLVD","address_left_from":815,"address_left_to":823,"address_right_from":814,"address_right_to":822},"geometry":{"type":"LineString","coordinates":[[-87.79474,41.87611],[-87.79516,41.8761],[-87.79517,41.8761],[-87.7952,41.87609],[-87.79525,41.87608],[-87.79528,41.87607],[-87.79533,41.87604]]}},{"type":"Feature","properties":{"street_name":"JACKSON BLVD","address_left_from":801,"address_left_to":813,"address_right_from":800,"address_right_to":812},"geometry":{"type":"LineString","coordinates":[[-87.79413,41.87612],[-87.79441,41.87611],[-87.79472,41.87611],[-87.79474,41.87611]]}},{"type":"Feature","properties":{"street_name":"JACKSON BLVD","address_left_from":-1,"address_left_to":-1,"address_right_from":176,"address_right_to":198},"geometry":{"type":"LineString","coordinates":[[-87.7788,41.87641],[-87.77944,41.8764]]}},{"type":"Feature","properties":{"street_name":"JACKSON BLVD","address_left_from":151,"address_left_to":175,"address_right_from":-1,"address_right_to":-1},"geometry":{"type":"LineString","coordinates":[[-87.77819,41.87635],[-87.77856,41.87634],[-87.7788,41.87634]]}},{"type":"Feature","properties":{"street_name":"JACKSON BLVD","address_left_from":51,"address_left_to":99,"address_right_from":-1,"address_right_to":-1},"geometry":{"type":"LineString","coordinates":[[-87.77637,41.87638],[-87.77659,41.87637],[-87.77698,41.87637]]}},{"type":"Feature","properties":{"street_name":"JACKSON BLVD","address_left_from":401,"address_left_to":415,"address_right_from":400,"address_right_to":414},"geometry":{"type":"LineString","coordinates":[[-87.78434,41.87628],[-87.78473,41.87628],[-87.78496,41.87627]]}},{"type":"Feature","properties":{"street_name":"JACKSON BLVD","address_left_from":11,"address_left_to":25,"address_right_from":-1,"address_right_to":-1},"geometry":{"type":"LineString","coordinates":[[-87.77516,41.87643],[-87.77527,41.87641],[-87.7754,41.87639],[-87.77576,41.87639]]}},{"type":"Feature","properties":{"street_name":"JACKSON BLVD","address_left_from":1121,"address_left_to":1133,"address_right_from":1120,"address_right_to":1132},"geometry":{"type":"LineString","coordinates":[[-87.80294,41.87537],[-87.80362,41.87535]]}},{"type":"Feature","properties":{"street_name":"JACKSON BLVD","address_left_from":841,"address_left_to":861,"address_right_from":840,"address_right_to":860},"geometry":{"type":"LineString","coordinates":[[-87.79614,41.87548],[-87.79631,41.87548],[-87.79653,41.87548]]}},{"type":"Feature","properties":{"street_name":"JACKSON BLVD","address_left_from":177,"address_left_to":199,"address_right_from":-1,"address_right_to":-1},"geometry":{"type":"LineString","coordinates":[[-87.7788,41.87634],[-87.77898,41.87634],[-87.77943,41.87633]]}},{"type":"Feature","properties":{"street_name":"JACKSON BLVD","address_left_from":-1,"address_left_to":-1,"address_right_from":126,"address_right_to":148},"geometry":{"type":"LineString","coordinates":[[-87.77759,41.87643],[-87.77781,41.87642],[-87.7782,41.87642]]}},{"type":"Feature","properties":{"street_name":"JACKSON BLVD","address_left_from":265,"address_left_to":299,"address_right_from":264,"address_right_to":298},"geometry":{"type":"LineString","coordinates":[[-87.78128,41.87633],[-87.78178,41.87632],[-87.78188,41.87632]]}},{"type":"Feature","properties":{"street_name":"JACKSON BLVD","address_left_from":621,"address_left_to":629,"address_right_from":626,"address_right_to":662},"geometry":{"type":"LineString","coordinates":[[-87.79046,41.87618],[-87.79076,41.87617],[-87.79107,41.87617]]}},{"type":"Feature","properties":{"street_name":"JACKSON BLVD","address_left_from":701,"address_left_to":715,"address_right_from":700,"address_right_to":714},"geometry":{"type":"LineString","coordinates":[[-87.79168,41.87616],[-87.79186,41.87615],[-87.7923,41.87615]]}},{"type":"Feature","properties":{"street_name":"JACKSON BLVD","address_left_from":731,"address_left_to":765,"address_right_from":730,"address_right_to":764},"geometry":{"type":"LineString","coordinates":[[-87.79291,41.87613],[-87.79326,41.87613],[-87.79352,41.87612]]}},{"type":"Feature","properties":{"street_name":"JACKSON BLVD","address_left_from":1,"address_left_to":9,"address_right_from":2,"address_right_to":8},"geometry":{"type":"LineString","coordinates":[[-87.77453,41.87642],[-87.77482,41.87643],[-87.77484,41.87643],[-87.77516,41.87643]]}},{"type":"Feature","properties":{"street_name":"JACKSON BLVD","address_left_from":-1,"address_left_to":-1,"address_right_from":150,"address_right_to":174},"geometry":{"type":"LineString","coordinates":[[-87.7782,41.87642],[-87.77852,41.87641],[-87.7788,41.87641]]}},{"type":"Feature","properties":{"street_name":"WALNUT WAY","address_left_from":1001,"address_left_to":1019,"address_right_from":1000,"address_right_to":1018},"geometry":{"type":"LineString","coordinates":[[-87.80079,41.88269],[-87.80106,41.88268]]}},{"type":"Feature","properties":{"street_name":"WALNUT WAY","address_left_from":1021,"address_left_to":1027,"address_right_from":1020,"address_right_to":1026},"geometry":{"type":"LineString","coordinates":[[-87.80106,41.88268],[-87.80133,41.88267]]}},{"type":"Feature","properties":{"street_name":"WALNUT WAY","address_left_from":1029,"address_left_to":1099,"address_right_from":1028,"address_right_to":1098},"geometry":{"type":"LineString","coordinates":[[-87.80133,41.88267],[-87.8016,41.88267]]}},{"type":"Feature","properties":{"street_name":"S HUMPHREY AVE","address_left_from":416,"address_left_to":432,"address_right_from":417,"address_right_to":435},"geometry":{"type":"LineString","coordinates":[[-87.77634,41.88144],[-87.77632,41.88079]]}},{"type":"Feature","properties":{"street_name":"FOREST PL","address_left_from":101,"address_left_to":199,"address_right_from":100,"address_right_to":102},"geometry":{"type":"LineString","coordinates":[[-87.7999,41.8884],[-87.79991,41.88868]]}},{"type":"Feature","properties":{"street_name":"N KENILWORTH AVE","address_left_from":179,"address_left_to":199,"address_right_from":180,"address_right_to":198},"geometry":{"type":"LineString","coordinates":[[-87.79754,41.8899],[-87.79755,41.88993],[-87.79755,41.89018]]}},{"type":"Feature","properties":{"street_name":"N KENILWORTH AVE","address_left_from":1051,"address_left_to":1099,"address_right_from":-1,"address_right_to":-1},"geometry":{"type":"LineString","coordinates":[[-87.79813,41.90523],[-87.79813,41.90532]]}},{"type":"Feature","properties":{"street_name":"N KENILWORTH AVE","address_left_from":651,"address_left_to":699,"address_right_from":650,"address_right_to":698},"geometry":{"type":"LineString","coordinates":[[-87.79778,41.89791],[-87.79779,41.89801]]}},{"type":"Feature","properties":{"street_name":"N KENILWORTH AVE","address_left_from":229,"address_left_to":247,"address_right_from":300,"address_right_to":312},"geometry":{"type":"LineString","coordinates":[[-87.79758,41.89128],[-87.79759,41.89162],[-87.7976,41.89184]]}},{"type":"Feature","properties":{"street_name":"N KENILWORTH AVE","address_left_from":325,"address_left_to":399,"address_right_from":346,"address_right_to":398},"geometry":{"type":"LineString","coordinates":[[-87.79763,41.89287],[-87.79763,41.893]]}},{"type":"Feature","properties":{"street_name":"N KENILWORTH AVE","address_left_from":1151,"address_left_to":1199,"address_right_from":-1,"address_right_to":-1},"geometry":{"type":"LineString","coordinates":[[-87.7982,41.90706],[-87.7982,41.9071],[-87.7982,41.90715]]}},{"type":"Feature","properties":{"street_name":"N KENILWORTH AVE","address_left_from":-1,"address_left_to":-1,"address_right_from":1048,"address_right_to":1098},"geometry":{"type":"LineString","coordinates":[[-87.79789,41.90523],[-87.79789,41.90532]]}},{"type":"Feature","properties":{"street_name":"S HUMPHREY AVE","address_left_from":340,"address_left_to":346,"address_right_from":341,"address_right_to":345},"geometry":{"type":"LineString","coordinates":[[-87.77637,41.88263],[-87.77636,41.8822]]}},{"type":"Feature","properties":{"street_name":"N KENILWORTH AVE","address_left_from":-1,"address_left_to":-1,"address_right_from":950,"address_right_to":998},"geometry":{"type":"LineString","coordinates":[[-87.79783,41.9034],[-87.79783,41.90349]]}},{"type":"Feature","properties":{"street_name":"S HUMPHREY AVE","address_left_from":900,"address_left_to":908,"address_right_from":901,"address_right_to":911},"geometry":{"type":"LineString","coordinates":[[-87.77563,41.87277],[-87.77562,41.87268],[-87.77561,41.87236],[-87.77561,41.87231]]}},{"type":"Feature","properties":{"street_name":"N KENILWORTH AVE","address_left_from":597,"address_left_to":599,"address_right_from":594,"address_right_to":598},"geometry":{"type":"LineString","coordinates":[[-87.79772,41.89608],[-87.79773,41.89619]]}},{"type":"Feature","properties":{"street_name":"FILLMORE ST","address_left_from":801,"address_left_to":815,"address_right_from":800,"address_right_to":814},"geometry":{"type":"LineString","coordinates":[[-87.79381,41.86699],[-87.79428,41.86698],[-87.79447,41.86697]]}},{"type":"Feature","properties":{"street_name":"N KENILWORTH AVE","address_left_from":951,"address_left_to":999,"address_right_from":-1,"address_right_to":-1},"geometry":{"type":"LineString","coordinates":[[-87.79808,41.9034],[-87.79808,41.90348]]}},{"type":"Feature","properties":{"street_name":"N KENILWORTH AVE","address_left_from":249,"address_left_to":299,"address_right_from":314,"address_right_to":320},"geometry":{"type":"LineString","coordinates":[[-87.7976,41.89184],[-87.7976,41.892]]}},{"type":"Feature","properties":{"street_name":"S HUMPHREY AVE","address_left_from":400,"address_left_to":408,"address_right_from":401,"address_right_to":409},"geometry":{"type":"LineString","coordinates":[[-87.77636,41.88208],[-87.77634,41.88155]]}},{"type":"Feature","properties":{"street_name":"N KENILWORTH AVE","address_left_from":127,"address_left_to":147,"address_right_from":126,"address_right_to":148},"geometry":{"type":"LineString","coordinates":[[-87.79714,41.88814],[-87.79716,41.8887]]}},{"type":"Feature","properties":{"street_name":"N KENILWORTH AVE","address_left_from":-1,"address_left_to":-1,"address_right_from":1150,"address_right_to":1198},"geometry":{"type":"LineString","coordinates":[[-87.79794,41.90706],[-87.79794,41.90708],[-87.79795,41.90715]]}},{"type":"Feature","properties":{"street_name":"N KENILWORTH AVE","address_left_from":149,"address_left_to":177,"address_right_from":150,"address_right_to":178},"geometry":{"type":"LineString","coordinates":[[-87.79751,41.8887],[-87.79754,41.8899]]}},{"type":"Feature","properties":{"street_name":"FILLMORE ST","address_left_from":725,"address_left_to":763,"address_right_from":724,"address_right_to":762},"geometry":{"type":"LineString","coordinates":[[-87.79261,41.86701],[-87.7928,41.867],[-87.7932,41.867]]}},{"type":"Feature","properties":{"street_name":"N KENILWORTH AVE","address_left_from":-1,"address_left_to":-1,"address_right_from":1240,"address_right_to":1298},"geometry":{"type":"LineString","coordinates":[[-87.79799,41.90848],[-87.798,41.90864],[-87.798,41.90869],[-87.798,41.90875],[-87.798,41.9088],[-87.798,41.90882],[-87.79801,41.90898]]}},{"type":"Feature","properties":{"street_name":"N KENILWORTH AVE","address_left_from":101,"address_left_to":125,"address_right_from":100,"address_right_to":124},"geometry":{"type":"LineString","coordinates":[[-87.79713,41.88723],[-87.79712,41.88738],[-87.79714,41.88814]]}},{"type":"Feature","properties":{"street_name":"N KENILWORTH AVE","address_left_from":-1,"address_left_to":-1,"address_right_from":1100,"address_right_to":1148},"geometry":{"type":"LineString","coordinates":[[-87.79789,41.90532],[-87.7979,41.90548],[-87.79793,41.90653],[-87.79794,41.90706]]}},{"type":"Feature","properties":{"street_name":"N KENILWORTH AVE","address_left_from":-1,"address_left_to":-1,"address_right_from":1200,"address_right_to":1238},"geometry":{"type":"LineString","coordinates":[[-87.79795,41.90715],[-87.79798,41.90807],[-87.79798,41.90814],[-87.79798,41.90816],[-87.79798,41.90821],[-87.79798,41.90823],[-87.79798,41.90825],[-87.79799,41.90829],[-87.79799,41.9083],[-87.79799,41.90832],[-87.798,41.90836],[-87.798,41.90837],[-87.79802,41.90838],[-87.79803,41.90839],[-87.79804,41.9084],[-87.79805,41.90841],[-87.79806,41.90841],[-87.79808,41.90842],[-87.79811,41.90842],[-87.79812,41.90842]]}},{"type":"Feature","properties":{"street_name":"N KENILWORTH AVE","address_left_from":1241,"address_left_to":1299,"address_right_from":-1,"address_right_to":-1},"geometry":{"type":"LineString","coordinates":[[-87.79824,41.90848],[-87.79824,41.90869],[-87.79825,41.90873],[-87.79825,41.90877],[-87.79825,41.90882],[-87.79825,41.90898]]}},{"type":"Feature","properties":{"street_name":"SOUTH BLVD","address_left_from":101,"address_left_to":109,"address_right_from":100,"address_right_to":108},"geometry":{"type":"LineString","coordinates":[[-87.77814,41.88708],[-87.77825,41.88708],[-87.77888,41.88708]]}},{"type":"Feature","properties":{"street_name":"N KENILWORTH AVE","address_left_from":501,"address_left_to":545,"address_right_from":500,"address_right_to":544},"geometry":{"type":"LineString","coordinates":[[-87.79777,41.89502],[-87.79773,41.89509],[-87.79771,41.89514],[-87.7977,41.89519],[-87.7977,41.89527],[-87.7977,41.89542],[-87.79772,41.89583],[-87.79772,41.89601]]}},{"type":"Feature","properties":{"street_name":"SOUTH BLVD","address_left_from":901,"address_left_to":929,"address_right_from":900,"address_right_to":928},"geometry":{"type":"LineString","coordinates":[[-87.79713,41.88686],[-87.79765,41.88685],[-87.79848,41.88684],[-87.79864,41.88684]]}},{"type":"Feature","properties":{"street_name":"N KENILWORTH AVE","address_left_from":-1,"address_left_to":-1,"address_right_from":900,"address_right_to":948},"geometry":{"type":"LineString","coordinates":[[-87.79778,41.90166],[-87.79782,41.90324],[-87.79783,41.9034]]}},{"type":"Feature","properties":{"street_name":"S LOMBARD AVE","address_left_from":2,"address_left_to":98,"address_right_from":1,"address_right_to":99},"geometry":{"type":"LineString","coordinates":[[-87.77978,41.88731],[-87.77978,41.88727],[-87.77978,41.88719],[-87.77977,41.88707]]}},{"type":"Feature","properties":{"street_name":"N KENILWORTH AVE","address_left_from":601,"address_left_to":649,"address_right_from":600,"address_right_to":648},"geometry":{"type":"LineString","coordinates":[[-87.79773,41.89619],[-87.79774,41.8967],[-87.79776,41.89722],[-87.79778,41.89776],[-87.79778,41.89791]]}},{"type":"Feature","properties":{"street_name":"GARFIELD ST","address_left_from":651,"address_left_to":699,"address_right_from":652,"address_right_to":698},"geometry":{"type":"LineString","coordinates":[[-87.79142,41.87181],[-87.79154,41.87182]]}},{"type":"Feature","properties":{"street_name":"N KENILWORTH AVE","address_left_from":-1,"address_left_to":-1,"address_right_from":1000,"address_right_to":1046},"geometry":{"type":"LineString","coordinates":[[-87.79783,41.90349],[-87.79783,41.90366],[-87.79789,41.90523]]}},{"type":"Feature","properties":{"street_name":"GARFIELD ST","address_left_from":51,"address_left_to":99,"address_right_from":50,"address_right_to":98},"geometry":{"type":"LineString","coordinates":[[-87.77665,41.87057],[-87.77677,41.87058]]}},{"type":"Feature","properties":{"street_name":"N KENILWORTH AVE","address_left_from":1201,"address_left_to":1239,"address_right_from":-1,"address_right_to":-1},"geometry":{"type":"LineString","coordinates":[[-87.7982,41.90715],[-87.79822,41.908],[-87.79822,41.90803],[-87.79823,41.90807],[-87.79823,41.90811],[-87.79823,41.90815],[-87.79823,41.90818],[-87.79823,41.90823],[-87.79823,41.90826],[-87.79823,41.90831],[-87.79823,41.90833],[-87.79823,41.90834],[-87.79822,41.90836],[-87.79822,41.90837],[-87.79821,41.90838],[-87.7982,41.90839],[-87.79818,41.9084],[-87.79817,41.90841],[-87.79815,41.90841],[-87.79813,41.90842],[-87.79812,41.90842]]}},{"type":"Feature","properties":{"street_name":"GARFIELD ST","address_left_from":1143,"address_left_to":1199,"address_right_from":1144,"address_right_to":1198},"geometry":{"type":"LineString","coordinates":[[-87.80436,41.87229],[-87.80447,41.87232]]}},{"type":"Feature","properties":{"street_name":"N KENILWORTH AVE","address_left_from":401,"address_left_to":439,"address_right_from":400,"address_right_to":438},"geometry":{"type":"LineString","coordinates":[[-87.79763,41.893],[-87.79765,41.89357],[-87.79767,41.89425]]}},{"type":"Feature","properties":{"street_name":"GARFIELD ST","address_left_from":519,"address_left_to":599,"address_right_from":518,"address_right_to":598},"geometry":{"type":"LineString","coordinates":[[-87.78847,41.87156],[-87.78885,41.87159],[-87.78908,41.87161]]}},{"type":"Feature","properties":{"street_name":"N KENILWORTH AVE","address_left_from":901,"address_left_to":949,"address_right_from":-1,"address_right_to":-1},"geometry":{"type":"LineString","coordinates":[[-87.79803,41.90165],[-87.79807,41.90318],[-87.79808,41.9034]]}},{"type":"Feature","properties":{"street_name":"GARFIELD ST","address_left_from":749,"address_left_to":799,"address_right_from":748,"address_right_to":798},"geometry":{"type":"LineString","coordinates":[[-87.79387,41.87202],[-87.79399,41.87203]]}},{"type":"Feature","properties":{"street_name":"N KENILWORTH AVE","address_left_from":801,"address_left_to":849,"address_right_from":800,"address_right_to":848},"geometry":{"type":"LineString","coordinates":[[-87.79784,41.89983],[-87.79785,41.90014],[-87.79787,41.90064],[-87.79789,41.90126],[-87.7979,41.90157]]}},{"type":"Feature","properties":{"street_name":"GARFIELD ST","address_left_from":959,"address_left_to":999,"address_right_from":960,"address_right_to":998},"geometry":{"type":"LineString","coordinates":[[-87.79913,41.87237],[-87.79924,41.87237]]}},{"type":"Feature","properties":{"street_name":"HARVARD ST","address_left_from":849,"address_left_to":899,"address_right_from":848,"address_right_to":898},"geometry":{"type":"LineString","coordinates":[[-87.79638,41.86877],[-87.79649,41.86877]]}},{"type":"Feature","properties":{"street_name":"N KENILWORTH AVE","address_left_from":701,"address_left_to":747,"address_right_from":700,"address_right_to":746},"geometry":{"type":"LineString","coordinates":[[-87.79779,41.89801],[-87.7978,41.89839],[-87.79783,41.8994],[-87.79784,41.89967],[-87.79784,41.89975]]}},{"type":"Feature","properties":{"street_name":"GARFIELD ST","address_left_from":1051,"address_left_to":1099,"address_right_from":1050,"address_right_to":1098},"geometry":{"type":"LineString","coordinates":[[-87.80193,41.87233],[-87.80205,41.87232]]}},{"type":"Feature","properties":{"street_name":"N KENILWORTH AVE","address_left_from":1001,"address_left_to":1049,"address_right_from":-1,"address_right_to":-1},"geometry":{"type":"LineString","coordinates":[[-87.79808,41.90348],[-87.79808,41.90361],[-87.79813,41.90523]]}},{"type":"Feature","properties":{"street_name":"N TAYLOR AVE","address_left_from":751,"address_left_to":799,"address_right_from":750,"address_right_to":798},"geometry":{"type":"LineString","coordinates":[[-87.77774,41.90006],[-87.77775,41.90015]]}},{"type":"Feature","properties":{"street_name":"N KENILWORTH AVE","address_left_from":201,"address_left_to":227,"address_right_from":200,"address_right_to":298},"geometry":{"type":"LineString","coordinates":[[-87.79755,41.89018],[-87.79756,41.8904],[-87.79757,41.89085],[-87.79758,41.89128]]}},{"type":"Feature","properties":{"street_name":"N TAYLOR AVE","address_left_from":335,"address_left_to":399,"address_right_from":336,"address_right_to":398},"geometry":{"type":"LineString","coordinates":[[-87.77833,41.8931],[-87.77834,41.89319]]}},{"type":"Feature","properties":{"street_name":"N KENILWORTH AVE","address_left_from":1101,"address_left_to":1149,"address_right_from":-1,"address_right_to":-1},"geometry":{"type":"LineString","coordinates":[[-87.79813,41.90532],[-87.79813,41.90534],[-87.79818,41.90647],[-87.7982,41.90706]]}},{"type":"Feature","properties":{"street_name":"S LOMBARD AVE","address_left_from":548,"address_left_to":598,"address_right_from":549,"address_right_to":599},"geometry":{"type":"LineString","coordinates":[[-87.7795,41.87825],[-87.7795,41.87816]]}},{"type":"Feature","properties":{"street_name":"S ELMWOOD AVE","address_left_from":246,"address_left_to":298,"address_right_from":245,"address_right_to":299},"geometry":{"type":"LineString","coordinates":[[-87.7862,41.88353],[-87.78619,41.88341]]}},{"type":"Feature","properties":{"street_name":"CLARENCE AVE","address_left_from":650,"address_left_to":698,"address_right_from":651,"address_right_to":699},"geometry":{"type":"LineString","coordinates":[[-87.79047,41.87627],[-87.79046,41.87618]]}},{"type":"Feature","properties":{"street_name":"S ELMWOOD AVE","address_left_from":546,"address_left_to":598,"address_right_from":545,"address_right_to":599},"geometry":{"type":"LineString","coordinates":[[-87.78563,41.87818],[-87.78563,41.87808]]}},{"type":"Feature","properties":{"street_name":"S LOMBARD AVE","address_left_from":848,"address_left_to":898,"address_right_from":847,"address_right_to":899},"geometry":{"type":"LineString","coordinates":[[-87.77931,41.8728],[-87.77931,41.87271]]}},{"type":"Feature","properties":{"street_name":"S ELMWOOD AVE","address_left_from":908,"address_left_to":936,"address_right_from":909,"address_right_to":935},"geometry":{"type":"LineString","coordinates":[[-87.78543,41.87235],[-87.78543,41.87234],[-87.78542,41.87232],[-87.7854,41.8723],[-87.7854,41.8723]]}},{"type":"Feature","properties":{"street_name":"S LOMBARD AVE","address_left_from":1050,"address_left_to":1098,"address_right_from":1049,"address_right_to":1099},"geometry":{"type":"LineString","coordinates":[[-87.77918,41.86914],[-87.77918,41.86905]]}},{"type":"Feature","properties":{"street_name":"S ELMWOOD AVE","address_left_from":850,"address_left_to":898,"address_right_from":849,"address_right_to":899},"geometry":{"type":"LineString","coordinates":[[-87.78545,41.8727],[-87.78544,41.87261]]}},{"type":"Feature","properties":{"street_name":"S GROVE AVE","address_left_from":200,"address_left_to":240,"address_right_from":201,"address_right_to":239},"geometry":{"type":"LineString","coordinates":[[-87.79576,41.88516],[-87.79575,41.88497],[-87.79573,41.88437],[-87.79571,41.88378],[-87.79571,41.88352]]}},{"type":"Feature","properties":{"street_name":"S ELMWOOD AVE","address_left_from":1050,"address_left_to":1098,"address_right_from":1051,"address_right_to":1099},"geometry":{"type":"LineString","coordinates":[[-87.78532,41.86905],[-87.78531,41.86896]]}},{"type":"Feature","properties":{"street_name":"ONTARIO CT","address_left_from":1111,"address_left_to":1199,"address_right_from":1112,"address_right_to":1198},"geometry":{"type":"LineString","coordinates":[[-87.8033,41.89122],[-87.80354,41.89122],[-87.80429,41.8912]]}},{"type":"Feature","properties":{"street_name":"S ELMWOOD AVE","address_left_from":646,"address_left_to":698,"address_right_from":645,"address_right_to":699},"geometry":{"type":"LineString","coordinates":[[-87.78557,41.87635],[-87.78557,41.87626]]}},{"type":"Feature","properties":{"street_name":"S MAPLE AVE","address_left_from":430,"address_left_to":436,"address_right_from":431,"address_right_to":437},"geometry":{"type":"LineString","coordinates":[[-87.80388,41.88026],[-87.80388,41.88007]]}},{"type":"Feature","properties":{"street_name":"S GROVE AVE","address_left_from":628,"address_left_to":646,"address_right_from":701,"address_right_to":717},"geometry":{"type":"LineString","coordinates":[[-87.79536,41.87691],[-87.79534,41.87642],[-87.79533,41.87624],[-87.79535,41.87618]]}},{"type":"Feature","properties":{"street_name":"S ELMWOOD AVE","address_left_from":952,"address_left_to":998,"address_right_from":953,"address_right_to":999},"geometry":{"type":"LineString","coordinates":[[-87.78537,41.87074],[-87.78537,41.87067]]}},{"type":"Feature","properties":{"street_name":"S ELMWOOD AVE","address_left_from":938,"address_left_to":950,"address_right_from":937,"address_right_to":951},"geometry":{"type":"LineString","coordinates":[[-87.78539,41.8713],[-87.78537,41.87074]]}},{"type":"Feature","properties":{"street_name":"S ELMWOOD AVE","address_left_from":144,"address_left_to":198,"address_right_from":147,"address_right_to":199},"geometry":{"type":"LineString","coordinates":[[-87.78625,41.88528],[-87.78624,41.88518]]}},{"type":"Feature","properties":{"street_name":"S ELMWOOD AVE","address_left_from":700,"address_left_to":798,"address_right_from":701,"address_right_to":799},"geometry":{"type":"LineString","coordinates":[[-87.78557,41.87626],[-87.78555,41.87589],[-87.78552,41.87508],[-87.7855,41.87444]]}},{"type":"Feature","properties":{"street_name":"S ELMWOOD AVE","address_left_from":400,"address_left_to":408,"address_right_from":401,"address_right_to":409},"geometry":{"type":"LineString","coordinates":[[-87.78614,41.88169],[-87.78613,41.88115]]}},{"type":"Feature","properties":{"street_name":"S ELMWOOD AVE","address_left_from":1150,"address_left_to":1186,"address_right_from":1151,"address_right_to":1187},"geometry":{"type":"LineString","coordinates":[[-87.78525,41.86714],[-87.78524,41.86677],[-87.7852,41.86577]]}},{"type":"Feature","properties":{"street_name":"S ELMWOOD AVE","address_left_from":800,"address_left_to":848,"address_right_from":801,"address_right_to":847},"geometry":{"type":"LineString","coordinates":[[-87.7855,41.87444],[-87.7855,41.87425],[-87.78545,41.8727]]}},{"type":"Feature","properties":{"street_name":"S ELMWOOD AVE","address_left_from":410,"address_left_to":498,"address_right_from":411,"address_right_to":499},"geometry":{"type":"LineString","coordinates":[[-87.78613,41.88115],[-87.78611,41.88057]]}},{"type":"Feature","properties":{"street_name":"S ELMWOOD AVE","address_left_from":300,"address_left_to":328,"address_right_from":301,"address_right_to":329},"geometry":{"type":"LineString","coordinates":[[-87.78619,41.88341],[-87.78618,41.88315],[-87.78616,41.88232],[-87.78616,41.88223]]}},{"type":"Feature","properties":{"street_name":"S ELMWOOD AVE","address_left_from":330,"address_left_to":398,"address_right_from":331,"address_right_to":399},"geometry":{"type":"LineString","coordinates":[[-87.78616,41.88223],[-87.78615,41.88188],[-87.78614,41.88169]]}},{"type":"Feature","properties":{"street_name":"S ELMWOOD AVE","address_left_from":100,"address_left_to":110,"address_right_from":101,"address_right_to":111},"geometry":{"type":"LineString","coordinates":[[-87.78629,41.88695],[-87.78628,41.88644]]}},{"type":"Feature","properties":{"street_name":"S ELMWOOD AVE","address_left_from":112,"address_left_to":142,"address_right_from":113,"address_right_to":145},"geometry":{"type":"LineString","coordinates":[[-87.78628,41.88644],[-87.78627,41.88606],[-87.78625,41.88544],[-87.78625,41.88528]]}},{"type":"Feature","properties":{"street_name":"S ELMWOOD AVE","address_left_from":600,"address_left_to":644,"address_right_from":601,"address_right_to":643},"geometry":{"type":"LineString","coordinates":[[-87.78563,41.87808],[-87.78562,41.87787],[-87.7856,41.87731],[-87.78558,41.87659],[-87.78557,41.87635]]}},{"type":"Feature","properties":{"street_name":"S ELMWOOD AVE","address_left_from":1000,"address_left_to":1048,"address_right_from":1001,"address_right_to":1049},"geometry":{"type":"LineString","coordinates":[[-87.78537,41.87067],[-87.78537,41.87049],[-87.78534,41.86971],[-87.78532,41.86905]]}},{"type":"Feature","properties":{"street_name":"S ELMWOOD AVE","address_left_from":500,"address_left_to":544,"address_right_from":501,"address_right_to":543},"geometry":{"type":"LineString","coordinates":[[-87.78569,41.87991],[-87.78567,41.87922],[-87.78564,41.87853],[-87.78563,41.87818]]}},{"type":"Feature","properties":{"street_name":"S ELMWOOD AVE","address_left_from":1100,"address_left_to":1148,"address_right_from":1101,"address_right_to":1149},"geometry":{"type":"LineString","coordinates":[[-87.78531,41.86896],[-87.78531,41.86873],[-87.78528,41.86801],[-87.78526,41.86733],[-87.78525,41.86714]]}},{"type":"Feature","properties":{"street_name":"S ELMWOOD AVE","address_left_from":200,"address_left_to":244,"address_right_from":201,"address_right_to":243},"geometry":{"type":"LineString","coordinates":[[-87.78624,41.88518],[-87.78623,41.88491],[-87.78621,41.88406],[-87.7862,41.88358],[-87.7862,41.88353]]}},{"type":"Feature","properties":{"street_name":"S ELMWOOD AVE","address_left_from":900,"address_left_to":906,"address_right_from":901,"address_right_to":907},"geometry":{"type":"LineString","coordinates":[[-87.78544,41.87261],[-87.78543,41.87243],[-87.78543,41.87238],[-87.78543,41.87235]]}},{"type":"Feature","properties":{"street_name":"S ELMWOOD AVE","address_left_from":1188,"address_left_to":1198,"address_right_from":1189,"address_right_to":1199},"geometry":{"type":"LineString","coordinates":[[-87.7852,41.86577],[-87.7852,41.86574],[-87.78519,41.86532]]}},{"type":"Feature","properties":{"street_name":"LINCOLN TRL","address_left_from":1001,"address_left_to":1035,"address_right_from":1000,"address_right_to":1034},"geometry":{"type":"LineString","coordinates":[[-87.80073,41.88087],[-87.8011,41.88086],[-87.8015,41.88085]]}},{"type":"Feature","properties":{"street_name":"LINCOLN TRL","address_left_from":1037,"address_left_to":1099,"address_right_from":1036,"address_right_to":1098},"geometry":{"type":"LineString","coordinates":[[-87.8015,41.88085],[-87.80154,41.88085]]}},{"type":"Feature","properties":{"street_name":"FAIR OAKS AVE","address_left_from":1051,"address_left_to":1099,"address_right_from":1050,"address_right_to":1098},"geometry":{"type":"LineString","coordinates":[[-87.78866,41.90557],[-87.78866,41.90565]]}},{"type":"Feature","properties":{"street_name":"FAIR OAKS AVE","address_left_from":953,"address_left_to":999,"address_right_from":952,"address_right_to":998},"geometry":{"type":"LineString","coordinates":[[-87.78843,41.90364],[-87.78844,41.90373]]}},{"type":"Feature","properties":{"street_name":"FAIR OAKS AVE","address_left_from":745,"address_left_to":799,"address_right_from":748,"address_right_to":798},"geometry":{"type":"LineString","coordinates":[[-87.78831,41.89975],[-87.78831,41.89984]]}},{"type":"Feature","properties":{"street_name":"FAIR OAKS AVE","address_left_from":649,"address_left_to":699,"address_right_from":650,"address_right_to":698},"geometry":{"type":"LineString","coordinates":[[-87.78826,41.89807],[-87.78826,41.89817]]}},{"type":"Feature","properties":{"street_name":"FAIR OAKS AVE","address_left_from":551,"address_left_to":599,"address_right_from":544,"address_right_to":598},"geometry":{"type":"LineString","coordinates":[[-87.7882,41.89627],[-87.7882,41.89635]]}},{"type":"Feature","properties":{"street_name":"BERKSHIRE ST","address_left_from":931,"address_left_to":967,"address_right_from":930,"address_right_to":966},"geometry":{"type":"LineString","coordinates":[[-87.79944,41.90346],[-87.79986,41.90346],[-87.80025,41.90345]]}},{"type":"Feature","properties":{"street_name":"FAIR OAKS AVE","address_left_from":1101,"address_left_to":1143,"address_right_from":1100,"address_right_to":1142},"geometry":{"type":"LineString","coordinates":[[-87.78866,41.90565],[-87.78866,41.90577],[-87.78868,41.90642],[-87.78871,41.90704],[-87.78871,41.90718]]}},{"type":"Feature","properties":{"street_name":"FAIR OAKS AVE","address_left_from":901,"address_left_to":951,"address_right_from":900,"address_right_to":950},"geometry":{"type":"LineString","coordinates":[[-87.78837,41.90182],[-87.78839,41.90216],[-87.78841,41.90298],[-87.78843,41.90364]]}},{"type":"Feature","properties":{"street_name":"FAIR OAKS AVE","address_left_from":1145,"address_left_to":1199,"address_right_from":1144,"address_right_to":1198},"geometry":{"type":"LineString","coordinates":[[-87.78871,41.90718],[-87.78871,41.90727]]}},{"type":"Feature","properties":{"street_name":"FAIR OAKS AVE","address_left_from":855,"address_left_to":899,"address_right_from":854,"address_right_to":898},"geometry":{"type":"LineString","coordinates":[[-87.78837,41.90173],[-87.78837,41.90182]]}},{"type":"Feature","properties":{"street_name":"FAIR OAKS AVE","address_left_from":801,"address_left_to":853,"address_right_from":800,"address_right_to":852},"geometry":{"type":"LineString","coordinates":[[-87.78831,41.89984],[-87.78832,41.90007],[-87.78837,41.90157],[-87.78837,41.90173]]}},{"type":"Feature","properties":{"street_name":"FAIR OAKS AVE","address_left_from":1201,"address_left_to":1235,"address_right_from":1200,"address_right_to":1234},"geometry":{"type":"LineString","coordinates":[[-87.78871,41.90727],[-87.78874,41.90813],[-87.78874,41.90825],[-87.78874,41.90835],[-87.78875,41.9085]]}},{"type":"Feature","properties":{"street_name":"FAIR OAKS AVE","address_left_from":1237,"address_left_to":1299,"address_right_from":1236,"address_right_to":1298},"geometry":{"type":"LineString","coordinates":[[-87.78873,41.9086],[-87.78874,41.90886],[-87.78875,41.90895],[-87.78875,41.90896],[-87.78875,41.9091]]}},{"type":"Feature","properties":{"street_name":"S GROVE AVE","address_left_from":1000,"address_left_to":1046,"address_right_from":1001,"address_right_to":1047},"geometry":{"type":"LineString","coordinates":[[-87.79525,41.87062],[-87.79524,41.87042],[-87.7952,41.86927],[-87.79518,41.86888]]}},{"type":"Feature","properties":{"street_name":"FAIR OAKS AVE","address_left_from":601,"address_left_to":647,"address_right_from":600,"address_right_to":648},"geometry":{"type":"LineString","coordinates":[[-87.7882,41.89635],[-87.78821,41.89651],[-87.78822,41.89702],[-87.78826,41.89798],[-87.78826,41.89807]]}},{"type":"Feature","properties":{"street_name":"FAIR OAKS AVE","address_left_from":1001,"address_left_to":1049,"address_right_from":1000,"address_right_to":1048},"geometry":{"type":"LineString","coordinates":[[-87.7886,41.90373],[-87.78862,41.90449],[-87.78865,41.90538],[-87.78866,41.90557]]}},{"type":"Feature","properties":{"street_name":"FAIR OAKS AVE","address_left_from":501,"address_left_to":549,"address_right_from":500,"address_right_to":542},"geometry":{"type":"LineString","coordinates":[[-87.78813,41.89452],[-87.78814,41.8947],[-87.78819,41.89606],[-87.7882,41.89627]]}},{"type":"Feature","properties":{"street_name":"FAIR OAKS AVE","address_left_from":701,"address_left_to":743,"address_right_from":700,"address_right_to":746},"geometry":{"type":"LineString","coordinates":[[-87.78826,41.89817],[-87.78827,41.89851],[-87.7883,41.89961],[-87.78831,41.89975]]}},{"type":"Feature","properties":{"street_name":"DIVISION ST","address_left_from":261,"address_left_to":269,"address_right_from":260,"address_right_to":268},"geometry":{"type":"LineString","coordinates":[[-87.78207,41.90191],[-87.78235,41.90191],[-87.78268,41.9019]]}},{"type":"Feature","properties":{"street_name":"DIVISION ST","address_left_from":1029,"address_left_to":1047,"address_right_from":1034,"address_right_to":1040},"geometry":{"type":"LineString","coordinates":[[-87.80247,41.90158],[-87.80296,41.90157],[-87.80323,41.90156]]}},{"type":"Feature","properties":{"street_name":"BERKSHIRE ST","address_left_from":127,"address_left_to":163,"address_right_from":126,"address_right_to":162},"geometry":{"type":"LineString","coordinates":[[-87.77909,41.90387],[-87.77927,41.90387],[-87.7797,41.90386]]}},{"type":"Feature","properties":{"street_name":"DIVISION ST","address_left_from":1101,"address_left_to":1127,"address_right_from":1100,"address_right_to":1150},"geometry":{"type":"LineString","coordinates":[[-87.80399,41.90155],[-87.8044,41.90155],[-87.80476,41.90154]]}},{"type":"Feature","properties":{"street_name":"N LOMBARD AVE","address_left_from":453,"address_left_to":499,"address_right_from":440,"address_right_to":498},"geometry":{"type":"LineString","coordinates":[[-87.78,41.89454],[-87.78,41.89465]]}},{"type":"Feature","properties":{"street_name":"DIVISION ST","address_left_from":321,"address_left_to":349,"address_right_from":320,"address_right_to":348},"geometry":{"type":"LineString","coordinates":[[-87.7842,41.90189],[-87.78449,41.90189]]}},{"type":"Feature","properties":{"street_name":"LINDEN AVE","address_left_from":237,"address_left_to":299,"address_right_from":236,"address_right_to":298},"geometry":{"type":"LineString","coordinates":[[-87.79124,41.89152],[-87.79124,41.89161]]}},{"type":"Feature","properties":{"street_name":"DIVISION ST","address_left_from":905,"address_left_to":915,"address_right_from":904,"address_right_to":914},"geometry":{"type":"LineString","coordinates":[[-87.79803,41.90165],[-87.79841,41.90164],[-87.79863,41.90164]]}},{"type":"Feature","properties":{"street_name":"DIVISION ST","address_left_from":201,"address_left_to":219,"address_right_from":200,"address_right_to":218},"geometry":{"type":"LineString","coordinates":[[-87.78024,41.90194],[-87.78042,41.90194],[-87.78086,41.90193]]}},{"type":"Feature","properties":{"street_name":"N LOMBARD AVE","address_left_from":335,"address_left_to":399,"address_right_from":336,"address_right_to":398},"geometry":{"type":"LineString","coordinates":[[-87.77996,41.89307],[-87.77996,41.89317]]}},{"type":"Feature","properties":{"street_name":"DIVISION ST","address_left_from":417,"address_left_to":449,"address_right_from":430,"address_right_to":448},"geometry":{"type":"LineString","coordinates":[[-87.78594,41.90186],[-87.78655,41.90185],[-87.78675,41.90184]]}},{"type":"Feature","properties":{"street_name":"DIVISION ST","address_left_from":627,"address_left_to":663,"address_right_from":626,"address_right_to":662},"geometry":{"type":"LineString","coordinates":[[-87.79122,41.90177],[-87.79159,41.90176],[-87.79182,41.90176]]}},{"type":"Feature","properties":{"street_name":"DIVISION ST","address_left_from":471,"address_left_to":499,"address_right_from":470,"address_right_to":498},"geometry":{"type":"LineString","coordinates":[[-87.78756,41.90183],[-87.78809,41.90182],[-87.78837,41.90182]]}},{"type":"Feature","properties":{"street_name":"LINDEN AVE","address_left_from":337,"address_left_to":399,"address_right_from":336,"address_right_to":398},"geometry":{"type":"LineString","coordinates":[[-87.79128,41.8929],[-87.79128,41.89299]]}},{"type":"Feature","properties":{"street_name":"DIVISION ST","address_left_from":401,"address_left_to":415,"address_right_from":400,"address_right_to":428},"geometry":{"type":"LineString","coordinates":[[-87.78488,41.90188],[-87.78561,41.90186],[-87.78594,41.90186]]}},{"type":"Feature","properties":{"street_name":"S EUCLID AVE","address_left_from":144,"address_left_to":198,"address_right_from":141,"address_right_to":199},"geometry":{"type":"LineString","coordinates":[[-87.79277,41.88517],[-87.79277,41.88507]]}},{"type":"Feature","properties":{"street_name":"BERKSHIRE ST","address_left_from":1,"address_left_to":9,"address_right_from":2,"address_right_to":8},"geometry":{"type":"LineString","coordinates":[[-87.77543,41.90392],[-87.77543,41.90392],[-87.77566,41.90392],[-87.77604,41.90392]]}},{"type":"Feature","properties":{"street_name":"DIVISION ST","address_left_from":281,"address_left_to":289,"address_right_from":280,"address_right_to":288},"geometry":{"type":"LineString","coordinates":[[-87.78328,41.9019],[-87.7834,41.90189]]}},{"type":"Feature","properties":{"street_name":"BERKSHIRE ST","address_left_from":501,"address_left_to":519,"address_right_from":500,"address_right_to":518},"geometry":{"type":"LineString","coordinates":[[-87.78714,41.90375],[-87.78746,41.90375],[-87.78763,41.90375]]}},{"type":"Feature","properties":{"street_name":"DIVISION ST","address_left_from":131,"address_left_to":165,"address_right_from":130,"address_right_to":164},"geometry":{"type":"LineString","coordinates":[[-87.77903,41.90196],[-87.77921,41.90195],[-87.77964,41.90195]]}},{"type":"Feature","properties":{"street_name":"ONTARIO CT","address_left_from":1101,"address_left_to":1109,"address_right_from":1100,"address_right_to":1110},"geometry":{"type":"LineString","coordinates":[[-87.80273,41.89123],[-87.80305,41.89123],[-87.8033,41.89122]]}},{"type":"Feature","properties":{"street_name":"DIVISION ST","address_left_from":1001,"address_left_to":1027,"address_right_from":1000,"address_right_to":1032},"geometry":{"type":"LineString","coordinates":[[-87.80095,41.9016],[-87.80137,41.90159],[-87.80221,41.90158],[-87.80247,41.90158]]}},{"type":"Feature","properties":{"street_name":"S MAPLE AVE","address_left_from":600,"address_left_to":618,"address_right_from":601,"address_right_to":619},"geometry":{"type":"LineString","coordinates":[[-87.80382,41.87818],[-87.8038,41.87769],[-87.80379,41.87753]]}},{"type":"Feature","properties":{"street_name":"DIVISION ST","address_left_from":931,"address_left_to":943,"address_right_from":930,"address_right_to":942},"geometry":{"type":"LineString","coordinates":[[-87.79938,41.90163],[-87.79982,41.90162],[-87.80017,41.90162]]}},{"type":"Feature","properties":{"street_name":"S MAPLE AVE","address_left_from":800,"address_left_to":828,"address_right_from":801,"address_right_to":829},"geometry":{"type":"LineString","coordinates":[[-87.80369,41.87522],[-87.8037,41.87519],[-87.80371,41.87513],[-87.8037,41.87504],[-87.80368,41.87434],[-87.80368,41.87423]]}},{"type":"Feature","properties":{"street_name":"DIVISION ST","address_left_from":821,"address_left_to":839,"address_right_from":820,"address_right_to":838},"geometry":{"type":"LineString","coordinates":[[-87.79562,41.90169],[-87.79599,41.90169],[-87.79636,41.90168]]}},{"type":"Feature","properties":{"street_name":"S GROVE AVE","address_left_from":700,"address_left_to":714,"address_right_from":725,"address_right_to":735},"geometry":{"type":"LineString","coordinates":[[-87.79533,41.87604],[-87.79532,41.87602],[-87.79532,41.87577],[-87.79531,41.87559],[-87.7953,41.87556]]}},{"type":"Feature","properties":{"street_name":"DIVISION ST","address_left_from":1129,"address_left_to":1199,"address_right_from":1152,"address_right_to":1198},"geometry":{"type":"LineString","coordinates":[[-87.80476,41.90154],[-87.80501,41.90153],[-87.80532,41.90152],[-87.80551,41.90154],[-87.80552,41.90154]]}},{"type":"Feature","properties":{"street_name":"BERKSHIRE ST","address_left_from":731,"address_left_to":765,"address_right_from":730,"address_right_to":764},"geometry":{"type":"LineString","coordinates":[[-87.7937,41.90364],[-87.79392,41.90364],[-87.79431,41.90363]]}},{"type":"Feature","properties":{"street_name":"DIVISION ST","address_left_from":221,"address_left_to":249,"address_right_from":220,"address_right_to":248},"geometry":{"type":"LineString","coordinates":[[-87.78086,41.90193],[-87.78104,41.90193],[-87.78146,41.90192]]}},{"type":"Feature","properties":{"street_name":"S GROVE AVE","address_left_from":1150,"address_left_to":1188,"address_right_from":1151,"address_right_to":1189},"geometry":{"type":"LineString","coordinates":[[-87.79512,41.86696],[-87.79507,41.86562]]}},{"type":"Feature","properties":{"street_name":"DIVISION ST","address_left_from":1,"address_left_to":19,"address_right_from":2,"address_right_to":18},"geometry":{"type":"LineString","coordinates":[[-87.77537,41.902],[-87.77537,41.902],[-87.77561,41.902],[-87.77561,41.902],[-87.77591,41.902],[-87.77598,41.902]]}},{"type":"Feature","properties":{"street_name":"S GROVE AVE","address_left_from":400,"address_left_to":434,"address_right_from":401,"address_right_to":437},"geometry":{"type":"LineString","coordinates":[[-87.79565,41.8816],[-87.79564,41.88127],[-87.79562,41.8805],[-87.79561,41.88025]]}},{"type":"Feature","properties":{"street_name":"DIVISION ST","address_left_from":945,"address_left_to":999,"address_right_from":944,"address_right_to":998},"geometry":{"type":"LineString","coordinates":[[-87.80017,41.90162],[-87.80074,41.90161],[-87.80095,41.9016]]}},{"type":"Feature","properties":{"street_name":"BERKSHIRE ST","address_left_from":717,"address_left_to":729,"address_right_from":716,"address_right_to":728},"geometry":{"type":"LineString","coordinates":[[-87.79309,41.90365],[-87.7934,41.90365],[-87.7937,41.90364]]}},{"type":"Feature","properties":{"street_name":"DIVISION ST","address_left_from":615,"address_left_to":625,"address_right_from":614,"address_right_to":624},"geometry":{"type":"LineString","coordinates":[[-87.79061,41.90178],[-87.79087,41.90177],[-87.79122,41.90177]]}},{"type":"Feature","properties":{"street_name":"S MARION ST","address_left_from":114,"address_left_to":128,"address_right_from":115,"address_right_to":125},"geometry":{"type":"LineString","coordinates":[[-87.80254,41.88616],[-87.80253,41.88601],[-87.80253,41.88581]]}},{"type":"Feature","properties":{"street_name":"DIVISION ST","address_left_from":867,"address_left_to":895,"address_right_from":866,"address_right_to":894},"geometry":{"type":"LineString","coordinates":[[-87.79711,41.90167],[-87.79756,41.90166],[-87.79778,41.90166]]}},{"type":"Feature","properties":{"street_name":"S MAPLE AVE","address_left_from":830,"address_left_to":898,"address_right_from":831,"address_right_to":899},"geometry":{"type":"LineString","coordinates":[[-87.80368,41.87423],[-87.80366,41.87393],[-87.80366,41.87391],[-87.80366,41.87388],[-87.80365,41.87386],[-87.80364,41.87385]]}},{"type":"Feature","properties":{"street_name":"DIVISION ST","address_left_from":451,"address_left_to":469,"address_right_from":450,"address_right_to":468},"geometry":{"type":"LineString","coordinates":[[-87.78675,41.90184],[-87.7871,41.90184],[-87.78756,41.90183]]}},{"type":"Feature","properties":{"street_name":"S GROVE AVE","address_left_from":300,"address_left_to":338,"address_right_from":301,"address_right_to":339},"geometry":{"type":"LineString","coordinates":[[-87.7957,41.88342],[-87.79569,41.88317],[-87.79568,41.88254],[-87.79565,41.88169]]}},{"type":"Feature","properties":{"street_name":"DIVISION ST","address_left_from":41,"address_left_to":67,"address_right_from":40,"address_right_to":66},"geometry":{"type":"LineString","coordinates":[[-87.77659,41.90199],[-87.77685,41.90199],[-87.7772,41.90198]]}},{"type":"Feature","properties":{"street_name":"S MAPLE AVE","address_left_from":720,"address_left_to":736,"address_right_from":721,"address_right_to":737},"geometry":{"type":"LineString","coordinates":[[-87.80374,41.87602],[-87.80373,41.87574],[-87.80372,41.87545],[-87.80371,41.87542],[-87.80369,41.87539],[-87.80367,41.87537],[-87.80365,41.87536],[-87.80362,41.87535],[-87.80362,41.87535]]}},{"type":"Feature","properties":{"street_name":"BERKSHIRE ST","address_left_from":67,"address_left_to":99,"address_right_from":66,"address_right_to":98},"geometry":{"type":"LineString","coordinates":[[-87.77726,41.9039],[-87.77759,41.90389],[-87.77787,41.90389]]}},{"type":"Feature","properties":{"street_name":"MARION CT","address_left_from":217,"address_left_to":225,"address_right_from":216,"address_right_to":226},"geometry":{"type":"LineString","coordinates":[[-87.80198,41.89124],[-87.80199,41.89152]]}},{"type":"Feature","properties":{"street_name":"S GROVE AVE","address_left_from":800,"address_left_to":832,"address_right_from":841,"address_right_to":867},"geometry":{"type":"LineString","coordinates":[[-87.79526,41.87408],[-87.79525,41.87394],[-87.79524,41.87361],[-87.79523,41.87333],[-87.79523,41.87308]]}},{"type":"Feature","properties":{"street_name":"MARION CT","address_left_from":201,"address_left_to":215,"address_right_from":200,"address_right_to":214},"geometry":{"type":"LineString","coordinates":[[-87.80196,41.89061],[-87.80198,41.89117],[-87.80198,41.89124]]}},{"type":"Feature","properties":{"street_name":"BERKSHIRE ST","address_left_from":251,"address_left_to":275,"address_right_from":250,"address_right_to":274},"geometry":{"type":"LineString","coordinates":[[-87.78153,41.90384],[-87.78184,41.90383],[-87.78214,41.90383]]}},{"type":"Feature","properties":{"street_name":"MARION CT","address_left_from":227,"address_left_to":299,"address_right_from":228,"address_right_to":298},"geometry":{"type":"LineString","coordinates":[[-87.80199,41.89152],[-87.80201,41.89188]]}},{"type":"Feature","properties":{"street_name":"BERKSHIRE ST","address_left_from":347,"address_left_to":399,"address_right_from":346,"address_right_to":398},"geometry":{"type":"LineString","coordinates":[[-87.78347,41.90381],[-87.78382,41.9038],[-87.78418,41.9038]]}},{"type":"Feature","properties":{"street_name":"S GROVE AVE","address_left_from":436,"address_left_to":448,"address_right_from":439,"address_right_to":449},"geometry":{"type":"LineString","coordinates":[[-87.79561,41.88025],[-87.79559,41.87985]]}},{"type":"Feature","properties":{"street_name":"S KENILWORTH AVE","address_left_from":244,"address_left_to":298,"address_right_from":247,"address_right_to":299},"geometry":{"type":"LineString","coordinates":[[-87.79704,41.88349],[-87.79703,41.88339]]}},{"type":"Feature","properties":{"street_name":"BERKSHIRE ST","address_left_from":1017,"address_left_to":1029,"address_right_from":1016,"address_right_to":1028},"geometry":{"type":"LineString","coordinates":[[-87.80177,41.90343],[-87.80216,41.90342],[-87.80253,41.90341]]}},{"type":"Feature","properties":{"street_name":"S KENILWORTH AVE","address_left_from":950,"address_left_to":998,"address_right_from":949,"address_right_to":999},"geometry":{"type":"LineString","coordinates":[[-87.79656,41.87069],[-87.79656,41.87059]]}},{"type":"Feature","properties":{"street_name":"S KENILWORTH AVE","address_left_from":536,"address_left_to":598,"address_right_from":537,"address_right_to":599},"geometry":{"type":"LineString","coordinates":[[-87.79734,41.87839],[-87.79734,41.8783]]}},{"type":"Feature","properties":{"street_name":"S KENILWORTH AVE","address_left_from":862,"address_left_to":898,"address_right_from":859,"address_right_to":899},"geometry":{"type":"LineString","coordinates":[[-87.79717,41.8733],[-87.79717,41.87324]]}},{"type":"Feature","properties":{"street_name":"S KENILWORTH AVE","address_left_from":136,"address_left_to":138,"address_right_from":137,"address_right_to":199},"geometry":{"type":"LineString","coordinates":[[-87.7971,41.88553],[-87.7971,41.88547]]}},{"type":"Feature","properties":{"street_name":"S KENILWORTH AVE","address_left_from":344,"address_left_to":398,"address_right_from":343,"address_right_to":399},"geometry":{"type":"LineString","coordinates":[[-87.79698,41.88164],[-87.79698,41.88156]]}},{"type":"Feature","properties":{"street_name":"S KENILWORTH AVE","address_left_from":446,"address_left_to":498,"address_right_from":451,"address_right_to":499},"geometry":{"type":"LineString","coordinates":[[-87.79692,41.8798],[-87.79692,41.87973]]}},{"type":"Feature","properties":{"street_name":"S KENILWORTH AVE","address_left_from":636,"address_left_to":698,"address_right_from":639,"address_right_to":699},"geometry":{"type":"LineString","coordinates":[[-87.7973,41.87697],[-87.79729,41.87688]]}},{"type":"Feature","properties":{"street_name":"S KENILWORTH AVE","address_left_from":1050,"address_left_to":1098,"address_right_from":1049,"address_right_to":1099},"geometry":{"type":"LineString","coordinates":[[-87.7965,41.86885],[-87.79649,41.86877]]}},{"type":"Feature","properties":{"street_name":"S KENILWORTH AVE","address_left_from":736,"address_left_to":798,"address_right_from":739,"address_right_to":799},"geometry":{"type":"LineString","coordinates":[[-87.79725,41.87555],[-87.79724,41.87546]]}},{"type":"Feature","properties":{"street_name":"S KENILWORTH AVE","address_left_from":500,"address_left_to":534,"address_right_from":501,"address_right_to":535},"geometry":{"type":"LineString","coordinates":[[-87.79738,41.87951],[-87.79734,41.87839]]}},{"type":"Feature","properties":{"street_name":"S KENILWORTH AVE","address_left_from":300,"address_left_to":342,"address_right_from":301,"address_right_to":341},"geometry":{"type":"LineString","coordinates":[[-87.79703,41.88339],[-87.79703,41.88322],[-87.79701,41.88243],[-87.79699,41.88182],[-87.79698,41.88164]]}},{"type":"Feature","properties":{"street_name":"S KENILWORTH AVE","address_left_from":144,"address_left_to":198,"address_right_from":209,"address_right_to":211},"geometry":{"type":"LineString","coordinates":[[-87.79709,41.8852],[-87.79709,41.88514]]}},{"type":"Feature","properties":{"street_name":"S KENILWORTH AVE","address_left_from":700,"address_left_to":734,"address_right_from":701,"address_right_to":737},"geometry":{"type":"LineString","coordinates":[[-87.79729,41.87688],[-87.79728,41.87661],[-87.79725,41.87567],[-87.79725,41.87555]]}},{"type":"Feature","properties":{"street_name":"S KENILWORTH AVE","address_left_from":1100,"address_left_to":1148,"address_right_from":1101,"address_right_to":1149},"geometry":{"type":"LineString","coordinates":[[-87.7962,41.8675],[-87.79633,41.8675],[-87.7964,41.8675],[-87.79642,41.86749],[-87.79643,41.86747],[-87.79644,41.86744],[-87.79645,41.8674],[-87.79645,41.86737],[-87.79644,41.86714],[-87.79644,41.86714],[-87.79643,41.86694]]}},{"type":"Feature","properties":{"street_name":"S KENILWORTH AVE","address_left_from":800,"address_left_to":860,"address_right_from":801,"address_right_to":857},"geometry":{"type":"LineString","coordinates":[[-87.79724,41.87546],[-87.79723,41.87518],[-87.79722,41.87464],[-87.79719,41.87388],[-87.79717,41.8733]]}},{"type":"Feature","properties":{"street_name":"S KENILWORTH AVE","address_left_from":200,"address_left_to":242,"address_right_from":213,"address_right_to":245},"geometry":{"type":"LineString","coordinates":[[-87.79709,41.88514],[-87.79708,41.88479],[-87.79705,41.88377],[-87.79704,41.88349]]}},{"type":"Feature","properties":{"street_name":"S KENILWORTH AVE","address_left_from":2,"address_left_to":98,"address_right_from":1,"address_right_to":99},"geometry":{"type":"LineString","coordinates":[[-87.79713,41.88705],[-87.79713,41.88703],[-87.79713,41.887],[-87.79713,41.88695],[-87.79713,41.88686]]}},{"type":"Feature","properties":{"street_name":"S KENILWORTH AVE","address_left_from":900,"address_left_to":914,"address_right_from":901,"address_right_to":913},"geometry":{"type":"LineString","coordinates":[[-87.79662,41.87225],[-87.7966,41.87176]]}},{"type":"Feature","properties":{"street_name":"S KENILWORTH AVE","address_left_from":100,"address_left_to":134,"address_right_from":101,"address_right_to":135},"geometry":{"type":"LineString","coordinates":[[-87.79713,41.88686],[-87.79713,41.88662],[-87.79712,41.88616],[-87.79711,41.88564],[-87.7971,41.88553]]}},{"type":"Feature","properties":{"street_name":"S KENILWORTH AVE","address_left_from":1150,"address_left_to":1198,"address_right_from":1151,"address_right_to":1199},"geometry":{"type":"LineString","coordinates":[[-87.79643,41.86694],[-87.79642,41.86676],[-87.79637,41.86526],[-87.79637,41.86512]]}},{"type":"Feature","properties":{"street_name":"S KENILWORTH AVE","address_left_from":1000,"address_left_to":1048,"address_right_from":1001,"address_right_to":1047},"geometry":{"type":"LineString","coordinates":[[-87.79656,41.87059],[-87.79653,41.86966],[-87.7965,41.86885]]}},{"type":"Feature","properties":{"street_name":"S KENILWORTH AVE","address_left_from":434,"address_left_to":436,"address_right_from":433,"address_right_to":435},"geometry":{"type":"LineString","coordinates":[[-87.79693,41.88023],[-87.79693,41.8802]]}},{"type":"Feature","properties":{"street_name":"S KENILWORTH AVE","address_left_from":916,"address_left_to":948,"address_right_from":915,"address_right_to":947},"geometry":{"type":"LineString","coordinates":[[-87.7966,41.87176],[-87.79659,41.87141],[-87.79657,41.87081],[-87.79656,41.87069]]}},{"type":"Feature","properties":{"street_name":"S KENILWORTH AVE","address_left_from":140,"address_left_to":142,"address_right_from":201,"address_right_to":207},"geometry":{"type":"LineString","coordinates":[[-87.7971,41.88547],[-87.79709,41.8852]]}},{"type":"Feature","properties":{"street_name":"S KENILWORTH AVE","address_left_from":600,"address_left_to":634,"address_right_from":601,"address_right_to":637},"geometry":{"type":"LineString","coordinates":[[-87.79734,41.8783],[-87.79733,41.8781],[-87.7973,41.87709],[-87.7973,41.87697]]}},{"type":"Feature","properties":{"street_name":"S KENILWORTH AVE","address_left_from":438,"address_left_to":444,"address_right_from":437,"address_right_to":449},"geometry":{"type":"LineString","coordinates":[[-87.79693,41.8802],[-87.79692,41.8798]]}},{"type":"Feature","properties":{"street_name":"S KENILWORTH AVE","address_left_from":400,"address_left_to":432,"address_right_from":401,"address_right_to":431},"geometry":{"type":"LineString","coordinates":[[-87.79698,41.88156],[-87.79697,41.88124],[-87.79695,41.88089],[-87.79693,41.88023]]}},{"type":"Feature","properties":{"street_name":"S EAST AVE","address_left_from":870,"address_left_to":878,"address_right_from":871,"address_right_to":879},"geometry":{"type":"LineString","coordinates":[[-87.78911,41.87238],[-87.78911,41.87226],[-87.7891,41.87221],[-87.7891,41.87208]]}},{"type":"Feature","properties":{"street_name":"S EAST AVE","address_left_from":850,"address_left_to":868,"address_right_from":851,"address_right_to":869},"geometry":{"type":"LineString","coordinates":[[-87.78912,41.87256],[-87.78911,41.87245],[-87.78911,41.87238]]}},{"type":"Feature","properties":{"street_name":"S EAST AVE","address_left_from":650,"address_left_to":698,"address_right_from":649,"address_right_to":699},"geometry":{"type":"LineString","coordinates":[[-87.78924,41.87629],[-87.78924,41.8762]]}},{"type":"Feature","properties":{"street_name":"BERKSHIRE ST","address_left_from":701,"address_left_to":715,"address_right_from":700,"address_right_to":714},"geometry":{"type":"LineString","coordinates":[[-87.79248,41.90366],[-87.79282,41.90366],[-87.79309,41.90365]]}},{"type":"Feature","properties":{"street_name":"S EAST AVE","address_left_from":946,"address_left_to":998,"address_right_from":951,"address_right_to":999},"geometry":{"type":"LineString","coordinates":[[-87.78906,41.87081],[-87.78905,41.87072]]}},{"type":"Feature","properties":{"street_name":"S EAST AVE","address_left_from":146,"address_left_to":198,"address_right_from":149,"address_right_to":199},"geometry":{"type":"LineString","coordinates":[[-87.78951,41.88522],[-87.78951,41.88513]]}},{"type":"Feature","properties":{"street_name":"BERKSHIRE ST","address_left_from":277,"address_left_to":295,"address_right_from":276,"address_right_to":294},"geometry":{"type":"LineString","coordinates":[[-87.78214,41.90383],[-87.7824,41.90382],[-87.78275,41.90382]]}},{"type":"Feature","properties":{"street_name":"S EAST AVE","address_left_from":1050,"address_left_to":1098,"address_right_from":1043,"address_right_to":1099},"geometry":{"type":"LineString","coordinates":[[-87.78899,41.86899],[-87.78899,41.8689]]}},{"type":"Feature","properties":{"street_name":"S EAST AVE","address_left_from":248,"address_left_to":298,"address_right_from":249,"address_right_to":299},"geometry":{"type":"LineString","coordinates":[[-87.78946,41.88347],[-87.78946,41.88335]]}},{"type":"Feature","properties":{"street_name":"N LOMBARD AVE","address_left_from":1055,"address_left_to":1099,"address_right_from":1054,"address_right_to":1098},"geometry":{"type":"LineString","coordinates":[[-87.78038,41.90574],[-87.78038,41.90583]]}},{"type":"Feature","properties":{"street_name":"S EAST AVE","address_left_from":548,"address_left_to":598,"address_right_from":549,"address_right_to":599},"geometry":{"type":"LineString","coordinates":[[-87.7893,41.87811],[-87.7893,41.87803]]}},{"type":"Feature","properties":{"street_name":"N LOMBARD AVE","address_left_from":953,"address_left_to":999,"address_right_from":952,"address_right_to":998},"geometry":{"type":"LineString","coordinates":[[-87.78031,41.90376],[-87.78031,41.90385]]}},{"type":"Feature","properties":{"street_name":"S EAST AVE","address_left_from":342,"address_left_to":398,"address_right_from":337,"address_right_to":399},"geometry":{"type":"LineString","coordinates":[[-87.78942,41.88174],[-87.78941,41.88164]]}},{"type":"Feature","properties":{"street_name":"LINDEN AVE","address_left_from":651,"address_left_to":699,"address_right_from":648,"address_right_to":698},"geometry":{"type":"LineString","coordinates":[[-87.79142,41.89802],[-87.79142,41.89812]]}},{"type":"Feature","properties":{"street_name":"S EAST AVE","address_left_from":100,"address_left_to":110,"address_right_from":101,"address_right_to":111},"geometry":{"type":"LineString","coordinates":[[-87.78956,41.88694],[-87.78956,41.88674],[-87.78955,41.88638]]}},{"type":"Feature","properties":{"street_name":"LINDEN AVE","address_left_from":551,"address_left_to":599,"address_right_from":548,"address_right_to":598},"geometry":{"type":"LineString","coordinates":[[-87.79137,41.89621],[-87.79137,41.8963]]}},{"type":"Feature","properties":{"street_name":"S EAST AVE","address_left_from":930,"address_left_to":944,"address_right_from":937,"address_right_to":949},"geometry":{"type":"LineString","coordinates":[[-87.78907,41.8712],[-87.78907,41.87113],[-87.78906,41.87081]]}},{"type":"Feature","properties":{"street_name":"LINDEN AVE","address_left_from":183,"address_left_to":199,"address_right_from":184,"address_right_to":198},"geometry":{"type":"LineString","coordinates":[[-87.79121,41.89017],[-87.79121,41.89025]]}},{"type":"Feature","properties":{"street_name":"S EUCLID AVE","address_left_from":650,"address_left_to":698,"address_right_from":649,"address_right_to":699},"geometry":{"type":"LineString","coordinates":[[-87.79291,41.87623],[-87.79291,41.87613]]}},{"type":"Feature","properties":{"street_name":"S EAST AVE","address_left_from":512,"address_left_to":546,"address_right_from":513,"address_right_to":547},"geometry":{"type":"LineString","coordinates":[[-87.78934,41.87932],[-87.78933,41.8789],[-87.78931,41.87834],[-87.7893,41.87811]]}},{"type":"Feature","properties":{"street_name":"N LOMBARD AVE","address_left_from":649,"address_left_to":699,"address_right_from":650,"address_right_to":698},"geometry":{"type":"LineString","coordinates":[[-87.78012,41.8982],[-87.78012,41.89829]]}},{"type":"Feature","properties":{"street_name":"S EAST AVE","address_left_from":1000,"address_left_to":1048,"address_right_from":1001,"address_right_to":1041},"geometry":{"type":"LineString","coordinates":[[-87.78905,41.87072],[-87.78905,41.87051],[-87.78903,41.86989],[-87.789,41.86914],[-87.78899,41.86899]]}},{"type":"Feature","properties":{"street_name":"S RIDGELAND AVE","address_left_from":248,"address_left_to":298,"address_right_from":249,"address_right_to":299},"geometry":{"type":"LineString","coordinates":[[-87.78457,41.88356],[-87.78456,41.88345]]}},{"type":"Feature","properties":{"street_name":"LINDEN AVE","address_left_from":1051,"address_left_to":1099,"address_right_from":1048,"address_right_to":1098},"geometry":{"type":"LineString","coordinates":[[-87.79254,41.90552],[-87.79254,41.9056]]}},{"type":"Feature","properties":{"street_name":"S RIDGELAND AVE","address_left_from":146,"address_left_to":198,"address_right_from":135,"address_right_to":199},"geometry":{"type":"LineString","coordinates":[[-87.78461,41.8853],[-87.78461,41.88521]]}},{"type":"Feature","properties":{"street_name":"LINDEN AVE","address_left_from":745,"address_left_to":799,"address_right_from":746,"address_right_to":798},"geometry":{"type":"LineString","coordinates":[[-87.79238,41.89968],[-87.79238,41.89977]]}},{"type":"Feature","properties":{"street_name":"S OAK PARK AVE","address_left_from":344,"address_left_to":398,"address_right_from":343,"address_right_to":399},"geometry":{"type":"LineString","coordinates":[[-87.79432,41.88172],[-87.79431,41.88162]]}},{"type":"Feature","properties":{"street_name":"N LOMBARD AVE","address_left_from":237,"address_left_to":299,"address_right_from":236,"address_right_to":298},"geometry":{"type":"LineString","coordinates":[[-87.77992,41.8917],[-87.77992,41.89179]]}},{"type":"Feature","properties":{"street_name":"S OAK PARK AVE","address_left_from":548,"address_left_to":598,"address_right_from":549,"address_right_to":599},"geometry":{"type":"LineString","coordinates":[[-87.7942,41.87803],[-87.79419,41.87794]]}},{"type":"Feature","properties":{"street_name":"S OAK PARK AVE","address_left_from":1050,"address_left_to":1098,"address_right_from":1049,"address_right_to":1099},"geometry":{"type":"LineString","coordinates":[[-87.79388,41.8689],[-87.79388,41.86881]]}},{"type":"Feature","properties":{"street_name":"LINDEN AVE","address_left_from":429,"address_left_to":499,"address_right_from":444,"address_right_to":498},"geometry":{"type":"LineString","coordinates":[[-87.79132,41.89436],[-87.79133,41.89446]]}},{"type":"Feature","properties":{"street_name":"S RIDGELAND AVE","address_left_from":952,"address_left_to":998,"address_right_from":953,"address_right_to":999},"geometry":{"type":"LineString","coordinates":[[-87.78415,41.87081],[-87.78415,41.87079]]}},{"type":"Feature","properties":{"street_name":"N LOMBARD AVE","address_left_from":183,"address_left_to":199,"address_right_from":182,"address_right_to":198},"geometry":{"type":"LineString","coordinates":[[-87.77988,41.89034],[-87.77988,41.89043]]}},{"type":"Feature","properties":{"street_name":"S RIDGELAND AVE","address_left_from":548,"address_left_to":598,"address_right_from":547,"address_right_to":599},"geometry":{"type":"LineString","coordinates":[[-87.78441,41.87817],[-87.7844,41.87808]]}},{"type":"Feature","properties":{"street_name":"S EUCLID AVE","address_left_from":342,"address_left_to":398,"address_right_from":339,"address_right_to":399},"geometry":{"type":"LineString","coordinates":[[-87.79268,41.88167],[-87.79267,41.88158]]}},{"type":"Feature","properties":{"street_name":"S OAK PARK AVE","address_left_from":628,"address_left_to":698,"address_right_from":645,"address_right_to":699},"geometry":{"type":"LineString","coordinates":[[-87.79413,41.87621],[-87.79413,41.87612]]}},{"type":"Feature","properties":{"street_name":"S EUCLID AVE","address_left_from":1052,"address_left_to":1098,"address_right_from":1053,"address_right_to":1099},"geometry":{"type":"LineString","coordinates":[[-87.79267,41.86892],[-87.79267,41.86883]]}},{"type":"Feature","properties":{"street_name":"S RIDGELAND AVE","address_left_from":614,"address_left_to":698,"address_right_from":651,"address_right_to":699},"geometry":{"type":"LineString","coordinates":[[-87.78435,41.87637],[-87.78434,41.87628]]}},{"type":"Feature","properties":{"street_name":"LINDEN AVE","address_left_from":1145,"address_left_to":1199,"address_right_from":1144,"address_right_to":1198},"geometry":{"type":"LineString","coordinates":[[-87.79258,41.90713],[-87.79258,41.90714],[-87.79258,41.90722]]}},{"type":"Feature","properties":{"street_name":"S RIDGELAND AVE","address_left_from":850,"address_left_to":898,"address_right_from":851,"address_right_to":899},"geometry":{"type":"LineString","coordinates":[[-87.78422,41.87273],[-87.78422,41.87263]]}},{"type":"Feature","properties":{"street_name":"LINDEN AVE","address_left_from":855,"address_left_to":899,"address_right_from":854,"address_right_to":898},"geometry":{"type":"LineString","coordinates":[[-87.79243,41.90166],[-87.79243,41.90175]]}},{"type":"Feature","properties":{"street_name":"I290 RAMP W","address_left_from":-1,"address_left_to":-1,"address_right_from":-1,"address_right_to":-1},"geometry":{"type":"LineString","coordinates":[[-87.77433,41.87107],[-87.77432,41.87107]]}},{"type":"Feature","properties":{"street_name":"LINDEN AVE","address_left_from":953,"address_left_to":999,"address_right_from":952,"address_right_to":998},"geometry":{"type":"LineString","coordinates":[[-87.79248,41.90357],[-87.79248,41.90366]]}},{"type":"Feature","properties":{"street_name":"S RIDGELAND AVE","address_left_from":926,"address_left_to":928,"address_right_from":927,"address_right_to":929},"geometry":{"type":"LineString","coordinates":[[-87.78419,41.87194],[-87.78419,41.87189],[-87.78419,41.87181],[-87.78418,41.87167]]}},{"type":"Feature","properties":{"street_name":"N LOMBARD AVE","address_left_from":853,"address_left_to":899,"address_right_from":850,"address_right_to":898},"geometry":{"type":"LineString","coordinates":[[-87.78023,41.90185],[-87.78023,41.90188],[-87.78024,41.90194]]}},{"type":"Feature","properties":{"street_name":"CEDAR CT","address_left_from":1021,"address_left_to":1027,"address_right_from":1020,"address_right_to":1026},"geometry":{"type":"LineString","coordinates":[[-87.80106,41.88207],[-87.80109,41.88207],[-87.80131,41.88206]]}},{"type":"Feature","properties":{"street_name":"N LOMBARD AVE","address_left_from":551,"address_left_to":599,"address_right_from":550,"address_right_to":598},"geometry":{"type":"LineString","coordinates":[[-87.78006,41.89638],[-87.78007,41.89647]]}},{"type":"Feature","properties":{"street_name":"S RIDGELAND AVE","address_left_from":920,"address_left_to":924,"address_right_from":921,"address_right_to":925},"geometry":{"type":"LineString","coordinates":[[-87.78419,41.87203],[-87.78419,41.87194]]}},{"type":"Feature","properties":{"street_name":"S EUCLID AVE","address_left_from":244,"address_left_to":298,"address_right_from":261,"address_right_to":299},"geometry":{"type":"LineString","coordinates":[[-87.79272,41.88342],[-87.79272,41.88331]]}},{"type":"Feature","properties":{"street_name":"S OAK PARK AVE","address_left_from":844,"address_left_to":858,"address_right_from":847,"address_right_to":859},"geometry":{"type":"LineString","coordinates":[[-87.79401,41.87281],[-87.79401,41.87266]]}},{"type":"Feature","properties":{"street_name":"S EUCLID AVE","address_left_from":548,"address_left_to":598,"address_right_from":549,"address_right_to":599},"geometry":{"type":"LineString","coordinates":[[-87.79297,41.87805],[-87.79297,41.87796]]}},{"type":"Feature","properties":{"street_name":"I290 RAMP W","address_left_from":-1,"address_left_to":-1,"address_right_from":-1,"address_right_to":-1},"geometry":{"type":"LineString","coordinates":[[-87.77432,41.87113],[-87.77433,41.87113],[-87.77433,41.87113]]}},{"type":"Feature","properties":{"street_name":"S EUCLID AVE","address_left_from":950,"address_left_to":998,"address_right_from":951,"address_right_to":999},"geometry":{"type":"LineString","coordinates":[[-87.79273,41.87075],[-87.79273,41.87066]]}},{"type":"Feature","properties":{"street_name":"S OAK PARK AVE","address_left_from":880,"address_left_to":898,"address_right_from":881,"address_right_to":899},"geometry":{"type":"LineString","coordinates":[[-87.79401,41.87266],[-87.794,41.87256],[-87.794,41.87248]]}},{"type":"Feature","properties":{"street_name":"N LOMBARD AVE","address_left_from":137,"address_left_to":181,"address_right_from":136,"address_right_to":180},"geometry":{"type":"LineString","coordinates":[[-87.77983,41.8888],[-87.77984,41.8893],[-87.77987,41.89018],[-87.77988,41.89034]]}},{"type":"Feature","properties":{"street_name":"CEDAR CT","address_left_from":1029,"address_left_to":1099,"address_right_from":1028,"address_right_to":1098},"geometry":{"type":"LineString","coordinates":[[-87.80131,41.88206],[-87.80158,41.88206]]}},{"type":"Feature","properties":{"street_name":"S EUCLID AVE","address_left_from":500,"address_left_to":508,"address_right_from":501,"address_right_to":509},"geometry":{"type":"LineString","coordinates":[[-87.79303,41.87978],[-87.79302,41.87926]]}},{"type":"Feature","properties":{"street_name":"N RIDGELAND AVE","address_left_from":1,"address_left_to":99,"address_right_from":2,"address_right_to":98},"geometry":{"type":"LineString","coordinates":[[-87.78467,41.88725],[-87.78467,41.88727],[-87.78467,41.88729],[-87.78467,41.88735],[-87.78468,41.88748]]}},{"type":"Feature","properties":{"street_name":"ELIZABETH CT","address_left_from":-1,"address_left_to":-1,"address_right_from":-1,"address_right_to":-1},"geometry":{"type":"LineString","coordinates":[[-87.80028,41.89204],[-87.79991,41.89203],[-87.79981,41.89203],[-87.79973,41.89203],[-87.79954,41.89205],[-87.79944,41.89206]]}},{"type":"Feature","properties":{"street_name":"N RIDGELAND AVE","address_left_from":301,"address_left_to":333,"address_right_from":300,"address_right_to":332},"geometry":{"type":"LineString","coordinates":[[-87.7848,41.89172],[-87.7848,41.89184],[-87.78483,41.89277],[-87.78483,41.89301]]}},{"type":"Feature","properties":{"street_name":"VAN BUREN ST","address_left_from":101,"address_left_to":111,"address_right_from":100,"address_right_to":110},"geometry":{"type":"LineString","coordinates":[[-87.77692,41.87457],[-87.77728,41.87457],[-87.77752,41.87456]]}},{"type":"Feature","properties":{"street_name":"LE MOYNE PKWY","address_left_from":1067,"address_left_to":1099,"address_right_from":1066,"address_right_to":1098},"geometry":{"type":"LineString","coordinates":[[-87.80341,41.90707],[-87.80386,41.90707],[-87.80418,41.90706]]}},{"type":"Feature","properties":{"street_name":"LINDEN AVE","address_left_from":301,"address_left_to":335,"address_right_from":300,"address_right_to":334},"geometry":{"type":"LineString","coordinates":[[-87.79124,41.89161],[-87.79126,41.89217],[-87.79128,41.89278],[-87.79128,41.8929]]}},{"type":"Feature","properties":{"street_name":"CEDAR CT","address_left_from":1001,"address_left_to":1019,"address_right_from":1000,"address_right_to":1018},"geometry":{"type":"LineString","coordinates":[[-87.80077,41.88208],[-87.80106,41.88207]]}},{"type":"Feature","properties":{"street_name":"CHESTNUT LN","address_left_from":450,"address_left_to":498,"address_right_from":451,"address_right_to":499},"geometry":{"type":"LineString","coordinates":[[-87.8007,41.87996],[-87.8007,41.87994],[-87.80069,41.87967]]}},{"type":"Feature","properties":{"street_name":"LINDEN AVE","address_left_from":201,"address_left_to":235,"address_right_from":200,"address_right_to":234},"geometry":{"type":"LineString","coordinates":[[-87.79121,41.89025],[-87.79122,41.8907],[-87.79123,41.89126],[-87.79124,41.89152]]}},{"type":"Feature","properties":{"street_name":"S OAK PARK AVE","address_left_from":860,"address_left_to":878,"address_right_from":861,"address_right_to":879},"geometry":{"type":"LineString","coordinates":[[-87.794,41.87248],[-87.79399,41.87203]]}},{"type":"Feature","properties":{"street_name":"N LOMBARD AVE","address_left_from":1235,"address_left_to":1299,"address_right_from":1234,"address_right_to":1298},"geometry":{"type":"LineString","coordinates":[[-87.78081,41.9087],[-87.78081,41.90872],[-87.78081,41.90888],[-87.78082,41.90905],[-87.78083,41.9092]]}},{"type":"Feature","properties":{"street_name":"LE MOYNE PKWY","address_left_from":801,"address_left_to":815,"address_right_from":800,"address_right_to":814},"geometry":{"type":"LineString","coordinates":[[-87.79501,41.90719],[-87.79531,41.90719],[-87.79576,41.90718]]}},{"type":"Feature","properties":{"street_name":"VAN BUREN ST","address_left_from":467,"address_left_to":499,"address_right_from":466,"address_right_to":498},"geometry":{"type":"LineString","coordinates":[[-87.78612,41.87443],[-87.78629,41.87442],[-87.78674,41.87442]]}},{"type":"Feature","properties":{"street_name":"LE MOYNE PKWY","address_left_from":1017,"address_left_to":1029,"address_right_from":1016,"address_right_to":1028},"geometry":{"type":"LineString","coordinates":[[-87.80189,41.90709],[-87.80211,41.90709],[-87.80266,41.90708]]}},{"type":"Feature","properties":{"street_name":"RANDOLPH ST","address_left_from":501,"address_left_to":551,"address_right_from":500,"address_right_to":550},"geometry":{"type":"LineString","coordinates":[[-87.78782,41.88338],[-87.78812,41.88338],[-87.78854,41.88337],[-87.78864,41.88337]]}},{"type":"Feature","properties":{"street_name":"S EUCLID AVE","address_left_from":114,"address_left_to":142,"address_right_from":115,"address_right_to":139},"geometry":{"type":"LineString","coordinates":[[-87.79281,41.88633],[-87.79279,41.88584],[-87.79278,41.88539],[-87.79277,41.88517]]}},{"type":"Feature","properties":{"street_name":"S TAYLOR AVE","address_left_from":526,"address_left_to":532,"address_right_from":527,"address_right_to":533},"geometry":{"type":"LineString","coordinates":[[-87.77829,41.87903],[-87.77829,41.879],[-87.77827,41.87867]]}},{"type":"Feature","properties":{"street_name":"VAN BUREN ST","address_left_from":727,"address_left_to":729,"address_right_from":726,"address_right_to":728},"geometry":{"type":"LineString","coordinates":[[-87.79284,41.87431],[-87.79318,41.87431],[-87.79346,41.8743]]}},{"type":"Feature","properties":{"street_name":"S TAYLOR AVE","address_left_from":100,"address_left_to":112,"address_right_from":101,"address_right_to":113},"geometry":{"type":"LineString","coordinates":[[-87.77814,41.88708],[-87.77812,41.88654]]}},{"type":"Feature","properties":{"street_name":"S EUCLID AVE","address_left_from":800,"address_left_to":836,"address_right_from":801,"address_right_to":833},"geometry":{"type":"LineString","coordinates":[[-87.79284,41.87431],[-87.79283,41.87396],[-87.7928,41.87297]]}},{"type":"Feature","properties":{"street_name":"LAKE ST","address_left_from":1001,"address_left_to":1019,"address_right_from":1000,"address_right_to":1018},"geometry":{"type":"LineString","coordinates":[[-87.80079,41.88866],[-87.80122,41.88867],[-87.80137,41.88867]]}},{"type":"Feature","properties":{"street_name":"N LOMBARD AVE","address_left_from":401,"address_left_to":425,"address_right_from":400,"address_right_to":424},"geometry":{"type":"LineString","coordinates":[[-87.77996,41.89317],[-87.77997,41.89336],[-87.77999,41.8941]]}},{"type":"Feature","properties":{"street_name":"LAKE ST","address_left_from":961,"address_left_to":999,"address_right_from":960,"address_right_to":998},"geometry":{"type":"LineString","coordinates":[[-87.80017,41.88867],[-87.80056,41.88866],[-87.80079,41.88866]]}},{"type":"Feature","properties":{"street_name":"VAN BUREN ST","address_left_from":801,"address_left_to":809,"address_right_from":800,"address_right_to":808},"geometry":{"type":"LineString","coordinates":[[-87.79407,41.87429],[-87.79454,41.87428],[-87.79467,41.87428]]}},{"type":"Feature","properties":{"street_name":"CLINTON AVE","address_left_from":912,"address_left_to":914,"address_right_from":913,"address_right_to":915},"geometry":{"type":"LineString","coordinates":[[-87.79791,41.87193],[-87.79791,41.87187]]}},{"type":"Feature","properties":{"street_name":"LINDEN AVE","address_left_from":701,"address_left_to":709,"address_right_from":700,"address_right_to":708},"geometry":{"type":"LineString","coordinates":[[-87.79233,41.89811],[-87.79234,41.89857]]}},{"type":"Feature","properties":{"street_name":"LAKE ST","address_left_from":241,"address_left_to":249,"address_right_from":240,"address_right_to":248},"geometry":{"type":"LineString","coordinates":[[-87.78144,41.88823],[-87.78175,41.88824],[-87.78212,41.88825]]}},{"type":"Feature","properties":{"street_name":"VAN BUREN ST","address_left_from":515,"address_left_to":525,"address_right_from":514,"address_right_to":524},"geometry":{"type":"LineString","coordinates":[[-87.78734,41.87441],[-87.78736,41.87441],[-87.78795,41.87439]]}},{"type":"Feature","properties":{"street_name":"LAKE ST","address_left_from":501,"address_left_to":599,"address_right_from":500,"address_right_to":598},"geometry":{"type":"LineString","coordinates":[[-87.78796,41.88843],[-87.78833,41.88844],[-87.78918,41.88847],[-87.78959,41.88849]]}},{"type":"Feature","properties":{"street_name":"VAN BUREN ST","address_left_from":121,"address_left_to":159,"address_right_from":120,"address_right_to":158},"geometry":{"type":"LineString","coordinates":[[-87.77813,41.87455],[-87.77855,41.87455],[-87.77874,41.87454]]}},{"type":"Feature","properties":{"street_name":"LAKE ST","address_left_from":605,"address_left_to":607,"address_right_from":610,"address_right_to":618},"geometry":{"type":"LineString","coordinates":[[-87.79003,41.8885],[-87.79042,41.88851],[-87.79047,41.88851],[-87.79057,41.88852]]}},{"type":"Feature","properties":{"street_name":"N LOMBARD AVE","address_left_from":601,"address_left_to":647,"address_right_from":600,"address_right_to":648},"geometry":{"type":"LineString","coordinates":[[-87.78007,41.89647],[-87.78007,41.89666],[-87.78012,41.898],[-87.78012,41.8982]]}},{"type":"Feature","properties":{"street_name":"S TAYLOR AVE","address_left_from":444,"address_left_to":498,"address_right_from":445,"address_right_to":499},"geometry":{"type":"LineString","coordinates":[[-87.77794,41.8802],[-87.77793,41.88004]]}},{"type":"Feature","properties":{"street_name":"N LOMBARD AVE","address_left_from":513,"address_left_to":549,"address_right_from":512,"address_right_to":548},"geometry":{"type":"LineString","coordinates":[[-87.78002,41.89518],[-87.78003,41.89544],[-87.78006,41.89631],[-87.78006,41.89638]]}},{"type":"Feature","properties":{"street_name":"ROSSELL AVE","address_left_from":1201,"address_left_to":1239,"address_right_from":1200,"address_right_to":1238},"geometry":{"type":"LineString","coordinates":[[-87.78599,41.9073],[-87.78602,41.9082],[-87.78603,41.90833],[-87.78603,41.90852],[-87.78604,41.90863]]}},{"type":"Feature","properties":{"street_name":"VAN BUREN ST","address_left_from":21,"address_left_to":29,"address_right_from":20,"address_right_to":28},"geometry":{"type":"LineString","coordinates":[[-87.77509,41.87458],[-87.77558,41.8746],[-87.77569,41.87459]]}},{"type":"Feature","properties":{"street_name":"CLINTON AVE","address_left_from":916,"address_left_to":946,"address_right_from":917,"address_right_to":949},"geometry":{"type":"LineString","coordinates":[[-87.79791,41.87187],[-87.7979,41.87143],[-87.79788,41.87078],[-87.79787,41.87066]]}},{"type":"Feature","properties":{"street_name":"N LOMBARD AVE","address_left_from":121,"address_left_to":131,"address_right_from":120,"address_right_to":130},"geometry":{"type":"LineString","coordinates":[[-87.77981,41.88818],[-87.77983,41.88872]]}},{"type":"Feature","properties":{"street_name":"LINDEN AVE","address_left_from":501,"address_left_to":549,"address_right_from":500,"address_right_to":546},"geometry":{"type":"LineString","coordinates":[[-87.79133,41.89446],[-87.79134,41.89487],[-87.79136,41.89555],[-87.79137,41.89603],[-87.79137,41.89621]]}},{"type":"Feature","properties":{"street_name":"N LOMBARD AVE","address_left_from":133,"address_left_to":135,"address_right_from":132,"address_right_to":134},"geometry":{"type":"LineString","coordinates":[[-87.77983,41.88872],[-87.77983,41.8888]]}},{"type":"Feature","properties":{"street_name":"LINDEN AVE","address_left_from":801,"address_left_to":853,"address_right_from":800,"address_right_to":852},"geometry":{"type":"LineString","coordinates":[[-87.79238,41.89977],[-87.79239,41.90009],[-87.79243,41.90154],[-87.79243,41.90166]]}},{"type":"Feature","properties":{"street_name":"LAKE ST","address_left_from":613,"address_left_to":639,"address_right_from":630,"address_right_to":638},"geometry":{"type":"LineString","coordinates":[[-87.7909,41.88853],[-87.79116,41.88854]]}},{"type":"Feature","properties":{"street_name":"S EUCLID AVE","address_left_from":900,"address_left_to":914,"address_right_from":901,"address_right_to":915},"geometry":{"type":"LineString","coordinates":[[-87.79277,41.87192],[-87.79276,41.87151]]}},{"type":"Feature","properties":{"street_name":"HARRISON ST","address_left_from":313,"address_left_to":325,"address_right_from":312,"address_right_to":324},"geometry":{"type":"LineString","coordinates":[[-87.78237,41.87266],[-87.7828,41.87266],[-87.78299,41.87265]]}},{"type":"Feature","properties":{"street_name":"S EUCLID AVE","address_left_from":2,"address_left_to":98,"address_right_from":1,"address_right_to":99},"geometry":{"type":"LineString","coordinates":[[-87.79273,41.88714],[-87.79274,41.8871],[-87.79276,41.88701],[-87.79276,41.88701],[-87.79279,41.88691]]}},{"type":"Feature","properties":{"street_name":"S EUCLID AVE","address_left_from":510,"address_left_to":546,"address_right_from":511,"address_right_to":547},"geometry":{"type":"LineString","coordinates":[[-87.79302,41.87926],[-87.793,41.87887],[-87.79298,41.87835],[-87.79297,41.87805]]}},{"type":"Feature","properties":{"street_name":"VAN BUREN ST","address_left_from":837,"address_left_to":899,"address_right_from":836,"address_right_to":898},"geometry":{"type":"LineString","coordinates":[[-87.79609,41.87407],[-87.79625,41.87407],[-87.79648,41.87406]]}},{"type":"Feature","properties":{"street_name":"N LOMBARD AVE","address_left_from":901,"address_left_to":951,"address_right_from":900,"address_right_to":950},"geometry":{"type":"LineString","coordinates":[[-87.78024,41.90194],[-87.78025,41.902],[-87.78026,41.90214],[-87.78029,41.90312],[-87.78031,41.9037],[-87.78031,41.90376]]}},{"type":"Feature","properties":{"street_name":"VAN BUREN ST","address_left_from":1,"address_left_to":19,"address_right_from":2,"address_right_to":18},"geometry":{"type":"LineString","coordinates":[[-87.77463,41.87457],[-87.77478,41.87458],[-87.77509,41.87458]]}},{"type":"Feature","properties":{"street_name":"VAN BUREN ST","address_left_from":615,"address_left_to":623,"address_right_from":614,"address_right_to":622},"geometry":{"type":"LineString","coordinates":[[-87.78979,41.87436],[-87.78985,41.87436],[-87.7904,41.87435]]}},{"type":"Feature","properties":{"street_name":"N LOMBARD AVE","address_left_from":301,"address_left_to":333,"address_right_from":300,"address_right_to":334},"geometry":{"type":"LineString","coordinates":[[-87.77992,41.89179],[-87.77993,41.89201],[-87.77995,41.89289],[-87.77996,41.89307]]}},{"type":"Feature","properties":{"street_name":"S EUCLID AVE","address_left_from":928,"address_left_to":948,"address_right_from":929,"address_right_to":949},"geometry":{"type":"LineString","coordinates":[[-87.79276,41.87144],[-87.79275,41.87135],[-87.79273,41.8708],[-87.79273,41.87075]]}},{"type":"Feature","properties":{"street_name":"S EUCLID AVE","address_left_from":440,"address_left_to":498,"address_right_from":451,"address_right_to":499},"geometry":{"type":"LineString","coordinates":[[-87.79264,41.88031],[-87.79262,41.87979]]}},{"type":"Feature","properties":{"street_name":"VAN BUREN ST","address_left_from":365,"address_left_to":399,"address_right_from":364,"address_right_to":398},"geometry":{"type":"LineString","coordinates":[[-87.78366,41.87447],[-87.78385,41.87446],[-87.78428,41.87446]]}},{"type":"Feature","properties":{"street_name":"VAN BUREN ST","address_left_from":315,"address_left_to":325,"address_right_from":314,"address_right_to":324},"geometry":{"type":"LineString","coordinates":[[-87.78244,41.87449],[-87.78284,41.87448],[-87.78305,41.87448]]}},{"type":"Feature","properties":{"street_name":"N LOMBARD AVE","address_left_from":1101,"address_left_to":1129,"address_right_from":1100,"address_right_to":1128},"geometry":{"type":"LineString","coordinates":[[-87.7807,41.90582],[-87.78073,41.90639],[-87.78075,41.90693]]}},{"type":"Feature","properties":{"street_name":"VAN BUREN ST","address_left_from":731,"address_left_to":799,"address_right_from":730,"address_right_to":798},"geometry":{"type":"LineString","coordinates":[[-87.79346,41.8743],[-87.79378,41.87429],[-87.79407,41.87429]]}},{"type":"Feature","properties":{"street_name":"LINDEN AVE","address_left_from":601,"address_left_to":649,"address_right_from":600,"address_right_to":646},"geometry":{"type":"LineString","coordinates":[[-87.79137,41.8963],[-87.79139,41.89675],[-87.7914,41.89726],[-87.79142,41.89802]]}},{"type":"Feature","properties":{"street_name":"S EUCLID AVE","address_left_from":838,"address_left_to":898,"address_right_from":835,"address_right_to":899},"geometry":{"type":"LineString","coordinates":[[-87.7928,41.87297],[-87.79279,41.87267]]}},{"type":"Feature","properties":{"street_name":"VAN BUREN ST","address_left_from":201,"address_left_to":213,"address_right_from":200,"address_right_to":212},"geometry":{"type":"LineString","coordinates":[[-87.77937,41.87453],[-87.77973,41.87453],[-87.78,41.87452]]}},{"type":"Feature","properties":{"street_name":"VAN BUREN ST","address_left_from":401,"address_left_to":415,"address_right_from":400,"address_right_to":414},"geometry":{"type":"LineString","coordinates":[[-87.78428,41.87446],[-87.78453,41.87445],[-87.78489,41.87445]]}},{"type":"Feature","properties":{"street_name":"N LOMBARD AVE","address_left_from":701,"address_left_to":745,"address_right_from":700,"address_right_to":746},"geometry":{"type":"LineString","coordinates":[[-87.78012,41.89829],[-87.78013,41.8987],[-87.78017,41.89978],[-87.78017,41.89997]]}},{"type":"Feature","properties":{"street_name":"HARRISON ST","address_left_from":981,"address_left_to":999,"address_right_from":980,"address_right_to":998},"geometry":{"type":"LineString","coordinates":[[-87.79933,41.87348],[-87.79946,41.87348],[-87.79965,41.87348]]}},{"type":"Feature","properties":{"street_name":"VAN BUREN ST","address_left_from":827,"address_left_to":835,"address_right_from":826,"address_right_to":834},"geometry":{"type":"LineString","coordinates":[[-87.79526,41.87408],[-87.79556,41.87408],[-87.79592,41.87407],[-87.79609,41.87407]]}},{"type":"Feature","properties":{"street_name":"N LOMBARD AVE","address_left_from":1205,"address_left_to":1209,"address_right_from":1204,"address_right_to":1208},"geometry":{"type":"LineString","coordinates":[[-87.78077,41.90748],[-87.78077,41.90764],[-87.78078,41.90791]]}},{"type":"Feature","properties":{"street_name":"RANDOLPH ST","address_left_from":231,"address_left_to":269,"address_right_from":230,"address_right_to":268},"geometry":{"type":"LineString","coordinates":[[-87.7813,41.88396],[-87.78135,41.88396],[-87.78144,41.88395],[-87.78153,41.88393],[-87.7816,41.88392],[-87.7821,41.88378],[-87.78212,41.88377]]}},{"type":"Feature","properties":{"street_name":"VAN BUREN ST","address_left_from":641,"address_left_to":699,"address_right_from":640,"address_right_to":698},"geometry":{"type":"LineString","coordinates":[[-87.79101,41.87434],[-87.79126,41.87434],[-87.79162,41.87433]]}},{"type":"Feature","properties":{"street_name":"S TAYLOR AVE","address_left_from":-1,"address_left_to":-1,"address_right_from":-1,"address_right_to":-1},"geometry":{"type":"LineString","coordinates":[[-87.778,41.88259],[-87.778,41.88255]]}},{"type":"Feature","properties":{"street_name":"VAN BUREN ST","address_left_from":501,"address_left_to":513,"address_right_from":500,"address_right_to":512},"geometry":{"type":"LineString","coordinates":[[-87.78674,41.87442],[-87.78696,41.87441],[-87.78734,41.87441]]}},{"type":"Feature","properties":{"street_name":"VAN BUREN ST","address_left_from":811,"address_left_to":825,"address_right_from":810,"address_right_to":824},"geometry":{"type":"LineString","coordinates":[[-87.79467,41.87428],[-87.79527,41.87427]]}},{"type":"Feature","properties":{"street_name":"FOREST AVE","address_left_from":201,"address_left_to":295,"address_right_from":212,"address_right_to":294},"geometry":{"type":"LineString","coordinates":[[-87.80025,41.89063],[-87.80025,41.89084],[-87.80027,41.89136],[-87.80027,41.8916],[-87.80028,41.89192]]}},{"type":"Feature","properties":{"street_name":"S EUCLID AVE","address_left_from":1150,"address_left_to":1188,"address_right_from":1151,"address_right_to":1189},"geometry":{"type":"LineString","coordinates":[[-87.79261,41.86701],[-87.7926,41.8668],[-87.79257,41.86594],[-87.79256,41.86565],[-87.79256,41.86563]]}},{"type":"Feature","properties":{"street_name":"HARRISON ST","address_left_from":417,"address_left_to":429,"address_right_from":416,"address_right_to":428},"geometry":{"type":"LineString","coordinates":[[-87.78481,41.87262],[-87.78515,41.87262],[-87.78544,41.87261]]}},{"type":"Feature","properties":{"street_name":"HARRISON ST","address_left_from":401,"address_left_to":415,"address_right_from":400,"address_right_to":414},"geometry":{"type":"LineString","coordinates":[[-87.78422,41.87263],[-87.78457,41.87263],[-87.78481,41.87262]]}},{"type":"Feature","properties":{"street_name":"VAN BUREN ST","address_left_from":301,"address_left_to":313,"address_right_from":300,"address_right_to":312},"geometry":{"type":"LineString","coordinates":[[-87.78182,41.8745],[-87.78237,41.87449],[-87.78244,41.87449]]}},{"type":"Feature","properties":{"street_name":"HARRISON ST","address_left_from":827,"address_left_to":849,"address_right_from":826,"address_right_to":848},"geometry":{"type":"LineString","coordinates":[[-87.79522,41.87294],[-87.79549,41.87298],[-87.79585,41.87303],[-87.79605,41.87306]]}},{"type":"Feature","properties":{"street_name":"S EUCLID AVE","address_left_from":1194,"address_left_to":1198,"address_right_from":1195,"address_right_to":1199},"geometry":{"type":"LineString","coordinates":[[-87.79256,41.86558],[-87.79255,41.86538],[-87.79254,41.86519]]}},{"type":"Feature","properties":{"street_name":"CLINTON AVE","address_left_from":900,"address_left_to":910,"address_right_from":901,"address_right_to":911},"geometry":{"type":"LineString","coordinates":[[-87.79793,41.87236],[-87.79791,41.87193]]}},{"type":"Feature","properties":{"street_name":"N LOMBARD AVE","address_left_from":1201,"address_left_to":1203,"address_right_from":1200,"address_right_to":1202},"geometry":{"type":"LineString","coordinates":[[-87.78076,41.90736],[-87.78077,41.90748]]}},{"type":"Feature","properties":{"street_name":"S TAYLOR AVE","address_left_from":400,"address_left_to":412,"address_right_from":401,"address_right_to":413},"geometry":{"type":"LineString","coordinates":[[-87.77799,41.88206],[-87.77798,41.88181],[-87.77797,41.88152]]}},{"type":"Feature","properties":{"street_name":"LINDEN AVE","address_left_from":1237,"address_left_to":1299,"address_right_from":1240,"address_right_to":1298},"geometry":{"type":"LineString","coordinates":[[-87.79262,41.90855],[-87.79262,41.90856],[-87.79262,41.90866],[-87.79263,41.90883],[-87.79263,41.90891],[-87.79263,41.90905]]}},{"type":"Feature","properties":{"street_name":"LAKE ST","address_left_from":439,"address_left_to":499,"address_right_from":438,"address_right_to":498},"geometry":{"type":"LineString","coordinates":[[-87.78633,41.88838],[-87.78674,41.88839],[-87.78775,41.88842],[-87.78796,41.88843]]}},{"type":"Feature","properties":{"street_name":"S EUCLID AVE","address_left_from":410,"address_left_to":438,"address_right_from":411,"address_right_to":449},"geometry":{"type":"LineString","coordinates":[[-87.79266,41.88104],[-87.79264,41.88031]]}},{"type":"Feature","properties":{"street_name":"CLINTON AVE","address_left_from":440,"address_left_to":498,"address_right_from":441,"address_right_to":499},"geometry":{"type":"LineString","coordinates":[[-87.7984,41.88006],[-87.79839,41.8797]]}},{"type":"Feature","properties":{"street_name":"S EUCLID AVE","address_left_from":1190,"address_left_to":1192,"address_right_from":1191,"address_right_to":1193},"geometry":{"type":"LineString","coordinates":[[-87.79256,41.86563],[-87.79256,41.86558]]}},{"type":"Feature","properties":{"street_name":"S TAYLOR AVE","address_left_from":200,"address_left_to":232,"address_right_from":201,"address_right_to":233},"geometry":{"type":"LineString","coordinates":[[-87.77809,41.88532],[-87.77807,41.8846],[-87.77806,41.88415],[-87.77806,41.8841]]}},{"type":"Feature","properties":{"street_name":"N LOMBARD AVE","address_left_from":101,"address_left_to":119,"address_right_from":100,"address_right_to":118},"geometry":{"type":"LineString","coordinates":[[-87.77979,41.88744],[-87.77979,41.88756],[-87.77979,41.88757],[-87.77979,41.88769],[-87.7798,41.88773],[-87.77981,41.88818]]}},{"type":"Feature","properties":{"street_name":"N LOMBARD AVE","address_left_from":427,"address_left_to":451,"address_right_from":426,"address_right_to":438},"geometry":{"type":"LineString","coordinates":[[-87.77999,41.8941],[-87.78,41.89449],[-87.78,41.89454]]}},{"type":"Feature","properties":{"street_name":"LINDEN AVE","address_left_from":1033,"address_left_to":1049,"address_right_from":1034,"address_right_to":1046},"geometry":{"type":"LineString","coordinates":[[-87.79252,41.90483],[-87.79253,41.90538],[-87.79254,41.90552]]}},{"type":"Feature","properties":{"street_name":"S TAYLOR AVE","address_left_from":1150,"address_left_to":1186,"address_right_from":1151,"address_right_to":1187},"geometry":{"type":"LineString","coordinates":[[-87.77789,41.86724],[-87.77788,41.86694],[-87.77785,41.86624],[-87.77784,41.86587]]}},{"type":"Feature","properties":{"street_name":"VAN BUREN ST","address_left_from":601,"address_left_to":613,"address_right_from":600,"address_right_to":612},"geometry":{"type":"LineString","coordinates":[[-87.78918,41.87437],[-87.78944,41.87437],[-87.78979,41.87436]]}},{"type":"Feature","properties":{"street_name":"RANDOLPH ST","address_left_from":-1,"address_left_to":-1,"address_right_from":216,"address_right_to":228},"geometry":{"type":"LineString","coordinates":[[-87.78049,41.88397],[-87.78088,41.88397],[-87.78117,41.88397],[-87.7813,41.88396]]}},{"type":"Feature","properties":{"street_name":"LINDEN AVE","address_left_from":1001,"address_left_to":1031,"address_right_from":1000,"address_right_to":1032},"geometry":{"type":"LineString","coordinates":[[-87.79248,41.90366],[-87.7925,41.90408],[-87.79252,41.90483]]}},{"type":"Feature","properties":{"street_name":"CLINTON AVE","address_left_from":800,"address_left_to":852,"address_right_from":801,"address_right_to":851},"geometry":{"type":"LineString","coordinates":[[-87.79868,41.87544],[-87.79867,41.87514],[-87.79861,41.87352]]}},{"type":"Feature","properties":{"street_name":"N LOMBARD AVE","address_left_from":801,"address_left_to":851,"address_right_from":800,"address_right_to":848},"geometry":{"type":"LineString","coordinates":[[-87.78018,41.90011],[-87.78018,41.90032],[-87.78023,41.90168],[-87.78023,41.90185]]}},{"type":"Feature","properties":{"street_name":"LAKE ST","address_left_from":901,"address_left_to":909,"address_right_from":900,"address_right_to":908},"geometry":{"type":"LineString","coordinates":[[-87.79716,41.8887],[-87.79726,41.8887],[-87.79751,41.8887]]}},{"type":"Feature","properties":{"street_name":"S EUCLID AVE","address_left_from":916,"address_left_to":926,"address_right_from":917,"address_right_to":927},"geometry":{"type":"LineString","coordinates":[[-87.79276,41.87151],[-87.79276,41.87144]]}},{"type":"Feature","properties":{"street_name":"LAKE ST","address_left_from":671,"address_left_to":699,"address_right_from":670,"address_right_to":698},"geometry":{"type":"LineString","coordinates":[[-87.79192,41.88856],[-87.79248,41.88858],[-87.7927,41.88858]]}},{"type":"Feature","properties":{"street_name":"VAN BUREN ST","address_left_from":715,"address_left_to":725,"address_right_from":714,"address_right_to":724},"geometry":{"type":"LineString","coordinates":[[-87.79223,41.87432],[-87.79248,41.87432],[-87.79284,41.87431]]}},{"type":"Feature","properties":{"street_name":"FOREST AVE","address_left_from":401,"address_left_to":431,"address_right_from":400,"address_right_to":430},"geometry":{"type":"LineString","coordinates":[[-87.80031,41.89311],[-87.80032,41.89356],[-87.80034,41.8942]]}},{"type":"Feature","properties":{"street_name":"VAN BUREN ST","address_left_from":327,"address_left_to":363,"address_right_from":326,"address_right_to":362},"geometry":{"type":"LineString","coordinates":[[-87.78305,41.87448],[-87.78355,41.87447],[-87.78366,41.87447]]}},{"type":"Feature","properties":{"street_name":"FOREST AVE","address_left_from":191,"address_left_to":199,"address_right_from":200,"address_right_to":210},"geometry":{"type":"LineString","coordinates":[[-87.80023,41.89014],[-87.80024,41.89043],[-87.80025,41.89063]]}},{"type":"Feature","properties":{"street_name":"LINDEN AVE","address_left_from":711,"address_left_to":743,"address_right_from":710,"address_right_to":744},"geometry":{"type":"LineString","coordinates":[[-87.79234,41.89857],[-87.79237,41.89951],[-87.79238,41.89968]]}},{"type":"Feature","properties":{"street_name":"HARRISON ST","address_left_from":225,"address_left_to":237,"address_right_from":232,"address_right_to":236},"geometry":{"type":"LineString","coordinates":[[-87.78054,41.87269],[-87.78089,41.87268],[-87.78115,41.87268]]}},{"type":"Feature","properties":{"street_name":"VAN BUREN ST","address_left_from":429,"address_left_to":465,"address_right_from":428,"address_right_to":464},"geometry":{"type":"LineString","coordinates":[[-87.7855,41.87444],[-87.78578,41.87443],[-87.78612,41.87443]]}},{"type":"Feature","properties":{"street_name":"HARRISON ST","address_left_from":101,"address_left_to":111,"address_right_from":100,"address_right_to":112},"geometry":{"type":"LineString","coordinates":[[-87.77685,41.87275],[-87.77718,41.87274],[-87.77746,41.87273]]}},{"type":"Feature","properties":{"street_name":"S EUCLID AVE","address_left_from":700,"address_left_to":798,"address_right_from":701,"address_right_to":799},"geometry":{"type":"LineString","coordinates":[[-87.79291,41.87613],[-87.7929,41.87585],[-87.79285,41.87457],[-87.79284,41.87431]]}},{"type":"Feature","properties":{"street_name":"HARRISON ST","address_left_from":39,"address_left_to":49,"address_right_from":40,"address_right_to":42},"geometry":{"type":"LineString","coordinates":[[-87.77625,41.87276],[-87.7766,41.87276],[-87.77674,41.87275]]}},{"type":"Feature","properties":{"street_name":"N LOMBARD AVE","address_left_from":1211,"address_left_to":1233,"address_right_from":1210,"address_right_to":1232},"geometry":{"type":"LineString","coordinates":[[-87.78078,41.90791],[-87.7808,41.90841],[-87.7808,41.9086],[-87.78081,41.9087]]}},{"type":"Feature","properties":{"street_name":"LAKE ST","address_left_from":911,"address_left_to":949,"address_right_from":910,"address_right_to":948},"geometry":{"type":"LineString","coordinates":[[-87.79751,41.8887],[-87.79767,41.8887],[-87.79797,41.88869],[-87.7984,41.88869],[-87.79907,41.88869],[-87.79983,41.88869],[-87.79991,41.88868]]}},{"type":"Feature","properties":{"street_name":"LINDEN AVE","address_left_from":401,"address_left_to":427,"address_right_from":400,"address_right_to":442},"geometry":{"type":"LineString","coordinates":[[-87.79128,41.89299],[-87.79129,41.89323],[-87.79132,41.89419],[-87.79132,41.89436]]}},{"type":"Feature","properties":{"street_name":"RANDOLPH ST","address_left_from":701,"address_left_to":715,"address_right_from":700,"address_right_to":708},"geometry":{"type":"LineString","coordinates":[[-87.79272,41.88331],[-87.79291,41.88332],[-87.79351,41.88331],[-87.79354,41.88331]]}},{"type":"Feature","properties":{"street_name":"VAN BUREN ST","address_left_from":265,"address_left_to":299,"address_right_from":264,"address_right_to":298},"geometry":{"type":"LineString","coordinates":[[-87.78122,41.87451],[-87.78153,41.8745],[-87.78182,41.8745]]}},{"type":"Feature","properties":{"street_name":"HARRISON ST","address_left_from":851,"address_left_to":869,"address_right_from":850,"address_right_to":868},"geometry":{"type":"LineString","coordinates":[[-87.79605,41.87306],[-87.79631,41.8731],[-87.79645,41.87312]]}},{"type":"Feature","properties":{"street_name":"VAN BUREN ST","address_left_from":215,"address_left_to":225,"address_right_from":214,"address_right_to":224},"geometry":{"type":"LineString","coordinates":[[-87.78,41.87452],[-87.78042,41.87452],[-87.78061,41.87452]]}},{"type":"Feature","properties":{"street_name":"HARRISON ST","address_left_from":1067,"address_left_to":1099,"address_right_from":1066,"address_right_to":1098},"geometry":{"type":"LineString","coordinates":[[-87.80148,41.87365],[-87.80189,41.87369],[-87.8021,41.8737]]}},{"type":"Feature","properties":{"street_name":"N LOMBARD AVE","address_left_from":201,"address_left_to":235,"address_right_from":200,"address_right_to":234},"geometry":{"type":"LineString","coordinates":[[-87.77988,41.89043],[-87.77988,41.89059],[-87.77991,41.8914],[-87.77992,41.8917]]}},{"type":"Feature","properties":{"street_name":"RANDOLPH ST","address_left_from":1011,"address_left_to":1027,"address_right_from":1010,"address_right_to":1030},"geometry":{"type":"LineString","coordinates":[[-87.80081,41.88331],[-87.80086,41.8833],[-87.80162,41.88329]]}},{"type":"Feature","properties":{"street_name":"VAN BUREN ST","address_left_from":625,"address_left_to":639,"address_right_from":624,"address_right_to":638},"geometry":{"type":"LineString","coordinates":[[-87.7904,41.87435],[-87.79058,41.87435],[-87.79101,41.87434]]}},{"type":"Feature","properties":{"street_name":"HARRISON ST","address_left_from":1117,"address_left_to":1131,"address_right_from":1116,"address_right_to":1130},"geometry":{"type":"LineString","coordinates":[[-87.80287,41.87377],[-87.80313,41.87379],[-87.80354,41.87382]]}},{"type":"Feature","properties":{"street_name":"N LOMBARD AVE","address_left_from":747,"address_left_to":799,"address_right_from":748,"address_right_to":798},"geometry":{"type":"LineString","coordinates":[[-87.78017,41.89997],[-87.78018,41.90011]]}},{"type":"Feature","properties":{"street_name":"HARRISON ST","address_left_from":1017,"address_left_to":1029,"address_right_from":1016,"address_right_to":1028},"geometry":{"type":"LineString","coordinates":[[-87.80026,41.87352],[-87.8006,41.87357],[-87.80087,41.8736]]}},{"type":"Feature","properties":{"street_name":"N LOMBARD AVE","address_left_from":501,"address_left_to":511,"address_right_from":500,"address_right_to":510},"geometry":{"type":"LineString","coordinates":[[-87.78,41.89465],[-87.78001,41.89481],[-87.78002,41.89518]]}},{"type":"Feature","properties":{"street_name":"HARRISON ST","address_left_from":801,"address_left_to":811,"address_right_from":800,"address_right_to":810},"geometry":{"type":"LineString","coordinates":[[-87.79401,41.87281],[-87.79404,41.87282],[-87.79417,41.87284],[-87.79462,41.87288],[-87.79463,41.87288]]}},{"type":"Feature","properties":{"street_name":"S EUCLID AVE","address_left_from":300,"address_left_to":340,"address_right_from":301,"address_right_to":337},"geometry":{"type":"LineString","coordinates":[[-87.79272,41.88331],[-87.79271,41.88298],[-87.79269,41.88214],[-87.79268,41.88167]]}},{"type":"Feature","properties":{"street_name":"S TAYLOR AVE","address_left_from":1188,"address_left_to":1198,"address_right_from":1189,"address_right_to":1199},"geometry":{"type":"LineString","coordinates":[[-87.77784,41.86587],[-87.77783,41.86562],[-87.77782,41.86542]]}},{"type":"Feature","properties":{"street_name":"N LOMBARD AVE","address_left_from":1131,"address_left_to":1199,"address_right_from":1130,"address_right_to":1198},"geometry":{"type":"LineString","coordinates":[[-87.78075,41.90693],[-87.78076,41.90736]]}},{"type":"Feature","properties":{"street_name":"VAN BUREN ST","address_left_from":701,"address_left_to":713,"address_right_from":700,"address_right_to":712},"geometry":{"type":"LineString","coordinates":[[-87.79162,41.87433],[-87.79193,41.87433],[-87.79223,41.87432]]}},{"type":"Feature","properties":{"street_name":"RANDOLPH ST","address_left_from":101,"address_left_to":119,"address_right_from":100,"address_right_to":118},"geometry":{"type":"LineString","coordinates":[[-87.77805,41.884],[-87.77844,41.884],[-87.77887,41.88399]]}},{"type":"Feature","properties":{"street_name":"S EUCLID AVE","address_left_from":200,"address_left_to":242,"address_right_from":201,"address_right_to":259},"geometry":{"type":"LineString","coordinates":[[-87.79277,41.88507],[-87.79276,41.88465],[-87.79273,41.88357],[-87.79272,41.88342]]}},{"type":"Feature","properties":{"street_name":"ELIZABETH CT","address_left_from":1,"address_left_to":99,"address_right_from":2,"address_right_to":98},"geometry":{"type":"LineString","coordinates":[[-87.79944,41.89206],[-87.79936,41.89207],[-87.79928,41.89207],[-87.79927,41.89207],[-87.79921,41.89207],[-87.79914,41.89206],[-87.79906,41.89204],[-87.79901,41.89202],[-87.79893,41.89196],[-87.79887,41.89193],[-87.79882,41.8919],[-87.79876,41.89188],[-87.79873,41.89187],[-87.7987,41.89187],[-87.79866,41.89186],[-87.79863,41.89186],[-87.79858,41.89187],[-87.79841,41.89189],[-87.79822,41.89191],[-87.79795,41.89192],[-87.79773,41.89193]]}},{"type":"Feature","properties":{"street_name":"FOREST AVE","address_left_from":601,"address_left_to":651,"address_right_from":600,"address_right_to":650},"geometry":{"type":"LineString","coordinates":[[-87.80067,41.89616],[-87.80068,41.89647],[-87.80071,41.89742],[-87.80072,41.89785]]}},{"type":"Feature","properties":{"street_name":"VAN BUREN ST","address_left_from":227,"address_left_to":263,"address_right_from":226,"address_right_to":262},"geometry":{"type":"LineString","coordinates":[[-87.78061,41.87452],[-87.78094,41.87451],[-87.78122,41.87451]]}},{"type":"Feature","properties":{"street_name":"S TAYLOR AVE","address_left_from":1100,"address_left_to":1148,"address_right_from":1101,"address_right_to":1149},"geometry":{"type":"LineString","coordinates":[[-87.77795,41.86907],[-87.77794,41.86868],[-87.77791,41.868],[-87.77789,41.86745],[-87.77789,41.86724]]}},{"type":"Feature","properties":{"street_name":"VAN BUREN ST","address_left_from":31,"address_left_to":69,"address_right_from":30,"address_right_to":68},"geometry":{"type":"LineString","coordinates":[[-87.77569,41.87459],[-87.77598,41.87458],[-87.77631,41.87458]]}},{"type":"Feature","properties":{"street_name":"I290 EXPY E","address_left_from":-1,"address_left_to":-1,"address_right_from":-1,"address_right_to":-1},"geometry":{"type":"LineString","coordinates":[[-87.7891,41.87208],[-87.78899,41.87207],[-87.78684,41.87189],[-87.78478,41.87172],[-87.78429,41.87168],[-87.78418,41.87167]]}},{"type":"Feature","properties":{"street_name":"VAN BUREN ST","address_left_from":565,"address_left_to":599,"address_right_from":564,"address_right_to":598},"geometry":{"type":"LineString","coordinates":[[-87.78856,41.87438],[-87.7887,41.87438],[-87.78918,41.87437]]}},{"type":"Feature","properties":{"street_name":"RANDOLPH ST","address_left_from":1029,"address_left_to":1033,"address_right_from":1032,"address_right_to":1034},"geometry":{"type":"LineString","coordinates":[[-87.80162,41.88329],[-87.80169,41.88329]]}},{"type":"Feature","properties":{"street_name":"VAN BUREN ST","address_left_from":113,"address_left_to":119,"address_right_from":112,"address_right_to":118},"geometry":{"type":"LineString","coordinates":[[-87.77752,41.87456],[-87.7779,41.87456],[-87.77813,41.87455]]}},{"type":"Feature","properties":{"street_name":"HARRISON ST","address_left_from":139,"address_left_to":151,"address_right_from":140,"address_right_to":148},"geometry":{"type":"LineString","coordinates":[[-87.77868,41.87273],[-87.77882,41.87273],[-87.77916,41.87272]]}},{"type":"Feature","properties":{"street_name":"S EUCLID AVE","address_left_from":400,"address_left_to":408,"address_right_from":401,"address_right_to":409},"geometry":{"type":"LineString","coordinates":[[-87.79267,41.88158],[-87.79267,41.88148],[-87.79266,41.88114],[-87.79266,41.88104]]}},{"type":"Feature","properties":{"street_name":"LAKE ST","address_left_from":301,"address_left_to":399,"address_right_from":300,"address_right_to":398},"geometry":{"type":"LineString","coordinates":[[-87.78306,41.88828],[-87.78336,41.88829],[-87.78424,41.88831],[-87.7847,41.88833]]}},{"type":"Feature","properties":{"street_name":"S EUCLID AVE","address_left_from":1100,"address_left_to":1148,"address_right_from":1101,"address_right_to":1149},"geometry":{"type":"LineString","coordinates":[[-87.79267,41.86883],[-87.79266,41.86869],[-87.79264,41.86812],[-87.79261,41.86714],[-87.79261,41.86701]]}},{"type":"Feature","properties":{"street_name":"LAKE ST","address_left_from":601,"address_left_to":603,"address_right_from":600,"address_right_to":608},"geometry":{"type":"LineString","coordinates":[[-87.78959,41.88849],[-87.78982,41.88849],[-87.79003,41.8885]]}},{"type":"Feature","properties":{"street_name":"VAN BUREN ST","address_left_from":71,"address_left_to":99,"address_right_from":70,"address_right_to":98},"geometry":{"type":"LineString","coordinates":[[-87.77631,41.87458],[-87.77658,41.87458],[-87.77692,41.87457]]}},{"type":"Feature","properties":{"street_name":"FOREST AVE","address_left_from":701,"address_left_to":709,"address_right_from":700,"address_right_to":708},"geometry":{"type":"LineString","coordinates":[[-87.80077,41.89796],[-87.80083,41.89802],[-87.80085,41.89842]]}},{"type":"Feature","properties":{"street_name":"S EUCLID AVE","address_left_from":600,"address_left_to":648,"address_right_from":601,"address_right_to":647},"geometry":{"type":"LineString","coordinates":[[-87.79297,41.87796],[-87.79296,41.87775],[-87.79293,41.87677],[-87.79291,41.87623]]}},{"type":"Feature","properties":{"street_name":"FOREST AVE","address_left_from":1241,"address_left_to":1299,"address_right_from":1240,"address_right_to":1298},"geometry":{"type":"LineString","coordinates":[[-87.80117,41.90844],[-87.80117,41.90858],[-87.80118,41.90877],[-87.80119,41.90894]]}},{"type":"Feature","properties":{"street_name":"VAN BUREN ST","address_left_from":527,"address_left_to":563,"address_right_from":526,"address_right_to":562},"geometry":{"type":"LineString","coordinates":[[-87.78795,41.87439],[-87.78813,41.87439],[-87.78856,41.87438]]}},{"type":"Feature","properties":{"street_name":"N LOMBARD AVE","address_left_from":1001,"address_left_to":1053,"address_right_from":1000,"address_right_to":1052},"geometry":{"type":"LineString","coordinates":[[-87.78031,41.90385],[-87.78032,41.90395],[-87.78033,41.90433],[-87.78035,41.90512],[-87.78038,41.90574]]}},{"type":"Feature","properties":{"street_name":"RANDOLPH ST","address_left_from":1001,"address_left_to":1009,"address_right_from":1000,"address_right_to":1008},"geometry":{"type":"LineString","coordinates":[[-87.8,41.88332],[-87.80081,41.88331]]}},{"type":"Feature","properties":{"street_name":"LINDEN AVE","address_left_from":1101,"address_left_to":1143,"address_right_from":1100,"address_right_to":1142},"geometry":{"type":"LineString","coordinates":[[-87.79254,41.9056],[-87.79255,41.90596],[-87.79257,41.90657],[-87.79258,41.90713]]}},{"type":"Feature","properties":{"street_name":"RANDOLPH ST","address_left_from":1111,"address_left_to":1129,"address_right_from":1110,"address_right_to":1128},"geometry":{"type":"LineString","coordinates":[[-87.80322,41.88325],[-87.8035,41.88324],[-87.80399,41.88324]]}},{"type":"Feature","properties":{"street_name":"S EUCLID AVE","address_left_from":1000,"address_left_to":1050,"address_right_from":1001,"address_right_to":1051},"geometry":{"type":"LineString","coordinates":[[-87.79273,41.87066],[-87.79272,41.87042],[-87.7927,41.86985],[-87.79268,41.86916],[-87.79267,41.86892]]}},{"type":"Feature","properties":{"street_name":"RANDOLPH ST","address_left_from":21,"address_left_to":49,"address_right_from":20,"address_right_to":48},"geometry":{"type":"LineString","coordinates":[[-87.77561,41.88404],[-87.77642,41.88403]]}},{"type":"Feature","properties":{"street_name":"VAN BUREN ST","address_left_from":417,"address_left_to":427,"address_right_from":416,"address_right_to":426},"geometry":{"type":"LineString","coordinates":[[-87.78489,41.87445],[-87.78507,41.87444],[-87.7855,41.87444]]}},{"type":"Feature","properties":{"street_name":"HARRISON ST","address_left_from":813,"address_left_to":825,"address_right_from":812,"address_right_to":824},"geometry":{"type":"LineString","coordinates":[[-87.79463,41.87288],[-87.79501,41.87292],[-87.79522,41.87294]]}},{"type":"Feature","properties":{"street_name":"LINDEN AVE","address_left_from":901,"address_left_to":951,"address_right_from":900,"address_right_to":950},"geometry":{"type":"LineString","coordinates":[[-87.79243,41.90175],[-87.79244,41.90206],[-87.79247,41.90328],[-87.79248,41.90357]]}},{"type":"Feature","properties":{"street_name":"HARRISON ST","address_left_from":431,"address_left_to":439,"address_right_from":430,"address_right_to":438},"geometry":{"type":"LineString","coordinates":[[-87.78544,41.87261],[-87.78569,41.87261],[-87.78605,41.8726]]}},{"type":"Feature","properties":{"street_name":"LINDEN AVE","address_left_from":101,"address_left_to":181,"address_right_from":100,"address_right_to":182},"geometry":{"type":"LineString","coordinates":[[-87.79116,41.88854],[-87.7912,41.88999],[-87.79121,41.89017]]}},{"type":"Feature","properties":{"street_name":"ROSSELL AVE","address_left_from":1101,"address_left_to":1143,"address_right_from":1100,"address_right_to":1142},"geometry":{"type":"LineString","coordinates":[[-87.78594,41.90569],[-87.78597,41.9066],[-87.78599,41.90722]]}},{"type":"Feature","properties":{"street_name":"N LOMBARD AVE","address_left_from":1,"address_left_to":99,"address_right_from":2,"address_right_to":98},"geometry":{"type":"LineString","coordinates":[[-87.77978,41.88731],[-87.77978,41.88735],[-87.77979,41.88741],[-87.77979,41.88744]]}},{"type":"Feature","properties":{"street_name":"RANDOLPH ST","address_left_from":867,"address_left_to":899,"address_right_from":866,"address_right_to":898},"geometry":{"type":"LineString","coordinates":[[-87.79637,41.88341],[-87.79678,41.8834],[-87.79703,41.88339]]}},{"type":"Feature","properties":{"street_name":"WENONAH AVE","address_left_from":910,"address_left_to":948,"address_right_from":911,"address_right_to":949},"geometry":{"type":"LineString","coordinates":[[-87.80063,41.87189],[-87.80061,41.87142],[-87.80059,41.87083],[-87.80058,41.87061]]}},{"type":"Feature","properties":{"street_name":"FLOURNOY ST","address_left_from":177,"address_left_to":199,"address_right_from":176,"address_right_to":198},"geometry":{"type":"LineString","coordinates":[[-87.77801,41.87168],[-87.77826,41.87167],[-87.77843,41.87167],[-87.77858,41.87168],[-87.77859,41.87168],[-87.77861,41.87168],[-87.77861,41.87168]]}},{"type":"Feature","properties":{"street_name":"HARRISON ST","address_left_from":327,"address_left_to":351,"address_right_from":326,"address_right_to":352},"geometry":{"type":"LineString","coordinates":[[-87.78299,41.87265],[-87.7834,41.87265],[-87.78397,41.87263],[-87.7841,41.87263]]}},{"type":"Feature","properties":{"street_name":"N ELMWOOD AVE","address_left_from":501,"address_left_to":549,"address_right_from":500,"address_right_to":548},"geometry":{"type":"LineString","coordinates":[[-87.78651,41.89455],[-87.78651,41.89477],[-87.78652,41.89504],[-87.78656,41.89617],[-87.78657,41.89628]]}},{"type":"Feature","properties":{"street_name":"FLOURNOY ST","address_left_from":101,"address_left_to":149,"address_right_from":100,"address_right_to":148},"geometry":{"type":"LineString","coordinates":[[-87.77681,41.87157],[-87.77695,41.87158],[-87.77726,41.8716],[-87.77743,41.87161]]}},{"type":"Feature","properties":{"street_name":"FLOURNOY ST","address_left_from":201,"address_left_to":213,"address_right_from":200,"address_right_to":212},"geometry":{"type":"LineString","coordinates":[[-87.77927,41.87179],[-87.77954,41.87179],[-87.7799,41.87179]]}},{"type":"Feature","properties":{"street_name":"RANDOLPH ST","address_left_from":641,"address_left_to":669,"address_right_from":640,"address_right_to":668},"geometry":{"type":"LineString","coordinates":[[-87.79109,41.88332],[-87.79129,41.88332],[-87.79191,41.88331]]}},{"type":"Feature","properties":{"street_name":"MAPLETON AVE","address_left_from":801,"address_left_to":853,"address_right_from":800,"address_right_to":852},"geometry":{"type":"LineString","coordinates":[[-87.78138,41.89995],[-87.78144,41.90158],[-87.78146,41.90183]]}},{"type":"Feature","properties":{"street_name":"WENONAH AVE","address_left_from":1150,"address_left_to":1198,"address_right_from":1151,"address_right_to":1199},"geometry":{"type":"LineString","coordinates":[[-87.80045,41.86687],[-87.80044,41.86662],[-87.8004,41.86569]]}},{"type":"Feature","properties":{"street_name":"S TAYLOR AVE","address_left_from":534,"address_left_to":546,"address_right_from":535,"address_right_to":547},"geometry":{"type":"LineString","coordinates":[[-87.77827,41.87867],[-87.77826,41.87839],[-87.77826,41.87827]]}},{"type":"Feature","properties":{"street_name":"N ELMWOOD AVE","address_left_from":1001,"address_left_to":1025,"address_right_from":1000,"address_right_to":1024},"geometry":{"type":"LineString","coordinates":[[-87.78714,41.90375],[-87.78716,41.90449],[-87.78717,41.90472]]}},{"type":"Feature","properties":{"street_name":"HARRISON ST","address_left_from":871,"address_left_to":899,"address_right_from":870,"address_right_to":898},"geometry":{"type":"LineString","coordinates":[[-87.79645,41.87312],[-87.79663,41.87315],[-87.79705,41.87322],[-87.79717,41.87324]]}},{"type":"Feature","properties":{"street_name":"WENONAH AVE","address_left_from":600,"address_left_to":636,"address_right_from":601,"address_right_to":637},"geometry":{"type":"LineString","coordinates":[[-87.80104,41.87823],[-87.80103,41.87798],[-87.801,41.87718],[-87.80099,41.87691]]}},{"type":"Feature","properties":{"street_name":"HARRISON ST","address_left_from":11,"address_left_to":23,"address_right_from":10,"address_right_to":24},"geometry":{"type":"LineString","coordinates":[[-87.77503,41.87277],[-87.77508,41.87277],[-87.77543,41.87277],[-87.77563,41.87277]]}},{"type":"Feature","properties":{"street_name":"FLOURNOY ST","address_left_from":151,"address_left_to":175,"address_right_from":150,"address_right_to":174},"geometry":{"type":"LineString","coordinates":[[-87.77743,41.87161],[-87.7779,41.87164],[-87.77794,41.87165],[-87.77797,41.87166],[-87.77801,41.87168],[-87.77801,41.87168]]}},{"type":"Feature","properties":{"street_name":"RANDOLPH ST","address_left_from":1035,"address_left_to":1039,"address_right_from":1036,"address_right_to":1040},"geometry":{"type":"LineString","coordinates":[[-87.80169,41.88329],[-87.80194,41.88328],[-87.80232,41.88327]]}},{"type":"Feature","properties":{"street_name":"N ELMWOOD AVE","address_left_from":135,"address_left_to":143,"address_right_from":134,"address_right_to":142},"geometry":{"type":"LineString","coordinates":[[-87.78634,41.88884],[-87.78635,41.88903]]}},{"type":"Feature","properties":{"street_name":"RANDOLPH ST","address_left_from":1101,"address_left_to":1109,"address_right_from":1100,"address_right_to":1108},"geometry":{"type":"LineString","coordinates":[[-87.80244,41.88326],[-87.8029,41.88325],[-87.80322,41.88325]]}},{"type":"Feature","properties":{"street_name":"FOREST AVE","address_left_from":171,"address_left_to":189,"address_right_from":170,"address_right_to":198},"geometry":{"type":"LineString","coordinates":[[-87.8002,41.88935],[-87.8002,41.88949],[-87.80023,41.89014]]}},{"type":"Feature","properties":{"street_name":"MAPLETON AVE","address_left_from":901,"address_left_to":951,"address_right_from":900,"address_right_to":950},"geometry":{"type":"LineString","coordinates":[[-87.78146,41.90192],[-87.78147,41.90202],[-87.7815,41.90285],[-87.78153,41.90364],[-87.78153,41.90374]]}},{"type":"Feature","properties":{"street_name":"RANDOLPH ST","address_left_from":417,"address_left_to":439,"address_right_from":416,"address_right_to":438},"geometry":{"type":"LineString","coordinates":[[-87.78538,41.88342],[-87.78576,41.88342],[-87.78619,41.88341]]}},{"type":"Feature","properties":{"street_name":"N ELMWOOD AVE","address_left_from":201,"address_left_to":235,"address_right_from":200,"address_right_to":234},"geometry":{"type":"LineString","coordinates":[[-87.78639,41.89034],[-87.7864,41.89073],[-87.78642,41.89146],[-87.78642,41.89161]]}},{"type":"Feature","properties":{"street_name":"HARRISON ST","address_left_from":501,"address_left_to":525,"address_right_from":500,"address_right_to":522},"geometry":{"type":"LineString","coordinates":[[-87.78668,41.87259],[-87.78699,41.87259],[-87.78731,41.87258],[-87.78736,41.87258],[-87.78753,41.87258],[-87.78789,41.87257]]}},{"type":"Feature","properties":{"street_name":"FLOURNOY ST","address_left_from":1,"address_left_to":49,"address_right_from":2,"address_right_to":48},"geometry":{"type":"LineString","coordinates":[[-87.7757,41.87153],[-87.7757,41.87153],[-87.77572,41.87153],[-87.77575,41.87153],[-87.7758,41.87153],[-87.77584,41.87153],[-87.77613,41.87154],[-87.7762,41.87154]]}},{"type":"Feature","properties":{"street_name":"S TAYLOR AVE","address_left_from":800,"address_left_to":846,"address_right_from":801,"address_right_to":845},"geometry":{"type":"LineString","coordinates":[[-87.77813,41.87455],[-87.77812,41.87436],[-87.7781,41.87369],[-87.77808,41.873],[-87.77807,41.87282]]}},{"type":"Feature","properties":{"street_name":"N ELMWOOD AVE","address_left_from":301,"address_left_to":333,"address_right_from":300,"address_right_to":334},"geometry":{"type":"LineString","coordinates":[[-87.78642,41.89169],[-87.78643,41.89199],[-87.78645,41.89277],[-87.78646,41.89298]]}},{"type":"Feature","properties":{"street_name":"RANDOLPH ST","address_left_from":301,"address_left_to":351,"address_right_from":300,"address_right_to":350},"geometry":{"type":"LineString","coordinates":[[-87.78293,41.88353],[-87.78306,41.88349],[-87.78369,41.88348],[-87.78374,41.88348]]}},{"type":"Feature","properties":{"street_name":"FLOURNOY ST","address_left_from":51,"address_left_to":99,"address_right_from":50,"address_right_to":98},"geometry":{"type":"LineString","coordinates":[[-87.7762,41.87154],[-87.77652,41.87156],[-87.77681,41.87157]]}},{"type":"Feature","properties":{"street_name":"FOREST AVE","address_left_from":501,"address_left_to":515,"address_right_from":500,"address_right_to":512},"geometry":{"type":"LineString","coordinates":[[-87.80061,41.8943],[-87.80063,41.89491]]}},{"type":"Feature","properties":{"street_name":"N ELMWOOD AVE","address_left_from":601,"address_left_to":649,"address_right_from":600,"address_right_to":646},"geometry":{"type":"LineString","coordinates":[[-87.78657,41.89637],[-87.78658,41.89666],[-87.7866,41.89725],[-87.78663,41.89805],[-87.78663,41.89809]]}},{"type":"Feature","properties":{"street_name":"HARRISON ST","address_left_from":1001,"address_left_to":1015,"address_right_from":1000,"address_right_to":1014},"geometry":{"type":"LineString","coordinates":[[-87.79965,41.87348],[-87.79981,41.87348],[-87.79988,41.87349],[-87.79999,41.8735],[-87.80018,41.87351],[-87.80026,41.87352]]}},{"type":"Feature","properties":{"street_name":"WENONAH AVE","address_left_from":510,"address_left_to":534,"address_right_from":511,"address_right_to":537},"geometry":{"type":"LineString","coordinates":[[-87.80107,41.87919],[-87.80105,41.87872],[-87.80104,41.87832]]}},{"type":"Feature","properties":{"street_name":"CLINTON AVE","address_left_from":400,"address_left_to":432,"address_right_from":401,"address_right_to":433},"geometry":{"type":"LineString","coordinates":[[-87.79846,41.88151],[-87.79841,41.88029]]}},{"type":"Feature","properties":{"street_name":"N ELMWOOD AVE","address_left_from":145,"address_left_to":181,"address_right_from":144,"address_right_to":180},"geometry":{"type":"LineString","coordinates":[[-87.78635,41.88903],[-87.78636,41.88937],[-87.78638,41.89012],[-87.78638,41.89025]]}},{"type":"Feature","properties":{"street_name":"N ELMWOOD AVE","address_left_from":801,"address_left_to":853,"address_right_from":800,"address_right_to":852},"geometry":{"type":"LineString","coordinates":[[-87.78669,41.89987],[-87.78669,41.90001],[-87.78672,41.901],[-87.78675,41.90164],[-87.78675,41.90175]]}},{"type":"Feature","properties":{"street_name":"HARRISON ST","address_left_from":213,"address_left_to":223,"address_right_from":212,"address_right_to":230},"geometry":{"type":"LineString","coordinates":[[-87.77993,41.8727],[-87.78026,41.87269],[-87.78054,41.87269]]}},{"type":"Feature","properties":{"street_name":"N ELMWOOD AVE","address_left_from":1239,"address_left_to":1299,"address_right_from":1238,"address_right_to":1298},"geometry":{"type":"LineString","coordinates":[[-87.78734,41.90861],[-87.78734,41.90868],[-87.78734,41.90878],[-87.78735,41.90897],[-87.78735,41.90912]]}},{"type":"Feature","properties":{"street_name":"CLINTON AVE","address_left_from":1150,"address_left_to":1188,"address_right_from":1151,"address_right_to":1189},"geometry":{"type":"LineString","coordinates":[[-87.79774,41.86692],[-87.79773,41.86668],[-87.79769,41.86563],[-87.79769,41.8655]]}},{"type":"Feature","properties":{"street_name":"N ELMWOOD AVE","address_left_from":1101,"address_left_to":1143,"address_right_from":1100,"address_right_to":1142},"geometry":{"type":"LineString","coordinates":[[-87.78722,41.90567],[-87.78723,41.90574],[-87.78726,41.90626],[-87.78729,41.90709],[-87.78729,41.9072]]}},{"type":"Feature","properties":{"street_name":"LAKE ST","address_left_from":1059,"address_left_to":1099,"address_right_from":1052,"address_right_to":1098},"geometry":{"type":"LineString","coordinates":[[-87.80247,41.88865],[-87.80254,41.88865],[-87.80263,41.88865]]}},{"type":"Feature","properties":{"street_name":"N ELMWOOD AVE","address_left_from":701,"address_left_to":745,"address_right_from":700,"address_right_to":746},"geometry":{"type":"LineString","coordinates":[[-87.78663,41.8982],[-87.78664,41.89843],[-87.78668,41.89955],[-87.78668,41.89977]]}},{"type":"Feature","properties":{"street_name":"RANDOLPH ST","address_left_from":817,"address_left_to":829,"address_right_from":816,"address_right_to":828},"geometry":{"type":"LineString","coordinates":[[-87.79504,41.88344],[-87.79519,41.88343],[-87.7957,41.88342]]}},{"type":"Feature","properties":{"street_name":"WENONAH AVE","address_left_from":800,"address_left_to":846,"address_right_from":801,"address_right_to":845},"geometry":{"type":"LineString","coordinates":[[-87.80094,41.8754],[-87.80092,41.87508],[-87.80089,41.87402],[-87.80088,41.87373]]}},{"type":"Feature","properties":{"street_name":"HARRISON ST","address_left_from":601,"address_left_to":625,"address_right_from":600,"address_right_to":624},"geometry":{"type":"LineString","coordinates":[[-87.78912,41.87256],[-87.78947,41.87256],[-87.78995,41.87256],[-87.79034,41.87255]]}},{"type":"Feature","properties":{"street_name":"WENONAH AVE","address_left_from":900,"address_left_to":908,"address_right_from":901,"address_right_to":909},"geometry":{"type":"LineString","coordinates":[[-87.80064,41.87235],[-87.80063,41.87189]]}},{"type":"Feature","properties":{"street_name":"HARRISON ST","address_left_from":1,"address_left_to":9,"address_right_from":2,"address_right_to":8},"geometry":{"type":"LineString","coordinates":[[-87.77442,41.87278],[-87.77473,41.87277],[-87.77503,41.87277]]}},{"type":"Feature","properties":{"street_name":"N ELMWOOD AVE","address_left_from":1201,"address_left_to":1237,"address_right_from":1200,"address_right_to":1236},"geometry":{"type":"LineString","coordinates":[[-87.78729,41.90729],[-87.78732,41.90814],[-87.78733,41.9084],[-87.78733,41.90851],[-87.78734,41.90861]]}},{"type":"Feature","properties":{"street_name":"FOREST AVE","address_left_from":305,"address_left_to":335,"address_right_from":300,"address_right_to":324},"geometry":{"type":"LineString","coordinates":[[-87.80028,41.89204],[-87.80029,41.89228],[-87.8003,41.89289],[-87.8003,41.89303]]}},{"type":"Feature","properties":{"street_name":"FLOURNOY ST","address_left_from":215,"address_left_to":249,"address_right_from":214,"address_right_to":250},"geometry":{"type":"LineString","coordinates":[[-87.7799,41.87179],[-87.78022,41.87178],[-87.7807,41.87178],[-87.7811,41.8718],[-87.78144,41.87183],[-87.78159,41.87185],[-87.78161,41.87185]]}},{"type":"Feature","properties":{"street_name":"LAKE ST","address_left_from":609,"address_left_to":611,"address_right_from":620,"address_right_to":628},"geometry":{"type":"LineString","coordinates":[[-87.79057,41.88852],[-87.7907,41.88852],[-87.7907,41.88852],[-87.79072,41.88852],[-87.7909,41.88853]]}},{"type":"Feature","properties":{"street_name":"WENONAH AVE","address_left_from":1000,"address_left_to":1048,"address_right_from":1001,"address_right_to":1049},"geometry":{"type":"LineString","coordinates":[[-87.80058,41.87052],[-87.80057,41.8702],[-87.80054,41.86949],[-87.80052,41.86891],[-87.80052,41.86878]]}},{"type":"Feature","properties":{"street_name":"S TAYLOR AVE","address_left_from":336,"address_left_to":338,"address_right_from":337,"address_right_to":341},"geometry":{"type":"LineString","coordinates":[[-87.778,41.88255],[-87.77799,41.88206]]}},{"type":"Feature","properties":{"street_name":"HOLLEY CT","address_left_from":1101,"address_left_to":1199,"address_right_from":1100,"address_right_to":1198},"geometry":{"type":"LineString","coordinates":[[-87.80267,41.88973],[-87.80324,41.88972]]}},{"type":"Feature","properties":{"street_name":"HARRISON ST","address_left_from":127,"address_left_to":137,"address_right_from":126,"address_right_to":138},"geometry":{"type":"LineString","coordinates":[[-87.77807,41.87273],[-87.77841,41.87273],[-87.77868,41.87273]]}},{"type":"Feature","properties":{"street_name":"N ELMWOOD AVE","address_left_from":901,"address_left_to":951,"address_right_from":900,"address_right_to":950},"geometry":{"type":"LineString","coordinates":[[-87.78675,41.90184],[-87.78676,41.90217],[-87.78679,41.90299],[-87.78681,41.90367]]}},{"type":"Feature","properties":{"street_name":"CLINTON AVE","address_left_from":600,"address_left_to":636,"address_right_from":601,"address_right_to":637},"geometry":{"type":"LineString","coordinates":[[-87.79878,41.87827],[-87.79877,41.87806],[-87.79874,41.87715],[-87.79873,41.87695]]}},{"type":"Feature","properties":{"street_name":"N ELMWOOD AVE","address_left_from":101,"address_left_to":133,"address_right_from":100,"address_right_to":132},"geometry":{"type":"LineString","coordinates":[[-87.78633,41.88838],[-87.78634,41.88884]]}},{"type":"Feature","properties":{"street_name":"WENONAH AVE","address_left_from":1100,"address_left_to":1148,"address_right_from":1101,"address_right_to":1149},"geometry":{"type":"LineString","coordinates":[[-87.80051,41.8687],[-87.8005,41.8683],[-87.80047,41.86743],[-87.80045,41.86687]]}},{"type":"Feature","properties":{"street_name":"RANDOLPH ST","address_left_from":441,"address_left_to":469,"address_right_from":440,"address_right_to":468},"geometry":{"type":"LineString","coordinates":[[-87.78619,41.88341],[-87.78677,41.8834],[-87.78701,41.8834]]}},{"type":"Feature","properties":{"street_name":"HARRISON ST","address_left_from":627,"address_left_to":645,"address_right_from":626,"address_right_to":644},"geometry":{"type":"LineString","coordinates":[[-87.79034,41.87255],[-87.79056,41.87255],[-87.79083,41.87254],[-87.79125,41.87255]]}},{"type":"Feature","properties":{"street_name":"LAKE ST","address_left_from":227,"address_left_to":239,"address_right_from":226,"address_right_to":238},"geometry":{"type":"LineString","coordinates":[[-87.78104,41.88821],[-87.78144,41.88823]]}},{"type":"Feature","properties":{"street_name":"HARRISON ST","address_left_from":917,"address_left_to":929,"address_right_from":916,"address_right_to":928},"geometry":{"type":"LineString","coordinates":[[-87.79789,41.87336],[-87.79791,41.87336],[-87.79843,41.87345],[-87.79861,41.87346]]}},{"type":"Feature","properties":{"street_name":"CLINTON AVE","address_left_from":700,"address_left_to":736,"address_right_from":701,"address_right_to":735},"geometry":{"type":"LineString","coordinates":[[-87.79873,41.87686],[-87.79872,41.87661],[-87.79869,41.8758],[-87.79868,41.87553]]}},{"type":"Feature","properties":{"street_name":"LE MOYNE PKWY","address_left_from":863,"address_left_to":893,"address_right_from":862,"address_right_to":892},"geometry":{"type":"LineString","coordinates":[[-87.79724,41.90716],[-87.79761,41.90715],[-87.79795,41.90715]]}},{"type":"Feature","properties":{"street_name":"BELLEFORTE AVE","address_left_from":601,"address_left_to":645,"address_right_from":600,"address_right_to":646},"geometry":{"type":"LineString","coordinates":[[-87.80199,41.89618],[-87.80201,41.89682],[-87.80205,41.89782]]}},{"type":"Feature","properties":{"street_name":"S OAK PARK AVE","address_left_from":700,"address_left_to":798,"address_right_from":701,"address_right_to":799},"geometry":{"type":"LineString","coordinates":[[-87.79413,41.87612],[-87.79412,41.87586],[-87.79409,41.875],[-87.79407,41.87443],[-87.79407,41.87429]]}},{"type":"Feature","properties":{"street_name":"MONROE ST","address_left_from":1100,"address_left_to":1198,"address_right_from":1101,"address_right_to":1199},"geometry":{"type":"LineString","coordinates":[[-87.80382,41.87818],[-87.8041,41.87818],[-87.80468,41.87817]]}},{"type":"Feature","properties":{"street_name":"LE MOYNE PKWY","address_left_from":601,"address_left_to":611,"address_right_from":600,"address_right_to":610},"geometry":{"type":"LineString","coordinates":[[-87.79016,41.90725],[-87.79077,41.90724]]}},{"type":"Feature","properties":{"street_name":"N GROVE AVE","address_left_from":601,"address_left_to":647,"address_right_from":600,"address_right_to":648},"geometry":{"type":"LineString","coordinates":[[-87.79623,41.89619],[-87.79623,41.89646],[-87.79626,41.89775],[-87.79627,41.89793]]}},{"type":"Feature","properties":{"street_name":"LE MOYNE PKWY","address_left_from":301,"address_left_to":353,"address_right_from":300,"address_right_to":352},"geometry":{"type":"LineString","coordinates":[[-87.78331,41.90734],[-87.78378,41.90733],[-87.78404,41.90733]]}},{"type":"Feature","properties":{"street_name":"MONROE ST","address_left_from":927,"address_left_to":949,"address_right_from":926,"address_right_to":948},"geometry":{"type":"LineString","coordinates":[[-87.79806,41.87828],[-87.79843,41.87828],[-87.79878,41.87827]]}},{"type":"Feature","properties":{"street_name":"N GROVE AVE","address_left_from":1241,"address_left_to":1299,"address_right_from":1240,"address_right_to":1298},"geometry":{"type":"LineString","coordinates":[[-87.79654,41.9085],[-87.79654,41.90851],[-87.79655,41.90861],[-87.79655,41.9087],[-87.79655,41.90878],[-87.79655,41.90885],[-87.79656,41.909]]}},{"type":"Feature","properties":{"street_name":"BELLEFORTE AVE","address_left_from":1201,"address_left_to":1235,"address_right_from":1200,"address_right_to":1234},"geometry":{"type":"LineString","coordinates":[[-87.80266,41.90708],[-87.80268,41.90767],[-87.80269,41.90802],[-87.80269,41.90813],[-87.80269,41.90816],[-87.80269,41.90828]]}},{"type":"Feature","properties":{"street_name":"S OAK PARK AVE","address_left_from":124,"address_left_to":188,"address_right_from":131,"address_right_to":191},"geometry":{"type":"LineString","coordinates":[[-87.79445,41.8863],[-87.79444,41.88591],[-87.79443,41.88542],[-87.79442,41.88519]]}},{"type":"Feature","properties":{"street_name":"LE MOYNE PKWY","address_left_from":663,"address_left_to":699,"address_right_from":662,"address_right_to":698},"geometry":{"type":"LineString","coordinates":[[-87.79137,41.90724],[-87.79198,41.90723]]}},{"type":"Feature","properties":{"street_name":"N RIDGELAND AVE","address_left_from":145,"address_left_to":181,"address_right_from":144,"address_right_to":180},"geometry":{"type":"LineString","coordinates":[[-87.78472,41.88905],[-87.78473,41.88953],[-87.78475,41.89014],[-87.78475,41.89027]]}},{"type":"Feature","properties":{"street_name":"S RIDGELAND AVE","address_left_from":1000,"address_left_to":1048,"address_right_from":1001,"address_right_to":1049},"geometry":{"type":"LineString","coordinates":[[-87.78415,41.87079],[-87.78415,41.87068],[-87.78412,41.86998],[-87.7841,41.86922],[-87.78409,41.86907]]}},{"type":"Feature","properties":{"street_name":"S RIDGELAND AVE","address_left_from":1188,"address_left_to":1198,"address_right_from":1189,"address_right_to":1199},"geometry":{"type":"LineString","coordinates":[[-87.78398,41.86579],[-87.78397,41.86534]]}},{"type":"Feature","properties":{"street_name":"N GROVE AVE","address_left_from":1201,"address_left_to":1239,"address_right_from":1200,"address_right_to":1238},"geometry":{"type":"LineString","coordinates":[[-87.79651,41.90717],[-87.79653,41.90804],[-87.79654,41.9085]]}},{"type":"Feature","properties":{"street_name":"S RIDGELAND AVE","address_left_from":114,"address_left_to":144,"address_right_from":115,"address_right_to":133},"geometry":{"type":"LineString","coordinates":[[-87.78465,41.88647],[-87.78463,41.8858],[-87.78461,41.8853]]}},{"type":"Feature","properties":{"street_name":"N HARLEM AVE","address_left_from":-1,"address_left_to":-1,"address_right_from":1,"address_right_to":23},"geometry":{"type":"LineString","coordinates":[[-87.80473,41.87966],[-87.80468,41.87977],[-87.80471,41.88048]]}},{"type":"Feature","properties":{"street_name":"N HARLEM AVE","address_left_from":-1,"address_left_to":-1,"address_right_from":351,"address_right_to":379},"geometry":{"type":"LineString","coordinates":[[-87.80498,41.88657],[-87.80496,41.8866],[-87.80496,41.88668],[-87.80499,41.88671],[-87.80499,41.88671]]}},{"type":"Feature","properties":{"street_name":"N RIDGELAND AVE","address_left_from":525,"address_left_to":549,"address_right_from":520,"address_right_to":548},"geometry":{"type":"LineString","coordinates":[[-87.7849,41.89537],[-87.78492,41.89592],[-87.78494,41.89631]]}},{"type":"Feature","properties":{"street_name":"CHESTNUT LN","address_left_from":300,"address_left_to":314,"address_right_from":301,"address_right_to":315},"geometry":{"type":"LineString","coordinates":[[-87.80081,41.88331],[-87.8008,41.8829],[-87.80079,41.88269]]}},{"type":"Feature","properties":{"street_name":"MONROE ST","address_left_from":1027,"address_left_to":1049,"address_right_from":1026,"address_right_to":1048},"geometry":{"type":"LineString","coordinates":[[-87.80043,41.87824],[-87.80086,41.87823],[-87.80104,41.87823]]}},{"type":"Feature","properties":{"street_name":"S RIDGELAND AVE","address_left_from":500,"address_left_to":508,"address_right_from":501,"address_right_to":509},"geometry":{"type":"LineString","coordinates":[[-87.78446,41.87993],[-87.78445,41.87945],[-87.78445,41.87943]]}},{"type":"Feature","properties":{"street_name":"MONROE ST","address_left_from":1077,"address_left_to":1099,"address_right_from":1076,"address_right_to":1098},"geometry":{"type":"LineString","coordinates":[[-87.80165,41.87822],[-87.80198,41.87822],[-87.8022,41.87821],[-87.80226,41.87817]]}},{"type":"Feature","properties":{"street_name":"LE MOYNE PKWY","address_left_from":1,"address_left_to":23,"address_right_from":-1,"address_right_to":-1},"geometry":{"type":"LineString","coordinates":[[-87.77577,41.90744],[-87.77577,41.90743],[-87.77579,41.90743],[-87.77581,41.90742],[-87.77596,41.90742],[-87.77597,41.90742],[-87.77662,41.90741],[-87.77685,41.90741]]}},{"type":"Feature","properties":{"street_name":"S RIDGELAND AVE","address_left_from":800,"address_left_to":838,"address_right_from":801,"address_right_to":837},"geometry":{"type":"LineString","coordinates":[[-87.78428,41.87446],[-87.78427,41.87419],[-87.78423,41.87309]]}},{"type":"Feature","properties":{"street_name":"S OAK PARK AVE","address_left_from":400,"address_left_to":404,"address_right_from":401,"address_right_to":405},"geometry":{"type":"LineString","coordinates":[[-87.79431,41.88162],[-87.79431,41.88159],[-87.79431,41.88156]]}},{"type":"Feature","properties":{"street_name":"I290 RAMP W","address_left_from":-1,"address_left_to":-1,"address_right_from":-1,"address_right_to":-1},"geometry":{"type":"LineString","coordinates":[[-87.77503,41.87116],[-87.77648,41.87125],[-87.77678,41.87127]]}},{"type":"Feature","properties":{"street_name":"MONROE ST","address_left_from":1051,"address_left_to":1075,"address_right_from":1050,"address_right_to":1074},"geometry":{"type":"LineString","coordinates":[[-87.80104,41.87823],[-87.8014,41.87823],[-87.80165,41.87822]]}},{"type":"Feature","properties":{"street_name":"BELLEFORTE AVE","address_left_from":901,"address_left_to":949,"address_right_from":900,"address_right_to":948},"geometry":{"type":"LineString","coordinates":[[-87.80247,41.90158],[-87.80248,41.9018],[-87.8025,41.90236],[-87.80252,41.903],[-87.80253,41.90333]]}},{"type":"Feature","properties":{"street_name":"BELLEFORTE AVE","address_left_from":1281,"address_left_to":1299,"address_right_from":1280,"address_right_to":1298},"geometry":{"type":"LineString","coordinates":[[-87.80267,41.90842],[-87.80267,41.90853],[-87.80267,41.90862],[-87.80268,41.90872],[-87.80268,41.90874],[-87.80269,41.90892]]}},{"type":"Feature","properties":{"street_name":"S OAK PARK AVE","address_left_from":200,"address_left_to":240,"address_right_from":201,"address_right_to":247},"geometry":{"type":"LineString","coordinates":[[-87.79442,41.88504],[-87.79441,41.88495],[-87.7944,41.88446],[-87.79437,41.88366],[-87.79437,41.88345]]}},{"type":"Feature","properties":{"street_name":"S RIDGELAND AVE","address_left_from":400,"address_left_to":408,"address_right_from":401,"address_right_to":409},"geometry":{"type":"LineString","coordinates":[[-87.78451,41.88172],[-87.7845,41.88135],[-87.7845,41.88118]]}},{"type":"Feature","properties":{"street_name":"LE MOYNE PKWY","address_left_from":-1,"address_left_to":-1,"address_right_from":2,"address_right_to":26},"geometry":{"type":"LineString","coordinates":[[-87.77577,41.90744],[-87.77576,41.90745],[-87.77575,41.90746],[-87.77575,41.90747],[-87.77575,41.90749],[-87.77576,41.9075],[-87.77577,41.90752],[-87.77577,41.90752],[-87.77578,41.90753],[-87.77579,41.90753],[-87.77581,41.90754],[-87.77584,41.90754],[-87.77606,41.90754],[-87.77668,41.90753],[-87.77685,41.90753]]}},{"type":"Feature","properties":{"street_name":"I290 RAMP W","address_left_from":-1,"address_left_to":-1,"address_right_from":-1,"address_right_to":-1},"geometry":{"type":"LineString","coordinates":[[-87.77796,41.87137],[-87.77827,41.87146]]}},{"type":"Feature","properties":{"street_name":"S OAK PARK AVE","address_left_from":2,"address_left_to":98,"address_right_from":1,"address_right_to":99},"geometry":{"type":"LineString","coordinates":[[-87.79447,41.88711],[-87.79447,41.88707],[-87.79447,41.88702],[-87.79447,41.88699],[-87.79447,41.88689]]}},{"type":"Feature","properties":{"street_name":"LE MOYNE PKWY","address_left_from":-1,"address_left_to":-1,"address_right_from":100,"address_right_to":124},"geometry":{"type":"LineString","coordinates":[[-87.77816,41.90751],[-87.77833,41.90751],[-87.77913,41.9075],[-87.77946,41.90749]]}},{"type":"Feature","properties":{"street_name":"I290 RAMP W","address_left_from":-1,"address_left_to":-1,"address_right_from":-1,"address_right_to":-1},"geometry":{"type":"LineString","coordinates":[[-87.80148,41.87339],[-87.80192,41.87343],[-87.80247,41.87348]]}},{"type":"Feature","properties":{"street_name":"N RIDGELAND AVE","address_left_from":801,"address_left_to":853,"address_right_from":800,"address_right_to":850},"geometry":{"type":"LineString","coordinates":[[-87.78506,41.89989],[-87.78507,41.90002],[-87.78509,41.9007],[-87.7851,41.90107],[-87.7851,41.9013],[-87.785,41.90154],[-87.78491,41.90179]]}},{"type":"Feature","properties":{"street_name":"LE MOYNE PKWY","address_left_from":401,"address_left_to":413,"address_right_from":400,"address_right_to":412},"geometry":{"type":"LineString","coordinates":[[-87.78534,41.90731],[-87.78556,41.90731],[-87.78599,41.9073]]}},{"type":"Feature","properties":{"street_name":"S RIDGELAND AVE","address_left_from":600,"address_left_to":612,"address_right_from":601,"address_right_to":649},"geometry":{"type":"LineString","coordinates":[[-87.7844,41.87808],[-87.7844,41.87786],[-87.78436,41.8768],[-87.78435,41.87637]]}},{"type":"Feature","properties":{"street_name":"S RIDGELAND AVE","address_left_from":410,"address_left_to":434,"address_right_from":411,"address_right_to":435},"geometry":{"type":"LineString","coordinates":[[-87.7845,41.88118],[-87.78448,41.88046]]}},{"type":"Feature","properties":{"street_name":"N RIDGELAND AVE","address_left_from":101,"address_left_to":123,"address_right_from":100,"address_right_to":122},"geometry":{"type":"LineString","coordinates":[[-87.78468,41.88748],[-87.78469,41.88801],[-87.7847,41.88833]]}},{"type":"Feature","properties":{"street_name":"N GROVE AVE","address_left_from":1001,"address_left_to":1049,"address_right_from":1000,"address_right_to":1048},"geometry":{"type":"LineString","coordinates":[[-87.79641,41.90351],[-87.79641,41.90364],[-87.79642,41.90402],[-87.79645,41.90501],[-87.79645,41.90525]]}},{"type":"Feature","properties":{"street_name":"BELLEFORTE AVE","address_left_from":701,"address_left_to":709,"address_right_from":700,"address_right_to":708},"geometry":{"type":"LineString","coordinates":[[-87.80235,41.89793],[-87.80237,41.8984]]}},{"type":"Feature","properties":{"street_name":"N GROVE AVE","address_left_from":201,"address_left_to":229,"address_right_from":200,"address_right_to":228},"geometry":{"type":"LineString","coordinates":[[-87.79606,41.89019],[-87.79606,41.89029],[-87.79607,41.89064],[-87.79609,41.89117],[-87.79609,41.89124]]}},{"type":"Feature","properties":{"street_name":"S OAK PARK AVE","address_left_from":190,"address_left_to":198,"address_right_from":193,"address_right_to":199},"geometry":{"type":"LineString","coordinates":[[-87.79442,41.88519],[-87.79442,41.88504]]}},{"type":"Feature","properties":{"street_name":"N RIDGELAND AVE","address_left_from":201,"address_left_to":231,"address_right_from":200,"address_right_to":234},"geometry":{"type":"LineString","coordinates":[[-87.78476,41.89036],[-87.78476,41.89056],[-87.78479,41.89143],[-87.78479,41.89163]]}},{"type":"Feature","properties":{"street_name":"BELLEFORTE AVE","address_left_from":1001,"address_left_to":1049,"address_right_from":1000,"address_right_to":1048},"geometry":{"type":"LineString","coordinates":[[-87.80253,41.90341],[-87.80254,41.90359],[-87.80256,41.9044],[-87.80259,41.90517]]}},{"type":"Feature","properties":{"street_name":"N RIDGELAND AVE","address_left_from":1241,"address_left_to":1299,"address_right_from":1240,"address_right_to":1298},"geometry":{"type":"LineString","coordinates":[[-87.78335,41.90866],[-87.78336,41.90873],[-87.78336,41.90888],[-87.78337,41.90902],[-87.78337,41.90909],[-87.78337,41.90912],[-87.78337,41.90914],[-87.78337,41.90916]]}},{"type":"Feature","properties":{"street_name":"LE MOYNE PKWY","address_left_from":969,"address_left_to":999,"address_right_from":968,"address_right_to":998},"geometry":{"type":"LineString","coordinates":[[-87.80036,41.90712],[-87.80069,41.90711],[-87.80112,41.90711]]}},{"type":"Feature","properties":{"street_name":"N GROVE AVE","address_left_from":501,"address_left_to":547,"address_right_from":500,"address_right_to":546},"geometry":{"type":"LineString","coordinates":[[-87.79617,41.89438],[-87.79619,41.89491],[-87.79622,41.8961]]}},{"type":"Feature","properties":{"street_name":"LE MOYNE PKWY","address_left_from":25,"address_left_to":53,"address_right_from":-1,"address_right_to":-1},"geometry":{"type":"LineString","coordinates":[[-87.77685,41.90741],[-87.77728,41.9074],[-87.77804,41.90739]]}},{"type":"Feature","properties":{"street_name":"S OAK PARK AVE","address_left_from":242,"address_left_to":298,"address_right_from":249,"address_right_to":299},"geometry":{"type":"LineString","coordinates":[[-87.79437,41.88345],[-87.79436,41.8833]]}},{"type":"Feature","properties":{"street_name":"LE MOYNE PKWY","address_left_from":613,"address_left_to":619,"address_right_from":612,"address_right_to":618},"geometry":{"type":"LineString","coordinates":[[-87.79077,41.90724],[-87.79097,41.90724],[-87.79137,41.90724]]}},{"type":"Feature","properties":{"street_name":"N RIDGELAND AVE","address_left_from":139,"address_left_to":143,"address_right_from":140,"address_right_to":142},"geometry":{"type":"LineString","coordinates":[[-87.78472,41.88886],[-87.78472,41.88905]]}},{"type":"Feature","properties":{"street_name":"MONROE ST","address_left_from":1001,"address_left_to":1025,"address_right_from":1000,"address_right_to":1024},"geometry":{"type":"LineString","coordinates":[[-87.79982,41.87825],[-87.80012,41.87825],[-87.80043,41.87824]]}},{"type":"Feature","properties":{"street_name":"LE MOYNE PKWY","address_left_from":1153,"address_left_to":1199,"address_right_from":1152,"address_right_to":1198},"geometry":{"type":"LineString","coordinates":[[-87.80495,41.90705],[-87.80535,41.90704],[-87.8057,41.90704],[-87.80572,41.90704]]}},{"type":"Feature","properties":{"street_name":"LE MOYNE PKWY","address_left_from":201,"address_left_to":229,"address_right_from":-1,"address_right_to":-1},"geometry":{"type":"LineString","coordinates":[[-87.78076,41.90736],[-87.78104,41.90736],[-87.78176,41.90735],[-87.78206,41.90735]]}},{"type":"Feature","properties":{"street_name":"MONROE ST","address_left_from":991,"address_left_to":999,"address_right_from":990,"address_right_to":998},"geometry":{"type":"LineString","coordinates":[[-87.7995,41.87826],[-87.79958,41.87826],[-87.79982,41.87825]]}},{"type":"Feature","properties":{"street_name":"I290 RAMP W","address_left_from":-1,"address_left_to":-1,"address_right_from":-1,"address_right_to":-1},"geometry":{"type":"LineString","coordinates":[[-87.7992,41.87323],[-87.8005,41.8733]]}},{"type":"Feature","properties":{"street_name":"S RIDGELAND AVE","address_left_from":930,"address_left_to":946,"address_right_from":931,"address_right_to":945},"geometry":{"type":"LineString","coordinates":[[-87.78418,41.87167],[-87.78417,41.87151],[-87.78417,41.87149],[-87.78417,41.87124],[-87.78416,41.87103]]}},{"type":"Feature","properties":{"street_name":"S RIDGELAND AVE","address_left_from":200,"address_left_to":246,"address_right_from":201,"address_right_to":247},"geometry":{"type":"LineString","coordinates":[[-87.78461,41.88521],[-87.7846,41.88477],[-87.78458,41.88399],[-87.78457,41.88356]]}},{"type":"Feature","properties":{"street_name":"LE MOYNE PKWY","address_left_from":415,"address_left_to":425,"address_right_from":414,"address_right_to":424},"geometry":{"type":"LineString","coordinates":[[-87.78469,41.90732],[-87.78501,41.90732],[-87.78534,41.90731]]}},{"type":"Feature","properties":{"street_name":"S RIDGELAND AVE","address_left_from":700,"address_left_to":798,"address_right_from":701,"address_right_to":799},"geometry":{"type":"LineString","coordinates":[[-87.78434,41.87628],[-87.78434,41.87614],[-87.7843,41.8752],[-87.78428,41.8746],[-87.78428,41.87446]]}},{"type":"Feature","properties":{"street_name":"N HARLEM AVE","address_left_from":-1,"address_left_to":-1,"address_right_from":301,"address_right_to":309},"geometry":{"type":"LineString","coordinates":[[-87.80494,41.88541],[-87.8049,41.88551],[-87.80491,41.88585],[-87.80496,41.88588]]}},{"type":"Feature","properties":{"street_name":"N GROVE AVE","address_left_from":1101,"address_left_to":1149,"address_right_from":1100,"address_right_to":1148},"geometry":{"type":"LineString","coordinates":[[-87.79646,41.90534],[-87.79646,41.90545],[-87.79647,41.90595],[-87.79649,41.9065],[-87.7965,41.90708]]}},{"type":"Feature","properties":{"street_name":"LE MOYNE PKWY","address_left_from":101,"address_left_to":125,"address_right_from":-1,"address_right_to":-1},"geometry":{"type":"LineString","coordinates":[[-87.77815,41.90739],[-87.77863,41.90738],[-87.77916,41.90738],[-87.77946,41.90737]]}},{"type":"Feature","properties":{"street_name":"N GROVE AVE","address_left_from":801,"address_left_to":849,"address_right_from":800,"address_right_to":848},"geometry":{"type":"LineString","coordinates":[[-87.79632,41.89986],[-87.79632,41.90005],[-87.79635,41.90102],[-87.79636,41.90149],[-87.79636,41.90159]]}},{"type":"Feature","properties":{"street_name":"I290 RAMP W","address_left_from":-1,"address_left_to":-1,"address_right_from":-1,"address_right_to":-1},"geometry":{"type":"LineString","coordinates":[[-87.77433,41.87113],[-87.77468,41.87115],[-87.77503,41.87116]]}},{"type":"Feature","properties":{"street_name":"LE MOYNE PKWY","address_left_from":829,"address_left_to":861,"address_right_from":828,"address_right_to":860},"geometry":{"type":"LineString","coordinates":[[-87.79651,41.90717],[-87.79667,41.90717],[-87.79724,41.90716]]}},{"type":"Feature","properties":{"street_name":"LE MOYNE PKWY","address_left_from":-1,"address_left_to":-1,"address_right_from":126,"address_right_to":154},"geometry":{"type":"LineString","coordinates":[[-87.77946,41.90749],[-87.77977,41.90749],[-87.78065,41.90748]]}},{"type":"Feature","properties":{"street_name":"S RIDGELAND AVE","address_left_from":2,"address_left_to":98,"address_right_from":1,"address_right_to":99},"geometry":{"type":"LineString","coordinates":[[-87.78467,41.88725],[-87.78467,41.88721],[-87.78467,41.88712],[-87.78466,41.88696]]}},{"type":"Feature","properties":{"street_name":"S OAK PARK AVE","address_left_from":800,"address_left_to":842,"address_right_from":801,"address_right_to":845},"geometry":{"type":"LineString","coordinates":[[-87.79407,41.87429],[-87.79406,41.87405],[-87.79403,41.8733],[-87.79402,41.87291],[-87.79401,41.87281]]}},{"type":"Feature","properties":{"street_name":"LE MOYNE PKWY","address_left_from":1031,"address_left_to":1065,"address_right_from":1030,"address_right_to":1064},"geometry":{"type":"LineString","coordinates":[[-87.80266,41.90708],[-87.80305,41.90708],[-87.80341,41.90707]]}},{"type":"Feature","properties":{"street_name":"LE MOYNE PKWY","address_left_from":355,"address_left_to":399,"address_right_from":354,"address_right_to":398},"geometry":{"type":"LineString","coordinates":[[-87.78404,41.90733],[-87.7844,41.90732],[-87.78469,41.90732]]}},{"type":"Feature","properties":{"street_name":"LAKE ST","address_left_from":-1,"address_left_to":-1,"address_right_from":-1,"address_right_to":-1},"geometry":{"type":"LineString","coordinates":[[-87.77493,41.88803],[-87.77493,41.88803]]}},{"type":"Feature","properties":{"street_name":"LAKE ST","address_left_from":951,"address_left_to":959,"address_right_from":950,"address_right_to":958},"geometry":{"type":"LineString","coordinates":[[-87.79991,41.88868],[-87.80017,41.88867]]}},{"type":"Feature","properties":{"street_name":"LAKE ST","address_left_from":1133,"address_left_to":1145,"address_right_from":1132,"address_right_to":1146},"geometry":{"type":"LineString","coordinates":[[-87.80405,41.8886],[-87.80473,41.88859],[-87.80493,41.88859]]}},{"type":"Feature","properties":{"street_name":"N GROVE AVE","address_left_from":701,"address_left_to":747,"address_right_from":700,"address_right_to":746},"geometry":{"type":"LineString","coordinates":[[-87.79627,41.89804],[-87.79627,41.89818],[-87.79629,41.89889],[-87.79631,41.89964],[-87.79631,41.89977]]}},{"type":"Feature","properties":{"street_name":"N HARLEM AVE","address_left_from":-1,"address_left_to":-1,"address_right_from":311,"address_right_to":349},"geometry":{"type":"LineString","coordinates":[[-87.80496,41.88588],[-87.80491,41.88593],[-87.80494,41.8865],[-87.80498,41.88657]]}},{"type":"Feature","properties":{"street_name":"N RIDGELAND AVE","address_left_from":1001,"address_left_to":1019,"address_right_from":1000,"address_right_to":1002},"geometry":{"type":"LineString","coordinates":[[-87.78418,41.9038],[-87.78414,41.90395],[-87.78399,41.90438],[-87.78387,41.90476]]}},{"type":"Feature","properties":{"street_name":"S OAK PARK AVE","address_left_from":500,"address_left_to":504,"address_right_from":501,"address_right_to":505},"geometry":{"type":"LineString","coordinates":[[-87.79426,41.87977],[-87.79425,41.87956],[-87.79424,41.87929]]}},{"type":"Feature","properties":{"street_name":"LE MOYNE PKWY","address_left_from":817,"address_left_to":827,"address_right_from":816,"address_right_to":826},"geometry":{"type":"LineString","coordinates":[[-87.79576,41.90718],[-87.79617,41.90717],[-87.79651,41.90717]]}},{"type":"Feature","properties":{"street_name":"S OAK PARK AVE","address_left_from":100,"address_left_to":122,"address_right_from":101,"address_right_to":129},"geometry":{"type":"LineString","coordinates":[[-87.79447,41.88689],[-87.79446,41.88662],[-87.79445,41.8863]]}},{"type":"Feature","properties":{"street_name":"LE MOYNE PKWY","address_left_from":701,"address_left_to":715,"address_right_from":700,"address_right_to":714},"geometry":{"type":"LineString","coordinates":[[-87.79319,41.90721],[-87.79348,41.90721],[-87.7938,41.90721]]}},{"type":"Feature","properties":{"street_name":"I290 RAMP W","address_left_from":-1,"address_left_to":-1,"address_right_from":-1,"address_right_to":-1},"geometry":{"type":"LineString","coordinates":[[-87.79916,41.87323],[-87.79897,41.87322]]}},{"type":"Feature","properties":{"street_name":"S RIDGELAND AVE","address_left_from":300,"address_left_to":328,"address_right_from":301,"address_right_to":329},"geometry":{"type":"LineString","coordinates":[[-87.78456,41.88345],[-87.78455,41.88302],[-87.78453,41.88226]]}},{"type":"Feature","properties":{"street_name":"LE MOYNE PKWY","address_left_from":567,"address_left_to":599,"address_right_from":566,"address_right_to":598},"geometry":{"type":"LineString","coordinates":[[-87.78871,41.90727],[-87.78903,41.90727],[-87.78944,41.90726]]}},{"type":"Feature","properties":{"street_name":"LE MOYNE PKWY","address_left_from":931,"address_left_to":967,"address_right_from":930,"address_right_to":966},"geometry":{"type":"LineString","coordinates":[[-87.79955,41.90713],[-87.79996,41.90712],[-87.80036,41.90712]]}},{"type":"Feature","properties":{"street_name":"LE MOYNE PKWY","address_left_from":529,"address_left_to":565,"address_right_from":528,"address_right_to":564},"geometry":{"type":"LineString","coordinates":[[-87.78944,41.90726],[-87.78967,41.90726],[-87.79016,41.90725]]}},{"type":"Feature","properties":{"street_name":"LE MOYNE PKWY","address_left_from":231,"address_left_to":275,"address_right_from":230,"address_right_to":274},"geometry":{"type":"LineString","coordinates":[[-87.78206,41.90735],[-87.78253,41.90735],[-87.78268,41.90735]]}},{"type":"Feature","properties":{"street_name":"N HARLEM AVE","address_left_from":-1,"address_left_to":-1,"address_right_from":221,"address_right_to":299},"geometry":{"type":"LineString","coordinates":[[-87.8049,41.88429],[-87.80485,41.88442],[-87.80489,41.88534],[-87.80494,41.88541]]}},{"type":"Feature","properties":{"street_name":"I290 RAMP W","address_left_from":-1,"address_left_to":-1,"address_right_from":-1,"address_right_to":-1},"geometry":{"type":"LineString","coordinates":[[-87.80365,41.8736],[-87.80413,41.87365],[-87.80452,41.87368]]}},{"type":"Feature","properties":{"street_name":"WASHINGTON BLVD","address_left_from":1,"address_left_to":35,"address_right_from":2,"address_right_to":34},"geometry":{"type":"LineString","coordinates":[[-87.77473,41.88211],[-87.77473,41.88211],[-87.77501,41.88211],[-87.77581,41.88209],[-87.77636,41.88208]]}},{"type":"Feature","properties":{"street_name":"BELLEFORTE AVE","address_left_from":711,"address_left_to":749,"address_right_from":710,"address_right_to":746},"geometry":{"type":"LineString","coordinates":[[-87.80237,41.8984],[-87.80237,41.8986],[-87.8024,41.89945],[-87.80241,41.89966]]}},{"type":"Feature","properties":{"street_name":"S CUYLER AVE","address_left_from":1188,"address_left_to":1198,"address_right_from":1189,"address_right_to":1199},"geometry":{"type":"LineString","coordinates":[[-87.78275,41.8658],[-87.78274,41.86542],[-87.78272,41.86536]]}},{"type":"Feature","properties":{"street_name":"CHESTNUT LN","address_left_from":400,"address_left_to":408,"address_right_from":401,"address_right_to":409},"geometry":{"type":"LineString","coordinates":[[-87.80075,41.88147],[-87.80074,41.88132],[-87.80073,41.88087]]}},{"type":"Feature","properties":{"street_name":"COLUMBIAN AVE","address_left_from":901,"address_left_to":951,"address_right_from":900,"address_right_to":952},"geometry":{"type":"LineString","coordinates":[[-87.79122,41.90177],[-87.79122,41.90193],[-87.79123,41.90244],[-87.79126,41.90341],[-87.79127,41.9036]]}},{"type":"Feature","properties":{"street_name":"LE MOYNE PKWY","address_left_from":917,"address_left_to":929,"address_right_from":916,"address_right_to":928},"geometry":{"type":"LineString","coordinates":[[-87.79886,41.90714],[-87.79913,41.90713],[-87.79955,41.90713]]}},{"type":"Feature","properties":{"street_name":"N HUMPHREY AVE","address_left_from":901,"address_left_to":951,"address_right_from":900,"address_right_to":950},"geometry":{"type":"LineString","coordinates":[[-87.77659,41.90199],[-87.77659,41.90199],[-87.77659,41.90224],[-87.77664,41.90371],[-87.77665,41.90382]]}},{"type":"Feature","properties":{"street_name":"LE MOYNE PKWY","address_left_from":465,"address_left_to":499,"address_right_from":464,"address_right_to":498},"geometry":{"type":"LineString","coordinates":[[-87.78664,41.9073],[-87.78688,41.90729],[-87.78729,41.90729]]}},{"type":"Feature","properties":{"street_name":"MADISON ST","address_left_from":531,"address_left_to":551,"address_right_from":510,"address_right_to":546},"geometry":{"type":"LineString","coordinates":[[-87.78814,41.87987],[-87.78922,41.87985]]}},{"type":"Feature","properties":{"street_name":"CHESTNUT LN","address_left_from":316,"address_left_to":332,"address_right_from":317,"address_right_to":333},"geometry":{"type":"LineString","coordinates":[[-87.80079,41.88269],[-87.80078,41.88251],[-87.80077,41.88208]]}},{"type":"Feature","properties":{"street_name":"MADISON ST","address_left_from":401,"address_left_to":409,"address_right_from":400,"address_right_to":408},"geometry":{"type":"LineString","coordinates":[[-87.78446,41.87993],[-87.78509,41.87992]]}},{"type":"Feature","properties":{"street_name":"I290 RAMP W","address_left_from":-1,"address_left_to":-1,"address_right_from":-1,"address_right_to":-1},"geometry":{"type":"LineString","coordinates":[[-87.77678,41.87127],[-87.77696,41.87129],[-87.77738,41.87132],[-87.77796,41.87137]]}},{"type":"Feature","properties":{"street_name":"S CUYLER AVE","address_left_from":100,"address_left_to":108,"address_right_from":101,"address_right_to":109},"geometry":{"type":"LineString","coordinates":[[-87.78301,41.88697],[-87.78301,41.88648]]}},{"type":"Feature","properties":{"street_name":"S CUYLER AVE","address_left_from":400,"address_left_to":418,"address_right_from":401,"address_right_to":419},"geometry":{"type":"LineString","coordinates":[[-87.78288,41.88175],[-87.78286,41.88123]]}},{"type":"Feature","properties":{"street_name":"N HUMPHREY AVE","address_left_from":135,"address_left_to":179,"address_right_from":132,"address_right_to":180},"geometry":{"type":"LineString","coordinates":[[-87.77657,41.88869],[-87.77657,41.88878],[-87.77661,41.88984],[-87.77662,41.89028],[-87.77662,41.89039]]}},{"type":"Feature","properties":{"street_name":"MADISON ST","address_left_from":27,"address_left_to":35,"address_right_from":26,"address_right_to":34},"geometry":{"type":"LineString","coordinates":[[-87.77589,41.88007],[-87.77629,41.88006]]}},{"type":"Feature","properties":{"street_name":"S CUYLER AVE","address_left_from":510,"address_left_to":546,"address_right_from":511,"address_right_to":547},"geometry":{"type":"LineString","coordinates":[[-87.78322,41.87946],[-87.7832,41.87904],[-87.78318,41.87833],[-87.78318,41.87819]]}},{"type":"Feature","properties":{"street_name":"WESLEY AVE","address_left_from":400,"address_left_to":432,"address_right_from":401,"address_right_to":433},"geometry":{"type":"LineString","coordinates":[[-87.79105,41.88161],[-87.79104,41.88137],[-87.79102,41.88049],[-87.79101,41.88034]]}},{"type":"Feature","properties":{"street_name":"WESLEY AVE","address_left_from":800,"address_left_to":834,"address_right_from":801,"address_right_to":837},"geometry":{"type":"LineString","coordinates":[[-87.79162,41.87433],[-87.79161,41.87392],[-87.79158,41.87296]]}},{"type":"Feature","properties":{"street_name":"WESLEY AVE","address_left_from":1194,"address_left_to":1198,"address_right_from":1195,"address_right_to":1199},"geometry":{"type":"LineString","coordinates":[[-87.79133,41.86552],[-87.79132,41.86521]]}},{"type":"Feature","properties":{"street_name":"MADISON ST","address_left_from":115,"address_left_to":119,"address_right_from":100,"address_right_to":106},"geometry":{"type":"LineString","coordinates":[[-87.77793,41.88004],[-87.77832,41.88003]]}},{"type":"Feature","properties":{"street_name":"MADISON ST","address_left_from":201,"address_left_to":219,"address_right_from":200,"address_right_to":220},"geometry":{"type":"LineString","coordinates":[[-87.77956,41.88002],[-87.7801,41.88],[-87.78058,41.87999],[-87.7808,41.87999]]}},{"type":"Feature","properties":{"street_name":"N EAST AVE","address_left_from":601,"address_left_to":645,"address_right_from":600,"address_right_to":644},"geometry":{"type":"LineString","coordinates":[[-87.78983,41.89632],[-87.78983,41.89642],[-87.78984,41.89664],[-87.78986,41.89715],[-87.78988,41.89797],[-87.78988,41.89804]]}},{"type":"Feature","properties":{"street_name":"S CUYLER AVE","address_left_from":420,"address_left_to":436,"address_right_from":421,"address_right_to":437},"geometry":{"type":"LineString","coordinates":[[-87.78284,41.88049],[-87.78283,41.88012]]}},{"type":"Feature","properties":{"street_name":"N HUMPHREY AVE","address_left_from":425,"address_left_to":435,"address_right_from":424,"address_right_to":434},"geometry":{"type":"LineString","coordinates":[[-87.77674,41.89415],[-87.77675,41.89445],[-87.77676,41.89459]]}},{"type":"Feature","properties":{"street_name":"WASHINGTON BLVD","address_left_from":701,"address_left_to":715,"address_right_from":700,"address_right_to":714},"geometry":{"type":"LineString","coordinates":[[-87.79267,41.88158],[-87.79323,41.88157],[-87.79348,41.88157]]}},{"type":"Feature","properties":{"street_name":"PENNSYLVANIA WAY","address_left_from":460,"address_left_to":498,"address_right_from":461,"address_right_to":499},"geometry":{"type":"LineString","coordinates":[[-87.80152,41.87994],[-87.80152,41.87965]]}},{"type":"Feature","properties":{"street_name":"MADISON ST","address_left_from":501,"address_left_to":509,"address_right_from":470,"address_right_to":490},"geometry":{"type":"LineString","coordinates":[[-87.78693,41.87989],[-87.78744,41.87988]]}},{"type":"Feature","properties":{"street_name":"N EAST AVE","address_left_from":1241,"address_left_to":1299,"address_right_from":1240,"address_right_to":1298},"geometry":{"type":"LineString","coordinates":[[-87.7902,41.90858],[-87.7902,41.90867],[-87.79021,41.90883],[-87.79021,41.90894],[-87.79021,41.90908]]}},{"type":"Feature","properties":{"street_name":"MADISON ST","address_left_from":1,"address_left_to":25,"address_right_from":2,"address_right_to":24},"geometry":{"type":"LineString","coordinates":[[-87.77466,41.88009],[-87.77466,41.88009],[-87.7755,41.88007],[-87.77589,41.88007]]}},{"type":"Feature","properties":{"street_name":"WASHINGTON BLVD","address_left_from":843,"address_left_to":855,"address_right_from":842,"address_right_to":860},"geometry":{"type":"LineString","coordinates":[[-87.79632,41.88158],[-87.79676,41.88157],[-87.79686,41.88156]]}},{"type":"Feature","properties":{"street_name":"MADISON ST","address_left_from":901,"address_left_to":919,"address_right_from":908,"address_right_to":922},"geometry":{"type":"LineString","coordinates":[[-87.79737,41.87972],[-87.79741,41.87972],[-87.79798,41.87971],[-87.79811,41.87971]]}},{"type":"Feature","properties":{"street_name":"MADISON ST","address_left_from":1131,"address_left_to":1139,"address_right_from":1130,"address_right_to":1138},"geometry":{"type":"LineString","coordinates":[[-87.80387,41.87962],[-87.80413,41.87963],[-87.8045,41.87965]]}},{"type":"Feature","properties":{"street_name":"MADISON ST","address_left_from":845,"address_left_to":849,"address_right_from":844,"address_right_to":852},"geometry":{"type":"LineString","coordinates":[[-87.79629,41.87974],[-87.79664,41.87973],[-87.79667,41.87973]]}},{"type":"Feature","properties":{"street_name":"COLUMBIAN AVE","address_left_from":1239,"address_left_to":1299,"address_right_from":1240,"address_right_to":1298},"geometry":{"type":"LineString","coordinates":[[-87.79141,41.90856],[-87.79141,41.90857],[-87.79142,41.90867],[-87.79142,41.90883],[-87.79142,41.90892],[-87.79143,41.90906]]}},{"type":"Feature","properties":{"street_name":"S CUYLER AVE","address_left_from":336,"address_left_to":346,"address_right_from":337,"address_right_to":347},"geometry":{"type":"LineString","coordinates":[[-87.78289,41.88222],[-87.78288,41.88184]]}},{"type":"Feature","properties":{"street_name":"MADISON ST","address_left_from":41,"address_left_to":99,"address_right_from":40,"address_right_to":44},"geometry":{"type":"LineString","coordinates":[[-87.77651,41.88006],[-87.77711,41.88005]]}},{"type":"Feature","properties":{"street_name":"MADISON ST","address_left_from":1141,"address_left_to":1199,"address_right_from":1140,"address_right_to":1198},"geometry":{"type":"LineString","coordinates":[[-87.8045,41.87965],[-87.80456,41.87965],[-87.80473,41.87966]]}},{"type":"Feature","properties":{"street_name":"WASHINGTON BLVD","address_left_from":631,"address_left_to":649,"address_right_from":630,"address_right_to":648},"geometry":{"type":"LineString","coordinates":[[-87.79105,41.88161],[-87.79128,41.8816],[-87.79186,41.88159]]}},{"type":"Feature","properties":{"street_name":"MADISON ST","address_left_from":109,"address_left_to":113,"address_right_from":64,"address_right_to":98},"geometry":{"type":"LineString","coordinates":[[-87.7777,41.88004],[-87.77793,41.88004]]}},{"type":"Feature","properties":{"street_name":"WESLEY AVE","address_left_from":512,"address_left_to":544,"address_right_from":513,"address_right_to":547},"geometry":{"type":"LineString","coordinates":[[-87.79179,41.87928],[-87.79176,41.87851],[-87.79175,41.87807]]}},{"type":"Feature","properties":{"street_name":"S CUYLER AVE","address_left_from":600,"address_left_to":646,"address_right_from":601,"address_right_to":649},"geometry":{"type":"LineString","coordinates":[[-87.78317,41.8781],[-87.78316,41.87786],[-87.78314,41.8773],[-87.78312,41.87677],[-87.78312,41.87639]]}},{"type":"Feature","properties":{"street_name":"PENNSYLVANIA WAY","address_left_from":400,"address_left_to":414,"address_right_from":401,"address_right_to":415},"geometry":{"type":"LineString","coordinates":[[-87.80156,41.88146],[-87.80156,41.88127],[-87.80155,41.88099],[-87.80154,41.88085]]}},{"type":"Feature","properties":{"street_name":"N HUMPHREY AVE","address_left_from":117,"address_left_to":129,"address_right_from":116,"address_right_to":126},"geometry":{"type":"LineString","coordinates":[[-87.77655,41.88808],[-87.77656,41.88828],[-87.77657,41.88863]]}},{"type":"Feature","properties":{"street_name":"MADISON ST","address_left_from":517,"address_left_to":529,"address_right_from":500,"address_right_to":508},"geometry":{"type":"LineString","coordinates":[[-87.78773,41.87988],[-87.78793,41.87988],[-87.78814,41.87987]]}},{"type":"Feature","properties":{"street_name":"WASHINGTON BLVD","address_left_from":931,"address_left_to":949,"address_right_from":930,"address_right_to":944},"geometry":{"type":"LineString","coordinates":[[-87.79846,41.88151],[-87.79879,41.8815],[-87.7992,41.8815]]}},{"type":"Feature","properties":{"street_name":"WASHINGTON BLVD","address_left_from":101,"address_left_to":199,"address_right_from":100,"address_right_to":198},"geometry":{"type":"LineString","coordinates":[[-87.77799,41.88206],[-87.77827,41.88205],[-87.77881,41.88204],[-87.77916,41.88204],[-87.77929,41.88204],[-87.77942,41.88202],[-87.77948,41.88201],[-87.77952,41.88199],[-87.77958,41.88196],[-87.77962,41.88193]]}},{"type":"Feature","properties":{"street_name":"WASHINGTON BLVD","address_left_from":235,"address_left_to":269,"address_right_from":236,"address_right_to":268},"geometry":{"type":"LineString","coordinates":[[-87.78125,41.88177],[-87.78162,41.88177],[-87.78255,41.88175],[-87.78274,41.88175]]}},{"type":"Feature","properties":{"street_name":"S CUYLER AVE","address_left_from":836,"address_left_to":846,"address_right_from":837,"address_right_to":847},"geometry":{"type":"LineString","coordinates":[[-87.783,41.87311],[-87.78299,41.87282],[-87.78299,41.87275]]}},{"type":"Feature","properties":{"street_name":"S CUYLER AVE","address_left_from":300,"address_left_to":334,"address_right_from":301,"address_right_to":335},"geometry":{"type":"LineString","coordinates":[[-87.78293,41.88353],[-87.78292,41.88315],[-87.7829,41.88255],[-87.78289,41.88222]]}},{"type":"Feature","properties":{"street_name":"MADISON ST","address_left_from":1101,"address_left_to":1129,"address_right_from":1100,"address_right_to":1128},"geometry":{"type":"LineString","coordinates":[[-87.80232,41.87964],[-87.80282,41.87963],[-87.80359,41.87961],[-87.80387,41.87962]]}},{"type":"Feature","properties":{"street_name":"MADISON ST","address_left_from":423,"address_left_to":433,"address_right_from":426,"address_right_to":434},"geometry":{"type":"LineString","coordinates":[[-87.78569,41.87991],[-87.78628,41.8799]]}},{"type":"Feature","properties":{"street_name":"WASHINGTON BLVD","address_left_from":601,"address_left_to":613,"address_right_from":600,"address_right_to":612},"geometry":{"type":"LineString","coordinates":[[-87.78941,41.88164],[-87.78986,41.88163],[-87.79023,41.88162]]}},{"type":"Feature","properties":{"street_name":"WASHINGTON BLVD","address_left_from":217,"address_left_to":233,"address_right_from":218,"address_right_to":234},"geometry":{"type":"LineString","coordinates":[[-87.78043,41.88178],[-87.78091,41.88178],[-87.78125,41.88177]]}},{"type":"Feature","properties":{"street_name":"N HUMPHREY AVE","address_left_from":401,"address_left_to":423,"address_right_from":400,"address_right_to":422},"geometry":{"type":"LineString","coordinates":[[-87.77671,41.89322],[-87.77672,41.89341],[-87.77674,41.89415]]}},{"type":"Feature","properties":{"street_name":"WESLEY AVE","address_left_from":836,"address_left_to":848,"address_right_from":839,"address_right_to":849},"geometry":{"type":"LineString","coordinates":[[-87.79158,41.87296],[-87.79156,41.87264]]}},{"type":"Feature","properties":{"street_name":"WASHINGTON BLVD","address_left_from":951,"address_left_to":961,"address_right_from":946,"address_right_to":952},"geometry":{"type":"LineString","coordinates":[[-87.7992,41.8815],[-87.79961,41.88149],[-87.79982,41.88149]]}},{"type":"Feature","properties":{"street_name":"WESLEY AVE","address_left_from":930,"address_left_to":998,"address_right_from":931,"address_right_to":999},"geometry":{"type":"LineString","coordinates":[[-87.79153,41.87141],[-87.79152,41.87127],[-87.79151,41.87088],[-87.79151,41.87068]]}},{"type":"Feature","properties":{"street_name":"MADISON ST","address_left_from":751,"address_left_to":799,"address_right_from":732,"address_right_to":798},"geometry":{"type":"LineString","coordinates":[[-87.79414,41.87977],[-87.79426,41.87977]]}},{"type":"Feature","properties":{"street_name":"WASHINGTON BLVD","address_left_from":1101,"address_left_to":1117,"address_right_from":1100,"address_right_to":1116},"geometry":{"type":"LineString","coordinates":[[-87.80237,41.88144],[-87.80297,41.88143],[-87.80314,41.88143]]}},{"type":"Feature","properties":{"street_name":"WESLEY AVE","address_left_from":100,"address_left_to":110,"address_right_from":101,"address_right_to":111},"geometry":{"type":"LineString","coordinates":[[-87.79119,41.88692],[-87.79118,41.88636]]}},{"type":"Feature","properties":{"street_name":"COLUMBIAN AVE","address_left_from":1201,"address_left_to":1237,"address_right_from":1200,"address_right_to":1238},"geometry":{"type":"LineString","coordinates":[[-87.79137,41.90724],[-87.79138,41.9076],[-87.7914,41.90818],[-87.79141,41.90856]]}},{"type":"Feature","properties":{"street_name":"WASHINGTON BLVD","address_left_from":717,"address_left_to":719,"address_right_from":716,"address_right_to":722},"geometry":{"type":"LineString","coordinates":[[-87.79348,41.88157],[-87.79419,41.88157]]}},{"type":"Feature","properties":{"street_name":"N HUMPHREY AVE","address_left_from":1129,"address_left_to":1199,"address_right_from":1130,"address_right_to":1198},"geometry":{"type":"LineString","coordinates":[[-87.77684,41.90698],[-87.77684,41.90718],[-87.77685,41.90741]]}},{"type":"Feature","properties":{"street_name":"N HUMPHREY AVE","address_left_from":601,"address_left_to":649,"address_right_from":600,"address_right_to":648},"geometry":{"type":"LineString","coordinates":[[-87.77682,41.89652],[-87.77684,41.89739],[-87.77687,41.89825]]}},{"type":"Feature","properties":{"street_name":"MADISON ST","address_left_from":691,"address_left_to":699,"address_right_from":670,"address_right_to":698},"geometry":{"type":"LineString","coordinates":[[-87.79187,41.87981],[-87.79262,41.87979]]}},{"type":"Feature","properties":{"street_name":"N HUMPHREY AVE","address_left_from":1001,"address_left_to":1053,"address_right_from":1000,"address_right_to":1052},"geometry":{"type":"LineString","coordinates":[[-87.77665,41.90391],[-87.77666,41.90408],[-87.7767,41.90538],[-87.77672,41.90579]]}},{"type":"Feature","properties":{"street_name":"N EAST AVE","address_left_from":501,"address_left_to":545,"address_right_from":500,"address_right_to":548},"geometry":{"type":"LineString","coordinates":[[-87.78977,41.89449],[-87.78978,41.8948],[-87.7898,41.89542],[-87.78982,41.89607],[-87.78983,41.89624]]}},{"type":"Feature","properties":{"street_name":"MADISON ST","address_left_from":127,"address_left_to":199,"address_right_from":136,"address_right_to":198},"geometry":{"type":"LineString","coordinates":[[-87.77943,41.88003],[-87.77956,41.88002]]}},{"type":"Feature","properties":{"street_name":"WESLEY AVE","address_left_from":900,"address_left_to":928,"address_right_from":901,"address_right_to":929},"geometry":{"type":"LineString","coordinates":[[-87.79154,41.87182],[-87.79153,41.87141]]}},{"type":"Feature","properties":{"street_name":"WASHINGTON BLVD","address_left_from":201,"address_left_to":215,"address_right_from":200,"address_right_to":214},"geometry":{"type":"LineString","coordinates":[[-87.77962,41.88193],[-87.77969,41.88187],[-87.77977,41.88183],[-87.77983,41.88181],[-87.77989,41.8818],[-87.7802,41.88179],[-87.78043,41.88178]]}},{"type":"Feature","properties":{"street_name":"S CUYLER AVE","address_left_from":800,"address_left_to":834,"address_right_from":801,"address_right_to":835},"geometry":{"type":"LineString","coordinates":[[-87.78305,41.87448],[-87.78304,41.87424],[-87.78301,41.87322],[-87.783,41.87311]]}},{"type":"Feature","properties":{"street_name":"WASHINGTON BLVD","address_left_from":301,"address_left_to":331,"address_right_from":300,"address_right_to":332},"geometry":{"type":"LineString","coordinates":[[-87.78288,41.88175],[-87.78325,41.88174],[-87.7843,41.88173],[-87.78437,41.88172]]}},{"type":"Feature","properties":{"street_name":"MADISON ST","address_left_from":831,"address_left_to":833,"address_right_from":824,"address_right_to":832},"geometry":{"type":"LineString","coordinates":[[-87.79545,41.87975],[-87.79558,41.87975]]}},{"type":"Feature","properties":{"street_name":"N HUMPHREY AVE","address_left_from":1237,"address_left_to":1299,"address_right_from":1234,"address_right_to":1298},"geometry":{"type":"LineString","coordinates":[[-87.7769,41.90875],[-87.7769,41.90889],[-87.7769,41.90894],[-87.77691,41.90904],[-87.77691,41.90924]]}},{"type":"Feature","properties":{"street_name":"MADISON ST","address_left_from":1027,"address_left_to":1039,"address_right_from":1026,"address_right_to":1038},"geometry":{"type":"LineString","coordinates":[[-87.80109,41.87966],[-87.80144,41.87965],[-87.80152,41.87965]]}},{"type":"Feature","properties":{"street_name":"MADISON ST","address_left_from":835,"address_left_to":843,"address_right_from":834,"address_right_to":842},"geometry":{"type":"LineString","coordinates":[[-87.79558,41.87975],[-87.796,41.87974],[-87.79629,41.87974]]}},{"type":"Feature","properties":{"street_name":"WASHINGTON BLVD","address_left_from":901,"address_left_to":915,"address_right_from":900,"address_right_to":914},"geometry":{"type":"LineString","coordinates":[[-87.79698,41.88156],[-87.7973,41.88153],[-87.79772,41.88152]]}},{"type":"Feature","properties":{"street_name":"MADISON ST","address_left_from":701,"address_left_to":715,"address_right_from":700,"address_right_to":714},"geometry":{"type":"LineString","coordinates":[[-87.79262,41.87979],[-87.79285,41.87979],[-87.79303,41.87978]]}},{"type":"Feature","properties":{"street_name":"MADISON ST","address_left_from":921,"address_left_to":925,"address_right_from":926,"address_right_to":928},"geometry":{"type":"LineString","coordinates":[[-87.79811,41.87971],[-87.79839,41.8797]]}},{"type":"Feature","properties":{"street_name":"WESLEY AVE","address_left_from":300,"address_left_to":338,"address_right_from":301,"address_right_to":339},"geometry":{"type":"LineString","coordinates":[[-87.79109,41.88332],[-87.79109,41.88311],[-87.79106,41.88225],[-87.79105,41.88183],[-87.79105,41.88169]]}},{"type":"Feature","properties":{"street_name":"MADISON ST","address_left_from":1041,"address_left_to":1099,"address_right_from":1040,"address_right_to":1098},"geometry":{"type":"LineString","coordinates":[[-87.80152,41.87965],[-87.80183,41.87964],[-87.80232,41.87964]]}},{"type":"Feature","properties":{"street_name":"WESLEY AVE","address_left_from":200,"address_left_to":246,"address_right_from":201,"address_right_to":243},"geometry":{"type":"LineString","coordinates":[[-87.79114,41.8851],[-87.79114,41.88489],[-87.79111,41.8839],[-87.7911,41.88348],[-87.7911,41.88344]]}},{"type":"Feature","properties":{"street_name":"MADISON ST","address_left_from":931,"address_left_to":933,"address_right_from":942,"address_right_to":948},"geometry":{"type":"LineString","coordinates":[[-87.79883,41.8797],[-87.79914,41.87969]]}},{"type":"Feature","properties":{"street_name":"WASHINGTON BLVD","address_left_from":615,"address_left_to":629,"address_right_from":614,"address_right_to":628},"geometry":{"type":"LineString","coordinates":[[-87.79023,41.88162],[-87.79063,41.88162],[-87.79105,41.88161]]}},{"type":"Feature","properties":{"street_name":"S CUYLER AVE","address_left_from":500,"address_left_to":508,"address_right_from":501,"address_right_to":509},"geometry":{"type":"LineString","coordinates":[[-87.78323,41.87996],[-87.78322,41.87946]]}},{"type":"Feature","properties":{"street_name":"WESLEY AVE","address_left_from":112,"address_left_to":146,"address_right_from":113,"address_right_to":145},"geometry":{"type":"LineString","coordinates":[[-87.79118,41.88636],[-87.79117,41.88624],[-87.79115,41.88551],[-87.79115,41.88519]]}},{"type":"Feature","properties":{"street_name":"COLUMBIAN AVE","address_left_from":701,"address_left_to":709,"address_right_from":700,"address_right_to":708},"geometry":{"type":"LineString","coordinates":[[-87.79112,41.89813],[-87.79113,41.89859]]}},{"type":"Feature","properties":{"street_name":"N HUMPHREY AVE","address_left_from":523,"address_left_to":547,"address_right_from":522,"address_right_to":548},"geometry":{"type":"LineString","coordinates":[[-87.77679,41.8955],[-87.77681,41.89643]]}},{"type":"Feature","properties":{"street_name":"WESLEY AVE","address_left_from":1190,"address_left_to":1192,"address_right_from":1191,"address_right_to":1193},"geometry":{"type":"LineString","coordinates":[[-87.79133,41.86566],[-87.79133,41.86552]]}},{"type":"Feature","properties":{"street_name":"MADISON ST","address_left_from":811,"address_left_to":829,"address_right_from":810,"address_right_to":822},"geometry":{"type":"LineString","coordinates":[[-87.79492,41.87976],[-87.79515,41.87976],[-87.79545,41.87975]]}},{"type":"Feature","properties":{"street_name":"PENNSYLVANIA WAY","address_left_from":334,"address_left_to":398,"address_right_from":335,"address_right_to":399},"geometry":{"type":"LineString","coordinates":[[-87.80158,41.88206],[-87.80157,41.88188],[-87.80156,41.88146]]}},{"type":"Feature","properties":{"street_name":"S CUYLER AVE","address_left_from":900,"address_left_to":906,"address_right_from":901,"address_right_to":907},"geometry":{"type":"LineString","coordinates":[[-87.78299,41.87265],[-87.78298,41.87246],[-87.78297,41.87222]]}},{"type":"Feature","properties":{"street_name":"MADISON ST","address_left_from":601,"address_left_to":621,"address_right_from":600,"address_right_to":620},"geometry":{"type":"LineString","coordinates":[[-87.78936,41.87985],[-87.78962,41.87984],[-87.79016,41.87984],[-87.79059,41.87983]]}},{"type":"Feature","properties":{"street_name":"N EAST AVE","address_left_from":101,"address_left_to":119,"address_right_from":100,"address_right_to":118},"geometry":{"type":"LineString","coordinates":[[-87.78957,41.8874],[-87.78958,41.88767],[-87.78959,41.88792]]}},{"type":"Feature","properties":{"street_name":"MADISON ST","address_left_from":237,"address_left_to":299,"address_right_from":236,"address_right_to":252},"geometry":{"type":"LineString","coordinates":[[-87.78119,41.87998],[-87.78201,41.87997]]}},{"type":"Feature","properties":{"street_name":"WASHINGTON BLVD","address_left_from":501,"address_left_to":599,"address_right_from":500,"address_right_to":598},"geometry":{"type":"LineString","coordinates":[[-87.78777,41.88166],[-87.78808,41.88166],[-87.78906,41.88164],[-87.78941,41.88164]]}},{"type":"Feature","properties":{"street_name":"N HUMPHREY AVE","address_left_from":801,"address_left_to":849,"address_right_from":800,"address_right_to":848},"geometry":{"type":"LineString","coordinates":[[-87.77653,41.90017],[-87.77654,41.90038],[-87.77656,41.90114],[-87.77658,41.90173],[-87.77658,41.90185],[-87.77656,41.9019]]}},{"type":"Feature","properties":{"street_name":"MADISON ST","address_left_from":37,"address_left_to":39,"address_right_from":36,"address_right_to":38},"geometry":{"type":"LineString","coordinates":[[-87.77629,41.88006],[-87.77651,41.88006]]}},{"type":"Feature","properties":{"street_name":"N HUMPHREY AVE","address_left_from":-1,"address_left_to":-1,"address_right_from":250,"address_right_to":298},"geometry":{"type":"LineString","coordinates":[[-87.77656,41.89195],[-87.77654,41.89203],[-87.77651,41.89212],[-87.7765,41.89218],[-87.7765,41.89225],[-87.77651,41.8923],[-87.77652,41.89237],[-87.77653,41.8924],[-87.77656,41.89243],[-87.77658,41.89245],[-87.77668,41.89252]]}},{"type":"Feature","properties":{"street_name":"PENNSYLVANIA WAY","address_left_from":316,"address_left_to":332,"address_right_from":317,"address_right_to":333},"geometry":{"type":"LineString","coordinates":[[-87.8016,41.88267],[-87.80159,41.8824],[-87.80158,41.88206]]}},{"type":"Feature","properties":{"street_name":"N EAST AVE","address_left_from":1201,"address_left_to":1239,"address_right_from":1200,"address_right_to":1238},"geometry":{"type":"LineString","coordinates":[[-87.79016,41.90725],[-87.79017,41.90752],[-87.79018,41.90811],[-87.7902,41.90856],[-87.7902,41.90858]]}},{"type":"Feature","properties":{"street_name":"WASHINGTON BLVD","address_left_from":433,"address_left_to":461,"address_right_from":432,"address_right_to":468},"geometry":{"type":"LineString","coordinates":[[-87.78614,41.88169],[-87.78641,41.88169],[-87.78731,41.88167],[-87.78763,41.88167]]}},{"type":"Feature","properties":{"street_name":"N HUMPHREY AVE","address_left_from":1101,"address_left_to":1127,"address_right_from":1100,"address_right_to":1128},"geometry":{"type":"LineString","coordinates":[[-87.77675,41.90587],[-87.77679,41.90594],[-87.77681,41.90604],[-87.77684,41.90698]]}},{"type":"Feature","properties":{"street_name":"MADISON ST","address_left_from":717,"address_left_to":749,"address_right_from":716,"address_right_to":730},"geometry":{"type":"LineString","coordinates":[[-87.79303,41.87978],[-87.79414,41.87977]]}},{"type":"Feature","properties":{"street_name":"S CUYLER AVE","address_left_from":700,"address_left_to":718,"address_right_from":701,"address_right_to":719},"geometry":{"type":"LineString","coordinates":[[-87.78308,41.87551],[-87.78308,41.87538]]}},{"type":"Feature","properties":{"street_name":"MADISON ST","address_left_from":653,"address_left_to":689,"address_right_from":648,"address_right_to":668},"geometry":{"type":"LineString","coordinates":[[-87.79181,41.87981],[-87.79187,41.87981]]}},{"type":"Feature","properties":{"street_name":"WASHINGTON BLVD","address_left_from":1137,"address_left_to":1145,"address_right_from":1136,"address_right_to":1152},"geometry":{"type":"LineString","coordinates":[[-87.80393,41.88142],[-87.80424,41.88141],[-87.80456,41.8814],[-87.80468,41.8814]]}},{"type":"Feature","properties":{"street_name":"N EAST AVE","address_left_from":901,"address_left_to":951,"address_right_from":900,"address_right_to":950},"geometry":{"type":"LineString","coordinates":[[-87.79,41.90179],[-87.79,41.9019],[-87.79001,41.90216],[-87.79003,41.90287],[-87.79005,41.90347],[-87.79005,41.90362]]}},{"type":"Feature","properties":{"street_name":"WASHINGTON BLVD","address_left_from":1119,"address_left_to":1135,"address_right_from":1118,"address_right_to":1134},"geometry":{"type":"LineString","coordinates":[[-87.80314,41.88143],[-87.80366,41.88142],[-87.80393,41.88142]]}},{"type":"Feature","properties":{"street_name":"S CUYLER AVE","address_left_from":1150,"address_left_to":1186,"address_right_from":1151,"address_right_to":1187},"geometry":{"type":"LineString","coordinates":[[-87.7828,41.86717],[-87.78279,41.86683],[-87.78276,41.86598],[-87.78275,41.8658]]}},{"type":"Feature","properties":{"street_name":"MADISON ST","address_left_from":411,"address_left_to":421,"address_right_from":410,"address_right_to":424},"geometry":{"type":"LineString","coordinates":[[-87.78509,41.87992],[-87.78569,41.87991]]}},{"type":"Feature","properties":{"street_name":"MADISON ST","address_left_from":325,"address_left_to":347,"address_right_from":308,"address_right_to":332},"geometry":{"type":"LineString","coordinates":[[-87.78323,41.87996],[-87.78433,41.87994]]}},{"type":"Feature","properties":{"street_name":"MADISON ST","address_left_from":801,"address_left_to":809,"address_right_from":800,"address_right_to":808},"geometry":{"type":"LineString","coordinates":[[-87.79426,41.87977],[-87.79461,41.87977],[-87.79492,41.87976]]}},{"type":"Feature","properties":{"street_name":"S CUYLER AVE","address_left_from":1100,"address_left_to":1148,"address_right_from":1101,"address_right_to":1149},"geometry":{"type":"LineString","coordinates":[[-87.78286,41.869],[-87.78284,41.86853],[-87.78283,41.86803],[-87.7828,41.86734],[-87.7828,41.86717]]}},{"type":"Feature","properties":{"street_name":"WASHINGTON BLVD","address_left_from":917,"address_left_to":929,"address_right_from":916,"address_right_to":928},"geometry":{"type":"LineString","coordinates":[[-87.79772,41.88152],[-87.79794,41.88152],[-87.79846,41.88151]]}},{"type":"Feature","properties":{"street_name":"COLUMBIAN AVE","address_left_from":801,"address_left_to":853,"address_right_from":800,"address_right_to":852},"geometry":{"type":"LineString","coordinates":[[-87.79116,41.89979],[-87.79117,41.90004],[-87.79119,41.90059],[-87.79121,41.90148],[-87.79122,41.90167]]}},{"type":"Feature","properties":{"street_name":"MADISON ST","address_left_from":317,"address_left_to":323,"address_right_from":300,"address_right_to":306},"geometry":{"type":"LineString","coordinates":[[-87.78282,41.87996],[-87.78323,41.87996]]}},{"type":"Feature","properties":{"street_name":"N EAST AVE","address_left_from":1001,"address_left_to":1051,"address_right_from":1000,"address_right_to":1050},"geometry":{"type":"LineString","coordinates":[[-87.79006,41.90371],[-87.79006,41.90383],[-87.79007,41.90425],[-87.79008,41.90464],[-87.79011,41.90537],[-87.79011,41.90555]]}},{"type":"Feature","properties":{"street_name":"PENNSYLVANIA WAY","address_left_from":300,"address_left_to":314,"address_right_from":301,"address_right_to":315},"geometry":{"type":"LineString","coordinates":[[-87.80162,41.88329],[-87.80161,41.88299],[-87.8016,41.88267]]}},{"type":"Feature","properties":{"street_name":"COLUMBIAN AVE","address_left_from":1001,"address_left_to":1049,"address_right_from":1000,"address_right_to":1048},"geometry":{"type":"LineString","coordinates":[[-87.79127,41.90369],[-87.79128,41.90379],[-87.79129,41.90427],[-87.7913,41.9047],[-87.79132,41.90543],[-87.79133,41.90553]]}},{"type":"Feature","properties":{"street_name":"N HUMPHREY AVE","address_left_from":701,"address_left_to":749,"address_right_from":700,"address_right_to":748},"geometry":{"type":"LineString","coordinates":[[-87.77647,41.89834],[-87.77649,41.89911],[-87.77652,41.89993],[-87.77653,41.90008]]}},{"type":"Feature","properties":{"street_name":"N HUMPHREY AVE","address_left_from":301,"address_left_to":335,"address_right_from":300,"address_right_to":334},"geometry":{"type":"LineString","coordinates":[[-87.77668,41.89252],[-87.7767,41.89268],[-87.77671,41.89302],[-87.77671,41.89312]]}},{"type":"Feature","properties":{"street_name":"WASHINGTON BLVD","address_left_from":1017,"address_left_to":1033,"address_right_from":1016,"address_right_to":1032},"geometry":{"type":"LineString","coordinates":[[-87.80075,41.88147],[-87.80156,41.88146]]}},{"type":"Feature","properties":{"street_name":"PENNSYLVANIA WAY","address_left_from":416,"address_left_to":428,"address_right_from":417,"address_right_to":429},"geometry":{"type":"LineString","coordinates":[[-87.80154,41.88085],[-87.80153,41.88068],[-87.80152,41.88045],[-87.80152,41.88025]]}},{"type":"Feature","properties":{"street_name":"COLUMBIAN AVE","address_left_from":1101,"address_left_to":1143,"address_right_from":1100,"address_right_to":1142},"geometry":{"type":"LineString","coordinates":[[-87.79133,41.90562],[-87.79133,41.90584],[-87.79135,41.90642],[-87.79136,41.90698],[-87.79137,41.90715]]}},{"type":"Feature","properties":{"street_name":"N EAST AVE","address_left_from":121,"address_left_to":129,"address_right_from":120,"address_right_to":128},"geometry":{"type":"LineString","coordinates":[[-87.78959,41.88792],[-87.7896,41.88824],[-87.78959,41.88849]]}},{"type":"Feature","properties":{"street_name":"WASHINGTON BLVD","address_left_from":801,"address_left_to":811,"address_right_from":800,"address_right_to":810},"geometry":{"type":"LineString","coordinates":[[-87.79431,41.88162],[-87.79498,41.88161]]}},{"type":"Feature","properties":{"street_name":"WASHINGTON BLVD","address_left_from":1035,"address_left_to":1099,"address_right_from":1034,"address_right_to":1098},"geometry":{"type":"LineString","coordinates":[[-87.80156,41.88146],[-87.80202,41.88145],[-87.80237,41.88144]]}},{"type":"Feature","properties":{"street_name":"MADISON ST","address_left_from":1017,"address_left_to":1025,"address_right_from":1016,"address_right_to":1024},"geometry":{"type":"LineString","coordinates":[[-87.80069,41.87967],[-87.80075,41.87966],[-87.80109,41.87966]]}},{"type":"Feature","properties":{"street_name":"WESLEY AVE","address_left_from":600,"address_left_to":646,"address_right_from":601,"address_right_to":643},"geometry":{"type":"LineString","coordinates":[[-87.79175,41.87798],[-87.79174,41.87785],[-87.79172,41.87716],[-87.79169,41.87637],[-87.79169,41.87624]]}},{"type":"Feature","properties":{"street_name":"WESLEY AVE","address_left_from":1150,"address_left_to":1188,"address_right_from":1151,"address_right_to":1189},"geometry":{"type":"LineString","coordinates":[[-87.79138,41.86703],[-87.79133,41.86566]]}},{"type":"Feature","properties":{"street_name":"WESLEY AVE","address_left_from":1100,"address_left_to":1148,"address_right_from":1101,"address_right_to":1149},"geometry":{"type":"LineString","coordinates":[[-87.79144,41.86885],[-87.79144,41.86868],[-87.79141,41.86781],[-87.79138,41.86703]]}},{"type":"Feature","properties":{"street_name":"WESLEY AVE","address_left_from":500,"address_left_to":510,"address_right_from":501,"address_right_to":511},"geometry":{"type":"LineString","coordinates":[[-87.79181,41.87981],[-87.79179,41.87928]]}},{"type":"Feature","properties":{"street_name":"N EAST AVE","address_left_from":401,"address_left_to":499,"address_right_from":400,"address_right_to":498},"geometry":{"type":"LineString","coordinates":[[-87.78973,41.89302],[-87.78973,41.8931],[-87.78975,41.89371],[-87.78977,41.89426],[-87.78977,41.89449]]}},{"type":"Feature","properties":{"street_name":"S CUYLER AVE","address_left_from":110,"address_left_to":146,"address_right_from":111,"address_right_to":147},"geometry":{"type":"LineString","coordinates":[[-87.78301,41.88648],[-87.78301,41.88627],[-87.78299,41.88567],[-87.78298,41.88533]]}},{"type":"Feature","properties":{"street_name":"MADISON ST","address_left_from":435,"address_left_to":453,"address_right_from":436,"address_right_to":438},"geometry":{"type":"LineString","coordinates":[[-87.78628,41.8799],[-87.78682,41.87989]]}},{"type":"Feature","properties":{"street_name":"S MAPLE AVE","address_left_from":300,"address_left_to":346,"address_right_from":301,"address_right_to":345},"geometry":{"type":"LineString","coordinates":[[-87.80399,41.88324],[-87.80398,41.88293],[-87.80396,41.88224],[-87.80393,41.88155],[-87.80393,41.88151]]}},{"type":"Feature","properties":{"street_name":"BERKSHIRE ST","address_left_from":817,"address_left_to":827,"address_right_from":816,"address_right_to":826},"geometry":{"type":"LineString","coordinates":[[-87.79566,41.90352],[-87.79609,41.90352],[-87.79641,41.90351]]}},{"type":"Feature","properties":{"street_name":"ROOSEVELT RD","address_left_from":6131,"address_left_to":6145,"address_right_from":6124,"address_right_to":6146},"geometry":{"type":"LineString","coordinates":[[-87.77782,41.86542],[-87.7782,41.86541],[-87.7788,41.8654],[-87.7789,41.8654]]}},{"type":"Feature","properties":{"street_name":"ROOSEVELT RD","address_left_from":6025,"address_left_to":6049,"address_right_from":6024,"address_right_to":6048},"geometry":{"type":"LineString","coordinates":[[-87.77536,41.86545],[-87.77575,41.86545],[-87.77626,41.86544],[-87.77647,41.86544]]}},{"type":"Feature","properties":{"street_name":"ROOSEVELT RD","address_left_from":6101,"address_left_to":6129,"address_right_from":6100,"address_right_to":6122},"geometry":{"type":"LineString","coordinates":[[-87.77659,41.86543],[-87.77686,41.86543],[-87.77767,41.86542],[-87.77782,41.86542]]}},{"type":"Feature","properties":{"street_name":"ROOSEVELT RD","address_left_from":6147,"address_left_to":6199,"address_right_from":6148,"address_right_to":6198},"geometry":{"type":"LineString","coordinates":[[-87.7789,41.8654],[-87.77905,41.8654]]}},{"type":"Feature","properties":{"street_name":"ROOSEVELT RD","address_left_from":6051,"address_left_to":6099,"address_right_from":6050,"address_right_to":6098},"geometry":{"type":"LineString","coordinates":[[-87.77647,41.86544],[-87.77659,41.86543]]}},{"type":"Feature","properties":{"street_name":"ROOSEVELT RD","address_left_from":6001,"address_left_to":6023,"address_right_from":6000,"address_right_to":6022},"geometry":{"type":"LineString","coordinates":[[-87.77414,41.86547],[-87.77437,41.86546],[-87.77451,41.86546],[-87.77491,41.86546],[-87.77536,41.86545]]}},{"type":"Feature","properties":{"street_name":"ROOSEVELT RD","address_left_from":-1,"address_left_to":-1,"address_right_from":-1,"address_right_to":-1},"geometry":{"type":"LineString","coordinates":[[-87.77413,41.86547],[-87.77414,41.86547]]}},{"type":"Feature","properties":{"street_name":"N HARLEM AVE","address_left_from":900,"address_left_to":904,"address_right_from":873,"address_right_to":899},"geometry":{"type":"LineString","coordinates":[[-87.80532,41.8961],[-87.80532,41.89628]]}},{"type":"Feature","properties":{"street_name":"N HARLEM AVE","address_left_from":1390,"address_left_to":1398,"address_right_from":1349,"address_right_to":1399},"geometry":{"type":"LineString","coordinates":[[-87.80564,41.90511],[-87.80565,41.90522]]}},{"type":"Feature","properties":{"street_name":"N HARLEM AVE","address_left_from":752,"address_left_to":798,"address_right_from":733,"address_right_to":799},"geometry":{"type":"LineString","coordinates":[[-87.80524,41.89411],[-87.80525,41.89423]]}},{"type":"Feature","properties":{"street_name":"N HARLEM AVE","address_left_from":1240,"address_left_to":1298,"address_right_from":1241,"address_right_to":1299},"geometry":{"type":"LineString","coordinates":[[-87.80558,41.90328],[-87.80558,41.90337]]}},{"type":"Feature","properties":{"street_name":"N HARLEM AVE","address_left_from":1052,"address_left_to":1098,"address_right_from":1051,"address_right_to":1099},"geometry":{"type":"LineString","coordinates":[[-87.80545,41.89961],[-87.80545,41.89961],[-87.80545,41.89975],[-87.80545,41.89975]]}},{"type":"Feature","properties":{"street_name":"N HARLEM AVE","address_left_from":1450,"address_left_to":1498,"address_right_from":1451,"address_right_to":1499},"geometry":{"type":"LineString","coordinates":[[-87.80572,41.90695],[-87.80572,41.90704]]}},{"type":"Feature","properties":{"street_name":"N HARLEM AVE","address_left_from":1526,"address_left_to":1548,"address_right_from":1525,"address_right_to":1549},"geometry":{"type":"LineString","coordinates":[[-87.80574,41.90798],[-87.80574,41.90832],[-87.80575,41.90884]]}},{"type":"Feature","properties":{"street_name":"N HARLEM AVE","address_left_from":1000,"address_left_to":1050,"address_right_from":1001,"address_right_to":1049},"geometry":{"type":"LineString","coordinates":[[-87.80538,41.8979],[-87.80545,41.89961]]}},{"type":"Feature","properties":{"street_name":"N HARLEM AVE","address_left_from":1200,"address_left_to":1238,"address_right_from":1201,"address_right_to":1239},"geometry":{"type":"LineString","coordinates":[[-87.80552,41.90154],[-87.80558,41.90328]]}},{"type":"Feature","properties":{"street_name":"N HARLEM AVE","address_left_from":800,"address_left_to":816,"address_right_from":801,"address_right_to":829},"geometry":{"type":"LineString","coordinates":[[-87.80525,41.89423],[-87.80529,41.89532]]}},{"type":"Feature","properties":{"street_name":"N HARLEM AVE","address_left_from":700,"address_left_to":750,"address_right_from":701,"address_right_to":731},"geometry":{"type":"LineString","coordinates":[[-87.8052,41.89304],[-87.80524,41.89411]]}},{"type":"Feature","properties":{"street_name":"N HARLEM AVE","address_left_from":626,"address_left_to":638,"address_right_from":601,"address_right_to":609},"geometry":{"type":"LineString","coordinates":[[-87.80516,41.89182],[-87.80517,41.89219]]}},{"type":"Feature","properties":{"street_name":"N HARLEM AVE","address_left_from":1550,"address_left_to":1598,"address_right_from":1551,"address_right_to":1599},"geometry":{"type":"LineString","coordinates":[[-87.80575,41.90884],[-87.80575,41.90885],[-87.80575,41.90888],[-87.80575,41.90889]]}},{"type":"Feature","properties":{"street_name":"N HARLEM AVE","address_left_from":1100,"address_left_to":1136,"address_right_from":1101,"address_right_to":1145},"geometry":{"type":"LineString","coordinates":[[-87.80545,41.89975],[-87.8055,41.9011]]}},{"type":"Feature","properties":{"street_name":"N HARLEM AVE","address_left_from":640,"address_left_to":698,"address_right_from":611,"address_right_to":699},"geometry":{"type":"LineString","coordinates":[[-87.80517,41.89219],[-87.8052,41.89304]]}},{"type":"Feature","properties":{"street_name":"N HARLEM AVE","address_left_from":1300,"address_left_to":1388,"address_right_from":1301,"address_right_to":1347},"geometry":{"type":"LineString","coordinates":[[-87.80558,41.90337],[-87.80564,41.90511]]}},{"type":"Feature","properties":{"street_name":"N HARLEM AVE","address_left_from":938,"address_left_to":998,"address_right_from":941,"address_right_to":999},"geometry":{"type":"LineString","coordinates":[[-87.80537,41.89745],[-87.80538,41.8979]]}},{"type":"Feature","properties":{"street_name":"N HARLEM AVE","address_left_from":1400,"address_left_to":1448,"address_right_from":1401,"address_right_to":1449},"geometry":{"type":"LineString","coordinates":[[-87.80565,41.90522],[-87.80572,41.90695]]}},{"type":"Feature","properties":{"street_name":"N HARLEM AVE","address_left_from":420,"address_left_to":448,"address_right_from":421,"address_right_to":449},"geometry":{"type":"LineString","coordinates":[[-87.80502,41.88786],[-87.80506,41.88858]]}},{"type":"Feature","properties":{"street_name":"N HARLEM AVE","address_left_from":620,"address_left_to":624,"address_right_from":525,"address_right_to":599},"geometry":{"type":"LineString","coordinates":[[-87.80514,41.89151],[-87.80514,41.89151],[-87.80516,41.89182]]}},{"type":"Feature","properties":{"street_name":"N HARLEM AVE","address_left_from":450,"address_left_to":458,"address_right_from":451,"address_right_to":459},"geometry":{"type":"LineString","coordinates":[[-87.80506,41.88858],[-87.80509,41.88923]]}},{"type":"Feature","properties":{"street_name":"N HARLEM AVE","address_left_from":1138,"address_left_to":1198,"address_right_from":1147,"address_right_to":1199},"geometry":{"type":"LineString","coordinates":[[-87.8055,41.9011],[-87.80552,41.90154]]}},{"type":"Feature","properties":{"street_name":"N HARLEM AVE","address_left_from":1500,"address_left_to":1524,"address_right_from":1501,"address_right_to":1523},"geometry":{"type":"LineString","coordinates":[[-87.80572,41.90704],[-87.80574,41.90798]]}},{"type":"Feature","properties":{"street_name":"N HARLEM AVE","address_left_from":400,"address_left_to":418,"address_right_from":401,"address_right_to":419},"geometry":{"type":"LineString","coordinates":[[-87.805,41.88713],[-87.80502,41.88786]]}},{"type":"Feature","properties":{"street_name":"N HARLEM AVE","address_left_from":546,"address_left_to":618,"address_right_from":501,"address_right_to":523},"geometry":{"type":"LineString","coordinates":[[-87.80513,41.89079],[-87.80514,41.89151]]}},{"type":"Feature","properties":{"street_name":"N HARLEM AVE","address_left_from":300,"address_left_to":398,"address_right_from":391,"address_right_to":399},"geometry":{"type":"LineString","coordinates":[[-87.80499,41.8868],[-87.805,41.88713]]}},{"type":"Feature","properties":{"street_name":"N HARLEM AVE","address_left_from":818,"address_left_to":842,"address_right_from":831,"address_right_to":839},"geometry":{"type":"LineString","coordinates":[[-87.80529,41.89532],[-87.80531,41.89585]]}},{"type":"Feature","properties":{"street_name":"N HARLEM AVE","address_left_from":916,"address_left_to":926,"address_right_from":917,"address_right_to":929},"geometry":{"type":"LineString","coordinates":[[-87.80534,41.89668],[-87.80535,41.89707]]}},{"type":"Feature","properties":{"street_name":"N HARLEM AVE","address_left_from":538,"address_left_to":544,"address_right_from":491,"address_right_to":499},"geometry":{"type":"LineString","coordinates":[[-87.80513,41.89055],[-87.80513,41.89079]]}},{"type":"Feature","properties":{"street_name":"N HARLEM AVE","address_left_from":906,"address_left_to":914,"address_right_from":901,"address_right_to":915},"geometry":{"type":"LineString","coordinates":[[-87.80532,41.89628],[-87.80534,41.89664],[-87.80534,41.89668]]}},{"type":"Feature","properties":{"street_name":"N HARLEM AVE","address_left_from":460,"address_left_to":536,"address_right_from":461,"address_right_to":489},"geometry":{"type":"LineString","coordinates":[[-87.80509,41.88923],[-87.80513,41.89055]]}},{"type":"Feature","properties":{"street_name":"N HARLEM AVE","address_left_from":928,"address_left_to":936,"address_right_from":931,"address_right_to":939},"geometry":{"type":"LineString","coordinates":[[-87.80535,41.89707],[-87.80537,41.89745]]}},{"type":"Feature","properties":{"street_name":"N HARLEM AVE","address_left_from":844,"address_left_to":898,"address_right_from":841,"address_right_to":871},"geometry":{"type":"LineString","coordinates":[[-87.80531,41.89585],[-87.80532,41.8961]]}},{"type":"Feature","properties":{"street_name":"S MAPLE AVE","address_left_from":704,"address_left_to":718,"address_right_from":701,"address_right_to":719},"geometry":{"type":"LineString","coordinates":[[-87.80376,41.87659],[-87.80376,41.87649],[-87.80375,41.87623],[-87.80374,41.87602]]}},{"type":"Feature","properties":{"street_name":"BERKSHIRE ST","address_left_from":101,"address_left_to":113,"address_right_from":100,"address_right_to":112},"geometry":{"type":"LineString","coordinates":[[-87.77787,41.90389],[-87.77807,41.90389],[-87.77848,41.90388]]}},{"type":"Feature","properties":{"street_name":"S MAPLE AVE","address_left_from":1100,"address_left_to":1148,"address_right_from":1101,"address_right_to":1149},"geometry":{"type":"LineString","coordinates":[[-87.80347,41.86865],[-87.80346,41.86836],[-87.80343,41.86744],[-87.80341,41.86701],[-87.80341,41.86681]]}},{"type":"Feature","properties":{"street_name":"BERKSHIRE ST","address_left_from":415,"address_left_to":455,"address_right_from":414,"address_right_to":456},"geometry":{"type":"LineString","coordinates":[[-87.78479,41.90379],[-87.78511,41.90379],[-87.78639,41.90377],[-87.78671,41.90376],[-87.78681,41.90376]]}},{"type":"Feature","properties":{"street_name":"S GROVE AVE","address_left_from":100,"address_left_to":142,"address_right_from":101,"address_right_to":141},"geometry":{"type":"LineString","coordinates":[[-87.79581,41.88688],[-87.79578,41.88606],[-87.79576,41.8854],[-87.79576,41.88523]]}},{"type":"Feature","properties":{"street_name":"BERKSHIRE ST","address_left_from":551,"address_left_to":575,"address_right_from":550,"address_right_to":574},"geometry":{"type":"LineString","coordinates":[[-87.7886,41.90373],[-87.78882,41.90372],[-87.78928,41.90372]]}},{"type":"Feature","properties":{"street_name":"S MAPLE AVE","address_left_from":910,"address_left_to":948,"address_right_from":911,"address_right_to":949},"geometry":{"type":"LineString","coordinates":[[-87.80359,41.87183],[-87.80356,41.87104],[-87.80354,41.87056]]}},{"type":"Feature","properties":{"street_name":"S MAPLE AVE","address_left_from":510,"address_left_to":598,"address_right_from":511,"address_right_to":599},"geometry":{"type":"LineString","coordinates":[[-87.80385,41.87914],[-87.80383,41.87851],[-87.80382,41.87818]]}},{"type":"Feature","properties":{"street_name":"BERKSHIRE ST","address_left_from":541,"address_left_to":549,"address_right_from":540,"address_right_to":548},"geometry":{"type":"LineString","coordinates":[[-87.78844,41.90373],[-87.7886,41.90373]]}},{"type":"Feature","properties":{"street_name":"S GROVE AVE","address_left_from":1190,"address_left_to":1198,"address_right_from":1191,"address_right_to":1199},"geometry":{"type":"LineString","coordinates":[[-87.79507,41.86557],[-87.79507,41.86514]]}},{"type":"Feature","properties":{"street_name":"BERKSHIRE ST","address_left_from":27,"address_left_to":65,"address_right_from":26,"address_right_to":64},"geometry":{"type":"LineString","coordinates":[[-87.77665,41.90391],[-87.77697,41.9039],[-87.77726,41.9039]]}},{"type":"Feature","properties":{"street_name":"S CUYLER AVE","address_left_from":200,"address_left_to":238,"address_right_from":201,"address_right_to":247},"geometry":{"type":"LineString","coordinates":[[-87.78298,41.88524],[-87.78297,41.88509],[-87.78296,41.88461],[-87.78294,41.88378],[-87.78293,41.88363]]}},{"type":"Feature","properties":{"street_name":"N HUMPHREY AVE","address_left_from":1205,"address_left_to":1209,"address_right_from":1204,"address_right_to":1208},"geometry":{"type":"LineString","coordinates":[[-87.77685,41.90753],[-87.77686,41.90776],[-87.77687,41.90796]]}},{"type":"Feature","properties":{"street_name":"WASHINGTON BLVD","address_left_from":651,"address_left_to":663,"address_right_from":650,"address_right_to":662},"geometry":{"type":"LineString","coordinates":[[-87.79186,41.88159],[-87.79227,41.88159],[-87.79253,41.88158]]}},{"type":"Feature","properties":{"street_name":"MADISON ST","address_left_from":935,"address_left_to":979,"address_right_from":950,"address_right_to":970},"geometry":{"type":"LineString","coordinates":[[-87.79914,41.87969],[-87.79939,41.87969],[-87.79954,41.87968]]}},{"type":"Feature","properties":{"street_name":"N EAST AVE","address_left_from":1101,"address_left_to":1143,"address_right_from":1100,"address_right_to":1142},"geometry":{"type":"LineString","coordinates":[[-87.79011,41.90564],[-87.79012,41.90575],[-87.79014,41.90639],[-87.79016,41.90711],[-87.79016,41.90716]]}},{"type":"Feature","properties":{"street_name":"S CUYLER AVE","address_left_from":1000,"address_left_to":1048,"address_right_from":1001,"address_right_to":1049},"geometry":{"type":"LineString","coordinates":[[-87.78292,41.87082],[-87.78289,41.86983],[-87.78287,41.86933],[-87.78286,41.86908]]}},{"type":"Feature","properties":{"street_name":"WESLEY AVE","address_left_from":700,"address_left_to":798,"address_right_from":701,"address_right_to":799},"geometry":{"type":"LineString","coordinates":[[-87.79168,41.87616],[-87.79167,41.87586],[-87.79165,41.87507],[-87.79163,41.87457],[-87.79162,41.87433]]}},{"type":"Feature","properties":{"street_name":"N HUMPHREY AVE","address_left_from":201,"address_left_to":249,"address_right_from":200,"address_right_to":248},"geometry":{"type":"LineString","coordinates":[[-87.77643,41.89182],[-87.77656,41.89195]]}},{"type":"Feature","properties":{"street_name":"MADISON ST","address_left_from":623,"address_left_to":629,"address_right_from":622,"address_right_to":628},"geometry":{"type":"LineString","coordinates":[[-87.79059,41.87983],[-87.79084,41.87982],[-87.791,41.87982]]}},{"type":"Feature","properties":{"street_name":"WASHINGTON BLVD","address_left_from":37,"address_left_to":99,"address_right_from":36,"address_right_to":98},"geometry":{"type":"LineString","coordinates":[[-87.77636,41.88208],[-87.77661,41.88208],[-87.77725,41.88207],[-87.77783,41.88206],[-87.77799,41.88206]]}},{"type":"Feature","properties":{"street_name":"CHICAGO AVE","address_left_from":851,"address_left_to":899,"address_right_from":852,"address_right_to":898},"geometry":{"type":"LineString","coordinates":[[-87.79707,41.89437],[-87.79739,41.89436],[-87.79767,41.89436]]}},{"type":"Feature","properties":{"street_name":"WOODBINE AVE","address_left_from":501,"address_left_to":547,"address_right_from":500,"address_right_to":546},"geometry":{"type":"LineString","coordinates":[[-87.79915,41.89433],[-87.79917,41.89479],[-87.7992,41.89604]]}},{"type":"Feature","properties":{"street_name":"CHICAGO AVE","address_left_from":819,"address_left_to":837,"address_right_from":818,"address_right_to":838},"geometry":{"type":"LineString","coordinates":[[-87.79564,41.89439],[-87.79585,41.89439],[-87.79617,41.89438]]}},{"type":"Feature","properties":{"street_name":"HAYES AVE","address_left_from":847,"address_left_to":899,"address_right_from":846,"address_right_to":898},"geometry":{"type":"LineString","coordinates":[[-87.77902,41.90187],[-87.77903,41.90196]]}},{"type":"Feature","properties":{"street_name":"CHICAGO AVE","address_left_from":65,"address_left_to":99,"address_right_from":66,"address_right_to":98},"geometry":{"type":"LineString","coordinates":[[-87.77824,41.89467],[-87.77838,41.89467]]}},{"type":"Feature","properties":{"street_name":"N SCOVILLE AVE","address_left_from":443,"address_left_to":499,"address_right_from":440,"address_right_to":498},"geometry":{"type":"LineString","coordinates":[[-87.78813,41.89441],[-87.78813,41.89452]]}},{"type":"Feature","properties":{"street_name":"FRANCISCO TER","address_left_from":100,"address_left_to":124,"address_right_from":-1,"address_right_to":-1},"geometry":{"type":"LineString","coordinates":[[-87.7907,41.88817],[-87.79084,41.88816],[-87.79085,41.88816],[-87.79085,41.88816],[-87.79086,41.88817]]}},{"type":"Feature","properties":{"street_name":"S HARVEY AVE","address_left_from":230,"address_left_to":298,"address_right_from":233,"address_right_to":299},"geometry":{"type":"LineString","coordinates":[[-87.78131,41.88412],[-87.78131,41.88409]]}},{"type":"Feature","properties":{"street_name":"S HARVEY AVE","address_left_from":146,"address_left_to":198,"address_right_from":147,"address_right_to":199},"geometry":{"type":"LineString","coordinates":[[-87.78134,41.88536],[-87.78134,41.88527]]}},{"type":"Feature","properties":{"street_name":"WOODBINE AVE","address_left_from":1051,"address_left_to":1099,"address_right_from":1050,"address_right_to":1098},"geometry":{"type":"LineString","coordinates":[[-87.79949,41.90521],[-87.79949,41.90529]]}},{"type":"Feature","properties":{"street_name":"WOODBINE AVE","address_left_from":851,"address_left_to":899,"address_right_from":850,"address_right_to":898},"geometry":{"type":"LineString","coordinates":[[-87.79938,41.90154],[-87.79938,41.90163]]}},{"type":"Feature","properties":{"street_name":"HAYES AVE","address_left_from":751,"address_left_to":799,"address_right_from":750,"address_right_to":798},"geometry":{"type":"LineString","coordinates":[[-87.77896,41.90004],[-87.77897,41.90013]]}},{"type":"Feature","properties":{"street_name":"CHICAGO AVE","address_left_from":723,"address_left_to":799,"address_right_from":722,"address_right_to":798},"geometry":{"type":"LineString","coordinates":[[-87.79395,41.89442],[-87.79419,41.89442],[-87.79467,41.89441]]}},{"type":"Feature","properties":{"street_name":"WOODBINE AVE","address_left_from":749,"address_left_to":799,"address_right_from":746,"address_right_to":798},"geometry":{"type":"LineString","coordinates":[[-87.79932,41.89972],[-87.79932,41.8998]]}},{"type":"Feature","properties":{"street_name":"CHICAGO AVE","address_left_from":135,"address_left_to":199,"address_right_from":134,"address_right_to":198},"geometry":{"type":"LineString","coordinates":[[-87.77986,41.89465],[-87.78,41.89465]]}},{"type":"Feature","properties":{"street_name":"CHICAGO AVE","address_left_from":269,"address_left_to":299,"address_right_from":268,"address_right_to":298},"geometry":{"type":"LineString","coordinates":[[-87.78311,41.8946],[-87.78326,41.8946]]}},{"type":"Feature","properties":{"street_name":"N SCOVILLE AVE","address_left_from":337,"address_left_to":399,"address_right_from":336,"address_right_to":398},"geometry":{"type":"LineString","coordinates":[[-87.78809,41.89296],[-87.78809,41.89304]]}},{"type":"Feature","properties":{"street_name":"SUSAN COLLINS LN","address_left_from":1045,"address_left_to":1099,"address_right_from":1050,"address_right_to":1098},"geometry":{"type":"LineString","coordinates":[[-87.8022,41.87999],[-87.80232,41.87999]]}},{"type":"Feature","properties":{"street_name":"S HARVEY AVE","address_left_from":548,"address_left_to":598,"address_right_from":549,"address_right_to":599},"geometry":{"type":"LineString","coordinates":[[-87.78074,41.87823],[-87.78074,41.87814]]}},{"type":"Feature","properties":{"street_name":"CHICAGO AVE","address_left_from":1149,"address_left_to":1199,"address_right_from":1150,"address_right_to":1198},"geometry":{"type":"LineString","coordinates":[[-87.80513,41.89423],[-87.80525,41.89423]]}},{"type":"Feature","properties":{"street_name":"CHICAGO AVE","address_left_from":333,"address_left_to":399,"address_right_from":334,"address_right_to":398},"geometry":{"type":"LineString","coordinates":[[-87.78473,41.89458],[-87.78488,41.89457]]}},{"type":"Feature","properties":{"street_name":"ONTARIO ST","address_left_from":725,"address_left_to":799,"address_right_from":734,"address_right_to":798},"geometry":{"type":"LineString","coordinates":[[-87.79444,41.8902],[-87.79456,41.8902]]}},{"type":"Feature","properties":{"street_name":"ONTARIO ST","address_left_from":1151,"address_left_to":1199,"address_right_from":1150,"address_right_to":1198},"geometry":{"type":"LineString","coordinates":[[-87.80499,41.89055],[-87.80513,41.89055]]}},{"type":"Feature","properties":{"street_name":"N SCOVILLE AVE","address_left_from":235,"address_left_to":299,"address_right_from":236,"address_right_to":298},"geometry":{"type":"LineString","coordinates":[[-87.78805,41.89158],[-87.78805,41.89166]]}},{"type":"Feature","properties":{"street_name":"N SCOVILLE AVE","address_left_from":181,"address_left_to":199,"address_right_from":182,"address_right_to":198},"geometry":{"type":"LineString","coordinates":[[-87.78801,41.89022],[-87.78801,41.89031]]}},{"type":"Feature","properties":{"street_name":"S HARVEY AVE","address_left_from":362,"address_left_to":398,"address_right_from":361,"address_right_to":399},"geometry":{"type":"LineString","coordinates":[[-87.78125,41.88186],[-87.78125,41.88177]]}},{"type":"Feature","properties":{"street_name":"S HARVEY AVE","address_left_from":654,"address_left_to":698,"address_right_from":649,"address_right_to":699},"geometry":{"type":"LineString","coordinates":[[-87.78068,41.87643],[-87.78067,41.87634]]}},{"type":"Feature","properties":{"street_name":"S HARVEY AVE","address_left_from":846,"address_left_to":898,"address_right_from":849,"address_right_to":899},"geometry":{"type":"LineString","coordinates":[[-87.78055,41.87278],[-87.78054,41.87269]]}},{"type":"Feature","properties":{"street_name":"S HARVEY AVE","address_left_from":1050,"address_left_to":1098,"address_right_from":1051,"address_right_to":1099},"geometry":{"type":"LineString","coordinates":[[-87.78041,41.86913],[-87.7804,41.86904]]}},{"type":"Feature","properties":{"street_name":"CHICAGO AVE","address_left_from":1107,"address_left_to":1109,"address_right_from":1054,"address_right_to":1098},"geometry":{"type":"LineString","coordinates":[[-87.80312,41.89426],[-87.80315,41.89426],[-87.80327,41.89426]]}},{"type":"Feature","properties":{"street_name":"WOODBINE AVE","address_left_from":651,"address_left_to":699,"address_right_from":648,"address_right_to":698},"geometry":{"type":"LineString","coordinates":[[-87.79926,41.89788],[-87.79927,41.89798]]}},{"type":"Feature","properties":{"street_name":"HAYES AVE","address_left_from":953,"address_left_to":999,"address_right_from":952,"address_right_to":998},"geometry":{"type":"LineString","coordinates":[[-87.77909,41.90378],[-87.77909,41.90387]]}},{"type":"Feature","properties":{"street_name":"HAYES AVE","address_left_from":1055,"address_left_to":1099,"address_right_from":1054,"address_right_to":1098},"geometry":{"type":"LineString","coordinates":[[-87.77915,41.90576],[-87.77916,41.90584]]}},{"type":"Feature","properties":{"street_name":"WOODBINE AVE","address_left_from":551,"address_left_to":599,"address_right_from":548,"address_right_to":598},"geometry":{"type":"LineString","coordinates":[[-87.7992,41.89604],[-87.79921,41.89614]]}},{"type":"Feature","properties":{"street_name":"FRANCISCO TER","address_left_from":142,"address_left_to":198,"address_right_from":-1,"address_right_to":-1},"geometry":{"type":"LineString","coordinates":[[-87.79089,41.8884],[-87.7909,41.88853]]}},{"type":"Feature","properties":{"street_name":"CHICAGO AVE","address_left_from":435,"address_left_to":467,"address_right_from":434,"address_right_to":466},"geometry":{"type":"LineString","coordinates":[[-87.78651,41.89455],[-87.78698,41.89454],[-87.78732,41.89453]]}},{"type":"Feature","properties":{"street_name":"CHICAGO AVE","address_left_from":931,"address_left_to":955,"address_right_from":932,"address_right_to":954},"geometry":{"type":"LineString","coordinates":[[-87.79915,41.89433],[-87.79939,41.89432],[-87.79978,41.89432],[-87.80024,41.89431],[-87.80034,41.89431]]}},{"type":"Feature","properties":{"street_name":"ERIE ST","address_left_from":701,"address_left_to":715,"address_right_from":700,"address_right_to":714},"geometry":{"type":"LineString","coordinates":[[-87.79278,41.89159],[-87.79325,41.89158],[-87.79369,41.89157]]}},{"type":"Feature","properties":{"street_name":"CHICAGO AVE","address_left_from":101,"address_left_to":115,"address_right_from":100,"address_right_to":114},"geometry":{"type":"LineString","coordinates":[[-87.77838,41.89467],[-87.77877,41.89466],[-87.77919,41.89466]]}},{"type":"Feature","properties":{"street_name":"ONTARIO ST","address_left_from":1133,"address_left_to":1149,"address_right_from":1134,"address_right_to":1148},"geometry":{"type":"LineString","coordinates":[[-87.80427,41.89056],[-87.80499,41.89055]]}},{"type":"Feature","properties":{"street_name":"ONTARIO ST","address_left_from":717,"address_left_to":723,"address_right_from":716,"address_right_to":732},"geometry":{"type":"LineString","coordinates":[[-87.79366,41.89021],[-87.79433,41.8902],[-87.79444,41.8902]]}},{"type":"Feature","properties":{"street_name":"N SCOVILLE AVE","address_left_from":301,"address_left_to":335,"address_right_from":300,"address_right_to":334},"geometry":{"type":"LineString","coordinates":[[-87.78805,41.89166],[-87.78806,41.89181],[-87.78809,41.89288],[-87.78809,41.89296]]}},{"type":"Feature","properties":{"street_name":"WOODBINE AVE","address_left_from":601,"address_left_to":649,"address_right_from":600,"address_right_to":646},"geometry":{"type":"LineString","coordinates":[[-87.79921,41.89614],[-87.79923,41.89687],[-87.79926,41.89783],[-87.79926,41.89788]]}},{"type":"Feature","properties":{"street_name":"HAYES AVE","address_left_from":801,"address_left_to":845,"address_right_from":800,"address_right_to":844},"geometry":{"type":"LineString","coordinates":[[-87.77897,41.90013],[-87.77897,41.90034],[-87.77902,41.90173],[-87.77902,41.90187]]}},{"type":"Feature","properties":{"street_name":"ONTARIO ST","address_left_from":441,"address_left_to":471,"address_right_from":440,"address_right_to":470},"geometry":{"type":"LineString","coordinates":[[-87.78639,41.89034],[-87.78673,41.89033],[-87.7871,41.89032],[-87.7872,41.89032]]}},{"type":"Feature","properties":{"street_name":"ERIE ST","address_left_from":1111,"address_left_to":1113,"address_right_from":1110,"address_right_to":1112},"geometry":{"type":"LineString","coordinates":[[-87.80332,41.89186],[-87.80339,41.89185]]}},{"type":"Feature","properties":{"street_name":"S HARVEY AVE","address_left_from":2,"address_left_to":98,"address_right_from":1,"address_right_to":99},"geometry":{"type":"LineString","coordinates":[[-87.78141,41.88729],[-87.78141,41.88725],[-87.78141,41.88717],[-87.78141,41.88713],[-87.78138,41.88704]]}},{"type":"Feature","properties":{"street_name":"ONTARIO ST","address_left_from":423,"address_left_to":439,"address_right_from":422,"address_right_to":438},"geometry":{"type":"LineString","coordinates":[[-87.78557,41.89035],[-87.78615,41.89034],[-87.78639,41.89034]]}},{"type":"Feature","properties":{"street_name":"FRANCISCO TER","address_left_from":-1,"address_left_to":-1,"address_right_from":121,"address_right_to":125},"geometry":{"type":"LineString","coordinates":[[-87.79121,41.88789],[-87.79132,41.88789],[-87.79141,41.88789]]}},{"type":"Feature","properties":{"street_name":"ERIE ST","address_left_from":441,"address_left_to":471,"address_right_from":440,"address_right_to":470},"geometry":{"type":"LineString","coordinates":[[-87.78642,41.89169],[-87.78692,41.89168],[-87.78724,41.89168]]}},{"type":"Feature","properties":{"street_name":"I290 RAMP E","address_left_from":-1,"address_left_to":-1,"address_right_from":-1,"address_right_to":-1},"geometry":{"type":"LineString","coordinates":[[-87.77507,41.87112],[-87.77468,41.87109],[-87.77433,41.87107]]}},{"type":"Feature","properties":{"street_name":"S HARVEY AVE","address_left_from":1000,"address_left_to":1048,"address_right_from":1001,"address_right_to":1049},"geometry":{"type":"LineString","coordinates":[[-87.78047,41.87083],[-87.78043,41.86969],[-87.78041,41.86925],[-87.78041,41.86913]]}},{"type":"Feature","properties":{"street_name":"ONTARIO ST","address_left_from":901,"address_left_to":939,"address_right_from":900,"address_right_to":942},"geometry":{"type":"LineString","coordinates":[[-87.79755,41.89018],[-87.79786,41.89018],[-87.79839,41.89017],[-87.79924,41.89015],[-87.79953,41.89015]]}},{"type":"Feature","properties":{"street_name":"ONTARIO ST","address_left_from":101,"address_left_to":151,"address_right_from":100,"address_right_to":150},"geometry":{"type":"LineString","coordinates":[[-87.77825,41.89046],[-87.77861,41.89045],[-87.77907,41.89044]]}},{"type":"Feature","properties":{"street_name":"ONTARIO ST","address_left_from":831,"address_left_to":867,"address_right_from":830,"address_right_to":842},"geometry":{"type":"LineString","coordinates":[[-87.79606,41.89019],[-87.79642,41.89019],[-87.7968,41.89019],[-87.79682,41.89019],[-87.79684,41.89019]]}},{"type":"Feature","properties":{"street_name":"S HARVEY AVE","address_left_from":400,"address_left_to":408,"address_right_from":401,"address_right_to":409},"geometry":{"type":"LineString","coordinates":[[-87.78125,41.88177],[-87.78124,41.88153],[-87.78123,41.88127]]}},{"type":"Feature","properties":{"street_name":"CHICAGO AVE","address_left_from":901,"address_left_to":929,"address_right_from":900,"address_right_to":930},"geometry":{"type":"LineString","coordinates":[[-87.79767,41.89436],[-87.798,41.89435],[-87.79866,41.89434],[-87.79915,41.89433]]}},{"type":"Feature","properties":{"street_name":"ONTARIO ST","address_left_from":231,"address_left_to":249,"address_right_from":230,"address_right_to":248},"geometry":{"type":"LineString","coordinates":[[-87.78151,41.89041],[-87.78193,41.8904],[-87.78231,41.8904]]}},{"type":"Feature","properties":{"street_name":"S HARVEY AVE","address_left_from":1150,"address_left_to":1186,"address_right_from":1151,"address_right_to":1187},"geometry":{"type":"LineString","coordinates":[[-87.78034,41.86721],[-87.78033,41.86696],[-87.7803,41.86599],[-87.78029,41.86584]]}},{"type":"Feature","properties":{"street_name":"HAYES AVE","address_left_from":1211,"address_left_to":1231,"address_right_from":1210,"address_right_to":1230},"geometry":{"type":"LineString","coordinates":[[-87.77947,41.90792],[-87.7795,41.90861]]}},{"type":"Feature","properties":{"street_name":"FRANCISCO TER","address_left_from":126,"address_left_to":140,"address_right_from":-1,"address_right_to":-1},"geometry":{"type":"LineString","coordinates":[[-87.79086,41.88817],[-87.79086,41.88817],[-87.79087,41.88817],[-87.79087,41.88818],[-87.79088,41.88818],[-87.79088,41.88819],[-87.79088,41.88819],[-87.79089,41.8884]]}},{"type":"Feature","properties":{"street_name":"HAYES AVE","address_left_from":1131,"address_left_to":1199,"address_right_from":1130,"address_right_to":1198},"geometry":{"type":"LineString","coordinates":[[-87.77945,41.90695],[-87.77945,41.90696],[-87.77946,41.90737]]}},{"type":"Feature","properties":{"street_name":"S HARVEY AVE","address_left_from":310,"address_left_to":344,"address_right_from":311,"address_right_to":345},"geometry":{"type":"LineString","coordinates":[[-87.78129,41.88333],[-87.78128,41.88296],[-87.78126,41.88226]]}},{"type":"Feature","properties":{"street_name":"ERIE ST","address_left_from":601,"address_left_to":617,"address_right_from":600,"address_right_to":616},"geometry":{"type":"LineString","coordinates":[[-87.78969,41.89164],[-87.79022,41.89163],[-87.79048,41.89162]]}},{"type":"Feature","properties":{"street_name":"ERIE ST","address_left_from":1131,"address_left_to":1139,"address_right_from":1130,"address_right_to":1138},"geometry":{"type":"LineString","coordinates":[[-87.80431,41.89184],[-87.8045,41.89183]]}},{"type":"Feature","properties":{"street_name":"S HARVEY AVE","address_left_from":346,"address_left_to":360,"address_right_from":347,"address_right_to":359},"geometry":{"type":"LineString","coordinates":[[-87.78126,41.88226],[-87.78126,41.88223],[-87.78125,41.88186]]}},{"type":"Feature","properties":{"street_name":"ONTARIO ST","address_left_from":17,"address_left_to":29,"address_right_from":16,"address_right_to":28},"geometry":{"type":"LineString","coordinates":[[-87.77582,41.89049],[-87.77636,41.89048],[-87.77663,41.89048]]}},{"type":"Feature","properties":{"street_name":"ERIE ST","address_left_from":473,"address_left_to":499,"address_right_from":472,"address_right_to":498},"geometry":{"type":"LineString","coordinates":[[-87.78724,41.89168],[-87.7876,41.89167],[-87.78805,41.89166]]}},{"type":"Feature","properties":{"street_name":"ONTARIO ST","address_left_from":711,"address_left_to":715,"address_right_from":710,"address_right_to":714},"geometry":{"type":"LineString","coordinates":[[-87.79345,41.89022],[-87.79366,41.89021]]}},{"type":"Feature","properties":{"street_name":"ONTARIO ST","address_left_from":301,"address_left_to":351,"address_right_from":300,"address_right_to":314},"geometry":{"type":"LineString","coordinates":[[-87.78313,41.89039],[-87.78368,41.89038],[-87.78394,41.89038]]}},{"type":"Feature","properties":{"street_name":"CHICAGO AVE","address_left_from":301,"address_left_to":331,"address_right_from":300,"address_right_to":332},"geometry":{"type":"LineString","coordinates":[[-87.78326,41.8946],[-87.78359,41.89459],[-87.78444,41.89458],[-87.78473,41.89458]]}},{"type":"Feature","properties":{"street_name":"ERIE ST","address_left_from":301,"address_left_to":309,"address_right_from":300,"address_right_to":308},"geometry":{"type":"LineString","coordinates":[[-87.78317,41.89174],[-87.78363,41.89174],[-87.78398,41.89173]]}},{"type":"Feature","properties":{"street_name":"ONTARIO ST","address_left_from":473,"address_left_to":499,"address_right_from":472,"address_right_to":498},"geometry":{"type":"LineString","coordinates":[[-87.7872,41.89032],[-87.78801,41.89031]]}},{"type":"Feature","properties":{"street_name":"S HARVEY AVE","address_left_from":1188,"address_left_to":1198,"address_right_from":1189,"address_right_to":1199},"geometry":{"type":"LineString","coordinates":[[-87.78029,41.86584],[-87.78028,41.86556],[-87.78028,41.86539]]}},{"type":"Feature","properties":{"street_name":"CHICAGO AVE","address_left_from":553,"address_left_to":599,"address_right_from":516,"address_right_to":598},"geometry":{"type":"LineString","coordinates":[[-87.78895,41.89451],[-87.78943,41.8945],[-87.78977,41.89449]]}},{"type":"Feature","properties":{"street_name":"ONTARIO ST","address_left_from":651,"address_left_to":699,"address_right_from":650,"address_right_to":698},"geometry":{"type":"LineString","coordinates":[[-87.79196,41.89024],[-87.79232,41.89023],[-87.79274,41.89023]]}},{"type":"Feature","properties":{"street_name":"ONTARIO ST","address_left_from":67,"address_left_to":99,"address_right_from":66,"address_right_to":98},"geometry":{"type":"LineString","coordinates":[[-87.77744,41.89047],[-87.77795,41.89046],[-87.77825,41.89046]]}},{"type":"Feature","properties":{"street_name":"WOODBINE AVE","address_left_from":701,"address_left_to":747,"address_right_from":700,"address_right_to":744},"geometry":{"type":"LineString","coordinates":[[-87.79927,41.89798],[-87.79927,41.89819],[-87.7993,41.89892],[-87.79931,41.89947],[-87.79932,41.89972]]}},{"type":"Feature","properties":{"street_name":"CHICAGO AVE","address_left_from":501,"address_left_to":551,"address_right_from":500,"address_right_to":514},"geometry":{"type":"LineString","coordinates":[[-87.78813,41.89452],[-87.78854,41.89451],[-87.78895,41.89451]]}},{"type":"Feature","properties":{"street_name":"CHICAGO AVE","address_left_from":1101,"address_left_to":1105,"address_right_from":1048,"address_right_to":1052},"geometry":{"type":"LineString","coordinates":[[-87.80283,41.89426],[-87.80312,41.89426]]}},{"type":"Feature","properties":{"street_name":"SUSAN COLLINS LN","address_left_from":1001,"address_left_to":1043,"address_right_from":1000,"address_right_to":1048},"geometry":{"type":"LineString","coordinates":[[-87.80173,41.87999],[-87.8022,41.87999]]}},{"type":"Feature","properties":{"street_name":"CHICAGO AVE","address_left_from":251,"address_left_to":267,"address_right_from":252,"address_right_to":266},"geometry":{"type":"LineString","coordinates":[[-87.78244,41.89461],[-87.78283,41.8946],[-87.78311,41.8946]]}},{"type":"Feature","properties":{"street_name":"CHICAGO AVE","address_left_from":1111,"address_left_to":1113,"address_right_from":1100,"address_right_to":1102},"geometry":{"type":"LineString","coordinates":[[-87.80327,41.89426],[-87.80348,41.89425]]}},{"type":"Feature","properties":{"street_name":"HAYES AVE","address_left_from":1201,"address_left_to":1203,"address_right_from":1200,"address_right_to":1202},"geometry":{"type":"LineString","coordinates":[[-87.77946,41.90737],[-87.77946,41.90746],[-87.77946,41.90749]]}},{"type":"Feature","properties":{"street_name":"WOODBINE AVE","address_left_from":1201,"address_left_to":1237,"address_right_from":1200,"address_right_to":1238},"geometry":{"type":"LineString","coordinates":[[-87.79955,41.90713],[-87.79956,41.90745],[-87.79958,41.90805],[-87.79959,41.90823],[-87.79959,41.90834],[-87.79959,41.90844],[-87.79959,41.90846]]}},{"type":"Feature","properties":{"street_name":"HAYES AVE","address_left_from":701,"address_left_to":749,"address_right_from":700,"address_right_to":748},"geometry":{"type":"LineString","coordinates":[[-87.77891,41.89831],[-87.77892,41.89863],[-87.77896,41.89985],[-87.77896,41.90004]]}},{"type":"Feature","properties":{"street_name":"ERIE ST","address_left_from":1001,"address_left_to":1015,"address_right_from":1000,"address_right_to":1014},"geometry":{"type":"LineString","coordinates":[[-87.80028,41.89192],[-87.80084,41.89191],[-87.80115,41.8919]]}},{"type":"Feature","properties":{"street_name":"ONTARIO ST","address_left_from":1021,"address_left_to":1031,"address_right_from":1020,"address_right_to":1032},"geometry":{"type":"LineString","coordinates":[[-87.80111,41.89063],[-87.80125,41.89062],[-87.80175,41.89061],[-87.80196,41.89061]]}},{"type":"Feature","properties":{"street_name":"ERIE ST","address_left_from":1141,"address_left_to":1199,"address_right_from":1140,"address_right_to":1198},"geometry":{"type":"LineString","coordinates":[[-87.8045,41.89183],[-87.80453,41.89183],[-87.80496,41.89183],[-87.80516,41.89182]]}},{"type":"Feature","properties":{"street_name":"ONTARIO ST","address_left_from":1033,"address_left_to":1099,"address_right_from":1040,"address_right_to":1098},"geometry":{"type":"LineString","coordinates":[[-87.80196,41.89061],[-87.80226,41.8906],[-87.80254,41.89059],[-87.80271,41.89059]]}},{"type":"Feature","properties":{"street_name":"WOODBINE AVE","address_left_from":1001,"address_left_to":1049,"address_right_from":1000,"address_right_to":1048},"geometry":{"type":"LineString","coordinates":[[-87.79944,41.90346],[-87.79946,41.90431],[-87.79948,41.90504],[-87.79949,41.90521]]}},{"type":"Feature","properties":{"street_name":"FRANCISCO TER","address_left_from":-1,"address_left_to":-1,"address_right_from":127,"address_right_to":199},"geometry":{"type":"LineString","coordinates":[[-87.79141,41.88789],[-87.79142,41.88796],[-87.79142,41.88803],[-87.79143,41.8882],[-87.79144,41.88835],[-87.79144,41.88854]]}},{"type":"Feature","properties":{"street_name":"CHICAGO AVE","address_left_from":401,"address_left_to":413,"address_right_from":400,"address_right_to":408},"geometry":{"type":"LineString","coordinates":[[-87.78488,41.89457],[-87.7853,41.89457],[-87.78569,41.89456]]}},{"type":"Feature","properties":{"street_name":"ONTARIO ST","address_left_from":217,"address_left_to":229,"address_right_from":216,"address_right_to":228},"geometry":{"type":"LineString","coordinates":[[-87.78069,41.89042],[-87.78116,41.89041],[-87.78151,41.89041]]}},{"type":"Feature","properties":{"street_name":"WOODBINE AVE","address_left_from":901,"address_left_to":999,"address_right_from":900,"address_right_to":998},"geometry":{"type":"LineString","coordinates":[[-87.79943,41.90337],[-87.79944,41.90346]]}},{"type":"Feature","properties":{"street_name":"HAYES AVE","address_left_from":1233,"address_left_to":1299,"address_right_from":1232,"address_right_to":1298},"geometry":{"type":"LineString","coordinates":[[-87.77952,41.90871],[-87.77952,41.90886],[-87.77952,41.90905],[-87.77952,41.9091],[-87.77952,41.90921]]}},{"type":"Feature","properties":{"street_name":"I290 RAMP E","address_left_from":-1,"address_left_to":-1,"address_right_from":-1,"address_right_to":-1},"geometry":{"type":"LineString","coordinates":[[-87.77679,41.87124],[-87.77507,41.87112]]}},{"type":"Feature","properties":{"street_name":"N SCOVILLE AVE","address_left_from":201,"address_left_to":233,"address_right_from":200,"address_right_to":234},"geometry":{"type":"LineString","coordinates":[[-87.78801,41.89031],[-87.78802,41.89043],[-87.78804,41.89137],[-87.78805,41.89158]]}},{"type":"Feature","properties":{"street_name":"S HARVEY AVE","address_left_from":510,"address_left_to":546,"address_right_from":511,"address_right_to":547},"geometry":{"type":"LineString","coordinates":[[-87.78078,41.8795],[-87.78074,41.87837],[-87.78074,41.87823]]}},{"type":"Feature","properties":{"street_name":"CHICAGO AVE","address_left_from":217,"address_left_to":231,"address_right_from":216,"address_right_to":238},"geometry":{"type":"LineString","coordinates":[[-87.78081,41.89463],[-87.78107,41.89463],[-87.78163,41.89462]]}},{"type":"Feature","properties":{"street_name":"S HARVEY AVE","address_left_from":600,"address_left_to":652,"address_right_from":601,"address_right_to":647},"geometry":{"type":"LineString","coordinates":[[-87.78074,41.87814],[-87.78073,41.87793],[-87.78068,41.87648],[-87.78068,41.87643]]}},{"type":"Feature","properties":{"street_name":"CHICAGO AVE","address_left_from":839,"address_left_to":849,"address_right_from":840,"address_right_to":850},"geometry":{"type":"LineString","coordinates":[[-87.79617,41.89438],[-87.79658,41.89438],[-87.79707,41.89437]]}},{"type":"Feature","properties":{"street_name":"S HARVEY AVE","address_left_from":500,"address_left_to":508,"address_right_from":501,"address_right_to":509},"geometry":{"type":"LineString","coordinates":[[-87.7808,41.87999],[-87.78078,41.8795]]}},{"type":"Feature","properties":{"street_name":"S HARVEY AVE","address_left_from":800,"address_left_to":844,"address_right_from":801,"address_right_to":847},"geometry":{"type":"LineString","coordinates":[[-87.78061,41.87452],[-87.7806,41.87432],[-87.78057,41.87364],[-87.78055,41.87278]]}},{"type":"Feature","properties":{"street_name":"ERIE ST","address_left_from":269,"address_left_to":299,"address_right_from":268,"address_right_to":298},"geometry":{"type":"LineString","coordinates":[[-87.78236,41.89176],[-87.78243,41.89176],[-87.78317,41.89174]]}},{"type":"Feature","properties":{"street_name":"I290 RAMP E","address_left_from":-1,"address_left_to":-1,"address_right_from":-1,"address_right_to":-1},"geometry":{"type":"LineString","coordinates":[[-87.80227,41.8734],[-87.80172,41.87335],[-87.80135,41.87331],[-87.80118,41.87328]]}},{"type":"Feature","properties":{"street_name":"S HARVEY AVE","address_left_from":200,"address_left_to":228,"address_right_from":201,"address_right_to":231},"geometry":{"type":"LineString","coordinates":[[-87.78134,41.88527],[-87.78131,41.88417],[-87.78131,41.88412]]}},{"type":"Feature","properties":{"street_name":"ERIE ST","address_left_from":401,"address_left_to":421,"address_right_from":400,"address_right_to":420},"geometry":{"type":"LineString","coordinates":[[-87.7848,41.89172],[-87.7852,41.89171],[-87.78561,41.89171]]}},{"type":"Feature","properties":{"street_name":"ONTARIO ST","address_left_from":941,"address_left_to":999,"address_right_from":944,"address_right_to":998},"geometry":{"type":"LineString","coordinates":[[-87.79953,41.89015],[-87.80023,41.89014]]}},{"type":"Feature","properties":{"street_name":"S HARVEY AVE","address_left_from":1100,"address_left_to":1148,"address_right_from":1101,"address_right_to":1149},"geometry":{"type":"LineString","coordinates":[[-87.7804,41.86904],[-87.7804,41.86895],[-87.78038,41.86822],[-87.78035,41.86744],[-87.78034,41.86721]]}},{"type":"Feature","properties":{"street_name":"HAYES AVE","address_left_from":901,"address_left_to":951,"address_right_from":900,"address_right_to":950},"geometry":{"type":"LineString","coordinates":[[-87.77903,41.90196],[-87.77903,41.90213],[-87.77906,41.90278],[-87.77908,41.9036],[-87.77909,41.90378]]}},{"type":"Feature","properties":{"street_name":"ONTARIO ST","address_left_from":353,"address_left_to":399,"address_right_from":316,"address_right_to":398},"geometry":{"type":"LineString","coordinates":[[-87.78394,41.89038],[-87.78451,41.89037],[-87.78476,41.89036]]}},{"type":"Feature","properties":{"street_name":"ONTARIO ST","address_left_from":869,"address_left_to":899,"address_right_from":844,"address_right_to":898},"geometry":{"type":"LineString","coordinates":[[-87.79684,41.89019],[-87.79687,41.89019],[-87.79725,41.89018],[-87.79755,41.89018]]}},{"type":"Feature","properties":{"street_name":"ONTARIO ST","address_left_from":31,"address_left_to":65,"address_right_from":30,"address_right_to":64},"geometry":{"type":"LineString","coordinates":[[-87.77663,41.89048],[-87.77702,41.89047],[-87.77744,41.89047]]}},{"type":"Feature","properties":{"street_name":"S HARVEY AVE","address_left_from":100,"address_left_to":108,"address_right_from":101,"address_right_to":109},"geometry":{"type":"LineString","coordinates":[[-87.78138,41.88704],[-87.78137,41.88649]]}},{"type":"Feature","properties":{"street_name":"ERIE ST","address_left_from":219,"address_left_to":233,"address_right_from":218,"address_right_to":232},"geometry":{"type":"LineString","coordinates":[[-87.78073,41.89178],[-87.78116,41.89177],[-87.78155,41.89177]]}},{"type":"Feature","properties":{"street_name":"N HUMPHREY AVE","address_left_from":1211,"address_left_to":1235,"address_right_from":1210,"address_right_to":1232},"geometry":{"type":"LineString","coordinates":[[-87.77687,41.90796],[-87.77688,41.90839],[-87.77689,41.90857],[-87.77689,41.90861],[-87.77689,41.90863],[-87.77688,41.90865],[-87.77687,41.90867],[-87.77686,41.90869],[-87.77686,41.90871],[-87.7769,41.90875]]}},{"type":"Feature","properties":{"street_name":"N HUMPHREY AVE","address_left_from":1201,"address_left_to":1203,"address_right_from":1200,"address_right_to":1202},"geometry":{"type":"LineString","coordinates":[[-87.77685,41.90741],[-87.77685,41.90753]]}},{"type":"Feature","properties":{"street_name":"N HUMPHREY AVE","address_left_from":501,"address_left_to":513,"address_right_from":500,"address_right_to":512},"geometry":{"type":"LineString","coordinates":[[-87.77676,41.89469],[-87.77678,41.89523]]}},{"type":"Feature","properties":{"street_name":"MADISON ST","address_left_from":301,"address_left_to":311,"address_right_from":254,"address_right_to":270},"geometry":{"type":"LineString","coordinates":[[-87.78201,41.87997],[-87.78268,41.87996]]}},{"type":"Feature","properties":{"street_name":"MADISON ST","address_left_from":631,"address_left_to":651,"address_right_from":630,"address_right_to":646},"geometry":{"type":"LineString","coordinates":[[-87.791,41.87982],[-87.79181,41.87981]]}},{"type":"Feature","properties":{"street_name":"MADISON ST","address_left_from":981,"address_left_to":999,"address_right_from":972,"address_right_to":998},"geometry":{"type":"LineString","coordinates":[[-87.79954,41.87968],[-87.79987,41.87968]]}},{"type":"Feature","properties":{"street_name":"WASHINGTON BLVD","address_left_from":831,"address_left_to":841,"address_right_from":830,"address_right_to":840},"geometry":{"type":"LineString","coordinates":[[-87.79565,41.8816],[-87.79589,41.88159],[-87.79632,41.88158]]}},{"type":"Feature","properties":{"street_name":"N EAST AVE","address_left_from":301,"address_left_to":399,"address_right_from":300,"address_right_to":398},"geometry":{"type":"LineString","coordinates":[[-87.78969,41.89164],[-87.7897,41.89201],[-87.78972,41.89279],[-87.78973,41.89302]]}},{"type":"Feature","properties":{"street_name":"WESLEY AVE","address_left_from":434,"address_left_to":498,"address_right_from":435,"address_right_to":499},"geometry":{"type":"LineString","coordinates":[[-87.79101,41.88034],[-87.791,41.87982]]}},{"type":"Feature","properties":{"street_name":"N EAST AVE","address_left_from":801,"address_left_to":853,"address_right_from":800,"address_right_to":852},"geometry":{"type":"LineString","coordinates":[[-87.78994,41.89981],[-87.78995,41.90004],[-87.78998,41.90134],[-87.78999,41.9016],[-87.78999,41.9017]]}},{"type":"Feature","properties":{"street_name":"WASHINGTON BLVD","address_left_from":1001,"address_left_to":1015,"address_right_from":1000,"address_right_to":1014},"geometry":{"type":"LineString","coordinates":[[-87.79994,41.88149],[-87.80058,41.88148],[-87.80075,41.88147]]}},{"type":"Feature","properties":{"street_name":"WASHINGTON BLVD","address_left_from":813,"address_left_to":829,"address_right_from":812,"address_right_to":828},"geometry":{"type":"LineString","coordinates":[[-87.79498,41.88161],[-87.79521,41.88161],[-87.79565,41.8816]]}},{"type":"Feature","properties":{"street_name":"COLUMBIAN AVE","address_left_from":711,"address_left_to":745,"address_right_from":710,"address_right_to":744},"geometry":{"type":"LineString","coordinates":[[-87.79113,41.89859],[-87.79113,41.89886],[-87.79115,41.89955],[-87.79116,41.8997]]}},{"type":"Feature","properties":{"street_name":"MADISON ST","address_left_from":121,"address_left_to":125,"address_right_from":108,"address_right_to":134},"geometry":{"type":"LineString","coordinates":[[-87.77832,41.88003],[-87.77943,41.88003]]}},{"type":"Feature","properties":{"street_name":"MADISON ST","address_left_from":1001,"address_left_to":1015,"address_right_from":1000,"address_right_to":1014},"geometry":{"type":"LineString","coordinates":[[-87.79987,41.87968],[-87.80017,41.87967],[-87.80069,41.87967]]}},{"type":"Feature","properties":{"street_name":"PENNSYLVANIA WAY","address_left_from":430,"address_left_to":458,"address_right_from":431,"address_right_to":459},"geometry":{"type":"LineString","coordinates":[[-87.80152,41.88025],[-87.80152,41.88004],[-87.80152,41.87994]]}},{"type":"Feature","properties":{"street_name":"N HUMPHREY AVE","address_left_from":131,"address_left_to":133,"address_right_from":128,"address_right_to":130},"geometry":{"type":"LineString","coordinates":[[-87.77657,41.88863],[-87.77657,41.88869]]}},{"type":"Feature","properties":{"street_name":"MADISON ST","address_left_from":927,"address_left_to":929,"address_right_from":930,"address_right_to":940},"geometry":{"type":"LineString","coordinates":[[-87.79839,41.8797],[-87.7986,41.8797],[-87.79883,41.8797]]}},{"type":"Feature","properties":{"street_name":"I290 EXPY W","address_left_from":-1,"address_left_to":-1,"address_right_from":-1,"address_right_to":-1},"geometry":{"type":"LineString","coordinates":[[-87.79897,41.87322],[-87.79915,41.87324]]}},{"type":"Feature","properties":{"street_name":"I290 EXPY W","address_left_from":-1,"address_left_to":-1,"address_right_from":-1,"address_right_to":-1},"geometry":{"type":"LineString","coordinates":[[-87.78911,41.87238],[-87.78921,41.87238],[-87.78956,41.8724],[-87.79018,41.87241],[-87.79101,41.87241],[-87.7916,41.87245],[-87.79209,41.87249],[-87.7929,41.87256],[-87.79307,41.87257],[-87.79373,41.87263],[-87.7939,41.87265],[-87.79401,41.87266]]}},{"type":"Feature","properties":{"street_name":"I290 EXPY W","address_left_from":-1,"address_left_to":-1,"address_right_from":-1,"address_right_to":-1},"geometry":{"type":"LineString","coordinates":[[-87.77827,41.87146],[-87.77837,41.87146],[-87.77919,41.87152],[-87.77926,41.87152]]}},{"type":"Feature","properties":{"street_name":"I290 EXPY W","address_left_from":-1,"address_left_to":-1,"address_right_from":-1,"address_right_to":-1},"geometry":{"type":"LineString","coordinates":[[-87.79401,41.87266],[-87.79412,41.87267],[-87.79508,41.87275],[-87.79639,41.8729],[-87.79749,41.87303],[-87.79871,41.87319],[-87.79897,41.87322]]}},{"type":"Feature","properties":{"street_name":"I290 EXPY W","address_left_from":-1,"address_left_to":-1,"address_right_from":-1,"address_right_to":-1},"geometry":{"type":"LineString","coordinates":[[-87.78419,41.87194],[-87.7843,41.87194],[-87.78761,41.87223],[-87.78813,41.87229],[-87.78894,41.87237],[-87.789,41.87237],[-87.78911,41.87238]]}},{"type":"Feature","properties":{"street_name":"S MARION ST","address_left_from":2,"address_left_to":98,"address_right_from":1,"address_right_to":99},"geometry":{"type":"LineString","coordinates":[[-87.80248,41.88697],[-87.80253,41.88674]]}},{"type":"Feature","properties":{"street_name":"EDMER AVE","address_left_from":1233,"address_left_to":1299,"address_right_from":1236,"address_right_to":1298},"geometry":{"type":"LineString","coordinates":[[-87.78473,41.90857],[-87.78474,41.90865]]}},{"type":"Feature","properties":{"street_name":"EDMER AVE","address_left_from":1145,"address_left_to":1199,"address_right_from":1144,"address_right_to":1198},"geometry":{"type":"LineString","coordinates":[[-87.78469,41.90723],[-87.78469,41.90732]]}},{"type":"Feature","properties":{"street_name":"N OAK PARK AVE","address_left_from":1051,"address_left_to":1099,"address_right_from":1046,"address_right_to":1048},"geometry":{"type":"LineString","coordinates":[[-87.79496,41.90527],[-87.79496,41.90536]]}},{"type":"Feature","properties":{"street_name":"N OAK PARK AVE","address_left_from":651,"address_left_to":699,"address_right_from":648,"address_right_to":698},"geometry":{"type":"LineString","coordinates":[[-87.79477,41.89796],[-87.79477,41.89807]]}},{"type":"Feature","properties":{"street_name":"N OAK PARK AVE","address_left_from":343,"address_left_to":399,"address_right_from":330,"address_right_to":398},"geometry":{"type":"LineString","coordinates":[[-87.79464,41.89293],[-87.79464,41.89302]]}},{"type":"Feature","properties":{"street_name":"PLEASANT ST","address_left_from":1151,"address_left_to":1199,"address_right_from":1152,"address_right_to":1198},"geometry":{"type":"LineString","coordinates":[[-87.80482,41.88541],[-87.80494,41.88541]]}},{"type":"Feature","properties":{"street_name":"HOME AVE","address_left_from":340,"address_left_to":398,"address_right_from":345,"address_right_to":399},"geometry":{"type":"LineString","coordinates":[[-87.79994,41.88158],[-87.79994,41.88149]]}},{"type":"Feature","properties":{"street_name":"HOME AVE","address_left_from":636,"address_left_to":698,"address_right_from":639,"address_right_to":699},"geometry":{"type":"LineString","coordinates":[[-87.79977,41.87693],[-87.79977,41.87684]]}},{"type":"Feature","properties":{"street_name":"CARPENTER AVE","address_left_from":868,"address_left_to":898,"address_right_from":867,"address_right_to":899},"geometry":{"type":"LineString","coordinates":[[-87.79605,41.87311],[-87.79605,41.87306]]}},{"type":"Feature","properties":{"street_name":"HOME AVE","address_left_from":1050,"address_left_to":1098,"address_right_from":1051,"address_right_to":1099},"geometry":{"type":"LineString","coordinates":[[-87.79911,41.86881],[-87.79911,41.86872]]}},{"type":"Feature","properties":{"street_name":"ALLEY","address_left_from":-1,"address_left_to":-1,"address_right_from":-1,"address_right_to":-1},"geometry":{"type":"LineString","coordinates":[[-87.78199,41.87948],[-87.78184,41.87948],[-87.78154,41.87948],[-87.78139,41.87949]]}},{"type":"Feature","properties":{"street_name":"ALLEY","address_left_from":-1,"address_left_to":-1,"address_right_from":-1,"address_right_to":-1},"geometry":{"type":"LineString","coordinates":[[-87.78146,41.90869],[-87.78158,41.90869],[-87.78169,41.90869],[-87.78176,41.90869],[-87.78187,41.90868],[-87.78195,41.90868],[-87.78203,41.90868],[-87.78211,41.90868]]}},{"type":"Feature","properties":{"street_name":"ALLEY","address_left_from":-1,"address_left_to":-1,"address_right_from":-1,"address_right_to":-1},"geometry":{"type":"LineString","coordinates":[[-87.80041,41.90845],[-87.8003,41.90845],[-87.80012,41.90845],[-87.79994,41.90846],[-87.79985,41.90846],[-87.79959,41.90846]]}},{"type":"Feature","properties":{"street_name":"ALLEY","address_left_from":-1,"address_left_to":-1,"address_right_from":-1,"address_right_to":-1},"geometry":{"type":"LineString","coordinates":[[-87.78569,41.89456],[-87.78568,41.89437],[-87.78566,41.89369],[-87.78563,41.89309]]}},{"type":"Feature","properties":{"street_name":"ALLEY","address_left_from":-1,"address_left_to":-1,"address_right_from":-1,"address_right_to":-1},"geometry":{"type":"LineString","coordinates":[[-87.80476,41.90154],[-87.80476,41.90194],[-87.80478,41.90225],[-87.80479,41.90257],[-87.8048,41.9028],[-87.8048,41.90304],[-87.80482,41.90338]]}},{"type":"Feature","properties":{"street_name":"ALLEY","address_left_from":-1,"address_left_to":-1,"address_right_from":-1,"address_right_to":-1},"geometry":{"type":"LineString","coordinates":[[-87.78532,41.88117],[-87.7852,41.88117],[-87.7845,41.88118]]}},{"type":"Feature","properties":{"street_name":"ALEXANDER LN","address_left_from":1001,"address_left_to":1031,"address_right_from":1000,"address_right_to":1034},"geometry":{"type":"LineString","coordinates":[[-87.8007,41.87996],[-87.80073,41.87996],[-87.80143,41.87994],[-87.80146,41.87994]]}},{"type":"Feature","properties":{"street_name":"ALLEY","address_left_from":-1,"address_left_to":-1,"address_right_from":-1,"address_right_to":-1},"geometry":{"type":"LineString","coordinates":[[-87.77567,41.88628],[-87.77566,41.88563],[-87.77565,41.88536]]}},{"type":"Feature","properties":{"street_name":"ALLEY","address_left_from":-1,"address_left_to":-1,"address_right_from":-1,"address_right_to":-1},"geometry":{"type":"LineString","coordinates":[[-87.77622,41.8723],[-87.77602,41.8723],[-87.77577,41.8723],[-87.77561,41.87231]]}},{"type":"Feature","properties":{"street_name":"ALLEY","address_left_from":-1,"address_left_to":-1,"address_right_from":-1,"address_right_to":-1},"geometry":{"type":"LineString","coordinates":[[-87.78216,41.88525],[-87.78216,41.88501],[-87.78214,41.88451],[-87.78212,41.88377]]}},{"type":"Feature","properties":{"street_name":"ALLEY","address_left_from":-1,"address_left_to":-1,"address_right_from":-1,"address_right_to":-1},"geometry":{"type":"LineString","coordinates":[[-87.78284,41.88049],[-87.78256,41.8805],[-87.78201,41.8805]]}},{"type":"Feature","properties":{"street_name":"ALLEY","address_left_from":-1,"address_left_to":-1,"address_right_from":-1,"address_right_to":-1},"geometry":{"type":"LineString","coordinates":[[-87.79801,41.87687],[-87.79801,41.87678],[-87.79799,41.87625],[-87.79798,41.87591],[-87.79796,41.87552],[-87.79796,41.87545]]}},{"type":"Feature","properties":{"street_name":"ALLEY","address_left_from":-1,"address_left_to":-1,"address_right_from":-1,"address_right_to":-1},"geometry":{"type":"LineString","coordinates":[[-87.78509,41.87992],[-87.78503,41.87863],[-87.78503,41.8784],[-87.78502,41.8782],[-87.78501,41.87808]]}},{"type":"Feature","properties":{"street_name":"ALLEY","address_left_from":-1,"address_left_to":-1,"address_right_from":-1,"address_right_to":-1},"geometry":{"type":"LineString","coordinates":[[-87.78231,41.87083],[-87.78229,41.87015],[-87.78227,41.86961],[-87.78225,41.86916],[-87.78225,41.86901]]}},{"type":"Feature","properties":{"street_name":"ALLEY","address_left_from":-1,"address_left_to":-1,"address_right_from":-1,"address_right_to":-1},"geometry":{"type":"LineString","coordinates":[[-87.79715,41.86875],[-87.79714,41.86854],[-87.79712,41.86789],[-87.7971,41.8673],[-87.79709,41.86697],[-87.79708,41.86693]]}},{"type":"Feature","properties":{"street_name":"ALLEY","address_left_from":-1,"address_left_to":-1,"address_right_from":-1,"address_right_to":-1},"geometry":{"type":"LineString","coordinates":[[-87.78709,41.88642],[-87.78694,41.88642]]}},{"type":"Feature","properties":{"street_name":"ALLEY","address_left_from":-1,"address_left_to":-1,"address_right_from":-1,"address_right_to":-1},"geometry":{"type":"LineString","coordinates":[[-87.77752,41.90795],[-87.77769,41.90795],[-87.77804,41.90794],[-87.77817,41.90794]]}},{"type":"Feature","properties":{"street_name":"ALLEY","address_left_from":-1,"address_left_to":-1,"address_right_from":-1,"address_right_to":-1},"geometry":{"type":"LineString","coordinates":[[-87.78,41.87452],[-87.78001,41.8747],[-87.78002,41.87508],[-87.78004,41.87567],[-87.78006,41.87621],[-87.78006,41.87632]]}},{"type":"Feature","properties":{"street_name":"ALLEY","address_left_from":-1,"address_left_to":-1,"address_right_from":-1,"address_right_to":-1},"geometry":{"type":"LineString","coordinates":[[-87.79485,41.87927],[-87.79483,41.8788],[-87.79481,41.87838],[-87.7948,41.87804],[-87.7948,41.87793]]}},{"type":"Feature","properties":{"street_name":"ALLEY","address_left_from":-1,"address_left_to":-1,"address_right_from":-1,"address_right_to":-1},"geometry":{"type":"LineString","coordinates":[[-87.79352,41.87612],[-87.79351,41.87583],[-87.7935,41.87544],[-87.79348,41.87504],[-87.79347,41.87469],[-87.79346,41.8745],[-87.79346,41.8743]]}},{"type":"Feature","properties":{"street_name":"SUPERIOR ST","address_left_from":311,"address_left_to":399,"address_right_from":310,"address_right_to":398},"geometry":{"type":"LineString","coordinates":[[-87.78401,41.89311],[-87.78457,41.8931],[-87.78483,41.8931]]}},{"type":"Feature","properties":{"street_name":"PLEASANT ST","address_left_from":553,"address_left_to":599,"address_right_from":552,"address_right_to":598},"geometry":{"type":"LineString","coordinates":[[-87.78868,41.88514],[-87.78911,41.88513],[-87.78951,41.88513]]}},{"type":"Feature","properties":{"street_name":"ALLEY","address_left_from":-1,"address_left_to":-1,"address_right_from":-1,"address_right_to":-1},"geometry":{"type":"LineString","coordinates":[[-87.78423,41.87309],[-87.78392,41.87309],[-87.78362,41.8731]]}},{"type":"Feature","properties":{"street_name":"ALLEY","address_left_from":1188,"address_left_to":1198,"address_right_from":1189,"address_right_to":1199},"geometry":{"type":"LineString","coordinates":[[-87.78643,41.86574],[-87.78643,41.86573],[-87.78642,41.86539],[-87.78642,41.86529]]}},{"type":"Feature","properties":{"street_name":"ALLEY","address_left_from":-1,"address_left_to":-1,"address_right_from":-1,"address_right_to":-1},"geometry":{"type":"LineString","coordinates":[[-87.78002,41.89518],[-87.77997,41.89518],[-87.77974,41.89519],[-87.77921,41.8952]]}},{"type":"Feature","properties":{"street_name":"ALLEY","address_left_from":-1,"address_left_to":-1,"address_right_from":-1,"address_right_to":-1},"geometry":{"type":"LineString","coordinates":[[-87.78231,41.8904],[-87.78231,41.89039],[-87.78231,41.89023],[-87.7823,41.88989],[-87.78229,41.88957],[-87.78226,41.88883]]}},{"type":"Feature","properties":{"street_name":"ALLEY","address_left_from":-1,"address_left_to":-1,"address_right_from":-1,"address_right_to":-1},"geometry":{"type":"LineString","coordinates":[[-87.79858,41.87192],[-87.79839,41.87192],[-87.79791,41.87193]]}},{"type":"Feature","properties":{"street_name":"PLEASANT ST","address_left_from":501,"address_left_to":551,"address_right_from":500,"address_right_to":550},"geometry":{"type":"LineString","coordinates":[[-87.78787,41.88515],[-87.78842,41.88514],[-87.78868,41.88514]]}},{"type":"Feature","properties":{"street_name":"ALLEY","address_left_from":-1,"address_left_to":-1,"address_right_from":-1,"address_right_to":-1},"geometry":{"type":"LineString","coordinates":[[-87.78401,41.89311],[-87.784,41.89307],[-87.784,41.89284],[-87.78399,41.89215],[-87.78398,41.89173]]}},{"type":"Feature","properties":{"street_name":"ALLEY","address_left_from":-1,"address_left_to":-1,"address_right_from":-1,"address_right_to":-1},"geometry":{"type":"LineString","coordinates":[[-87.78546,41.88645],[-87.78523,41.88645],[-87.78465,41.88647]]}},{"type":"Feature","properties":{"street_name":"ALLEY","address_left_from":-1,"address_left_to":-1,"address_right_from":-1,"address_right_to":-1},"geometry":{"type":"LineString","coordinates":[[-87.803,41.88825],[-87.80299,41.88799]]}},{"type":"Feature","properties":{"street_name":"ALLEY","address_left_from":-1,"address_left_to":-1,"address_right_from":-1,"address_right_to":-1},"geometry":{"type":"LineString","coordinates":[[-87.78948,41.90859],[-87.78873,41.9086]]}},{"type":"Feature","properties":{"street_name":"ALLEY","address_left_from":-1,"address_left_to":-1,"address_right_from":-1,"address_right_to":-1},"geometry":{"type":"LineString","coordinates":[[-87.80193,41.90843],[-87.80192,41.90774],[-87.8019,41.90745],[-87.80189,41.90709]]}},{"type":"Feature","properties":{"street_name":"ALLEY","address_left_from":-1,"address_left_to":-1,"address_right_from":-1,"address_right_to":-1},"geometry":{"type":"LineString","coordinates":[[-87.80396,41.8971],[-87.80395,41.89703],[-87.80394,41.89677],[-87.80394,41.89671]]}},{"type":"Feature","properties":{"street_name":"ALLEY","address_left_from":-1,"address_left_to":-1,"address_right_from":-1,"address_right_to":-1},"geometry":{"type":"LineString","coordinates":[[-87.77553,41.907],[-87.77553,41.907],[-87.77576,41.90699],[-87.77617,41.90699],[-87.77618,41.90699]]}},{"type":"Feature","properties":{"street_name":"ALLEY","address_left_from":-1,"address_left_to":-1,"address_right_from":-1,"address_right_to":-1},"geometry":{"type":"LineString","coordinates":[[-87.80232,41.87917],[-87.80221,41.87917],[-87.80187,41.87918],[-87.80169,41.87918]]}},{"type":"Feature","properties":{"street_name":"ALLEY","address_left_from":-1,"address_left_to":-1,"address_right_from":-1,"address_right_to":-1},"geometry":{"type":"LineString","coordinates":[[-87.77745,41.87228],[-87.77733,41.87228],[-87.77698,41.87229],[-87.77683,41.87229]]}},{"type":"Feature","properties":{"street_name":"ALLEY","address_left_from":-1,"address_left_to":-1,"address_right_from":-1,"address_right_to":-1},"geometry":{"type":"LineString","coordinates":[[-87.79314,41.9056],[-87.79314,41.90552],[-87.79313,41.90507],[-87.79311,41.90432],[-87.79309,41.90378],[-87.79309,41.90365]]}},{"type":"Feature","properties":{"street_name":"ALLEY","address_left_from":-1,"address_left_to":-1,"address_right_from":-1,"address_right_to":-1},"geometry":{"type":"LineString","coordinates":[[-87.78053,41.88528],[-87.78053,41.88516],[-87.78052,41.88467],[-87.7805,41.88435],[-87.78049,41.88397]]}},{"type":"Feature","properties":{"street_name":"ALLEY","address_left_from":-1,"address_left_to":-1,"address_right_from":-1,"address_right_to":-1},"geometry":{"type":"LineString","coordinates":[[-87.78081,41.89463],[-87.78079,41.89388],[-87.78078,41.8933],[-87.78077,41.89316]]}},{"type":"Feature","properties":{"street_name":"ALLEY","address_left_from":-1,"address_left_to":-1,"address_right_from":-1,"address_right_to":-1},"geometry":{"type":"LineString","coordinates":[[-87.7995,41.87826],[-87.7995,41.8784],[-87.79951,41.87882],[-87.79953,41.87934],[-87.79954,41.87968]]}},{"type":"Feature","properties":{"street_name":"ALLEY","address_left_from":-1,"address_left_to":-1,"address_right_from":-1,"address_right_to":-1},"geometry":{"type":"LineString","coordinates":[[-87.78009,41.90694],[-87.78008,41.90653],[-87.78007,41.90622],[-87.78006,41.90583]]}},{"type":"Feature","properties":{"street_name":"ALLEY","address_left_from":-1,"address_left_to":-1,"address_right_from":-1,"address_right_to":-1},"geometry":{"type":"LineString","coordinates":[[-87.80429,41.87182],[-87.80364,41.87183],[-87.80359,41.87183]]}},{"type":"Feature","properties":{"street_name":"HOME AVE","address_left_from":120,"address_left_to":128,"address_right_from":121,"address_right_to":129},"geometry":{"type":"LineString","coordinates":[[-87.8001,41.886],[-87.80009,41.88575]]}},{"type":"Feature","properties":{"street_name":"ALLEY","address_left_from":-1,"address_left_to":-1,"address_right_from":-1,"address_right_to":-1},"geometry":{"type":"LineString","coordinates":[[-87.77995,41.88571],[-87.77973,41.8857]]}},{"type":"Feature","properties":{"street_name":"ALLEY","address_left_from":-1,"address_left_to":-1,"address_right_from":-1,"address_right_to":-1},"geometry":{"type":"LineString","coordinates":[[-87.80195,41.89489],[-87.80133,41.8949],[-87.80086,41.89491],[-87.80063,41.89491]]}},{"type":"Feature","properties":{"street_name":"ALLEY","address_left_from":-1,"address_left_to":-1,"address_right_from":-1,"address_right_to":-1},"geometry":{"type":"LineString","coordinates":[[-87.77907,41.89044],[-87.77906,41.89027],[-87.77904,41.88974],[-87.77903,41.88941],[-87.77901,41.88873]]}},{"type":"Feature","properties":{"street_name":"ALLEY","address_left_from":-1,"address_left_to":-1,"address_right_from":-1,"address_right_to":-1},"geometry":{"type":"LineString","coordinates":[[-87.79922,41.87191],[-87.79908,41.87191],[-87.79882,41.87192],[-87.79858,41.87192]]}},{"type":"Feature","properties":{"street_name":"ALLEY","address_left_from":-1,"address_left_to":-1,"address_right_from":-1,"address_right_to":-1},"geometry":{"type":"LineString","coordinates":[[-87.78623,41.87808],[-87.78628,41.87984],[-87.78628,41.8799]]}},{"type":"Feature","properties":{"street_name":"ALLEY","address_left_from":-1,"address_left_to":-1,"address_right_from":-1,"address_right_to":-1},"geometry":{"type":"LineString","coordinates":[[-87.79214,41.87146],[-87.79194,41.87144],[-87.79172,41.87142],[-87.79153,41.87141]]}},{"type":"Feature","properties":{"street_name":"ALLEY","address_left_from":-1,"address_left_to":-1,"address_right_from":-1,"address_right_to":-1},"geometry":{"type":"LineString","coordinates":[[-87.79728,41.90849],[-87.79728,41.90835],[-87.79728,41.90829],[-87.79727,41.90823],[-87.79727,41.90812],[-87.79727,41.90803],[-87.79726,41.90769],[-87.79725,41.90727],[-87.79724,41.90716]]}},{"type":"Feature","properties":{"street_name":"ALLEY","address_left_from":-1,"address_left_to":-1,"address_right_from":-1,"address_right_to":-1},"geometry":{"type":"LineString","coordinates":[[-87.78424,41.89991],[-87.78422,41.89907],[-87.78419,41.89823]]}},{"type":"Feature","properties":{"street_name":"HOME AVE","address_left_from":130,"address_left_to":134,"address_right_from":131,"address_right_to":135},"geometry":{"type":"LineString","coordinates":[[-87.80009,41.88575],[-87.80008,41.88557],[-87.80008,41.88549]]}},{"type":"Feature","properties":{"street_name":"ALLEY","address_left_from":-1,"address_left_to":-1,"address_right_from":-1,"address_right_to":-1},"geometry":{"type":"LineString","coordinates":[[-87.78826,41.86571],[-87.7881,41.86572],[-87.78783,41.86572],[-87.78766,41.86572]]}},{"type":"Feature","properties":{"street_name":"ALLEY","address_left_from":-1,"address_left_to":-1,"address_right_from":-1,"address_right_to":-1},"geometry":{"type":"LineString","coordinates":[[-87.77992,41.87224],[-87.77993,41.8724],[-87.77993,41.87263],[-87.77993,41.8727]]}},{"type":"Feature","properties":{"street_name":"ALLEY","address_left_from":-1,"address_left_to":-1,"address_right_from":-1,"address_right_to":-1},"geometry":{"type":"LineString","coordinates":[[-87.80314,41.88143],[-87.80314,41.88147],[-87.80315,41.88171],[-87.80318,41.88235],[-87.8032,41.88287],[-87.80322,41.88325]]}},{"type":"Feature","properties":{"street_name":"ALLEY","address_left_from":-1,"address_left_to":-1,"address_right_from":-1,"address_right_to":-1},"geometry":{"type":"LineString","coordinates":[[-87.79032,41.88511],[-87.79032,41.88493],[-87.79031,41.88445],[-87.79029,41.88387],[-87.79028,41.88348],[-87.79028,41.88334]]}},{"type":"Feature","properties":{"street_name":"SCHNEIDER AVE","address_left_from":1101,"address_left_to":1109,"address_right_from":1100,"address_right_to":1108},"geometry":{"type":"LineString","coordinates":[[-87.80333,41.89631],[-87.80393,41.8963]]}},{"type":"Feature","properties":{"street_name":"ALLEY","address_left_from":-1,"address_left_to":-1,"address_right_from":-1,"address_right_to":-1},"geometry":{"type":"LineString","coordinates":[[-87.78448,41.88046],[-87.78435,41.88046],[-87.78362,41.88047],[-87.78299,41.88049],[-87.78284,41.88049]]}},{"type":"Feature","properties":{"street_name":"ALLEY","address_left_from":-1,"address_left_to":-1,"address_right_from":-1,"address_right_to":-1},"geometry":{"type":"LineString","coordinates":[[-87.80063,41.87189],[-87.80039,41.8719],[-87.80008,41.8719],[-87.79993,41.87191]]}},{"type":"Feature","properties":{"street_name":"ALLEY","address_left_from":-1,"address_left_to":-1,"address_right_from":-1,"address_right_to":-1},"geometry":{"type":"LineString","coordinates":[[-87.79028,41.88334],[-87.79027,41.88313],[-87.79025,41.88255],[-87.79024,41.88199],[-87.79023,41.88173],[-87.79023,41.88162]]}},{"type":"Feature","properties":{"street_name":"ALLEY","address_left_from":-1,"address_left_to":-1,"address_right_from":-1,"address_right_to":-1},"geometry":{"type":"LineString","coordinates":[[-87.79945,41.87684],[-87.79945,41.87709],[-87.79947,41.87766],[-87.79949,41.87807],[-87.7995,41.87826]]}},{"type":"Feature","properties":{"street_name":"ALLEY","address_left_from":-1,"address_left_to":-1,"address_right_from":-1,"address_right_to":-1},"geometry":{"type":"LineString","coordinates":[[-87.78628,41.88644],[-87.78619,41.88644],[-87.78567,41.88645],[-87.78546,41.88645]]}},{"type":"Feature","properties":{"street_name":"ALLEY","address_left_from":-1,"address_left_to":-1,"address_right_from":-1,"address_right_to":-1},"geometry":{"type":"LineString","coordinates":[[-87.78856,41.87438],[-87.78856,41.87424],[-87.78854,41.8738],[-87.78852,41.87301]]}},{"type":"Feature","properties":{"street_name":"ALLEY","address_left_from":-1,"address_left_to":-1,"address_right_from":-1,"address_right_to":-1},"geometry":{"type":"LineString","coordinates":[[-87.78618,41.87625],[-87.78618,41.87636],[-87.78619,41.87682],[-87.78621,41.87735],[-87.78623,41.87794],[-87.78623,41.87808]]}},{"type":"Feature","properties":{"street_name":"ALLEY","address_left_from":-1,"address_left_to":-1,"address_right_from":-1,"address_right_to":-1},"geometry":{"type":"LineString","coordinates":[[-87.77814,41.90697],[-87.77834,41.90696],[-87.77867,41.90695],[-87.77879,41.90695]]}},{"type":"Feature","properties":{"street_name":"ALLEY","address_left_from":-1,"address_left_to":-1,"address_right_from":-1,"address_right_to":-1},"geometry":{"type":"LineString","coordinates":[[-87.79852,41.87056],[-87.79852,41.8704],[-87.7985,41.86991],[-87.79846,41.86897],[-87.79846,41.86873]]}},{"type":"Feature","properties":{"street_name":"ALLEY","address_left_from":-1,"address_left_to":-1,"address_right_from":-1,"address_right_to":-1},"geometry":{"type":"LineString","coordinates":[[-87.78128,41.87633],[-87.78129,41.87645],[-87.78131,41.87724],[-87.78134,41.87803],[-87.78134,41.87813]]}},{"type":"Feature","properties":{"street_name":"ALLEY","address_left_from":-1,"address_left_to":-1,"address_right_from":-1,"address_right_to":-1},"geometry":{"type":"LineString","coordinates":[[-87.77755,41.89414],[-87.77726,41.89415],[-87.77674,41.89415]]}},{"type":"Feature","properties":{"street_name":"ALLEY","address_left_from":-1,"address_left_to":-1,"address_right_from":-1,"address_right_to":-1},"geometry":{"type":"LineString","coordinates":[[-87.77587,41.87955],[-87.77528,41.87956]]}},{"type":"Feature","properties":{"street_name":"ALLEY","address_left_from":-1,"address_left_to":-1,"address_right_from":-1,"address_right_to":-1},"geometry":{"type":"LineString","coordinates":[[-87.77918,41.89411],[-87.77917,41.89394],[-87.77915,41.89318]]}},{"type":"Feature","properties":{"street_name":"ALLEY","address_left_from":-1,"address_left_to":-1,"address_right_from":-1,"address_right_to":-1},"geometry":{"type":"LineString","coordinates":[[-87.79647,41.88687],[-87.79647,41.88678],[-87.79647,41.88654],[-87.79645,41.88618],[-87.79644,41.88572],[-87.79643,41.88526],[-87.79643,41.88515]]}},{"type":"Feature","properties":{"street_name":"ALLEY","address_left_from":-1,"address_left_to":-1,"address_right_from":-1,"address_right_to":-1},"geometry":{"type":"LineString","coordinates":[[-87.77598,41.902],[-87.77597,41.90186],[-87.77595,41.90137],[-87.77593,41.90064],[-87.77592,41.90017]]}},{"type":"Feature","properties":{"street_name":"ALLEY","address_left_from":-1,"address_left_to":-1,"address_right_from":-1,"address_right_to":-1},"geometry":{"type":"LineString","coordinates":[[-87.7797,41.86585],[-87.77958,41.86585],[-87.77919,41.86585],[-87.77907,41.86585]]}},{"type":"Feature","properties":{"street_name":"ALLEY","address_left_from":-1,"address_left_to":-1,"address_right_from":-1,"address_right_to":-1},"geometry":{"type":"LineString","coordinates":[[-87.78413,41.89641],[-87.78411,41.89588],[-87.7841,41.8954],[-87.7841,41.89538]]}},{"type":"Feature","properties":{"street_name":"ALLEY","address_left_from":-1,"address_left_to":-1,"address_right_from":-1,"address_right_to":-1},"geometry":{"type":"LineString","coordinates":[[-87.78165,41.89516],[-87.7814,41.89516],[-87.78102,41.89517],[-87.78083,41.89517]]}},{"type":"Feature","properties":{"street_name":"N OAK PARK AVE","address_left_from":401,"address_left_to":437,"address_right_from":400,"address_right_to":436},"geometry":{"type":"LineString","coordinates":[[-87.79464,41.89302],[-87.79464,41.89325],[-87.79466,41.89408],[-87.79467,41.8943]]}},{"type":"Feature","properties":{"street_name":"HOME AVE","address_left_from":1190,"address_left_to":1198,"address_right_from":1191,"address_right_to":1199},"geometry":{"type":"LineString","coordinates":[[-87.799,41.8655],[-87.79899,41.86541],[-87.79898,41.86507]]}},{"type":"Feature","properties":{"street_name":"ALLEY","address_left_from":-1,"address_left_to":-1,"address_right_from":-1,"address_right_to":-1},"geometry":{"type":"LineString","coordinates":[[-87.78977,41.87368],[-87.78974,41.873]]}},{"type":"Feature","properties":{"street_name":"ALLEY","address_left_from":-1,"address_left_to":-1,"address_right_from":-1,"address_right_to":-1},"geometry":{"type":"LineString","coordinates":[[-87.78143,41.9079],[-87.78208,41.90789]]}},{"type":"Feature","properties":{"street_name":"PLEASANT ST","address_left_from":217,"address_left_to":229,"address_right_from":216,"address_right_to":228},"geometry":{"type":"LineString","coordinates":[[-87.78053,41.88528],[-87.78134,41.88527]]}},{"type":"Feature","properties":{"street_name":"ALLEY","address_left_from":-1,"address_left_to":-1,"address_right_from":-1,"address_right_to":-1},"geometry":{"type":"LineString","coordinates":[[-87.80397,41.89747],[-87.80397,41.89737],[-87.80396,41.8971]]}},{"type":"Feature","properties":{"street_name":"ALLEY","address_left_from":-1,"address_left_to":-1,"address_right_from":-1,"address_right_to":-1},"geometry":{"type":"LineString","coordinates":[[-87.79647,41.88716],[-87.79647,41.88687]]}},{"type":"Feature","properties":{"street_name":"ALLEY","address_left_from":-1,"address_left_to":-1,"address_right_from":-1,"address_right_to":-1},"geometry":{"type":"LineString","coordinates":[[-87.79205,41.86884],[-87.79205,41.86854],[-87.79202,41.86783],[-87.792,41.86702]]}},{"type":"Feature","properties":{"street_name":"SUPERIOR ST","address_left_from":1101,"address_left_to":1111,"address_right_from":1100,"address_right_to":1110},"geometry":{"type":"LineString","coordinates":[[-87.80279,41.89307],[-87.80307,41.89306],[-87.80344,41.89305]]}},{"type":"Feature","properties":{"street_name":"ALLEY","address_left_from":-1,"address_left_to":-1,"address_right_from":-1,"address_right_to":-1},"geometry":{"type":"LineString","coordinates":[[-87.79236,41.87797],[-87.79235,41.87783],[-87.79233,41.87728],[-87.79232,41.87685],[-87.7923,41.87629],[-87.7923,41.87615]]}},{"type":"Feature","properties":{"street_name":"ALLEY","address_left_from":-1,"address_left_to":-1,"address_right_from":-1,"address_right_to":-1},"geometry":{"type":"LineString","coordinates":[[-87.7944,41.9072],[-87.7944,41.90706],[-87.79439,41.90677],[-87.79438,41.9062],[-87.79436,41.90568],[-87.79436,41.90558]]}},{"type":"Feature","properties":{"street_name":"ALLEY","address_left_from":-1,"address_left_to":-1,"address_right_from":-1,"address_right_to":-1},"geometry":{"type":"LineString","coordinates":[[-87.80245,41.88826],[-87.803,41.88825]]}},{"type":"Feature","properties":{"street_name":"ALLEY","address_left_from":-1,"address_left_to":-1,"address_right_from":-1,"address_right_to":-1},"geometry":{"type":"LineString","coordinates":[[-87.79557,41.89987],[-87.79556,41.89974],[-87.79555,41.89922],[-87.79554,41.89888],[-87.79553,41.89834],[-87.79552,41.89806]]}},{"type":"Feature","properties":{"street_name":"ALLEY","address_left_from":-1,"address_left_to":-1,"address_right_from":-1,"address_right_to":-1},"geometry":{"type":"LineString","coordinates":[[-87.79728,41.90849],[-87.79719,41.90849],[-87.79654,41.9085]]}},{"type":"Feature","properties":{"street_name":"HOME AVE","address_left_from":2,"address_left_to":98,"address_right_from":1,"address_right_to":99},"geometry":{"type":"LineString","coordinates":[[-87.80043,41.887],[-87.80039,41.88695],[-87.80038,41.88695],[-87.80033,41.8869],[-87.80022,41.88681]]}},{"type":"Feature","properties":{"street_name":"ALLEY","address_left_from":-1,"address_left_to":-1,"address_right_from":-1,"address_right_to":-1},"geometry":{"type":"LineString","coordinates":[[-87.78464,41.86715],[-87.78463,41.86698],[-87.78461,41.86658],[-87.7846,41.86615],[-87.78459,41.86578]]}},{"type":"Feature","properties":{"street_name":"ALLEY","address_left_from":-1,"address_left_to":-1,"address_right_from":-1,"address_right_to":-1},"geometry":{"type":"LineString","coordinates":[[-87.80458,41.8754],[-87.80438,41.8754],[-87.80436,41.87518],[-87.80434,41.87485],[-87.80431,41.87439],[-87.8043,41.87421],[-87.8041,41.87422],[-87.80381,41.87423],[-87.80368,41.87423]]}},{"type":"Feature","properties":{"street_name":"ALLEY","address_left_from":-1,"address_left_to":-1,"address_right_from":-1,"address_right_to":-1},"geometry":{"type":"LineString","coordinates":[[-87.77817,41.90794],[-87.77832,41.90794],[-87.77869,41.90793],[-87.77883,41.90793]]}},{"type":"Feature","properties":{"street_name":"ALLEY","address_left_from":-1,"address_left_to":-1,"address_right_from":-1,"address_right_to":-1},"geometry":{"type":"LineString","coordinates":[[-87.78955,41.88638],[-87.78933,41.88638],[-87.78893,41.88639],[-87.78872,41.88639]]}},{"type":"Feature","properties":{"street_name":"ALLEY","address_left_from":-1,"address_left_to":-1,"address_right_from":-1,"address_right_to":-1},"geometry":{"type":"LineString","coordinates":[[-87.79708,41.86693],[-87.79707,41.86659],[-87.79705,41.86605],[-87.79703,41.86545]]}},{"type":"Feature","properties":{"street_name":"ALLEY","address_left_from":-1,"address_left_to":-1,"address_right_from":-1,"address_right_to":-1},"geometry":{"type":"LineString","coordinates":[[-87.78073,41.89178],[-87.78072,41.89151],[-87.7807,41.89086],[-87.78069,41.89042]]}},{"type":"Feature","properties":{"street_name":"ALLEY","address_left_from":-1,"address_left_to":-1,"address_right_from":-1,"address_right_to":-1},"geometry":{"type":"LineString","coordinates":[[-87.78489,41.87445],[-87.78488,41.87428],[-87.78487,41.87388],[-87.78486,41.87362],[-87.78485,41.87328],[-87.78484,41.87295],[-87.78481,41.87262]]}},{"type":"Feature","properties":{"street_name":"ALLEY","address_left_from":-1,"address_left_to":-1,"address_right_from":-1,"address_right_to":-1},"geometry":{"type":"LineString","coordinates":[[-87.7958,41.86763],[-87.79579,41.86734],[-87.79578,41.86711],[-87.79578,41.86695]]}},{"type":"Feature","properties":{"street_name":"ALLEY","address_left_from":-1,"address_left_to":-1,"address_right_from":-1,"address_right_to":-1},"geometry":{"type":"LineString","coordinates":[[-87.79498,41.88161],[-87.79498,41.88147],[-87.79496,41.88098],[-87.79494,41.88044],[-87.79492,41.87976]]}},{"type":"Feature","properties":{"street_name":"PLEASANT ST","address_left_from":421,"address_left_to":449,"address_right_from":420,"address_right_to":448},"geometry":{"type":"LineString","coordinates":[[-87.78542,41.8852],[-87.78585,41.88519],[-87.78624,41.88518]]}},{"type":"Feature","properties":{"street_name":"ALLEY","address_left_from":-1,"address_left_to":-1,"address_right_from":-1,"address_right_to":-1},"geometry":{"type":"LineString","coordinates":[[-87.77582,41.89049],[-87.7758,41.89009],[-87.77579,41.8897],[-87.77577,41.88912],[-87.77575,41.88863]]}},{"type":"Feature","properties":{"street_name":"ALLEY","address_left_from":-1,"address_left_to":-1,"address_right_from":-1,"address_right_to":-1},"geometry":{"type":"LineString","coordinates":[[-87.78474,41.90865],[-87.78484,41.90865],[-87.78495,41.90865],[-87.78503,41.90864],[-87.78517,41.90864],[-87.78525,41.90864],[-87.78532,41.90864],[-87.78539,41.90864]]}},{"type":"Feature","properties":{"street_name":"ALLEY","address_left_from":-1,"address_left_to":-1,"address_right_from":-1,"address_right_to":-1},"geometry":{"type":"LineString","coordinates":[[-87.77752,41.8932],[-87.77752,41.89313],[-87.77752,41.89293],[-87.7775,41.89234],[-87.77749,41.89183]]}},{"type":"Feature","properties":{"street_name":"ALLEY","address_left_from":-1,"address_left_to":-1,"address_right_from":-1,"address_right_to":-1},"geometry":{"type":"LineString","coordinates":[[-87.77876,41.88056],[-87.77856,41.88056],[-87.77816,41.88057],[-87.77794,41.88057]]}},{"type":"Feature","properties":{"street_name":"ALLEY","address_left_from":-1,"address_left_to":-1,"address_right_from":-1,"address_right_to":-1},"geometry":{"type":"LineString","coordinates":[[-87.79514,41.88689],[-87.79513,41.88656],[-87.79511,41.88598],[-87.7951,41.8854],[-87.79509,41.88518]]}},{"type":"Feature","properties":{"street_name":"ALLEY","address_left_from":-1,"address_left_to":-1,"address_right_from":-1,"address_right_to":-1},"geometry":{"type":"LineString","coordinates":[[-87.77952,41.90871],[-87.77936,41.90871],[-87.77903,41.90872],[-87.77885,41.90872]]}},{"type":"Feature","properties":{"street_name":"ALLEY","address_left_from":-1,"address_left_to":-1,"address_right_from":-1,"address_right_to":-1},"geometry":{"type":"LineString","coordinates":[[-87.79544,41.87927],[-87.79516,41.87927],[-87.79496,41.87927],[-87.79485,41.87927]]}},{"type":"Feature","properties":{"street_name":"ALLEY","address_left_from":-1,"address_left_to":-1,"address_right_from":-1,"address_right_to":-1},"geometry":{"type":"LineString","coordinates":[[-87.80128,41.87051],[-87.80127,41.87047],[-87.80127,41.87021],[-87.80125,41.86953],[-87.80124,41.86913],[-87.80121,41.86869]]}},{"type":"Feature","properties":{"street_name":"ALLEY","address_left_from":-1,"address_left_to":-1,"address_right_from":-1,"address_right_to":-1},"geometry":{"type":"LineString","coordinates":[[-87.78872,41.88639],[-87.78852,41.8864],[-87.78812,41.8864],[-87.78791,41.88641]]}},{"type":"Feature","properties":{"street_name":"ALLEY","address_left_from":-1,"address_left_to":-1,"address_right_from":-1,"address_right_to":-1},"geometry":{"type":"LineString","coordinates":[[-87.78709,41.88642],[-87.78707,41.88585],[-87.78706,41.88532],[-87.78705,41.88517]]}},{"type":"Feature","properties":{"street_name":"N OAK PARK AVE","address_left_from":745,"address_left_to":799,"address_right_from":748,"address_right_to":798},"geometry":{"type":"LineString","coordinates":[[-87.79482,41.89973],[-87.79482,41.89988]]}},{"type":"Feature","properties":{"street_name":"ALLEY","address_left_from":-1,"address_left_to":-1,"address_right_from":-1,"address_right_to":-1},"geometry":{"type":"LineString","coordinates":[[-87.79519,41.88792],[-87.79517,41.88726]]}},{"type":"Feature","properties":{"street_name":"ALLEY","address_left_from":-1,"address_left_to":-1,"address_right_from":-1,"address_right_to":-1},"geometry":{"type":"LineString","coordinates":[[-87.78729,41.87303],[-87.7876,41.87303],[-87.78791,41.87302]]}},{"type":"Feature","properties":{"street_name":"HOME AVE","address_left_from":700,"address_left_to":736,"address_right_from":701,"address_right_to":737},"geometry":{"type":"LineString","coordinates":[[-87.79977,41.87684],[-87.79975,41.87644],[-87.79973,41.87572],[-87.79972,41.87551]]}},{"type":"Feature","properties":{"street_name":"ALLEY","address_left_from":-1,"address_left_to":-1,"address_right_from":-1,"address_right_to":-1},"geometry":{"type":"LineString","coordinates":[[-87.7992,41.8815],[-87.7992,41.88166],[-87.79923,41.88251],[-87.79926,41.88334]]}},{"type":"Feature","properties":{"street_name":"ALLEY","address_left_from":-1,"address_left_to":-1,"address_right_from":-1,"address_right_to":-1},"geometry":{"type":"LineString","coordinates":[[-87.79452,41.87159],[-87.7944,41.87158],[-87.7941,41.87155],[-87.79397,41.87154]]}},{"type":"Feature","properties":{"street_name":"ALLEY","address_left_from":-1,"address_left_to":-1,"address_right_from":-1,"address_right_to":-1},"geometry":{"type":"LineString","coordinates":[[-87.80275,41.87049],[-87.80275,41.87023],[-87.80271,41.86915],[-87.8027,41.86866]]}},{"type":"Feature","properties":{"street_name":"N EUCLID AVE","address_left_from":401,"address_left_to":433,"address_right_from":400,"address_right_to":432},"geometry":{"type":"LineString","coordinates":[[-87.79282,41.89296],[-87.79282,41.89314],[-87.79285,41.8941],[-87.79285,41.89433]]}},{"type":"Feature","properties":{"street_name":"N EUCLID AVE","address_left_from":121,"address_left_to":139,"address_right_from":120,"address_right_to":138},"geometry":{"type":"LineString","coordinates":[[-87.79268,41.88819],[-87.79269,41.88826],[-87.7927,41.88858]]}},{"type":"Feature","properties":{"street_name":"ALLEY","address_left_from":-1,"address_left_to":-1,"address_right_from":-1,"address_right_to":-1},"geometry":{"type":"LineString","coordinates":[[-87.80277,41.89247],[-87.80222,41.89248],[-87.80169,41.89249],[-87.80141,41.8925],[-87.80118,41.8925],[-87.80098,41.89251],[-87.80099,41.8927],[-87.80101,41.8931]]}},{"type":"Feature","properties":{"street_name":"ALLEY","address_left_from":-1,"address_left_to":-1,"address_right_from":-1,"address_right_to":-1},"geometry":{"type":"LineString","coordinates":[[-87.77806,41.87227],[-87.77788,41.87227],[-87.77761,41.87228],[-87.77745,41.87228]]}},{"type":"Feature","properties":{"street_name":"ALLEY","address_left_from":-1,"address_left_to":-1,"address_right_from":-1,"address_right_to":-1},"geometry":{"type":"LineString","coordinates":[[-87.8033,41.89122],[-87.80332,41.89186]]}},{"type":"Feature","properties":{"street_name":"N OAK PARK AVE","address_left_from":1101,"address_left_to":1103,"address_right_from":1050,"address_right_to":1098},"geometry":{"type":"LineString","coordinates":[[-87.79496,41.90536],[-87.79496,41.90557]]}},{"type":"Feature","properties":{"street_name":"ALLEY","address_left_from":-1,"address_left_to":-1,"address_right_from":-1,"address_right_to":-1},"geometry":{"type":"LineString","coordinates":[[-87.79177,41.89978],[-87.79177,41.89961],[-87.79176,41.89923],[-87.79175,41.89892],[-87.79174,41.89858]]}},{"type":"Feature","properties":{"street_name":"ALLEY","address_left_from":-1,"address_left_to":-1,"address_right_from":-1,"address_right_to":-1},"geometry":{"type":"LineString","coordinates":[[-87.7797,41.90386],[-87.7797,41.90379],[-87.77969,41.90345],[-87.77967,41.90283],[-87.77964,41.90202],[-87.77964,41.90195]]}},{"type":"Feature","properties":{"street_name":"ALLEY","address_left_from":-1,"address_left_to":-1,"address_right_from":-1,"address_right_to":-1},"geometry":{"type":"LineString","coordinates":[[-87.79891,41.90847],[-87.79869,41.90847],[-87.79857,41.90847],[-87.79847,41.90847],[-87.79824,41.90848]]}},{"type":"Feature","properties":{"street_name":"ALLEY","address_left_from":-1,"address_left_to":-1,"address_right_from":-1,"address_right_to":-1},"geometry":{"type":"LineString","coordinates":[[-87.78043,41.88178],[-87.78044,41.88218],[-87.78046,41.88264],[-87.78046,41.88293],[-87.78048,41.88334]]}},{"type":"Feature","properties":{"street_name":"ALLEY","address_left_from":-1,"address_left_to":-1,"address_right_from":-1,"address_right_to":-1},"geometry":{"type":"LineString","coordinates":[[-87.79264,41.88031],[-87.79233,41.88032],[-87.79197,41.88032],[-87.79181,41.88033]]}},{"type":"Feature","properties":{"street_name":"SUPERIOR ST","address_left_from":101,"address_left_to":151,"address_right_from":100,"address_right_to":150},"geometry":{"type":"LineString","coordinates":[[-87.77834,41.89319],[-87.77873,41.89319],[-87.77915,41.89318]]}},{"type":"Feature","properties":{"street_name":"ALLEY","address_left_from":-1,"address_left_to":-1,"address_right_from":-1,"address_right_to":-1},"geometry":{"type":"LineString","coordinates":[[-87.78616,41.88223],[-87.78595,41.88224],[-87.78564,41.88224],[-87.78535,41.88225]]}},{"type":"Feature","properties":{"street_name":"ALLEY","address_left_from":-1,"address_left_to":-1,"address_right_from":-1,"address_right_to":-1},"geometry":{"type":"LineString","coordinates":[[-87.78371,41.8822],[-87.78343,41.88221],[-87.78305,41.88221],[-87.78289,41.88222]]}},{"type":"Feature","properties":{"street_name":"ALLEY","address_left_from":-1,"address_left_to":-1,"address_right_from":-1,"address_right_to":-1},"geometry":{"type":"LineString","coordinates":[[-87.79107,41.87617],[-87.79107,41.87597],[-87.79105,41.87544],[-87.79103,41.87503],[-87.79101,41.87451],[-87.79101,41.87434]]}},{"type":"Feature","properties":{"street_name":"PLEASANT ST","address_left_from":251,"address_left_to":299,"address_right_from":250,"address_right_to":298},"geometry":{"type":"LineString","coordinates":[[-87.78216,41.88525],[-87.78257,41.88525],[-87.78298,41.88524]]}},{"type":"Feature","properties":{"street_name":"ALLEY","address_left_from":-1,"address_left_to":-1,"address_right_from":-1,"address_right_to":-1},"geometry":{"type":"LineString","coordinates":[[-87.77759,41.89523],[-87.77729,41.89523],[-87.77692,41.89523],[-87.77678,41.89523]]}},{"type":"Feature","properties":{"street_name":"N EUCLID AVE","address_left_from":601,"address_left_to":649,"address_right_from":600,"address_right_to":648},"geometry":{"type":"LineString","coordinates":[[-87.7929,41.89628],[-87.79292,41.89705],[-87.79295,41.89799]]}},{"type":"Feature","properties":{"street_name":"ALLEY","address_left_from":-1,"address_left_to":-1,"address_right_from":-1,"address_right_to":-1},"geometry":{"type":"LineString","coordinates":[[-87.80046,41.8792],[-87.80033,41.87921],[-87.79985,41.87921]]}},{"type":"Feature","properties":{"street_name":"ALLEY","address_left_from":-1,"address_left_to":-1,"address_right_from":-1,"address_right_to":-1},"geometry":{"type":"LineString","coordinates":[[-87.7923,41.87615],[-87.79229,41.87606],[-87.79228,41.87577],[-87.79226,41.87509],[-87.79224,41.87458],[-87.79223,41.87432]]}},{"type":"Feature","properties":{"street_name":"ALLEY","address_left_from":-1,"address_left_to":-1,"address_right_from":-1,"address_right_to":-1},"geometry":{"type":"LineString","coordinates":[[-87.7765,41.88656],[-87.77593,41.88656],[-87.77528,41.88657]]}},{"type":"Feature","properties":{"street_name":"N EUCLID AVE","address_left_from":801,"address_left_to":853,"address_right_from":800,"address_right_to":852},"geometry":{"type":"LineString","coordinates":[[-87.79359,41.89975],[-87.79363,41.9013],[-87.79365,41.90164]]}},{"type":"Feature","properties":{"street_name":"ALLEY","address_left_from":-1,"address_left_to":-1,"address_right_from":-1,"address_right_to":-1},"geometry":{"type":"LineString","coordinates":[[-87.7924,41.87927],[-87.79231,41.87927],[-87.79193,41.87928],[-87.79179,41.87928]]}},{"type":"Feature","properties":{"street_name":"ALLEY","address_left_from":-1,"address_left_to":-1,"address_right_from":-1,"address_right_to":-1},"geometry":{"type":"LineString","coordinates":[[-87.78553,41.88905],[-87.78472,41.88905]]}},{"type":"Feature","properties":{"street_name":"ALLEY","address_left_from":-1,"address_left_to":-1,"address_right_from":-1,"address_right_to":-1},"geometry":{"type":"LineString","coordinates":[[-87.77482,41.86729],[-87.77481,41.86712],[-87.7748,41.86673],[-87.77476,41.86591]]}},{"type":"Feature","properties":{"street_name":"N EUCLID AVE","address_left_from":1201,"address_left_to":1237,"address_right_from":1200,"address_right_to":1236},"geometry":{"type":"LineString","coordinates":[[-87.7938,41.90721],[-87.7938,41.90735],[-87.79382,41.90807],[-87.79383,41.90853]]}},{"type":"Feature","properties":{"street_name":"ALLEY","address_left_from":-1,"address_left_to":-1,"address_right_from":-1,"address_right_to":-1},"geometry":{"type":"LineString","coordinates":[[-87.7842,41.87218],[-87.78405,41.87218],[-87.78361,41.87219],[-87.78327,41.87219],[-87.78306,41.87219],[-87.78297,41.8722]]}},{"type":"Feature","properties":{"street_name":"ALLEY","address_left_from":-1,"address_left_to":-1,"address_right_from":-1,"address_right_to":-1},"geometry":{"type":"LineString","coordinates":[[-87.80133,41.87188],[-87.80112,41.87188],[-87.8008,41.87189],[-87.80063,41.87189]]}},{"type":"Feature","properties":{"street_name":"ALLEY","address_left_from":-1,"address_left_to":-1,"address_right_from":-1,"address_right_to":-1},"geometry":{"type":"LineString","coordinates":[[-87.77733,41.90587],[-87.7773,41.90498],[-87.77728,41.90436],[-87.77727,41.9041],[-87.77726,41.9039]]}},{"type":"Feature","properties":{"street_name":"HOME AVE","address_left_from":910,"address_left_to":948,"address_right_from":911,"address_right_to":949},"geometry":{"type":"LineString","coordinates":[[-87.79922,41.87191],[-87.7992,41.87132],[-87.79918,41.87083],[-87.79918,41.87063]]}},{"type":"Feature","properties":{"street_name":"ALLEY","address_left_from":-1,"address_left_to":-1,"address_right_from":-1,"address_right_to":-1},"geometry":{"type":"LineString","coordinates":[[-87.79447,41.86697],[-87.79447,41.86685],[-87.79445,41.86641],[-87.79443,41.86563]]}},{"type":"Feature","properties":{"street_name":"ALLEY","address_left_from":-1,"address_left_to":-1,"address_right_from":-1,"address_right_to":-1},"geometry":{"type":"LineString","coordinates":[[-87.78013,41.87815],[-87.78013,41.87832],[-87.78014,41.87862],[-87.78018,41.8795]]}},{"type":"Feature","properties":{"street_name":"ALLEY","address_left_from":-1,"address_left_to":-1,"address_right_from":-1,"address_right_to":-1},"geometry":{"type":"LineString","coordinates":[[-87.803,41.88715],[-87.80301,41.88753]]}},{"type":"Feature","properties":{"street_name":"ALLEY","address_left_from":-1,"address_left_to":-1,"address_right_from":-1,"address_right_to":-1},"geometry":{"type":"LineString","coordinates":[[-87.78476,41.87084],[-87.78476,41.87066],[-87.78474,41.87011],[-87.78471,41.8694],[-87.7847,41.8691],[-87.7847,41.86897]]}},{"type":"Feature","properties":{"street_name":"ALLEY","address_left_from":-1,"address_left_to":-1,"address_right_from":-1,"address_right_to":-1},"geometry":{"type":"LineString","coordinates":[[-87.79724,41.90716],[-87.79724,41.90699],[-87.79722,41.90647],[-87.79721,41.90613],[-87.7972,41.90577],[-87.7972,41.90543],[-87.79719,41.90533]]}},{"type":"Feature","properties":{"street_name":"ALLEY","address_left_from":-1,"address_left_to":-1,"address_right_from":-1,"address_right_to":-1},"geometry":{"type":"LineString","coordinates":[[-87.80324,41.88424],[-87.80328,41.88518],[-87.80329,41.88544]]}},{"type":"Feature","properties":{"street_name":"ALLEY","address_left_from":-1,"address_left_to":-1,"address_right_from":-1,"address_right_to":-1},"geometry":{"type":"LineString","coordinates":[[-87.78669,41.90862],[-87.78668,41.90852],[-87.78668,41.90843],[-87.78668,41.90837],[-87.78668,41.9083],[-87.78667,41.90824],[-87.78667,41.90815],[-87.78666,41.90787],[-87.78665,41.90744],[-87.78664,41.9073]]}},{"type":"Feature","properties":{"street_name":"ALLEY","address_left_from":-1,"address_left_to":-1,"address_right_from":-1,"address_right_to":-1},"geometry":{"type":"LineString","coordinates":[[-87.79348,41.8803],[-87.79328,41.8803],[-87.79298,41.88031],[-87.79264,41.88031]]}},{"type":"Feature","properties":{"street_name":"N OAK PARK AVE","address_left_from":101,"address_left_to":115,"address_right_from":100,"address_right_to":114},"geometry":{"type":"LineString","coordinates":[[-87.79448,41.88731],[-87.79449,41.88744],[-87.7945,41.8879],[-87.7945,41.88794]]}},{"type":"Feature","properties":{"street_name":"ALLEY","address_left_from":-1,"address_left_to":-1,"address_right_from":-1,"address_right_to":-1},"geometry":{"type":"LineString","coordinates":[[-87.77919,41.89466],[-87.77918,41.89411]]}},{"type":"Feature","properties":{"street_name":"ALLEY","address_left_from":-1,"address_left_to":-1,"address_right_from":-1,"address_right_to":-1},"geometry":{"type":"LineString","coordinates":[[-87.79982,41.86871],[-87.79981,41.86858],[-87.79979,41.86789],[-87.79976,41.86715],[-87.79975,41.86695],[-87.79975,41.86688]]}},{"type":"Feature","properties":{"street_name":"ALLEY","address_left_from":-1,"address_left_to":-1,"address_right_from":-1,"address_right_to":-1},"geometry":{"type":"LineString","coordinates":[[-87.78343,41.8677],[-87.78341,41.86717]]}},{"type":"Feature","properties":{"street_name":"ALLEY","address_left_from":-1,"address_left_to":-1,"address_right_from":-1,"address_right_to":-1},"geometry":{"type":"LineString","coordinates":[[-87.78948,41.90859],[-87.78947,41.9084],[-87.78947,41.90812],[-87.78945,41.90773],[-87.78944,41.90737],[-87.78944,41.90726]]}},{"type":"Feature","properties":{"street_name":"ALLEY","address_left_from":-1,"address_left_to":-1,"address_right_from":-1,"address_right_to":-1},"geometry":{"type":"LineString","coordinates":[[-87.78009,41.90694],[-87.78069,41.90693],[-87.78075,41.90693]]}},{"type":"Feature","properties":{"street_name":"ALLEY","address_left_from":-1,"address_left_to":-1,"address_right_from":-1,"address_right_to":-1},"geometry":{"type":"LineString","coordinates":[[-87.77732,41.88654],[-87.77731,41.88651],[-87.77731,41.88632],[-87.7773,41.88591],[-87.77729,41.88557],[-87.77728,41.88534]]}},{"type":"Feature","properties":{"street_name":"SUPERIOR ST","address_left_from":641,"address_left_to":649,"address_right_from":640,"address_right_to":648},"geometry":{"type":"LineString","coordinates":[[-87.79128,41.89299],[-87.79158,41.89298],[-87.79204,41.89298]]}},{"type":"Feature","properties":{"street_name":"ALLEY","address_left_from":-1,"address_left_to":-1,"address_right_from":-1,"address_right_to":-1},"geometry":{"type":"LineString","coordinates":[[-87.8027,41.86866],[-87.8027,41.86862],[-87.80268,41.86839],[-87.80266,41.86772],[-87.80265,41.8673],[-87.80263,41.86683]]}},{"type":"Feature","properties":{"street_name":"ALLEY","address_left_from":-1,"address_left_to":-1,"address_right_from":-1,"address_right_to":-1},"geometry":{"type":"LineString","coordinates":[[-87.78341,41.86717],[-87.78341,41.86708],[-87.78339,41.86659],[-87.78337,41.8658]]}},{"type":"Feature","properties":{"street_name":"ALLEY","address_left_from":-1,"address_left_to":-1,"address_right_from":-1,"address_right_to":-1},"geometry":{"type":"LineString","coordinates":[[-87.77611,41.90588],[-87.77609,41.90537],[-87.77608,41.90506],[-87.77606,41.90447],[-87.77605,41.9041],[-87.77604,41.90392]]}},{"type":"Feature","properties":{"street_name":"ALLEY","address_left_from":-1,"address_left_to":-1,"address_right_from":-1,"address_right_to":-1},"geometry":{"type":"LineString","coordinates":[[-87.78812,41.87934],[-87.78797,41.87935],[-87.78771,41.87935],[-87.7875,41.87935]]}},{"type":"Feature","properties":{"street_name":"ALLEY","address_left_from":-1,"address_left_to":-1,"address_right_from":-1,"address_right_to":-1},"geometry":{"type":"LineString","coordinates":[[-87.79091,41.87135],[-87.79069,41.87134],[-87.79047,41.87132],[-87.7903,41.8713]]}},{"type":"Feature","properties":{"street_name":"ALLEY","address_left_from":-1,"address_left_to":-1,"address_right_from":-1,"address_right_to":-1},"geometry":{"type":"LineString","coordinates":[[-87.77611,41.8691],[-87.7761,41.86888],[-87.77607,41.86811],[-87.77605,41.86735],[-87.77604,41.86727]]}},{"type":"Feature","properties":{"street_name":"N EUCLID AVE","address_left_from":1239,"address_left_to":1299,"address_right_from":1238,"address_right_to":1298},"geometry":{"type":"LineString","coordinates":[[-87.79383,41.90853],[-87.79383,41.90856],[-87.79384,41.90866],[-87.79384,41.90889],[-87.79385,41.90903]]}},{"type":"Feature","properties":{"street_name":"ALLEY","address_left_from":-1,"address_left_to":-1,"address_right_from":-1,"address_right_to":-1},"geometry":{"type":"LineString","coordinates":[[-87.80294,41.87537],[-87.80292,41.87496],[-87.8029,41.87437],[-87.80287,41.87377]]}},{"type":"Feature","properties":{"street_name":"ALLEY","address_left_from":-1,"address_left_to":-1,"address_right_from":-1,"address_right_to":-1},"geometry":{"type":"LineString","coordinates":[[-87.78601,41.87136],[-87.78599,41.87089],[-87.78597,41.87024],[-87.78594,41.86946],[-87.78592,41.86902],[-87.78592,41.86895]]}},{"type":"Feature","properties":{"street_name":"CARPENTER AVE","address_left_from":500,"address_left_to":534,"address_right_from":501,"address_right_to":537},"geometry":{"type":"LineString","coordinates":[[-87.79629,41.87974],[-87.79624,41.87852],[-87.79624,41.87841]]}},{"type":"Feature","properties":{"street_name":"ALLEY","address_left_from":-1,"address_left_to":-1,"address_right_from":-1,"address_right_to":-1},"geometry":{"type":"LineString","coordinates":[[-87.79431,41.90363],[-87.79431,41.90356],[-87.7943,41.90311],[-87.79428,41.90267],[-87.79427,41.90213],[-87.79426,41.90183],[-87.79426,41.90172]]}},{"type":"Feature","properties":{"street_name":"ALLEY","address_left_from":-1,"address_left_to":-1,"address_right_from":-1,"address_right_to":-1},"geometry":{"type":"LineString","coordinates":[[-87.78256,41.87811],[-87.78256,41.87817],[-87.78259,41.87889],[-87.78261,41.87948]]}},{"type":"Feature","properties":{"street_name":"HARLEM CT","address_left_from":201,"address_left_to":249,"address_right_from":200,"address_right_to":248},"geometry":{"type":"LineString","coordinates":[[-87.80427,41.89056],[-87.80428,41.89096],[-87.80429,41.8912]]}},{"type":"Feature","properties":{"street_name":"SUPERIOR ST","address_left_from":651,"address_left_to":699,"address_right_from":650,"address_right_to":698},"geometry":{"type":"LineString","coordinates":[[-87.79204,41.89298],[-87.79244,41.89297],[-87.79282,41.89296]]}},{"type":"Feature","properties":{"street_name":"ALLEY","address_left_from":-1,"address_left_to":-1,"address_right_from":-1,"address_right_to":-1},"geometry":{"type":"LineString","coordinates":[[-87.79464,41.8716],[-87.79462,41.87122],[-87.79461,41.87095],[-87.7946,41.87074],[-87.7946,41.87063]]}},{"type":"Feature","properties":{"street_name":"ALLEY","address_left_from":-1,"address_left_to":-1,"address_right_from":-1,"address_right_to":-1},"geometry":{"type":"LineString","coordinates":[[-87.77975,41.86722],[-87.77975,41.86711],[-87.7797,41.86585]]}},{"type":"Feature","properties":{"street_name":"ALLEY","address_left_from":-1,"address_left_to":-1,"address_right_from":-1,"address_right_to":-1},"geometry":{"type":"LineString","coordinates":[[-87.79824,41.90848],[-87.79799,41.90848]]}},{"type":"Feature","properties":{"street_name":"N OAK PARK AVE","address_left_from":501,"address_left_to":545,"address_right_from":500,"address_right_to":548},"geometry":{"type":"LineString","coordinates":[[-87.79467,41.89441],[-87.79469,41.89482],[-87.79472,41.89605],[-87.79472,41.89615]]}},{"type":"Feature","properties":{"street_name":"ALLEY","address_left_from":-1,"address_left_to":-1,"address_right_from":-1,"address_right_to":-1},"geometry":{"type":"LineString","coordinates":[[-87.77614,41.87011],[-87.77599,41.8701],[-87.77561,41.87007],[-87.77553,41.87006]]}},{"type":"Feature","properties":{"street_name":"ALLEY","address_left_from":-1,"address_left_to":-1,"address_right_from":-1,"address_right_to":-1},"geometry":{"type":"LineString","coordinates":[[-87.8018,41.86548],[-87.80192,41.86548],[-87.80258,41.86547]]}},{"type":"Feature","properties":{"street_name":"ALLEY","address_left_from":-1,"address_left_to":-1,"address_right_from":-1,"address_right_to":-1},"geometry":{"type":"LineString","coordinates":[[-87.78289,41.88222],[-87.78267,41.88223],[-87.78244,41.88223],[-87.78208,41.88224]]}},{"type":"Feature","properties":{"street_name":"ALLEY","address_left_from":-1,"address_left_to":-1,"address_right_from":-1,"address_right_to":-1},"geometry":{"type":"LineString","coordinates":[[-87.78134,41.87813],[-87.78135,41.87827],[-87.78137,41.87889],[-87.78139,41.87949]]}},{"type":"Feature","properties":{"street_name":"ALLEY","address_left_from":-1,"address_left_to":-1,"address_right_from":-1,"address_right_to":-1},"geometry":{"type":"LineString","coordinates":[[-87.778,41.88255],[-87.77796,41.88258],[-87.77793,41.8826],[-87.77791,41.8826],[-87.77787,41.8826],[-87.77761,41.88261],[-87.77741,41.88261],[-87.7772,41.88261]]}},{"type":"Feature","properties":{"street_name":"ALLEY","address_left_from":-1,"address_left_to":-1,"address_right_from":-1,"address_right_to":-1},"geometry":{"type":"LineString","coordinates":[[-87.7875,41.87935],[-87.78748,41.87865],[-87.78747,41.87821],[-87.78746,41.87806]]}},{"type":"Feature","properties":{"street_name":"ALLEY","address_left_from":-1,"address_left_to":-1,"address_right_from":-1,"address_right_to":-1},"geometry":{"type":"LineString","coordinates":[[-87.78776,41.88112],[-87.78766,41.88112],[-87.78707,41.88113],[-87.78694,41.88113]]}},{"type":"Feature","properties":{"street_name":"ALLEY","address_left_from":-1,"address_left_to":-1,"address_right_from":-1,"address_right_to":-1},"geometry":{"type":"LineString","coordinates":[[-87.77634,41.88144],[-87.77583,41.88145],[-87.77571,41.88145],[-87.77553,41.88145],[-87.77553,41.88134],[-87.77552,41.88129],[-87.7755,41.88061]]}},{"type":"Feature","properties":{"street_name":"ALLEY","address_left_from":-1,"address_left_to":-1,"address_right_from":-1,"address_right_to":-1},"geometry":{"type":"LineString","coordinates":[[-87.77509,41.87458],[-87.7751,41.87478],[-87.77511,41.87501],[-87.77512,41.87529],[-87.77513,41.87569],[-87.77514,41.87596],[-87.77516,41.87624],[-87.77516,41.87643]]}},{"type":"Feature","properties":{"street_name":"ALLEY","address_left_from":-1,"address_left_to":-1,"address_right_from":-1,"address_right_to":-1},"geometry":{"type":"LineString","coordinates":[[-87.78705,41.88517],[-87.78705,41.885],[-87.78703,41.88447],[-87.78702,41.88396],[-87.78701,41.88352],[-87.78701,41.8834]]}},{"type":"Feature","properties":{"street_name":"ALLEY","address_left_from":-1,"address_left_to":-1,"address_right_from":-1,"address_right_to":-1},"geometry":{"type":"LineString","coordinates":[[-87.78322,41.87946],[-87.78308,41.87947],[-87.78278,41.87948],[-87.78261,41.87948]]}},{"type":"Feature","properties":{"street_name":"ALLEY","address_left_from":-1,"address_left_to":-1,"address_right_from":-1,"address_right_to":-1},"geometry":{"type":"LineString","coordinates":[[-87.77713,41.88058],[-87.77672,41.88059],[-87.77646,41.88059],[-87.77631,41.8806]]}},{"type":"Feature","properties":{"street_name":"ALLEY","address_left_from":-1,"address_left_to":-1,"address_right_from":-1,"address_right_to":-1},"geometry":{"type":"LineString","coordinates":[[-87.78779,41.88221],[-87.78764,41.88222],[-87.78722,41.88222],[-87.78697,41.88222]]}},{"type":"Feature","properties":{"street_name":"ALLEY","address_left_from":-1,"address_left_to":-1,"address_right_from":-1,"address_right_to":-1},"geometry":{"type":"LineString","coordinates":[[-87.80399,41.8979],[-87.80398,41.8976],[-87.80397,41.89747]]}},{"type":"Feature","properties":{"street_name":"ALLEY","address_left_from":-1,"address_left_to":-1,"address_right_from":-1,"address_right_to":-1},"geometry":{"type":"LineString","coordinates":[[-87.79363,41.88632],[-87.79339,41.88632],[-87.79301,41.88633],[-87.79281,41.88633]]}},{"type":"Feature","properties":{"street_name":"ALLEY","address_left_from":-1,"address_left_to":-1,"address_right_from":-1,"address_right_to":-1},"geometry":{"type":"LineString","coordinates":[[-87.78137,41.88649],[-87.78131,41.88649],[-87.78096,41.88649],[-87.78058,41.8865],[-87.78058,41.88643],[-87.78057,41.88618],[-87.78055,41.88584],[-87.78054,41.88549],[-87.78053,41.88528]]}},{"type":"Feature","properties":{"street_name":"ALLEY","address_left_from":-1,"address_left_to":-1,"address_right_from":-1,"address_right_to":-1},"geometry":{"type":"LineString","coordinates":[[-87.80301,41.87742],[-87.80301,41.87736],[-87.80299,41.87678]]}},{"type":"Feature","properties":{"street_name":"ALLEY","address_left_from":-1,"address_left_to":-1,"address_right_from":-1,"address_right_to":-1},"geometry":{"type":"LineString","coordinates":[[-87.79327,41.86882],[-87.79326,41.86864],[-87.79324,41.86809],[-87.79322,41.86743],[-87.79321,41.86709],[-87.7932,41.867]]}},{"type":"Feature","properties":{"street_name":"ALLEY","address_left_from":-1,"address_left_to":-1,"address_right_from":-1,"address_right_to":-1},"geometry":{"type":"LineString","coordinates":[[-87.78077,41.89316],[-87.78076,41.89286],[-87.78075,41.89239],[-87.78074,41.89193],[-87.78073,41.89178]]}},{"type":"Feature","properties":{"street_name":"ALLEY","address_left_from":-1,"address_left_to":-1,"address_right_from":-1,"address_right_to":-1},"geometry":{"type":"LineString","coordinates":[[-87.7788,41.87634],[-87.7788,41.8763],[-87.77879,41.87595],[-87.77877,41.87543],[-87.77874,41.8747],[-87.77874,41.87454]]}},{"type":"Feature","properties":{"street_name":"ALLEY","address_left_from":-1,"address_left_to":-1,"address_right_from":-1,"address_right_to":-1},"geometry":{"type":"LineString","coordinates":[[-87.77735,41.8871],[-87.77734,41.88676],[-87.77733,41.88656],[-87.77732,41.88654]]}},{"type":"Feature","properties":{"street_name":"ALLEY","address_left_from":-1,"address_left_to":-1,"address_right_from":-1,"address_right_to":-1},"geometry":{"type":"LineString","coordinates":[[-87.78594,41.90186],[-87.78592,41.90136],[-87.7859,41.90057],[-87.78587,41.89988]]}},{"type":"Feature","properties":{"street_name":"HOME AVE","address_left_from":300,"address_left_to":338,"address_right_from":301,"address_right_to":343},"geometry":{"type":"LineString","coordinates":[[-87.8,41.88332],[-87.79999,41.88304],[-87.79996,41.88222],[-87.79994,41.88158]]}},{"type":"Feature","properties":{"street_name":"ALLEY","address_left_from":-1,"address_left_to":-1,"address_right_from":-1,"address_right_to":-1},"geometry":{"type":"LineString","coordinates":[[-87.77678,41.89523],[-87.77668,41.89523],[-87.77626,41.89524],[-87.77597,41.89525]]}},{"type":"Feature","properties":{"street_name":"ALLEY","address_left_from":-1,"address_left_to":-1,"address_right_from":-1,"address_right_to":-1},"geometry":{"type":"LineString","coordinates":[[-87.79373,41.89295],[-87.79372,41.89252],[-87.7937,41.89203],[-87.79369,41.89157]]}},{"type":"Feature","properties":{"street_name":"ALLEY","address_left_from":-1,"address_left_to":-1,"address_right_from":-1,"address_right_to":-1},"geometry":{"type":"LineString","coordinates":[[-87.79089,41.87069],[-87.79089,41.87064],[-87.79088,41.87024],[-87.79086,41.86973],[-87.79085,41.86924],[-87.79083,41.86886]]}},{"type":"Feature","properties":{"street_name":"ALLEY","address_left_from":-1,"address_left_to":-1,"address_right_from":-1,"address_right_to":-1},"geometry":{"type":"LineString","coordinates":[[-87.78389,41.88888],[-87.78371,41.88888],[-87.78309,41.88889]]}},{"type":"Feature","properties":{"street_name":"ALLEY","address_left_from":-1,"address_left_to":-1,"address_right_from":-1,"address_right_to":-1},"geometry":{"type":"LineString","coordinates":[[-87.79276,41.87151],[-87.79236,41.87148],[-87.79214,41.87146]]}},{"type":"Feature","properties":{"street_name":"ALLEY","address_left_from":-1,"address_left_to":-1,"address_right_from":-1,"address_right_to":-1},"geometry":{"type":"LineString","coordinates":[[-87.80193,41.90843],[-87.80184,41.90843],[-87.80167,41.90843],[-87.80141,41.90844],[-87.80129,41.90844],[-87.80117,41.90844]]}},{"type":"Feature","properties":{"street_name":"ALLEY","address_left_from":-1,"address_left_to":-1,"address_right_from":-1,"address_right_to":-1},"geometry":{"type":"LineString","coordinates":[[-87.77947,41.90792],[-87.7796,41.90792],[-87.78004,41.90792],[-87.78013,41.90792]]}},{"type":"Feature","properties":{"street_name":"PLEASANT ST","address_left_from":451,"address_left_to":475,"address_right_from":450,"address_right_to":474},"geometry":{"type":"LineString","coordinates":[[-87.78624,41.88518],[-87.78654,41.88518],[-87.78705,41.88517]]}},{"type":"Feature","properties":{"street_name":"ALLEY","address_left_from":-1,"address_left_to":-1,"address_right_from":-1,"address_right_to":-1},"geometry":{"type":"LineString","coordinates":[[-87.79072,41.90563],[-87.79072,41.90553],[-87.7907,41.90524],[-87.7907,41.90488],[-87.79068,41.90443],[-87.79066,41.90383],[-87.79066,41.90375],[-87.79066,41.9037]]}},{"type":"Feature","properties":{"street_name":"ALLEY","address_left_from":-1,"address_left_to":-1,"address_right_from":-1,"address_right_to":-1},"geometry":{"type":"LineString","coordinates":[[-87.77733,41.86908],[-87.77733,41.86888],[-87.77731,41.86838],[-87.77728,41.86765],[-87.77728,41.86733],[-87.77727,41.86725]]}},{"type":"Feature","properties":{"street_name":"PLEASANT ST","address_left_from":477,"address_left_to":499,"address_right_from":476,"address_right_to":498},"geometry":{"type":"LineString","coordinates":[[-87.78705,41.88517],[-87.78741,41.88516],[-87.78787,41.88515]]}},{"type":"Feature","properties":{"street_name":"ALLEY","address_left_from":-1,"address_left_to":-1,"address_right_from":-1,"address_right_to":-1},"geometry":{"type":"LineString","coordinates":[[-87.79791,41.87187],[-87.79759,41.87184],[-87.79724,41.87182]]}},{"type":"Feature","properties":{"street_name":"ALLEY","address_left_from":-1,"address_left_to":-1,"address_right_from":-1,"address_right_to":-1},"geometry":{"type":"LineString","coordinates":[[-87.78643,41.86574],[-87.78616,41.86575],[-87.78593,41.86575],[-87.78582,41.86576]]}},{"type":"Feature","properties":{"street_name":"ALLEY","address_left_from":-1,"address_left_to":-1,"address_right_from":-1,"address_right_to":-1},"geometry":{"type":"LineString","coordinates":[[-87.79066,41.9037],[-87.79066,41.9036],[-87.79064,41.90289],[-87.79063,41.90258],[-87.79061,41.9021],[-87.79061,41.90183],[-87.79061,41.90178]]}},{"type":"Feature","properties":{"street_name":"ALLEY","address_left_from":-1,"address_left_to":-1,"address_right_from":-1,"address_right_to":-1},"geometry":{"type":"LineString","coordinates":[[-87.79595,41.87171],[-87.79595,41.87168],[-87.79593,41.8713],[-87.79592,41.87103],[-87.79591,41.8707],[-87.7959,41.87061]]}},{"type":"Feature","properties":{"street_name":"ALLEY","address_left_from":-1,"address_left_to":-1,"address_right_from":-1,"address_right_to":-1},"geometry":{"type":"LineString","coordinates":[[-87.80348,41.89425],[-87.80346,41.89341],[-87.80345,41.89315],[-87.80344,41.89305]]}},{"type":"Feature","properties":{"street_name":"SUPERIOR ST","address_left_from":21,"address_left_to":39,"address_right_from":20,"address_right_to":38},"geometry":{"type":"LineString","coordinates":[[-87.7759,41.89323],[-87.77671,41.89322]]}},{"type":"Feature","properties":{"street_name":"ALLEY","address_left_from":-1,"address_left_to":-1,"address_right_from":-1,"address_right_to":-1},"geometry":{"type":"LineString","coordinates":[[-87.79693,41.88023],[-87.79652,41.88023],[-87.79627,41.88024]]}},{"type":"Feature","properties":{"street_name":"SUPERIOR ST","address_left_from":153,"address_left_to":199,"address_right_from":152,"address_right_to":198},"geometry":{"type":"LineString","coordinates":[[-87.77915,41.89318],[-87.77936,41.89318],[-87.77996,41.89317]]}},{"type":"Feature","properties":{"street_name":"MADISON ST","address_left_from":511,"address_left_to":515,"address_right_from":492,"address_right_to":498},"geometry":{"type":"LineString","coordinates":[[-87.78744,41.87988],[-87.78773,41.87988]]}},{"type":"Feature","properties":{"street_name":"ERIE ST","address_left_from":101,"address_left_to":151,"address_right_from":100,"address_right_to":150},"geometry":{"type":"LineString","coordinates":[[-87.77829,41.89182],[-87.77855,41.89181],[-87.77911,41.8918]]}},{"type":"Feature","properties":{"street_name":"N EAST AVE","address_left_from":1,"address_left_to":99,"address_right_from":2,"address_right_to":98},"geometry":{"type":"LineString","coordinates":[[-87.78956,41.88718],[-87.78956,41.88722],[-87.78956,41.88722],[-87.78957,41.88728],[-87.78957,41.8874]]}},{"type":"Feature","properties":{"street_name":"N HUMPHREY AVE","address_left_from":1,"address_left_to":99,"address_right_from":2,"address_right_to":98},"geometry":{"type":"LineString","coordinates":[[-87.77653,41.88735],[-87.77653,41.88737],[-87.77653,41.8874],[-87.77653,41.88747],[-87.77653,41.88754]]}},{"type":"Feature","properties":{"street_name":"N HUMPHREY AVE","address_left_from":549,"address_left_to":599,"address_right_from":550,"address_right_to":598},"geometry":{"type":"LineString","coordinates":[[-87.77681,41.89643],[-87.77682,41.89652]]}},{"type":"Feature","properties":{"street_name":"N HUMPHREY AVE","address_left_from":-1,"address_left_to":-1,"address_right_from":514,"address_right_to":520},"geometry":{"type":"LineString","coordinates":[[-87.77678,41.89531],[-87.77677,41.89531],[-87.77677,41.89531],[-87.77676,41.89532],[-87.77676,41.89532],[-87.77676,41.89532],[-87.77675,41.89532],[-87.77675,41.89532],[-87.77674,41.89532],[-87.77674,41.89532],[-87.77674,41.89532],[-87.77673,41.89532],[-87.77673,41.89533],[-87.77673,41.89533],[-87.77673,41.89533],[-87.77672,41.89533],[-87.77672,41.89533],[-87.77672,41.89534],[-87.77672,41.89534],[-87.77672,41.89534],[-87.77671,41.89534],[-87.77671,41.89534],[-87.77671,41.89535],[-87.77671,41.89535],[-87.77671,41.89535],[-87.77671,41.89535],[-87.77671,41.89536],[-87.77671,41.89536],[-87.77671,41.89536],[-87.77671,41.89536],[-87.77671,41.89537],[-87.77671,41.89537],[-87.77671,41.89537],[-87.77671,41.89537],[-87.77671,41.89538],[-87.77671,41.89538],[-87.77671,41.89538],[-87.77671,41.89538],[-87.77671,41.89539],[-87.77671,41.89539],[-87.77671,41.89539],[-87.77671,41.89539],[-87.77671,41.8954],[-87.77672,41.89541],[-87.77675,41.89545],[-87.77678,41.8955],[-87.77679,41.8955]]}},{"type":"Feature","properties":{"street_name":"N HUMPHREY AVE","address_left_from":515,"address_left_to":521,"address_right_from":-1,"address_right_to":-1},"geometry":{"type":"LineString","coordinates":[[-87.77678,41.89531],[-87.77678,41.89531],[-87.77678,41.89531],[-87.77679,41.89532],[-87.77679,41.89532],[-87.7768,41.89532],[-87.7768,41.89532],[-87.77681,41.89532],[-87.77681,41.89532],[-87.77681,41.89532],[-87.77682,41.89532],[-87.77682,41.89532],[-87.77682,41.89533],[-87.77683,41.89533],[-87.77683,41.89533],[-87.77683,41.89533],[-87.77684,41.89533],[-87.77684,41.89534],[-87.77684,41.89534],[-87.77684,41.89534],[-87.77684,41.89534],[-87.77684,41.89534],[-87.77684,41.89534],[-87.77685,41.89534],[-87.77685,41.89535],[-87.77685,41.89535],[-87.77685,41.89535],[-87.77685,41.89535],[-87.77685,41.89535],[-87.77685,41.89535],[-87.77685,41.89535],[-87.77685,41.89536],[-87.77685,41.89536],[-87.77685,41.89536],[-87.77685,41.89536],[-87.77685,41.89536],[-87.77685,41.89536],[-87.77685,41.89537],[-87.77685,41.89537],[-87.77685,41.89537],[-87.77685,41.89537],[-87.77685,41.89537],[-87.77685,41.89537],[-87.77685,41.89537],[-87.77685,41.89538],[-87.77685,41.89538],[-87.77685,41.89538],[-87.77685,41.89538],[-87.77685,41.89538],[-87.77682,41.89544],[-87.77679,41.8955]]}},{"type":"Feature","properties":{"street_name":"N HUMPHREY AVE","address_left_from":337,"address_left_to":399,"address_right_from":336,"address_right_to":398},"geometry":{"type":"LineString","coordinates":[[-87.77671,41.89312],[-87.77671,41.89322]]}},{"type":"Feature","properties":{"street_name":"WESLEY AVE","address_left_from":248,"address_left_to":298,"address_right_from":245,"address_right_to":299},"geometry":{"type":"LineString","coordinates":[[-87.7911,41.88344],[-87.79109,41.88332]]}},{"type":"Feature","properties":{"street_name":"WASHINGTON BLVD","address_left_from":721,"address_left_to":799,"address_right_from":724,"address_right_to":798},"geometry":{"type":"LineString","coordinates":[[-87.79419,41.88157],[-87.79431,41.88156]]}},{"type":"Feature","properties":{"street_name":"WESLEY AVE","address_left_from":148,"address_left_to":198,"address_right_from":147,"address_right_to":199},"geometry":{"type":"LineString","coordinates":[[-87.79115,41.88519],[-87.79114,41.8851]]}},{"type":"Feature","properties":{"street_name":"MADISON ST","address_left_from":857,"address_left_to":899,"address_right_from":900,"address_right_to":906},"geometry":{"type":"LineString","coordinates":[[-87.79692,41.87973],[-87.79737,41.87972]]}},{"type":"Feature","properties":{"street_name":"S CUYLER AVE","address_left_from":648,"address_left_to":698,"address_right_from":651,"address_right_to":699},"geometry":{"type":"LineString","coordinates":[[-87.78312,41.87639],[-87.78311,41.8763]]}},{"type":"Feature","properties":{"street_name":"S CUYLER AVE","address_left_from":1050,"address_left_to":1098,"address_right_from":1051,"address_right_to":1099},"geometry":{"type":"LineString","coordinates":[[-87.78286,41.86908],[-87.78286,41.869]]}},{"type":"Feature","properties":{"street_name":"S CUYLER AVE","address_left_from":848,"address_left_to":898,"address_right_from":849,"address_right_to":899},"geometry":{"type":"LineString","coordinates":[[-87.78299,41.87275],[-87.78299,41.87265]]}},{"type":"Feature","properties":{"street_name":"PLEASANT ST","address_left_from":931,"address_left_to":955,"address_right_from":930,"address_right_to":956},"geometry":{"type":"LineString","coordinates":[[-87.79859,41.88544],[-87.79884,41.88544],[-87.79928,41.88543],[-87.79996,41.88543]]}},{"type":"Feature","properties":{"street_name":"ALLEY","address_left_from":-1,"address_left_to":-1,"address_right_from":-1,"address_right_to":-1},"geometry":{"type":"LineString","coordinates":[[-87.7755,41.88061],[-87.77581,41.8806],[-87.77602,41.8806],[-87.77631,41.8806]]}},{"type":"Feature","properties":{"street_name":"HOME AVE","address_left_from":1150,"address_left_to":1188,"address_right_from":1151,"address_right_to":1189},"geometry":{"type":"LineString","coordinates":[[-87.79904,41.86689],[-87.79903,41.86663],[-87.799,41.8655]]}},{"type":"Feature","properties":{"street_name":"ALLEY","address_left_from":-1,"address_left_to":-1,"address_right_from":-1,"address_right_to":-1},"geometry":{"type":"LineString","coordinates":[[-87.77512,41.89418],[-87.77521,41.89417],[-87.77531,41.89417],[-87.77535,41.89417],[-87.77537,41.89416],[-87.77559,41.89416],[-87.77584,41.89416],[-87.77592,41.89415],[-87.77592,41.89399],[-87.77591,41.89366],[-87.7759,41.89323]]}},{"type":"Feature","properties":{"street_name":"ALLEY","address_left_from":-1,"address_left_to":-1,"address_right_from":-1,"address_right_to":-1},"geometry":{"type":"LineString","coordinates":[[-87.79101,41.88034],[-87.79076,41.88034],[-87.7904,41.88035],[-87.79019,41.88036]]}},{"type":"Feature","properties":{"street_name":"ALLEY","address_left_from":-1,"address_left_to":-1,"address_right_from":-1,"address_right_to":-1},"geometry":{"type":"LineString","coordinates":[[-87.7875,41.87935],[-87.78736,41.87936],[-87.78707,41.87936],[-87.78691,41.87937]]}},{"type":"Feature","properties":{"street_name":"ALLEY","address_left_from":-1,"address_left_to":-1,"address_right_from":-1,"address_right_to":-1},"geometry":{"type":"LineString","coordinates":[[-87.80117,41.90844],[-87.80097,41.90844],[-87.80085,41.90844],[-87.80072,41.90845],[-87.80064,41.90845],[-87.80041,41.90845]]}},{"type":"Feature","properties":{"street_name":"ALLEY","address_left_from":-1,"address_left_to":-1,"address_right_from":-1,"address_right_to":-1},"geometry":{"type":"LineString","coordinates":[[-87.77752,41.87456],[-87.77752,41.87473],[-87.77754,41.87504],[-87.77755,41.8755],[-87.77757,41.876],[-87.77758,41.87629],[-87.77759,41.87636]]}},{"type":"Feature","properties":{"street_name":"ALLEY","address_left_from":-1,"address_left_to":-1,"address_right_from":-1,"address_right_to":-1},"geometry":{"type":"LineString","coordinates":[[-87.78335,41.90866],[-87.78348,41.90866],[-87.78362,41.90866],[-87.78369,41.90866],[-87.78376,41.90866],[-87.78395,41.90866],[-87.784,41.90866],[-87.78408,41.90866]]}},{"type":"Feature","properties":{"street_name":"ALLEY","address_left_from":-1,"address_left_to":-1,"address_right_from":-1,"address_right_to":-1},"geometry":{"type":"LineString","coordinates":[[-87.78078,41.90791],[-87.78096,41.90791],[-87.78129,41.9079],[-87.78143,41.9079]]}},{"type":"Feature","properties":{"street_name":"SCHNEIDER AVE","address_left_from":1111,"address_left_to":1199,"address_right_from":1110,"address_right_to":1198},"geometry":{"type":"LineString","coordinates":[[-87.80393,41.8963],[-87.80532,41.89628]]}},{"type":"Feature","properties":{"street_name":"ALLEY","address_left_from":-1,"address_left_to":-1,"address_right_from":-1,"address_right_to":-1},"geometry":{"type":"LineString","coordinates":[[-87.78374,41.88348],[-87.78375,41.88369],[-87.78376,41.88403],[-87.78379,41.88476],[-87.7838,41.88506],[-87.78379,41.88523]]}},{"type":"Feature","properties":{"street_name":"ALLEY","address_left_from":-1,"address_left_to":-1,"address_right_from":-1,"address_right_to":-1},"geometry":{"type":"LineString","coordinates":[[-87.78449,41.90189],[-87.78448,41.9014],[-87.78445,41.90079],[-87.78442,41.8999]]}},{"type":"Feature","properties":{"street_name":"ALLEY","address_left_from":-1,"address_left_to":-1,"address_right_from":-1,"address_right_to":-1},"geometry":{"type":"LineString","coordinates":[[-87.79083,41.86886],[-87.79083,41.86882],[-87.79082,41.86854],[-87.7908,41.86805],[-87.79077,41.86714],[-87.79077,41.86704]]}},{"type":"Feature","properties":{"street_name":"PLEASANT ST","address_left_from":101,"address_left_to":115,"address_right_from":100,"address_right_to":114},"geometry":{"type":"LineString","coordinates":[[-87.77809,41.88532],[-87.77891,41.88531]]}},{"type":"Feature","properties":{"street_name":"ALLEY","address_left_from":-1,"address_left_to":-1,"address_right_from":-1,"address_right_to":-1},"geometry":{"type":"LineString","coordinates":[[-87.79304,41.90174],[-87.79304,41.90161],[-87.79303,41.90137],[-87.79302,41.90083],[-87.79299,41.90008],[-87.79299,41.89976]]}},{"type":"Feature","properties":{"street_name":"ALLEY","address_left_from":-1,"address_left_to":-1,"address_right_from":-1,"address_right_to":-1},"geometry":{"type":"LineString","coordinates":[[-87.78016,41.9087],[-87.7803,41.9087],[-87.78036,41.9087],[-87.78052,41.90869],[-87.7806,41.90869],[-87.78069,41.90869],[-87.78075,41.9087],[-87.78081,41.9087]]}},{"type":"Feature","properties":{"street_name":"ALLEY","address_left_from":-1,"address_left_to":-1,"address_right_from":-1,"address_right_to":-1},"geometry":{"type":"LineString","coordinates":[[-87.80537,41.89745],[-87.80537,41.89745],[-87.80475,41.89746],[-87.80439,41.89746],[-87.80397,41.89747]]}},{"type":"Feature","properties":{"street_name":"ALLEY","address_left_from":-1,"address_left_to":-1,"address_right_from":-1,"address_right_to":-1},"geometry":{"type":"LineString","coordinates":[[-87.7824,41.89313],[-87.7824,41.89309],[-87.78239,41.8929],[-87.78237,41.89222],[-87.78236,41.89176]]}},{"type":"Feature","properties":{"street_name":"ALLEY","address_left_from":-1,"address_left_to":-1,"address_right_from":-1,"address_right_to":-1},"geometry":{"type":"LineString","coordinates":[[-87.78204,41.88125],[-87.78231,41.88124],[-87.78286,41.88123]]}},{"type":"Feature","properties":{"street_name":"ALLEY","address_left_from":-1,"address_left_to":-1,"address_right_from":-1,"address_right_to":-1},"geometry":{"type":"LineString","coordinates":[[-87.77561,41.88404],[-87.7756,41.88393],[-87.77559,41.88346],[-87.77558,41.88298],[-87.77557,41.88264]]}},{"type":"Feature","properties":{"street_name":"ALLEY","address_left_from":-1,"address_left_to":-1,"address_right_from":-1,"address_right_to":-1},"geometry":{"type":"LineString","coordinates":[[-87.79223,41.87432],[-87.79222,41.87418],[-87.79221,41.87374],[-87.7922,41.87334],[-87.79219,41.87299]]}},{"type":"Feature","properties":{"street_name":"ALLEY","address_left_from":-1,"address_left_to":-1,"address_right_from":-1,"address_right_to":-1},"geometry":{"type":"LineString","coordinates":[[-87.77561,41.87231],[-87.77538,41.87231],[-87.77517,41.87231],[-87.775,41.87231]]}},{"type":"Feature","properties":{"street_name":"ALLEY","address_left_from":-1,"address_left_to":-1,"address_right_from":-1,"address_right_to":-1},"geometry":{"type":"LineString","coordinates":[[-87.78891,41.89303],[-87.7889,41.8929],[-87.78889,41.89248],[-87.78887,41.89189],[-87.78887,41.89165]]}},{"type":"Feature","properties":{"street_name":"ALLEY","address_left_from":-1,"address_left_to":-1,"address_right_from":-1,"address_right_to":-1},"geometry":{"type":"LineString","coordinates":[[-87.79345,41.89022],[-87.79347,41.8909],[-87.79367,41.8909],[-87.79369,41.89157]]}},{"type":"Feature","properties":{"street_name":"ALLEY","address_left_from":-1,"address_left_to":-1,"address_right_from":-1,"address_right_to":-1},"geometry":{"type":"LineString","coordinates":[[-87.79724,41.8723],[-87.79723,41.87195],[-87.79723,41.87184],[-87.79724,41.87182]]}},{"type":"Feature","properties":{"street_name":"ALLEY","address_left_from":-1,"address_left_to":-1,"address_right_from":-1,"address_right_to":-1},"geometry":{"type":"LineString","coordinates":[[-87.80025,41.90345],[-87.80024,41.90334],[-87.80023,41.90299],[-87.80022,41.90259],[-87.80021,41.90228],[-87.80019,41.90194],[-87.80017,41.90162]]}},{"type":"Feature","properties":{"street_name":"N EUCLID AVE","address_left_from":901,"address_left_to":951,"address_right_from":900,"address_right_to":950},"geometry":{"type":"LineString","coordinates":[[-87.79365,41.90172],[-87.79365,41.90189],[-87.79369,41.90334],[-87.7937,41.90356]]}},{"type":"Feature","properties":{"street_name":"ALLEY","address_left_from":-1,"address_left_to":-1,"address_right_from":-1,"address_right_to":-1},"geometry":{"type":"LineString","coordinates":[[-87.79863,41.90164],[-87.79863,41.90135],[-87.79863,41.90086],[-87.7986,41.90034],[-87.79859,41.8999],[-87.79858,41.89982]]}},{"type":"Feature","properties":{"street_name":"PLEASANT ST","address_left_from":801,"address_left_to":815,"address_right_from":800,"address_right_to":814},"geometry":{"type":"LineString","coordinates":[[-87.79442,41.88519],[-87.79509,41.88518]]}},{"type":"Feature","properties":{"street_name":"ALLEY","address_left_from":-1,"address_left_to":-1,"address_right_from":-1,"address_right_to":-1},"geometry":{"type":"LineString","coordinates":[[-87.77468,41.88064],[-87.77477,41.88062],[-87.7749,41.88062],[-87.77496,41.88062],[-87.77505,41.88062],[-87.77516,41.88062],[-87.77527,41.88061],[-87.7755,41.88061]]}},{"type":"Feature","properties":{"street_name":"SUPERIOR ST","address_left_from":221,"address_left_to":249,"address_right_from":220,"address_right_to":248},"geometry":{"type":"LineString","coordinates":[[-87.78077,41.89316],[-87.78111,41.89315],[-87.78159,41.89314]]}},{"type":"Feature","properties":{"street_name":"ALLEY","address_left_from":-1,"address_left_to":-1,"address_right_from":-1,"address_right_to":-1},"geometry":{"type":"LineString","coordinates":[[-87.77728,41.88534],[-87.77727,41.88511],[-87.77726,41.88472],[-87.77725,41.88429],[-87.77724,41.88402]]}},{"type":"Feature","properties":{"street_name":"ALLEY","address_left_from":-1,"address_left_to":-1,"address_right_from":-1,"address_right_to":-1},"geometry":{"type":"LineString","coordinates":[[-87.78694,41.88113],[-87.78613,41.88115]]}},{"type":"Feature","properties":{"street_name":"ALLEY","address_left_from":-1,"address_left_to":-1,"address_right_from":-1,"address_right_to":-1},"geometry":{"type":"LineString","coordinates":[[-87.78029,41.86584],[-87.78012,41.86584],[-87.77989,41.86584],[-87.7797,41.86585]]}},{"type":"Feature","properties":{"street_name":"ALLEY","address_left_from":-1,"address_left_to":-1,"address_right_from":-1,"address_right_to":-1},"geometry":{"type":"LineString","coordinates":[[-87.80471,41.87913],[-87.80385,41.87914]]}},{"type":"Feature","properties":{"street_name":"ALLEY","address_left_from":-1,"address_left_to":-1,"address_right_from":-1,"address_right_to":-1},"geometry":{"type":"LineString","coordinates":[[-87.79839,41.8669],[-87.79838,41.86666],[-87.79836,41.86591],[-87.79835,41.86549]]}},{"type":"Feature","properties":{"street_name":"ALLEY","address_left_from":-1,"address_left_to":-1,"address_right_from":-1,"address_right_to":-1},"geometry":{"type":"LineString","coordinates":[[-87.79959,41.90846],[-87.79946,41.90846],[-87.79934,41.90846],[-87.79923,41.90846],[-87.79909,41.90847],[-87.79891,41.90847]]}},{"type":"Feature","properties":{"street_name":"ALLEY","address_left_from":-1,"address_left_to":-1,"address_right_from":-1,"address_right_to":-1},"geometry":{"type":"LineString","coordinates":[[-87.79596,41.87219],[-87.79596,41.872],[-87.79595,41.87173],[-87.79595,41.87171]]}},{"type":"Feature","properties":{"street_name":"ALLEY","address_left_from":-1,"address_left_to":-1,"address_right_from":-1,"address_right_to":-1},"geometry":{"type":"LineString","coordinates":[[-87.77794,41.88057],[-87.77749,41.88058],[-87.77725,41.88058],[-87.77713,41.88058]]}},{"type":"Feature","properties":{"street_name":"ALLEY","address_left_from":-1,"address_left_to":-1,"address_right_from":-1,"address_right_to":-1},"geometry":{"type":"LineString","coordinates":[[-87.77844,41.86586],[-87.77821,41.86587],[-87.77793,41.86587],[-87.77784,41.86587]]}},{"type":"Feature","properties":{"street_name":"SUPERIOR ST","address_left_from":701,"address_left_to":719,"address_right_from":700,"address_right_to":718},"geometry":{"type":"LineString","coordinates":[[-87.79282,41.89296],[-87.79325,41.89296],[-87.79373,41.89295]]}},{"type":"Feature","properties":{"street_name":"ALLEY","address_left_from":-1,"address_left_to":-1,"address_right_from":-1,"address_right_to":-1},"geometry":{"type":"LineString","coordinates":[[-87.78081,41.9087],[-87.78099,41.90869],[-87.78105,41.90869],[-87.78116,41.90869],[-87.78122,41.90869],[-87.78128,41.90869],[-87.78138,41.90869],[-87.78146,41.90869]]}},{"type":"Feature","properties":{"street_name":"ALLEY","address_left_from":-1,"address_left_to":-1,"address_right_from":-1,"address_right_to":-1},"geometry":{"type":"LineString","coordinates":[[-87.78145,41.88877],[-87.78083,41.88878],[-87.78064,41.88878]]}},{"type":"Feature","properties":{"street_name":"ALLEY","address_left_from":-1,"address_left_to":-1,"address_right_from":-1,"address_right_to":-1},"geometry":{"type":"LineString","coordinates":[[-87.79023,41.88162],[-87.79022,41.88146],[-87.79021,41.88116],[-87.79021,41.8811]]}},{"type":"Feature","properties":{"street_name":"ALLEY","address_left_from":-1,"address_left_to":-1,"address_right_from":-1,"address_right_to":-1},"geometry":{"type":"LineString","coordinates":[[-87.78995,41.87931],[-87.78993,41.87876],[-87.78993,41.87852],[-87.78991,41.87817],[-87.78991,41.87802]]}},{"type":"Feature","properties":{"street_name":"NORTH BLVD","address_left_from":-1,"address_left_to":-1,"address_right_from":-1,"address_right_to":-1},"geometry":{"type":"LineString","coordinates":[[-87.77491,41.88759],[-87.77492,41.88759]]}},{"type":"Feature","properties":{"street_name":"S HARLEM AVE","address_left_from":571,"address_left_to":599,"address_right_from":-1,"address_right_to":-1},"geometry":{"type":"LineString","coordinates":[[-87.80452,41.87381],[-87.8045,41.87379],[-87.8045,41.8737],[-87.80452,41.87368]]}},{"type":"Feature","properties":{"street_name":"S HARLEM AVE","address_left_from":601,"address_left_to":629,"address_right_from":-1,"address_right_to":-1},"geometry":{"type":"LineString","coordinates":[[-87.80452,41.87368],[-87.80449,41.87367],[-87.80449,41.87362],[-87.80452,41.87361]]}},{"type":"Feature","properties":{"street_name":"FOREST AVE","address_left_from":951,"address_left_to":999,"address_right_from":950,"address_right_to":998},"geometry":{"type":"LineString","coordinates":[[-87.801,41.90335],[-87.80101,41.90344]]}},{"type":"Feature","properties":{"street_name":"CLINTON AVE","address_left_from":140,"address_left_to":198,"address_right_from":133,"address_right_to":199},"geometry":{"type":"LineString","coordinates":[[-87.79859,41.88551],[-87.79859,41.88544]]}},{"type":"Feature","properties":{"street_name":"RANDOLPH ST","address_left_from":1143,"address_left_to":1199,"address_right_from":1148,"address_right_to":1198},"geometry":{"type":"LineString","coordinates":[[-87.80474,41.88323],[-87.80486,41.88323]]}},{"type":"Feature","properties":{"street_name":"CLINTON AVE","address_left_from":256,"address_left_to":298,"address_right_from":253,"address_right_to":299},"geometry":{"type":"LineString","coordinates":[[-87.79852,41.88345],[-87.79852,41.88336]]}},{"type":"Feature","properties":{"street_name":"S TAYLOR AVE","address_left_from":548,"address_left_to":598,"address_right_from":549,"address_right_to":599},"geometry":{"type":"LineString","coordinates":[[-87.77826,41.87827],[-87.77826,41.87818]]}},{"type":"Feature","properties":{"street_name":"CLINTON AVE","address_left_from":536,"address_left_to":598,"address_right_from":537,"address_right_to":599},"geometry":{"type":"LineString","coordinates":[[-87.79878,41.87836],[-87.79878,41.87827]]}},{"type":"Feature","properties":{"street_name":"HARRISON ST","address_left_from":353,"address_left_to":399,"address_right_from":354,"address_right_to":398},"geometry":{"type":"LineString","coordinates":[[-87.7841,41.87263],[-87.78422,41.87263]]}},{"type":"Feature","properties":{"street_name":"HARRISON ST","address_left_from":245,"address_left_to":299,"address_right_from":248,"address_right_to":298},"geometry":{"type":"LineString","coordinates":[[-87.78163,41.87267],[-87.78176,41.87267]]}},{"type":"Feature","properties":{"street_name":"HARRISON ST","address_left_from":51,"address_left_to":99,"address_right_from":44,"address_right_to":98},"geometry":{"type":"LineString","coordinates":[[-87.77674,41.87275],[-87.77685,41.87275]]}},{"type":"Feature","properties":{"street_name":"FOREST AVE","address_left_from":1051,"address_left_to":1099,"address_right_from":1050,"address_right_to":1098},"geometry":{"type":"LineString","coordinates":[[-87.80106,41.90519],[-87.80106,41.90527]]}},{"type":"Feature","properties":{"street_name":"FOREST AVE","address_left_from":551,"address_left_to":599,"address_right_from":552,"address_right_to":598},"geometry":{"type":"LineString","coordinates":[[-87.80067,41.8961],[-87.80067,41.89616]]}},{"type":"Feature","properties":{"street_name":"FOREST AVE","address_left_from":127,"address_left_to":149,"address_right_from":126,"address_right_to":148},"geometry":{"type":"LineString","coordinates":[[-87.80079,41.88859],[-87.80079,41.88866]]}},{"type":"Feature","properties":{"street_name":"CLINTON AVE","address_left_from":638,"address_left_to":698,"address_right_from":639,"address_right_to":699},"geometry":{"type":"LineString","coordinates":[[-87.79873,41.87695],[-87.79873,41.87686]]}},{"type":"Feature","properties":{"street_name":"S TAYLOR AVE","address_left_from":848,"address_left_to":898,"address_right_from":847,"address_right_to":899},"geometry":{"type":"LineString","coordinates":[[-87.77807,41.87282],[-87.77807,41.87273]]}},{"type":"Feature","properties":{"street_name":"CLINTON AVE","address_left_from":854,"address_left_to":898,"address_right_from":853,"address_right_to":899},"geometry":{"type":"LineString","coordinates":[[-87.79861,41.87352],[-87.79861,41.87346]]}},{"type":"Feature","properties":{"street_name":"CLINTON AVE","address_left_from":948,"address_left_to":998,"address_right_from":951,"address_right_to":999},"geometry":{"type":"LineString","coordinates":[[-87.79787,41.87066],[-87.79787,41.87057]]}},{"type":"Feature","properties":{"street_name":"FOREST AVE","address_left_from":653,"address_left_to":699,"address_right_from":652,"address_right_to":698},"geometry":{"type":"LineString","coordinates":[[-87.80072,41.89785],[-87.80072,41.89789],[-87.80077,41.89796]]}},{"type":"Feature","properties":{"street_name":"FOREST AVE","address_left_from":337,"address_left_to":399,"address_right_from":326,"address_right_to":398},"geometry":{"type":"LineString","coordinates":[[-87.8003,41.89303],[-87.80031,41.89311]]}},{"type":"Feature","properties":{"street_name":"LAKE ST","address_left_from":1147,"address_left_to":1199,"address_right_from":1148,"address_right_to":1198},"geometry":{"type":"LineString","coordinates":[[-87.80493,41.88859],[-87.80506,41.88858]]}},{"type":"Feature","properties":{"street_name":"CLINTON AVE","address_left_from":434,"address_left_to":438,"address_right_from":435,"address_right_to":439},"geometry":{"type":"LineString","coordinates":[[-87.7984,41.88017],[-87.7984,41.88006]]}},{"type":"Feature","properties":{"street_name":"S TAYLOR AVE","address_left_from":234,"address_left_to":298,"address_right_from":235,"address_right_to":299},"geometry":{"type":"LineString","coordinates":[[-87.77806,41.8841],[-87.77805,41.884]]}},{"type":"Feature","properties":{"street_name":"CLINTON AVE","address_left_from":1050,"address_left_to":1098,"address_right_from":1051,"address_right_to":1099},"geometry":{"type":"LineString","coordinates":[[-87.79781,41.86883],[-87.7978,41.86874]]}},{"type":"Feature","properties":{"street_name":"HARRISON ST","address_left_from":1133,"address_left_to":1199,"address_right_from":1132,"address_right_to":1198},"geometry":{"type":"LineString","coordinates":[[-87.80354,41.87382],[-87.80358,41.87383],[-87.80361,41.87384],[-87.80363,41.87385],[-87.80364,41.87385],[-87.80364,41.87385]]}},{"type":"Feature","properties":{"street_name":"S TAYLOR AVE","address_left_from":930,"address_left_to":998,"address_right_from":931,"address_right_to":999},"geometry":{"type":"LineString","coordinates":[[-87.77803,41.87171],[-87.77802,41.87169],[-87.77801,41.87168]]}},{"type":"Feature","properties":{"street_name":"HARRISON ST","address_left_from":541,"address_left_to":599,"address_right_from":542,"address_right_to":598},"geometry":{"type":"LineString","coordinates":[[-87.78861,41.87256],[-87.78912,41.87256]]}},{"type":"Feature","properties":{"street_name":"FOREST AVE","address_left_from":517,"address_left_to":549,"address_right_from":514,"address_right_to":550},"geometry":{"type":"LineString","coordinates":[[-87.80063,41.89491],[-87.80065,41.89533],[-87.80067,41.8961]]}},{"type":"Feature","properties":{"street_name":"FOREST AVE","address_left_from":851,"address_left_to":899,"address_right_from":850,"address_right_to":898},"geometry":{"type":"LineString","coordinates":[[-87.80095,41.90151],[-87.80095,41.9016]]}},{"type":"Feature","properties":{"street_name":"FOREST AVE","address_left_from":433,"address_left_to":499,"address_right_from":432,"address_right_to":498},"geometry":{"type":"LineString","coordinates":[[-87.80034,41.8942],[-87.80034,41.89431]]}},{"type":"Feature","properties":{"street_name":"FOREST AVE","address_left_from":749,"address_left_to":799,"address_right_from":750,"address_right_to":798},"geometry":{"type":"LineString","coordinates":[[-87.80089,41.89969],[-87.80089,41.89978]]}},{"type":"Feature","properties":{"street_name":"CLINTON AVE","address_left_from":344,"address_left_to":398,"address_right_from":349,"address_right_to":399},"geometry":{"type":"LineString","coordinates":[[-87.79846,41.8816],[-87.79846,41.88151]]}},{"type":"Feature","properties":{"street_name":"RANDOLPH ST","address_left_from":1041,"address_left_to":1099,"address_right_from":1042,"address_right_to":1098},"geometry":{"type":"LineString","coordinates":[[-87.80232,41.88327],[-87.80244,41.88326]]}},{"type":"Feature","properties":{"street_name":"S TAYLOR AVE","address_left_from":146,"address_left_to":198,"address_right_from":149,"address_right_to":199},"geometry":{"type":"LineString","coordinates":[[-87.77809,41.88541],[-87.77809,41.88532]]}},{"type":"Feature","properties":{"street_name":"CLINTON AVE","address_left_from":738,"address_left_to":798,"address_right_from":737,"address_right_to":799},"geometry":{"type":"LineString","coordinates":[[-87.79868,41.87553],[-87.79868,41.87544]]}},{"type":"Feature","properties":{"street_name":"S TAYLOR AVE","address_left_from":1044,"address_left_to":1098,"address_right_from":1043,"address_right_to":1099},"geometry":{"type":"LineString","coordinates":[[-87.77795,41.86916],[-87.77795,41.86907]]}},{"type":"Feature","properties":{"street_name":"HARRISON ST","address_left_from":647,"address_left_to":699,"address_right_from":646,"address_right_to":698},"geometry":{"type":"LineString","coordinates":[[-87.79125,41.87255],[-87.79139,41.87256],[-87.79156,41.87257]]}},{"type":"Feature","properties":{"street_name":"HARRISON ST","address_left_from":153,"address_left_to":199,"address_right_from":150,"address_right_to":198},"geometry":{"type":"LineString","coordinates":[[-87.77916,41.87272],[-87.77931,41.87271]]}},{"type":"Feature","properties":{"street_name":"ROSSELL AVE","address_left_from":1145,"address_left_to":1199,"address_right_from":1144,"address_right_to":1198},"geometry":{"type":"LineString","coordinates":[[-87.78599,41.90722],[-87.78599,41.9073]]}},{"type":"Feature","properties":{"street_name":"FOREST AVE","address_left_from":901,"address_left_to":949,"address_right_from":900,"address_right_to":948},"geometry":{"type":"LineString","coordinates":[[-87.80095,41.9016],[-87.80096,41.9018],[-87.80097,41.90241],[-87.801,41.90328],[-87.801,41.90335]]}},{"type":"Feature","properties":{"street_name":"RANDOLPH ST","address_left_from":553,"address_left_to":599,"address_right_from":552,"address_right_to":598},"geometry":{"type":"LineString","coordinates":[[-87.78864,41.88337],[-87.78929,41.88336],[-87.78946,41.88335]]}},{"type":"Feature","properties":{"street_name":"S TAYLOR AVE","address_left_from":500,"address_left_to":524,"address_right_from":501,"address_right_to":525},"geometry":{"type":"LineString","coordinates":[[-87.77832,41.88003],[-87.77829,41.87903]]}},{"type":"Feature","properties":{"street_name":"RANDOLPH ST","address_left_from":911,"address_left_to":939,"address_right_from":910,"address_right_to":938},"geometry":{"type":"LineString","coordinates":[[-87.79778,41.88337],[-87.79806,41.88337],[-87.79852,41.88336]]}},{"type":"Feature","properties":{"street_name":"LAKE ST","address_left_from":641,"address_left_to":643,"address_right_from":640,"address_right_to":642},"geometry":{"type":"LineString","coordinates":[[-87.79116,41.88854],[-87.79142,41.88854],[-87.79144,41.88854]]}},{"type":"Feature","properties":{"street_name":"HARRISON ST","address_left_from":441,"address_left_to":499,"address_right_from":440,"address_right_to":498},"geometry":{"type":"LineString","coordinates":[[-87.78605,41.8726],[-87.78631,41.8726],[-87.78668,41.87259]]}},{"type":"Feature","properties":{"street_name":"FOREST AVE","address_left_from":297,"address_left_to":303,"address_right_from":296,"address_right_to":298},"geometry":{"type":"LineString","coordinates":[[-87.80028,41.89192],[-87.80028,41.89204]]}},{"type":"Feature","properties":{"street_name":"BISHOP QUARTER LN","address_left_from":-1,"address_left_to":-1,"address_right_from":101,"address_right_to":119},"geometry":{"type":"LineString","coordinates":[[-87.79118,41.88738],[-87.79119,41.88757],[-87.79121,41.88789]]}},{"type":"Feature","properties":{"street_name":"ALLEY","address_left_from":-1,"address_left_to":-1,"address_right_from":-1,"address_right_to":-1},"geometry":{"type":"LineString","coordinates":[[-87.78261,41.87948],[-87.78247,41.87948],[-87.78212,41.87949],[-87.78199,41.87948]]}},{"type":"Feature","properties":{"street_name":"HOME AVE","address_left_from":1000,"address_left_to":1048,"address_right_from":1001,"address_right_to":1049},"geometry":{"type":"LineString","coordinates":[[-87.79917,41.87055],[-87.79916,41.87018],[-87.79912,41.86912],[-87.79911,41.86881]]}},{"type":"Feature","properties":{"street_name":"PLEASANT ST","address_left_from":51,"address_left_to":75,"address_right_from":50,"address_right_to":74},"geometry":{"type":"LineString","coordinates":[[-87.77646,41.88535],[-87.77728,41.88534]]}},{"type":"Feature","properties":{"street_name":"ALLEY","address_left_from":-1,"address_left_to":-1,"address_right_from":-1,"address_right_to":-1},"geometry":{"type":"LineString","coordinates":[[-87.78123,41.88127],[-87.78138,41.88126],[-87.78204,41.88125]]}},{"type":"Feature","properties":{"street_name":"ALLEY","address_left_from":-1,"address_left_to":-1,"address_right_from":-1,"address_right_to":-1},"geometry":{"type":"LineString","coordinates":[[-87.77763,41.8965],[-87.77761,41.89584],[-87.77759,41.89523]]}},{"type":"Feature","properties":{"street_name":"ALLEY","address_left_from":-1,"address_left_to":-1,"address_right_from":-1,"address_right_to":-1},"geometry":{"type":"LineString","coordinates":[[-87.7788,41.88151],[-87.77874,41.88151],[-87.77841,41.88151],[-87.77806,41.88152],[-87.77797,41.88152]]}},{"type":"Feature","properties":{"street_name":"ALLEY","address_left_from":-1,"address_left_to":-1,"address_right_from":-1,"address_right_to":-1},"geometry":{"type":"LineString","coordinates":[[-87.79323,41.90854],[-87.79323,41.9084],[-87.79322,41.9083],[-87.79322,41.90808],[-87.79321,41.90805],[-87.7932,41.90756],[-87.79319,41.90729],[-87.79319,41.90721]]}},{"type":"Feature","properties":{"street_name":"ALLEY","address_left_from":-1,"address_left_to":-1,"address_right_from":-1,"address_right_to":-1},"geometry":{"type":"LineString","coordinates":[[-87.80169,41.88378],[-87.80169,41.88329]]}},{"type":"Feature","properties":{"street_name":"ALLEY","address_left_from":-1,"address_left_to":-1,"address_right_from":-1,"address_right_to":-1},"geometry":{"type":"LineString","coordinates":[[-87.79196,41.88509],[-87.79195,41.88487],[-87.79194,41.88447],[-87.79193,41.88394],[-87.79191,41.88347],[-87.79191,41.88331]]}},{"type":"Feature","properties":{"street_name":"ALLEY","address_left_from":-1,"address_left_to":-1,"address_right_from":-1,"address_right_to":-1},"geometry":{"type":"LineString","coordinates":[[-87.79445,41.8863],[-87.79394,41.88631],[-87.79363,41.88632]]}},{"type":"Feature","properties":{"street_name":"ALLEY","address_left_from":-1,"address_left_to":-1,"address_right_from":-1,"address_right_to":-1},"geometry":{"type":"LineString","coordinates":[[-87.7896,41.86889],[-87.7896,41.8688],[-87.78959,41.86838],[-87.78956,41.86782],[-87.78955,41.86737],[-87.78954,41.86706]]}},{"type":"Feature","properties":{"street_name":"ALLEY","address_left_from":-1,"address_left_to":-1,"address_right_from":-1,"address_right_to":-1},"geometry":{"type":"LineString","coordinates":[[-87.7928,41.87297],[-87.7925,41.87298],[-87.79219,41.87299]]}},{"type":"Feature","properties":{"street_name":"ALLEY","address_left_from":-1,"address_left_to":-1,"address_right_from":-1,"address_right_to":-1},"geometry":{"type":"LineString","coordinates":[[-87.79975,41.86688],[-87.79974,41.86675],[-87.79973,41.86638],[-87.79972,41.86597],[-87.79971,41.8657],[-87.79971,41.86558],[-87.79971,41.86552],[-87.79946,41.86552],[-87.79908,41.86552],[-87.799,41.8655]]}},{"type":"Feature","properties":{"street_name":"CARPENTER AVE","address_left_from":600,"address_left_to":636,"address_right_from":601,"address_right_to":635},"geometry":{"type":"LineString","coordinates":[[-87.79623,41.87832],[-87.79623,41.87807],[-87.7962,41.87721],[-87.79619,41.87699]]}},{"type":"Feature","properties":{"street_name":"ALLEY","address_left_from":-1,"address_left_to":-1,"address_right_from":-1,"address_right_to":-1},"geometry":{"type":"LineString","coordinates":[[-87.78534,41.90731],[-87.78534,41.9072],[-87.78531,41.9067],[-87.78529,41.90613],[-87.78529,41.9057]]}},{"type":"Feature","properties":{"street_name":"ALLEY","address_left_from":-1,"address_left_to":-1,"address_right_from":-1,"address_right_to":-1},"geometry":{"type":"LineString","coordinates":[[-87.79654,41.9085],[-87.7958,41.90851]]}},{"type":"Feature","properties":{"street_name":"SUPERIOR ST","address_left_from":41,"address_left_to":53,"address_right_from":40,"address_right_to":52},"geometry":{"type":"LineString","coordinates":[[-87.77671,41.89322],[-87.77703,41.89321],[-87.77752,41.8932]]}},{"type":"Feature","properties":{"street_name":"ALLEY","address_left_from":-1,"address_left_to":-1,"address_right_from":-1,"address_right_to":-1},"geometry":{"type":"LineString","coordinates":[[-87.78353,41.87082],[-87.78352,41.87027],[-87.7835,41.8697],[-87.78347,41.86899]]}},{"type":"Feature","properties":{"street_name":"ALLEY","address_left_from":-1,"address_left_to":-1,"address_right_from":-1,"address_right_to":-1},"geometry":{"type":"LineString","coordinates":[[-87.79204,41.89298],[-87.79203,41.89229],[-87.79202,41.89185],[-87.79201,41.8916]]}},{"type":"Feature","properties":{"street_name":"ALLEY","address_left_from":-1,"address_left_to":-1,"address_right_from":-1,"address_right_to":-1},"geometry":{"type":"LineString","coordinates":[[-87.78715,41.86893],[-87.78715,41.86876],[-87.78713,41.86837],[-87.78712,41.86799],[-87.7871,41.86728],[-87.78709,41.8671]]}},{"type":"Feature","properties":{"street_name":"ALLEY","address_left_from":-1,"address_left_to":-1,"address_right_from":-1,"address_right_to":-1},"geometry":{"type":"LineString","coordinates":[[-87.80121,41.86869],[-87.80121,41.86865],[-87.80121,41.86855],[-87.80119,41.86814],[-87.80117,41.86761],[-87.80116,41.86724],[-87.80115,41.86698],[-87.80115,41.86686]]}},{"type":"Feature","properties":{"street_name":"ALLEY","address_left_from":-1,"address_left_to":-1,"address_right_from":-1,"address_right_to":-1},"geometry":{"type":"LineString","coordinates":[[-87.78974,41.873],[-87.79005,41.87299],[-87.79035,41.87299]]}},{"type":"Feature","properties":{"street_name":"ALLEY","address_left_from":-1,"address_left_to":-1,"address_right_from":-1,"address_right_to":-1},"geometry":{"type":"LineString","coordinates":[[-87.79346,41.8743],[-87.79345,41.87419],[-87.79344,41.87389],[-87.79344,41.87369],[-87.79343,41.87343],[-87.79342,41.87325],[-87.79341,41.87306],[-87.79338,41.87272]]}},{"type":"Feature","properties":{"street_name":"ALLEY","address_left_from":-1,"address_left_to":-1,"address_right_from":-1,"address_right_to":-1},"geometry":{"type":"LineString","coordinates":[[-87.79077,41.86704],[-87.79076,41.86689],[-87.79075,41.86649],[-87.79073,41.86605],[-87.79072,41.86567]]}},{"type":"Feature","properties":{"street_name":"ALLEY","address_left_from":-1,"address_left_to":-1,"address_right_from":-1,"address_right_to":-1},"geometry":{"type":"LineString","coordinates":[[-87.79504,41.88344],[-87.79503,41.88327],[-87.79502,41.88288],[-87.795,41.88229],[-87.79498,41.8817],[-87.79498,41.88161]]}},{"type":"Feature","properties":{"street_name":"PLEASANT ST","address_left_from":231,"address_left_to":249,"address_right_from":230,"address_right_to":248},"geometry":{"type":"LineString","coordinates":[[-87.78134,41.88527],[-87.78169,41.88526],[-87.78216,41.88525]]}},{"type":"Feature","properties":{"street_name":"ALLEY","address_left_from":-1,"address_left_to":-1,"address_right_from":-1,"address_right_to":-1},"geometry":{"type":"LineString","coordinates":[[-87.80243,41.87825],[-87.80245,41.87824],[-87.80248,41.87823],[-87.8025,41.87822],[-87.80251,41.87821],[-87.80253,41.8782],[-87.80254,41.87818],[-87.80255,41.87817],[-87.80255,41.87815],[-87.80255,41.87813],[-87.80253,41.87758],[-87.80254,41.87757],[-87.80255,41.87756],[-87.80256,41.87755],[-87.80258,41.87754],[-87.80259,41.87754],[-87.80261,41.87753],[-87.80263,41.87753],[-87.80343,41.87752],[-87.80354,41.87752],[-87.80366,41.87752],[-87.80379,41.87753]]}},{"type":"Feature","properties":{"street_name":"ALLEY","address_left_from":-1,"address_left_to":-1,"address_right_from":-1,"address_right_to":-1},"geometry":{"type":"LineString","coordinates":[[-87.78734,41.90861],[-87.78747,41.90861],[-87.78756,41.90861],[-87.78767,41.90861],[-87.7878,41.90861],[-87.78796,41.90861],[-87.78807,41.90861]]}},{"type":"Feature","properties":{"street_name":"ALLEY","address_left_from":-1,"address_left_to":-1,"address_right_from":-1,"address_right_to":-1},"geometry":{"type":"LineString","coordinates":[[-87.79645,41.87312],[-87.79646,41.87354],[-87.79648,41.87406]]}},{"type":"Feature","properties":{"street_name":"ALLEY","address_left_from":-1,"address_left_to":-1,"address_right_from":-1,"address_right_to":-1},"geometry":{"type":"LineString","coordinates":[[-87.78478,41.87125],[-87.78477,41.87102],[-87.78476,41.87084]]}},{"type":"Feature","properties":{"street_name":"ALLEY","address_left_from":-1,"address_left_to":-1,"address_right_from":-1,"address_right_to":-1},"geometry":{"type":"LineString","coordinates":[[-87.7757,41.87153],[-87.77566,41.8715],[-87.77558,41.87148],[-87.77539,41.87148],[-87.77523,41.87148],[-87.77501,41.87149],[-87.77497,41.87149],[-87.77497,41.87158],[-87.77498,41.8718],[-87.775,41.8722],[-87.775,41.87231]]}},{"type":"Feature","properties":{"street_name":"ALLEY","address_left_from":-1,"address_left_to":-1,"address_right_from":-1,"address_right_to":-1},"geometry":{"type":"LineString","coordinates":[[-87.79519,41.88792],[-87.7945,41.88794]]}},{"type":"Feature","properties":{"street_name":"ALLEY","address_left_from":-1,"address_left_to":-1,"address_right_from":-1,"address_right_to":-1},"geometry":{"type":"LineString","coordinates":[[-87.79118,41.87929],[-87.79107,41.87929],[-87.79084,41.87929],[-87.79071,41.8793],[-87.79057,41.8793]]}},{"type":"Feature","properties":{"street_name":"ALLEY","address_left_from":-1,"address_left_to":-1,"address_right_from":-1,"address_right_to":-1},"geometry":{"type":"LineString","coordinates":[[-87.78083,41.89517],[-87.7806,41.89518],[-87.78002,41.89518]]}},{"type":"Feature","properties":{"street_name":"ALLEY","address_left_from":-1,"address_left_to":-1,"address_right_from":-1,"address_right_to":-1},"geometry":{"type":"LineString","coordinates":[[-87.77907,41.86585],[-87.77884,41.86586],[-87.77862,41.86586],[-87.77844,41.86586]]}},{"type":"Feature","properties":{"street_name":"ALLEY","address_left_from":-1,"address_left_to":-1,"address_right_from":-1,"address_right_to":-1},"geometry":{"type":"LineString","coordinates":[[-87.77538,41.86591],[-87.7753,41.86591],[-87.77503,41.86591],[-87.77476,41.86591]]}},{"type":"Feature","properties":{"street_name":"PLEASANT ST","address_left_from":617,"address_left_to":649,"address_right_from":616,"address_right_to":648},"geometry":{"type":"LineString","coordinates":[[-87.79032,41.88511],[-87.79083,41.8851],[-87.79114,41.8851]]}},{"type":"Feature","properties":{"street_name":"ALLEY","address_left_from":-1,"address_left_to":-1,"address_right_from":-1,"address_right_to":-1},"geometry":{"type":"LineString","coordinates":[[-87.78084,41.90163],[-87.78078,41.89996]]}},{"type":"Feature","properties":{"street_name":"ALLEY","address_left_from":-1,"address_left_to":-1,"address_right_from":-1,"address_right_to":-1},"geometry":{"type":"LineString","coordinates":[[-87.78327,41.89514],[-87.78295,41.89514],[-87.78246,41.89515]]}},{"type":"Feature","properties":{"street_name":"ALLEY","address_left_from":-1,"address_left_to":-1,"address_right_from":-1,"address_right_to":-1},"geometry":{"type":"LineString","coordinates":[[-87.78496,41.87627],[-87.78495,41.8761],[-87.78493,41.87566],[-87.78491,41.87529],[-87.78491,41.87507],[-87.78489,41.87454],[-87.78489,41.87445]]}},{"type":"Feature","properties":{"street_name":"ALLEY","address_left_from":-1,"address_left_to":-1,"address_right_from":-1,"address_right_to":-1},"geometry":{"type":"LineString","coordinates":[[-87.79858,41.89982],[-87.79858,41.8996],[-87.79856,41.89913],[-87.79854,41.89862],[-87.79852,41.898]]}},{"type":"Feature","properties":{"street_name":"ALLEY","address_left_from":-1,"address_left_to":-1,"address_right_from":-1,"address_right_to":-1},"geometry":{"type":"LineString","coordinates":[[-87.79252,41.90483],[-87.7922,41.90483],[-87.79208,41.90483],[-87.792,41.90483],[-87.79194,41.90482],[-87.79192,41.90482],[-87.79191,41.90481],[-87.79191,41.90478],[-87.7919,41.90467],[-87.7919,41.90441],[-87.79189,41.90396],[-87.79188,41.90376],[-87.79188,41.90368]]}},{"type":"Feature","properties":{"street_name":"ALLEY","address_left_from":-1,"address_left_to":-1,"address_right_from":-1,"address_right_to":-1},"geometry":{"type":"LineString","coordinates":[[-87.78613,41.88115],[-87.78604,41.88115],[-87.78563,41.88116],[-87.78532,41.88117]]}},{"type":"Feature","properties":{"street_name":"ALLEY","address_left_from":-1,"address_left_to":-1,"address_right_from":-1,"address_right_to":-1},"geometry":{"type":"LineString","coordinates":[[-87.77901,41.88873],[-87.7782,41.88874]]}},{"type":"Feature","properties":{"street_name":"ALLEY","address_left_from":-1,"address_left_to":-1,"address_right_from":-1,"address_right_to":-1},"geometry":{"type":"LineString","coordinates":[[-87.79198,41.90723],[-87.79198,41.90713],[-87.79197,41.90681],[-87.79196,41.90653],[-87.79194,41.90609],[-87.79193,41.90561]]}},{"type":"Feature","properties":{"street_name":"ALLEY","address_left_from":-1,"address_left_to":-1,"address_right_from":-1,"address_right_to":-1},"geometry":{"type":"LineString","coordinates":[[-87.79081,41.90857],[-87.79081,41.90849],[-87.7908,41.90839],[-87.79079,41.9081],[-87.79078,41.90765],[-87.79077,41.90732],[-87.79077,41.90724]]}},{"type":"Feature","properties":{"street_name":"ALLEY","address_left_from":-1,"address_left_to":-1,"address_right_from":-1,"address_right_to":-1},"geometry":{"type":"LineString","coordinates":[[-87.78482,41.90475],[-87.7848,41.9043],[-87.78479,41.90379]]}},{"type":"Feature","properties":{"street_name":"ALLEY","address_left_from":-1,"address_left_to":-1,"address_right_from":-1,"address_right_to":-1},"geometry":{"type":"LineString","coordinates":[[-87.77737,41.87022],[-87.77727,41.87021],[-87.77702,41.87019],[-87.77676,41.87016]]}},{"type":"Feature","properties":{"street_name":"CARPENTER AVE","address_left_from":840,"address_left_to":866,"address_right_from":841,"address_right_to":865},"geometry":{"type":"LineString","coordinates":[[-87.79609,41.87407],[-87.79608,41.87377],[-87.79605,41.87311]]}},{"type":"Feature","properties":{"street_name":"N OAK PARK AVE","address_left_from":301,"address_left_to":341,"address_right_from":300,"address_right_to":328},"geometry":{"type":"LineString","coordinates":[[-87.7946,41.89156],[-87.79461,41.89181],[-87.79463,41.89274],[-87.79464,41.89293]]}},{"type":"Feature","properties":{"street_name":"ALLEY","address_left_from":-1,"address_left_to":-1,"address_right_from":-1,"address_right_to":-1},"geometry":{"type":"LineString","coordinates":[[-87.78832,41.86708],[-87.78831,41.86691],[-87.78828,41.86614],[-87.78826,41.86571]]}},{"type":"Feature","properties":{"street_name":"ALLEY","address_left_from":-1,"address_left_to":-1,"address_right_from":-1,"address_right_to":-1},"geometry":{"type":"LineString","coordinates":[[-87.78415,41.87079],[-87.78444,41.87081],[-87.78476,41.87084]]}},{"type":"Feature","properties":{"street_name":"ALLEY","address_left_from":-1,"address_left_to":-1,"address_right_from":-1,"address_right_to":-1},"geometry":{"type":"LineString","coordinates":[[-87.79141,41.90856],[-87.79081,41.90857]]}},{"type":"Feature","properties":{"street_name":"ALLEY","address_left_from":-1,"address_left_to":-1,"address_right_from":-1,"address_right_to":-1},"geometry":{"type":"LineString","coordinates":[[-87.79234,41.89857],[-87.79201,41.89858],[-87.79174,41.89858]]}},{"type":"Feature","properties":{"street_name":"ALLEY","address_left_from":-1,"address_left_to":-1,"address_right_from":-1,"address_right_to":-1},"geometry":{"type":"LineString","coordinates":[[-87.77732,41.88654],[-87.77714,41.88654],[-87.7765,41.88656]]}},{"type":"Feature","properties":{"street_name":"PLEASANT ST","address_left_from":817,"address_left_to":829,"address_right_from":816,"address_right_to":828},"geometry":{"type":"LineString","coordinates":[[-87.79509,41.88518],[-87.79543,41.88517],[-87.79576,41.88516]]}},{"type":"Feature","properties":{"street_name":"ALLEY","address_left_from":-1,"address_left_to":-1,"address_right_from":-1,"address_right_to":-1},"geometry":{"type":"LineString","coordinates":[[-87.7804,41.88053],[-87.78021,41.88053],[-87.77989,41.88054],[-87.77957,41.88055]]}},{"type":"Feature","properties":{"street_name":"ALLEY","address_left_from":-1,"address_left_to":-1,"address_right_from":-1,"address_right_to":-1},"geometry":{"type":"LineString","coordinates":[[-87.77749,41.90697],[-87.77766,41.90697],[-87.77805,41.90697],[-87.77814,41.90697]]}},{"type":"Feature","properties":{"street_name":"ALLEY","address_left_from":-1,"address_left_to":-1,"address_right_from":-1,"address_right_to":-1},"geometry":{"type":"LineString","coordinates":[[-87.79648,41.87406],[-87.79648,41.8742],[-87.79651,41.8748],[-87.79652,41.87538],[-87.79653,41.87548]]}},{"type":"Feature","properties":{"street_name":"ALLEY","address_left_from":-1,"address_left_to":-1,"address_right_from":-1,"address_right_to":-1},"geometry":{"type":"LineString","coordinates":[[-87.7772,41.88261],[-87.77689,41.88262],[-87.77668,41.88262],[-87.77649,41.88263],[-87.77637,41.88263]]}},{"type":"Feature","properties":{"street_name":"ALLEY","address_left_from":-1,"address_left_to":-1,"address_right_from":-1,"address_right_to":-1},"geometry":{"type":"LineString","coordinates":[[-87.78214,41.86581],[-87.78185,41.86582],[-87.78153,41.86581],[-87.78152,41.86581]]}},{"type":"Feature","properties":{"street_name":"ALLEY","address_left_from":-1,"address_left_to":-1,"address_right_from":-1,"address_right_to":-1},"geometry":{"type":"LineString","coordinates":[[-87.78734,41.87441],[-87.78734,41.8743],[-87.78732,41.87385],[-87.78729,41.87303]]}},{"type":"Feature","properties":{"street_name":"PLEASANT ST","address_left_from":77,"address_left_to":99,"address_right_from":76,"address_right_to":98},"geometry":{"type":"LineString","coordinates":[[-87.77728,41.88534],[-87.77809,41.88532]]}},{"type":"Feature","properties":{"street_name":"ALLEY","address_left_from":-1,"address_left_to":-1,"address_right_from":-1,"address_right_to":-1},"geometry":{"type":"LineString","coordinates":[[-87.79199,41.88634],[-87.79183,41.88635],[-87.79139,41.88635],[-87.79118,41.88636]]}},{"type":"Feature","properties":{"street_name":"ALLEY","address_left_from":-1,"address_left_to":-1,"address_right_from":-1,"address_right_to":-1},"geometry":{"type":"LineString","coordinates":[[-87.79262,41.90855],[-87.79202,41.90856]]}},{"type":"Feature","properties":{"street_name":"ALLEY","address_left_from":-1,"address_left_to":-1,"address_right_from":-1,"address_right_to":-1},"geometry":{"type":"LineString","coordinates":[[-87.8028,41.87185],[-87.80278,41.87131],[-87.80277,41.87097],[-87.80275,41.87049]]}},{"type":"Feature","properties":{"street_name":"ALLEY","address_left_from":-1,"address_left_to":-1,"address_right_from":-1,"address_right_to":-1},"geometry":{"type":"LineString","coordinates":[[-87.80344,41.89305],[-87.80343,41.89291],[-87.80341,41.89243],[-87.80339,41.89185]]}},{"type":"Feature","properties":{"street_name":"ALLEY","address_left_from":-1,"address_left_to":-1,"address_right_from":-1,"address_right_to":-1},"geometry":{"type":"LineString","coordinates":[[-87.78404,41.89405],[-87.78403,41.89357],[-87.78401,41.89311]]}},{"type":"Feature","properties":{"street_name":"ALLEY","address_left_from":-1,"address_left_to":-1,"address_right_from":-1,"address_right_to":-1},"geometry":{"type":"LineString","coordinates":[[-87.78337,41.8658],[-87.78315,41.8658],[-87.78288,41.8658],[-87.78283,41.8658],[-87.78275,41.8658]]}},{"type":"Feature","properties":{"street_name":"ALLEY","address_left_from":-1,"address_left_to":-1,"address_right_from":-1,"address_right_to":-1},"geometry":{"type":"LineString","coordinates":[[-87.78394,41.89038],[-87.78394,41.89016],[-87.78392,41.88977],[-87.78391,41.88935],[-87.78389,41.88888]]}},{"type":"Feature","properties":{"street_name":"ALLEY","address_left_from":-1,"address_left_to":-1,"address_right_from":-1,"address_right_to":-1},"geometry":{"type":"LineString","coordinates":[[-87.80107,41.87919],[-87.80092,41.8792],[-87.80065,41.8792],[-87.80046,41.8792]]}},{"type":"Feature","properties":{"street_name":"ALLEY","address_left_from":-1,"address_left_to":-1,"address_right_from":-1,"address_right_to":-1},"geometry":{"type":"LineString","coordinates":[[-87.77644,41.87821],[-87.77644,41.87806],[-87.77642,41.87761],[-87.77639,41.87685],[-87.77638,41.87649],[-87.77638,41.87644]]}},{"type":"Feature","properties":{"street_name":"ALLEY","address_left_from":-1,"address_left_to":-1,"address_right_from":-1,"address_right_to":-1},"geometry":{"type":"LineString","coordinates":[[-87.77812,41.88654],[-87.77785,41.88654],[-87.77759,41.88654],[-87.77732,41.88654]]}},{"type":"Feature","properties":{"street_name":"ALLEY","address_left_from":-1,"address_left_to":-1,"address_right_from":-1,"address_right_to":-1},"geometry":{"type":"LineString","coordinates":[[-87.77891,41.88531],[-87.77891,41.88526],[-87.77889,41.88486],[-87.77887,41.88412],[-87.77887,41.88399]]}},{"type":"Feature","properties":{"street_name":"ALLEY","address_left_from":-1,"address_left_to":-1,"address_right_from":-1,"address_right_to":-1},"geometry":{"type":"LineString","coordinates":[[-87.79091,41.87135],[-87.7909,41.87093],[-87.79089,41.87069]]}},{"type":"Feature","properties":{"street_name":"ALLEY","address_left_from":-1,"address_left_to":-1,"address_right_from":-1,"address_right_to":-1},"geometry":{"type":"LineString","coordinates":[[-87.79649,41.88791],[-87.79625,41.88792],[-87.79585,41.88792],[-87.79544,41.88792],[-87.79519,41.88792]]}},{"type":"Feature","properties":{"street_name":"ALLEY","address_left_from":-1,"address_left_to":-1,"address_right_from":-1,"address_right_to":-1},"geometry":{"type":"LineString","coordinates":[[-87.78091,41.86583],[-87.78076,41.86583],[-87.78044,41.86583],[-87.78029,41.86584]]}},{"type":"Feature","properties":{"street_name":"ALLEY","address_left_from":-1,"address_left_to":-1,"address_right_from":-1,"address_right_to":-1},"geometry":{"type":"LineString","coordinates":[[-87.79358,41.87795],[-87.79358,41.87788],[-87.79356,41.87742],[-87.79354,41.87691]]}},{"type":"Feature","properties":{"street_name":"ALLEY","address_left_from":-1,"address_left_to":-1,"address_right_from":-1,"address_right_to":-1},"geometry":{"type":"LineString","coordinates":[[-87.78098,41.89995],[-87.78097,41.89958],[-87.78094,41.89887],[-87.78092,41.89828]]}},{"type":"Feature","properties":{"street_name":"ALLEY","address_left_from":-1,"address_left_to":-1,"address_right_from":-1,"address_right_to":-1},"geometry":{"type":"LineString","coordinates":[[-87.79021,41.8811],[-87.79021,41.88093],[-87.7902,41.88066],[-87.79019,41.88036]]}},{"type":"Feature","properties":{"street_name":"ALLEY","address_left_from":-1,"address_left_to":-1,"address_right_from":-1,"address_right_to":-1},"geometry":{"type":"LineString","coordinates":[[-87.78244,41.89461],[-87.78243,41.89413],[-87.78241,41.89356],[-87.7824,41.89313]]}},{"type":"Feature","properties":{"street_name":"ALLEY","address_left_from":-1,"address_left_to":-1,"address_right_from":-1,"address_right_to":-1},"geometry":{"type":"LineString","coordinates":[[-87.78139,41.87949],[-87.78125,41.87949],[-87.78091,41.87949],[-87.78078,41.8795]]}},{"type":"Feature","properties":{"street_name":"HOME AVE","address_left_from":600,"address_left_to":634,"address_right_from":601,"address_right_to":637},"geometry":{"type":"LineString","coordinates":[[-87.79982,41.87825],[-87.79981,41.87804],[-87.79978,41.8772],[-87.79977,41.87693]]}},{"type":"Feature","properties":{"street_name":"SUPERIOR ST","address_left_from":473,"address_left_to":499,"address_right_from":472,"address_right_to":498},"geometry":{"type":"LineString","coordinates":[[-87.78727,41.89306],[-87.78775,41.89305],[-87.78809,41.89304]]}},{"type":"Feature","properties":{"street_name":"ALLEY","address_left_from":-1,"address_left_to":-1,"address_right_from":-1,"address_right_to":-1},"geometry":{"type":"LineString","coordinates":[[-87.7966,41.87176],[-87.7965,41.87175],[-87.79605,41.87172],[-87.79595,41.87171]]}},{"type":"Feature","properties":{"street_name":"ALLEY","address_left_from":-1,"address_left_to":-1,"address_right_from":-1,"address_right_to":-1},"geometry":{"type":"LineString","coordinates":[[-87.79647,41.88725],[-87.79647,41.88716]]}},{"type":"Feature","properties":{"street_name":"N OAK PARK AVE","address_left_from":701,"address_left_to":743,"address_right_from":700,"address_right_to":746},"geometry":{"type":"LineString","coordinates":[[-87.79477,41.89807],[-87.79479,41.89865],[-87.79481,41.89956],[-87.79482,41.89973]]}},{"type":"Feature","properties":{"street_name":"ALLEY","address_left_from":-1,"address_left_to":-1,"address_right_from":-1,"address_right_to":-1},"geometry":{"type":"LineString","coordinates":[[-87.78122,41.87451],[-87.78122,41.87463],[-87.78123,41.87486],[-87.78126,41.87568],[-87.78128,41.87624],[-87.78128,41.87633]]}},{"type":"Feature","properties":{"street_name":"N OAK PARK AVE","address_left_from":157,"address_left_to":171,"address_right_from":140,"address_right_to":158},"geometry":{"type":"LineString","coordinates":[[-87.79452,41.88865],[-87.79453,41.8888],[-87.79453,41.88913],[-87.79454,41.88955]]}},{"type":"Feature","properties":{"street_name":"PLEASANT ST","address_left_from":701,"address_left_to":751,"address_right_from":700,"address_right_to":750},"geometry":{"type":"LineString","coordinates":[[-87.79277,41.88507],[-87.79293,41.88507],[-87.79359,41.88506]]}},{"type":"Feature","properties":{"street_name":"ALLEY","address_left_from":-1,"address_left_to":-1,"address_right_from":-1,"address_right_to":-1},"geometry":{"type":"LineString","coordinates":[[-87.78995,41.87931],[-87.78982,41.87931],[-87.78955,41.87932],[-87.78934,41.87932]]}},{"type":"Feature","properties":{"street_name":"ALLEY","address_left_from":-1,"address_left_to":-1,"address_right_from":-1,"address_right_to":-1},"geometry":{"type":"LineString","coordinates":[[-87.7769,41.90875],[-87.77672,41.90875],[-87.77639,41.90875],[-87.77625,41.90875]]}},{"type":"Feature","properties":{"street_name":"ALLEY","address_left_from":-1,"address_left_to":-1,"address_right_from":-1,"address_right_to":-1},"geometry":{"type":"LineString","coordinates":[[-87.78852,41.87301],[-87.78877,41.87301],[-87.78913,41.873]]}},{"type":"Feature","properties":{"street_name":"ALLEY","address_left_from":-1,"address_left_to":-1,"address_right_from":-1,"address_right_to":-1},"geometry":{"type":"LineString","coordinates":[[-87.79811,41.87971],[-87.79809,41.87922],[-87.79807,41.87868],[-87.79807,41.87836],[-87.79806,41.87828]]}},{"type":"Feature","properties":{"street_name":"ALLEY","address_left_from":-1,"address_left_to":-1,"address_right_from":-1,"address_right_to":-1},"geometry":{"type":"LineString","coordinates":[[-87.79953,41.89015],[-87.79951,41.88957]]}},{"type":"Feature","properties":{"street_name":"ALLEY","address_left_from":-1,"address_left_to":-1,"address_right_from":-1,"address_right_to":-1},"geometry":{"type":"LineString","coordinates":[[-87.77476,41.86591],[-87.77416,41.86592]]}},{"type":"Feature","properties":{"street_name":"S HARLEM AVE","address_left_from":217,"address_left_to":299,"address_right_from":-1,"address_right_to":-1},"geometry":{"type":"LineString","coordinates":[[-87.80455,41.87618],[-87.80455,41.87609],[-87.8046,41.87599]]}},{"type":"Feature","properties":{"street_name":"NORTH BLVD","address_left_from":1133,"address_left_to":1199,"address_right_from":1134,"address_right_to":1198},"geometry":{"type":"LineString","coordinates":[[-87.80487,41.88713],[-87.805,41.88713]]}},{"type":"Feature","properties":{"street_name":"N OAK PARK AVE","address_left_from":1,"address_left_to":99,"address_right_from":2,"address_right_to":98},"geometry":{"type":"LineString","coordinates":[[-87.79447,41.88711],[-87.79448,41.88715],[-87.79448,41.88721],[-87.79448,41.88731]]}},{"type":"Feature","properties":{"street_name":"N MAPLE AVE","address_left_from":101,"address_left_to":123,"address_right_from":100,"address_right_to":122},"geometry":{"type":"LineString","coordinates":[[-87.80391,41.88713],[-87.80393,41.88788]]}},{"type":"Feature","properties":{"street_name":"ALLEY","address_left_from":-1,"address_left_to":-1,"address_right_from":-1,"address_right_to":-1},"geometry":{"type":"LineString","coordinates":[[-87.77553,41.87006],[-87.7754,41.87005],[-87.7751,41.87003],[-87.77492,41.87001]]}},{"type":"Feature","properties":{"street_name":"ALLEY","address_left_from":-1,"address_left_to":-1,"address_right_from":-1,"address_right_to":-1},"geometry":{"type":"LineString","coordinates":[[-87.78174,41.87221],[-87.78162,41.87221],[-87.78115,41.87222],[-87.78076,41.87223],[-87.78046,41.87223],[-87.77992,41.87224]]}},{"type":"Feature","properties":{"street_name":"ALLEY","address_left_from":-1,"address_left_to":-1,"address_right_from":-1,"address_right_to":-1},"geometry":{"type":"LineString","coordinates":[[-87.78701,41.8834],[-87.787,41.88319],[-87.78699,41.8828],[-87.78697,41.88222]]}},{"type":"Feature","properties":{"street_name":"ALLEY","address_left_from":-1,"address_left_to":-1,"address_right_from":-1,"address_right_to":-1},"geometry":{"type":"LineString","coordinates":[[-87.78218,41.86718],[-87.78218,41.86702],[-87.78216,41.86651],[-87.78214,41.86581]]}},{"type":"Feature","properties":{"street_name":"ALLEY","address_left_from":-1,"address_left_to":-1,"address_right_from":-1,"address_right_to":-1},"geometry":{"type":"LineString","coordinates":[[-87.7841,41.89538],[-87.78381,41.89538],[-87.78328,41.89539]]}},{"type":"Feature","properties":{"street_name":"ALLEY","address_left_from":-1,"address_left_to":-1,"address_right_from":-1,"address_right_to":-1},"geometry":{"type":"LineString","coordinates":[[-87.799,41.8655],[-87.79893,41.86548],[-87.79856,41.86549],[-87.79835,41.86549]]}},{"type":"Feature","properties":{"street_name":"ALLEY","address_left_from":-1,"address_left_to":-1,"address_right_from":-1,"address_right_to":-1},"geometry":{"type":"LineString","coordinates":[[-87.78542,41.8852],[-87.78541,41.88493],[-87.78539,41.88437],[-87.78538,41.88382],[-87.78538,41.88352],[-87.78538,41.88342]]}},{"type":"Feature","properties":{"street_name":"ALLEY","address_left_from":-1,"address_left_to":-1,"address_right_from":-1,"address_right_to":-1},"geometry":{"type":"LineString","coordinates":[[-87.77983,41.88872],[-87.77903,41.88873],[-87.77901,41.88873]]}},{"type":"Feature","properties":{"street_name":"ALLEY","address_left_from":-1,"address_left_to":-1,"address_right_from":-1,"address_right_to":-1},"geometry":{"type":"LineString","coordinates":[[-87.78719,41.87025],[-87.78718,41.86986],[-87.78716,41.86939],[-87.78715,41.86901],[-87.78715,41.86893]]}},{"type":"Feature","properties":{"street_name":"ALLEY","address_left_from":-1,"address_left_to":-1,"address_right_from":-1,"address_right_to":-1},"geometry":{"type":"LineString","coordinates":[[-87.79186,41.88159],[-87.79186,41.88136],[-87.79184,41.88092],[-87.79181,41.88033]]}},{"type":"Feature","properties":{"street_name":"ALLEY","address_left_from":-1,"address_left_to":-1,"address_right_from":-1,"address_right_to":-1},"geometry":{"type":"LineString","coordinates":[[-87.77737,41.87022],[-87.77735,41.86964],[-87.77734,41.86919],[-87.77733,41.86908]]}},{"type":"Feature","properties":{"street_name":"ALLEY","address_left_from":-1,"address_left_to":-1,"address_right_from":-1,"address_right_to":-1},"geometry":{"type":"LineString","coordinates":[[-87.78863,41.87621],[-87.78862,41.87609],[-87.78861,41.87582],[-87.78858,41.87498],[-87.78857,41.87453],[-87.78856,41.87438]]}},{"type":"Feature","properties":{"street_name":"SUPERIOR ST","address_left_from":201,"address_left_to":219,"address_right_from":200,"address_right_to":218},"geometry":{"type":"LineString","coordinates":[[-87.77996,41.89317],[-87.78039,41.89316],[-87.78077,41.89316]]}},{"type":"Feature","properties":{"street_name":"SUPERIOR ST","address_left_from":423,"address_left_to":439,"address_right_from":422,"address_right_to":438},"geometry":{"type":"LineString","coordinates":[[-87.78563,41.89309],[-87.78592,41.89308],[-87.78646,41.89307]]}},{"type":"Feature","properties":{"street_name":"ALLEY","address_left_from":-1,"address_left_to":-1,"address_right_from":-1,"address_right_to":-1},"geometry":{"type":"LineString","coordinates":[[-87.80237,41.8984],[-87.8016,41.89841],[-87.80085,41.89842]]}},{"type":"Feature","properties":{"street_name":"ALLEY","address_left_from":-1,"address_left_to":-1,"address_right_from":-1,"address_right_to":-1},"geometry":{"type":"LineString","coordinates":[[-87.80482,41.90338],[-87.80482,41.90352],[-87.80484,41.9041],[-87.80487,41.90463],[-87.80488,41.90522]]}},{"type":"Feature","properties":{"street_name":"ALLEY","address_left_from":-1,"address_left_to":-1,"address_right_from":-1,"address_right_to":-1},"geometry":{"type":"LineString","coordinates":[[-87.79333,41.87065],[-87.79333,41.8705],[-87.79331,41.87008],[-87.79329,41.86929],[-87.79327,41.86891],[-87.79327,41.86882]]}},{"type":"Feature","properties":{"street_name":"ALLEY","address_left_from":-1,"address_left_to":-1,"address_right_from":-1,"address_right_to":-1},"geometry":{"type":"LineString","coordinates":[[-87.79988,41.87054],[-87.79987,41.87032],[-87.79985,41.86984],[-87.79983,41.86918],[-87.79982,41.86871]]}},{"type":"Feature","properties":{"street_name":"ALLEY","address_left_from":-1,"address_left_to":-1,"address_right_from":-1,"address_right_to":-1},"geometry":{"type":"LineString","coordinates":[[-87.78557,41.89035],[-87.78557,41.89018],[-87.78556,41.88971],[-87.78554,41.88926],[-87.78553,41.88905]]}},{"type":"Feature","properties":{"street_name":"ALLEY","address_left_from":-1,"address_left_to":-1,"address_right_from":-1,"address_right_to":-1},"geometry":{"type":"LineString","coordinates":[[-87.77625,41.90875],[-87.77611,41.90876],[-87.77581,41.90876],[-87.77579,41.90876],[-87.77559,41.90876]]}},{"type":"Feature","properties":{"street_name":"ALLEY","address_left_from":-1,"address_left_to":-1,"address_right_from":-1,"address_right_to":-1},"geometry":{"type":"LineString","coordinates":[[-87.78201,41.8805],[-87.78175,41.88051],[-87.78135,41.88052],[-87.78121,41.88052]]}},{"type":"Feature","properties":{"street_name":"PLEASANT ST","address_left_from":831,"address_left_to":839,"address_right_from":830,"address_right_to":838},"geometry":{"type":"LineString","coordinates":[[-87.79576,41.88516],[-87.7959,41.88516],[-87.7961,41.88515],[-87.79643,41.88515]]}},{"type":"Feature","properties":{"street_name":"ALLEY","address_left_from":-1,"address_left_to":-1,"address_right_from":-1,"address_right_to":-1},"geometry":{"type":"LineString","coordinates":[[-87.79684,41.89019],[-87.79682,41.88948]]}},{"type":"Feature","properties":{"street_name":"ALLEY","address_left_from":-1,"address_left_to":-1,"address_right_from":-1,"address_right_to":-1},"geometry":{"type":"LineString","coordinates":[[-87.79118,41.87929],[-87.79116,41.87878],[-87.79115,41.87848],[-87.79114,41.87815],[-87.79113,41.87799]]}},{"type":"Feature","properties":{"street_name":"N CUYLER AVE","address_left_from":551,"address_left_to":599,"address_right_from":550,"address_right_to":598},"geometry":{"type":"LineString","coordinates":[[-87.78331,41.89633],[-87.78332,41.89642]]}},{"type":"Feature","properties":{"street_name":"N MAPLE AVE","address_left_from":429,"address_left_to":499,"address_right_from":424,"address_right_to":498},"geometry":{"type":"LineString","coordinates":[[-87.80394,41.89389],[-87.80396,41.89424]]}},{"type":"Feature","properties":{"street_name":"N CUYLER AVE","address_left_from":337,"address_left_to":399,"address_right_from":336,"address_right_to":398},"geometry":{"type":"LineString","coordinates":[[-87.78321,41.89303],[-87.78321,41.89312]]}},{"type":"Feature","properties":{"street_name":"NORTH BLVD","address_left_from":959,"address_left_to":999,"address_right_from":960,"address_right_to":998},"geometry":{"type":"LineString","coordinates":[[-87.80048,41.88717],[-87.80062,41.88717]]}},{"type":"Feature","properties":{"street_name":"NORTH BLVD","address_left_from":733,"address_left_to":799,"address_right_from":732,"address_right_to":798},"geometry":{"type":"LineString","coordinates":[[-87.79436,41.88733],[-87.79448,41.88731]]}},{"type":"Feature","properties":{"street_name":"N CUYLER AVE","address_left_from":175,"address_left_to":199,"address_right_from":182,"address_right_to":198},"geometry":{"type":"LineString","coordinates":[[-87.78313,41.8903],[-87.78313,41.89039]]}},{"type":"Feature","properties":{"street_name":"N CUYLER AVE","address_left_from":651,"address_left_to":699,"address_right_from":650,"address_right_to":698},"geometry":{"type":"LineString","coordinates":[[-87.78338,41.89816],[-87.78338,41.89825]]}},{"type":"Feature","properties":{"street_name":"N CUYLER AVE","address_left_from":853,"address_left_to":899,"address_right_from":854,"address_right_to":898},"geometry":{"type":"LineString","coordinates":[[-87.78389,41.9018],[-87.78389,41.90189]]}},{"type":"Feature","properties":{"street_name":"N CUYLER AVE","address_left_from":749,"address_left_to":799,"address_right_from":750,"address_right_to":798},"geometry":{"type":"LineString","coordinates":[[-87.78343,41.89983],[-87.78344,41.89992]]}},{"type":"Feature","properties":{"street_name":"N CUYLER AVE","address_left_from":237,"address_left_to":299,"address_right_from":236,"address_right_to":298},"geometry":{"type":"LineString","coordinates":[[-87.78317,41.89166],[-87.78317,41.89174]]}},{"type":"Feature","properties":{"street_name":"HOME AVE","address_left_from":-1,"address_left_to":-1,"address_right_from":-1,"address_right_to":-1},"geometry":{"type":"LineString","coordinates":[[-87.79915,41.87324],[-87.79914,41.873]]}},{"type":"Feature","properties":{"street_name":"HOME AVE","address_left_from":-1,"address_left_to":-1,"address_right_from":-1,"address_right_to":-1},"geometry":{"type":"LineString","coordinates":[[-87.79933,41.87348],[-87.7993,41.87344],[-87.79917,41.87344],[-87.79915,41.87324]]}},{"type":"Feature","properties":{"street_name":"N CUYLER AVE","address_left_from":601,"address_left_to":649,"address_right_from":600,"address_right_to":648},"geometry":{"type":"LineString","coordinates":[[-87.78332,41.89642],[-87.78334,41.89711],[-87.78337,41.89801],[-87.78338,41.89816]]}},{"type":"Feature","properties":{"street_name":"NORTH BLVD","address_left_from":901,"address_left_to":929,"address_right_from":900,"address_right_to":928},"geometry":{"type":"LineString","coordinates":[[-87.79713,41.88723],[-87.79765,41.88722],[-87.79836,41.8872],[-87.79866,41.8872]]}},{"type":"Feature","properties":{"street_name":"ERIE CT","address_left_from":-1,"address_left_to":-1,"address_right_from":-1,"address_right_to":-1},"geometry":{"type":"LineString","coordinates":[[-87.77577,41.89185],[-87.77602,41.89184]]}},{"type":"Feature","properties":{"street_name":"ERIE CT","address_left_from":-1,"address_left_to":-1,"address_right_from":-1,"address_right_to":-1},"geometry":{"type":"LineString","coordinates":[[-87.77665,41.89135],[-87.77666,41.89148],[-87.77665,41.89155],[-87.77665,41.89161],[-87.77663,41.89166],[-87.7766,41.8917],[-87.77658,41.89173],[-87.77654,41.89176],[-87.7765,41.89179],[-87.77647,41.89181],[-87.77644,41.89182],[-87.77643,41.89182]]}},{"type":"Feature","properties":{"street_name":"NORTH BLVD","address_left_from":201,"address_left_to":249,"address_right_from":200,"address_right_to":248},"geometry":{"type":"LineString","coordinates":[[-87.78141,41.88746],[-87.78155,41.88746],[-87.78205,41.88746],[-87.78208,41.88746]]}},{"type":"Feature","properties":{"street_name":"N CUYLER AVE","address_left_from":701,"address_left_to":747,"address_right_from":700,"address_right_to":748},"geometry":{"type":"LineString","coordinates":[[-87.78338,41.89825],[-87.78339,41.89843],[-87.78341,41.8992],[-87.78343,41.89983]]}},{"type":"Feature","properties":{"street_name":"NORTH BLVD","address_left_from":301,"address_left_to":399,"address_right_from":300,"address_right_to":398},"geometry":{"type":"LineString","coordinates":[[-87.78302,41.88745],[-87.78305,41.88747],[-87.78307,41.88748],[-87.7831,41.88748],[-87.78342,41.88747],[-87.78388,41.88746],[-87.78419,41.88746],[-87.78453,41.88746],[-87.78468,41.88748]]}},{"type":"Feature","properties":{"street_name":"ERIE CT","address_left_from":5,"address_left_to":99,"address_right_from":6,"address_right_to":98},"geometry":{"type":"LineString","coordinates":[[-87.77602,41.89184],[-87.77619,41.89184],[-87.77629,41.89184],[-87.77632,41.89184],[-87.77636,41.89184],[-87.7764,41.89183],[-87.77643,41.89182]]}},{"type":"Feature","properties":{"street_name":"N CUYLER AVE","address_left_from":501,"address_left_to":511,"address_right_from":500,"address_right_to":512},"geometry":{"type":"LineString","coordinates":[[-87.78326,41.8946],[-87.78327,41.89494],[-87.78327,41.89514]]}},{"type":"Feature","properties":{"street_name":"S HARLEM AVE","address_left_from":1001,"address_left_to":1099,"address_right_from":-1,"address_right_to":-1},"geometry":{"type":"LineString","coordinates":[[-87.80434,41.86869],[-87.8043,41.86866],[-87.80423,41.86693],[-87.80427,41.86687]]}},{"type":"Feature","properties":{"street_name":"NORTH BLVD","address_left_from":1001,"address_left_to":1099,"address_right_from":1000,"address_right_to":1098},"geometry":{"type":"LineString","coordinates":[[-87.80071,41.88725],[-87.80149,41.88724],[-87.80201,41.88723],[-87.80215,41.88723],[-87.80221,41.88723],[-87.80229,41.88722],[-87.8024,41.88719]]}},{"type":"Feature","properties":{"street_name":"S HARLEM AVE","address_left_from":801,"address_left_to":899,"address_right_from":-1,"address_right_to":-1},"geometry":{"type":"LineString","coordinates":[[-87.80447,41.87232],[-87.80441,41.87217],[-87.80436,41.87056],[-87.8044,41.87049]]}},{"type":"Feature","properties":{"street_name":"N CUYLER AVE","address_left_from":125,"address_left_to":135,"address_right_from":124,"address_right_to":134},"geometry":{"type":"LineString","coordinates":[[-87.78306,41.88828],[-87.78308,41.88859],[-87.78309,41.88882]]}},{"type":"Feature","properties":{"street_name":"S HARLEM AVE","address_left_from":701,"address_left_to":799,"address_right_from":-1,"address_right_to":-1},"geometry":{"type":"LineString","coordinates":[[-87.80443,41.87307],[-87.80442,41.87244],[-87.80447,41.87232]]}},{"type":"Feature","properties":{"street_name":"N CUYLER AVE","address_left_from":137,"address_left_to":139,"address_right_from":136,"address_right_to":138},"geometry":{"type":"LineString","coordinates":[[-87.78309,41.88882],[-87.78309,41.88889]]}},{"type":"Feature","properties":{"street_name":"S HARLEM AVE","address_left_from":301,"address_left_to":399,"address_right_from":-1,"address_right_to":-1},"geometry":{"type":"LineString","coordinates":[[-87.8046,41.87599],[-87.80454,41.87592],[-87.80453,41.87544],[-87.80458,41.8754]]}},{"type":"Feature","properties":{"street_name":"ERIE CT","address_left_from":1,"address_left_to":3,"address_right_from":-1,"address_right_to":-1},"geometry":{"type":"LineString","coordinates":[[-87.77505,41.89183],[-87.7753,41.89182],[-87.77567,41.89182],[-87.77577,41.89185]]}},{"type":"Feature","properties":{"street_name":"N MAPLE AVE","address_left_from":401,"address_left_to":427,"address_right_from":400,"address_right_to":422},"geometry":{"type":"LineString","coordinates":[[-87.80392,41.89304],[-87.80393,41.89338],[-87.80394,41.89389]]}},{"type":"Feature","properties":{"street_name":"S HARLEM AVE","address_left_from":201,"address_left_to":215,"address_right_from":-1,"address_right_to":-1},"geometry":{"type":"LineString","coordinates":[[-87.80457,41.87682],[-87.80455,41.87618]]}},{"type":"Feature","properties":{"street_name":"S HARLEM AVE","address_left_from":111,"address_left_to":199,"address_right_from":-1,"address_right_to":-1},"geometry":{"type":"LineString","coordinates":[[-87.80467,41.87779],[-87.80461,41.8777],[-87.80457,41.87682]]}},{"type":"Feature","properties":{"street_name":"N CUYLER AVE","address_left_from":427,"address_left_to":499,"address_right_from":424,"address_right_to":498},"geometry":{"type":"LineString","coordinates":[[-87.78324,41.89406],[-87.78325,41.89438],[-87.78326,41.8946]]}},{"type":"Feature","properties":{"street_name":"S HARLEM AVE","address_left_from":11,"address_left_to":99,"address_right_from":-1,"address_right_to":-1},"geometry":{"type":"LineString","coordinates":[[-87.80471,41.87913],[-87.80465,41.87909],[-87.80462,41.87823],[-87.80468,41.87817]]}},{"type":"Feature","properties":{"street_name":"NORTH BLVD","address_left_from":1125,"address_left_to":1131,"address_right_from":1124,"address_right_to":1132},"geometry":{"type":"LineString","coordinates":[[-87.80391,41.88713],[-87.8044,41.88713],[-87.80487,41.88713]]}},{"type":"Feature","properties":{"street_name":"N CUYLER AVE","address_left_from":301,"address_left_to":335,"address_right_from":300,"address_right_to":334},"geometry":{"type":"LineString","coordinates":[[-87.78317,41.89174],[-87.78317,41.89187],[-87.7832,41.89269],[-87.78321,41.89303]]}},{"type":"Feature","properties":{"street_name":"N CUYLER AVE","address_left_from":801,"address_left_to":851,"address_right_from":800,"address_right_to":852},"geometry":{"type":"LineString","coordinates":[[-87.78382,41.89991],[-87.78384,41.90042],[-87.78386,41.90113],[-87.78389,41.9018]]}},{"type":"Feature","properties":{"street_name":"NORTH BLVD","address_left_from":251,"address_left_to":299,"address_right_from":250,"address_right_to":298},"geometry":{"type":"LineString","coordinates":[[-87.78208,41.88746],[-87.78273,41.88743],[-87.78287,41.88743],[-87.78293,41.88743],[-87.78299,41.88743],[-87.78302,41.88745]]}},{"type":"Feature","properties":{"street_name":"N CUYLER AVE","address_left_from":513,"address_left_to":521,"address_right_from":514,"address_right_to":518},"geometry":{"type":"LineString","coordinates":[[-87.78327,41.89514],[-87.78328,41.89539]]}},{"type":"Feature","properties":{"street_name":"S HARLEM AVE","address_left_from":1101,"address_left_to":1149,"address_right_from":-1,"address_right_to":-1},"geometry":{"type":"LineString","coordinates":[[-87.80427,41.86687],[-87.80423,41.86681],[-87.80417,41.86549]]}},{"type":"Feature","properties":{"street_name":"NORTH BLVD","address_left_from":841,"address_left_to":899,"address_right_from":842,"address_right_to":898},"geometry":{"type":"LineString","coordinates":[[-87.79647,41.88725],[-87.7969,41.88723],[-87.79713,41.88723]]}},{"type":"Feature","properties":{"street_name":"NORTH BLVD","address_left_from":641,"address_left_to":699,"address_right_from":640,"address_right_to":698},"geometry":{"type":"LineString","coordinates":[[-87.79118,41.88738],[-87.79146,41.88737],[-87.79166,41.88736],[-87.79205,41.88734],[-87.79213,41.88734],[-87.7923,41.88733],[-87.79268,41.88733]]}},{"type":"Feature","properties":{"street_name":"S HARLEM AVE","address_left_from":401,"address_left_to":499,"address_right_from":-1,"address_right_to":-1},"geometry":{"type":"LineString","coordinates":[[-87.80458,41.8754],[-87.80453,41.87534],[-87.80446,41.87403]]}},{"type":"Feature","properties":{"street_name":"NORTH BLVD","address_left_from":623,"address_left_to":639,"address_right_from":622,"address_right_to":638},"geometry":{"type":"LineString","coordinates":[[-87.79033,41.88739],[-87.79086,41.88739],[-87.79118,41.88738]]}},{"type":"Feature","properties":{"street_name":"N CUYLER AVE","address_left_from":401,"address_left_to":425,"address_right_from":400,"address_right_to":422},"geometry":{"type":"LineString","coordinates":[[-87.78321,41.89312],[-87.78322,41.89348],[-87.78324,41.89406]]}},{"type":"Feature","properties":{"street_name":"N CUYLER AVE","address_left_from":101,"address_left_to":123,"address_right_from":100,"address_right_to":122},"geometry":{"type":"LineString","coordinates":[[-87.78302,41.88745],[-87.78305,41.88814],[-87.78306,41.88828]]}},{"type":"Feature","properties":{"street_name":"NORTH BLVD","address_left_from":1,"address_left_to":99,"address_right_from":2,"address_right_to":98},"geometry":{"type":"LineString","coordinates":[[-87.77492,41.88759],[-87.77517,41.88759],[-87.77623,41.88757],[-87.7764,41.88756],[-87.77653,41.88754]]}},{"type":"Feature","properties":{"street_name":"NORTH BLVD","address_left_from":815,"address_left_to":839,"address_right_from":814,"address_right_to":840},"geometry":{"type":"LineString","coordinates":[[-87.79517,41.88726],[-87.79525,41.88726],[-87.79631,41.88725],[-87.79647,41.88725]]}},{"type":"Feature","properties":{"street_name":"ERIE CT","address_left_from":-1,"address_left_to":-1,"address_right_from":2,"address_right_to":4},"geometry":{"type":"LineString","coordinates":[[-87.77506,41.89191],[-87.7753,41.8919],[-87.77553,41.8919],[-87.77563,41.89188],[-87.77577,41.89185]]}},{"type":"Feature","properties":{"street_name":"N MAPLE AVE","address_left_from":301,"address_left_to":399,"address_right_from":300,"address_right_to":398},"geometry":{"type":"LineString","coordinates":[[-87.80388,41.89184],[-87.80391,41.89278],[-87.80392,41.89304]]}},{"type":"Feature","properties":{"street_name":"S HARLEM AVE","address_left_from":101,"address_left_to":109,"address_right_from":-1,"address_right_to":-1},"geometry":{"type":"LineString","coordinates":[[-87.80468,41.87817],[-87.80462,41.87811],[-87.80461,41.87785],[-87.80467,41.87779]]}},{"type":"Feature","properties":{"street_name":"NORTH BLVD","address_left_from":801,"address_left_to":813,"address_right_from":800,"address_right_to":812},"geometry":{"type":"LineString","coordinates":[[-87.79448,41.88731],[-87.79461,41.88729],[-87.7949,41.88727],[-87.79517,41.88726]]}},{"type":"Feature","properties":{"street_name":"S HARLEM AVE","address_left_from":1151,"address_left_to":1199,"address_right_from":-1,"address_right_to":-1},"geometry":{"type":"LineString","coordinates":[[-87.80417,41.86549],[-87.80415,41.86517],[-87.80421,41.86499]]}},{"type":"Feature","properties":{"street_name":"NORTH BLVD","address_left_from":601,"address_left_to":609,"address_right_from":600,"address_right_to":608},"geometry":{"type":"LineString","coordinates":[[-87.78957,41.8874],[-87.79,41.88739]]}},{"type":"Feature","properties":{"street_name":"N CUYLER AVE","address_left_from":523,"address_left_to":549,"address_right_from":520,"address_right_to":548},"geometry":{"type":"LineString","coordinates":[[-87.78328,41.89539],[-87.78331,41.89629],[-87.78331,41.89633]]}},{"type":"Feature","properties":{"street_name":"N CUYLER AVE","address_left_from":201,"address_left_to":235,"address_right_from":200,"address_right_to":234},"geometry":{"type":"LineString","coordinates":[[-87.78313,41.89039],[-87.78314,41.89058],[-87.78316,41.89143],[-87.78317,41.89166]]}},{"type":"Feature","properties":{"street_name":"NORTH BLVD","address_left_from":701,"address_left_to":731,"address_right_from":700,"address_right_to":730},"geometry":{"type":"LineString","coordinates":[[-87.79268,41.88733],[-87.79293,41.88733],[-87.79366,41.88732],[-87.79435,41.88733],[-87.79436,41.88733]]}},{"type":"Feature","properties":{"street_name":"NORTH BLVD","address_left_from":931,"address_left_to":957,"address_right_from":930,"address_right_to":958},"geometry":{"type":"LineString","coordinates":[[-87.79866,41.8872],[-87.79904,41.8872],[-87.79971,41.88718],[-87.80048,41.88717]]}},{"type":"Feature","properties":{"street_name":"ERIE CT","address_left_from":-1,"address_left_to":-1,"address_right_from":-1,"address_right_to":-1},"geometry":{"type":"LineString","coordinates":[[-87.77665,41.89135],[-87.77651,41.89145],[-87.77632,41.89159],[-87.77612,41.89176],[-87.77602,41.89184]]}},{"type":"Feature","properties":{"street_name":"S HARLEM AVE","address_left_from":1,"address_left_to":9,"address_right_from":-1,"address_right_to":-1},"geometry":{"type":"LineString","coordinates":[[-87.80473,41.87966],[-87.80468,41.87954],[-87.80466,41.87921],[-87.80471,41.87913]]}},{"type":"Feature","properties":{"street_name":"S HARLEM AVE","address_left_from":671,"address_left_to":699,"address_right_from":-1,"address_right_to":-1},"geometry":{"type":"LineString","coordinates":[[-87.80451,41.87349],[-87.80448,41.87348],[-87.80443,41.87307]]}},{"type":"Feature","properties":{"street_name":"S HARLEM AVE","address_left_from":901,"address_left_to":999,"address_right_from":-1,"address_right_to":-1},"geometry":{"type":"LineString","coordinates":[[-87.8044,41.87049],[-87.80434,41.8704],[-87.8043,41.86876],[-87.80434,41.86869]]}},{"type":"Feature","properties":{"street_name":"NORTH BLVD","address_left_from":611,"address_left_to":621,"address_right_from":610,"address_right_to":620},"geometry":{"type":"LineString","coordinates":[[-87.79,41.88739],[-87.79011,41.88739],[-87.79033,41.88739]]}},{"type":"Feature","properties":{"street_name":"NORTH BLVD","address_left_from":1101,"address_left_to":1111,"address_right_from":1100,"address_right_to":1110},"geometry":{"type":"LineString","coordinates":[[-87.8024,41.88719],[-87.80252,41.88717],[-87.80262,41.88717],[-87.803,41.88715]]}},{"type":"Feature","properties":{"street_name":"N CUYLER AVE","address_left_from":141,"address_left_to":173,"address_right_from":140,"address_right_to":180},"geometry":{"type":"LineString","coordinates":[[-87.78309,41.88889],[-87.78312,41.89013],[-87.78313,41.8903]]}},{"type":"Feature","properties":{"street_name":"N EUCLID AVE","address_left_from":1053,"address_left_to":1099,"address_right_from":1052,"address_right_to":1098},"geometry":{"type":"LineString","coordinates":[[-87.79375,41.9055],[-87.79375,41.90559]]}},{"type":"Feature","properties":{"street_name":"N EUCLID AVE","address_left_from":651,"address_left_to":699,"address_right_from":650,"address_right_to":698},"geometry":{"type":"LineString","coordinates":[[-87.79295,41.89799],[-87.79295,41.8981]]}},{"type":"Feature","properties":{"street_name":"N EUCLID AVE","address_left_from":855,"address_left_to":899,"address_right_from":854,"address_right_to":898},"geometry":{"type":"LineString","coordinates":[[-87.79365,41.90164],[-87.79365,41.90172]]}},{"type":"Feature","properties":{"street_name":"N EUCLID AVE","address_left_from":1145,"address_left_to":1199,"address_right_from":1144,"address_right_to":1198},"geometry":{"type":"LineString","coordinates":[[-87.79379,41.90712],[-87.7938,41.90721]]}},{"type":"Feature","properties":{"street_name":"N OAK PARK AVE","address_left_from":953,"address_left_to":999,"address_right_from":952,"address_right_to":998},"geometry":{"type":"LineString","coordinates":[[-87.79491,41.90354],[-87.79491,41.90358]]}},{"type":"Feature","properties":{"street_name":"N EUCLID AVE","address_left_from":551,"address_left_to":599,"address_right_from":550,"address_right_to":598},"geometry":{"type":"LineString","coordinates":[[-87.7929,41.89619],[-87.7929,41.89628]]}},{"type":"Feature","properties":{"street_name":"N EUCLID AVE","address_left_from":953,"address_left_to":999,"address_right_from":952,"address_right_to":998},"geometry":{"type":"LineString","coordinates":[[-87.7937,41.90356],[-87.7937,41.90364]]}},{"type":"Feature","properties":{"street_name":"N OAK PARK AVE","address_left_from":851,"address_left_to":899,"address_right_from":854,"address_right_to":898},"geometry":{"type":"LineString","coordinates":[[-87.79486,41.90161],[-87.79486,41.9017]]}},{"type":"Feature","properties":{"street_name":"N EUCLID AVE","address_left_from":235,"address_left_to":299,"address_right_from":236,"address_right_to":298},"geometry":{"type":"LineString","coordinates":[[-87.79278,41.8915],[-87.79278,41.89159]]}},{"type":"Feature","properties":{"street_name":"N EUCLID AVE","address_left_from":179,"address_left_to":199,"address_right_from":182,"address_right_to":198},"geometry":{"type":"LineString","coordinates":[[-87.79274,41.89014],[-87.79274,41.89023]]}},{"type":"Feature","properties":{"street_name":"CARPENTER AVE","address_left_from":536,"address_left_to":598,"address_right_from":539,"address_right_to":599},"geometry":{"type":"LineString","coordinates":[[-87.79624,41.87841],[-87.79623,41.87832]]}},{"type":"Feature","properties":{"street_name":"CARPENTER AVE","address_left_from":738,"address_left_to":798,"address_right_from":737,"address_right_to":799},"geometry":{"type":"LineString","coordinates":[[-87.79614,41.87558],[-87.79614,41.87548]]}},{"type":"Feature","properties":{"street_name":"N OAK PARK AVE","address_left_from":1151,"address_left_to":1199,"address_right_from":1144,"address_right_to":1198},"geometry":{"type":"LineString","coordinates":[[-87.795,41.90711],[-87.79501,41.90719]]}},{"type":"Feature","properties":{"street_name":"N OAK PARK AVE","address_left_from":547,"address_left_to":599,"address_right_from":550,"address_right_to":598},"geometry":{"type":"LineString","coordinates":[[-87.79472,41.89615],[-87.79472,41.89624]]}},{"type":"Feature","properties":{"street_name":"N EUCLID AVE","address_left_from":337,"address_left_to":399,"address_right_from":332,"address_right_to":398},"geometry":{"type":"LineString","coordinates":[[-87.79281,41.89287],[-87.79282,41.89296]]}},{"type":"Feature","properties":{"street_name":"N EUCLID AVE","address_left_from":435,"address_left_to":499,"address_right_from":434,"address_right_to":498},"geometry":{"type":"LineString","coordinates":[[-87.79285,41.89433],[-87.79286,41.89444]]}},{"type":"Feature","properties":{"street_name":"PLEASANT ST","address_left_from":957,"address_left_to":999,"address_right_from":958,"address_right_to":998},"geometry":{"type":"LineString","coordinates":[[-87.79996,41.88543],[-87.80008,41.88543]]}},{"type":"Feature","properties":{"street_name":"ALEXANDER LN","address_left_from":1033,"address_left_to":1099,"address_right_from":1036,"address_right_to":1098},"geometry":{"type":"LineString","coordinates":[[-87.80146,41.87994],[-87.80152,41.87994]]}},{"type":"Feature","properties":{"street_name":"HOME AVE","address_left_from":136,"address_left_to":198,"address_right_from":137,"address_right_to":199},"geometry":{"type":"LineString","coordinates":[[-87.80008,41.88549],[-87.80008,41.88543]]}},{"type":"Feature","properties":{"street_name":"PLEASANT ST","address_left_from":1049,"address_left_to":1099,"address_right_from":1052,"address_right_to":1098},"geometry":{"type":"LineString","coordinates":[[-87.8024,41.88571],[-87.80252,41.88571]]}},{"type":"Feature","properties":{"street_name":"HOME AVE","address_left_from":738,"address_left_to":798,"address_right_from":739,"address_right_to":799},"geometry":{"type":"LineString","coordinates":[[-87.79972,41.87551],[-87.79972,41.87542]]}},{"type":"Feature","properties":{"street_name":"N OAK PARK AVE","address_left_from":439,"address_left_to":499,"address_right_from":438,"address_right_to":498},"geometry":{"type":"LineString","coordinates":[[-87.79467,41.8943],[-87.79467,41.89441]]}},{"type":"Feature","properties":{"street_name":"N OAK PARK AVE","address_left_from":173,"address_left_to":199,"address_right_from":160,"address_right_to":198},"geometry":{"type":"LineString","coordinates":[[-87.79454,41.88955],[-87.79455,41.88993],[-87.79456,41.8902]]}},{"type":"Feature","properties":{"street_name":"PLEASANT ST","address_left_from":857,"address_left_to":899,"address_right_from":850,"address_right_to":898},"geometry":{"type":"LineString","coordinates":[[-87.79697,41.88514],[-87.79709,41.88514]]}},{"type":"Feature","properties":{"street_name":"HOME AVE","address_left_from":450,"address_left_to":498,"address_right_from":447,"address_right_to":499},"geometry":{"type":"LineString","coordinates":[[-87.79987,41.87976],[-87.79987,41.87968]]}},{"type":"Feature","properties":{"street_name":"HOME AVE","address_left_from":538,"address_left_to":598,"address_right_from":539,"address_right_to":599},"geometry":{"type":"LineString","coordinates":[[-87.79982,41.87834],[-87.79982,41.87825]]}},{"type":"Feature","properties":{"street_name":"CARPENTER AVE","address_left_from":638,"address_left_to":698,"address_right_from":637,"address_right_to":699},"geometry":{"type":"LineString","coordinates":[[-87.79619,41.87699],[-87.79619,41.8769]]}},{"type":"Feature","properties":{"street_name":"HOME AVE","address_left_from":950,"address_left_to":998,"address_right_from":951,"address_right_to":999},"geometry":{"type":"LineString","coordinates":[[-87.79918,41.87063],[-87.79917,41.87055]]}},{"type":"Feature","properties":{"street_name":"HOME AVE","address_left_from":854,"address_left_to":898,"address_right_from":853,"address_right_to":899},"geometry":{"type":"LineString","coordinates":[[-87.79965,41.87356],[-87.79965,41.87348]]}},{"type":"Feature","properties":{"street_name":"ALLEY","address_left_from":-1,"address_left_to":-1,"address_right_from":-1,"address_right_to":-1},"geometry":{"type":"LineString","coordinates":[[-87.77497,41.88865],[-87.77496,41.88865]]}},{"type":"Feature","properties":{"street_name":"ALLEY","address_left_from":-1,"address_left_to":-1,"address_right_from":-1,"address_right_to":-1},"geometry":{"type":"LineString","coordinates":[[-87.77508,41.89271],[-87.77508,41.89271]]}},{"type":"Feature","properties":{"street_name":"ALLEY","address_left_from":-1,"address_left_to":-1,"address_right_from":-1,"address_right_to":-1},"geometry":{"type":"LineString","coordinates":[[-87.77435,41.86996],[-87.77431,41.86996]]}},{"type":"Feature","properties":{"street_name":"N MAPLE AVE","address_left_from":125,"address_left_to":143,"address_right_from":124,"address_right_to":142},"geometry":{"type":"LineString","coordinates":[[-87.80402,41.88788],[-87.80405,41.8886]]}},{"type":"Feature","properties":{"street_name":"NORTH BLVD","address_left_from":1113,"address_left_to":1123,"address_right_from":1112,"address_right_to":1122},"geometry":{"type":"LineString","coordinates":[[-87.803,41.88715],[-87.80318,41.88715],[-87.80391,41.88713]]}},{"type":"Feature","properties":{"street_name":"HOME AVE","address_left_from":-1,"address_left_to":-1,"address_right_from":-1,"address_right_to":-1},"geometry":{"type":"LineString","coordinates":[[-87.79914,41.873],[-87.79914,41.87243],[-87.79924,41.87237]]}},{"type":"Feature","properties":{"street_name":"N EUCLID AVE","address_left_from":1,"address_left_to":99,"address_right_from":2,"address_right_to":98},"geometry":{"type":"LineString","coordinates":[[-87.79273,41.88714],[-87.79272,41.88718],[-87.79272,41.88718],[-87.79271,41.88723],[-87.79268,41.88733]]}},{"type":"Feature","properties":{"street_name":"PLEASANT ST","address_left_from":1101,"address_left_to":1119,"address_right_from":1100,"address_right_to":1118},"geometry":{"type":"LineString","coordinates":[[-87.80251,41.88546],[-87.80318,41.88544],[-87.80329,41.88544]]}},{"type":"Feature","properties":{"street_name":"ALLEY","address_left_from":-1,"address_left_to":-1,"address_right_from":-1,"address_right_to":-1},"geometry":{"type":"LineString","coordinates":[[-87.78246,41.89515],[-87.78227,41.89515],[-87.78175,41.89516],[-87.78165,41.89516]]}},{"type":"Feature","properties":{"street_name":"HOME AVE","address_left_from":116,"address_left_to":118,"address_right_from":117,"address_right_to":119},"geometry":{"type":"LineString","coordinates":[[-87.8001,41.88621],[-87.8001,41.88603],[-87.8001,41.886]]}},{"type":"Feature","properties":{"street_name":"ALLEY","address_left_from":-1,"address_left_to":-1,"address_right_from":-1,"address_right_to":-1},"geometry":{"type":"LineString","coordinates":[[-87.79643,41.88515],[-87.79642,41.88504],[-87.79641,41.88443],[-87.79639,41.88405],[-87.79637,41.88341]]}},{"type":"Feature","properties":{"street_name":"ALLEY","address_left_from":-1,"address_left_to":-1,"address_right_from":-1,"address_right_to":-1},"geometry":{"type":"LineString","coordinates":[[-87.79627,41.88024],[-87.79607,41.88024],[-87.79579,41.88025],[-87.79561,41.88025]]}},{"type":"Feature","properties":{"street_name":"ALLEY","address_left_from":-1,"address_left_to":-1,"address_right_from":-1,"address_right_to":-1},"geometry":{"type":"LineString","coordinates":[[-87.77722,41.86588],[-87.77706,41.86588],[-87.7768,41.86589],[-87.77661,41.86589]]}},{"type":"Feature","properties":{"street_name":"ALLEY","address_left_from":-1,"address_left_to":-1,"address_right_from":-1,"address_right_to":-1},"geometry":{"type":"LineString","coordinates":[[-87.79453,41.8688],[-87.79453,41.8686],[-87.79451,41.86803],[-87.79448,41.86721],[-87.79447,41.86697]]}},{"type":"Feature","properties":{"street_name":"ALLEY","address_left_from":-1,"address_left_to":-1,"address_right_from":-1,"address_right_to":-1},"geometry":{"type":"LineString","coordinates":[[-87.78938,41.90565],[-87.78938,41.90548],[-87.78937,41.90508],[-87.78935,41.90466],[-87.78933,41.90379],[-87.78928,41.90372]]}},{"type":"Feature","properties":{"street_name":"ALLEY","address_left_from":-1,"address_left_to":-1,"address_right_from":-1,"address_right_to":-1},"geometry":{"type":"LineString","coordinates":[[-87.78347,41.90381],[-87.78345,41.90319],[-87.78343,41.90252],[-87.7834,41.90189]]}},{"type":"Feature","properties":{"street_name":"ALLEY","address_left_from":-1,"address_left_to":-1,"address_right_from":-1,"address_right_to":-1},"geometry":{"type":"LineString","coordinates":[[-87.78486,41.89403],[-87.78439,41.89404],[-87.78404,41.89405]]}},{"type":"Feature","properties":{"street_name":"ALLEY","address_left_from":-1,"address_left_to":-1,"address_right_from":-1,"address_right_to":-1},"geometry":{"type":"LineString","coordinates":[[-87.8016,41.8768],[-87.80159,41.87652],[-87.80157,41.87598],[-87.80155,41.87539]]}},{"type":"Feature","properties":{"street_name":"ALLEY","address_left_from":-1,"address_left_to":-1,"address_right_from":-1,"address_right_to":-1},"geometry":{"type":"LineString","coordinates":[[-87.79196,41.89024],[-87.79196,41.8901],[-87.79195,41.88965],[-87.79194,41.88916],[-87.79192,41.88856]]}},{"type":"Feature","properties":{"street_name":"ALLEY","address_left_from":-1,"address_left_to":-1,"address_right_from":-1,"address_right_to":-1},"geometry":{"type":"LineString","coordinates":[[-87.78561,41.89171],[-87.7856,41.89147],[-87.78559,41.89095],[-87.78558,41.89053],[-87.78557,41.89035]]}},{"type":"Feature","properties":{"street_name":"ALLEY","address_left_from":-1,"address_left_to":-1,"address_right_from":-1,"address_right_to":-1},"geometry":{"type":"LineString","coordinates":[[-87.79363,41.87925],[-87.79362,41.87887],[-87.7936,41.87845],[-87.79359,41.87813],[-87.79358,41.87795]]}},{"type":"Feature","properties":{"street_name":"ALLEY","address_left_from":-1,"address_left_to":-1,"address_right_from":-1,"address_right_to":-1},"geometry":{"type":"LineString","coordinates":[[-87.78605,41.8726],[-87.78608,41.87332],[-87.7861,41.87408],[-87.78612,41.87435],[-87.78612,41.87443]]}},{"type":"Feature","properties":{"street_name":"ALLEY","address_left_from":-1,"address_left_to":-1,"address_right_from":-1,"address_right_to":-1},"geometry":{"type":"LineString","coordinates":[[-87.78873,41.87933],[-87.7887,41.87857],[-87.78869,41.87813],[-87.78869,41.87804]]}},{"type":"Feature","properties":{"street_name":"HOME AVE","address_left_from":200,"address_left_to":298,"address_right_from":201,"address_right_to":299},"geometry":{"type":"LineString","coordinates":[[-87.80008,41.88543],[-87.80007,41.88517],[-87.80004,41.88451],[-87.80002,41.88372],[-87.8,41.88332]]}},{"type":"Feature","properties":{"street_name":"N EUCLID AVE","address_left_from":301,"address_left_to":335,"address_right_from":300,"address_right_to":330},"geometry":{"type":"LineString","coordinates":[[-87.79278,41.89159],[-87.79279,41.89192],[-87.79281,41.89264],[-87.79281,41.89287]]}},{"type":"Feature","properties":{"street_name":"ALLEY","address_left_from":-1,"address_left_to":-1,"address_right_from":-1,"address_right_to":-1},"geometry":{"type":"LineString","coordinates":[[-87.80267,41.90842],[-87.80249,41.90842],[-87.80224,41.90843],[-87.80209,41.90843],[-87.80193,41.90843]]}},{"type":"Feature","properties":{"street_name":"HOME AVE","address_left_from":500,"address_left_to":508,"address_right_from":501,"address_right_to":509},"geometry":{"type":"LineString","coordinates":[[-87.79987,41.87968],[-87.79986,41.87946],[-87.79985,41.87921]]}},{"type":"Feature","properties":{"street_name":"ALLEY","address_left_from":-1,"address_left_to":-1,"address_right_from":-1,"address_right_to":-1},"geometry":{"type":"LineString","coordinates":[[-87.7825,41.87631],[-87.78252,41.87674],[-87.78253,41.87718],[-87.78255,41.87773],[-87.78256,41.87805],[-87.78256,41.87811]]}},{"type":"Feature","properties":{"street_name":"ALLEY","address_left_from":-1,"address_left_to":-1,"address_right_from":-1,"address_right_to":-1},"geometry":{"type":"LineString","coordinates":[[-87.79649,41.88791],[-87.79648,41.88751],[-87.79647,41.88731],[-87.79647,41.88725]]}},{"type":"Feature","properties":{"street_name":"ALLEY","address_left_from":-1,"address_left_to":-1,"address_right_from":-1,"address_right_to":-1},"geometry":{"type":"LineString","coordinates":[[-87.77918,41.89411],[-87.77944,41.89411],[-87.77999,41.8941]]}},{"type":"Feature","properties":{"street_name":"PLEASANT ST","address_left_from":1,"address_left_to":19,"address_right_from":2,"address_right_to":18},"geometry":{"type":"LineString","coordinates":[[-87.77504,41.88538],[-87.77561,41.88536],[-87.77565,41.88536]]}},{"type":"Feature","properties":{"street_name":"ALLEY","address_left_from":-1,"address_left_to":-1,"address_right_from":-1,"address_right_to":-1},"geometry":{"type":"LineString","coordinates":[[-87.78208,41.88224],[-87.78189,41.88225],[-87.78126,41.88226]]}},{"type":"Feature","properties":{"street_name":"ALLEY","address_left_from":-1,"address_left_to":-1,"address_right_from":-1,"address_right_to":-1},"geometry":{"type":"LineString","coordinates":[[-87.77842,41.90196],[-87.77841,41.90185],[-87.7784,41.90138],[-87.77838,41.90085],[-87.77836,41.90021],[-87.77836,41.90014]]}},{"type":"Feature","properties":{"street_name":"ALLEY","address_left_from":-1,"address_left_to":-1,"address_right_from":-1,"address_right_to":-1},"geometry":{"type":"LineString","coordinates":[[-87.77683,41.87229],[-87.77671,41.87229],[-87.77639,41.87229],[-87.77622,41.8723]]}},{"type":"Feature","properties":{"street_name":"ALLEY","address_left_from":-1,"address_left_to":-1,"address_right_from":-1,"address_right_to":-1},"geometry":{"type":"LineString","coordinates":[[-87.79179,41.87928],[-87.79167,41.87928],[-87.7914,41.87928],[-87.79118,41.87929]]}},{"type":"Feature","properties":{"street_name":"ALLEY","address_left_from":-1,"address_left_to":-1,"address_right_from":-1,"address_right_to":-1},"geometry":{"type":"LineString","coordinates":[[-87.78445,41.87943],[-87.78435,41.87944],[-87.78412,41.87944],[-87.78392,41.87944],[-87.78384,41.87945]]}},{"type":"Feature","properties":{"street_name":"ALLEY","address_left_from":-1,"address_left_to":-1,"address_right_from":-1,"address_right_to":-1},"geometry":{"type":"LineString","coordinates":[[-87.79061,41.90178],[-87.79061,41.9016],[-87.7906,41.9013],[-87.79058,41.90089],[-87.79055,41.89987],[-87.79055,41.8998]]}},{"type":"Feature","properties":{"street_name":"ALLEY","address_left_from":-1,"address_left_to":-1,"address_right_from":-1,"address_right_to":-1},"geometry":{"type":"LineString","coordinates":[[-87.80263,41.86683],[-87.80258,41.86547]]}},{"type":"Feature","properties":{"street_name":"ALLEY","address_left_from":-1,"address_left_to":-1,"address_right_from":-1,"address_right_to":-1},"geometry":{"type":"LineString","coordinates":[[-87.78669,41.90862],[-87.78677,41.90862],[-87.78687,41.90862],[-87.78696,41.90862],[-87.78707,41.90862],[-87.78717,41.90862],[-87.78734,41.90861]]}},{"type":"Feature","properties":{"street_name":"S HUMPHREY AVE","address_left_from":650,"address_left_to":698,"address_right_from":651,"address_right_to":699},"geometry":{"type":"LineString","coordinates":[[-87.77577,41.87645],[-87.77576,41.87639]]}},{"type":"Feature","properties":{"street_name":"FILLMORE ST","address_left_from":1001,"address_left_to":1015,"address_right_from":1000,"address_right_to":1014},"geometry":{"type":"LineString","coordinates":[[-87.79904,41.86689],[-87.79945,41.86689],[-87.79975,41.86688]]}},{"type":"Feature","properties":{"street_name":"SOUTH BLVD","address_left_from":931,"address_left_to":949,"address_right_from":930,"address_right_to":948},"geometry":{"type":"LineString","coordinates":[[-87.79864,41.88684],[-87.79896,41.88683],[-87.79933,41.88683],[-87.79956,41.88682]]}},{"type":"Feature","properties":{"street_name":"FILLMORE ST","address_left_from":831,"address_left_to":865,"address_right_from":830,"address_right_to":864},"geometry":{"type":"LineString","coordinates":[[-87.79512,41.86696],[-87.7954,41.86696],[-87.79578,41.86695]]}},{"type":"Feature","properties":{"street_name":"SOUTH BLVD","address_left_from":869,"address_left_to":899,"address_right_from":868,"address_right_to":898},"geometry":{"type":"LineString","coordinates":[[-87.79647,41.88687],[-87.79692,41.88686],[-87.79713,41.88686]]}},{"type":"Feature","properties":{"street_name":"S SCOVILLE AVE","address_left_from":1000,"address_left_to":1048,"address_right_from":1001,"address_right_to":1049},"geometry":{"type":"LineString","coordinates":[[-87.78781,41.87024],[-87.78779,41.86959],[-87.78777,41.86917],[-87.78777,41.86901]]}},{"type":"Feature","properties":{"street_name":"ADAMS ST","address_left_from":421,"address_left_to":437,"address_right_from":420,"address_right_to":436},"geometry":{"type":"LineString","coordinates":[[-87.78501,41.87808],[-87.78563,41.87808]]}},{"type":"Feature","properties":{"street_name":"S SCOVILLE AVE","address_left_from":836,"address_left_to":848,"address_right_from":837,"address_right_to":847},"geometry":{"type":"LineString","coordinates":[[-87.78791,41.87302],[-87.78789,41.87266]]}},{"type":"Feature","properties":{"street_name":"FILLMORE ST","address_left_from":365,"address_left_to":399,"address_right_from":364,"address_right_to":398},"geometry":{"type":"LineString","coordinates":[[-87.78341,41.86717],[-87.78373,41.86716],[-87.78403,41.86716]]}},{"type":"Feature","properties":{"street_name":"S SCOVILLE AVE","address_left_from":1188,"address_left_to":1198,"address_right_from":1189,"address_right_to":1199},"geometry":{"type":"LineString","coordinates":[[-87.78766,41.86577],[-87.78766,41.86572]]}},{"type":"Feature","properties":{"street_name":"FILLMORE ST","address_left_from":127,"address_left_to":163,"address_right_from":126,"address_right_to":162},"geometry":{"type":"LineString","coordinates":[[-87.77789,41.86724],[-87.77825,41.86724],[-87.77849,41.86724]]}},{"type":"Feature","properties":{"street_name":"FILLMORE ST","address_left_from":201,"address_left_to":213,"address_right_from":200,"address_right_to":212},"geometry":{"type":"LineString","coordinates":[[-87.77911,41.86723],[-87.77937,41.86722],[-87.77975,41.86722]]}},{"type":"Feature","properties":{"street_name":"S SCOVILLE AVE","address_left_from":700,"address_left_to":798,"address_right_from":701,"address_right_to":799},"geometry":{"type":"LineString","coordinates":[[-87.78801,41.87622],[-87.78801,41.87597],[-87.78797,41.87498],[-87.78796,41.8745],[-87.78795,41.87439]]}},{"type":"Feature","properties":{"street_name":"S SCOVILLE AVE","address_left_from":100,"address_left_to":110,"address_right_from":101,"address_right_to":109},"geometry":{"type":"LineString","coordinates":[[-87.78792,41.88696],[-87.78791,41.88674],[-87.78791,41.88641]]}},{"type":"Feature","properties":{"street_name":"ADAMS ST","address_left_from":301,"address_left_to":315,"address_right_from":300,"address_right_to":314},"geometry":{"type":"LineString","coordinates":[[-87.78195,41.87812],[-87.78234,41.87811],[-87.78256,41.87811]]}},{"type":"Feature","properties":{"street_name":"S HUMPHREY AVE","address_left_from":510,"address_left_to":546,"address_right_from":511,"address_right_to":547},"geometry":{"type":"LineString","coordinates":[[-87.77587,41.87955],[-87.77584,41.87831]]}},{"type":"Feature","properties":{"street_name":"FILLMORE ST","address_left_from":301,"address_left_to":313,"address_right_from":300,"address_right_to":312},"geometry":{"type":"LineString","coordinates":[[-87.78157,41.86719],[-87.78199,41.86719],[-87.78218,41.86718]]}},{"type":"Feature","properties":{"street_name":"SOUTH BLVD","address_left_from":201,"address_left_to":233,"address_right_from":200,"address_right_to":232},"geometry":{"type":"LineString","coordinates":[[-87.77977,41.88707],[-87.78138,41.88704]]}},{"type":"Feature","properties":{"street_name":"FILLMORE ST","address_left_from":115,"address_left_to":125,"address_right_from":114,"address_right_to":124},"geometry":{"type":"LineString","coordinates":[[-87.77727,41.86725],[-87.7775,41.86725],[-87.77789,41.86724]]}},{"type":"Feature","properties":{"street_name":"SOUTH BLVD","address_left_from":401,"address_left_to":429,"address_right_from":400,"address_right_to":428},"geometry":{"type":"LineString","coordinates":[[-87.78466,41.88696],[-87.78505,41.88695],[-87.7856,41.88695],[-87.78605,41.88694],[-87.78629,41.88695]]}},{"type":"Feature","properties":{"street_name":"S HUMPHREY AVE","address_left_from":800,"address_left_to":848,"address_right_from":801,"address_right_to":849},"geometry":{"type":"LineString","coordinates":[[-87.77569,41.87459],[-87.77569,41.8744],[-87.77567,41.87388],[-87.77565,41.87344],[-87.77564,41.87298],[-87.77563,41.87285]]}},{"type":"Feature","properties":{"street_name":"ADAMS ST","address_left_from":851,"address_left_to":869,"address_right_from":850,"address_right_to":868},"geometry":{"type":"LineString","coordinates":[[-87.79619,41.8769],[-87.7964,41.8769],[-87.79657,41.87689]]}},{"type":"Feature","properties":{"street_name":"ADAMS ST","address_left_from":501,"address_left_to":511,"address_right_from":500,"address_right_to":510},"geometry":{"type":"LineString","coordinates":[[-87.78686,41.87807],[-87.78713,41.87806],[-87.78746,41.87806]]}},{"type":"Feature","properties":{"street_name":"S SCOVILLE AVE","address_left_from":1100,"address_left_to":1148,"address_right_from":1101,"address_right_to":1149},"geometry":{"type":"LineString","coordinates":[[-87.78777,41.86892],[-87.78776,41.86874],[-87.78774,41.86805],[-87.78771,41.86735],[-87.7877,41.86709]]}},{"type":"Feature","properties":{"street_name":"S HUMPHREY AVE","address_left_from":300,"address_left_to":334,"address_right_from":301,"address_right_to":335},"geometry":{"type":"LineString","coordinates":[[-87.77642,41.88403],[-87.77637,41.88275],[-87.77637,41.88269]]}},{"type":"Feature","properties":{"street_name":"S SCOVILLE AVE","address_left_from":300,"address_left_to":326,"address_right_from":301,"address_right_to":329},"geometry":{"type":"LineString","coordinates":[[-87.78782,41.88338],[-87.78781,41.88318],[-87.78779,41.88234],[-87.78779,41.88233]]}},{"type":"Feature","properties":{"street_name":"ADAMS ST","address_left_from":1027,"address_left_to":1049,"address_right_from":1026,"address_right_to":1048},"geometry":{"type":"LineString","coordinates":[[-87.80038,41.87683],[-87.8006,41.87682],[-87.80098,41.87682]]}},{"type":"Feature","properties":{"street_name":"SOUTH BLVD","address_left_from":1,"address_left_to":29,"address_right_from":2,"address_right_to":28},"geometry":{"type":"LineString","coordinates":[[-87.77491,41.88708],[-87.77516,41.88708],[-87.77557,41.88707],[-87.77625,41.88706],[-87.77652,41.88706]]}},{"type":"Feature","properties":{"street_name":"S SCOVILLE AVE","address_left_from":600,"address_left_to":644,"address_right_from":601,"address_right_to":649},"geometry":{"type":"LineString","coordinates":[[-87.78807,41.87805],[-87.78807,41.87782],[-87.78804,41.87706],[-87.78802,41.87638],[-87.78802,41.87631]]}},{"type":"Feature","properties":{"street_name":"S HUMPHREY AVE","address_left_from":472,"address_left_to":498,"address_right_from":473,"address_right_to":499},"geometry":{"type":"LineString","coordinates":[[-87.77631,41.8806],[-87.77629,41.88006]]}},{"type":"Feature","properties":{"street_name":"FILLMORE ST","address_left_from":401,"address_left_to":413,"address_right_from":400,"address_right_to":412},"geometry":{"type":"LineString","coordinates":[[-87.78403,41.86716],[-87.78424,41.86715],[-87.78464,41.86715]]}},{"type":"Feature","properties":{"street_name":"SOUTH BLVD","address_left_from":701,"address_left_to":799,"address_right_from":700,"address_right_to":798},"geometry":{"type":"LineString","coordinates":[[-87.79279,41.88691],[-87.79302,41.88691],[-87.79349,41.88691],[-87.79414,41.88689],[-87.79447,41.88689]]}},{"type":"Feature","properties":{"street_name":"FILLMORE ST","address_left_from":551,"address_left_to":575,"address_right_from":550,"address_right_to":574},"geometry":{"type":"LineString","coordinates":[[-87.7877,41.86709],[-87.78811,41.86709],[-87.78832,41.86708]]}},{"type":"Feature","properties":{"street_name":"ADAMS ST","address_left_from":1153,"address_left_to":1199,"address_right_from":1152,"address_right_to":1198},"geometry":{"type":"LineString","coordinates":[[-87.80299,41.87678],[-87.80377,41.87677]]}},{"type":"Feature","properties":{"street_name":"S SCOVILLE AVE","address_left_from":2,"address_left_to":98,"address_right_from":1,"address_right_to":99},"geometry":{"type":"LineString","coordinates":[[-87.78793,41.8872],[-87.78793,41.88719],[-87.78793,41.88716],[-87.78792,41.88708],[-87.78792,41.88696]]}},{"type":"Feature","properties":{"street_name":"SOUTH BLVD","address_left_from":-1,"address_left_to":-1,"address_right_from":-1,"address_right_to":-1},"geometry":{"type":"LineString","coordinates":[[-87.7749,41.88708],[-87.77491,41.88708]]}},{"type":"Feature","properties":{"street_name":"SOUTH BLVD","address_left_from":1115,"address_left_to":1145,"address_right_from":1116,"address_right_to":1144},"geometry":{"type":"LineString","coordinates":[[-87.80334,41.88673],[-87.80394,41.88672],[-87.80472,41.88671]]}},{"type":"Feature","properties":{"street_name":"WESTGATE ST","address_left_from":1141,"address_left_to":1145,"address_right_from":1140,"address_right_to":1144},"geometry":{"type":"LineString","coordinates":[[-87.80393,41.88788],[-87.80402,41.88788]]}},{"type":"Feature","properties":{"street_name":"AUGUSTA ST","address_left_from":739,"address_left_to":799,"address_right_from":736,"address_right_to":798},"geometry":{"type":"LineString","coordinates":[[-87.7941,41.89808],[-87.79422,41.89808],[-87.79477,41.89807]]}},{"type":"Feature","properties":{"street_name":"N TAYLOR AVE","address_left_from":1055,"address_left_to":1099,"address_right_from":1054,"address_right_to":1098},"geometry":{"type":"LineString","coordinates":[[-87.77793,41.90577],[-87.77794,41.90586]]}},{"type":"Feature","properties":{"street_name":"AUGUSTA ST","address_left_from":259,"address_left_to":299,"address_right_from":250,"address_right_to":298},"geometry":{"type":"LineString","coordinates":[[-87.78323,41.89825],[-87.78338,41.89825]]}},{"type":"Feature","properties":{"street_name":"N TAYLOR AVE","address_left_from":953,"address_left_to":999,"address_right_from":952,"address_right_to":998},"geometry":{"type":"LineString","coordinates":[[-87.77787,41.90381],[-87.77787,41.90389]]}},{"type":"Feature","properties":{"street_name":"AUGUSTA ST","address_left_from":533,"address_left_to":599,"address_right_from":530,"address_right_to":598},"geometry":{"type":"LineString","coordinates":[[-87.78976,41.89815],[-87.78989,41.89815]]}},{"type":"Feature","properties":{"street_name":"N TAYLOR AVE","address_left_from":651,"address_left_to":699,"address_right_from":648,"address_right_to":698},"geometry":{"type":"LineString","coordinates":[[-87.7785,41.89823],[-87.7785,41.89831]]}},{"type":"Feature","properties":{"street_name":"AUGUSTA ST","address_left_from":957,"address_left_to":999,"address_right_from":956,"address_right_to":998},"geometry":{"type":"LineString","coordinates":[[-87.80071,41.89796],[-87.80077,41.89796]]}},{"type":"Feature","properties":{"street_name":"CLARENCE AVE","address_left_from":950,"address_left_to":998,"address_right_from":951,"address_right_to":999},"geometry":{"type":"LineString","coordinates":[[-87.79028,41.87079],[-87.79028,41.8707]]}},{"type":"Feature","properties":{"street_name":"CLARENCE AVE","address_left_from":900,"address_left_to":920,"address_right_from":901,"address_right_to":921},"geometry":{"type":"LineString","coordinates":[[-87.79031,41.87172],[-87.79031,41.87163]]}},{"type":"Feature","properties":{"street_name":"CLARENCE AVE","address_left_from":848,"address_left_to":898,"address_right_from":849,"address_right_to":899},"geometry":{"type":"LineString","coordinates":[[-87.79034,41.87276],[-87.79034,41.87255]]}},{"type":"Feature","properties":{"street_name":"CLARENCE AVE","address_left_from":1050,"address_left_to":1098,"address_right_from":1049,"address_right_to":1099},"geometry":{"type":"LineString","coordinates":[[-87.79022,41.86896],[-87.79022,41.86888]]}},{"type":"Feature","properties":{"street_name":"N TAYLOR AVE","address_left_from":851,"address_left_to":899,"address_right_from":850,"address_right_to":898},"geometry":{"type":"LineString","coordinates":[[-87.77779,41.90188],[-87.77776,41.90191],[-87.77776,41.90194],[-87.7778,41.90197]]}},{"type":"Feature","properties":{"street_name":"AUGUSTA ST","address_left_from":1141,"address_left_to":1199,"address_right_from":1140,"address_right_to":1198},"geometry":{"type":"LineString","coordinates":[[-87.80527,41.89788],[-87.80538,41.8979],[-87.80538,41.8979]]}},{"type":"Feature","properties":{"street_name":"N TAYLOR AVE","address_left_from":551,"address_left_to":599,"address_right_from":548,"address_right_to":598},"geometry":{"type":"LineString","coordinates":[[-87.77844,41.8964],[-87.77844,41.89649]]}},{"type":"Feature","properties":{"street_name":"N TAYLOR AVE","address_left_from":237,"address_left_to":299,"address_right_from":236,"address_right_to":298},"geometry":{"type":"LineString","coordinates":[[-87.77829,41.89173],[-87.77829,41.89182]]}},{"type":"Feature","properties":{"street_name":"N TAYLOR AVE","address_left_from":443,"address_left_to":499,"address_right_from":434,"address_right_to":498},"geometry":{"type":"LineString","coordinates":[[-87.77838,41.89456],[-87.77838,41.89467]]}},{"type":"Feature","properties":{"street_name":"N TAYLOR AVE","address_left_from":183,"address_left_to":199,"address_right_from":182,"address_right_to":198},"geometry":{"type":"LineString","coordinates":[[-87.77825,41.89036],[-87.77825,41.89046]]}},{"type":"Feature","properties":{"street_name":"S LOMBARD AVE","address_left_from":344,"address_left_to":398,"address_right_from":343,"address_right_to":399},"geometry":{"type":"LineString","coordinates":[[-87.77963,41.8822],[-87.77962,41.88193]]}},{"type":"Feature","properties":{"street_name":"CLARENCE AVE","address_left_from":548,"address_left_to":598,"address_right_from":549,"address_right_to":599},"geometry":{"type":"LineString","coordinates":[[-87.79053,41.87809],[-87.79052,41.878]]}},{"type":"Feature","properties":{"street_name":"S LOMBARD AVE","address_left_from":100,"address_left_to":112,"address_right_from":101,"address_right_to":113},"geometry":{"type":"LineString","coordinates":[[-87.77976,41.88648],[-87.77976,41.88645]]}},{"type":"Feature","properties":{"street_name":"S LOMBARD AVE","address_left_from":924,"address_left_to":938,"address_right_from":923,"address_right_to":939},"geometry":{"type":"LineString","coordinates":[[-87.77927,41.87179],[-87.77927,41.87171],[-87.77926,41.87152]]}},{"type":"Feature","properties":{"street_name":"WESTGATE ST","address_left_from":1147,"address_left_to":1199,"address_right_from":1146,"address_right_to":1198},"geometry":{"type":"LineString","coordinates":[[-87.80402,41.88788],[-87.80483,41.88787],[-87.80502,41.88786]]}},{"type":"Feature","properties":{"street_name":"ADAMS ST","address_left_from":1077,"address_left_to":1099,"address_right_from":1076,"address_right_to":1098},"geometry":{"type":"LineString","coordinates":[[-87.8016,41.8768],[-87.80185,41.8768],[-87.8022,41.8768]]}},{"type":"Feature","properties":{"street_name":"FILLMORE ST","address_left_from":929,"address_left_to":965,"address_right_from":928,"address_right_to":964},"geometry":{"type":"LineString","coordinates":[[-87.79774,41.86692],[-87.79799,41.86691],[-87.79839,41.8669]]}},{"type":"Feature","properties":{"street_name":"ADAMS ST","address_left_from":601,"address_left_to":613,"address_right_from":600,"address_right_to":612},"geometry":{"type":"LineString","coordinates":[[-87.7893,41.87803],[-87.78961,41.87802],[-87.78991,41.87802]]}},{"type":"Feature","properties":{"street_name":"ADAMS ST","address_left_from":1001,"address_left_to":1025,"address_right_from":1000,"address_right_to":1024},"geometry":{"type":"LineString","coordinates":[[-87.79977,41.87684],[-87.79999,41.87683],[-87.80038,41.87683]]}},{"type":"Feature","properties":{"street_name":"FILLMORE ST","address_left_from":101,"address_left_to":113,"address_right_from":100,"address_right_to":112},"geometry":{"type":"LineString","coordinates":[[-87.77666,41.86726],[-87.77695,41.86726],[-87.77727,41.86725]]}},{"type":"Feature","properties":{"street_name":"SOUTH BLVD","address_left_from":431,"address_left_to":499,"address_right_from":430,"address_right_to":498},"geometry":{"type":"LineString","coordinates":[[-87.78629,41.88695],[-87.78669,41.88697],[-87.78762,41.88697],[-87.78792,41.88696]]}},{"type":"Feature","properties":{"street_name":"N RIDGELAND AVE","address_left_from":401,"address_left_to":425,"address_right_from":400,"address_right_to":422},"geometry":{"type":"LineString","coordinates":[[-87.78483,41.8931],[-87.78484,41.89341],[-87.78486,41.89403]]}},{"type":"Feature","properties":{"street_name":"LE MOYNE PKWY","address_left_from":427,"address_left_to":463,"address_right_from":426,"address_right_to":462},"geometry":{"type":"LineString","coordinates":[[-87.78599,41.9073],[-87.78641,41.9073],[-87.78664,41.9073]]}},{"type":"Feature","properties":{"street_name":"S RIDGELAND AVE","address_left_from":330,"address_left_to":332,"address_right_from":331,"address_right_to":333},"geometry":{"type":"LineString","coordinates":[[-87.78453,41.88226],[-87.78453,41.88219]]}},{"type":"Feature","properties":{"street_name":"BELLEFORTE AVE","address_left_from":801,"address_left_to":841,"address_right_from":800,"address_right_to":840},"geometry":{"type":"LineString","coordinates":[[-87.80241,41.89975],[-87.80242,41.89989],[-87.80243,41.90041],[-87.80246,41.90125]]}},{"type":"Feature","properties":{"street_name":"N RIDGELAND AVE","address_left_from":701,"address_left_to":747,"address_right_from":700,"address_right_to":744},"geometry":{"type":"LineString","coordinates":[[-87.785,41.89822],[-87.78502,41.89863],[-87.78504,41.89927],[-87.78506,41.89979],[-87.78506,41.89981]]}},{"type":"Feature","properties":{"street_name":"N RIDGELAND AVE","address_left_from":1201,"address_left_to":1239,"address_right_from":1200,"address_right_to":1238},"geometry":{"type":"LineString","coordinates":[[-87.78331,41.90734],[-87.78332,41.90774],[-87.78334,41.90837],[-87.78335,41.90861],[-87.78335,41.90866]]}},{"type":"Feature","properties":{"street_name":"MONROE ST","address_left_from":871,"address_left_to":899,"address_right_from":870,"address_right_to":898},"geometry":{"type":"LineString","coordinates":[[-87.79662,41.87831],[-87.79707,41.8783],[-87.79734,41.8783]]}},{"type":"Feature","properties":{"street_name":"S OAK PARK AVE","address_left_from":436,"address_left_to":498,"address_right_from":435,"address_right_to":499},"geometry":{"type":"LineString","coordinates":[[-87.79427,41.88028],[-87.79426,41.88004],[-87.79426,41.87977]]}},{"type":"Feature","properties":{"street_name":"S OAK PARK AVE","address_left_from":1100,"address_left_to":1148,"address_right_from":1101,"address_right_to":1149},"geometry":{"type":"LineString","coordinates":[[-87.79388,41.86881],[-87.79387,41.8686],[-87.79384,41.8678],[-87.79382,41.86721],[-87.79381,41.86699]]}},{"type":"Feature","properties":{"street_name":"LE MOYNE PKWY","address_left_from":1001,"address_left_to":1015,"address_right_from":1000,"address_right_to":1014},"geometry":{"type":"LineString","coordinates":[[-87.80112,41.90711],[-87.80147,41.9071],[-87.80189,41.90709]]}},{"type":"Feature","properties":{"street_name":"LE MOYNE PKWY","address_left_from":767,"address_left_to":799,"address_right_from":766,"address_right_to":798},"geometry":{"type":"LineString","coordinates":[[-87.7944,41.9072],[-87.79449,41.9072],[-87.79501,41.90719]]}},{"type":"Feature","properties":{"street_name":"N HARLEM AVE","address_left_from":-1,"address_left_to":-1,"address_right_from":25,"address_right_to":99},"geometry":{"type":"LineString","coordinates":[[-87.80471,41.88048],[-87.80474,41.8813],[-87.8048,41.88141]]}},{"type":"Feature","properties":{"street_name":"S RIDGELAND AVE","address_left_from":510,"address_left_to":546,"address_right_from":511,"address_right_to":545},"geometry":{"type":"LineString","coordinates":[[-87.78445,41.87943],[-87.78442,41.87852],[-87.78441,41.87817]]}},{"type":"Feature","properties":{"street_name":"HARRISON ST","address_left_from":765,"address_left_to":799,"address_right_from":764,"address_right_to":798},"geometry":{"type":"LineString","coordinates":[[-87.79338,41.87272],[-87.79391,41.87276],[-87.79401,41.87281]]}},{"type":"Feature","properties":{"street_name":"RANDOLPH ST","address_left_from":601,"address_left_to":617,"address_right_from":600,"address_right_to":616},"geometry":{"type":"LineString","coordinates":[[-87.78946,41.88335],[-87.78988,41.88335],[-87.79028,41.88334]]}},{"type":"Feature","properties":{"street_name":"HARRISON ST","address_left_from":239,"address_left_to":243,"address_right_from":238,"address_right_to":246},"geometry":{"type":"LineString","coordinates":[[-87.78115,41.87268],[-87.78146,41.87267],[-87.78163,41.87267]]}},{"type":"Feature","properties":{"street_name":"RANDOLPH ST","address_left_from":831,"address_left_to":865,"address_right_from":830,"address_right_to":864},"geometry":{"type":"LineString","coordinates":[[-87.7957,41.88342],[-87.79594,41.88342],[-87.79637,41.88341]]}},{"type":"Feature","properties":{"street_name":"S HARLEM AVE","address_left_from":501,"address_left_to":569,"address_right_from":-1,"address_right_to":-1},"geometry":{"type":"LineString","coordinates":[[-87.80446,41.87403],[-87.80446,41.87387],[-87.80452,41.87381]]}},{"type":"Feature","properties":{"street_name":"S HARLEM AVE","address_left_from":631,"address_left_to":669,"address_right_from":-1,"address_right_to":-1},"geometry":{"type":"LineString","coordinates":[[-87.80452,41.87361],[-87.80449,41.8736],[-87.80448,41.8735],[-87.80451,41.87349]]}},{"type":"Feature","properties":{"street_name":"GREENFIELD ST","address_left_from":1001,"address_left_to":1015,"address_right_from":1000,"address_right_to":1014},"geometry":{"type":"LineString","coordinates":[[-87.80106,41.90527],[-87.80149,41.90527],[-87.80183,41.90526]]}},{"type":"Feature","properties":{"street_name":"GREENFIELD ST","address_left_from":241,"address_left_to":279,"address_right_from":240,"address_right_to":278},"geometry":{"type":"LineString","coordinates":[[-87.7816,41.90581],[-87.7819,41.90581],[-87.78202,41.90581]]}},{"type":"Feature","properties":{"street_name":"GREENFIELD ST","address_left_from":221,"address_left_to":229,"address_right_from":220,"address_right_to":228},"geometry":{"type":"LineString","coordinates":[[-87.78099,41.90582],[-87.78128,41.90582],[-87.78137,41.90582]]}},{"type":"Feature","properties":{"street_name":"GREENFIELD ST","address_left_from":401,"address_left_to":405,"address_right_from":400,"address_right_to":402},"geometry":{"type":"LineString","coordinates":[[-87.78344,41.90578],[-87.78345,41.90578],[-87.7836,41.90573],[-87.78367,41.90572],[-87.78378,41.90572],[-87.78399,41.90571]]}},{"type":"Feature","properties":{"street_name":"GREENFIELD ST","address_left_from":1153,"address_left_to":1199,"address_right_from":1152,"address_right_to":1198},"geometry":{"type":"LineString","coordinates":[[-87.80488,41.90522],[-87.80495,41.90522],[-87.80549,41.90521],[-87.80563,41.90522],[-87.80565,41.90522]]}},{"type":"Feature","properties":{"street_name":"GREENFIELD ST","address_left_from":863,"address_left_to":893,"address_right_from":862,"address_right_to":892},"geometry":{"type":"LineString","coordinates":[[-87.79719,41.90533],[-87.7976,41.90532],[-87.79789,41.90532]]}},{"type":"Feature","properties":{"street_name":"GREENFIELD ST","address_left_from":1031,"address_left_to":1099,"address_right_from":1030,"address_right_to":1098},"geometry":{"type":"LineString","coordinates":[[-87.80259,41.90525],[-87.80307,41.90524],[-87.80386,41.90523],[-87.80412,41.90523]]}},{"type":"Feature","properties":{"street_name":"GREENFIELD ST","address_left_from":407,"address_left_to":411,"address_right_from":404,"address_right_to":408},"geometry":{"type":"LineString","coordinates":[[-87.78399,41.90571],[-87.78427,41.90571],[-87.78454,41.90571]]}},{"type":"Feature","properties":{"street_name":"GREENFIELD ST","address_left_from":517,"address_left_to":527,"address_right_from":516,"address_right_to":526},"geometry":{"type":"LineString","coordinates":[[-87.78795,41.90566],[-87.78835,41.90566],[-87.78866,41.90565]]}},{"type":"Feature","properties":{"street_name":"GREENFIELD ST","address_left_from":817,"address_left_to":827,"address_right_from":816,"address_right_to":826},"geometry":{"type":"LineString","coordinates":[[-87.79571,41.90535],[-87.79606,41.90534],[-87.79646,41.90534]]}},{"type":"Feature","properties":{"street_name":"GREENFIELD ST","address_left_from":31,"address_left_to":39,"address_right_from":30,"address_right_to":38},"geometry":{"type":"LineString","coordinates":[[-87.77675,41.90587],[-87.77705,41.90587],[-87.77733,41.90587]]}},{"type":"Feature","properties":{"street_name":"GREENFIELD ST","address_left_from":41,"address_left_to":43,"address_right_from":40,"address_right_to":42},"geometry":{"type":"LineString","coordinates":[[-87.77733,41.90587],[-87.77745,41.90587]]}},{"type":"Feature","properties":{"street_name":"GREENFIELD ST","address_left_from":141,"address_left_to":159,"address_right_from":140,"address_right_to":158},"geometry":{"type":"LineString","coordinates":[[-87.7794,41.90584],[-87.77967,41.90584],[-87.77977,41.90584]]}},{"type":"Feature","properties":{"street_name":"GREENFIELD ST","address_left_from":931,"address_left_to":967,"address_right_from":930,"address_right_to":966},"geometry":{"type":"LineString","coordinates":[[-87.79949,41.90529],[-87.79992,41.90529],[-87.80031,41.90528]]}},{"type":"Feature","properties":{"street_name":"N HARVEY AVE","address_left_from":1,"address_left_to":99,"address_right_from":2,"address_right_to":98},"geometry":{"type":"LineString","coordinates":[[-87.78141,41.88729],[-87.78141,41.88733],[-87.78141,41.88739],[-87.78141,41.88746]]}},{"type":"Feature","properties":{"street_name":"N HARVEY AVE","address_left_from":953,"address_left_to":999,"address_right_from":952,"address_right_to":998},"geometry":{"type":"LineString","coordinates":[[-87.78275,41.90373],[-87.78275,41.90382]]}},{"type":"Feature","properties":{"street_name":"N HARVEY AVE","address_left_from":651,"address_left_to":699,"address_right_from":650,"address_right_to":698},"geometry":{"type":"LineString","coordinates":[[-87.78175,41.89818],[-87.78175,41.89827]]}},{"type":"Feature","properties":{"street_name":"N HARVEY AVE","address_left_from":437,"address_left_to":499,"address_right_from":442,"address_right_to":498},"geometry":{"type":"LineString","coordinates":[[-87.78163,41.89451],[-87.78163,41.89462]]}},{"type":"Feature","properties":{"street_name":"N HARVEY AVE","address_left_from":233,"address_left_to":299,"address_right_from":236,"address_right_to":298},"geometry":{"type":"LineString","coordinates":[[-87.78154,41.89168],[-87.78155,41.89177]]}},{"type":"Feature","properties":{"street_name":"N HARVEY AVE","address_left_from":183,"address_left_to":199,"address_right_from":182,"address_right_to":198},"geometry":{"type":"LineString","coordinates":[[-87.7815,41.89032],[-87.78151,41.89041]]}},{"type":"Feature","properties":{"street_name":"N HARVEY AVE","address_left_from":337,"address_left_to":399,"address_right_from":336,"address_right_to":398},"geometry":{"type":"LineString","coordinates":[[-87.78159,41.89306],[-87.78159,41.89314]]}},{"type":"Feature","properties":{"street_name":"N HARVEY AVE","address_left_from":1141,"address_left_to":1199,"address_right_from":1140,"address_right_to":1198},"geometry":{"type":"LineString","coordinates":[[-87.78206,41.90727],[-87.78206,41.90735]]}},{"type":"Feature","properties":{"street_name":"N HARVEY AVE","address_left_from":855,"address_left_to":899,"address_right_from":854,"address_right_to":898},"geometry":{"type":"LineString","coordinates":[[-87.78267,41.90182],[-87.78268,41.9019]]}},{"type":"Feature","properties":{"street_name":"N HARVEY AVE","address_left_from":747,"address_left_to":799,"address_right_from":746,"address_right_to":798},"geometry":{"type":"LineString","coordinates":[[-87.7818,41.89985],[-87.78181,41.89994]]}},{"type":"Feature","properties":{"street_name":"N HARVEY AVE","address_left_from":551,"address_left_to":599,"address_right_from":550,"address_right_to":598},"geometry":{"type":"LineString","coordinates":[[-87.78169,41.89636],[-87.78169,41.89644]]}},{"type":"Feature","properties":{"street_name":"N HARVEY AVE","address_left_from":1131,"address_left_to":1139,"address_right_from":1130,"address_right_to":1138},"geometry":{"type":"LineString","coordinates":[[-87.78205,41.90692],[-87.78206,41.90712],[-87.78206,41.90727]]}},{"type":"Feature","properties":{"street_name":"N HARVEY AVE","address_left_from":139,"address_left_to":181,"address_right_from":138,"address_right_to":180},"geometry":{"type":"LineString","coordinates":[[-87.78146,41.88884],[-87.78146,41.88905],[-87.78149,41.89007],[-87.7815,41.89032]]}},{"type":"Feature","properties":{"street_name":"N HARVEY AVE","address_left_from":1081,"address_left_to":1099,"address_right_from":1036,"address_right_to":1098},"geometry":{"type":"LineString","coordinates":[[-87.78233,41.90541],[-87.78219,41.90581]]}},{"type":"Feature","properties":{"street_name":"N HARVEY AVE","address_left_from":111,"address_left_to":119,"address_right_from":110,"address_right_to":118},"geometry":{"type":"LineString","coordinates":[[-87.78141,41.88746],[-87.78131,41.88746],[-87.7812,41.88747],[-87.78115,41.88748],[-87.7811,41.88751],[-87.78107,41.88754],[-87.78105,41.88759],[-87.78105,41.88806],[-87.78104,41.88821]]}},{"type":"Feature","properties":{"street_name":"N HARVEY AVE","address_left_from":401,"address_left_to":435,"address_right_from":400,"address_right_to":440},"geometry":{"type":"LineString","coordinates":[[-87.78159,41.89314],[-87.7816,41.89347],[-87.78162,41.89434],[-87.78163,41.89451]]}},{"type":"Feature","properties":{"street_name":"N HARVEY AVE","address_left_from":135,"address_left_to":137,"address_right_from":134,"address_right_to":136},"geometry":{"type":"LineString","coordinates":[[-87.78145,41.88877],[-87.78146,41.88884]]}},{"type":"Feature","properties":{"street_name":"N HARVEY AVE","address_left_from":1205,"address_left_to":1211,"address_right_from":1204,"address_right_to":1210},"geometry":{"type":"LineString","coordinates":[[-87.78207,41.90746],[-87.78208,41.90779],[-87.78208,41.90789]]}},{"type":"Feature","properties":{"street_name":"N HARVEY AVE","address_left_from":1001,"address_left_to":1079,"address_right_from":1000,"address_right_to":1034},"geometry":{"type":"LineString","coordinates":[[-87.78288,41.90381],[-87.78265,41.90447],[-87.78242,41.90513],[-87.78233,41.90541]]}},{"type":"Feature","properties":{"street_name":"N HARVEY AVE","address_left_from":1275,"address_left_to":1299,"address_right_from":1274,"address_right_to":1298},"geometry":{"type":"LineString","coordinates":[[-87.78211,41.90868],[-87.78211,41.9087],[-87.78211,41.90883],[-87.78212,41.90887],[-87.78212,41.90903],[-87.78213,41.90918]]}},{"type":"Feature","properties":{"street_name":"N HARVEY AVE","address_left_from":515,"address_left_to":549,"address_right_from":514,"address_right_to":548},"geometry":{"type":"LineString","coordinates":[[-87.78165,41.89516],[-87.78166,41.89551],[-87.78169,41.89628],[-87.78169,41.89636]]}},{"type":"Feature","properties":{"street_name":"N HARVEY AVE","address_left_from":1101,"address_left_to":1129,"address_right_from":1100,"address_right_to":1128},"geometry":{"type":"LineString","coordinates":[[-87.78202,41.90581],[-87.78204,41.90648],[-87.78205,41.90692]]}},{"type":"Feature","properties":{"street_name":"N HARVEY AVE","address_left_from":121,"address_left_to":133,"address_right_from":120,"address_right_to":132},"geometry":{"type":"LineString","coordinates":[[-87.78144,41.88823],[-87.78145,41.88877]]}},{"type":"Feature","properties":{"street_name":"N HARVEY AVE","address_left_from":501,"address_left_to":513,"address_right_from":500,"address_right_to":512},"geometry":{"type":"LineString","coordinates":[[-87.78163,41.89462],[-87.78163,41.89477],[-87.78165,41.89516]]}},{"type":"Feature","properties":{"street_name":"N HARVEY AVE","address_left_from":301,"address_left_to":335,"address_right_from":300,"address_right_to":334},"geometry":{"type":"LineString","coordinates":[[-87.78155,41.89177],[-87.78156,41.89213],[-87.78158,41.89285],[-87.78159,41.89306]]}},{"type":"Feature","properties":{"street_name":"N HARVEY AVE","address_left_from":701,"address_left_to":745,"address_right_from":700,"address_right_to":744},"geometry":{"type":"LineString","coordinates":[[-87.78175,41.89827],[-87.78175,41.89839],[-87.78177,41.89895],[-87.7818,41.89985]]}},{"type":"Feature","properties":{"street_name":"N HARVEY AVE","address_left_from":1201,"address_left_to":1203,"address_right_from":1200,"address_right_to":1202},"geometry":{"type":"LineString","coordinates":[[-87.78206,41.90735],[-87.78207,41.90746]]}},{"type":"Feature","properties":{"street_name":"N HARVEY AVE","address_left_from":201,"address_left_to":231,"address_right_from":200,"address_right_to":234},"geometry":{"type":"LineString","coordinates":[[-87.78151,41.89041],[-87.78151,41.89059],[-87.78154,41.89154],[-87.78154,41.89168]]}},{"type":"Feature","properties":{"street_name":"N HARVEY AVE","address_left_from":601,"address_left_to":649,"address_right_from":600,"address_right_to":648},"geometry":{"type":"LineString","coordinates":[[-87.78169,41.89644],[-87.7817,41.89668],[-87.78172,41.89737],[-87.78175,41.89806],[-87.78175,41.89818]]}},{"type":"Feature","properties":{"street_name":"N HARVEY AVE","address_left_from":1213,"address_left_to":1273,"address_right_from":1212,"address_right_to":1272},"geometry":{"type":"LineString","coordinates":[[-87.78208,41.90789],[-87.7821,41.90846],[-87.78211,41.90861],[-87.78211,41.90868]]}},{"type":"Feature","properties":{"street_name":"N HARVEY AVE","address_left_from":801,"address_left_to":853,"address_right_from":800,"address_right_to":852},"geometry":{"type":"LineString","coordinates":[[-87.7826,41.89993],[-87.78263,41.90084],[-87.78267,41.90176],[-87.78267,41.90182]]}},{"type":"Feature","properties":{"street_name":"N HARVEY AVE","address_left_from":901,"address_left_to":951,"address_right_from":900,"address_right_to":950},"geometry":{"type":"LineString","coordinates":[[-87.78268,41.9019],[-87.78269,41.90208],[-87.78272,41.90279],[-87.78275,41.90373]]}},{"type":"Feature","properties":{"street_name":"THOMAS ST","address_left_from":247,"address_left_to":299,"address_right_from":244,"address_right_to":298},"geometry":{"type":"LineString","coordinates":[[-87.78249,41.89993],[-87.7826,41.89993]]}},{"type":"Feature","properties":{"street_name":"THOMAS ST","address_left_from":955,"address_left_to":999,"address_right_from":956,"address_right_to":998},"geometry":{"type":"LineString","coordinates":[[-87.80032,41.89979],[-87.80053,41.89978],[-87.80089,41.89978]]}},{"type":"Feature","properties":{"street_name":"THOMAS ST","address_left_from":1021,"address_left_to":1033,"address_right_from":1026,"address_right_to":1032},"geometry":{"type":"LineString","coordinates":[[-87.80228,41.89975],[-87.80241,41.89975]]}},{"type":"Feature","properties":{"street_name":"THOMAS ST","address_left_from":1121,"address_left_to":1199,"address_right_from":1124,"address_right_to":1198},"geometry":{"type":"LineString","coordinates":[[-87.80533,41.8997],[-87.80544,41.89975],[-87.80545,41.89975]]}},{"type":"Feature","properties":{"street_name":"THOMAS ST","address_left_from":1053,"address_left_to":1099,"address_right_from":1054,"address_right_to":1098},"geometry":{"type":"LineString","coordinates":[[-87.80342,41.89974],[-87.80348,41.89973],[-87.80393,41.89973]]}},{"type":"Feature","properties":{"street_name":"THOMAS ST","address_left_from":901,"address_left_to":913,"address_right_from":900,"address_right_to":916},"geometry":{"type":"LineString","coordinates":[[-87.79784,41.89983],[-87.79841,41.89982],[-87.79858,41.89982]]}},{"type":"Feature","properties":{"street_name":"THOMAS ST","address_left_from":1101,"address_left_to":1119,"address_right_from":1100,"address_right_to":1122},"geometry":{"type":"LineString","coordinates":[[-87.80393,41.89973],[-87.80422,41.89972],[-87.80476,41.89971],[-87.80532,41.8997],[-87.80533,41.8997]]}},{"type":"Feature","properties":{"street_name":"THOMAS ST","address_left_from":473,"address_left_to":499,"address_right_from":472,"address_right_to":498},"geometry":{"type":"LineString","coordinates":[[-87.78749,41.89985],[-87.78789,41.89984],[-87.78831,41.89984]]}},{"type":"Feature","properties":{"street_name":"THOMAS ST","address_left_from":441,"address_left_to":471,"address_right_from":440,"address_right_to":470},"geometry":{"type":"LineString","coordinates":[[-87.78669,41.89987],[-87.78697,41.89986],[-87.78749,41.89985]]}},{"type":"Feature","properties":{"street_name":"THOMAS ST","address_left_from":301,"address_left_to":309,"address_right_from":300,"address_right_to":308},"geometry":{"type":"LineString","coordinates":[[-87.7826,41.89993],[-87.78306,41.89992],[-87.78321,41.89992]]}},{"type":"Feature","properties":{"street_name":"THOMAS ST","address_left_from":321,"address_left_to":329,"address_right_from":320,"address_right_to":328},"geometry":{"type":"LineString","coordinates":[[-87.78344,41.89992],[-87.78356,41.89991],[-87.78382,41.89991]]}},{"type":"Feature","properties":{"street_name":"THOMAS ST","address_left_from":751,"address_left_to":799,"address_right_from":750,"address_right_to":798},"geometry":{"type":"LineString","coordinates":[[-87.7942,41.89974],[-87.79482,41.89973]]}},{"type":"Feature","properties":{"street_name":"THOMAS ST","address_left_from":51,"address_left_to":75,"address_right_from":50,"address_right_to":74},"geometry":{"type":"LineString","coordinates":[[-87.77653,41.90017],[-87.77683,41.90016],[-87.77714,41.90016]]}},{"type":"Feature","properties":{"street_name":"THOMAS ST","address_left_from":851,"address_left_to":875,"address_right_from":850,"address_right_to":874},"geometry":{"type":"LineString","coordinates":[[-87.79632,41.89986],[-87.79664,41.89985],[-87.79708,41.89984]]}},{"type":"Feature","properties":{"street_name":"THOMAS ST","address_left_from":877,"address_left_to":899,"address_right_from":876,"address_right_to":898},"geometry":{"type":"LineString","coordinates":[[-87.79708,41.89984],[-87.7974,41.89984],[-87.79784,41.89983]]}},{"type":"Feature","properties":{"street_name":"THOMAS ST","address_left_from":1035,"address_left_to":1051,"address_right_from":1034,"address_right_to":1052},"geometry":{"type":"LineString","coordinates":[[-87.80241,41.89975],[-87.80283,41.89974],[-87.80342,41.89974]]}},{"type":"Feature","properties":{"street_name":"THOMAS ST","address_left_from":237,"address_left_to":239,"address_right_from":232,"address_right_to":234},"geometry":{"type":"LineString","coordinates":[[-87.78181,41.89994],[-87.78199,41.89994]]}},{"type":"Feature","properties":{"street_name":"THOMAS ST","address_left_from":701,"address_left_to":707,"address_right_from":700,"address_right_to":708},"geometry":{"type":"LineString","coordinates":[[-87.79238,41.89977],[-87.79263,41.89977],[-87.79299,41.89976]]}},{"type":"Feature","properties":{"street_name":"THOMAS ST","address_left_from":619,"address_left_to":659,"address_right_from":618,"address_right_to":658},"geometry":{"type":"LineString","coordinates":[[-87.79116,41.89979],[-87.79142,41.89979],[-87.79177,41.89978]]}},{"type":"Feature","properties":{"street_name":"THOMAS ST","address_left_from":331,"address_left_to":349,"address_right_from":330,"address_right_to":348},"geometry":{"type":"LineString","coordinates":[[-87.78382,41.89991],[-87.78408,41.89991],[-87.78424,41.89991]]}},{"type":"Feature","properties":{"street_name":"THOMAS ST","address_left_from":213,"address_left_to":215,"address_right_from":210,"address_right_to":212},"geometry":{"type":"LineString","coordinates":[[-87.78078,41.89996],[-87.78098,41.89995]]}},{"type":"Feature","properties":{"street_name":"THOMAS ST","address_left_from":241,"address_left_to":245,"address_right_from":236,"address_right_to":242},"geometry":{"type":"LineString","coordinates":[[-87.78199,41.89994],[-87.78231,41.89993],[-87.78249,41.89993]]}},{"type":"Feature","properties":{"street_name":"THOMAS ST","address_left_from":601,"address_left_to":609,"address_right_from":600,"address_right_to":608},"geometry":{"type":"LineString","coordinates":[[-87.78994,41.89981],[-87.79032,41.89981],[-87.79055,41.8998]]}},{"type":"Feature","properties":{"street_name":"THOMAS ST","address_left_from":553,"address_left_to":599,"address_right_from":552,"address_right_to":598},"geometry":{"type":"LineString","coordinates":[[-87.78913,41.89983],[-87.78966,41.89982],[-87.78994,41.89981]]}},{"type":"Feature","properties":{"street_name":"THOMAS ST","address_left_from":311,"address_left_to":319,"address_right_from":310,"address_right_to":318},"geometry":{"type":"LineString","coordinates":[[-87.78321,41.89992],[-87.78344,41.89992]]}},{"type":"Feature","properties":{"street_name":"THOMAS ST","address_left_from":611,"address_left_to":617,"address_right_from":610,"address_right_to":616},"geometry":{"type":"LineString","coordinates":[[-87.79055,41.8998],[-87.79084,41.8998],[-87.79116,41.89979]]}},{"type":"Feature","properties":{"street_name":"THOMAS ST","address_left_from":101,"address_left_to":115,"address_right_from":100,"address_right_to":114},"geometry":{"type":"LineString","coordinates":[[-87.77775,41.90015],[-87.77808,41.90014],[-87.77836,41.90014]]}},{"type":"Feature","properties":{"street_name":"THOMAS ST","address_left_from":501,"address_left_to":551,"address_right_from":500,"address_right_to":550},"geometry":{"type":"LineString","coordinates":[[-87.78831,41.89984],[-87.78858,41.89983],[-87.78913,41.89983]]}},{"type":"Feature","properties":{"street_name":"THOMAS ST","address_left_from":719,"address_left_to":749,"address_right_from":720,"address_right_to":748},"geometry":{"type":"LineString","coordinates":[[-87.79359,41.89975],[-87.79375,41.89975],[-87.79411,41.89974],[-87.7942,41.89974]]}},{"type":"Feature","properties":{"street_name":"THOMAS ST","address_left_from":217,"address_left_to":225,"address_right_from":214,"address_right_to":224},"geometry":{"type":"LineString","coordinates":[[-87.78098,41.89995],[-87.78103,41.89995],[-87.78138,41.89995]]}},{"type":"Feature","properties":{"street_name":"THOMAS ST","address_left_from":167,"address_left_to":199,"address_right_from":166,"address_right_to":198},"geometry":{"type":"LineString","coordinates":[[-87.77958,41.90012],[-87.7797,41.90012],[-87.77987,41.90012],[-87.78018,41.90011]]}},{"type":"Feature","properties":{"street_name":"THOMAS ST","address_left_from":77,"address_left_to":99,"address_right_from":76,"address_right_to":98},"geometry":{"type":"LineString","coordinates":[[-87.77714,41.90016],[-87.77742,41.90015],[-87.77775,41.90015]]}},{"type":"Feature","properties":{"street_name":"THOMAS ST","address_left_from":201,"address_left_to":211,"address_right_from":200,"address_right_to":208},"geometry":{"type":"LineString","coordinates":[[-87.78017,41.89997],[-87.78078,41.89996]]}},{"type":"Feature","properties":{"street_name":"THOMAS ST","address_left_from":827,"address_left_to":849,"address_right_from":826,"address_right_to":848},"geometry":{"type":"LineString","coordinates":[[-87.79557,41.89987],[-87.79604,41.89986],[-87.79632,41.89986]]}},{"type":"Feature","properties":{"street_name":"THOMAS ST","address_left_from":351,"address_left_to":359,"address_right_from":350,"address_right_to":358},"geometry":{"type":"LineString","coordinates":[[-87.78424,41.89991],[-87.78442,41.8999]]}},{"type":"Feature","properties":{"street_name":"THOMAS ST","address_left_from":401,"address_left_to":421,"address_right_from":400,"address_right_to":416},"geometry":{"type":"LineString","coordinates":[[-87.78506,41.89989],[-87.78543,41.89989],[-87.78586,41.89988],[-87.78587,41.89988]]}},{"type":"Feature","properties":{"street_name":"THOMAS ST","address_left_from":1001,"address_left_to":1019,"address_right_from":1000,"address_right_to":1024},"geometry":{"type":"LineString","coordinates":[[-87.80089,41.89978],[-87.80129,41.89977],[-87.80215,41.89976],[-87.80228,41.89975]]}},{"type":"Feature","properties":{"street_name":"THOMAS ST","address_left_from":361,"address_left_to":399,"address_right_from":360,"address_right_to":398},"geometry":{"type":"LineString","coordinates":[[-87.78442,41.8999],[-87.78465,41.8999],[-87.78506,41.89989]]}},{"type":"Feature","properties":{"street_name":"THOMAS ST","address_left_from":17,"address_left_to":49,"address_right_from":16,"address_right_to":48},"geometry":{"type":"LineString","coordinates":[[-87.77592,41.90017],[-87.77632,41.90017],[-87.77653,41.90017]]}},{"type":"Feature","properties":{"street_name":"THOMAS ST","address_left_from":117,"address_left_to":129,"address_right_from":116,"address_right_to":128},"geometry":{"type":"LineString","coordinates":[[-87.77836,41.90014],[-87.77874,41.90013],[-87.77897,41.90013]]}},{"type":"Feature","properties":{"street_name":"THOMAS ST","address_left_from":709,"address_left_to":717,"address_right_from":710,"address_right_to":718},"geometry":{"type":"LineString","coordinates":[[-87.79299,41.89976],[-87.79319,41.89976],[-87.79359,41.89975]]}},{"type":"Feature","properties":{"street_name":"THOMAS ST","address_left_from":801,"address_left_to":825,"address_right_from":800,"address_right_to":824},"geometry":{"type":"LineString","coordinates":[[-87.79482,41.89988],[-87.79557,41.89987]]}},{"type":"Feature","properties":{"street_name":"THOMAS ST","address_left_from":227,"address_left_to":235,"address_right_from":226,"address_right_to":230},"geometry":{"type":"LineString","coordinates":[[-87.78138,41.89995],[-87.7815,41.89994],[-87.78181,41.89994]]}},{"type":"Feature","properties":{"street_name":"THOMAS ST","address_left_from":915,"address_left_to":933,"address_right_from":918,"address_right_to":932},"geometry":{"type":"LineString","coordinates":[[-87.79858,41.89982],[-87.7992,41.89981],[-87.79932,41.8998]]}},{"type":"Feature","properties":{"street_name":"THOMAS ST","address_left_from":661,"address_left_to":699,"address_right_from":660,"address_right_to":698},"geometry":{"type":"LineString","coordinates":[[-87.79177,41.89978],[-87.79202,41.89978],[-87.79238,41.89977]]}},{"type":"Feature","properties":{"street_name":"THOMAS ST","address_left_from":131,"address_left_to":165,"address_right_from":130,"address_right_to":164},"geometry":{"type":"LineString","coordinates":[[-87.77897,41.90013],[-87.77921,41.90013],[-87.77958,41.90012]]}},{"type":"Feature","properties":{"street_name":"THOMAS ST","address_left_from":423,"address_left_to":439,"address_right_from":418,"address_right_to":438},"geometry":{"type":"LineString","coordinates":[[-87.78587,41.89988],[-87.78648,41.89987],[-87.78669,41.89987]]}},{"type":"Feature","properties":{"street_name":"THOMAS ST","address_left_from":935,"address_left_to":953,"address_right_from":934,"address_right_to":954},"geometry":{"type":"LineString","coordinates":[[-87.79932,41.8998],[-87.79956,41.8998],[-87.80032,41.89979]]}},{"type":"Feature","properties":{"street_name":"THOMAS ST","address_left_from":1,"address_left_to":15,"address_right_from":2,"address_right_to":14},"geometry":{"type":"LineString","coordinates":[[-87.77531,41.90018],[-87.77555,41.90017],[-87.77566,41.90016],[-87.77591,41.90017],[-87.77592,41.90017]]}},{"type":"Feature","properties":{"street_name":"MILLER AVE","address_left_from":1101,"address_left_to":1109,"address_right_from":1100,"address_right_to":1108},"geometry":{"type":"LineString","coordinates":[[-87.80335,41.89711],[-87.80395,41.8971],[-87.80396,41.8971]]}},{"type":"Feature","properties":{"street_name":"MILLER AVE","address_left_from":1111,"address_left_to":1199,"address_right_from":1110,"address_right_to":1198},"geometry":{"type":"LineString","coordinates":[[-87.80396,41.8971],[-87.80454,41.89708],[-87.80535,41.89707],[-87.80535,41.89707]]}},{"type":"Feature","properties":{"street_name":"N HARLEM AVE","address_left_from":-1,"address_left_to":-1,"address_right_from":381,"address_right_to":389},"geometry":{"type":"LineString","coordinates":[[-87.80499,41.88671],[-87.80499,41.88671],[-87.80497,41.88673],[-87.80497,41.88678],[-87.80499,41.8868]]}},{"type":"Feature","properties":{"street_name":"N MARION ST","address_left_from":1,"address_left_to":99,"address_right_from":2,"address_right_to":98},"geometry":{"type":"LineString","coordinates":[[-87.80248,41.88697],[-87.8024,41.88719]]}},{"type":"Feature","properties":{"street_name":"N MARION ST","address_left_from":1153,"address_left_to":1199,"address_right_from":1154,"address_right_to":1198},"geometry":{"type":"LineString","coordinates":[[-87.80417,41.90697],[-87.80417,41.90706],[-87.80418,41.90706]]}},{"type":"Feature","properties":{"street_name":"N MARION ST","address_left_from":951,"address_left_to":999,"address_right_from":950,"address_right_to":998},"geometry":{"type":"LineString","coordinates":[[-87.80405,41.9033],[-87.80405,41.90339]]}},{"type":"Feature","properties":{"street_name":"N MARION ST","address_left_from":749,"address_left_to":799,"address_right_from":750,"address_right_to":798},"geometry":{"type":"LineString","coordinates":[[-87.80392,41.89964],[-87.80393,41.89973]]}},{"type":"Feature","properties":{"street_name":"N MARION ST","address_left_from":601,"address_left_to":623,"address_right_from":600,"address_right_to":622},"geometry":{"type":"LineString","coordinates":[[-87.80333,41.89631],[-87.80333,41.89641],[-87.80334,41.89688],[-87.80335,41.89711]]}},{"type":"Feature","properties":{"street_name":"N MARION ST","address_left_from":317,"address_left_to":399,"address_right_from":316,"address_right_to":398},"geometry":{"type":"LineString","coordinates":[[-87.80277,41.89247],[-87.80279,41.89307]]}},{"type":"Feature","properties":{"street_name":"N MARION ST","address_left_from":1049,"address_left_to":1099,"address_right_from":1050,"address_right_to":1098},"geometry":{"type":"LineString","coordinates":[[-87.80412,41.90514],[-87.80412,41.90523]]}},{"type":"Feature","properties":{"street_name":"N MARION ST","address_left_from":433,"address_left_to":499,"address_right_from":432,"address_right_to":498},"geometry":{"type":"LineString","coordinates":[[-87.80282,41.89415],[-87.80283,41.89426]]}},{"type":"Feature","properties":{"street_name":"N MARION ST","address_left_from":219,"address_left_to":231,"address_right_from":218,"address_right_to":224},"geometry":{"type":"LineString","coordinates":[[-87.80275,41.89178],[-87.80275,41.89187]]}},{"type":"Feature","properties":{"street_name":"N MARION ST","address_left_from":851,"address_left_to":899,"address_right_from":850,"address_right_to":898},"geometry":{"type":"LineString","coordinates":[[-87.80399,41.90146],[-87.80399,41.90155]]}},{"type":"Feature","properties":{"street_name":"N MARION ST","address_left_from":1201,"address_left_to":1235,"address_right_from":1200,"address_right_to":1234},"geometry":{"type":"LineString","coordinates":[[-87.80418,41.90706],[-87.80422,41.90829]]}},{"type":"Feature","properties":{"street_name":"N MARION ST","address_left_from":141,"address_left_to":169,"address_right_from":140,"address_right_to":172},"geometry":{"type":"LineString","coordinates":[[-87.80263,41.88865],[-87.80266,41.88929],[-87.80266,41.88936],[-87.80267,41.88973]]}},{"type":"Feature","properties":{"street_name":"N MARION ST","address_left_from":301,"address_left_to":315,"address_right_from":300,"address_right_to":314},"geometry":{"type":"LineString","coordinates":[[-87.80275,41.89187],[-87.80277,41.89247]]}},{"type":"Feature","properties":{"street_name":"N MARION ST","address_left_from":131,"address_left_to":139,"address_right_from":130,"address_right_to":138},"geometry":{"type":"LineString","coordinates":[[-87.80245,41.88826],[-87.80247,41.88865]]}},{"type":"Feature","properties":{"street_name":"N MARION ST","address_left_from":233,"address_left_to":299,"address_right_from":226,"address_right_to":298},"geometry":{"type":"LineString","coordinates":[[-87.80273,41.89123],[-87.80275,41.89164],[-87.80275,41.89178]]}},{"type":"Feature","properties":{"street_name":"N MARION ST","address_left_from":171,"address_left_to":199,"address_right_from":174,"address_right_to":198},"geometry":{"type":"LineString","coordinates":[[-87.80267,41.88973],[-87.80268,41.88993],[-87.80269,41.88999],[-87.80269,41.89],[-87.8027,41.89041],[-87.80271,41.89059]]}},{"type":"Feature","properties":{"street_name":"N MARION ST","address_left_from":101,"address_left_to":119,"address_right_from":100,"address_right_to":118},"geometry":{"type":"LineString","coordinates":[[-87.8024,41.88719],[-87.80241,41.88723],[-87.80241,41.88727],[-87.80242,41.88747],[-87.80242,41.8878],[-87.80243,41.88791]]}},{"type":"Feature","properties":{"street_name":"N MARION ST","address_left_from":625,"address_left_to":699,"address_right_from":624,"address_right_to":698},"geometry":{"type":"LineString","coordinates":[[-87.80335,41.89711],[-87.80337,41.89746],[-87.80338,41.89791]]}},{"type":"Feature","properties":{"street_name":"N MARION ST","address_left_from":1101,"address_left_to":1151,"address_right_from":1100,"address_right_to":1152},"geometry":{"type":"LineString","coordinates":[[-87.80412,41.90523],[-87.80413,41.90547],[-87.80416,41.90641],[-87.80417,41.90697]]}},{"type":"Feature","properties":{"street_name":"N MARION ST","address_left_from":501,"address_left_to":511,"address_right_from":500,"address_right_to":510},"geometry":{"type":"LineString","coordinates":[[-87.80327,41.89426],[-87.80327,41.89433],[-87.80326,41.89477]]}},{"type":"Feature","properties":{"street_name":"N MARION ST","address_left_from":701,"address_left_to":747,"address_right_from":700,"address_right_to":748},"geometry":{"type":"LineString","coordinates":[[-87.80387,41.8979],[-87.8039,41.89905],[-87.80392,41.8996],[-87.80392,41.89964]]}},{"type":"Feature","properties":{"street_name":"LYMAN AVE","address_left_from":548,"address_left_to":598,"address_right_from":549,"address_right_to":599},"geometry":{"type":"LineString","coordinates":[[-87.77705,41.87829],[-87.77705,41.8782]]}},{"type":"Feature","properties":{"street_name":"LYMAN AVE","address_left_from":932,"address_left_to":998,"address_right_from":931,"address_right_to":999},"geometry":{"type":"LineString","coordinates":[[-87.77681,41.87164],[-87.77681,41.87157]]}},{"type":"Feature","properties":{"street_name":"LYMAN AVE","address_left_from":1044,"address_left_to":1098,"address_right_from":1045,"address_right_to":1099},"geometry":{"type":"LineString","coordinates":[[-87.77672,41.86918],[-87.77672,41.86909]]}},{"type":"Feature","properties":{"street_name":"LYMAN AVE","address_left_from":1100,"address_left_to":1148,"address_right_from":1101,"address_right_to":1149},"geometry":{"type":"LineString","coordinates":[[-87.77672,41.86909],[-87.77671,41.86888],[-87.77669,41.8681],[-87.77666,41.86744],[-87.77666,41.86726]]}},{"type":"Feature","properties":{"street_name":"LYMAN AVE","address_left_from":900,"address_left_to":910,"address_right_from":901,"address_right_to":911},"geometry":{"type":"LineString","coordinates":[[-87.77685,41.87275],[-87.77684,41.87252],[-87.77683,41.87229]]}},{"type":"Feature","properties":{"street_name":"LYMAN AVE","address_left_from":1150,"address_left_to":1186,"address_right_from":1151,"address_right_to":1187},"geometry":{"type":"LineString","coordinates":[[-87.77666,41.86726],[-87.77665,41.86702],[-87.77663,41.8666],[-87.77661,41.86589]]}},{"type":"Feature","properties":{"street_name":"LYMAN AVE","address_left_from":600,"address_left_to":648,"address_right_from":601,"address_right_to":647},"geometry":{"type":"LineString","coordinates":[[-87.77705,41.8782],[-87.77704,41.87801],[-87.77699,41.87655],[-87.77698,41.87643]]}},{"type":"Feature","properties":{"street_name":"LYMAN AVE","address_left_from":650,"address_left_to":698,"address_right_from":649,"address_right_to":699},"geometry":{"type":"LineString","coordinates":[[-87.77698,41.87643],[-87.77698,41.87637]]}},{"type":"Feature","properties":{"street_name":"LYMAN AVE","address_left_from":848,"address_left_to":898,"address_right_from":851,"address_right_to":899},"geometry":{"type":"LineString","coordinates":[[-87.77685,41.87283],[-87.77685,41.87275]]}},{"type":"Feature","properties":{"street_name":"LYMAN AVE","address_left_from":1188,"address_left_to":1198,"address_right_from":1189,"address_right_to":1199},"geometry":{"type":"LineString","coordinates":[[-87.77661,41.86589],[-87.7766,41.86565],[-87.77659,41.86543]]}},{"type":"Feature","properties":{"street_name":"LYMAN AVE","address_left_from":500,"address_left_to":546,"address_right_from":501,"address_right_to":547},"geometry":{"type":"LineString","coordinates":[[-87.77711,41.88005],[-87.77706,41.87852],[-87.77705,41.87829]]}},{"type":"Feature","properties":{"street_name":"LYMAN AVE","address_left_from":800,"address_left_to":846,"address_right_from":801,"address_right_to":849},"geometry":{"type":"LineString","coordinates":[[-87.77692,41.87457],[-87.77691,41.87432],[-87.77687,41.87318],[-87.77685,41.87283]]}},{"type":"Feature","properties":{"street_name":"LYMAN AVE","address_left_from":912,"address_left_to":930,"address_right_from":913,"address_right_to":929},"geometry":{"type":"LineString","coordinates":[[-87.77683,41.87229],[-87.77681,41.87164]]}},{"type":"Feature","properties":{"street_name":"LYMAN AVE","address_left_from":1000,"address_left_to":1012,"address_right_from":1001,"address_right_to":1013},"geometry":{"type":"LineString","coordinates":[[-87.77677,41.87058],[-87.77676,41.87016]]}},{"type":"Feature","properties":{"street_name":"LYMAN AVE","address_left_from":1014,"address_left_to":1042,"address_right_from":1015,"address_right_to":1043},"geometry":{"type":"LineString","coordinates":[[-87.77676,41.87016],[-87.77674,41.86972],[-87.77673,41.86936],[-87.77672,41.86918]]}},{"type":"Feature","properties":{"street_name":"LYMAN AVE","address_left_from":700,"address_left_to":798,"address_right_from":701,"address_right_to":799},"geometry":{"type":"LineString","coordinates":[[-87.77698,41.87637],[-87.77697,41.87614],[-87.77693,41.87473],[-87.77692,41.87457]]}},{"type":"Feature","properties":{"street_name":"DIVISION ST","address_left_from":713,"address_left_to":721,"address_right_from":712,"address_right_to":720},"geometry":{"type":"LineString","coordinates":[[-87.79243,41.90175],[-87.79281,41.90174],[-87.79304,41.90174]]}},{"type":"Feature","properties":{"street_name":"DIVISION ST","address_left_from":291,"address_left_to":299,"address_right_from":290,"address_right_to":298},"geometry":{"type":"LineString","coordinates":[[-87.7834,41.90189],[-87.78356,41.90189],[-87.78389,41.90189]]}},{"type":"Feature","properties":{"street_name":"DIVISION ST","address_left_from":897,"address_left_to":899,"address_right_from":896,"address_right_to":898},"geometry":{"type":"LineString","coordinates":[[-87.79778,41.90166],[-87.7979,41.90165]]}},{"type":"Feature","properties":{"street_name":"DIVISION ST","address_left_from":69,"address_left_to":99,"address_right_from":68,"address_right_to":98},"geometry":{"type":"LineString","coordinates":[[-87.7772,41.90198],[-87.77737,41.90198],[-87.7778,41.90197]]}},{"type":"Feature","properties":{"street_name":"DIVISION ST","address_left_from":167,"address_left_to":199,"address_right_from":166,"address_right_to":198},"geometry":{"type":"LineString","coordinates":[[-87.77964,41.90195],[-87.77972,41.90195],[-87.78024,41.90194]]}},{"type":"Feature","properties":{"street_name":"DIVISION ST","address_left_from":917,"address_left_to":929,"address_right_from":916,"address_right_to":928},"geometry":{"type":"LineString","coordinates":[[-87.79863,41.90164],[-87.79916,41.90163],[-87.79938,41.90163]]}},{"type":"Feature","properties":{"street_name":"DIVISION ST","address_left_from":901,"address_left_to":903,"address_right_from":900,"address_right_to":902},"geometry":{"type":"LineString","coordinates":[[-87.7979,41.90165],[-87.79803,41.90165]]}},{"type":"Feature","properties":{"street_name":"DIVISION ST","address_left_from":117,"address_left_to":129,"address_right_from":116,"address_right_to":128},"geometry":{"type":"LineString","coordinates":[[-87.77842,41.90196],[-87.77859,41.90196],[-87.77903,41.90196]]}},{"type":"Feature","properties":{"street_name":"DIVISION ST","address_left_from":301,"address_left_to":319,"address_right_from":300,"address_right_to":318},"geometry":{"type":"LineString","coordinates":[[-87.78389,41.90189],[-87.78401,41.90189],[-87.7842,41.90189]]}},{"type":"Feature","properties":{"street_name":"DIVISION ST","address_left_from":601,"address_left_to":613,"address_right_from":600,"address_right_to":612},"geometry":{"type":"LineString","coordinates":[[-87.79,41.90179],[-87.79034,41.90178],[-87.79061,41.90178]]}},{"type":"Feature","properties":{"street_name":"DIVISION ST","address_left_from":351,"address_left_to":399,"address_right_from":350,"address_right_to":398},"geometry":{"type":"LineString","coordinates":[[-87.78449,41.90189],[-87.78462,41.90189],[-87.78488,41.90188]]}},{"type":"Feature","properties":{"street_name":"DIVISION ST","address_left_from":763,"address_left_to":799,"address_right_from":762,"address_right_to":798},"geometry":{"type":"LineString","coordinates":[[-87.79426,41.90172],[-87.79451,41.90171],[-87.79486,41.9017]]}},{"type":"Feature","properties":{"street_name":"DIVISION ST","address_left_from":723,"address_left_to":761,"address_right_from":722,"address_right_to":760},"geometry":{"type":"LineString","coordinates":[[-87.79365,41.90172],[-87.79399,41.90172],[-87.79426,41.90172]]}},{"type":"Feature","properties":{"street_name":"DIVISION ST","address_left_from":101,"address_left_to":115,"address_right_from":100,"address_right_to":114},"geometry":{"type":"LineString","coordinates":[[-87.7778,41.90197],[-87.77798,41.90197],[-87.77842,41.90196]]}},{"type":"Feature","properties":{"street_name":"DIVISION ST","address_left_from":21,"address_left_to":39,"address_right_from":20,"address_right_to":38},"geometry":{"type":"LineString","coordinates":[[-87.77598,41.902],[-87.77634,41.90199],[-87.77659,41.90199]]}},{"type":"Feature","properties":{"street_name":"DIVISION ST","address_left_from":271,"address_left_to":279,"address_right_from":270,"address_right_to":278},"geometry":{"type":"LineString","coordinates":[[-87.78268,41.9019],[-87.78291,41.9019],[-87.78328,41.9019]]}},{"type":"Feature","properties":{"street_name":"DIVISION ST","address_left_from":501,"address_left_to":551,"address_right_from":500,"address_right_to":550},"geometry":{"type":"LineString","coordinates":[[-87.78837,41.90182],[-87.78878,41.90181],[-87.78919,41.9018]]}},{"type":"Feature","properties":{"street_name":"DIVISION ST","address_left_from":841,"address_left_to":865,"address_right_from":840,"address_right_to":864},"geometry":{"type":"LineString","coordinates":[[-87.79636,41.90168],[-87.79674,41.90167],[-87.79711,41.90167]]}},{"type":"Feature","properties":{"street_name":"DIVISION ST","address_left_from":1049,"address_left_to":1099,"address_right_from":1042,"address_right_to":1098},"geometry":{"type":"LineString","coordinates":[[-87.80323,41.90156],[-87.80372,41.90156],[-87.80399,41.90155]]}},{"type":"Feature","properties":{"street_name":"DIVISION ST","address_left_from":251,"address_left_to":259,"address_right_from":250,"address_right_to":258},"geometry":{"type":"LineString","coordinates":[[-87.78146,41.90192],[-87.78165,41.90192],[-87.78207,41.90191]]}},{"type":"Feature","properties":{"street_name":"DIVISION ST","address_left_from":701,"address_left_to":711,"address_right_from":700,"address_right_to":710},"geometry":{"type":"LineString","coordinates":[[-87.79304,41.90174],[-87.79333,41.90173],[-87.79365,41.90172]]}},{"type":"Feature","properties":{"street_name":"DIVISION ST","address_left_from":665,"address_left_to":699,"address_right_from":664,"address_right_to":698},"geometry":{"type":"LineString","coordinates":[[-87.79182,41.90176],[-87.79209,41.90175],[-87.79243,41.90175]]}},{"type":"Feature","properties":{"street_name":"DIVISION ST","address_left_from":553,"address_left_to":599,"address_right_from":552,"address_right_to":598},"geometry":{"type":"LineString","coordinates":[[-87.78919,41.9018],[-87.78979,41.90179],[-87.79,41.90179]]}},{"type":"Feature","properties":{"street_name":"DIVISION ST","address_left_from":801,"address_left_to":819,"address_right_from":800,"address_right_to":818},"geometry":{"type":"LineString","coordinates":[[-87.79486,41.9017],[-87.79533,41.9017],[-87.79562,41.90169]]}},{"type":"Feature","properties":{"street_name":"PAULINA ST","address_left_from":1101,"address_left_to":1199,"address_right_from":1100,"address_right_to":1198},"geometry":{"type":"LineString","coordinates":[[-87.80329,41.89535],[-87.80435,41.89534],[-87.80529,41.89532]]}},{"type":"Feature","properties":{"street_name":"HIGHLAND AVE","address_left_from":920,"address_left_to":998,"address_right_from":923,"address_right_to":999},"geometry":{"type":"LineString","coordinates":[[-87.78173,41.87195],[-87.78173,41.87193]]}},{"type":"Feature","properties":{"street_name":"HIGHLAND AVE","address_left_from":1050,"address_left_to":1098,"address_right_from":1051,"address_right_to":1099},"geometry":{"type":"LineString","coordinates":[[-87.78163,41.86911],[-87.78163,41.86902]]}},{"type":"Feature","properties":{"street_name":"HIGHLAND AVE","address_left_from":600,"address_left_to":650,"address_right_from":601,"address_right_to":647},"geometry":{"type":"LineString","coordinates":[[-87.78195,41.87812],[-87.78194,41.87792],[-87.78192,41.87729],[-87.78189,41.87651],[-87.78188,41.87641]]}},{"type":"Feature","properties":{"street_name":"HIGHLAND AVE","address_left_from":700,"address_left_to":798,"address_right_from":701,"address_right_to":799},"geometry":{"type":"LineString","coordinates":[[-87.78188,41.87632],[-87.78187,41.87605],[-87.78185,41.87542],[-87.78183,41.87483],[-87.78182,41.8745]]}},{"type":"Feature","properties":{"street_name":"HIGHLAND AVE","address_left_from":550,"address_left_to":598,"address_right_from":549,"address_right_to":599},"geometry":{"type":"LineString","coordinates":[[-87.78195,41.87821],[-87.78195,41.87812]]}},{"type":"Feature","properties":{"street_name":"HIGHLAND AVE","address_left_from":652,"address_left_to":698,"address_right_from":649,"address_right_to":699},"geometry":{"type":"LineString","coordinates":[[-87.78188,41.87641],[-87.78188,41.87632]]}},{"type":"Feature","properties":{"street_name":"HIGHLAND AVE","address_left_from":848,"address_left_to":898,"address_right_from":849,"address_right_to":899},"geometry":{"type":"LineString","coordinates":[[-87.78176,41.87276],[-87.78176,41.87267]]}},{"type":"Feature","properties":{"street_name":"HIGHLAND AVE","address_left_from":500,"address_left_to":508,"address_right_from":501,"address_right_to":509},"geometry":{"type":"LineString","coordinates":[[-87.78201,41.87997],[-87.78199,41.87948]]}},{"type":"Feature","properties":{"street_name":"HIGHLAND AVE","address_left_from":910,"address_left_to":918,"address_right_from":911,"address_right_to":921},"geometry":{"type":"LineString","coordinates":[[-87.78174,41.87221],[-87.78174,41.87219],[-87.78173,41.87195]]}},{"type":"Feature","properties":{"street_name":"HIGHLAND AVE","address_left_from":510,"address_left_to":548,"address_right_from":511,"address_right_to":547},"geometry":{"type":"LineString","coordinates":[[-87.78199,41.87948],[-87.78198,41.87912],[-87.78196,41.87842],[-87.78195,41.87821]]}},{"type":"Feature","properties":{"street_name":"HIGHLAND AVE","address_left_from":1000,"address_left_to":1048,"address_right_from":1001,"address_right_to":1049},"geometry":{"type":"LineString","coordinates":[[-87.78169,41.87083],[-87.78166,41.86994],[-87.78164,41.86943],[-87.78163,41.86911]]}},{"type":"Feature","properties":{"street_name":"HIGHLAND AVE","address_left_from":1186,"address_left_to":1198,"address_right_from":1187,"address_right_to":1199},"geometry":{"type":"LineString","coordinates":[[-87.78152,41.86581],[-87.78151,41.86537]]}},{"type":"Feature","properties":{"street_name":"HIGHLAND AVE","address_left_from":1100,"address_left_to":1148,"address_right_from":1101,"address_right_to":1149},"geometry":{"type":"LineString","coordinates":[[-87.78163,41.86902],[-87.78162,41.86876],[-87.7816,41.86819],[-87.78158,41.86737],[-87.78157,41.86719]]}},{"type":"Feature","properties":{"street_name":"HIGHLAND AVE","address_left_from":800,"address_left_to":846,"address_right_from":801,"address_right_to":847},"geometry":{"type":"LineString","coordinates":[[-87.78182,41.8745],[-87.78181,41.87419],[-87.78177,41.87294],[-87.78176,41.87276]]}},{"type":"Feature","properties":{"street_name":"HIGHLAND AVE","address_left_from":900,"address_left_to":908,"address_right_from":901,"address_right_to":909},"geometry":{"type":"LineString","coordinates":[[-87.78176,41.87267],[-87.78175,41.87248],[-87.78174,41.87221]]}},{"type":"Feature","properties":{"street_name":"HIGHLAND AVE","address_left_from":1150,"address_left_to":1184,"address_right_from":1151,"address_right_to":1185},"geometry":{"type":"LineString","coordinates":[[-87.78157,41.86719],[-87.78156,41.86684],[-87.78153,41.86595],[-87.78152,41.86581]]}},{"type":"Feature","properties":{"street_name":"GREENFIELD ST","address_left_from":1,"address_left_to":9,"address_right_from":2,"address_right_to":8},"geometry":{"type":"LineString","coordinates":[[-87.77549,41.90588],[-87.7755,41.90588],[-87.77611,41.90588]]}},{"type":"Feature","properties":{"street_name":"GREENFIELD ST","address_left_from":1017,"address_left_to":1029,"address_right_from":1016,"address_right_to":1028},"geometry":{"type":"LineString","coordinates":[[-87.80183,41.90526],[-87.80221,41.90525],[-87.80259,41.90525]]}},{"type":"Feature","properties":{"street_name":"GREENFIELD ST","address_left_from":45,"address_left_to":79,"address_right_from":44,"address_right_to":78},"geometry":{"type":"LineString","coordinates":[[-87.77745,41.90587],[-87.77781,41.90586],[-87.77794,41.90586]]}},{"type":"Feature","properties":{"street_name":"GREENFIELD ST","address_left_from":435,"address_left_to":447,"address_right_from":432,"address_right_to":448},"geometry":{"type":"LineString","coordinates":[[-87.78529,41.9057],[-87.78569,41.9057],[-87.78594,41.90569]]}},{"type":"Feature","properties":{"street_name":"GREENFIELD ST","address_left_from":895,"address_left_to":899,"address_right_from":894,"address_right_to":898},"geometry":{"type":"LineString","coordinates":[[-87.79789,41.90532],[-87.79813,41.90532]]}},{"type":"Feature","properties":{"street_name":"GREENFIELD ST","address_left_from":413,"address_left_to":417,"address_right_from":410,"address_right_to":412},"geometry":{"type":"LineString","coordinates":[[-87.78454,41.90571],[-87.78463,41.90571]]}},{"type":"Feature","properties":{"street_name":"GREENFIELD ST","address_left_from":901,"address_left_to":915,"address_right_from":900,"address_right_to":914},"geometry":{"type":"LineString","coordinates":[[-87.79813,41.90532],[-87.79842,41.90531],[-87.7988,41.9053]]}},{"type":"Feature","properties":{"street_name":"GREENFIELD ST","address_left_from":601,"address_left_to":611,"address_right_from":600,"address_right_to":610},"geometry":{"type":"LineString","coordinates":[[-87.79011,41.90564],[-87.79035,41.90563],[-87.79072,41.90563]]}},{"type":"Feature","properties":{"street_name":"GREENFIELD ST","address_left_from":111,"address_left_to":115,"address_right_from":110,"address_right_to":114},"geometry":{"type":"LineString","coordinates":[[-87.77854,41.90585],[-87.77876,41.90585]]}},{"type":"Feature","properties":{"street_name":"GREENFIELD ST","address_left_from":181,"address_left_to":199,"address_right_from":180,"address_right_to":198},"geometry":{"type":"LineString","coordinates":[[-87.78006,41.90583],[-87.78038,41.90583]]}},{"type":"Feature","properties":{"street_name":"GREENFIELD ST","address_left_from":101,"address_left_to":109,"address_right_from":100,"address_right_to":108},"geometry":{"type":"LineString","coordinates":[[-87.7781,41.90586],[-87.77839,41.90585],[-87.77854,41.90585]]}},{"type":"Feature","properties":{"street_name":"GREENFIELD ST","address_left_from":231,"address_left_to":239,"address_right_from":230,"address_right_to":238},"geometry":{"type":"LineString","coordinates":[[-87.78137,41.90582],[-87.7816,41.90581]]}},{"type":"Feature","properties":{"street_name":"GREENFIELD ST","address_left_from":567,"address_left_to":599,"address_right_from":566,"address_right_to":598},"geometry":{"type":"LineString","coordinates":[[-87.78938,41.90565],[-87.78967,41.90564],[-87.79011,41.90564]]}},{"type":"Feature","properties":{"street_name":"GREENFIELD ST","address_left_from":15,"address_left_to":29,"address_right_from":14,"address_right_to":28},"geometry":{"type":"LineString","coordinates":[[-87.77615,41.90588],[-87.7765,41.90588],[-87.77675,41.90587]]}},{"type":"Feature","properties":{"street_name":"GREENFIELD ST","address_left_from":701,"address_left_to":715,"address_right_from":700,"address_right_to":714},"geometry":{"type":"LineString","coordinates":[[-87.79254,41.9056],[-87.79277,41.9056],[-87.79314,41.9056]]}},{"type":"Feature","properties":{"street_name":"GREENFIELD ST","address_left_from":81,"address_left_to":99,"address_right_from":80,"address_right_to":98},"geometry":{"type":"LineString","coordinates":[[-87.77794,41.90586],[-87.7781,41.90586]]}},{"type":"Feature","properties":{"street_name":"GREENFIELD ST","address_left_from":613,"address_left_to":619,"address_right_from":612,"address_right_to":618},"geometry":{"type":"LineString","coordinates":[[-87.79072,41.90563],[-87.79093,41.90563],[-87.79133,41.90562]]}},{"type":"Feature","properties":{"street_name":"GREENFIELD ST","address_left_from":621,"address_left_to":661,"address_right_from":620,"address_right_to":660},"geometry":{"type":"LineString","coordinates":[[-87.79133,41.90562],[-87.79152,41.90562],[-87.79193,41.90561]]}},{"type":"Feature","properties":{"street_name":"GREENFIELD ST","address_left_from":463,"address_left_to":499,"address_right_from":470,"address_right_to":498},"geometry":{"type":"LineString","coordinates":[[-87.78659,41.90568],[-87.787,41.90568],[-87.78722,41.90567]]}},{"type":"Feature","properties":{"street_name":"GREENFIELD ST","address_left_from":501,"address_left_to":515,"address_right_from":500,"address_right_to":514},"geometry":{"type":"LineString","coordinates":[[-87.78722,41.90567],[-87.78745,41.90567],[-87.78795,41.90566]]}},{"type":"Feature","properties":{"street_name":"GREENFIELD ST","address_left_from":717,"address_left_to":729,"address_right_from":716,"address_right_to":728},"geometry":{"type":"LineString","coordinates":[[-87.79314,41.9056],[-87.79352,41.90559],[-87.79375,41.90559]]}},{"type":"Feature","properties":{"street_name":"GREENFIELD ST","address_left_from":419,"address_left_to":433,"address_right_from":414,"address_right_to":430},"geometry":{"type":"LineString","coordinates":[[-87.78463,41.90571],[-87.78497,41.9057],[-87.78529,41.9057]]}},{"type":"Feature","properties":{"street_name":"GREENFIELD ST","address_left_from":351,"address_left_to":399,"address_right_from":350,"address_right_to":398},"geometry":{"type":"LineString","coordinates":[[-87.78262,41.9058],[-87.78289,41.9058],[-87.78321,41.9058],[-87.78327,41.9058],[-87.78334,41.90579],[-87.78344,41.90578]]}},{"type":"Feature","properties":{"street_name":"GREENFIELD ST","address_left_from":829,"address_left_to":861,"address_right_from":828,"address_right_to":860},"geometry":{"type":"LineString","coordinates":[[-87.79646,41.90534],[-87.79681,41.90534],[-87.79719,41.90533]]}},{"type":"Feature","properties":{"street_name":"GREENFIELD ST","address_left_from":969,"address_left_to":999,"address_right_from":968,"address_right_to":998},"geometry":{"type":"LineString","coordinates":[[-87.80031,41.90528],[-87.80085,41.90528],[-87.80106,41.90527]]}},{"type":"Feature","properties":{"street_name":"GREENFIELD ST","address_left_from":11,"address_left_to":13,"address_right_from":10,"address_right_to":12},"geometry":{"type":"LineString","coordinates":[[-87.77611,41.90588],[-87.77615,41.90588]]}},{"type":"Feature","properties":{"street_name":"GREENFIELD ST","address_left_from":117,"address_left_to":129,"address_right_from":116,"address_right_to":128},"geometry":{"type":"LineString","coordinates":[[-87.77876,41.90585],[-87.77896,41.90585],[-87.77916,41.90584]]}},{"type":"Feature","properties":{"street_name":"GREENFIELD ST","address_left_from":801,"address_left_to":815,"address_right_from":800,"address_right_to":814},"geometry":{"type":"LineString","coordinates":[[-87.79496,41.90536],[-87.79571,41.90535]]}},{"type":"Feature","properties":{"street_name":"GREENFIELD ST","address_left_from":161,"address_left_to":179,"address_right_from":160,"address_right_to":178},"geometry":{"type":"LineString","coordinates":[[-87.77977,41.90584],[-87.77999,41.90583],[-87.78006,41.90583]]}},{"type":"Feature","properties":{"street_name":"GREENFIELD ST","address_left_from":281,"address_left_to":299,"address_right_from":280,"address_right_to":298},"geometry":{"type":"LineString","coordinates":[[-87.78202,41.90581],[-87.78219,41.90581]]}},{"type":"Feature","properties":{"street_name":"GREENFIELD ST","address_left_from":211,"address_left_to":219,"address_right_from":210,"address_right_to":218},"geometry":{"type":"LineString","coordinates":[[-87.7807,41.90582],[-87.78089,41.90582],[-87.78099,41.90582]]}},{"type":"Feature","properties":{"street_name":"GREENFIELD ST","address_left_from":201,"address_left_to":209,"address_right_from":200,"address_right_to":208},"geometry":{"type":"LineString","coordinates":[[-87.78038,41.90583],[-87.78047,41.90582],[-87.7807,41.90582]]}},{"type":"Feature","properties":{"street_name":"GREENFIELD ST","address_left_from":731,"address_left_to":765,"address_right_from":730,"address_right_to":764},"geometry":{"type":"LineString","coordinates":[[-87.79375,41.90559],[-87.79398,41.90559],[-87.79436,41.90558]]}},{"type":"Feature","properties":{"street_name":"GREENFIELD ST","address_left_from":1101,"address_left_to":1151,"address_right_from":1100,"address_right_to":1150},"geometry":{"type":"LineString","coordinates":[[-87.80412,41.90523],[-87.80449,41.90522],[-87.80488,41.90522]]}},{"type":"Feature","properties":{"street_name":"GREENFIELD ST","address_left_from":663,"address_left_to":699,"address_right_from":662,"address_right_to":698},"geometry":{"type":"LineString","coordinates":[[-87.79193,41.90561],[-87.79226,41.90561],[-87.79254,41.9056]]}},{"type":"Feature","properties":{"street_name":"GREENFIELD ST","address_left_from":917,"address_left_to":929,"address_right_from":916,"address_right_to":928},"geometry":{"type":"LineString","coordinates":[[-87.7988,41.9053],[-87.79924,41.9053],[-87.79949,41.90529]]}},{"type":"Feature","properties":{"street_name":"GREENFIELD ST","address_left_from":131,"address_left_to":139,"address_right_from":130,"address_right_to":138},"geometry":{"type":"LineString","coordinates":[[-87.77916,41.90584],[-87.7794,41.90584]]}},{"type":"Feature","properties":{"street_name":"GREENFIELD ST","address_left_from":767,"address_left_to":799,"address_right_from":766,"address_right_to":798},"geometry":{"type":"LineString","coordinates":[[-87.79436,41.90558],[-87.79496,41.90557]]}},{"type":"Feature","properties":{"street_name":"GREENFIELD ST","address_left_from":449,"address_left_to":461,"address_right_from":450,"address_right_to":468},"geometry":{"type":"LineString","coordinates":[[-87.78594,41.90569],[-87.78627,41.90569],[-87.78659,41.90568]]}},{"type":"Feature","properties":{"street_name":"GREENFIELD ST","address_left_from":301,"address_left_to":349,"address_right_from":300,"address_right_to":348},"geometry":{"type":"LineString","coordinates":[[-87.78219,41.90581],[-87.78253,41.9058],[-87.78262,41.9058]]}},{"type":"Feature","properties":{"street_name":"GREENFIELD ST","address_left_from":529,"address_left_to":565,"address_right_from":528,"address_right_to":564},"geometry":{"type":"LineString","coordinates":[[-87.78866,41.90565],[-87.78883,41.90565],[-87.78938,41.90565]]}},{"type":"Feature","properties":{"street_name":"S EAST AVE","address_left_from":800,"address_left_to":838,"address_right_from":801,"address_right_to":839},"geometry":{"type":"LineString","coordinates":[[-87.78918,41.87437],[-87.78917,41.87415],[-87.78914,41.87331],[-87.78913,41.873]]}},{"type":"Feature","properties":{"street_name":"S EAST AVE","address_left_from":438,"address_left_to":498,"address_right_from":437,"address_right_to":499},"geometry":{"type":"LineString","coordinates":[[-87.78938,41.88037],[-87.78937,41.88017],[-87.78936,41.87985]]}},{"type":"Feature","properties":{"street_name":"S EAST AVE","address_left_from":408,"address_left_to":436,"address_right_from":409,"address_right_to":435},"geometry":{"type":"LineString","coordinates":[[-87.7894,41.88111],[-87.78938,41.88037]]}},{"type":"Feature","properties":{"street_name":"S EAST AVE","address_left_from":600,"address_left_to":648,"address_right_from":601,"address_right_to":647},"geometry":{"type":"LineString","coordinates":[[-87.7893,41.87803],[-87.78929,41.87782],[-87.78927,41.8771],[-87.78924,41.87639],[-87.78924,41.87629]]}},{"type":"Feature","properties":{"street_name":"S EAST AVE","address_left_from":880,"address_left_to":898,"address_right_from":881,"address_right_to":899},"geometry":{"type":"LineString","coordinates":[[-87.7891,41.87208],[-87.78909,41.87192],[-87.78908,41.87165],[-87.78908,41.87161]]}},{"type":"Feature","properties":{"street_name":"S EAST AVE","address_left_from":400,"address_left_to":406,"address_right_from":401,"address_right_to":407},"geometry":{"type":"LineString","coordinates":[[-87.78941,41.88164],[-87.78941,41.88142],[-87.7894,41.88111]]}},{"type":"Feature","properties":{"street_name":"S EAST AVE","address_left_from":2,"address_left_to":98,"address_right_from":1,"address_right_to":99},"geometry":{"type":"LineString","coordinates":[[-87.78956,41.88718],[-87.78956,41.88714],[-87.78956,41.88706],[-87.78956,41.88694]]}},{"type":"Feature","properties":{"street_name":"S EAST AVE","address_left_from":500,"address_left_to":510,"address_right_from":501,"address_right_to":511},"geometry":{"type":"LineString","coordinates":[[-87.78936,41.87985],[-87.78935,41.87965],[-87.78934,41.87932]]}},{"type":"Feature","properties":{"street_name":"S EAST AVE","address_left_from":336,"address_left_to":340,"address_right_from":331,"address_right_to":335},"geometry":{"type":"LineString","coordinates":[[-87.78943,41.88218],[-87.78942,41.88182],[-87.78942,41.88174]]}},{"type":"Feature","properties":{"street_name":"S EAST AVE","address_left_from":1148,"address_left_to":1186,"address_right_from":1149,"address_right_to":1187},"geometry":{"type":"LineString","coordinates":[[-87.78893,41.86707],[-87.78892,41.86676],[-87.78888,41.8657]]}},{"type":"Feature","properties":{"street_name":"S EAST AVE","address_left_from":1100,"address_left_to":1146,"address_right_from":1101,"address_right_to":1147},"geometry":{"type":"LineString","coordinates":[[-87.78899,41.8689],[-87.78898,41.86863],[-87.78896,41.86789],[-87.78894,41.86732],[-87.78893,41.86707]]}},{"type":"Feature","properties":{"street_name":"S EAST AVE","address_left_from":700,"address_left_to":798,"address_right_from":701,"address_right_to":799},"geometry":{"type":"LineString","coordinates":[[-87.78924,41.8762],[-87.78923,41.8759],[-87.7892,41.87496],[-87.7892,41.87493],[-87.78918,41.87455],[-87.78918,41.87437]]}},{"type":"Feature","properties":{"street_name":"S EAST AVE","address_left_from":840,"address_left_to":848,"address_right_from":841,"address_right_to":849},"geometry":{"type":"LineString","coordinates":[[-87.78913,41.873],[-87.78912,41.87271],[-87.78912,41.87256]]}},{"type":"Feature","properties":{"street_name":"S EAST AVE","address_left_from":112,"address_left_to":144,"address_right_from":113,"address_right_to":147},"geometry":{"type":"LineString","coordinates":[[-87.78955,41.88638],[-87.78952,41.88542],[-87.78951,41.88522]]}},{"type":"Feature","properties":{"street_name":"S EAST AVE","address_left_from":200,"address_left_to":246,"address_right_from":201,"address_right_to":247},"geometry":{"type":"LineString","coordinates":[[-87.78951,41.88513],[-87.7895,41.8848],[-87.78948,41.88416],[-87.78947,41.88358],[-87.78946,41.88347]]}},{"type":"Feature","properties":{"street_name":"S EAST AVE","address_left_from":300,"address_left_to":334,"address_right_from":301,"address_right_to":329},"geometry":{"type":"LineString","coordinates":[[-87.78946,41.88335],[-87.78945,41.88314],[-87.78944,41.88256],[-87.78943,41.88218]]}},{"type":"Feature","properties":{"street_name":"S EAST AVE","address_left_from":1188,"address_left_to":1198,"address_right_from":1189,"address_right_to":1199},"geometry":{"type":"LineString","coordinates":[[-87.78888,41.8657],[-87.78888,41.86566],[-87.78886,41.86525]]}},{"type":"Feature","properties":{"street_name":"S EAST AVE","address_left_from":900,"address_left_to":928,"address_right_from":901,"address_right_to":935},"geometry":{"type":"LineString","coordinates":[[-87.78908,41.87161],[-87.78907,41.8712]]}},{"type":"Feature","properties":{"street_name":"WISCONSIN AVE","address_left_from":736,"address_left_to":798,"address_right_from":739,"address_right_to":799},"geometry":{"type":"LineString","coordinates":[[-87.80216,41.87547],[-87.80216,41.87538]]}},{"type":"Feature","properties":{"street_name":"WISCONSIN AVE","address_left_from":1050,"address_left_to":1098,"address_right_from":1051,"address_right_to":1099},"geometry":{"type":"LineString","coordinates":[[-87.80192,41.86876],[-87.80191,41.86867]]}},{"type":"Feature","properties":{"street_name":"WISCONSIN AVE","address_left_from":636,"address_left_to":698,"address_right_from":637,"address_right_to":699},"geometry":{"type":"LineString","coordinates":[[-87.80221,41.87689],[-87.8022,41.8768]]}},{"type":"Feature","properties":{"street_name":"WISCONSIN AVE","address_left_from":846,"address_left_to":898,"address_right_from":845,"address_right_to":899},"geometry":{"type":"LineString","coordinates":[[-87.8021,41.87377],[-87.8021,41.8737]]}},{"type":"Feature","properties":{"street_name":"WISCONSIN AVE","address_left_from":950,"address_left_to":998,"address_right_from":951,"address_right_to":999},"geometry":{"type":"LineString","coordinates":[[-87.80198,41.87059],[-87.80198,41.8705]]}},{"type":"Feature","properties":{"street_name":"WISCONSIN AVE","address_left_from":512,"address_left_to":534,"address_right_from":521,"address_right_to":589},"geometry":{"type":"LineString","coordinates":[[-87.80232,41.87917],[-87.80232,41.87906],[-87.80229,41.87834],[-87.8023,41.87833],[-87.8023,41.87831],[-87.80231,41.8783],[-87.80232,41.87829],[-87.80234,41.87828],[-87.80235,41.87827],[-87.80237,41.87826],[-87.80239,41.87826],[-87.80243,41.87825]]}},{"type":"Feature","properties":{"street_name":"WISCONSIN AVE","address_left_from":454,"address_left_to":498,"address_right_from":455,"address_right_to":499},"geometry":{"type":"LineString","coordinates":[[-87.80232,41.87999],[-87.80232,41.87988],[-87.80232,41.87964]]}},{"type":"Feature","properties":{"street_name":"WISCONSIN AVE","address_left_from":910,"address_left_to":948,"address_right_from":911,"address_right_to":949},"geometry":{"type":"LineString","coordinates":[[-87.80203,41.87186],[-87.80201,41.87121],[-87.80199,41.87069],[-87.80198,41.87059]]}},{"type":"Feature","properties":{"street_name":"WISCONSIN AVE","address_left_from":350,"address_left_to":398,"address_right_from":347,"address_right_to":399},"geometry":{"type":"LineString","coordinates":[[-87.80237,41.88153],[-87.80237,41.88144]]}},{"type":"Feature","properties":{"street_name":"WISCONSIN AVE","address_left_from":800,"address_left_to":844,"address_right_from":801,"address_right_to":843},"geometry":{"type":"LineString","coordinates":[[-87.80216,41.87538],[-87.80215,41.87521],[-87.8021,41.87377]]}},{"type":"Feature","properties":{"street_name":"WISCONSIN AVE","address_left_from":1150,"address_left_to":1188,"address_right_from":1151,"address_right_to":1189},"geometry":{"type":"LineString","coordinates":[[-87.80185,41.86685],[-87.80183,41.86649],[-87.8018,41.86548]]}},{"type":"Feature","properties":{"street_name":"WISCONSIN AVE","address_left_from":1000,"address_left_to":1048,"address_right_from":1001,"address_right_to":1049},"geometry":{"type":"LineString","coordinates":[[-87.80198,41.8705],[-87.80197,41.87018],[-87.80194,41.86931],[-87.80192,41.86887],[-87.80192,41.86876]]}},{"type":"Feature","properties":{"street_name":"WISCONSIN AVE","address_left_from":500,"address_left_to":510,"address_right_from":501,"address_right_to":519},"geometry":{"type":"LineString","coordinates":[[-87.80232,41.87964],[-87.80232,41.87917]]}},{"type":"Feature","properties":{"street_name":"WISCONSIN AVE","address_left_from":536,"address_left_to":598,"address_right_from":591,"address_right_to":599},"geometry":{"type":"LineString","coordinates":[[-87.80243,41.87825],[-87.80232,41.87818],[-87.80226,41.87817]]}},{"type":"Feature","properties":{"street_name":"WISCONSIN AVE","address_left_from":1190,"address_left_to":1198,"address_right_from":1191,"address_right_to":1199},"geometry":{"type":"LineString","coordinates":[[-87.8018,41.86548],[-87.80178,41.86502]]}},{"type":"Feature","properties":{"street_name":"WISCONSIN AVE","address_left_from":1100,"address_left_to":1148,"address_right_from":1101,"address_right_to":1149},"geometry":{"type":"LineString","coordinates":[[-87.80191,41.86867],[-87.8019,41.86833],[-87.80187,41.86734],[-87.80185,41.86685]]}},{"type":"Feature","properties":{"street_name":"WISCONSIN AVE","address_left_from":900,"address_left_to":908,"address_right_from":901,"address_right_to":909},"geometry":{"type":"LineString","coordinates":[[-87.80205,41.87232],[-87.80203,41.87186]]}},{"type":"Feature","properties":{"street_name":"WISCONSIN AVE","address_left_from":700,"address_left_to":734,"address_right_from":701,"address_right_to":737},"geometry":{"type":"LineString","coordinates":[[-87.8022,41.8768],[-87.8022,41.87653],[-87.80217,41.87568],[-87.80216,41.87547]]}},{"type":"Feature","properties":{"street_name":"WISCONSIN AVE","address_left_from":436,"address_left_to":452,"address_right_from":437,"address_right_to":453},"geometry":{"type":"LineString","coordinates":[[-87.80232,41.88009],[-87.80232,41.87999]]}},{"type":"Feature","properties":{"street_name":"WISCONSIN AVE","address_left_from":600,"address_left_to":634,"address_right_from":601,"address_right_to":635},"geometry":{"type":"LineString","coordinates":[[-87.80226,41.87817],[-87.80224,41.87788],[-87.80222,41.87713],[-87.80221,41.87689]]}},{"type":"Feature","properties":{"street_name":"WISCONSIN AVE","address_left_from":300,"address_left_to":348,"address_right_from":301,"address_right_to":345},"geometry":{"type":"LineString","coordinates":[[-87.80244,41.88326],[-87.80243,41.88307],[-87.8024,41.8824],[-87.80238,41.88173],[-87.80237,41.88153]]}},{"type":"Feature","properties":{"street_name":"WISCONSIN AVE","address_left_from":400,"address_left_to":434,"address_right_from":401,"address_right_to":435},"geometry":{"type":"LineString","coordinates":[[-87.80237,41.88144],[-87.80237,41.88119],[-87.80234,41.88047],[-87.80232,41.88009]]}},{"type":"Feature","properties":{"street_name":"GUNDERSON AVE","address_left_from":900,"address_left_to":932,"address_right_from":901,"address_right_to":931},"geometry":{"type":"LineString","coordinates":[[-87.78662,41.87141],[-87.78662,41.87128]]}},{"type":"Feature","properties":{"street_name":"GUNDERSON AVE","address_left_from":950,"address_left_to":998,"address_right_from":949,"address_right_to":999},"geometry":{"type":"LineString","coordinates":[[-87.7866,41.87078],[-87.7866,41.87067]]}},{"type":"Feature","properties":{"street_name":"GUNDERSON AVE","address_left_from":1050,"address_left_to":1098,"address_right_from":1051,"address_right_to":1099},"geometry":{"type":"LineString","coordinates":[[-87.78654,41.86903],[-87.78654,41.86894]]}},{"type":"Feature","properties":{"street_name":"GUNDERSON AVE","address_left_from":546,"address_left_to":598,"address_right_from":549,"address_right_to":599},"geometry":{"type":"LineString","coordinates":[[-87.78687,41.87816],[-87.78686,41.87807]]}},{"type":"Feature","properties":{"street_name":"GUNDERSON AVE","address_left_from":648,"address_left_to":698,"address_right_from":645,"address_right_to":699},"geometry":{"type":"LineString","coordinates":[[-87.78681,41.87633],[-87.7868,41.87624]]}},{"type":"Feature","properties":{"street_name":"GUNDERSON AVE","address_left_from":934,"address_left_to":948,"address_right_from":933,"address_right_to":947},"geometry":{"type":"LineString","coordinates":[[-87.78662,41.87128],[-87.7866,41.87081],[-87.7866,41.87078]]}},{"type":"Feature","properties":{"street_name":"GUNDERSON AVE","address_left_from":850,"address_left_to":898,"address_right_from":849,"address_right_to":899},"geometry":{"type":"LineString","coordinates":[[-87.78668,41.87269],[-87.78668,41.87259]]}},{"type":"Feature","properties":{"street_name":"GUNDERSON AVE","address_left_from":1100,"address_left_to":1148,"address_right_from":1101,"address_right_to":1149},"geometry":{"type":"LineString","coordinates":[[-87.78654,41.86894],[-87.78653,41.86857],[-87.78651,41.86802],[-87.78648,41.86723],[-87.78648,41.86711]]}},{"type":"Feature","properties":{"street_name":"GUNDERSON AVE","address_left_from":700,"address_left_to":798,"address_right_from":701,"address_right_to":799},"geometry":{"type":"LineString","coordinates":[[-87.7868,41.87624],[-87.7868,41.87604],[-87.78677,41.87529],[-87.78675,41.87462],[-87.78674,41.87442]]}},{"type":"Feature","properties":{"street_name":"GUNDERSON AVE","address_left_from":500,"address_left_to":508,"address_right_from":501,"address_right_to":509},"geometry":{"type":"LineString","coordinates":[[-87.78693,41.87989],[-87.78691,41.87937]]}},{"type":"Feature","properties":{"street_name":"GUNDERSON AVE","address_left_from":510,"address_left_to":544,"address_right_from":511,"address_right_to":547},"geometry":{"type":"LineString","coordinates":[[-87.78691,41.87937],[-87.7869,41.87916],[-87.78689,41.87881],[-87.78687,41.87826],[-87.78687,41.87816]]}},{"type":"Feature","properties":{"street_name":"GUNDERSON AVE","address_left_from":600,"address_left_to":646,"address_right_from":601,"address_right_to":643},"geometry":{"type":"LineString","coordinates":[[-87.78686,41.87807],[-87.78686,41.87787],[-87.78684,41.87737],[-87.78682,41.87667],[-87.78681,41.87633]]}},{"type":"Feature","properties":{"street_name":"GUNDERSON AVE","address_left_from":840,"address_left_to":848,"address_right_from":841,"address_right_to":847},"geometry":{"type":"LineString","coordinates":[[-87.7867,41.87305],[-87.78668,41.87269]]}},{"type":"Feature","properties":{"street_name":"GUNDERSON AVE","address_left_from":1150,"address_left_to":1186,"address_right_from":1151,"address_right_to":1187},"geometry":{"type":"LineString","coordinates":[[-87.78648,41.86711],[-87.78647,41.86692],[-87.78645,41.86633],[-87.78643,41.86574]]}},{"type":"Feature","properties":{"street_name":"GUNDERSON AVE","address_left_from":1000,"address_left_to":1048,"address_right_from":1001,"address_right_to":1049},"geometry":{"type":"LineString","coordinates":[[-87.7866,41.87067],[-87.78658,41.87008],[-87.78655,41.86916],[-87.78654,41.86903]]}},{"type":"Feature","properties":{"street_name":"GUNDERSON AVE","address_left_from":800,"address_left_to":838,"address_right_from":801,"address_right_to":839},"geometry":{"type":"LineString","coordinates":[[-87.78674,41.87442],[-87.78673,41.87422],[-87.78672,41.87385],[-87.78671,41.8734],[-87.7867,41.8731],[-87.7867,41.87305]]}},{"type":"Feature","properties":{"street_name":"PLEASANT PL","address_left_from":1013,"address_left_to":1023,"address_right_from":1012,"address_right_to":1022},"geometry":{"type":"LineString","coordinates":[[-87.8017,41.88427],[-87.80168,41.8839],[-87.80169,41.88378]]}},{"type":"Feature","properties":{"street_name":"PLEASANT PL","address_left_from":1001,"address_left_to":1011,"address_right_from":1000,"address_right_to":1010},"geometry":{"type":"LineString","coordinates":[[-87.80169,41.88378],[-87.80139,41.88378],[-87.80107,41.88379]]}},{"type":"Feature","properties":{"street_name":"PLEASANT PL","address_left_from":1025,"address_left_to":1099,"address_right_from":1024,"address_right_to":1098},"geometry":{"type":"LineString","coordinates":[[-87.8017,41.88427],[-87.80188,41.88427],[-87.80247,41.88426]]}},{"type":"Feature","properties":{"street_name":"N KENILWORTH AVE","address_left_from":1,"address_left_to":99,"address_right_from":2,"address_right_to":98},"geometry":{"type":"LineString","coordinates":[[-87.79713,41.88705],[-87.79713,41.88711],[-87.79713,41.88717],[-87.79713,41.88723]]}},{"type":"Feature","properties":{"street_name":"N KENILWORTH AVE","address_left_from":749,"address_left_to":799,"address_right_from":748,"address_right_to":798},"geometry":{"type":"LineString","coordinates":[[-87.79784,41.89975],[-87.79784,41.89983]]}},{"type":"Feature","properties":{"street_name":"N KENILWORTH AVE","address_left_from":851,"address_left_to":899,"address_right_from":850,"address_right_to":898},"geometry":{"type":"LineString","coordinates":[[-87.7979,41.90157],[-87.7979,41.90165]]}},{"type":"Feature","properties":{"street_name":"N KENILWORTH AVE","address_left_from":547,"address_left_to":595,"address_right_from":546,"address_right_to":592},"geometry":{"type":"LineString","coordinates":[[-87.79772,41.89601],[-87.79772,41.89608]]}},{"type":"Feature","properties":{"street_name":"N KENILWORTH AVE","address_left_from":301,"address_left_to":323,"address_right_from":322,"address_right_to":344},"geometry":{"type":"LineString","coordinates":[[-87.7976,41.892],[-87.79762,41.89242],[-87.79763,41.89287]]}},{"type":"Feature","properties":{"street_name":"N KENILWORTH AVE","address_left_from":441,"address_left_to":499,"address_right_from":440,"address_right_to":498},"geometry":{"type":"LineString","coordinates":[[-87.79767,41.89425],[-87.79767,41.89436]]}},{"type":"Feature","properties":{"street_name":"BALDWIN LN","address_left_from":1035,"address_left_to":1099,"address_right_from":1036,"address_right_to":1098},"geometry":{"type":"LineString","coordinates":[[-87.80147,41.88026],[-87.80152,41.88025]]}},{"type":"Feature","properties":{"street_name":"BALDWIN LN","address_left_from":1001,"address_left_to":1033,"address_right_from":1000,"address_right_to":1034},"geometry":{"type":"LineString","coordinates":[[-87.80071,41.88027],[-87.80111,41.88026],[-87.80147,41.88026]]}},{"type":"Feature","properties":{"street_name":"I290 EXPY E","address_left_from":-1,"address_left_to":-1,"address_right_from":-1,"address_right_to":-1},"geometry":{"type":"LineString","coordinates":[[-87.78077,41.87139],[-87.78032,41.87135],[-87.77934,41.87127],[-87.77925,41.87127]]}},{"type":"Feature","properties":{"street_name":"FOREST AVE","address_left_from":1,"address_left_to":89,"address_right_from":2,"address_right_to":88},"geometry":{"type":"LineString","coordinates":[[-87.80043,41.887],[-87.8005,41.88706],[-87.80051,41.88707],[-87.80056,41.88712],[-87.80062,41.88717]]}},{"type":"Feature","properties":{"street_name":"N RIDGELAND AVE","address_left_from":183,"address_left_to":199,"address_right_from":182,"address_right_to":198},"geometry":{"type":"LineString","coordinates":[[-87.78475,41.89027],[-87.78476,41.89036]]}},{"type":"Feature","properties":{"street_name":"N GROVE AVE","address_left_from":951,"address_left_to":999,"address_right_from":950,"address_right_to":998},"geometry":{"type":"LineString","coordinates":[[-87.79641,41.90342],[-87.79641,41.90351]]}},{"type":"Feature","properties":{"street_name":"N RIDGELAND AVE","address_left_from":551,"address_left_to":599,"address_right_from":550,"address_right_to":598},"geometry":{"type":"LineString","coordinates":[[-87.78494,41.89631],[-87.78494,41.8964]]}},{"type":"Feature","properties":{"street_name":"N GROVE AVE","address_left_from":439,"address_left_to":499,"address_right_from":440,"address_right_to":498},"geometry":{"type":"LineString","coordinates":[[-87.79617,41.89427],[-87.79617,41.89438]]}},{"type":"Feature","properties":{"street_name":"N GROVE AVE","address_left_from":347,"address_left_to":401,"address_right_from":348,"address_right_to":400},"geometry":{"type":"LineString","coordinates":[[-87.79614,41.89297],[-87.79614,41.89307]]}},{"type":"Feature","properties":{"street_name":"I290 EXPY E","address_left_from":-1,"address_left_to":-1,"address_right_from":-1,"address_right_to":-1},"geometry":{"type":"LineString","coordinates":[[-87.794,41.87248],[-87.7939,41.87247],[-87.79335,41.87243],[-87.79291,41.87239],[-87.79205,41.87232],[-87.7916,41.87228],[-87.79072,41.87221],[-87.78952,41.87211],[-87.7892,41.87209],[-87.7891,41.87208]]}},{"type":"Feature","properties":{"street_name":"I290 EXPY E","address_left_from":-1,"address_left_to":-1,"address_right_from":-1,"address_right_to":-1},"geometry":{"type":"LineString","coordinates":[[-87.79914,41.873],[-87.79843,41.87293],[-87.79671,41.87274],[-87.79486,41.87256],[-87.7944,41.87252],[-87.79411,41.87249],[-87.794,41.87248]]}},{"type":"Feature","properties":{"street_name":"I290 EXPY E","address_left_from":-1,"address_left_to":-1,"address_right_from":-1,"address_right_to":-1},"geometry":{"type":"LineString","coordinates":[[-87.78418,41.87167],[-87.78407,41.87166],[-87.78313,41.87158],[-87.78281,41.87156]]}},{"type":"Feature","properties":{"street_name":"I290 EXPY E","address_left_from":-1,"address_left_to":-1,"address_right_from":-1,"address_right_to":-1},"geometry":{"type":"LineString","coordinates":[[-87.80025,41.87309],[-87.79939,41.87302],[-87.7992,41.873],[-87.79915,41.873],[-87.79914,41.873]]}},{"type":"Feature","properties":{"street_name":"LE MOYNE PKWY","address_left_from":-1,"address_left_to":-1,"address_right_from":156,"address_right_to":198},"geometry":{"type":"LineString","coordinates":[[-87.78065,41.90748],[-87.78077,41.90748]]}},{"type":"Feature","properties":{"street_name":"LE MOYNE PKWY","address_left_from":55,"address_left_to":99,"address_right_from":-1,"address_right_to":-1},"geometry":{"type":"LineString","coordinates":[[-87.77804,41.90739],[-87.77815,41.90739]]}},{"type":"Feature","properties":{"street_name":"LE MOYNE PKWY","address_left_from":155,"address_left_to":199,"address_right_from":-1,"address_right_to":-1},"geometry":{"type":"LineString","coordinates":[[-87.78064,41.90736],[-87.78076,41.90736]]}},{"type":"Feature","properties":{"street_name":"N GROVE AVE","address_left_from":1151,"address_left_to":1199,"address_right_from":1150,"address_right_to":1198},"geometry":{"type":"LineString","coordinates":[[-87.7965,41.90708],[-87.79651,41.90717]]}},{"type":"Feature","properties":{"street_name":"BELLEFORTE AVE","address_left_from":951,"address_left_to":999,"address_right_from":950,"address_right_to":998},"geometry":{"type":"LineString","coordinates":[[-87.80253,41.90333],[-87.80253,41.90341]]}},{"type":"Feature","properties":{"street_name":"N GROVE AVE","address_left_from":549,"address_left_to":599,"address_right_from":548,"address_right_to":598},"geometry":{"type":"LineString","coordinates":[[-87.79622,41.8961],[-87.79623,41.89619]]}},{"type":"Feature","properties":{"street_name":"N GROVE AVE","address_left_from":749,"address_left_to":799,"address_right_from":748,"address_right_to":798},"geometry":{"type":"LineString","coordinates":[[-87.79631,41.89977],[-87.79632,41.89986]]}},{"type":"Feature","properties":{"street_name":"N RIDGELAND AVE","address_left_from":855,"address_left_to":899,"address_right_from":852,"address_right_to":898},"geometry":{"type":"LineString","coordinates":[[-87.78491,41.90179],[-87.78488,41.90188]]}},{"type":"Feature","properties":{"street_name":"N GROVE AVE","address_left_from":101,"address_left_to":167,"address_right_from":100,"address_right_to":166},"geometry":{"type":"LineString","coordinates":[[-87.79606,41.88955],[-87.79606,41.88966]]}},{"type":"Feature","properties":{"street_name":"S OAK PARK AVE","address_left_from":968,"address_left_to":998,"address_right_from":949,"address_right_to":999},"geometry":{"type":"LineString","coordinates":[[-87.79395,41.87073],[-87.79394,41.87064]]}},{"type":"Feature","properties":{"street_name":"N GROVE AVE","address_left_from":1051,"address_left_to":1099,"address_right_from":1050,"address_right_to":1098},"geometry":{"type":"LineString","coordinates":[[-87.79645,41.90525],[-87.79646,41.90534]]}},{"type":"Feature","properties":{"street_name":"BELLEFORTE AVE","address_left_from":1051,"address_left_to":1099,"address_right_from":1050,"address_right_to":1098},"geometry":{"type":"LineString","coordinates":[[-87.80259,41.90517],[-87.80259,41.90525]]}},{"type":"Feature","properties":{"street_name":"N RIDGELAND AVE","address_left_from":1145,"address_left_to":1199,"address_right_from":1142,"address_right_to":1198},"geometry":{"type":"LineString","coordinates":[[-87.78331,41.90725],[-87.78331,41.90734]]}},{"type":"Feature","properties":{"street_name":"BELLEFORTE AVE","address_left_from":751,"address_left_to":799,"address_right_from":748,"address_right_to":798},"geometry":{"type":"LineString","coordinates":[[-87.80241,41.89966],[-87.80241,41.89975]]}},{"type":"Feature","properties":{"street_name":"N RIDGELAND AVE","address_left_from":953,"address_left_to":999,"address_right_from":952,"address_right_to":998},"geometry":{"type":"LineString","coordinates":[[-87.78421,41.90371],[-87.78421,41.90372],[-87.78418,41.9038]]}},{"type":"Feature","properties":{"street_name":"BELLEFORTE AVE","address_left_from":553,"address_left_to":599,"address_right_from":550,"address_right_to":598},"geometry":{"type":"LineString","coordinates":[[-87.80199,41.89608],[-87.80199,41.89618]]}},{"type":"Feature","properties":{"street_name":"N GROVE AVE","address_left_from":403,"address_left_to":437,"address_right_from":402,"address_right_to":438},"geometry":{"type":"LineString","coordinates":[[-87.79614,41.89307],[-87.79616,41.89373],[-87.79617,41.89418],[-87.79617,41.89427]]}},{"type":"Feature","properties":{"street_name":"N RIDGELAND AVE","address_left_from":233,"address_left_to":299,"address_right_from":236,"address_right_to":298},"geometry":{"type":"LineString","coordinates":[[-87.78479,41.89163],[-87.7848,41.89172]]}},{"type":"Feature","properties":{"street_name":"N RIDGELAND AVE","address_left_from":335,"address_left_to":399,"address_right_from":334,"address_right_to":398},"geometry":{"type":"LineString","coordinates":[[-87.78483,41.89301],[-87.78483,41.8931]]}},{"type":"Feature","properties":{"street_name":"S RIDGELAND AVE","address_left_from":1050,"address_left_to":1098,"address_right_from":1051,"address_right_to":1099},"geometry":{"type":"LineString","coordinates":[[-87.78409,41.86907],[-87.78409,41.86898]]}},{"type":"Feature","properties":{"street_name":"N RIDGELAND AVE","address_left_from":501,"address_left_to":523,"address_right_from":500,"address_right_to":518},"geometry":{"type":"LineString","coordinates":[[-87.78488,41.89457],[-87.7849,41.89516],[-87.7849,41.89537]]}},{"type":"Feature","properties":{"street_name":"CHESTNUT LN","address_left_from":334,"address_left_to":398,"address_right_from":335,"address_right_to":399},"geometry":{"type":"LineString","coordinates":[[-87.80077,41.88208],[-87.80076,41.88176],[-87.80075,41.88147]]}},{"type":"Feature","properties":{"street_name":"LE MOYNE PKWY","address_left_from":901,"address_left_to":915,"address_right_from":900,"address_right_to":914},"geometry":{"type":"LineString","coordinates":[[-87.7982,41.90715],[-87.79849,41.90714],[-87.79886,41.90714]]}},{"type":"Feature","properties":{"street_name":"S OAK PARK AVE","address_left_from":600,"address_left_to":626,"address_right_from":601,"address_right_to":643},"geometry":{"type":"LineString","coordinates":[[-87.79419,41.87794],[-87.79419,41.87769],[-87.79416,41.87697],[-87.79414,41.87636],[-87.79413,41.87621]]}},{"type":"Feature","properties":{"street_name":"LE MOYNE PKWY","address_left_from":1101,"address_left_to":1151,"address_right_from":1100,"address_right_to":1150},"geometry":{"type":"LineString","coordinates":[[-87.80418,41.90706],[-87.80459,41.90705],[-87.80495,41.90705]]}},{"type":"Feature","properties":{"street_name":"MONROE ST","address_left_from":951,"address_left_to":989,"address_right_from":950,"address_right_to":988},"geometry":{"type":"LineString","coordinates":[[-87.79878,41.87827],[-87.79905,41.87827],[-87.7995,41.87826]]}},{"type":"Feature","properties":{"street_name":"S OAK PARK AVE","address_left_from":1190,"address_left_to":1192,"address_right_from":1191,"address_right_to":1193},"geometry":{"type":"LineString","coordinates":[[-87.79377,41.86564],[-87.79376,41.86556]]}},{"type":"Feature","properties":{"street_name":"S OAK PARK AVE","address_left_from":900,"address_left_to":912,"address_right_from":901,"address_right_to":913},"geometry":{"type":"LineString","coordinates":[[-87.79399,41.87203],[-87.79398,41.87189],[-87.79397,41.87154]]}},{"type":"Feature","properties":{"street_name":"S OAK PARK AVE","address_left_from":300,"address_left_to":342,"address_right_from":301,"address_right_to":341},"geometry":{"type":"LineString","coordinates":[[-87.79436,41.8833],[-87.79436,41.88309],[-87.79433,41.88201],[-87.79432,41.88172]]}},{"type":"Feature","properties":{"street_name":"LE MOYNE PKWY","address_left_from":127,"address_left_to":153,"address_right_from":-1,"address_right_to":-1},"geometry":{"type":"LineString","coordinates":[[-87.77946,41.90737],[-87.77985,41.90737],[-87.78038,41.90736],[-87.78064,41.90736]]}},{"type":"Feature","properties":{"street_name":"LE MOYNE PKWY","address_left_from":-1,"address_left_to":-1,"address_right_from":28,"address_right_to":54},"geometry":{"type":"LineString","coordinates":[[-87.77685,41.90753],[-87.77715,41.90752],[-87.77804,41.90751]]}},{"type":"Feature","properties":{"street_name":"S RIDGELAND AVE","address_left_from":436,"address_left_to":494,"address_right_from":437,"address_right_to":495},"geometry":{"type":"LineString","coordinates":[[-87.78448,41.88046],[-87.78447,41.88029],[-87.78446,41.87993]]}},{"type":"Feature","properties":{"street_name":"LE MOYNE PKWY","address_left_from":-1,"address_left_to":-1,"address_right_from":56,"address_right_to":98},"geometry":{"type":"LineString","coordinates":[[-87.77804,41.90751],[-87.77816,41.90751]]}},{"type":"Feature","properties":{"street_name":"N RIDGELAND AVE","address_left_from":1091,"address_left_to":1099,"address_right_from":1008,"address_right_to":1098},"geometry":{"type":"LineString","coordinates":[[-87.78352,41.90571],[-87.78346,41.90576],[-87.78344,41.90578]]}},{"type":"Feature","properties":{"street_name":"BELLEFORTE AVE","address_left_from":843,"address_left_to":899,"address_right_from":842,"address_right_to":898},"geometry":{"type":"LineString","coordinates":[[-87.80246,41.90125],[-87.80246,41.9013],[-87.80247,41.90158]]}},{"type":"Feature","properties":{"street_name":"N RIDGELAND AVE","address_left_from":749,"address_left_to":799,"address_right_from":746,"address_right_to":798},"geometry":{"type":"LineString","coordinates":[[-87.78506,41.89981],[-87.78506,41.89989]]}},{"type":"Feature","properties":{"street_name":"N GROVE AVE","address_left_from":649,"address_left_to":699,"address_right_from":650,"address_right_to":698},"geometry":{"type":"LineString","coordinates":[[-87.79627,41.89793],[-87.79627,41.89804]]}},{"type":"Feature","properties":{"street_name":"BELLEFORTE AVE","address_left_from":647,"address_left_to":699,"address_right_from":648,"address_right_to":698},"geometry":{"type":"LineString","coordinates":[[-87.80205,41.89782],[-87.80205,41.89793]]}},{"type":"Feature","properties":{"street_name":"BELLEFORTE AVE","address_left_from":517,"address_left_to":551,"address_right_from":516,"address_right_to":548},"geometry":{"type":"LineString","coordinates":[[-87.80195,41.89489],[-87.80197,41.89566],[-87.80199,41.89608]]}},{"type":"Feature","properties":{"street_name":"N GROVE AVE","address_left_from":851,"address_left_to":899,"address_right_from":850,"address_right_to":898},"geometry":{"type":"LineString","coordinates":[[-87.79636,41.90159],[-87.79636,41.90168]]}},{"type":"Feature","properties":{"street_name":"N GROVE AVE","address_left_from":231,"address_left_to":299,"address_right_from":230,"address_right_to":298},"geometry":{"type":"LineString","coordinates":[[-87.79609,41.89124],[-87.79609,41.89131]]}},{"type":"Feature","properties":{"street_name":"NORTH AVE","address_left_from":6405,"address_left_to":6427,"address_right_from":6404,"address_right_to":6428},"geometry":{"type":"LineString","coordinates":[[-87.78501,41.90914],[-87.78605,41.90913]]}},{"type":"Feature","properties":{"street_name":"NORTH AVE","address_left_from":6841,"address_left_to":6859,"address_right_from":6840,"address_right_to":6860},"geometry":{"type":"LineString","coordinates":[[-87.7972,41.90899],[-87.79801,41.90898]]}},{"type":"Feature","properties":{"street_name":"NORTH AVE","address_left_from":6725,"address_left_to":6751,"address_right_from":6724,"address_right_to":6750},"geometry":{"type":"LineString","coordinates":[[-87.79385,41.90903],[-87.79479,41.90902]]}},{"type":"Feature","properties":{"street_name":"NORTH AVE","address_left_from":7019,"address_left_to":7027,"address_right_from":7018,"address_right_to":7026},"geometry":{"type":"LineString","coordinates":[[-87.80119,41.90894],[-87.80212,41.90893]]}},{"type":"Feature","properties":{"street_name":"N AUSTIN BLVD","address_left_from":810,"address_left_to":812,"address_right_from":811,"address_right_to":813},"geometry":{"type":"LineString","coordinates":[[-87.77515,41.89517],[-87.77515,41.89525]]}},{"type":"Feature","properties":{"street_name":"N AUSTIN BLVD","address_left_from":1210,"address_left_to":1254,"address_right_from":1211,"address_right_to":1289},"geometry":{"type":"LineString","coordinates":[[-87.77538,41.90239],[-87.77539,41.90258],[-87.77539,41.90275],[-87.7754,41.90321],[-87.77542,41.90381]]}},{"type":"Feature","properties":{"street_name":"N AUSTIN BLVD","address_left_from":1432,"address_left_to":1498,"address_right_from":1431,"address_right_to":1499},"geometry":{"type":"LineString","coordinates":[[-87.77553,41.907],[-87.77553,41.90703],[-87.77554,41.9072],[-87.77555,41.90744]]}},{"type":"Feature","properties":{"street_name":"NORTH AVE","address_left_from":6529,"address_left_to":6553,"address_right_from":6528,"address_right_to":6552},"geometry":{"type":"LineString","coordinates":[[-87.78875,41.9091],[-87.7899,41.90908]]}},{"type":"Feature","properties":{"street_name":"NORTH AVE","address_left_from":6905,"address_left_to":6911,"address_right_from":6904,"address_right_to":6910},"geometry":{"type":"LineString","coordinates":[[-87.79846,41.90897],[-87.79948,41.90897]]}},{"type":"Feature","properties":{"street_name":"N AUSTIN BLVD","address_left_from":800,"address_left_to":808,"address_right_from":801,"address_right_to":809},"geometry":{"type":"LineString","coordinates":[[-87.77514,41.89471],[-87.77515,41.89517]]}},{"type":"Feature","properties":{"street_name":"NORTH AVE","address_left_from":6501,"address_left_to":6523,"address_right_from":6500,"address_right_to":6522},"geometry":{"type":"LineString","coordinates":[[-87.78735,41.90912],[-87.78826,41.9091]]}},{"type":"Feature","properties":{"street_name":"N AUSTIN BLVD","address_left_from":414,"address_left_to":426,"address_right_from":417,"address_right_to":439},"geometry":{"type":"LineString","coordinates":[[-87.77493,41.88803],[-87.77493,41.88823],[-87.77496,41.88849]]}},{"type":"Feature","properties":{"street_name":"N AUSTIN BLVD","address_left_from":350,"address_left_to":398,"address_right_from":351,"address_right_to":399},"geometry":{"type":"LineString","coordinates":[[-87.7749,41.88716],[-87.77491,41.88759]]}},{"type":"Feature","properties":{"street_name":"N AUSTIN BLVD","address_left_from":470,"address_left_to":498,"address_right_from":531,"address_right_to":549},"geometry":{"type":"LineString","coordinates":[[-87.775,41.89003],[-87.77501,41.89051]]}},{"type":"Feature","properties":{"street_name":"N AUSTIN BLVD","address_left_from":440,"address_left_to":442,"address_right_from":459,"address_right_to":461},"geometry":{"type":"LineString","coordinates":[[-87.77497,41.88891],[-87.77497,41.88901]]}},{"type":"Feature","properties":{"street_name":"N AUSTIN BLVD","address_left_from":628,"address_left_to":698,"address_right_from":681,"address_right_to":699},"geometry":{"type":"LineString","coordinates":[[-87.77508,41.89283],[-87.77509,41.89317]]}},{"type":"Feature","properties":{"street_name":"N AUSTIN BLVD","address_left_from":308,"address_left_to":344,"address_right_from":309,"address_right_to":345},"geometry":{"type":"LineString","coordinates":[[-87.77485,41.88569],[-87.7749,41.88708]]}},{"type":"Feature","properties":{"street_name":"N AUSTIN BLVD","address_left_from":444,"address_left_to":458,"address_right_from":463,"address_right_to":499},"geometry":{"type":"LineString","coordinates":[[-87.77497,41.88901],[-87.77498,41.88951]]}},{"type":"Feature","properties":{"street_name":"N AUSTIN BLVD","address_left_from":1500,"address_left_to":1510,"address_right_from":1501,"address_right_to":1509},"geometry":{"type":"LineString","coordinates":[[-87.77555,41.90744],[-87.77557,41.90797]]}},{"type":"Feature","properties":{"street_name":"NORTH AVE","address_left_from":6301,"address_left_to":6325,"address_right_from":6300,"address_right_to":6324},"geometry":{"type":"LineString","coordinates":[[-87.78337,41.90916],[-87.78458,41.90915]]}},{"type":"Feature","properties":{"street_name":"N AUSTIN BLVD","address_left_from":346,"address_left_to":348,"address_right_from":347,"address_right_to":349},"geometry":{"type":"LineString","coordinates":[[-87.7749,41.88708],[-87.7749,41.88716]]}},{"type":"Feature","properties":{"street_name":"N AUSTIN BLVD","address_left_from":400,"address_left_to":412,"address_right_from":401,"address_right_to":415},"geometry":{"type":"LineString","coordinates":[[-87.77491,41.88759],[-87.77493,41.88803]]}},{"type":"Feature","properties":{"street_name":"N AUSTIN BLVD","address_left_from":1400,"address_left_to":1430,"address_right_from":1407,"address_right_to":1429},"geometry":{"type":"LineString","coordinates":[[-87.77549,41.90588],[-87.7755,41.90624],[-87.77552,41.90663],[-87.77553,41.907]]}},{"type":"Feature","properties":{"street_name":"NORTH AVE","address_left_from":6861,"address_left_to":6899,"address_right_from":6862,"address_right_to":6898},"geometry":{"type":"LineString","coordinates":[[-87.79801,41.90898],[-87.79825,41.90898]]}},{"type":"Feature","properties":{"street_name":"N AUSTIN BLVD","address_left_from":814,"address_left_to":824,"address_right_from":815,"address_right_to":829},"geometry":{"type":"LineString","coordinates":[[-87.77515,41.89525],[-87.77517,41.89563]]}},{"type":"Feature","properties":{"street_name":"N AUSTIN BLVD","address_left_from":838,"address_left_to":898,"address_right_from":841,"address_right_to":899},"geometry":{"type":"LineString","coordinates":[[-87.77518,41.89608],[-87.77519,41.89638],[-87.7752,41.89654]]}},{"type":"Feature","properties":{"street_name":"N AUSTIN BLVD","address_left_from":736,"address_left_to":798,"address_right_from":761,"address_right_to":799},"geometry":{"type":"LineString","coordinates":[[-87.77514,41.89461],[-87.77514,41.89471]]}},{"type":"Feature","properties":{"street_name":"NORTH AVE","address_left_from":6133,"address_left_to":6151,"address_right_from":6132,"address_right_to":6150},"geometry":{"type":"LineString","coordinates":[[-87.78011,41.9092],[-87.78071,41.9092]]}},{"type":"Feature","properties":{"street_name":"N AUSTIN BLVD","address_left_from":200,"address_left_to":232,"address_right_from":201,"address_right_to":251},"geometry":{"type":"LineString","coordinates":[[-87.77479,41.88414],[-87.77483,41.88512]]}},{"type":"Feature","properties":{"street_name":"NORTH AVE","address_left_from":6801,"address_left_to":6817,"address_right_from":6800,"address_right_to":6816},"geometry":{"type":"LineString","coordinates":[[-87.79506,41.90902],[-87.79599,41.90901]]}},{"type":"Feature","properties":{"street_name":"N AUSTIN BLVD","address_left_from":700,"address_left_to":714,"address_right_from":701,"address_right_to":739},"geometry":{"type":"LineString","coordinates":[[-87.77509,41.89317],[-87.77509,41.89317],[-87.77511,41.89381]]}},{"type":"Feature","properties":{"street_name":"N AUSTIN BLVD","address_left_from":826,"address_left_to":836,"address_right_from":831,"address_right_to":839},"geometry":{"type":"LineString","coordinates":[[-87.77517,41.89563],[-87.77518,41.89608]]}},{"type":"Feature","properties":{"street_name":"N AUSTIN BLVD","address_left_from":1200,"address_left_to":1208,"address_right_from":1201,"address_right_to":1209},"geometry":{"type":"LineString","coordinates":[[-87.77537,41.902],[-87.77538,41.90224],[-87.77538,41.90239]]}},{"type":"Feature","properties":{"street_name":"N AUSTIN BLVD","address_left_from":1536,"address_left_to":1598,"address_right_from":1551,"address_right_to":1599},"geometry":{"type":"LineString","coordinates":[[-87.77559,41.90876],[-87.7756,41.90889],[-87.7756,41.90921],[-87.77559,41.90926]]}},{"type":"Feature","properties":{"street_name":"N AUSTIN BLVD","address_left_from":2,"address_left_to":14,"address_right_from":1,"address_right_to":15},"geometry":{"type":"LineString","coordinates":[[-87.77466,41.88009],[-87.77467,41.88036],[-87.77468,41.88059],[-87.77468,41.88064],[-87.77468,41.88064]]}},{"type":"Feature","properties":{"street_name":"N AUSTIN BLVD","address_left_from":1300,"address_left_to":1354,"address_right_from":1301,"address_right_to":1355},"geometry":{"type":"LineString","coordinates":[[-87.77543,41.90392],[-87.77544,41.90411],[-87.77548,41.90563]]}},{"type":"Feature","properties":{"street_name":"N AUSTIN BLVD","address_left_from":460,"address_left_to":468,"address_right_from":501,"address_right_to":529},"geometry":{"type":"LineString","coordinates":[[-87.77498,41.88951],[-87.775,41.89003]]}},{"type":"Feature","properties":{"street_name":"NORTH AVE","address_left_from":6029,"address_left_to":6041,"address_right_from":6028,"address_right_to":6040},"geometry":{"type":"LineString","coordinates":[[-87.77691,41.90924],[-87.77766,41.90923]]}},{"type":"Feature","properties":{"street_name":"N AUSTIN BLVD","address_left_from":520,"address_left_to":594,"address_right_from":561,"address_right_to":595},"geometry":{"type":"LineString","coordinates":[[-87.77502,41.89101],[-87.77505,41.89183]]}},{"type":"Feature","properties":{"street_name":"N AUSTIN BLVD","address_left_from":1256,"address_left_to":1298,"address_right_from":1291,"address_right_to":1299},"geometry":{"type":"LineString","coordinates":[[-87.77542,41.90381],[-87.77543,41.90392]]}},{"type":"Feature","properties":{"street_name":"N AUSTIN BLVD","address_left_from":940,"address_left_to":950,"address_right_from":941,"address_right_to":951},"geometry":{"type":"LineString","coordinates":[[-87.77525,41.89791],[-87.77525,41.89827],[-87.77525,41.89827]]}},{"type":"Feature","properties":{"street_name":"NORTH AVE","address_left_from":6601,"address_left_to":6615,"address_right_from":6600,"address_right_to":6614},"geometry":{"type":"LineString","coordinates":[[-87.79021,41.90908],[-87.79112,41.90907]]}},{"type":"Feature","properties":{"street_name":"N AUSTIN BLVD","address_left_from":596,"address_left_to":598,"address_right_from":597,"address_right_to":599},"geometry":{"type":"LineString","coordinates":[[-87.77505,41.89183],[-87.77506,41.89189]]}},{"type":"Feature","properties":{"street_name":"NORTH AVE","address_left_from":6439,"address_left_to":6447,"address_right_from":6438,"address_right_to":6446},"geometry":{"type":"LineString","coordinates":[[-87.78664,41.90912],[-87.78724,41.90912]]}},{"type":"Feature","properties":{"street_name":"N AUSTIN BLVD","address_left_from":728,"address_left_to":734,"address_right_from":751,"address_right_to":759},"geometry":{"type":"LineString","coordinates":[[-87.77512,41.89418],[-87.77514,41.89461]]}},{"type":"Feature","properties":{"street_name":"N AUSTIN BLVD","address_left_from":432,"address_left_to":438,"address_right_from":449,"address_right_to":457},"geometry":{"type":"LineString","coordinates":[[-87.77496,41.88865],[-87.77497,41.88891]]}},{"type":"Feature","properties":{"street_name":"NORTH AVE","address_left_from":6201,"address_left_to":6209,"address_right_from":6200,"address_right_to":6208},"geometry":{"type":"LineString","coordinates":[[-87.78083,41.9092],[-87.78172,41.90918]]}},{"type":"Feature","properties":{"street_name":"N AUSTIN BLVD","address_left_from":720,"address_left_to":726,"address_right_from":745,"address_right_to":749},"geometry":{"type":"LineString","coordinates":[[-87.77512,41.89393],[-87.77512,41.89418]]}},{"type":"Feature","properties":{"street_name":"N AUSTIN BLVD","address_left_from":154,"address_left_to":198,"address_right_from":157,"address_right_to":199},"geometry":{"type":"LineString","coordinates":[[-87.77479,41.884],[-87.77479,41.88414]]}},{"type":"Feature","properties":{"street_name":"NORTH AVE","address_left_from":6235,"address_left_to":6249,"address_right_from":6234,"address_right_to":6248},"geometry":{"type":"LineString","coordinates":[[-87.78242,41.90918],[-87.78303,41.90917]]}},{"type":"Feature","properties":{"street_name":"NORTH AVE","address_left_from":6701,"address_left_to":6717,"address_right_from":6700,"address_right_to":6716},"geometry":{"type":"LineString","coordinates":[[-87.79263,41.90905],[-87.79357,41.90904]]}},{"type":"Feature","properties":{"street_name":"N AUSTIN BLVD","address_left_from":16,"address_left_to":48,"address_right_from":17,"address_right_to":49},"geometry":{"type":"LineString","coordinates":[[-87.77468,41.88064],[-87.77469,41.8809],[-87.7747,41.88119],[-87.77471,41.88145],[-87.77471,41.88157],[-87.77471,41.88157]]}},{"type":"Feature","properties":{"street_name":"N AUSTIN BLVD","address_left_from":600,"address_left_to":602,"address_right_from":601,"address_right_to":603},"geometry":{"type":"LineString","coordinates":[[-87.77506,41.89189],[-87.77506,41.89191]]}},{"type":"Feature","properties":{"street_name":"N AUSTIN BLVD","address_left_from":1100,"address_left_to":1146,"address_right_from":1101,"address_right_to":1149},"geometry":{"type":"LineString","coordinates":[[-87.77531,41.90018],[-87.77532,41.90042],[-87.77533,41.90077],[-87.77534,41.90114],[-87.77535,41.90148],[-87.77536,41.90178]]}},{"type":"Feature","properties":{"street_name":"NORTH AVE","address_left_from":6001,"address_left_to":6011,"address_right_from":6000,"address_right_to":6010},"geometry":{"type":"LineString","coordinates":[[-87.77559,41.90926],[-87.77561,41.90926],[-87.77644,41.90925]]}},{"type":"Feature","properties":{"street_name":"N AUSTIN BLVD","address_left_from":110,"address_left_to":152,"address_right_from":111,"address_right_to":155},"geometry":{"type":"LineString","coordinates":[[-87.77474,41.88266],[-87.77478,41.88389],[-87.77479,41.884]]}},{"type":"Feature","properties":{"street_name":"N AUSTIN BLVD","address_left_from":428,"address_left_to":430,"address_right_from":441,"address_right_to":447},"geometry":{"type":"LineString","coordinates":[[-87.77496,41.88849],[-87.77496,41.88865]]}},{"type":"Feature","properties":{"street_name":"N AUSTIN BLVD","address_left_from":100,"address_left_to":108,"address_right_from":101,"address_right_to":109},"geometry":{"type":"LineString","coordinates":[[-87.77473,41.88211],[-87.77474,41.88266]]}},{"type":"Feature","properties":{"street_name":"N AUSTIN BLVD","address_left_from":926,"address_left_to":938,"address_right_from":927,"address_right_to":939},"geometry":{"type":"LineString","coordinates":[[-87.77523,41.89745],[-87.77524,41.89778],[-87.77525,41.89791]]}},{"type":"Feature","properties":{"street_name":"N AUSTIN BLVD","address_left_from":604,"address_left_to":618,"address_right_from":605,"address_right_to":669},"geometry":{"type":"LineString","coordinates":[[-87.77506,41.89191],[-87.77508,41.89271]]}},{"type":"Feature","properties":{"street_name":"N AUSTIN BLVD","address_left_from":900,"address_left_to":910,"address_right_from":901,"address_right_to":911},"geometry":{"type":"LineString","coordinates":[[-87.7752,41.89654],[-87.77521,41.89687],[-87.77521,41.897]]}},{"type":"Feature","properties":{"street_name":"NORTH AVE","address_left_from":7037,"address_left_to":7061,"address_right_from":7036,"address_right_to":7060},"geometry":{"type":"LineString","coordinates":[[-87.80288,41.90891],[-87.80403,41.90888]]}},{"type":"Feature","properties":{"street_name":"N AUSTIN BLVD","address_left_from":1000,"address_left_to":1050,"address_right_from":1001,"address_right_to":1049},"geometry":{"type":"LineString","coordinates":[[-87.77526,41.89837],[-87.77531,41.90009]]}},{"type":"Feature","properties":{"street_name":"NORTH AVE","address_left_from":6941,"address_left_to":6957,"address_right_from":6940,"address_right_to":6956},"geometry":{"type":"LineString","coordinates":[[-87.80029,41.90895],[-87.80101,41.90895]]}},{"type":"Feature","properties":{"street_name":"I290 EXPY W","address_left_from":-1,"address_left_to":-1,"address_right_from":-1,"address_right_to":-1},"geometry":{"type":"LineString","coordinates":[[-87.76801,41.87099],[-87.76934,41.87103],[-87.77039,41.87105],[-87.77067,41.87106],[-87.77086,41.87107],[-87.77113,41.87108],[-87.77136,41.87109],[-87.7716,41.8711],[-87.77181,41.87111],[-87.77189,41.87111],[-87.77233,41.87114],[-87.77274,41.87114],[-87.77321,41.87117],[-87.77352,41.8712],[-87.77377,41.87121],[-87.77414,41.87124],[-87.7742,41.87124],[-87.77432,41.87125],[-87.77434,41.87125]]}},{"type":"Feature","properties":{"street_name":"ALLEY","address_left_from":-1,"address_left_to":-1,"address_right_from":-1,"address_right_to":-1},"geometry":{"type":"LineString","coordinates":[[-87.77416,41.86592],[-87.77415,41.86592]]}},{"type":"Feature","properties":{"street_name":"I290 EXPY E","address_left_from":-1,"address_left_to":-1,"address_right_from":-1,"address_right_to":-1},"geometry":{"type":"LineString","coordinates":[[-87.77433,41.87093],[-87.77431,41.87093],[-87.77413,41.87092],[-87.77413,41.87092],[-87.77401,41.87091],[-87.77384,41.8709],[-87.77109,41.87076],[-87.77102,41.87076],[-87.771,41.87076],[-87.77043,41.87073],[-87.77015,41.87071]]}},{"type":"Feature","properties":{"street_name":"I290 RAMP W","address_left_from":-1,"address_left_to":-1,"address_right_from":-1,"address_right_to":-1},"geometry":{"type":"LineString","coordinates":[[-87.77296,41.87104],[-87.77319,41.87106],[-87.77335,41.87107],[-87.77355,41.87108],[-87.77374,41.87109],[-87.77389,41.8711],[-87.77402,41.87111]]}},{"type":"Feature","properties":{"street_name":"I290 RAMP W","address_left_from":-1,"address_left_to":-1,"address_right_from":-1,"address_right_to":-1},"geometry":{"type":"LineString","coordinates":[[-87.77101,41.87094],[-87.77103,41.87094],[-87.77118,41.87094],[-87.77132,41.87095],[-87.77148,41.87096],[-87.77165,41.87097],[-87.77181,41.87098],[-87.772,41.87099],[-87.77216,41.871],[-87.77236,41.87101],[-87.77254,41.87102],[-87.77278,41.87103],[-87.77296,41.87104]]}}]}