{"type":"FeatureCollection","features":[{"type":"Feature","properties":{"agency":"CTA","route":"126","name":"Jackson","color":"#99999C","type":3},"geometry":{"type":"LineString","coordinates":[[-87.76975,41.87704],[-87.76982,41.87704],[-87.76988,41.87704],[-87.76989,41.87704],[-87.77008,41.87706],[-87.77023,41.87707],[-87.77038,41.87708],[-87.77051,41.87709],[-87.77064,41.87711],[-87.77077,41.87712],[-87.7709,41.87713],[-87.77106,41.87714],[-87.77115,41.87715],[-87.77109,41.87718],[-87.77115,41.87715],[-87.77134,41.87716],[-87.77144,41.87716],[-87.77163,41.87717],[-87.77178,41.87717],[-87.77194,41.87717],[-87.77199,41.87717],[-87.77209,41.87716],[-87.77225,41.87716],[-87.77243,41.87715],[-87.77257,41.87713],[-87.77271,41.8771],[-87.77282,41.87707],[-87.77292,41.87704],[-87.77301,41.877],[-87.7731,41.87696],[-87.77319,41.87692],[-87.77327,41.87687],[-87.77338,41.8768],[-87.77344,41.87676],[-87.77351,41.87671],[-87.77357,41.87668],[-87.77363,41.87664],[-87.77368,41.8766],[-87.77372,41.87659],[-87.77375,41.87658],[-87.77376,41.87657],[-87.77382,41.87654],[-87.77388,41.87653],[-87.77393,41.87651],[-87.77402,41.87649],[-87.77405,41.87648],[-87.77409,41.87647],[-87.77415,41.87646],[-87.77417,41.87646],[-87.77419,41.87645],[-87.77424,41.87644],[-87.77424,41.87639],[-87.77424,41.87636],[-87.77423,41.87633],[-87.77423,41.87632],[-87.77423,41.8763],[-87.77422,41.8763],[-87.77421,41.87628],[-87.77419,41.87627],[-87.77418,41.87626],[-87.77415,41.87625],[-87.77414,41.87625],[-87.77412,41.87624],[-87.7741,41.87624],[-87.77408,41.87624],[-87.77407,41.87624]]}},{"type":"Feature","properties":{"agency":"CTA","route":"20","name":"Madison","color":"#414145","type":3},"geometry":{"type":"LineString","coordinates":[[-87.76993,41.88024],[-87.77006,41.88023],[-87.77023,41.88022],[-87.77044,41.88022],[-87.77065,41.88022],[-87.7708,41.88022],[-87.77099,41.88022],[-87.77125,41.88023],[-87.77144,41.88023],[-87.77163,41.88022],[-87.77169,41.88022],[-87.77195,41.88022],[-87.77215,41.88021],[-87.77239,41.88021],[-87.77255,41.88019],[-87.77271,41.88018],[-87.77287,41.88018],[-87.77303,41.88018],[-87.77323,41.88018],[-87.77339,41.88017],[-87.7735,41.88017],[-87.77371,41.88017],[-87.7738,41.88017],[-87.77384,41.88017],[-87.77386,41.88016],[-87.77393,41.88015],[-87.77402,41.88015],[-87.77422,41.88015],[-87.77435,41.88015],[-87.77435,41.88019],[-87.77435,41.88015],[-87.77451,41.88015],[-87.7746,41.88018],[-87.77465,41.8803],[-87.77465,41.88047],[-87.7746,41.88056],[-87.77445,41.88061],[-87.77421,41.88061],[-87.77409,41.88057],[-87.77407,41.88047]]}},{"type":"Feature","properties":{"agency":"CTA","route":"20","name":"Madison","color":"#414145","type":3},"geometry":{"type":"LineString","coordinates":[[-87.77405,41.88037],[-87.77405,41.88037],[-87.77405,41.88026],[-87.77402,41.88018],[-87.77393,41.88008],[-87.77376,41.88004],[-87.77358,41.88004],[-87.7734,41.88005],[-87.77321,41.88005],[-87.77303,41.88005],[-87.77288,41.88005],[-87.77272,41.88005],[-87.77257,41.88006],[-87.77242,41.88006],[-87.77229,41.88006],[-87.77212,41.88007],[-87.77195,41.88007],[-87.77177,41.88007],[-87.77157,41.88008],[-87.77157,41.88007],[-87.77157,41.88008],[-87.77138,41.88008],[-87.77116,41.88009],[-87.77093,41.88009],[-87.77071,41.88009],[-87.77049,41.88011],[-87.77032,41.88012],[-87.77015,41.88012],[-87.76998,41.88011],[-87.76998,41.88011],[-87.76998,41.88011]]}},{"type":"Feature","properties":{"agency":"CTA","route":"126","name":"Jackson","color":"#99999C","type":3},"geometry":{"type":"LineString","coordinates":[[-87.77405,41.87622],[-87.77405,41.87622],[-87.77406,41.87624],[-87.77404,41.87625],[-87.77403,41.87625],[-87.77401,41.87626],[-87.77399,41.87627],[-87.77397,41.87629],[-87.77395,41.8763],[-87.77393,41.87631],[-87.77392,41.87633],[-87.77391,41.87635],[-87.77389,41.87638],[-87.77389,41.87639],[-87.77389,41.87641],[-87.77388,41.87647],[-87.77388,41.87648],[-87.77388,41.87653],[-87.77382,41.87654],[-87.77376,41.87657],[-87.77375,41.87658],[-87.77372,41.87659],[-87.77368,41.8766],[-87.77363,41.87664],[-87.77357,41.87668],[-87.77351,41.87671],[-87.77344,41.87676],[-87.77338,41.8768],[-87.77327,41.87687],[-87.77319,41.87692],[-87.7731,41.87696],[-87.77301,41.877],[-87.77292,41.87704],[-87.77282,41.87707],[-87.77271,41.8771],[-87.77257,41.87713],[-87.77243,41.87715],[-87.77225,41.87716],[-87.77209,41.87716],[-87.77199,41.87717],[-87.77194,41.87717],[-87.77178,41.87717],[-87.77163,41.87717],[-87.77144,41.87716],[-87.77134,41.87716],[-87.77115,41.87715],[-87.77106,41.87714],[-87.7709,41.87713],[-87.7708,41.87712],[-87.77081,41.87707],[-87.7708,41.87712],[-87.77059,41.8771],[-87.77038,41.87708],[-87.77023,41.87707],[-87.77008,41.87706],[-87.76989,41.87704],[-87.76988,41.87704],[-87.76982,41.87704],[-87.76975,41.87704]]}},{"type":"Feature","properties":{"agency":"CTA","route":"70","name":"Division","color":"#99999C","type":3},"geometry":{"type":"LineString","coordinates":[[-87.77051,41.90208],[-87.77066,41.90208],[-87.77075,41.90207],[-87.77075,41.90214],[-87.77075,41.90207],[-87.7709,41.90207],[-87.77105,41.90207],[-87.77112,41.90207],[-87.77127,41.90207],[-87.77142,41.90207],[-87.77157,41.90206],[-87.77172,41.90206],[-87.77183,41.90205],[-87.77186,41.90205],[-87.77189,41.90205],[-87.77196,41.90205],[-87.7721,41.90205],[-87.77224,41.90205],[-87.77238,41.90205],[-87.77252,41.90204],[-87.77266,41.90204],[-87.77276,41.90204],[-87.77276,41.90209],[-87.77276,41.90204],[-87.77281,41.90204],[-87.77303,41.90204],[-87.77325,41.90203],[-87.77347,41.90203],[-87.77369,41.90203],[-87.77391,41.90202],[-87.77413,41.90202],[-87.77435,41.90201],[-87.77457,41.90201],[-87.77471,41.90201],[-87.77475,41.90199],[-87.77477,41.90193],[-87.77477,41.90186],[-87.77486,41.90174],[-87.77499,41.90173]]}},{"type":"Feature","properties":{"agency":"CTA","route":"70","name":"Division","color":"#99999C","type":3},"geometry":{"type":"LineString","coordinates":[[-87.77507,41.90184],[-87.77507,41.90184],[-87.77509,41.90191],[-87.77506,41.90195],[-87.77497,41.90199],[-87.77479,41.902],[-87.77453,41.90201],[-87.77428,41.90202],[-87.77402,41.90202],[-87.77376,41.90202],[-87.77351,41.90203],[-87.77325,41.90203],[-87.77311,41.90204],[-87.77311,41.90198],[-87.77311,41.90204],[-87.77308,41.90204],[-87.77294,41.90204],[-87.77281,41.90204],[-87.77268,41.90204],[-87.77255,41.90205],[-87.77242,41.90205],[-87.77229,41.90205],[-87.77216,41.90205],[-87.77203,41.90205],[-87.7719,41.90206],[-87.77177,41.90206],[-87.77164,41.90206],[-87.77151,41.90206],[-87.77138,41.90207],[-87.77125,41.90207],[-87.77112,41.90207],[-87.77098,41.90207],[-87.77085,41.90208],[-87.77066,41.90208],[-87.77066,41.90202],[-87.77066,41.90208],[-87.77051,41.90208]]}},{"type":"Feature","properties":{"agency":"CTA","route":"90","name":"Harlem","color":"#99999C","type":3},"geometry":{"type":"LineString","coordinates":[[-87.80325,41.88679],[-87.80325,41.88679],[-87.80325,41.88674],[-87.80334,41.88674],[-87.80341,41.88674],[-87.80359,41.88674],[-87.80376,41.88674],[-87.80394,41.88673],[-87.80412,41.88673],[-87.80429,41.88673],[-87.80446,41.88672],[-87.80462,41.88672],[-87.80479,41.88672],[-87.80479,41.88675],[-87.80479,41.88672],[-87.80497,41.88671],[-87.80497,41.88681],[-87.80498,41.88692],[-87.80499,41.88702],[-87.80499,41.88712],[-87.80499,41.88723],[-87.805,41.88734],[-87.805,41.88744],[-87.805,41.88755],[-87.80501,41.88766],[-87.80502,41.88776],[-87.80503,41.88788],[-87.80503,41.88806],[-87.80503,41.88825],[-87.80504,41.88842],[-87.80505,41.88858],[-87.80505,41.88876],[-87.80506,41.88893],[-87.80499,41.88894],[-87.80506,41.88893],[-87.80506,41.88909],[-87.80506,41.88924],[-87.80507,41.88941],[-87.80507,41.88954],[-87.80508,41.88965],[-87.80508,41.88977],[-87.80509,41.88994],[-87.80509,41.89011],[-87.80509,41.89021],[-87.80509,41.89032],[-87.8051,41.89042],[-87.8051,41.89052],[-87.8051,41.89064],[-87.80511,41.89076],[-87.80511,41.8909],[-87.80504,41.8909],[-87.80511,41.8909],[-87.80512,41.89106],[-87.80512,41.89121],[-87.80513,41.89131],[-87.80513,41.89142],[-87.80513,41.89151],[-87.80513,41.89156],[-87.80514,41.89168],[-87.80514,41.8918],[-87.80515,41.89199],[-87.80515,41.89209],[-87.80516,41.89219],[-87.80517,41.89235],[-87.80518,41.89247],[-87.80519,41.8926],[-87.80519,41.89272],[-87.8052,41.89284],[-87.8051,41.89284],[-87.8052,41.89284],[-87.8052,41.89294],[-87.8052,41.89302],[-87.80521,41.8932],[-87.80522,41.89337],[-87.80522,41.89355],[-87.80523,41.89367],[-87.80521,41.89378],[-87.80518,41.89388],[-87.80515,41.89399],[-87.80513,41.89409],[-87.80516,41.89422],[-87.80519,41.89435],[-87.80523,41.89448],[-87.80526,41.89461],[-87.80527,41.89471],[-87.80527,41.89482],[-87.80527,41.89493],[-87.80527,41.89504],[-87.80528,41.8951],[-87.80528,41.89515],[-87.80528,41.8952],[-87.80528,41.89532],[-87.80529,41.89545],[-87.8053,41.8956],[-87.8053,41.89575],[-87.8053,41.89581],[-87.80531,41.89596],[-87.80531,41.8961],[-87.80531,41.8962],[-87.80524,41.8962],[-87.80531,41.8962],[-87.80532,41.89627],[-87.80532,41.89637],[-87.80532,41.89648],[-87.80533,41.89658],[-87.80531,41.89669],[-87.80531,41.89687],[-87.80532,41.89705],[-87.80532,41.89715],[-87.80533,41.89724],[-87.80533,41.89734],[-87.80534,41.89744],[-87.80535,41.89755],[-87.80535,41.89765],[-87.80536,41.89775],[-87.80536,41.89786],[-87.80536,41.89791],[-87.80536,41.89805],[-87.80537,41.8982],[-87.8053,41.8982],[-87.80537,41.8982],[-87.80538,41.89839],[-87.80539,41.89858],[-87.8054,41.89868],[-87.8054,41.89878],[-87.8054,41.89889],[-87.80541,41.89899],[-87.80541,41.89914],[-87.80542,41.89928],[-87.80542,41.89943],[-87.80543,41.89957],[-87.80535,41.89957],[-87.80543,41.89957],[-87.80544,41.89972],[-87.80545,41.89989],[-87.80545,41.90006],[-87.80546,41.90023],[-87.80546,41.9004],[-87.80547,41.90058],[-87.80548,41.90075],[-87.80548,41.90092],[-87.80549,41.90109],[-87.80549,41.90128],[-87.80549,41.90129],[-87.80549,41.90128],[-87.80549,41.90141],[-87.8055,41.90154],[-87.8055,41.90169],[-87.80551,41.90184],[-87.80551,41.90199],[-87.80552,41.90214],[-87.80553,41.90228],[-87.80553,41.90241],[-87.80554,41.90255],[-87.80554,41.90268],[-87.80555,41.90281],[-87.80556,41.90295],[-87.80556,41.90308],[-87.80557,41.90322],[-87.80547,41.90322],[-87.80557,41.90322],[-87.80558,41.90336],[-87.80558,41.90347],[-87.80559,41.90358],[-87.80559,41.90368],[-87.80559,41.90379],[-87.8056,41.9039],[-87.8056,41.90401],[-87.80561,41.90412],[-87.80561,41.90422],[-87.80561,41.90433],[-87.80562,41.90444],[-87.80562,41.90455],[-87.80563,41.90466],[-87.80563,41.90477],[-87.80563,41.90487],[-87.80564,41.90498],[-87.80564,41.90509],[-87.80554,41.90509],[-87.80564,41.90509],[-87.80564,41.90519],[-87.80564,41.9053],[-87.80565,41.9054],[-87.80565,41.90551],[-87.80566,41.90562],[-87.80566,41.90572],[-87.80567,41.90583],[-87.80567,41.90594],[-87.80567,41.90604],[-87.80568,41.90615],[-87.80568,41.90626],[-87.80569,41.90637],[-87.80569,41.90647],[-87.8057,41.90658],[-87.8057,41.90669],[-87.80571,41.90679],[-87.80571,41.9069],[-87.8056,41.90691],[-87.80571,41.9069],[-87.80571,41.90703],[-87.80571,41.90714],[-87.80572,41.90725],[-87.80572,41.90736],[-87.80572,41.90747],[-87.80572,41.90758],[-87.80572,41.90769],[-87.80573,41.90779],[-87.80573,41.9079],[-87.80573,41.90796],[-87.80573,41.90807],[-87.80573,41.90817],[-87.80573,41.90828],[-87.80574,41.9084],[-87.80574,41.90847],[-87.80574,41.9086],[-87.80574,41.90878],[-87.80574,41.90889],[-87.80575,41.90899],[-87.80575,41.90909],[-87.80576,41.90919],[-87.80576,41.90932],[-87.80564,41.90932],[-87.80576,41.90932],[-87.80577,41.90951],[-87.80577,41.90967],[-87.80578,41.90982],[-87.80579,41.90996],[-87.80579,41.91002],[-87.8058,41.91016],[-87.8058,41.91031],[-87.80581,41.91045],[-87.80583,41.91059],[-87.80574,41.91059],[-87.80583,41.91059],[-87.80584,41.9107],[-87.80585,41.91087],[-87.80583,41.91104],[-87.80584,41.91115],[-87.80585,41.91128],[-87.80585,41.91141],[-87.80585,41.91153],[-87.80586,41.91166],[-87.80587,41.91176],[-87.80588,41.91186],[-87.80588,41.91204],[-87.80588,41.91222],[-87.80589,41.91232],[-87.80589,41.91242],[-87.80582,41.91242],[-87.80589,41.91242],[-87.80589,41.9125]]}},{"type":"Feature","properties":{"agency":"CTA","route":"91","name":"Austin","color":"#99999C","type":3},"geometry":{"type":"LineString","coordinates":[[-87.77535,41.9128],[-87.77534,41.9127],[-87.77534,41.91259],[-87.77533,41.91248],[-87.77533,41.91238],[-87.77533,41.91227],[-87.77532,41.91217],[-87.77532,41.91206],[-87.77532,41.91195],[-87.77531,41.91185],[-87.77531,41.91174],[-87.77531,41.91163],[-87.7753,41.91153],[-87.7753,41.91142],[-87.77529,41.91132],[-87.77529,41.91121],[-87.77536,41.91121],[-87.77529,41.91121],[-87.77528,41.91109],[-87.77527,41.91093],[-87.77527,41.91078],[-87.77527,41.91062],[-87.77526,41.91047],[-87.77526,41.91031],[-87.77525,41.91015],[-87.77524,41.91],[-87.77524,41.90984],[-87.77524,41.90977],[-87.77528,41.90967],[-87.77536,41.90956],[-87.77543,41.90945],[-87.77552,41.90932],[-87.7756,41.90919],[-87.77559,41.9091],[-87.77559,41.90908],[-87.77558,41.90905],[-87.77558,41.90899],[-87.77557,41.90891],[-87.77568,41.90891],[-87.77557,41.90891],[-87.77557,41.90884],[-87.77557,41.90876],[-87.77557,41.90866],[-87.77557,41.90856],[-87.77556,41.90846],[-87.77556,41.90836],[-87.77556,41.90826],[-87.77555,41.90816],[-87.77555,41.90806],[-87.77555,41.90796],[-87.77554,41.90783],[-87.77554,41.9077],[-87.77554,41.90758],[-87.77553,41.90745],[-87.77553,41.90728],[-87.77561,41.90729],[-87.77553,41.90728],[-87.77553,41.90718],[-87.77552,41.90708],[-87.77552,41.907],[-87.77551,41.90684],[-87.77551,41.90667],[-87.7755,41.90651],[-87.7755,41.90635],[-87.7755,41.90624],[-87.7755,41.90612],[-87.77549,41.90601],[-87.77549,41.90589],[-87.77548,41.90574],[-87.77556,41.90574],[-87.77548,41.90574],[-87.77548,41.90563],[-87.77548,41.90547],[-87.77547,41.90532],[-87.77546,41.90516],[-87.77546,41.905],[-87.77545,41.90484],[-87.77545,41.90469],[-87.77545,41.90453],[-87.77544,41.90437],[-87.77544,41.90426],[-87.77544,41.90415],[-87.77543,41.90404],[-87.77543,41.90393],[-87.77542,41.90381],[-87.77542,41.90363],[-87.77549,41.90363],[-87.77542,41.90363],[-87.77541,41.90351],[-87.77541,41.90339],[-87.77541,41.90327],[-87.7754,41.90315],[-87.7754,41.90304],[-87.7754,41.90293],[-87.7754,41.90282],[-87.77539,41.90272],[-87.77538,41.90255],[-87.77538,41.90238],[-87.77538,41.90231],[-87.77538,41.90224],[-87.77538,41.90218],[-87.77537,41.902],[-87.77536,41.9019],[-87.77536,41.90179],[-87.77544,41.90179],[-87.77536,41.90179],[-87.77536,41.90173],[-87.77536,41.90158],[-87.77535,41.90142],[-87.77535,41.90125],[-87.77534,41.90108],[-87.77533,41.90095],[-87.77533,41.90082],[-87.77532,41.90069],[-87.77532,41.90056],[-87.77532,41.90042],[-87.77531,41.90029],[-87.77538,41.90029],[-87.77531,41.90029],[-87.77531,41.90019],[-87.77531,41.90008],[-87.77531,41.89998],[-87.7753,41.89988],[-87.7753,41.89977],[-87.77529,41.89967],[-87.77529,41.89957],[-87.77528,41.89948],[-87.77528,41.89938],[-87.77527,41.89923],[-87.77527,41.89909],[-87.77527,41.89896],[-87.77526,41.89882],[-87.77526,41.8987],[-87.77526,41.89858],[-87.77526,41.89847],[-87.77525,41.89837],[-87.77525,41.89825],[-87.77525,41.89813],[-87.77532,41.89811],[-87.77525,41.89813],[-87.77524,41.89802],[-87.77524,41.89791],[-87.77523,41.89775],[-87.77523,41.8976],[-87.77523,41.89744],[-87.77522,41.89727],[-87.77522,41.89713],[-87.77521,41.897],[-87.7752,41.89681],[-87.7752,41.89662],[-87.7752,41.89654],[-87.7752,41.89643],[-87.77519,41.89628],[-87.77526,41.89628],[-87.77519,41.89628],[-87.77519,41.89618],[-87.77519,41.89608],[-87.77518,41.89596],[-87.77518,41.89585],[-87.77518,41.89574],[-87.77517,41.89562],[-87.77517,41.89543],[-87.77516,41.89524],[-87.77516,41.89516],[-87.77516,41.89503],[-87.77516,41.89498],[-87.77515,41.89492],[-87.77524,41.89492],[-87.77515,41.89492],[-87.77514,41.89482],[-87.77514,41.89471],[-87.77514,41.8946],[-87.77514,41.89449],[-87.77513,41.89438],[-87.77513,41.89427],[-87.77512,41.89417],[-87.77511,41.89399],[-87.77511,41.89381],[-87.7751,41.89369],[-87.7751,41.89357],[-87.77509,41.89345],[-87.77509,41.89333],[-87.77509,41.89319],[-87.77509,41.89301],[-87.77508,41.89282],[-87.77507,41.89271],[-87.77506,41.89252],[-87.77506,41.89234],[-87.77506,41.89223],[-87.77505,41.89211],[-87.77505,41.892],[-87.77505,41.89188],[-87.77505,41.89176],[-87.77504,41.89163],[-87.77513,41.89162],[-87.77504,41.89163],[-87.77504,41.89153],[-87.77503,41.89143],[-87.77503,41.89136],[-87.77502,41.89124],[-87.77502,41.89113],[-87.77502,41.891],[-87.77501,41.89088],[-87.775,41.8907],[-87.775,41.89052],[-87.775,41.89041],[-87.77499,41.89029],[-87.77507,41.89029],[-87.77499,41.89029],[-87.77499,41.89016],[-87.77499,41.89002],[-87.77498,41.88987],[-87.77497,41.88974],[-87.77497,41.88962],[-87.77499,41.88951],[-87.77499,41.88938],[-87.77498,41.88925],[-87.77497,41.88912],[-87.77497,41.88899],[-87.77495,41.8889],[-87.77495,41.88877],[-87.77494,41.88864],[-87.77493,41.88862],[-87.77493,41.88848],[-87.77492,41.88837],[-87.77492,41.88825],[-87.77491,41.88815],[-87.77501,41.88817],[-87.77491,41.88815],[-87.7749,41.88802],[-87.7749,41.88792],[-87.7749,41.88776],[-87.7749,41.88766],[-87.77489,41.88759],[-87.77489,41.88749],[-87.77488,41.88734],[-87.77488,41.88719],[-87.77488,41.88718],[-87.77489,41.88708],[-87.77488,41.88696],[-87.77488,41.88685],[-87.77495,41.88685],[-87.77488,41.88685],[-87.77487,41.88672],[-87.77487,41.88659],[-87.77487,41.88647],[-87.77486,41.88633],[-87.77486,41.88628],[-87.77486,41.88618],[-87.77486,41.88603],[-87.77485,41.88589],[-87.77484,41.88574],[-87.77484,41.88559],[-87.77483,41.88548],[-87.77483,41.88537],[-87.77483,41.88529],[-87.77483,41.8852],[-87.7749,41.8852],[-87.77483,41.8852],[-87.77483,41.88507],[-87.77482,41.88494],[-87.77482,41.88481],[-87.77481,41.88468],[-87.77481,41.88456],[-87.7748,41.88444],[-87.77479,41.88433],[-87.77479,41.88421],[-87.77479,41.88412],[-87.77478,41.88402],[-87.77478,41.88399],[-87.77478,41.88395],[-87.77478,41.88386],[-87.77486,41.88386],[-87.77478,41.88386],[-87.77477,41.88369],[-87.77477,41.88359],[-87.77477,41.88349],[-87.77476,41.88339],[-87.77476,41.88329],[-87.77475,41.88313],[-87.77475,41.88297],[-87.77474,41.88281],[-87.77474,41.88265],[-87.77474,41.88248],[-87.77474,41.8823],[-87.77473,41.88212],[-87.77473,41.88197],[-87.77473,41.88182],[-87.77473,41.88177],[-87.7748,41.88177],[-87.77473,41.88177],[-87.77473,41.88167],[-87.77472,41.88157],[-87.77471,41.88142],[-87.7747,41.88132],[-87.7747,41.88122],[-87.77469,41.88108],[-87.77469,41.88094],[-87.77468,41.88079],[-87.77467,41.88065],[-87.77468,41.88061],[-87.77468,41.88058],[-87.77467,41.8805],[-87.77467,41.88032],[-87.77467,41.88015],[-87.77466,41.88003],[-87.77465,41.87987],[-87.77465,41.8797],[-87.77473,41.87969],[-87.77465,41.8797],[-87.77464,41.87956],[-87.77464,41.8795],[-87.77464,41.87941],[-87.77462,41.87938],[-87.77461,41.87924],[-87.77461,41.87909],[-87.7746,41.87895],[-87.7746,41.87881],[-87.7746,41.87867],[-87.7746,41.87853],[-87.7746,41.8784],[-87.7746,41.87826],[-87.77459,41.87816],[-87.77459,41.87803],[-87.77459,41.8779],[-87.77458,41.87772],[-87.77465,41.87772],[-87.77458,41.87772],[-87.77458,41.87761],[-87.77457,41.87744],[-87.77457,41.87734],[-87.77456,41.87725],[-87.77456,41.87715],[-87.77456,41.87705],[-87.77455,41.87691],[-87.77455,41.8768],[-87.77455,41.8767],[-87.77455,41.87657],[-87.77454,41.87644],[-87.77454,41.8763],[-87.77453,41.87614],[-87.7746,41.87614],[-87.77453,41.87614],[-87.77452,41.87599],[-87.77452,41.87584],[-87.77451,41.87568],[-87.77451,41.87563],[-87.7745,41.87546],[-87.7745,41.8753],[-87.77449,41.87513],[-87.77448,41.87496],[-87.77447,41.87485],[-87.77447,41.87473],[-87.77455,41.87473],[-87.77447,41.87473],[-87.77447,41.87462],[-87.77446,41.87452],[-87.77446,41.87434],[-87.77445,41.87416],[-87.77444,41.87399],[-87.77443,41.87382],[-87.77443,41.87366],[-87.77442,41.87349],[-87.77446,41.87345],[-87.77446,41.8734],[-87.77447,41.87324],[-87.77447,41.87308],[-87.77447,41.87294],[-87.77446,41.87286],[-87.77451,41.87289],[-87.77446,41.87286],[-87.77446,41.87277],[-87.77445,41.87261],[-87.77445,41.87246],[-87.77444,41.87238],[-87.77444,41.87222],[-87.77443,41.87211],[-87.77442,41.87194],[-87.77442,41.87177],[-87.77441,41.87171],[-87.77441,41.87159],[-87.7744,41.87147],[-87.77439,41.87136],[-87.77439,41.87124],[-87.77439,41.87113],[-87.77438,41.87111],[-87.77438,41.87107],[-87.77438,41.87106],[-87.77437,41.87089],[-87.77437,41.87074],[-87.77441,41.87076],[-87.77437,41.87074],[-87.77437,41.87065],[-87.77436,41.87056],[-87.77436,41.87041],[-87.77435,41.87029],[-87.77435,41.87018],[-87.77434,41.87006],[-87.77434,41.86995],[-87.77433,41.86982],[-87.77433,41.86965],[-87.77432,41.86948],[-87.7743,41.86929],[-87.77429,41.8691],[-87.77427,41.86899],[-87.77426,41.86886],[-87.77432,41.86885],[-87.77426,41.86886],[-87.77425,41.8687],[-87.77425,41.86855],[-87.77424,41.86839],[-87.77424,41.86824],[-87.77424,41.86812],[-87.77423,41.868],[-87.77423,41.86788],[-87.77422,41.86776],[-87.77421,41.86764],[-87.77421,41.86752],[-87.7742,41.8674],[-87.7742,41.86728],[-87.77404,41.86729],[-87.77389,41.86729],[-87.77373,41.86729],[-87.77357,41.8673],[-87.77336,41.86731],[-87.77315,41.86731],[-87.77315,41.86727],[-87.77315,41.86731],[-87.77297,41.86731],[-87.77296,41.86713],[-87.77295,41.86695],[-87.77294,41.86677],[-87.77293,41.86659],[-87.77293,41.86652],[-87.77292,41.86637],[-87.77291,41.86626],[-87.77291,41.86615],[-87.7729,41.86605],[-87.7729,41.86594],[-87.7729,41.86579],[-87.77289,41.86563],[-87.77296,41.86563],[-87.77289,41.86563],[-87.77288,41.86549],[-87.77307,41.86549],[-87.77326,41.86548],[-87.77345,41.86548],[-87.7736,41.86548],[-87.77375,41.86548],[-87.77391,41.86548],[-87.77406,41.86548],[-87.77407,41.86566]]}},{"type":"Feature","properties":{"agency":"CTA","route":"91","name":"Austin","color":"#99999C","type":3},"geometry":{"type":"LineString","coordinates":[[-87.77408,41.86585],[-87.77408,41.86585],[-87.77415,41.86587],[-87.77415,41.86592],[-87.77415,41.86606],[-87.77416,41.86621],[-87.77416,41.86635],[-87.77417,41.8665],[-87.77417,41.86654],[-87.77418,41.8667],[-87.77419,41.86686],[-87.77419,41.86702],[-87.7742,41.86718],[-87.7742,41.86722],[-87.7742,41.86728],[-87.7742,41.8674],[-87.77421,41.86752],[-87.77415,41.86753],[-87.77421,41.86752],[-87.77422,41.8677],[-87.77423,41.86788],[-87.77423,41.86806],[-87.77424,41.86824],[-87.77425,41.86843],[-87.77425,41.86861],[-87.77426,41.8688],[-87.77427,41.86899],[-87.77422,41.8691],[-87.77423,41.86924],[-87.77423,41.86937],[-87.77421,41.86937],[-87.77423,41.86937],[-87.77423,41.86948],[-87.77424,41.86959],[-87.77424,41.86971],[-87.77424,41.86982],[-87.77424,41.86995],[-87.77423,41.87013],[-87.77422,41.87031],[-87.77417,41.87031],[-87.77422,41.87031],[-87.77422,41.87041],[-87.77422,41.87056],[-87.77422,41.87066],[-87.77423,41.87075],[-87.77424,41.87087],[-87.77424,41.871],[-87.77424,41.87106],[-87.77425,41.87111],[-87.77426,41.87113],[-87.77426,41.87128],[-87.77427,41.87143],[-87.77428,41.87148],[-87.77429,41.87166],[-87.7743,41.87184],[-87.7743,41.87194],[-87.77431,41.87204],[-87.77432,41.87214],[-87.77432,41.87224],[-87.77433,41.87237],[-87.77433,41.8725],[-87.77434,41.87264],[-87.77435,41.87277],[-87.77435,41.87287],[-87.77436,41.87298],[-87.77435,41.87298],[-87.77436,41.87298],[-87.77437,41.87309],[-87.77438,41.87324],[-87.77438,41.87339],[-87.77439,41.87343],[-87.77442,41.8735],[-87.77443,41.87367],[-87.77443,41.87383],[-87.77444,41.874],[-87.77445,41.87416],[-87.77446,41.87434],[-87.77446,41.87452],[-87.77447,41.87462],[-87.77447,41.87475],[-87.7744,41.87475],[-87.77447,41.87475],[-87.77447,41.87485],[-87.77448,41.87496],[-87.77449,41.87513],[-87.7745,41.8753],[-87.7745,41.87546],[-87.77451,41.87563],[-87.77451,41.87568],[-87.77452,41.87584],[-87.77452,41.87595],[-87.77453,41.87607],[-87.77454,41.87618],[-87.77454,41.8763],[-87.77454,41.87644],[-87.77455,41.87657],[-87.77455,41.87673],[-87.77446,41.87673],[-87.77455,41.87673],[-87.77455,41.87691],[-87.77456,41.87705],[-87.77456,41.87715],[-87.77456,41.87725],[-87.77457,41.87734],[-87.77457,41.87744],[-87.77458,41.87761],[-87.77458,41.87774],[-87.77458,41.87788],[-87.77452,41.87788],[-87.77458,41.87788],[-87.77459,41.8779],[-87.77459,41.87803],[-87.77459,41.87816],[-87.7746,41.87826],[-87.7746,41.8784],[-87.7746,41.87853],[-87.7746,41.87867],[-87.7746,41.87881],[-87.7746,41.87895],[-87.77461,41.87909],[-87.77461,41.87924],[-87.77462,41.87938],[-87.77464,41.87941],[-87.77464,41.8795],[-87.77464,41.87956],[-87.77465,41.8797],[-87.77465,41.87987],[-87.77466,41.88003],[-87.77467,41.88015],[-87.77467,41.88029],[-87.77467,41.88043],[-87.77459,41.88043],[-87.77467,41.88043],[-87.77467,41.8805],[-87.77467,41.88058],[-87.77468,41.88061],[-87.77467,41.88065],[-87.77468,41.88079],[-87.77469,41.88094],[-87.77469,41.88108],[-87.7747,41.88122],[-87.7747,41.88132],[-87.77471,41.88142],[-87.77472,41.88157],[-87.77473,41.8817],[-87.77473,41.88182],[-87.77473,41.88197],[-87.77473,41.88212],[-87.77474,41.88224],[-87.77474,41.88237],[-87.77465,41.88237],[-87.77474,41.88237],[-87.77474,41.88248],[-87.77474,41.88265],[-87.77474,41.88281],[-87.77475,41.88297],[-87.77475,41.88313],[-87.77476,41.88329],[-87.77476,41.88339],[-87.77477,41.88349],[-87.77477,41.88359],[-87.77477,41.88369],[-87.77478,41.88382],[-87.77478,41.88395],[-87.77478,41.88399],[-87.77478,41.88402],[-87.77479,41.88412],[-87.77479,41.88421],[-87.7748,41.88436],[-87.77473,41.88436],[-87.7748,41.88436],[-87.77481,41.88452],[-87.77481,41.88468],[-87.77482,41.88483],[-87.77482,41.88499],[-87.77483,41.88514],[-87.77483,41.88529],[-87.77483,41.88537],[-87.77483,41.88548],[-87.77484,41.88559],[-87.77484,41.8857],[-87.77485,41.88581],[-87.77478,41.88581],[-87.77485,41.88581],[-87.77486,41.886],[-87.77486,41.88618],[-87.77486,41.88628],[-87.77486,41.88633],[-87.77487,41.88647],[-87.77487,41.88659],[-87.77487,41.88677],[-87.77488,41.88695],[-87.77482,41.88695],[-87.77488,41.88695],[-87.77489,41.88708],[-87.77488,41.88718],[-87.77488,41.88719],[-87.77488,41.88734],[-87.77489,41.88749],[-87.77489,41.88759],[-87.7749,41.88766],[-87.7749,41.88776],[-87.7749,41.88792],[-87.7749,41.88802],[-87.77491,41.88815],[-87.77492,41.88825],[-87.77492,41.88837],[-87.77486,41.88837],[-87.77492,41.88837],[-87.77493,41.88848],[-87.77493,41.88862],[-87.77494,41.88864],[-87.77495,41.88877],[-87.77495,41.8889],[-87.77497,41.88899],[-87.77497,41.88912],[-87.77498,41.88925],[-87.77499,41.88938],[-87.77499,41.88951],[-87.77497,41.88962],[-87.77497,41.88974],[-87.77498,41.88987],[-87.77499,41.89002],[-87.775,41.89018],[-87.775,41.89034],[-87.77493,41.89035],[-87.775,41.89034],[-87.775,41.89052],[-87.775,41.8907],[-87.77501,41.89088],[-87.77502,41.891],[-87.77502,41.89113],[-87.77502,41.89124],[-87.77503,41.89136],[-87.77503,41.89143],[-87.77504,41.89153],[-87.77504,41.89163],[-87.77504,41.89173],[-87.77496,41.89173],[-87.77504,41.89173],[-87.77505,41.89188],[-87.77505,41.892],[-87.77505,41.89211],[-87.77506,41.89223],[-87.77506,41.89234],[-87.77506,41.89252],[-87.77507,41.89271],[-87.77508,41.89282],[-87.77509,41.89301],[-87.77509,41.89319],[-87.77509,41.89333],[-87.77509,41.89345],[-87.7751,41.89357],[-87.7751,41.89369],[-87.77511,41.89381],[-87.77511,41.89399],[-87.77512,41.89417],[-87.77513,41.89427],[-87.77513,41.89438],[-87.77514,41.89449],[-87.77514,41.8946],[-87.77514,41.89471],[-87.77515,41.89484],[-87.77516,41.89498],[-87.77505,41.89497],[-87.77516,41.89498],[-87.77516,41.89503],[-87.77516,41.89516],[-87.77516,41.89524],[-87.77517,41.89543],[-87.77517,41.89562],[-87.77518,41.89574],[-87.77518,41.89585],[-87.77518,41.89596],[-87.77519,41.89608],[-87.77519,41.89625],[-87.7752,41.89643],[-87.7752,41.89654],[-87.7752,41.89662],[-87.7752,41.89676],[-87.77521,41.8969],[-87.77514,41.8969],[-87.77521,41.8969],[-87.77521,41.897],[-87.77522,41.89713],[-87.77522,41.89727],[-87.77523,41.89744],[-87.77523,41.8976],[-87.77523,41.89775],[-87.77524,41.89791],[-87.77524,41.89802],[-87.77525,41.89813],[-87.77525,41.89825],[-87.77525,41.89837],[-87.77526,41.89847],[-87.77526,41.89858],[-87.77519,41.89858],[-87.77526,41.89858],[-87.77526,41.8987],[-87.77526,41.89882],[-87.77527,41.89896],[-87.77527,41.89909],[-87.77527,41.89923],[-87.77528,41.89938],[-87.77528,41.89948],[-87.77529,41.89957],[-87.77529,41.89967],[-87.7753,41.89977],[-87.7753,41.89988],[-87.77531,41.89998],[-87.77531,41.90008],[-87.77531,41.90019],[-87.77532,41.90035],[-87.77532,41.90046],[-87.77532,41.90056],[-87.77525,41.90051],[-87.77532,41.90056],[-87.77532,41.90069],[-87.77533,41.90082],[-87.77533,41.90095],[-87.77534,41.90108],[-87.77535,41.90125],[-87.77535,41.90142],[-87.77536,41.90158],[-87.77536,41.90173],[-87.77536,41.90186],[-87.77527,41.90186],[-87.77536,41.90186],[-87.77537,41.902],[-87.77538,41.90218],[-87.77538,41.90224],[-87.77538,41.90231],[-87.77538,41.90238],[-87.77538,41.90255],[-87.77539,41.90272],[-87.7754,41.90282],[-87.7754,41.90293],[-87.7754,41.90304],[-87.7754,41.90315],[-87.77541,41.90331],[-87.77541,41.90348],[-87.77541,41.90364],[-87.77542,41.90381],[-87.77543,41.90393],[-87.77543,41.90407],[-87.77537,41.90407],[-87.77543,41.90407],[-87.77544,41.90422],[-87.77544,41.90437],[-87.77545,41.90453],[-87.77545,41.90469],[-87.77545,41.90484],[-87.77546,41.905],[-87.77546,41.90516],[-87.77547,41.90532],[-87.77548,41.90547],[-87.77548,41.90563],[-87.77549,41.90576],[-87.77549,41.90589],[-87.77543,41.90588],[-87.77549,41.90589],[-87.77549,41.90601],[-87.7755,41.90612],[-87.7755,41.90624],[-87.7755,41.90635],[-87.7755,41.90651],[-87.77551,41.90667],[-87.77551,41.90684],[-87.77552,41.907],[-87.77552,41.90708],[-87.77553,41.90718],[-87.77553,41.90728],[-87.77553,41.90745],[-87.77554,41.90758],[-87.77554,41.90772],[-87.77549,41.90772],[-87.77554,41.90772],[-87.77554,41.90784],[-87.77555,41.90796],[-87.77555,41.90806],[-87.77555,41.90816],[-87.77556,41.90826],[-87.77556,41.90836],[-87.77556,41.90846],[-87.77557,41.90856],[-87.77557,41.90866],[-87.77557,41.90876],[-87.77557,41.90884],[-87.77558,41.90899],[-87.77558,41.90905],[-87.77559,41.90907],[-87.77552,41.90908],[-87.77559,41.90907],[-87.77559,41.90909],[-87.77559,41.90911],[-87.7756,41.90919],[-87.77552,41.90932],[-87.77543,41.90945],[-87.77536,41.90956],[-87.77528,41.90967],[-87.77524,41.90977],[-87.77524,41.90984],[-87.77524,41.90998],[-87.77525,41.91012],[-87.77526,41.91026],[-87.77526,41.9104],[-87.77527,41.91053],[-87.77527,41.91067],[-87.77527,41.91081],[-87.77528,41.91095],[-87.77521,41.91096],[-87.77528,41.91095],[-87.77528,41.91109],[-87.77528,41.9112],[-87.77529,41.9113],[-87.77529,41.91141],[-87.77529,41.91152],[-87.7753,41.91162],[-87.7753,41.91173],[-87.77531,41.91183],[-87.77531,41.91194],[-87.77531,41.91205],[-87.77532,41.91215],[-87.77532,41.91226],[-87.77532,41.91237],[-87.77533,41.91247],[-87.77533,41.91258],[-87.77534,41.91268],[-87.77534,41.91279],[-87.77527,41.91279],[-87.77534,41.91279]]}},{"type":"Feature","properties":{"agency":"CTA","route":"86","name":"Narragansett/Ridgeland","color":"#99999C","type":3},"geometry":{"type":"LineString","coordinates":[[-87.78257,41.88822],[-87.78257,41.88822],[-87.78257,41.88825],[-87.78234,41.88824],[-87.7821,41.88823],[-87.78193,41.88823],[-87.78176,41.88822],[-87.7816,41.88822],[-87.78143,41.88822],[-87.78124,41.88821],[-87.78105,41.8882],[-87.78092,41.8882],[-87.78079,41.8882],[-87.78066,41.88819],[-87.78053,41.88819],[-87.78038,41.8882],[-87.78024,41.88819],[-87.78002,41.88818],[-87.78002,41.88815],[-87.78002,41.88818],[-87.77981,41.88818],[-87.7798,41.88801],[-87.7798,41.88783],[-87.77979,41.88768],[-87.77979,41.88754],[-87.77979,41.88747],[-87.77978,41.88729],[-87.77978,41.88727],[-87.77978,41.88711],[-87.77978,41.88707],[-87.77993,41.88707],[-87.78009,41.88706],[-87.78024,41.88706],[-87.7804,41.88706],[-87.78044,41.88706],[-87.78068,41.88706],[-87.78086,41.88706],[-87.78104,41.88705],[-87.78122,41.88705],[-87.7814,41.88705],[-87.78158,41.88704],[-87.78176,41.88703],[-87.78195,41.88703],[-87.78213,41.88702],[-87.78219,41.88702],[-87.78233,41.88701],[-87.78247,41.88701],[-87.78261,41.887],[-87.78281,41.88699],[-87.78302,41.88698],[-87.7832,41.88698],[-87.78338,41.88697],[-87.78357,41.88697],[-87.78375,41.88697],[-87.78392,41.88697],[-87.78409,41.88696],[-87.78425,41.88696],[-87.78442,41.88696],[-87.78442,41.887],[-87.78442,41.88696],[-87.78466,41.88696],[-87.78466,41.88708],[-87.78467,41.88721],[-87.78467,41.88734],[-87.78467,41.88746],[-87.78467,41.88759],[-87.78468,41.88772],[-87.78468,41.88783],[-87.78468,41.88793],[-87.78469,41.88804],[-87.78469,41.88815],[-87.7846,41.88815],[-87.78469,41.88815],[-87.78469,41.88833],[-87.78469,41.88844],[-87.78469,41.88855],[-87.7847,41.88867],[-87.7847,41.88878],[-87.78471,41.88886],[-87.78471,41.88905],[-87.78472,41.88922],[-87.78472,41.88932],[-87.78472,41.88942],[-87.78473,41.88952],[-87.78473,41.88962],[-87.78473,41.88972],[-87.78473,41.88982],[-87.78474,41.88992],[-87.78474,41.89002],[-87.78475,41.89021],[-87.78468,41.89021],[-87.78475,41.89021],[-87.78475,41.89036],[-87.78476,41.89049],[-87.78476,41.89062],[-87.78477,41.89081],[-87.78477,41.89095],[-87.78478,41.8911],[-87.78478,41.89126],[-87.78479,41.89142],[-87.78479,41.89156],[-87.78473,41.89156],[-87.78479,41.89156],[-87.78479,41.89172],[-87.78479,41.89184],[-87.7848,41.89196],[-87.7848,41.89207],[-87.78481,41.89219],[-87.78481,41.89231],[-87.78481,41.89243],[-87.78482,41.89254],[-87.78482,41.89266],[-87.78483,41.8928],[-87.78483,41.89299],[-87.78477,41.89296],[-87.78483,41.89299],[-87.78483,41.89309],[-87.78484,41.89326],[-87.78484,41.89344],[-87.78485,41.89359],[-87.78485,41.89373],[-87.78485,41.89388],[-87.78486,41.89403],[-87.78486,41.89409],[-87.78486,41.89428],[-87.78487,41.89441],[-87.78479,41.89441],[-87.78487,41.89441],[-87.78487,41.89444],[-87.78487,41.89457],[-87.78487,41.89467],[-87.78488,41.89478],[-87.78489,41.89489],[-87.78489,41.89499],[-87.78489,41.89512],[-87.7849,41.89524],[-87.7849,41.89536],[-87.7849,41.89546],[-87.78491,41.89556],[-87.78491,41.89567],[-87.78492,41.89577],[-87.78493,41.8959],[-87.78493,41.89603],[-87.78494,41.89617],[-87.78494,41.8963],[-87.78489,41.8963],[-87.78494,41.8963],[-87.78494,41.8964],[-87.78494,41.89653],[-87.78495,41.89666],[-87.78495,41.89678],[-87.78496,41.8969],[-87.78496,41.89702],[-87.78497,41.89715],[-87.78498,41.89727],[-87.78498,41.89739],[-87.78499,41.89751],[-87.78499,41.89763],[-87.785,41.8978],[-87.785,41.89793],[-87.78501,41.89809],[-87.78495,41.89809],[-87.78501,41.89809],[-87.78501,41.89822],[-87.785,41.89832],[-87.785,41.89842],[-87.78501,41.89859],[-87.78501,41.89876],[-87.78502,41.89893],[-87.78503,41.8991],[-87.78503,41.89928],[-87.78504,41.89945],[-87.78504,41.89962],[-87.78505,41.89979],[-87.785,41.89979],[-87.78505,41.89979],[-87.78505,41.89989],[-87.78506,41.90004],[-87.78506,41.90019],[-87.78507,41.90035],[-87.78508,41.9005],[-87.78508,41.90065],[-87.78509,41.9008],[-87.78509,41.90096],[-87.7851,41.90111],[-87.78509,41.90117],[-87.78509,41.90127],[-87.78505,41.90138],[-87.78502,41.90148],[-87.78494,41.90166],[-87.78489,41.90165],[-87.78494,41.90166],[-87.7849,41.90177],[-87.78485,41.90188],[-87.78466,41.90188],[-87.78447,41.90188],[-87.7843,41.90189],[-87.78412,41.90189],[-87.78413,41.90208],[-87.78414,41.90226],[-87.78414,41.90243],[-87.78415,41.9026],[-87.78415,41.90277],[-87.78416,41.90294],[-87.78417,41.90311],[-87.78417,41.90328],[-87.78418,41.90345],[-87.78418,41.90362],[-87.78417,41.90369],[-87.78415,41.90369],[-87.78417,41.90369],[-87.78416,41.9038],[-87.78412,41.90392],[-87.78408,41.90404],[-87.78404,41.90416],[-87.784,41.90428],[-87.78397,41.9044],[-87.78393,41.90452],[-87.78389,41.90464],[-87.78385,41.90476],[-87.7838,41.9049],[-87.78377,41.905],[-87.78373,41.90511],[-87.78369,41.90523],[-87.78366,41.90534],[-87.78362,41.90545],[-87.78358,41.90556],[-87.78355,41.90561],[-87.78352,41.90565],[-87.78347,41.90562],[-87.78352,41.90565],[-87.78349,41.90568],[-87.78342,41.90575],[-87.78333,41.90586],[-87.7833,41.90593],[-87.78328,41.90598],[-87.78327,41.90601],[-87.78327,41.90604],[-87.78327,41.90609],[-87.78327,41.90614],[-87.78327,41.90628],[-87.78328,41.90641],[-87.78328,41.90655],[-87.78329,41.90669],[-87.78329,41.90682],[-87.78329,41.90696],[-87.7833,41.90709],[-87.7833,41.90723],[-87.78323,41.90723],[-87.7833,41.90723],[-87.78331,41.90733],[-87.78331,41.90744],[-87.78332,41.90755],[-87.78332,41.90766],[-87.78333,41.90777],[-87.78333,41.90788],[-87.78333,41.90799],[-87.78334,41.9081],[-87.78334,41.90821],[-87.78334,41.90825],[-87.78334,41.90835],[-87.78334,41.90845],[-87.78335,41.90856],[-87.78335,41.90866],[-87.78335,41.9088],[-87.78335,41.90894],[-87.78335,41.90906],[-87.78335,41.90917],[-87.78356,41.90916],[-87.78382,41.90916],[-87.78407,41.90916],[-87.7842,41.90916],[-87.78433,41.90916],[-87.78441,41.90915],[-87.78449,41.90916],[-87.78473,41.90915],[-87.78486,41.90915],[-87.785,41.90915],[-87.785,41.90927],[-87.78502,41.90949],[-87.78502,41.90959],[-87.78495,41.90959],[-87.78502,41.90959],[-87.78502,41.90964],[-87.78502,41.90972],[-87.78502,41.9098],[-87.78503,41.90998],[-87.78503,41.91009],[-87.78504,41.9102],[-87.78504,41.91037],[-87.78505,41.91054],[-87.78505,41.9107],[-87.78506,41.91087],[-87.785,41.91087],[-87.78506,41.91087],[-87.78506,41.91096],[-87.78507,41.91111],[-87.78507,41.91127],[-87.78508,41.91142],[-87.78508,41.91157],[-87.78508,41.91173],[-87.78509,41.91188],[-87.78509,41.91204],[-87.7851,41.91219],[-87.78511,41.91232],[-87.78511,41.91245],[-87.78511,41.91256],[-87.78511,41.91267],[-87.78504,41.91267],[-87.78511,41.91267]]}},{"type":"Feature","properties":{"agency":"CTA","route":"86","name":"Narragansett/Ridgeland","color":"#99999C","type":3},"geometry":{"type":"LineString","coordinates":[[-87.78512,41.91262],[-87.78511,41.91245],[-87.78511,41.91232],[-87.7851,41.91219],[-87.78509,41.91205],[-87.78509,41.91192],[-87.78508,41.91178],[-87.78508,41.91165],[-87.78508,41.91151],[-87.78507,41.91137],[-87.78507,41.91124],[-87.78506,41.9111],[-87.78514,41.9111],[-87.78506,41.9111],[-87.78506,41.91096],[-87.78506,41.91084],[-87.78505,41.91072],[-87.78505,41.91059],[-87.78504,41.91047],[-87.78504,41.91035],[-87.78504,41.91022],[-87.78503,41.9101],[-87.78503,41.90998],[-87.78502,41.9098],[-87.78502,41.90972],[-87.78491,41.90972],[-87.78486,41.90973],[-87.78469,41.90973],[-87.78466,41.90973],[-87.78463,41.90972],[-87.78461,41.90971],[-87.78459,41.9097],[-87.78456,41.90967],[-87.78455,41.90966],[-87.78453,41.9096],[-87.78453,41.90947],[-87.78451,41.9094],[-87.78451,41.90939]]}},{"type":"Feature","properties":{"agency":"CTA","route":"66","name":"Chicago","color":"#414145","type":3},"geometry":{"type":"LineString","coordinates":[[-87.77041,41.89479],[-87.7706,41.89479],[-87.77061,41.89485],[-87.7706,41.89479],[-87.77068,41.89478],[-87.77087,41.89478],[-87.77106,41.89478],[-87.77125,41.89477],[-87.77144,41.89477],[-87.77155,41.89477],[-87.77165,41.89477],[-87.7719,41.89476],[-87.77215,41.89476],[-87.7723,41.89476],[-87.77243,41.89476],[-87.77256,41.89476],[-87.77264,41.89476],[-87.77265,41.89484],[-87.77264,41.89476],[-87.77286,41.89476],[-87.77308,41.89475],[-87.7732,41.89475],[-87.7734,41.89475],[-87.77362,41.89474],[-87.77379,41.89474],[-87.77399,41.89473],[-87.77419,41.89473],[-87.77439,41.89473],[-87.77459,41.89472],[-87.77478,41.89481],[-87.77488,41.89498],[-87.77487,41.89506],[-87.77478,41.89511],[-87.77464,41.89513],[-87.77445,41.89511],[-87.77445,41.895]]}},{"type":"Feature","properties":{"agency":"CTA","route":"86","name":"Narragansett/Ridgeland","color":"#99999C","type":3},"geometry":{"type":"LineString","coordinates":[[-87.78495,41.90959],[-87.78495,41.90959],[-87.78502,41.90959],[-87.78502,41.90964],[-87.78502,41.90972],[-87.78502,41.9098],[-87.78503,41.90998],[-87.78503,41.91009],[-87.78504,41.9102],[-87.78504,41.91037],[-87.78505,41.91054],[-87.78505,41.9107],[-87.78506,41.91087],[-87.785,41.91087],[-87.78506,41.91087],[-87.78506,41.91096],[-87.78507,41.91111],[-87.78507,41.91127],[-87.78508,41.91142],[-87.78508,41.91157],[-87.78508,41.91173],[-87.78509,41.91188],[-87.78509,41.91204],[-87.7851,41.91219],[-87.78511,41.91232],[-87.78511,41.91245],[-87.78511,41.91256],[-87.78511,41.91267],[-87.78504,41.91267],[-87.78511,41.91267]]}},{"type":"Feature","properties":{"agency":"CTA","route":"90","name":"Harlem","color":"#99999C","type":3},"geometry":{"type":"LineString","coordinates":[[-87.80589,41.9125],[-87.80589,41.91239],[-87.80588,41.91229],[-87.80597,41.91229],[-87.80588,41.91229],[-87.80588,41.91222],[-87.80588,41.91204],[-87.80588,41.91186],[-87.80587,41.91176],[-87.80586,41.91166],[-87.80585,41.91153],[-87.80585,41.91141],[-87.80585,41.91128],[-87.80584,41.91115],[-87.80583,41.91099],[-87.80582,41.91083],[-87.80593,41.91082],[-87.80582,41.91083],[-87.80581,41.9107],[-87.80581,41.9106],[-87.80581,41.91051],[-87.8058,41.91041],[-87.8058,41.91031],[-87.8058,41.91016],[-87.80579,41.91002],[-87.80579,41.90996],[-87.80578,41.90982],[-87.80577,41.90967],[-87.80577,41.90951],[-87.80576,41.9094],[-87.80576,41.90929],[-87.80575,41.90911],[-87.8059,41.90911],[-87.80575,41.90911],[-87.80575,41.909],[-87.80574,41.90889],[-87.80574,41.90878],[-87.80574,41.9086],[-87.80574,41.90847],[-87.80574,41.9084],[-87.80573,41.90828],[-87.80573,41.90817],[-87.80573,41.90807],[-87.80573,41.90796],[-87.80573,41.9079],[-87.80573,41.90779],[-87.80572,41.90769],[-87.80572,41.90758],[-87.80572,41.90747],[-87.80572,41.90736],[-87.80572,41.90724],[-87.80584,41.90724],[-87.80572,41.90724],[-87.80572,41.90713],[-87.80571,41.90703],[-87.80571,41.90692],[-87.8057,41.90682],[-87.8057,41.90671],[-87.80569,41.9066],[-87.80569,41.9065],[-87.80568,41.90639],[-87.80568,41.90629],[-87.80567,41.90618],[-87.80567,41.90607],[-87.80567,41.90597],[-87.80566,41.90586],[-87.80566,41.90575],[-87.80565,41.90565],[-87.80565,41.90554],[-87.80564,41.90544],[-87.80564,41.90533],[-87.80575,41.90532],[-87.80564,41.90533],[-87.80564,41.90519],[-87.80564,41.90508],[-87.80563,41.90498],[-87.80563,41.90487],[-87.80563,41.90477],[-87.80562,41.90466],[-87.80562,41.90456],[-87.80561,41.90445],[-87.80561,41.90434],[-87.80561,41.90424],[-87.8056,41.90413],[-87.8056,41.90403],[-87.80559,41.90392],[-87.80559,41.90382],[-87.80559,41.90371],[-87.80558,41.90361],[-87.80558,41.9035],[-87.80568,41.90349],[-87.80558,41.9035],[-87.80558,41.90336],[-87.80557,41.90321],[-87.80557,41.90306],[-87.80556,41.9029],[-87.80555,41.90275],[-87.80554,41.9026],[-87.80554,41.90245],[-87.80553,41.90229],[-87.80552,41.90214],[-87.80551,41.90195],[-87.8055,41.90176],[-87.80562,41.90176],[-87.8055,41.90176],[-87.8055,41.90165],[-87.8055,41.90154],[-87.8055,41.90143],[-87.80549,41.90131],[-87.80549,41.9012],[-87.80549,41.90109],[-87.80549,41.90094],[-87.80548,41.90078],[-87.80548,41.90063],[-87.80547,41.90048],[-87.80546,41.90033],[-87.80546,41.90017],[-87.80545,41.90002],[-87.80545,41.89987],[-87.80555,41.89987],[-87.80545,41.89987],[-87.80544,41.89972],[-87.80543,41.89954],[-87.80542,41.89935],[-87.80542,41.89917],[-87.80541,41.89899],[-87.8054,41.89889],[-87.8054,41.89878],[-87.8054,41.89868],[-87.80539,41.89858],[-87.80539,41.89845],[-87.80538,41.89832],[-87.80537,41.89819],[-87.80537,41.89806],[-87.80548,41.89806],[-87.80537,41.89806],[-87.80536,41.89791],[-87.80536,41.89786],[-87.80536,41.89775],[-87.80535,41.89765],[-87.80535,41.89755],[-87.80534,41.89744],[-87.80533,41.89734],[-87.80533,41.89724],[-87.80532,41.89715],[-87.80532,41.89705],[-87.80531,41.89687],[-87.80531,41.89669],[-87.80531,41.89659],[-87.8053,41.89648],[-87.8053,41.89637],[-87.80529,41.89627],[-87.80529,41.8962],[-87.80543,41.8962],[-87.80529,41.8962],[-87.80529,41.89608],[-87.80529,41.89598],[-87.80528,41.89589],[-87.80528,41.89579],[-87.80528,41.8957],[-87.80528,41.8956],[-87.80527,41.8955],[-87.80527,41.89541],[-87.80527,41.89531],[-87.80527,41.89515],[-87.80527,41.89504],[-87.80527,41.89493],[-87.80526,41.89482],[-87.80526,41.89471],[-87.80525,41.89461],[-87.80524,41.89443],[-87.80535,41.89443],[-87.80524,41.89443],[-87.80523,41.89424],[-87.80522,41.89405],[-87.80522,41.89392],[-87.80522,41.89385],[-87.80521,41.89367],[-87.80521,41.89356],[-87.80521,41.89338],[-87.8052,41.8932],[-87.80519,41.89303],[-87.80518,41.89287],[-87.80518,41.8927],[-87.80518,41.89254],[-87.80526,41.89238],[-87.80517,41.89238],[-87.80516,41.89219],[-87.80515,41.89209],[-87.80515,41.89199],[-87.80514,41.8918],[-87.80514,41.89168],[-87.80513,41.89156],[-87.80513,41.89151],[-87.80513,41.89142],[-87.80513,41.89131],[-87.80512,41.89121],[-87.80512,41.8911],[-87.80512,41.89099],[-87.80511,41.89087],[-87.80511,41.89076],[-87.8051,41.89064],[-87.8051,41.89052],[-87.80509,41.89037],[-87.80509,41.89021],[-87.80523,41.89021],[-87.80509,41.89021],[-87.80509,41.89011],[-87.80509,41.88994],[-87.80508,41.88977],[-87.80508,41.88965],[-87.80507,41.88954],[-87.80507,41.88941],[-87.80506,41.88924],[-87.80506,41.88909],[-87.80506,41.88893],[-87.80505,41.88882],[-87.8052,41.88882],[-87.80505,41.88882],[-87.80505,41.8887],[-87.80505,41.88858],[-87.80504,41.88842],[-87.80503,41.88825],[-87.80503,41.88806],[-87.80503,41.88788],[-87.80502,41.88776],[-87.80501,41.88766],[-87.805,41.88755],[-87.805,41.88744],[-87.805,41.88734],[-87.80499,41.88723],[-87.80499,41.88712],[-87.80481,41.88712],[-87.80462,41.88712],[-87.80437,41.88712],[-87.80411,41.88713],[-87.80403,41.88713],[-87.80403,41.8871],[-87.80385,41.88711],[-87.80367,41.88711],[-87.80349,41.88712],[-87.80331,41.88713],[-87.80313,41.88713],[-87.80295,41.88714],[-87.80278,41.88714],[-87.8026,41.88715],[-87.80237,41.88719],[-87.80219,41.88719],[-87.802,41.8872],[-87.80181,41.8872],[-87.80163,41.88721],[-87.80144,41.88721],[-87.80125,41.88722],[-87.80106,41.88722],[-87.80088,41.88722],[-87.80078,41.88722],[-87.80068,41.88719],[-87.80054,41.88705],[-87.80041,41.88691],[-87.80038,41.88686],[-87.80038,41.88682],[-87.80043,41.88679],[-87.80068,41.88678],[-87.80094,41.88678],[-87.80119,41.88678],[-87.80145,41.88678],[-87.8017,41.88677],[-87.80196,41.88677],[-87.80221,41.88677],[-87.80246,41.88676],[-87.80262,41.88676],[-87.80278,41.88676],[-87.80288,41.88677],[-87.80307,41.88678]]}},{"type":"Feature","properties":{"agency":"CTA","route":"66","name":"Chicago","color":"#414145","type":3},"geometry":{"type":"LineString","coordinates":[[-87.77444,41.8949],[-87.77444,41.8949],[-87.77437,41.89472],[-87.77426,41.89472],[-87.7741,41.89472],[-87.77393,41.89473],[-87.77376,41.89473],[-87.7736,41.89473],[-87.77337,41.89473],[-87.77314,41.89474],[-87.77299,41.89474],[-87.77285,41.89475],[-87.77271,41.89475],[-87.77256,41.89475],[-87.77243,41.89475],[-87.7723,41.89475],[-87.77211,41.89476],[-87.77193,41.89476],[-87.77193,41.8947],[-87.77193,41.89476],[-87.77168,41.89476],[-87.77143,41.89476],[-87.77118,41.89476],[-87.77093,41.89477],[-87.77068,41.89477],[-87.77048,41.89478]]}},{"type":"Feature","properties":{"agency":"CTA","route":"86","name":"Narragansett/Ridgeland","color":"#99999C","type":3},"geometry":{"type":"LineString","coordinates":[[-87.78512,41.91262],[-87.78511,41.91245],[-87.78511,41.91232],[-87.7851,41.91219],[-87.78509,41.91205],[-87.78509,41.91192],[-87.78508,41.91178],[-87.78508,41.91165],[-87.78508,41.91151],[-87.78507,41.91137],[-87.78507,41.91124],[-87.78506,41.9111],[-87.78514,41.9111],[-87.78506,41.9111],[-87.78506,41.91096],[-87.78505,41.91078],[-87.78505,41.91059],[-87.78504,41.9104],[-87.78504,41.91022],[-87.78503,41.9101],[-87.78503,41.90998],[-87.78502,41.9098],[-87.78502,41.90972],[-87.78502,41.90964],[-87.785,41.90927],[-87.785,41.90915],[-87.78486,41.90915],[-87.78473,41.90915],[-87.78449,41.90911],[-87.78434,41.90911],[-87.7842,41.90911],[-87.78406,41.90912],[-87.78383,41.90912],[-87.78369,41.90913],[-87.78355,41.90913],[-87.78357,41.90908],[-87.78355,41.90913],[-87.78336,41.90913],[-87.78335,41.90894],[-87.78335,41.9088],[-87.78335,41.90866],[-87.78335,41.90856],[-87.78334,41.90845],[-87.78334,41.90835],[-87.78334,41.90825],[-87.78334,41.90821],[-87.78333,41.90807],[-87.78333,41.90795],[-87.78333,41.90782],[-87.78332,41.90775],[-87.78332,41.90767],[-87.78332,41.90764],[-87.78332,41.9075],[-87.78332,41.90749],[-87.78332,41.90745],[-87.78338,41.90745],[-87.78332,41.90745],[-87.78331,41.90733],[-87.78331,41.90722],[-87.7833,41.90709],[-87.7833,41.90696],[-87.78329,41.90684],[-87.78329,41.90671],[-87.78329,41.90658],[-87.78328,41.90646],[-87.78328,41.90633],[-87.78327,41.9062],[-87.78327,41.90614],[-87.78333,41.90612],[-87.78327,41.90614],[-87.78327,41.90612],[-87.78327,41.90609],[-87.78327,41.90604],[-87.78327,41.90601],[-87.78328,41.90598],[-87.7833,41.90593],[-87.7833,41.90592],[-87.78334,41.90585],[-87.78344,41.90574],[-87.7835,41.90567],[-87.78355,41.90561],[-87.78356,41.9056],[-87.78358,41.90556],[-87.78361,41.90547],[-87.78362,41.90545],[-87.78366,41.90534],[-87.78369,41.90523],[-87.78373,41.90511],[-87.78377,41.905],[-87.7838,41.9049],[-87.78385,41.90476],[-87.78388,41.90465],[-87.78392,41.90455],[-87.78396,41.90444],[-87.78399,41.90434],[-87.78402,41.90423],[-87.78406,41.90412],[-87.78409,41.90402],[-87.78413,41.90391],[-87.78421,41.90392],[-87.78413,41.90391],[-87.78416,41.9038],[-87.78418,41.90362],[-87.78418,41.90345],[-87.78417,41.90328],[-87.78417,41.90311],[-87.78416,41.90293],[-87.78415,41.90276],[-87.78415,41.90259],[-87.78414,41.90242],[-87.78414,41.90225],[-87.78422,41.90213],[-87.78426,41.90205],[-87.78428,41.90204],[-87.78431,41.90205],[-87.78428,41.90204],[-87.78431,41.90201],[-87.78436,41.90197],[-87.78441,41.90194],[-87.78446,41.90191],[-87.78449,41.90189],[-87.78467,41.90189],[-87.78485,41.90188],[-87.78489,41.90178],[-87.78494,41.90168],[-87.78498,41.90158],[-87.78502,41.90148],[-87.78505,41.90138],[-87.78508,41.90128],[-87.78509,41.90118],[-87.78509,41.90112],[-87.78509,41.90098],[-87.78508,41.90084],[-87.78508,41.9007],[-87.78508,41.90056],[-87.78507,41.90042],[-87.78507,41.90028],[-87.78506,41.90014],[-87.78506,41.9],[-87.78511,41.9],[-87.78506,41.9],[-87.78505,41.89989],[-87.78504,41.89971],[-87.78504,41.89952],[-87.78503,41.89934],[-87.78503,41.89916],[-87.78502,41.89897],[-87.78501,41.89879],[-87.78501,41.8986],[-87.785,41.89842],[-87.78501,41.89836],[-87.78507,41.89836],[-87.78501,41.89836],[-87.78501,41.89822],[-87.78501,41.89807],[-87.785,41.89793],[-87.785,41.8978],[-87.78499,41.89763],[-87.78499,41.89751],[-87.78498,41.89739],[-87.78498,41.89727],[-87.78497,41.89715],[-87.78496,41.89702],[-87.78496,41.8969],[-87.78495,41.89678],[-87.78495,41.89666],[-87.78495,41.89656],[-87.785,41.89656],[-87.78495,41.89656],[-87.78494,41.8964],[-87.78494,41.89621],[-87.78493,41.89603],[-87.78493,41.8959],[-87.78492,41.89577],[-87.78492,41.89575],[-87.78491,41.8956],[-87.7849,41.89544],[-87.7849,41.89536],[-87.7849,41.89528],[-87.78489,41.89515],[-87.78489,41.89512],[-87.78489,41.89504],[-87.78489,41.89499],[-87.78488,41.8949],[-87.78488,41.89476],[-87.78496,41.89475],[-87.78488,41.89476],[-87.78488,41.89471],[-87.78487,41.89457],[-87.78487,41.89444],[-87.78486,41.89428],[-87.78486,41.89409],[-87.78486,41.89403],[-87.78485,41.89388],[-87.78485,41.89373],[-87.78485,41.89359],[-87.78484,41.89344],[-87.78484,41.89332],[-87.78484,41.89321],[-87.7849,41.89321],[-87.78484,41.89321],[-87.78483,41.89309],[-87.78483,41.89299],[-87.78483,41.8928],[-87.78482,41.89266],[-87.78482,41.89256],[-87.78481,41.89245],[-87.78481,41.89235],[-87.78481,41.89225],[-87.78481,41.89215],[-87.78481,41.89205],[-87.7848,41.89194],[-87.7848,41.89184],[-87.78485,41.89184],[-87.7848,41.89184],[-87.78479,41.89172],[-87.78479,41.89157],[-87.78479,41.89142],[-87.78478,41.89126],[-87.78478,41.8911],[-87.78477,41.89095],[-87.78477,41.89081],[-87.78476,41.89062],[-87.78476,41.89047],[-87.78481,41.89046],[-87.78476,41.89047],[-87.78475,41.89036],[-87.78475,41.89019],[-87.78474,41.89002],[-87.78474,41.88992],[-87.78473,41.88982],[-87.78473,41.88972],[-87.78473,41.88962],[-87.78473,41.88952],[-87.78472,41.88942],[-87.78472,41.88932],[-87.78472,41.88922],[-87.78471,41.88905],[-87.78471,41.88886],[-87.7847,41.88878],[-87.7847,41.88867],[-87.78469,41.88855],[-87.78469,41.88844],[-87.78469,41.88833],[-87.78449,41.88833],[-87.78424,41.88832],[-87.78428,41.88827],[-87.78424,41.88832],[-87.78406,41.88831],[-87.78394,41.88831],[-87.78377,41.88831],[-87.7836,41.8883],[-87.78341,41.8883],[-87.78324,41.88829],[-87.78306,41.88828],[-87.78281,41.88828]]}},{"type":"Feature","properties":{"agency":"CTA","route":"Blue","name":"Blue Line","color":"#00A1DE","type":1},"geometry":{"type":"LineString","coordinates":[[-87.80925,41.87373],[-87.80901,41.8737],[-87.80697,41.8735],[-87.80569,41.87337],[-87.80449,41.87326],[-87.80152,41.87297],[-87.79636,41.87251],[-87.7928,41.87222],[-87.79161,41.87212],[-87.78724,41.87173],[-87.78419,41.87146],[-87.78252,41.87131],[-87.77827,41.87099],[-87.77679,41.87089],[-87.77446,41.87075],[-87.77396,41.87073],[-87.77246,41.87064],[-87.77015,41.8705],[-87.76952,41.87046]]}},{"type":"Feature","properties":{"agency":"CTA","route":"Blue","name":"Blue Line","color":"#00A1DE","type":1},"geometry":{"type":"LineString","coordinates":[[-87.76952,41.87046],[-87.77015,41.8705],[-87.77246,41.87064],[-87.77396,41.87073],[-87.77446,41.87075],[-87.77679,41.87089],[-87.77827,41.87099],[-87.78252,41.87131],[-87.78419,41.87146],[-87.78724,41.87173],[-87.79161,41.87212],[-87.7928,41.87222],[-87.79636,41.87251],[-87.80152,41.87297],[-87.80449,41.87326],[-87.80569,41.87337],[-87.80697,41.8735],[-87.80901,41.8737],[-87.80925,41.87373]]}},{"type":"Feature","properties":{"agency":"CTA","route":"G","name":"Green Line","color":"#009B3A","type":1},"geometry":{"type":"LineString","coordinates":[[-87.77015,41.88736],[-87.7719,41.88734],[-87.77317,41.88731],[-87.77414,41.8873],[-87.77512,41.8873],[-87.77614,41.88728],[-87.77738,41.88726],[-87.77857,41.88724],[-87.7798,41.88724],[-87.78101,41.88722],[-87.78248,41.8872],[-87.78367,41.88717],[-87.78452,41.88715],[-87.7862,41.88713],[-87.78794,41.88711],[-87.78861,41.88708],[-87.78957,41.88707],[-87.79125,41.88705],[-87.79246,41.88702],[-87.79379,41.887],[-87.7945,41.88698],[-87.79558,41.88697],[-87.79644,41.88695],[-87.79714,41.88694],[-87.79796,41.88693],[-87.79864,41.88693],[-87.79993,41.88692],[-87.80072,41.8869],[-87.80136,41.88689],[-87.80211,41.88687],[-87.80318,41.88686]]}},{"type":"Feature","properties":{"agency":"CTA","route":"G","name":"Green Line","color":"#009B3A","type":1},"geometry":{"type":"LineString","coordinates":[[-87.80318,41.88686],[-87.80211,41.88687],[-87.80136,41.88689],[-87.80072,41.8869],[-87.79993,41.88692],[-87.79864,41.88693],[-87.79796,41.88693],[-87.79714,41.88694],[-87.79644,41.88695],[-87.79558,41.88697],[-87.7945,41.88698],[-87.79379,41.887],[-87.79246,41.88702],[-87.79125,41.88705],[-87.78957,41.88707],[-87.78861,41.88708],[-87.78794,41.88711],[-87.7862,41.88713],[-87.78452,41.88715],[-87.78367,41.88717],[-87.78248,41.8872],[-87.78101,41.88722],[-87.7798,41.88724],[-87.77857,41.88724],[-87.77738,41.88726],[-87.77614,41.88728],[-87.77512,41.8873],[-87.77414,41.8873],[-87.77317,41.88731],[-87.7719,41.88734],[-87.77015,41.88736]]}},{"type":"Feature","properties":{"agency":"Pace","route":"307","name":"Harlem","color":"#00539F","type":3},"geometry":{"type":"LineString","coordinates":[[-87.80501,41.88822],[-87.805,41.88806],[-87.80499,41.88788],[-87.80499,41.88777],[-87.80498,41.88755],[-87.80497,41.88748],[-87.80496,41.88714],[-87.80496,41.88706],[-87.80495,41.88695],[-87.80495,41.88685],[-87.80495,41.88672],[-87.80495,41.88669],[-87.80495,41.88669],[-87.80495,41.88666],[-87.80495,41.88658],[-87.80494,41.88639],[-87.80492,41.88589],[-87.80491,41.88568],[-87.8049,41.88542],[-87.8049,41.88479],[-87.80488,41.8843],[-87.80488,41.88408],[-87.80487,41.88389],[-87.80487,41.8838],[-87.80487,41.88364],[-87.80487,41.88356],[-87.80486,41.88341],[-87.80486,41.88341],[-87.80486,41.88325],[-87.80485,41.88305],[-87.80484,41.88286],[-87.80484,41.8828],[-87.80489,41.88275],[-87.80489,41.88268],[-87.80487,41.88216],[-87.80486,41.88202],[-87.80486,41.88179],[-87.80485,41.88161],[-87.80485,41.88161],[-87.80485,41.88161],[-87.80486,41.8814],[-87.80484,41.88125],[-87.80482,41.88058],[-87.80481,41.8804],[-87.80481,41.88034],[-87.8048,41.88016],[-87.80479,41.88003],[-87.80479,41.88003],[-87.80479,41.88],[-87.80478,41.87967],[-87.80476,41.87931],[-87.80473,41.87912],[-87.80471,41.87854],[-87.8047,41.87826],[-87.8047,41.87817],[-87.80468,41.87779],[-87.80467,41.87741],[-87.80466,41.87703],[-87.80464,41.87682],[-87.80464,41.87668],[-87.80464,41.87659],[-87.80464,41.87649],[-87.80463,41.87636],[-87.80462,41.87615],[-87.80462,41.87615],[-87.80462,41.876],[-87.80461,41.87592],[-87.8046,41.87555],[-87.8046,41.87546],[-87.80459,41.87541],[-87.80459,41.87534],[-87.80459,41.87527],[-87.80459,41.87501],[-87.80459,41.87471],[-87.80459,41.8746],[-87.80459,41.87452],[-87.80459,41.87442],[-87.80457,41.87395],[-87.80457,41.87378],[-87.80457,41.87368],[-87.80457,41.87361],[-87.80457,41.8735],[-87.80457,41.87342],[-87.80457,41.87333],[-87.80456,41.87331],[-87.80456,41.87331],[-87.80456,41.87322],[-87.80455,41.87295],[-87.80454,41.87261],[-87.80453,41.87247],[-87.80452,41.87232],[-87.80452,41.87211],[-87.80452,41.87211],[-87.80452,41.87199],[-87.80451,41.87183],[-87.8045,41.87157],[-87.80447,41.87108],[-87.80443,41.87101],[-87.80441,41.87064],[-87.80441,41.87064],[-87.8044,41.87047],[-87.80436,41.86913],[-87.80436,41.86902],[-87.80435,41.86888],[-87.80435,41.86888],[-87.80435,41.86868],[-87.80435,41.86862],[-87.80433,41.86812],[-87.80432,41.868],[-87.80431,41.8676],[-87.80429,41.86697],[-87.80429,41.86697],[-87.80428,41.86689],[-87.80427,41.86673],[-87.80426,41.86657],[-87.80426,41.86649],[-87.8043,41.86638],[-87.80429,41.8663],[-87.8043,41.86594],[-87.80429,41.86575],[-87.80429,41.86556],[-87.80429,41.86551],[-87.80428,41.86501],[-87.80426,41.86455],[-87.80425,41.8645],[-87.80424,41.86418],[-87.80424,41.86418],[-87.80423,41.864],[-87.80421,41.86374],[-87.8042,41.86361],[-87.80418,41.8634],[-87.80418,41.86339],[-87.8041,41.86328],[-87.8041,41.86323],[-87.8041,41.86316],[-87.80407,41.86257],[-87.80407,41.86242],[-87.80404,41.8617],[-87.80404,41.86161],[-87.80405,41.86149],[-87.80405,41.86149]]}},{"type":"Feature","properties":{"agency":"Pace","route":"307","name":"Harlem","color":"#00539F","type":3},"geometry":{"type":"LineString","coordinates":[[-87.80405,41.86142],[-87.80404,41.86161],[-87.80404,41.8617],[-87.80407,41.86242],[-87.80407,41.86257],[-87.8041,41.86316],[-87.8041,41.86323],[-87.8041,41.86328],[-87.80407,41.86338],[-87.80406,41.8634],[-87.80408,41.86357],[-87.80408,41.86363],[-87.8041,41.86382],[-87.80412,41.86407],[-87.80413,41.8645],[-87.80413,41.8646],[-87.80414,41.86493],[-87.80414,41.86501],[-87.80416,41.86543],[-87.80416,41.86552],[-87.80417,41.86563],[-87.80417,41.86563],[-87.80421,41.86639],[-87.80426,41.86649],[-87.80426,41.86657],[-87.80427,41.86664],[-87.80427,41.86664],[-87.80427,41.86673],[-87.80428,41.86689],[-87.80431,41.8676],[-87.80432,41.868],[-87.80433,41.86812],[-87.80435,41.86862],[-87.80435,41.86866],[-87.80435,41.86866],[-87.80435,41.86868],[-87.80436,41.86902],[-87.80436,41.86913],[-87.80439,41.8702],[-87.80439,41.8702],[-87.8044,41.87047],[-87.80443,41.87101],[-87.80438,41.87108],[-87.8044,41.87157],[-87.80441,41.87177],[-87.80441,41.87192],[-87.80441,41.87192],[-87.80441,41.872],[-87.80441,41.87232],[-87.80442,41.87247],[-87.80442,41.87265],[-87.80442,41.87284],[-87.80441,41.87298],[-87.8044,41.87304],[-87.8044,41.8732],[-87.8044,41.87331],[-87.80441,41.87348],[-87.80441,41.8736],[-87.80441,41.87366],[-87.80441,41.87372],[-87.80441,41.87376],[-87.80442,41.87397],[-87.80442,41.8743],[-87.80445,41.87472],[-87.80446,41.87499],[-87.80447,41.87514],[-87.80448,41.87537],[-87.80448,41.87541],[-87.80449,41.87547],[-87.8045,41.87584],[-87.8045,41.87584],[-87.8045,41.876],[-87.80451,41.87629],[-87.80452,41.87643],[-87.80453,41.87653],[-87.80454,41.87681],[-87.80457,41.87779],[-87.80459,41.87817],[-87.80459,41.87825],[-87.80461,41.87888],[-87.80462,41.879],[-87.80462,41.87912],[-87.80465,41.87943],[-87.80465,41.87943],[-87.80467,41.87967],[-87.8047,41.88057],[-87.80471,41.88068],[-87.80472,41.88088],[-87.80474,41.8814],[-87.80476,41.88177],[-87.80476,41.88177],[-87.80476,41.88188],[-87.80477,41.88226],[-87.80478,41.88242],[-87.80478,41.88255],[-87.80479,41.88266],[-87.80479,41.88274],[-87.80484,41.8828],[-87.80484,41.88286],[-87.80485,41.88305],[-87.80486,41.88325],[-87.80486,41.88349],[-87.80486,41.88349],[-87.80487,41.88356],[-87.80487,41.88364],[-87.80487,41.8838],[-87.80487,41.88389],[-87.80488,41.88408],[-87.80488,41.8843],[-87.8049,41.88479],[-87.8049,41.88542],[-87.80491,41.88568],[-87.80492,41.88589],[-87.80494,41.88639],[-87.80495,41.88658],[-87.80495,41.88666]]}},{"type":"Feature","properties":{"agency":"Pace","route":"307","name":"Harlem","color":"#00539F","type":3},"geometry":{"type":"LineString","coordinates":[[-87.80405,41.86142],[-87.80404,41.86161],[-87.80404,41.8617],[-87.80407,41.86242],[-87.80407,41.86257],[-87.8041,41.86316],[-87.8041,41.86323],[-87.8041,41.86328],[-87.80407,41.86338],[-87.80406,41.8634],[-87.80408,41.86357],[-87.80408,41.86363],[-87.8041,41.86382],[-87.80412,41.86407],[-87.80413,41.8645],[-87.80413,41.8646],[-87.80414,41.86493],[-87.80414,41.86501],[-87.80416,41.86543],[-87.80416,41.86552],[-87.80417,41.86563],[-87.80417,41.86563],[-87.80421,41.86639],[-87.80426,41.86649],[-87.80426,41.86657],[-87.80427,41.86664],[-87.80427,41.86664],[-87.80427,41.86673],[-87.80428,41.86689],[-87.80431,41.8676],[-87.80432,41.868],[-87.80433,41.86812],[-87.80435,41.86862],[-87.80435,41.86866],[-87.80435,41.86866],[-87.80435,41.86868],[-87.80436,41.86902],[-87.80436,41.86913],[-87.80439,41.8702],[-87.80439,41.8702],[-87.8044,41.87047],[-87.80443,41.87101],[-87.80438,41.87108],[-87.8044,41.87157],[-87.80441,41.87177],[-87.80441,41.87192],[-87.80441,41.87192],[-87.80441,41.872],[-87.80441,41.87232],[-87.80442,41.87247],[-87.80442,41.87265],[-87.80442,41.87284],[-87.80441,41.87298],[-87.8044,41.87304],[-87.8044,41.8732],[-87.8044,41.87331],[-87.80441,41.87348],[-87.80441,41.8736],[-87.80441,41.87366],[-87.80441,41.87372],[-87.80441,41.87376],[-87.80442,41.87397],[-87.80442,41.8743],[-87.80445,41.87472],[-87.80446,41.87499],[-87.80447,41.87514],[-87.80448,41.87537],[-87.80448,41.87541],[-87.80449,41.87547],[-87.8045,41.87584],[-87.8045,41.87584],[-87.8045,41.876],[-87.80451,41.87629],[-87.80452,41.87643],[-87.80453,41.87653],[-87.80454,41.87681],[-87.80457,41.87779],[-87.80459,41.87817],[-87.80459,41.87825],[-87.80461,41.87888],[-87.80462,41.879],[-87.80462,41.87912],[-87.80465,41.87943],[-87.80465,41.87943],[-87.80467,41.87967],[-87.8047,41.88057],[-87.80471,41.88068],[-87.80472,41.88088],[-87.80474,41.8814],[-87.80476,41.88177],[-87.80476,41.88177],[-87.80476,41.88188],[-87.80477,41.88226],[-87.80478,41.88242],[-87.80478,41.88255],[-87.80479,41.88266],[-87.80479,41.88274],[-87.80484,41.8828],[-87.80484,41.88286],[-87.80485,41.88305],[-87.80486,41.88325],[-87.80486,41.88349],[-87.80486,41.88349],[-87.80487,41.88356],[-87.80487,41.88364],[-87.80487,41.8838],[-87.80487,41.88389],[-87.80488,41.88408],[-87.80488,41.8843],[-87.8049,41.88479],[-87.8049,41.88542],[-87.80491,41.88568],[-87.80492,41.88589],[-87.80494,41.88639],[-87.80495,41.88658],[-87.80495,41.88666],[-87.80495,41.88666],[-87.80495,41.88666],[-87.80495,41.88672],[-87.80495,41.88685],[-87.80495,41.88695],[-87.80496,41.88706],[-87.80496,41.88714],[-87.80497,41.88748],[-87.80498,41.88755],[-87.80499,41.88777],[-87.80499,41.88788],[-87.805,41.88806],[-87.80503,41.88859],[-87.80503,41.88893],[-87.80503,41.88893],[-87.80504,41.88935],[-87.80499,41.88942],[-87.80499,41.88965],[-87.805,41.88978],[-87.80503,41.89055],[-87.80504,41.8908],[-87.80504,41.89088],[-87.80504,41.89088],[-87.80504,41.8909],[-87.80504,41.89097],[-87.80505,41.89132],[-87.80505,41.89142],[-87.80506,41.89149],[-87.80506,41.89156],[-87.80508,41.89182],[-87.80509,41.89211],[-87.80509,41.8922],[-87.8051,41.8924],[-87.80511,41.89276],[-87.80513,41.89303],[-87.80514,41.89335],[-87.80514,41.89345],[-87.80514,41.89354],[-87.80514,41.89362],[-87.8052,41.89369],[-87.8052,41.89386],[-87.80521,41.89402],[-87.80521,41.89406],[-87.80521,41.89406],[-87.80521,41.89424],[-87.80522,41.89445],[-87.80523,41.89462],[-87.80524,41.89478],[-87.80525,41.89506],[-87.80525,41.89514],[-87.80526,41.89532],[-87.80528,41.89579],[-87.80528,41.89589],[-87.80529,41.8961],[-87.80529,41.89617],[-87.8053,41.89627],[-87.80531,41.89669],[-87.80532,41.89707],[-87.80534,41.89747],[-87.80534,41.8976],[-87.80535,41.8977],[-87.80536,41.8979],[-87.80537,41.89816],[-87.80537,41.89816],[-87.80538,41.89843],[-87.80538,41.89859],[-87.80539,41.89869],[-87.80539,41.89886],[-87.80543,41.89973],[-87.80545,41.90037],[-87.80546,41.9007],[-87.80547,41.90088],[-87.80547,41.90102],[-87.80548,41.90124],[-87.80548,41.90124],[-87.80549,41.90135],[-87.80549,41.90147],[-87.8055,41.90155],[-87.80552,41.90208],[-87.80553,41.9023],[-87.80553,41.90232],[-87.80554,41.90247],[-87.80555,41.90264],[-87.80555,41.90276],[-87.80557,41.90339],[-87.80561,41.9044],[-87.80563,41.90507],[-87.80563,41.90507],[-87.80564,41.90522],[-87.80566,41.90579],[-87.80568,41.90691],[-87.80568,41.90691],[-87.80569,41.90705],[-87.8057,41.90715],[-87.80563,41.90724],[-87.80563,41.90742],[-87.80564,41.90794],[-87.80564,41.90799],[-87.80565,41.90828],[-87.80565,41.90843],[-87.80566,41.90858],[-87.80566,41.90874],[-87.80567,41.9088],[-87.80567,41.90892],[-87.80568,41.90929],[-87.80568,41.90929],[-87.80568,41.90929],[-87.80586,41.91237],[-87.80586,41.91237],[-87.80586,41.91243],[-87.8059,41.91248]]}},{"type":"Feature","properties":{"agency":"Pace","route":"307","name":"Harlem","color":"#00539F","type":3},"geometry":{"type":"LineString","coordinates":[[-87.8059,41.91248],[-87.80594,41.91243],[-87.80594,41.91231],[-87.80594,41.91231],[-87.80594,41.91213],[-87.80593,41.91157],[-87.8059,41.91085],[-87.8059,41.91085],[-87.80581,41.90819],[-87.80581,41.90819],[-87.80581,41.90815],[-87.80577,41.90724],[-87.80577,41.90724],[-87.80577,41.90723],[-87.8057,41.90715],[-87.80569,41.90705],[-87.80566,41.90579],[-87.80564,41.90536],[-87.80564,41.90536],[-87.80564,41.90522],[-87.80561,41.9044],[-87.80557,41.90339],[-87.80555,41.90276],[-87.80555,41.90264],[-87.80554,41.90247],[-87.80553,41.90232],[-87.80553,41.9023],[-87.80552,41.90208],[-87.80551,41.90179],[-87.80551,41.90179],[-87.8055,41.90155],[-87.80549,41.90147],[-87.80549,41.90135],[-87.80547,41.90102],[-87.80547,41.90088],[-87.80546,41.9007],[-87.80545,41.90037],[-87.80543,41.89973],[-87.80539,41.89886],[-87.80539,41.89869],[-87.80538,41.89859],[-87.80538,41.89843],[-87.80536,41.89807],[-87.80536,41.89807],[-87.80536,41.8979],[-87.80535,41.8977],[-87.80534,41.8976],[-87.80534,41.89747],[-87.80532,41.89707],[-87.80531,41.89669],[-87.8053,41.89627],[-87.80529,41.89617],[-87.80529,41.8961],[-87.80528,41.89589],[-87.80528,41.89579],[-87.80526,41.89532],[-87.80525,41.89514],[-87.80525,41.89506],[-87.80524,41.89478],[-87.80523,41.89462],[-87.80522,41.89447],[-87.80522,41.89447],[-87.80522,41.89445],[-87.80521,41.89424],[-87.80521,41.89402],[-87.8052,41.89386],[-87.8052,41.89369],[-87.80525,41.89362],[-87.80525,41.89358],[-87.80523,41.89317],[-87.80522,41.89303],[-87.80521,41.89277],[-87.8052,41.89238],[-87.80519,41.8922],[-87.80519,41.8921],[-87.80518,41.89184],[-87.80517,41.89156],[-87.80516,41.89149],[-87.80516,41.89132],[-87.80515,41.89111],[-87.80515,41.89107],[-87.80515,41.89097],[-87.80514,41.8908],[-87.80513,41.89054],[-87.80512,41.89019],[-87.80512,41.89019],[-87.8051,41.88978],[-87.8051,41.88959],[-87.8051,41.8895],[-87.80509,41.88942],[-87.80504,41.88935],[-87.80503,41.88859],[-87.80501,41.88822],[-87.80501,41.88822],[-87.805,41.88806],[-87.80499,41.88788],[-87.80499,41.88777],[-87.80498,41.88755],[-87.80497,41.88748],[-87.80496,41.88714],[-87.80496,41.88706],[-87.80495,41.88695],[-87.80495,41.88685],[-87.80495,41.88672],[-87.80495,41.88669],[-87.80495,41.88669],[-87.80495,41.88666],[-87.80495,41.88658],[-87.80494,41.88639],[-87.80492,41.88589],[-87.80491,41.88568],[-87.8049,41.88542],[-87.8049,41.88479],[-87.80488,41.8843],[-87.80488,41.88408],[-87.80487,41.88389],[-87.80487,41.8838],[-87.80487,41.88364],[-87.80487,41.88356],[-87.80486,41.88341],[-87.80486,41.88341],[-87.80486,41.88325],[-87.80485,41.88305],[-87.80484,41.88286],[-87.80484,41.8828],[-87.80489,41.88275],[-87.80489,41.88268],[-87.80487,41.88216],[-87.80486,41.88202],[-87.80486,41.88179],[-87.80485,41.88161],[-87.80485,41.88161],[-87.80485,41.88161],[-87.80486,41.8814],[-87.80484,41.88125],[-87.80482,41.88058],[-87.80481,41.8804],[-87.80481,41.88034],[-87.8048,41.88016],[-87.80479,41.88003],[-87.80479,41.88003],[-87.80479,41.88],[-87.80478,41.87967],[-87.80476,41.87931],[-87.80473,41.87912],[-87.80471,41.87854],[-87.8047,41.87826],[-87.8047,41.87817],[-87.80468,41.87779],[-87.80467,41.87741],[-87.80466,41.87703],[-87.80464,41.87682],[-87.80464,41.87668],[-87.80464,41.87659],[-87.80464,41.87649],[-87.80463,41.87636],[-87.80462,41.87615],[-87.80462,41.87615],[-87.80462,41.876],[-87.80461,41.87592],[-87.8046,41.87555],[-87.8046,41.87546],[-87.80459,41.87541],[-87.80459,41.87534],[-87.80459,41.87527],[-87.80459,41.87501],[-87.80459,41.87471],[-87.80459,41.8746],[-87.80459,41.87452],[-87.80459,41.87442],[-87.80457,41.87395],[-87.80457,41.87378],[-87.80457,41.87368],[-87.80457,41.87361],[-87.80457,41.8735],[-87.80457,41.87342],[-87.80457,41.87333],[-87.80456,41.87331],[-87.80456,41.87331],[-87.80456,41.87322],[-87.80455,41.87295],[-87.80454,41.87261],[-87.80453,41.87247],[-87.80452,41.87232],[-87.80452,41.87211],[-87.80452,41.87211],[-87.80452,41.87199],[-87.80451,41.87183],[-87.8045,41.87157],[-87.80447,41.87108],[-87.80443,41.87101],[-87.80441,41.87064],[-87.80441,41.87064],[-87.8044,41.87047],[-87.80436,41.86913],[-87.80436,41.86902],[-87.80435,41.86888],[-87.80435,41.86888],[-87.80435,41.86868],[-87.80435,41.86862],[-87.80433,41.86812],[-87.80432,41.868],[-87.80431,41.8676],[-87.80429,41.86697],[-87.80429,41.86697],[-87.80428,41.86689],[-87.80427,41.86673],[-87.80426,41.86657],[-87.80426,41.86649],[-87.8043,41.86638],[-87.80429,41.8663],[-87.8043,41.86594],[-87.80429,41.86575],[-87.80429,41.86556],[-87.80429,41.86551],[-87.80428,41.86501],[-87.80426,41.86455],[-87.80425,41.8645],[-87.80424,41.86418],[-87.80424,41.86418],[-87.80423,41.864],[-87.80421,41.86374],[-87.8042,41.86361],[-87.80418,41.8634],[-87.80418,41.86339],[-87.8041,41.86328],[-87.8041,41.86323],[-87.8041,41.86316],[-87.80407,41.86257],[-87.80407,41.86242],[-87.80404,41.8617],[-87.80404,41.86161],[-87.80405,41.86149],[-87.80405,41.86149]]}},{"type":"Feature","properties":{"agency":"Pace","route":"307","name":"Harlem","color":"#00539F","type":3},"geometry":{"type":"LineString","coordinates":[[-87.80495,41.88669],[-87.80495,41.88666],[-87.80495,41.88658],[-87.80494,41.88639],[-87.80492,41.88589],[-87.80491,41.88568],[-87.8049,41.88542],[-87.8049,41.88479],[-87.80488,41.8843],[-87.80488,41.88408],[-87.80487,41.88389],[-87.80487,41.8838],[-87.80487,41.88364],[-87.80487,41.88356],[-87.80486,41.88341],[-87.80486,41.88341],[-87.80486,41.88325],[-87.80485,41.88305],[-87.80484,41.88286],[-87.80484,41.8828],[-87.80489,41.88275],[-87.80489,41.88268],[-87.80487,41.88216],[-87.80486,41.88202],[-87.80486,41.88179],[-87.80485,41.88161],[-87.80485,41.88161],[-87.80485,41.88161],[-87.80486,41.8814],[-87.80484,41.88125],[-87.80482,41.88058],[-87.80481,41.8804],[-87.80481,41.88034],[-87.8048,41.88016],[-87.80479,41.88003],[-87.80479,41.88003],[-87.80479,41.88],[-87.80478,41.87967],[-87.80476,41.87931],[-87.80473,41.87912],[-87.80471,41.87854],[-87.8047,41.87826],[-87.8047,41.87817],[-87.80468,41.87779],[-87.80467,41.87741],[-87.80466,41.87703],[-87.80464,41.87682],[-87.80464,41.87668],[-87.80464,41.87659],[-87.80464,41.87649],[-87.80463,41.87636],[-87.80462,41.87615],[-87.80462,41.87615],[-87.80462,41.876],[-87.80461,41.87592],[-87.8046,41.87555],[-87.8046,41.87546],[-87.80459,41.87541],[-87.80459,41.87534],[-87.80459,41.87527],[-87.80459,41.87501],[-87.80459,41.87471],[-87.80459,41.8746],[-87.80459,41.87452],[-87.80459,41.87442],[-87.80457,41.87395],[-87.80457,41.87378],[-87.80457,41.87368],[-87.80457,41.87361],[-87.80457,41.8735],[-87.80457,41.87342],[-87.80457,41.87333],[-87.80456,41.87331],[-87.80456,41.87331],[-87.80456,41.87322],[-87.80455,41.87295],[-87.80454,41.87261],[-87.80453,41.87247],[-87.80452,41.87232],[-87.80452,41.87211],[-87.80452,41.87211],[-87.80452,41.87199],[-87.80451,41.87183],[-87.8045,41.87157],[-87.80447,41.87108],[-87.80443,41.87101],[-87.80441,41.87064],[-87.80441,41.87064],[-87.8044,41.87047],[-87.80436,41.86913],[-87.80436,41.86902],[-87.80435,41.86888],[-87.80435,41.86888],[-87.80435,41.86868],[-87.80435,41.86862],[-87.80433,41.86812],[-87.80432,41.868],[-87.80431,41.8676],[-87.80429,41.86697],[-87.80429,41.86697],[-87.80428,41.86689],[-87.80427,41.86673],[-87.80426,41.86657],[-87.80426,41.86649],[-87.8043,41.86638],[-87.80429,41.8663],[-87.8043,41.86594],[-87.80429,41.86575],[-87.80429,41.86556],[-87.80429,41.86551],[-87.80428,41.86501],[-87.80426,41.86455],[-87.80425,41.8645],[-87.80424,41.86418],[-87.80424,41.86418],[-87.80423,41.864],[-87.80421,41.86374],[-87.8042,41.86361],[-87.80418,41.8634],[-87.80418,41.86339],[-87.8041,41.86328],[-87.8041,41.86323],[-87.8041,41.86316],[-87.80407,41.86257],[-87.80407,41.86242],[-87.80404,41.8617],[-87.80404,41.86161],[-87.80405,41.86149],[-87.80405,41.86149]]}},{"type":"Feature","properties":{"agency":"Pace","route":"309","name":"Lake Street","color":"#00539F","type":3},"geometry":{"type":"LineString","coordinates":[[-87.8098,41.88848],[-87.80943,41.88847],[-87.80929,41.88847],[-87.80921,41.88848],[-87.80903,41.88848],[-87.8089,41.88848],[-87.80846,41.88849],[-87.80823,41.8885],[-87.80809,41.8885],[-87.80799,41.88851],[-87.80788,41.88851],[-87.80782,41.88851],[-87.80756,41.88851],[-87.80738,41.88852],[-87.80738,41.88852],[-87.8072,41.88852],[-87.80692,41.88853],[-87.80675,41.88854],[-87.80656,41.88854],[-87.80614,41.88856],[-87.80602,41.88856],[-87.80593,41.88856],[-87.80578,41.88857],[-87.80531,41.88858],[-87.80531,41.88858],[-87.80521,41.88858],[-87.80507,41.88859],[-87.80503,41.88859],[-87.80458,41.8886],[-87.80443,41.8886],[-87.8042,41.8886],[-87.80406,41.88861],[-87.80395,41.88861],[-87.80356,41.88862],[-87.80333,41.88863],[-87.80311,41.88863],[-87.80282,41.88864],[-87.80282,41.88864],[-87.80259,41.88864],[-87.80247,41.88865],[-87.80203,41.88866],[-87.80179,41.88866],[-87.80139,41.88866],[-87.80095,41.88866],[-87.80095,41.88866],[-87.80079,41.88866],[-87.80042,41.88868],[-87.80014,41.88868],[-87.79974,41.88868],[-87.79955,41.88869],[-87.79909,41.88869],[-87.79892,41.88869],[-87.79847,41.88869],[-87.79831,41.8887],[-87.79812,41.88869],[-87.79773,41.88869],[-87.79773,41.88869],[-87.79749,41.88869],[-87.79713,41.88869],[-87.79683,41.88869],[-87.79667,41.88869],[-87.79639,41.88869],[-87.7961,41.88869],[-87.79596,41.88868],[-87.79572,41.88868],[-87.79556,41.88867],[-87.79553,41.88867],[-87.79526,41.88866],[-87.79498,41.88866],[-87.79482,41.88865],[-87.79473,41.88865],[-87.79473,41.88865],[-87.79449,41.88865],[-87.79394,41.88863],[-87.79376,41.88862],[-87.79357,41.88862],[-87.79315,41.8886],[-87.79266,41.88858],[-87.79218,41.88857],[-87.79139,41.88854],[-87.79114,41.88854],[-87.79105,41.88854],[-87.79098,41.8885],[-87.79087,41.8885],[-87.79054,41.88848],[-87.79016,41.88847],[-87.79001,41.88846],[-87.78983,41.88845],[-87.7897,41.88845],[-87.7897,41.88845],[-87.78957,41.88845],[-87.78944,41.88844],[-87.789,41.88843],[-87.78853,41.88842],[-87.78835,41.88841],[-87.78794,41.8884],[-87.78728,41.88837],[-87.78679,41.88835],[-87.78666,41.88835],[-87.78654,41.88839],[-87.7864,41.88838],[-87.7863,41.88838],[-87.786,41.88837],[-87.78564,41.88836],[-87.78552,41.88836],[-87.7854,41.88835],[-87.78495,41.88834],[-87.78465,41.88833],[-87.7842,41.88832],[-87.7842,41.88832],[-87.78406,41.88831],[-87.78379,41.88831],[-87.78338,41.88829],[-87.78303,41.88828],[-87.78252,41.88826],[-87.78252,41.88826],[-87.78209,41.88825],[-87.78161,41.88823],[-87.78148,41.88823],[-87.78103,41.88822],[-87.78083,41.88821],[-87.78058,41.88821],[-87.78057,41.88821],[-87.7802,41.8882],[-87.78002,41.88819],[-87.78002,41.88819],[-87.77982,41.88818],[-87.77967,41.88818],[-87.77938,41.88817],[-87.7793,41.88816],[-87.77901,41.88816],[-87.77831,41.88814],[-87.77818,41.88813],[-87.77799,41.88813],[-87.77792,41.88809],[-87.77783,41.88809],[-87.77764,41.88809],[-87.77754,41.88808],[-87.77714,41.88807],[-87.77652,41.88805],[-87.77645,41.88805],[-87.77631,41.88804],[-87.77559,41.88801],[-87.77556,41.88801],[-87.77537,41.888],[-87.77528,41.88804],[-87.77513,41.88804],[-87.77513,41.88804],[-87.7749,41.88803],[-87.77478,41.88802],[-87.77408,41.88801]]}},{"type":"Feature","properties":{"agency":"Pace","route":"309","name":"Lake Street","color":"#00539F","type":3},"geometry":{"type":"LineString","coordinates":[[-87.77408,41.88801],[-87.77335,41.88799],[-87.77201,41.88795],[-87.772,41.88783],[-87.77199,41.88753],[-87.77204,41.88746],[-87.77203,41.88733],[-87.77198,41.88726],[-87.77198,41.8872],[-87.77198,41.88712],[-87.77347,41.88712],[-87.77462,41.8871],[-87.77465,41.88709],[-87.77465,41.88709],[-87.77475,41.88709],[-87.7749,41.88709],[-87.77556,41.88708],[-87.77569,41.88708],[-87.77621,41.88708],[-87.7764,41.88708],[-87.7764,41.88708],[-87.77648,41.88708],[-87.77729,41.88709],[-87.77737,41.88709],[-87.77813,41.88709],[-87.77883,41.88708],[-87.77979,41.88708],[-87.77979,41.88712],[-87.7798,41.8872],[-87.7798,41.88729],[-87.77978,41.88752],[-87.77981,41.88804],[-87.77981,41.88804],[-87.77982,41.88818],[-87.7802,41.8882],[-87.78057,41.88821],[-87.78058,41.88821],[-87.78083,41.88821],[-87.78103,41.88822],[-87.78148,41.88823],[-87.78161,41.88823],[-87.78209,41.88825],[-87.78303,41.88828],[-87.78338,41.88829],[-87.78379,41.88831],[-87.78406,41.88831],[-87.78451,41.88833],[-87.78451,41.88833],[-87.78465,41.88833],[-87.78495,41.88834],[-87.7854,41.88835],[-87.78552,41.88836],[-87.78564,41.88836],[-87.786,41.88837],[-87.7863,41.88838],[-87.7864,41.88838],[-87.78654,41.88839],[-87.78665,41.88844],[-87.78676,41.88844],[-87.78729,41.88846],[-87.78794,41.88847],[-87.78863,41.88849],[-87.78877,41.88849],[-87.78909,41.8885],[-87.78945,41.88851],[-87.78945,41.88851],[-87.78957,41.88851],[-87.78997,41.88853],[-87.79002,41.88853],[-87.79054,41.88856],[-87.79088,41.88857],[-87.79097,41.88857],[-87.79105,41.88854],[-87.79114,41.88854],[-87.79139,41.88854],[-87.79218,41.88857],[-87.79266,41.88858],[-87.79315,41.8886],[-87.79346,41.88861],[-87.79346,41.88861],[-87.79357,41.88862],[-87.79376,41.88862],[-87.79394,41.88863],[-87.79449,41.88865],[-87.79482,41.88865],[-87.79498,41.88866],[-87.79526,41.88866],[-87.79553,41.88867],[-87.79556,41.88867],[-87.79572,41.88868],[-87.79596,41.88868],[-87.7961,41.88869],[-87.79639,41.88869],[-87.79667,41.88869],[-87.79683,41.88869],[-87.79697,41.88869],[-87.79697,41.88869],[-87.79713,41.88869],[-87.79749,41.88869],[-87.79812,41.88869],[-87.79831,41.8887],[-87.79847,41.88869],[-87.79892,41.88869],[-87.79909,41.88869],[-87.79955,41.88869],[-87.79974,41.88868],[-87.79996,41.88868],[-87.79996,41.88868],[-87.80014,41.88868],[-87.80042,41.88868],[-87.80079,41.88866],[-87.80139,41.88866],[-87.80179,41.88866],[-87.80203,41.88866],[-87.80247,41.88865],[-87.80259,41.88864],[-87.80311,41.88863],[-87.8032,41.88863],[-87.8032,41.88863],[-87.80333,41.88863],[-87.80356,41.88862],[-87.80395,41.88861],[-87.80406,41.88861],[-87.8042,41.8886],[-87.80443,41.8886],[-87.80458,41.8886],[-87.80503,41.88859],[-87.80507,41.88859],[-87.80521,41.88858],[-87.80541,41.88858],[-87.80541,41.88858],[-87.80578,41.88857],[-87.80593,41.88856],[-87.80602,41.88856],[-87.80614,41.88856],[-87.80656,41.88854],[-87.80675,41.88854],[-87.80692,41.88853],[-87.80707,41.88853],[-87.80707,41.88853],[-87.8072,41.88852],[-87.80756,41.88851],[-87.80782,41.88851],[-87.80788,41.88851],[-87.80799,41.88851],[-87.80809,41.8885],[-87.80823,41.8885],[-87.80846,41.88849],[-87.8089,41.88848],[-87.80903,41.88848],[-87.80921,41.88848],[-87.80929,41.88847],[-87.80943,41.88847],[-87.80969,41.88847],[-87.80969,41.88847],[-87.8098,41.88848]]}},{"type":"Feature","properties":{"agency":"Pace","route":"311","name":"Oak Park Avenue","color":"#00539F","type":3},"geometry":{"type":"LineString","coordinates":[[-87.78451,41.90943],[-87.7845,41.90922],[-87.78475,41.90922],[-87.78496,41.90922],[-87.78561,41.90921],[-87.78601,41.9092],[-87.78647,41.9092],[-87.78647,41.9092],[-87.78661,41.90919],[-87.78736,41.90918],[-87.78822,41.90917],[-87.78871,41.90917],[-87.78871,41.90917],[-87.78872,41.90917],[-87.78987,41.90916],[-87.79021,41.90915],[-87.79038,41.90915],[-87.79058,41.90915],[-87.79109,41.90914],[-87.79119,41.90914],[-87.79142,41.90913],[-87.79191,41.90913],[-87.79191,41.90913],[-87.79236,41.90912],[-87.79259,41.90912],[-87.79351,41.90911],[-87.79383,41.90911],[-87.79414,41.90911],[-87.79429,41.90911],[-87.79477,41.9091],[-87.79507,41.9091],[-87.79506,41.90899],[-87.79505,41.90867],[-87.79505,41.90864],[-87.79505,41.90864],[-87.79505,41.90851],[-87.795,41.90718],[-87.79494,41.90576],[-87.79493,41.90559],[-87.79492,41.90535],[-87.79492,41.90514],[-87.79492,41.90514],[-87.79491,41.90504],[-87.79491,41.90499],[-87.7949,41.90479],[-87.79488,41.90378],[-87.79487,41.9036],[-87.79485,41.90257],[-87.79484,41.90185],[-87.79484,41.90185],[-87.79483,41.90172],[-87.79483,41.90144],[-87.79479,41.89989],[-87.79479,41.89974],[-87.79476,41.89897],[-87.79474,41.89824],[-87.79474,41.89824],[-87.79474,41.89808],[-87.79472,41.89737],[-87.79469,41.89625],[-87.79465,41.8949],[-87.79465,41.89472],[-87.79464,41.89441],[-87.79463,41.89417],[-87.79463,41.89417],[-87.79463,41.8941],[-87.79463,41.89392],[-87.79461,41.89319],[-87.7946,41.89294],[-87.79459,41.89246],[-87.79458,41.89228],[-87.79457,41.89196],[-87.79456,41.89156],[-87.79456,41.89146],[-87.79456,41.89146],[-87.79456,41.89133],[-87.79454,41.89062],[-87.79452,41.89021],[-87.79451,41.88979],[-87.7945,41.88928],[-87.7945,41.889],[-87.7945,41.88893],[-87.7945,41.88893],[-87.7945,41.88892],[-87.79449,41.88865],[-87.79448,41.88822],[-87.79447,41.888],[-87.79447,41.88792],[-87.79446,41.88782],[-87.79445,41.88758],[-87.79444,41.88728],[-87.79444,41.88713],[-87.79444,41.88701],[-87.79443,41.88689],[-87.79443,41.8866],[-87.79443,41.8866],[-87.79442,41.88633],[-87.79441,41.88607],[-87.7944,41.88576],[-87.7944,41.8857],[-87.79438,41.88519],[-87.79437,41.88504],[-87.79436,41.88472],[-87.79436,41.88456],[-87.79433,41.88346],[-87.79433,41.88332],[-87.79431,41.88235],[-87.79431,41.88226],[-87.79431,41.88208],[-87.79431,41.88199],[-87.7943,41.8816],[-87.79429,41.88137],[-87.79429,41.88136],[-87.79429,41.88136],[-87.79429,41.88113],[-87.79428,41.88082],[-87.79427,41.88073],[-87.79427,41.88059],[-87.79427,41.88049],[-87.79428,41.88033],[-87.79427,41.88028],[-87.79427,41.88019],[-87.79427,41.88012],[-87.79427,41.88],[-87.79426,41.87991],[-87.79426,41.87978],[-87.79424,41.87955],[-87.79424,41.87955],[-87.79422,41.87929],[-87.7942,41.87924],[-87.79416,41.87794],[-87.79413,41.87716],[-87.79412,41.87706],[-87.79412,41.87681],[-87.79411,41.87673],[-87.79411,41.87666],[-87.7941,41.87645],[-87.7941,41.87628],[-87.7941,41.87628],[-87.79409,41.87614],[-87.79409,41.87608],[-87.79409,41.87603],[-87.79408,41.87582],[-87.79407,41.87559],[-87.79403,41.8749],[-87.79403,41.87465],[-87.79403,41.87429],[-87.79401,41.87368],[-87.794,41.87346],[-87.79399,41.87329],[-87.79398,41.873],[-87.79398,41.873],[-87.79398,41.87295],[-87.79398,41.87279],[-87.79397,41.87261],[-87.79397,41.87257],[-87.79397,41.87249],[-87.79395,41.87218],[-87.79394,41.87203],[-87.79394,41.8719],[-87.79394,41.87188],[-87.79394,41.87188],[-87.79394,41.87186],[-87.79392,41.87153],[-87.79392,41.87137],[-87.79389,41.87065],[-87.79389,41.87049],[-87.79385,41.86947],[-87.79383,41.86895],[-87.79383,41.86895],[-87.79382,41.86881],[-87.79381,41.86836],[-87.7938,41.86813],[-87.79377,41.86699],[-87.79375,41.86633],[-87.79372,41.86574],[-87.79372,41.86562],[-87.79372,41.86555],[-87.79371,41.86544],[-87.79373,41.86516],[-87.79374,41.8651],[-87.79373,41.86492],[-87.79373,41.86492],[-87.79373,41.86477],[-87.79373,41.8647],[-87.79373,41.86461],[-87.79373,41.86457],[-87.79372,41.86447],[-87.79371,41.86349],[-87.79371,41.86349],[-87.79371,41.86335],[-87.79368,41.86241],[-87.79367,41.86232],[-87.79366,41.86186],[-87.79365,41.86164],[-87.79365,41.86164]]}},{"type":"Feature","properties":{"agency":"Pace","route":"311","name":"Oak Park Avenue","color":"#00539F","type":3},"geometry":{"type":"LineString","coordinates":[[-87.79365,41.86163],[-87.79366,41.86186],[-87.79367,41.86232],[-87.79368,41.86241],[-87.7937,41.86318],[-87.7937,41.86318],[-87.79371,41.86335],[-87.79372,41.86447],[-87.79373,41.86457],[-87.79373,41.86461],[-87.79373,41.8647],[-87.79373,41.86477],[-87.79373,41.86492],[-87.79374,41.8651],[-87.79373,41.86516],[-87.79372,41.8654],[-87.79372,41.8654],[-87.79371,41.86544],[-87.79372,41.86555],[-87.79372,41.86562],[-87.79372,41.86574],[-87.79375,41.86633],[-87.79377,41.86699],[-87.7938,41.86813],[-87.79381,41.86836],[-87.79382,41.86865],[-87.79382,41.86865],[-87.79382,41.86881],[-87.79385,41.86947],[-87.79389,41.87049],[-87.79389,41.87065],[-87.79392,41.87137],[-87.79392,41.87153],[-87.79394,41.87186],[-87.79394,41.8719],[-87.79394,41.87203],[-87.79395,41.87218],[-87.79395,41.87226],[-87.79395,41.87226],[-87.79397,41.87249],[-87.79397,41.87257],[-87.79397,41.87261],[-87.79398,41.87279],[-87.79398,41.87295],[-87.79399,41.87329],[-87.794,41.87346],[-87.79401,41.87368],[-87.79403,41.87429],[-87.79403,41.87465],[-87.79403,41.8749],[-87.79407,41.87559],[-87.79408,41.87582],[-87.79409,41.87603],[-87.79409,41.87608],[-87.79409,41.87614],[-87.7941,41.87638],[-87.7941,41.87638],[-87.7941,41.87645],[-87.79411,41.87666],[-87.79411,41.87673],[-87.79412,41.87681],[-87.79412,41.87706],[-87.79413,41.87716],[-87.79416,41.87794],[-87.7942,41.87924],[-87.79422,41.87929],[-87.79426,41.87978],[-87.79426,41.87991],[-87.79427,41.88],[-87.79427,41.88006],[-87.79427,41.88006],[-87.79427,41.88012],[-87.79427,41.88019],[-87.79427,41.88028],[-87.79428,41.88033],[-87.79427,41.88049],[-87.79427,41.88059],[-87.79427,41.88073],[-87.79428,41.88082],[-87.79429,41.88113],[-87.79429,41.88137],[-87.7943,41.8816],[-87.79431,41.8818],[-87.79431,41.8818],[-87.79431,41.88199],[-87.79431,41.88208],[-87.79431,41.88226],[-87.79431,41.88235],[-87.79433,41.88332],[-87.79433,41.88346],[-87.79436,41.88456],[-87.79436,41.88472],[-87.79437,41.88504],[-87.79438,41.88519],[-87.7944,41.8857],[-87.7944,41.88576],[-87.79441,41.88607],[-87.79442,41.88633],[-87.79443,41.88662],[-87.79443,41.88662],[-87.79443,41.88689],[-87.79444,41.88701],[-87.79444,41.88713],[-87.79444,41.88728],[-87.79445,41.88758],[-87.79446,41.88782],[-87.79447,41.88792],[-87.79447,41.888],[-87.79448,41.88822],[-87.79449,41.88865],[-87.79449,41.88886],[-87.79449,41.88886],[-87.7945,41.88892],[-87.7945,41.889],[-87.7945,41.88928],[-87.79451,41.88979],[-87.79452,41.89021],[-87.79454,41.89062],[-87.79456,41.89133],[-87.79456,41.8914],[-87.79456,41.8914],[-87.79456,41.89156],[-87.79457,41.89196],[-87.79458,41.89228],[-87.79459,41.89246],[-87.7946,41.89294],[-87.79461,41.89319],[-87.79463,41.89392],[-87.79463,41.8941],[-87.79464,41.89441],[-87.79465,41.89468],[-87.79465,41.89468],[-87.79465,41.89472],[-87.79465,41.8949],[-87.79469,41.89625],[-87.79472,41.89737],[-87.79474,41.89795],[-87.79474,41.89795],[-87.79474,41.89808],[-87.79476,41.89897],[-87.79479,41.89974],[-87.79479,41.89989],[-87.79483,41.90144],[-87.79483,41.9016],[-87.79483,41.9016],[-87.79483,41.90172],[-87.79485,41.90257],[-87.79487,41.9036],[-87.79488,41.90378],[-87.7949,41.90479],[-87.79491,41.90499],[-87.79491,41.90504],[-87.79492,41.90535],[-87.79493,41.90559],[-87.79494,41.90576],[-87.79494,41.9058],[-87.79494,41.9058],[-87.795,41.90718],[-87.79505,41.90851],[-87.79505,41.90867],[-87.79506,41.90899],[-87.79498,41.90899],[-87.79477,41.909],[-87.7947,41.909],[-87.79459,41.909],[-87.79459,41.909],[-87.7939,41.90902],[-87.79382,41.90902],[-87.79377,41.90902],[-87.79369,41.90902],[-87.79346,41.90903],[-87.79276,41.90903],[-87.79276,41.90903],[-87.79259,41.90903],[-87.79257,41.90903],[-87.79255,41.90904],[-87.7924,41.90904],[-87.79176,41.90904],[-87.79142,41.90905],[-87.79109,41.90906],[-87.79035,41.90906],[-87.79035,41.90906],[-87.79021,41.90906],[-87.78987,41.90907],[-87.78946,41.90907],[-87.78929,41.90907],[-87.78909,41.90907],[-87.78872,41.90908],[-87.78866,41.90908],[-87.78821,41.90908],[-87.78748,41.9091],[-87.78748,41.9091],[-87.78736,41.9091],[-87.78661,41.90911],[-87.78601,41.90912],[-87.78584,41.90912],[-87.78561,41.90912],[-87.78495,41.90912],[-87.78496,41.90922],[-87.78498,41.90956],[-87.78498,41.90956],[-87.78499,41.90972],[-87.78463,41.90973],[-87.7846,41.90972],[-87.78457,41.90971],[-87.78454,41.9097],[-87.78452,41.90968],[-87.78451,41.90966],[-87.78451,41.90943]]}},{"type":"Feature","properties":{"agency":"Pace","route":"313","name":"St. Charles Rd.","color":"#00539F","type":3},"geometry":{"type":"LineString","coordinates":[[-87.77408,41.88801],[-87.77335,41.88799],[-87.77226,41.88795],[-87.77226,41.88795],[-87.77201,41.88795],[-87.772,41.88783],[-87.77199,41.88753],[-87.77204,41.88746],[-87.77203,41.88733],[-87.77201,41.88731],[-87.77201,41.88731],[-87.77198,41.88726],[-87.77198,41.8872],[-87.77198,41.88712],[-87.77347,41.88712],[-87.77462,41.8871],[-87.77465,41.88709],[-87.77465,41.88709],[-87.77475,41.88709],[-87.7749,41.88709],[-87.77556,41.88708],[-87.77569,41.88708],[-87.77621,41.88708],[-87.7764,41.88708],[-87.7764,41.88708],[-87.77648,41.88708],[-87.77729,41.88709],[-87.77737,41.88709],[-87.778,41.88709],[-87.778,41.88709],[-87.77813,41.88709],[-87.77883,41.88708],[-87.7796,41.88708],[-87.7796,41.88708],[-87.77979,41.88708],[-87.77979,41.88712],[-87.7798,41.8872],[-87.7798,41.88729],[-87.77978,41.88752],[-87.77981,41.88804],[-87.77981,41.88804],[-87.77982,41.88818],[-87.7802,41.8882],[-87.78057,41.88821],[-87.78058,41.88821],[-87.78083,41.88821],[-87.78095,41.88821],[-87.78095,41.88821],[-87.78103,41.88822],[-87.78148,41.88823],[-87.78161,41.88823],[-87.78209,41.88825],[-87.78288,41.88828],[-87.78288,41.88828],[-87.78303,41.88828],[-87.78338,41.88829],[-87.78379,41.88831],[-87.78406,41.88831],[-87.78451,41.88833],[-87.78451,41.88833],[-87.78465,41.88833],[-87.78495,41.88834],[-87.7854,41.88835],[-87.78552,41.88836],[-87.78564,41.88836],[-87.786,41.88837],[-87.78615,41.88838],[-87.78615,41.88838],[-87.7863,41.88838],[-87.7864,41.88838],[-87.78654,41.88839],[-87.78665,41.88844],[-87.78676,41.88844],[-87.78729,41.88846],[-87.78778,41.88847],[-87.78778,41.88847],[-87.78794,41.88847],[-87.78863,41.88849],[-87.78877,41.88849],[-87.78909,41.8885],[-87.78945,41.88851],[-87.78945,41.88851],[-87.78957,41.88851],[-87.78997,41.88853],[-87.79002,41.88853],[-87.79054,41.88856],[-87.79088,41.88857],[-87.79097,41.88857],[-87.79105,41.88854],[-87.79106,41.88854],[-87.79106,41.88854],[-87.79114,41.88854],[-87.79139,41.88854],[-87.79218,41.88857],[-87.79251,41.88858],[-87.79251,41.88858],[-87.79266,41.88858],[-87.79315,41.8886],[-87.79346,41.88861],[-87.79346,41.88861],[-87.79357,41.88862],[-87.79376,41.88862],[-87.79394,41.88863],[-87.79449,41.88865],[-87.79482,41.88865],[-87.79498,41.88866],[-87.79526,41.88866],[-87.79553,41.88867],[-87.79556,41.88867],[-87.79572,41.88868],[-87.79596,41.88868],[-87.7961,41.88869],[-87.79639,41.88869],[-87.79667,41.88869],[-87.79683,41.88869],[-87.79697,41.88869],[-87.79697,41.88869],[-87.79713,41.88869],[-87.79749,41.88869],[-87.79812,41.88869],[-87.79831,41.8887],[-87.79847,41.88869],[-87.79892,41.88869],[-87.79909,41.88869],[-87.79955,41.88869],[-87.79974,41.88868],[-87.79996,41.88868],[-87.79996,41.88868],[-87.80014,41.88868],[-87.80042,41.88868],[-87.80079,41.88866],[-87.80139,41.88866],[-87.80179,41.88866],[-87.80203,41.88866],[-87.80247,41.88865],[-87.80259,41.88864],[-87.80311,41.88863],[-87.8032,41.88863],[-87.8032,41.88863],[-87.80333,41.88863],[-87.80356,41.88862],[-87.80395,41.88861],[-87.80406,41.88861],[-87.8042,41.8886],[-87.80443,41.8886],[-87.80458,41.8886],[-87.80503,41.88859],[-87.80507,41.88859],[-87.80521,41.88858],[-87.80541,41.88858],[-87.80541,41.88858],[-87.80578,41.88857],[-87.80593,41.88856],[-87.80602,41.88856],[-87.80614,41.88856],[-87.80656,41.88854],[-87.80675,41.88854],[-87.80692,41.88853],[-87.80707,41.88853],[-87.80707,41.88853],[-87.8072,41.88852],[-87.80756,41.88851],[-87.80782,41.88851],[-87.80788,41.88851],[-87.80799,41.88851],[-87.80809,41.8885],[-87.80823,41.8885],[-87.80842,41.88849],[-87.80842,41.88849],[-87.80846,41.88849],[-87.8089,41.88848],[-87.80903,41.88848],[-87.80921,41.88848],[-87.80929,41.88847],[-87.80943,41.88847],[-87.80969,41.88847],[-87.80969,41.88847],[-87.8098,41.88848]]}},{"type":"Feature","properties":{"agency":"Pace","route":"313","name":"St. Charles Rd.","color":"#00539F","type":3},"geometry":{"type":"LineString","coordinates":[[-87.8098,41.88848],[-87.80943,41.88847],[-87.80929,41.88847],[-87.80921,41.88848],[-87.80903,41.88848],[-87.8089,41.88848],[-87.80859,41.88849],[-87.80859,41.88849],[-87.80846,41.88849],[-87.80823,41.8885],[-87.80809,41.8885],[-87.80799,41.88851],[-87.80788,41.88851],[-87.80782,41.88851],[-87.80756,41.88851],[-87.80738,41.88852],[-87.80738,41.88852],[-87.8072,41.88852],[-87.80692,41.88853],[-87.80675,41.88854],[-87.80656,41.88854],[-87.80614,41.88856],[-87.80602,41.88856],[-87.80593,41.88856],[-87.80578,41.88857],[-87.80531,41.88858],[-87.80531,41.88858],[-87.80521,41.88858],[-87.80507,41.88859],[-87.80503,41.88859],[-87.80458,41.8886],[-87.80443,41.8886],[-87.8042,41.8886],[-87.80406,41.88861],[-87.80395,41.88861],[-87.80356,41.88862],[-87.80333,41.88863],[-87.80311,41.88863],[-87.80282,41.88864],[-87.80282,41.88864],[-87.80259,41.88864],[-87.80247,41.88865],[-87.80203,41.88866],[-87.80179,41.88866],[-87.80139,41.88866],[-87.80095,41.88866],[-87.80095,41.88866],[-87.80079,41.88866],[-87.80042,41.88868],[-87.80014,41.88868],[-87.79974,41.88868],[-87.79955,41.88869],[-87.79909,41.88869],[-87.79892,41.88869],[-87.79847,41.88869],[-87.79831,41.8887],[-87.79812,41.88869],[-87.79773,41.88869],[-87.79773,41.88869],[-87.79749,41.88869],[-87.79713,41.88869],[-87.79683,41.88869],[-87.79667,41.88869],[-87.79639,41.88869],[-87.7961,41.88869],[-87.79596,41.88868],[-87.79572,41.88868],[-87.79556,41.88867],[-87.79553,41.88867],[-87.79526,41.88866],[-87.79498,41.88866],[-87.79482,41.88865],[-87.79473,41.88865],[-87.79473,41.88865],[-87.79449,41.88865],[-87.79394,41.88863],[-87.79376,41.88862],[-87.79357,41.88862],[-87.79315,41.8886],[-87.79282,41.88859],[-87.79282,41.88859],[-87.79266,41.88858],[-87.79218,41.88857],[-87.79139,41.88854],[-87.79121,41.88854],[-87.79121,41.88854],[-87.79114,41.88854],[-87.79105,41.88854],[-87.79098,41.8885],[-87.79087,41.8885],[-87.79054,41.88848],[-87.79016,41.88847],[-87.79001,41.88846],[-87.78983,41.88845],[-87.7897,41.88845],[-87.7897,41.88845],[-87.78957,41.88845],[-87.78944,41.88844],[-87.789,41.88843],[-87.78853,41.88842],[-87.78835,41.88841],[-87.78804,41.8884],[-87.78804,41.8884],[-87.78794,41.8884],[-87.78728,41.88837],[-87.78679,41.88835],[-87.78666,41.88835],[-87.78654,41.88839],[-87.7864,41.88838],[-87.78639,41.88834],[-87.78639,41.88834],[-87.7864,41.88838],[-87.7863,41.88838],[-87.786,41.88837],[-87.78564,41.88836],[-87.78552,41.88836],[-87.7854,41.88835],[-87.78495,41.88834],[-87.78465,41.88833],[-87.7842,41.88832],[-87.7842,41.88832],[-87.78406,41.88831],[-87.78379,41.88831],[-87.78338,41.88829],[-87.78303,41.88828],[-87.78252,41.88826],[-87.78252,41.88826],[-87.78209,41.88825],[-87.78161,41.88823],[-87.78156,41.88823],[-87.78156,41.88823],[-87.78148,41.88823],[-87.78103,41.88822],[-87.78083,41.88821],[-87.78058,41.88821],[-87.78057,41.88821],[-87.7802,41.8882],[-87.78002,41.88819],[-87.78002,41.88819],[-87.77982,41.88818],[-87.77967,41.88818],[-87.77938,41.88817],[-87.7793,41.88816],[-87.77901,41.88816],[-87.77831,41.88814],[-87.77823,41.88813],[-87.77823,41.88813],[-87.77818,41.88813],[-87.77799,41.88813],[-87.77792,41.88809],[-87.77783,41.88809],[-87.77764,41.88809],[-87.77754,41.88808],[-87.77714,41.88807],[-87.77667,41.88806],[-87.77667,41.88806],[-87.77652,41.88805],[-87.77645,41.88805],[-87.77631,41.88804],[-87.77559,41.88801],[-87.77556,41.88801],[-87.77537,41.888],[-87.77528,41.88804],[-87.7749,41.88803],[-87.77478,41.88802],[-87.77408,41.88801]]}},{"type":"Feature","properties":{"agency":"Pace","route":"314","name":"Ridgeland Avenue","color":"#00539F","type":3},"geometry":{"type":"LineString","coordinates":[[-87.78252,41.88826],[-87.78209,41.88825],[-87.78161,41.88823],[-87.78148,41.88823],[-87.78103,41.88822],[-87.78083,41.88821],[-87.78058,41.88821],[-87.78057,41.88821],[-87.7802,41.8882],[-87.78002,41.88819],[-87.78002,41.88819],[-87.77982,41.88818],[-87.77978,41.88752],[-87.7798,41.88729],[-87.7798,41.8872],[-87.77979,41.88712],[-87.77979,41.88708],[-87.78137,41.88704],[-87.78284,41.88699],[-87.78302,41.88698],[-87.78313,41.88698],[-87.78434,41.88697],[-87.7844,41.88697],[-87.7844,41.88697],[-87.78456,41.88696],[-87.78468,41.88696],[-87.78467,41.88645],[-87.78467,41.88641],[-87.78466,41.88634],[-87.78461,41.88628],[-87.7846,41.886],[-87.78459,41.88587],[-87.78459,41.8857],[-87.78457,41.88522],[-87.78455,41.88462],[-87.78455,41.88436],[-87.78454,41.88421],[-87.78453,41.8836],[-87.78453,41.8836],[-87.78452,41.88359],[-87.78452,41.88345],[-87.7845,41.88257],[-87.78449,41.8823],[-87.78449,41.88226],[-87.78449,41.88219],[-87.78448,41.88187],[-87.78448,41.88187],[-87.78448,41.88173],[-87.78448,41.8816],[-87.78447,41.88137],[-87.78446,41.88117],[-87.78446,41.88112],[-87.78445,41.88075],[-87.78444,41.88045],[-87.78443,41.88017],[-87.78443,41.88017],[-87.78442,41.87998],[-87.78442,41.87992],[-87.78442,41.87988],[-87.78441,41.87962],[-87.78441,41.87951],[-87.7844,41.87945],[-87.7844,41.87919],[-87.78437,41.87846],[-87.78436,41.87809],[-87.78435,41.87772],[-87.78433,41.87748],[-87.78433,41.87738],[-87.78431,41.8768],[-87.78431,41.87653],[-87.7843,41.87647],[-87.7843,41.87647],[-87.7843,41.87628],[-87.78429,41.87602],[-87.78428,41.87579],[-87.78425,41.87481],[-87.78423,41.87446],[-87.78422,41.87407],[-87.78419,41.87324],[-87.78419,41.87317],[-87.78419,41.87309],[-87.78418,41.87289],[-87.78418,41.8728],[-87.78418,41.8728],[-87.78417,41.87263],[-87.78416,41.87237],[-87.78415,41.87218],[-87.78415,41.87203],[-87.78415,41.87192],[-87.78416,41.87179],[-87.78416,41.87166],[-87.78416,41.87135],[-87.78415,41.87118],[-87.78414,41.87104],[-87.78413,41.87092],[-87.78413,41.87068],[-87.78412,41.87055],[-87.78408,41.8691],[-87.78408,41.8691],[-87.78408,41.86898],[-87.78405,41.86844],[-87.78405,41.86834],[-87.78402,41.86775],[-87.78401,41.8676],[-87.78401,41.86752],[-87.784,41.86728],[-87.784,41.86728],[-87.78399,41.86715],[-87.78398,41.8668],[-87.78395,41.86605],[-87.78395,41.86578],[-87.78394,41.86568],[-87.78394,41.86558],[-87.78394,41.86554],[-87.78394,41.86554],[-87.78394,41.86533],[-87.78393,41.86515],[-87.78393,41.86502],[-87.78392,41.86488],[-87.78391,41.8646],[-87.78391,41.86416],[-87.78388,41.86365],[-87.78388,41.86365],[-87.78387,41.8635],[-87.78383,41.86208],[-87.78383,41.8618],[-87.78383,41.8618]]}},{"type":"Feature","properties":{"agency":"Pace","route":"314","name":"Ridgeland Avenue","color":"#00539F","type":3},"geometry":{"type":"LineString","coordinates":[[-87.78383,41.86179],[-87.78383,41.86208],[-87.78386,41.86337],[-87.78386,41.86337],[-87.78387,41.8635],[-87.78391,41.86416],[-87.78391,41.8646],[-87.78392,41.86488],[-87.78393,41.86502],[-87.78393,41.86515],[-87.78394,41.86533],[-87.78394,41.86558],[-87.78394,41.86558],[-87.78394,41.86568],[-87.78395,41.86578],[-87.78395,41.86605],[-87.78398,41.8668],[-87.78399,41.86702],[-87.78399,41.86702],[-87.78399,41.86715],[-87.78401,41.86752],[-87.78401,41.8676],[-87.78402,41.86775],[-87.78405,41.86834],[-87.78405,41.86844],[-87.78407,41.86884],[-87.78407,41.86884],[-87.78408,41.86898],[-87.78412,41.87055],[-87.78413,41.87068],[-87.78413,41.87076],[-87.78413,41.87076],[-87.78413,41.87092],[-87.78414,41.87104],[-87.78415,41.87118],[-87.78416,41.87135],[-87.78416,41.87166],[-87.78416,41.87179],[-87.78415,41.87192],[-87.78415,41.87203],[-87.78415,41.87218],[-87.78416,41.87237],[-87.78417,41.87249],[-87.78417,41.87249],[-87.78417,41.87263],[-87.78418,41.87289],[-87.78419,41.87309],[-87.78419,41.87317],[-87.78419,41.87324],[-87.78422,41.87407],[-87.78423,41.87446],[-87.78425,41.87481],[-87.78428,41.87579],[-87.78429,41.87602],[-87.78429,41.87611],[-87.78429,41.87611],[-87.7843,41.87628],[-87.78431,41.87653],[-87.78431,41.8768],[-87.78433,41.87738],[-87.78433,41.87748],[-87.78435,41.87772],[-87.78436,41.87809],[-87.78437,41.87846],[-87.7844,41.87919],[-87.7844,41.87945],[-87.78441,41.87951],[-87.78441,41.87959],[-87.78441,41.87959],[-87.78441,41.87962],[-87.78442,41.87988],[-87.78442,41.87992],[-87.78442,41.87998],[-87.78444,41.88045],[-87.78445,41.88075],[-87.78446,41.88112],[-87.78446,41.88117],[-87.78447,41.88137],[-87.78447,41.88153],[-87.78447,41.88153],[-87.78448,41.8816],[-87.78448,41.88173],[-87.78449,41.88219],[-87.78449,41.88226],[-87.78449,41.8823],[-87.7845,41.88257],[-87.78452,41.8833],[-87.78452,41.8833],[-87.78452,41.88345],[-87.78452,41.88359],[-87.78454,41.88421],[-87.78455,41.88436],[-87.78455,41.88462],[-87.78457,41.88522],[-87.78459,41.8857],[-87.78459,41.88587],[-87.7846,41.886],[-87.78461,41.88628],[-87.78458,41.88632],[-87.78457,41.88635],[-87.78456,41.88641],[-87.78456,41.88678],[-87.78456,41.88678],[-87.78456,41.88696],[-87.78457,41.88717],[-87.78457,41.88726],[-87.78458,41.88746],[-87.78459,41.88769],[-87.78459,41.88785],[-87.78459,41.88791],[-87.78465,41.88798],[-87.78465,41.88809],[-87.78465,41.88814],[-87.78465,41.88814],[-87.78465,41.88833],[-87.78406,41.88831],[-87.78379,41.88831],[-87.78338,41.88829],[-87.78303,41.88828],[-87.78252,41.88826]]}},{"type":"Feature","properties":{"agency":"Pace","route":"315","name":"Austin Boulevard","color":"#00539F","type":3},"geometry":{"type":"LineString","coordinates":[[-87.77408,41.88801],[-87.77335,41.88799],[-87.77226,41.88795],[-87.77226,41.88795],[-87.77201,41.88795],[-87.772,41.88783],[-87.77199,41.88753],[-87.77204,41.88746],[-87.77203,41.88733],[-87.77201,41.88731],[-87.77201,41.88731],[-87.77198,41.88726],[-87.77198,41.8872],[-87.77198,41.88712],[-87.77324,41.88712],[-87.77324,41.88712],[-87.77347,41.88712],[-87.77462,41.8871],[-87.77465,41.88709],[-87.77465,41.88709],[-87.77475,41.88709],[-87.7749,41.88709],[-87.77487,41.88658],[-87.77487,41.88652],[-87.77487,41.88651],[-87.77486,41.88634],[-87.77486,41.88634],[-87.77486,41.8863],[-87.77483,41.88601],[-87.77479,41.88558],[-87.77478,41.8853],[-87.77478,41.88523],[-87.77478,41.88523],[-87.77475,41.88422],[-87.77475,41.88415],[-87.77474,41.88399],[-87.77474,41.88382],[-87.77474,41.88382],[-87.77471,41.88265],[-87.7747,41.8824],[-87.77469,41.88211],[-87.77468,41.88183],[-87.77468,41.88178],[-87.77468,41.88178],[-87.77467,41.88157],[-87.77466,41.88145],[-87.77466,41.88141],[-87.77465,41.88121],[-87.77465,41.88121],[-87.77464,41.881],[-87.77464,41.88071],[-87.77463,41.88063],[-87.77463,41.88043],[-87.77462,41.88015],[-87.77462,41.88009],[-87.77461,41.88004],[-87.77461,41.87986],[-87.77461,41.87969],[-87.77461,41.87969],[-87.7746,41.87965],[-87.7746,41.87956],[-87.7746,41.87941],[-87.77455,41.8782],[-87.77453,41.87762],[-87.7745,41.87694],[-87.77449,41.87663],[-87.77448,41.87643],[-87.77448,41.87629],[-87.77448,41.87615],[-87.77448,41.87615],[-87.77447,41.87604],[-87.77447,41.87592],[-87.77447,41.87567],[-87.77446,41.87561],[-87.77444,41.87499],[-87.77443,41.87495],[-87.77442,41.87459],[-87.77442,41.87454],[-87.77442,41.87454],[-87.77439,41.87368],[-87.77445,41.8736],[-87.77445,41.87358],[-87.77445,41.87341],[-87.77444,41.87323],[-87.77443,41.87308],[-87.77443,41.87301],[-87.77443,41.87301],[-87.77443,41.87295],[-87.77443,41.87284],[-87.77443,41.87279],[-87.77442,41.87263],[-87.77442,41.87253],[-87.77442,41.87241],[-87.77439,41.87214],[-87.77438,41.87197],[-87.77436,41.8717],[-87.77436,41.8714],[-87.77437,41.87122],[-87.77436,41.87111],[-87.77436,41.87105],[-87.77437,41.87093],[-87.77436,41.87078],[-87.77436,41.87078],[-87.77436,41.87075],[-87.77436,41.87075],[-87.77436,41.87062],[-87.77435,41.87042],[-87.77434,41.86995],[-87.77432,41.86948],[-87.77432,41.86941],[-87.77427,41.86934],[-87.77427,41.86925],[-87.77427,41.8692],[-87.77425,41.86912],[-87.77423,41.86879],[-87.77423,41.86879],[-87.77416,41.86728],[-87.77415,41.86721],[-87.77415,41.86721],[-87.77415,41.86717],[-87.77415,41.86717],[-87.77413,41.8665],[-87.77412,41.86593],[-87.77412,41.8659],[-87.77411,41.86582],[-87.77411,41.86568],[-87.7741,41.86546],[-87.7741,41.86542],[-87.7741,41.86519],[-87.7741,41.86519],[-87.7741,41.86516],[-87.7741,41.865],[-87.77409,41.86487],[-87.77408,41.86453],[-87.77405,41.86374],[-87.77405,41.86374],[-87.77405,41.86364],[-87.77404,41.86311],[-87.77404,41.86303],[-87.77404,41.86259],[-87.77403,41.86218],[-87.77402,41.86195],[-87.77402,41.86195]]}},{"type":"Feature","properties":{"agency":"Pace","route":"315","name":"Austin Boulevard","color":"#00539F","type":3},"geometry":{"type":"LineString","coordinates":[[-87.77402,41.8619],[-87.77403,41.86218],[-87.77404,41.86259],[-87.77404,41.86303],[-87.77404,41.86311],[-87.77405,41.86352],[-87.77405,41.86352],[-87.77405,41.86364],[-87.77408,41.86453],[-87.77409,41.86487],[-87.7741,41.865],[-87.7741,41.86516],[-87.7741,41.86542],[-87.7741,41.86546],[-87.77411,41.86568],[-87.77411,41.86576],[-87.77411,41.86576],[-87.77411,41.86582],[-87.77412,41.8659],[-87.77412,41.86593],[-87.77413,41.8665],[-87.77415,41.86717],[-87.77415,41.86717],[-87.77415,41.86717],[-87.77415,41.86717],[-87.77416,41.86728],[-87.77424,41.86897],[-87.77424,41.86897],[-87.77425,41.86912],[-87.77427,41.8692],[-87.77427,41.86925],[-87.77427,41.86934],[-87.77422,41.86941],[-87.7742,41.86983],[-87.77421,41.86988],[-87.77421,41.8699],[-87.77421,41.86995],[-87.77421,41.87026],[-87.77421,41.87026],[-87.77421,41.87042],[-87.7742,41.87049],[-87.7742,41.87062],[-87.77421,41.87076],[-87.77421,41.87092],[-87.77421,41.87098],[-87.77421,41.87104],[-87.77421,41.8711],[-87.77422,41.87121],[-87.77423,41.87129],[-87.77423,41.87138],[-87.77424,41.87154],[-87.77426,41.87181],[-87.77429,41.87224],[-87.7743,41.87263],[-87.7743,41.87279],[-87.77431,41.87286],[-87.77431,41.87295],[-87.77431,41.87296],[-87.77431,41.87296],[-87.77432,41.87308],[-87.77432,41.87321],[-87.77433,41.87359],[-87.77433,41.8736],[-87.77439,41.87368],[-87.77442,41.87459],[-87.77443,41.87471],[-87.77443,41.87471],[-87.77443,41.87495],[-87.77444,41.87499],[-87.77446,41.87561],[-87.77447,41.87567],[-87.77447,41.87592],[-87.77447,41.87604],[-87.77448,41.87629],[-87.77448,41.87643],[-87.77449,41.87663],[-87.77449,41.8767],[-87.77449,41.8767],[-87.7745,41.87694],[-87.77453,41.87762],[-87.77454,41.8779],[-87.77454,41.8779],[-87.77455,41.8782],[-87.7746,41.87941],[-87.7746,41.87956],[-87.7746,41.87965],[-87.77461,41.87986],[-87.77461,41.88004],[-87.77462,41.88009],[-87.77462,41.88015],[-87.77463,41.88041],[-87.77463,41.88041],[-87.77463,41.88043],[-87.77463,41.88063],[-87.77464,41.88071],[-87.77464,41.881],[-87.77465,41.88121],[-87.77465,41.88121],[-87.77466,41.88141],[-87.77466,41.88145],[-87.77467,41.88157],[-87.77468,41.88183],[-87.77469,41.88211],[-87.7747,41.88236],[-87.7747,41.88236],[-87.7747,41.8824],[-87.77471,41.88265],[-87.77474,41.88399],[-87.77475,41.88415],[-87.77475,41.88422],[-87.77475,41.88435],[-87.77475,41.88435],[-87.77478,41.8853],[-87.77479,41.88558],[-87.77481,41.88579],[-87.77481,41.88579],[-87.77483,41.88601],[-87.77486,41.8863],[-87.77486,41.88634],[-87.77486,41.88634],[-87.77487,41.88651],[-87.77487,41.88652],[-87.77487,41.88658],[-87.77489,41.88691],[-87.77489,41.88691],[-87.7749,41.88709],[-87.7749,41.88714],[-87.77491,41.88734],[-87.7749,41.88745],[-87.77491,41.88756],[-87.77491,41.88776],[-87.7749,41.88803],[-87.77478,41.88802],[-87.77408,41.88801]]}},{"type":"Feature","properties":{"agency":"Pace","route":"318","name":"West North Avenue","color":"#00539F","type":3},"geometry":{"type":"LineString","coordinates":[[-87.80957,41.87956],[-87.80919,41.87956],[-87.80904,41.87957],[-87.80887,41.87957],[-87.80862,41.87958],[-87.80862,41.87958],[-87.80835,41.87958],[-87.80792,41.87959],[-87.80779,41.87959],[-87.80749,41.8796],[-87.80732,41.8796],[-87.80702,41.87961],[-87.80667,41.87961],[-87.80647,41.87962],[-87.80634,41.87962],[-87.80602,41.87963],[-87.80575,41.87963],[-87.80575,41.87963],[-87.80554,41.87963],[-87.80531,41.87964],[-87.80478,41.87967],[-87.80473,41.87966],[-87.80467,41.87967],[-87.8047,41.88057],[-87.80471,41.88068],[-87.80472,41.88088],[-87.80474,41.8814],[-87.80476,41.88177],[-87.80476,41.88177],[-87.80476,41.88188],[-87.80477,41.88226],[-87.80478,41.88242],[-87.80478,41.88255],[-87.80479,41.88266],[-87.80479,41.88274],[-87.80484,41.8828],[-87.80484,41.88286],[-87.80485,41.88305],[-87.80486,41.88325],[-87.80486,41.88349],[-87.80486,41.88349],[-87.80487,41.88356],[-87.80487,41.88364],[-87.80487,41.8838],[-87.80487,41.88389],[-87.80488,41.88408],[-87.80488,41.8843],[-87.8049,41.88479],[-87.8049,41.88542],[-87.80491,41.88568],[-87.80492,41.88589],[-87.80494,41.88639],[-87.80495,41.88658],[-87.80495,41.88666],[-87.80495,41.88666],[-87.80495,41.88666],[-87.80495,41.88672],[-87.80495,41.88685],[-87.80495,41.88695],[-87.80496,41.88706],[-87.80496,41.88714],[-87.80497,41.88748],[-87.80498,41.88755],[-87.80499,41.88777],[-87.80499,41.88788],[-87.805,41.88806],[-87.80503,41.88859],[-87.80503,41.88893],[-87.80503,41.88893],[-87.80504,41.88935],[-87.80499,41.88942],[-87.80499,41.88965],[-87.805,41.88978],[-87.80503,41.89055],[-87.80504,41.8908],[-87.80504,41.89088],[-87.80504,41.89088],[-87.80504,41.8909],[-87.80504,41.89097],[-87.80505,41.89132],[-87.80505,41.89142],[-87.80506,41.89149],[-87.80506,41.89156],[-87.80508,41.89182],[-87.80509,41.89211],[-87.80509,41.8922],[-87.8051,41.8924],[-87.80511,41.89276],[-87.80513,41.89303],[-87.80514,41.89335],[-87.80514,41.89345],[-87.80514,41.89354],[-87.80514,41.89362],[-87.8052,41.89369],[-87.8052,41.89386],[-87.80521,41.89402],[-87.80521,41.89406],[-87.80521,41.89406],[-87.80521,41.89424],[-87.80522,41.89445],[-87.80523,41.89462],[-87.80524,41.89478],[-87.80525,41.89506],[-87.80525,41.89514],[-87.80526,41.89532],[-87.80528,41.89579],[-87.80528,41.89589],[-87.80529,41.8961],[-87.80529,41.89617],[-87.8053,41.89627],[-87.80531,41.89669],[-87.80532,41.89707],[-87.80534,41.89747],[-87.80534,41.8976],[-87.80535,41.8977],[-87.80536,41.8979],[-87.80537,41.89816],[-87.80537,41.89816],[-87.80538,41.89843],[-87.80538,41.89859],[-87.80539,41.89869],[-87.80539,41.89886],[-87.80543,41.89973],[-87.80545,41.90037],[-87.80546,41.9007],[-87.80547,41.90088],[-87.80547,41.90102],[-87.80548,41.90124],[-87.80548,41.90124],[-87.80549,41.90135],[-87.80549,41.90147],[-87.8055,41.90155],[-87.80552,41.90208],[-87.80553,41.9023],[-87.80553,41.90232],[-87.80554,41.90247],[-87.80555,41.90264],[-87.80555,41.90276],[-87.80557,41.90339],[-87.80561,41.9044],[-87.80563,41.90507],[-87.80563,41.90507],[-87.80564,41.90522],[-87.80566,41.90579],[-87.80568,41.90691],[-87.80568,41.90691],[-87.80569,41.90705],[-87.8057,41.90715],[-87.80563,41.90724],[-87.80563,41.90742],[-87.80564,41.90794],[-87.80564,41.90799],[-87.80565,41.90828],[-87.80565,41.90843],[-87.80566,41.90858],[-87.80566,41.90874],[-87.80567,41.9088],[-87.80567,41.90892],[-87.80585,41.90892],[-87.80622,41.90892],[-87.80622,41.90892],[-87.80648,41.90891],[-87.80655,41.90891],[-87.807,41.90891],[-87.80737,41.90891],[-87.80824,41.9089],[-87.80901,41.90889],[-87.80923,41.90889],[-87.80933,41.90884],[-87.80943,41.90884],[-87.80964,41.90884],[-87.8102,41.90883],[-87.81039,41.90883],[-87.81051,41.90882],[-87.81051,41.90882]]}},{"type":"Feature","properties":{"agency":"Pace","route":"318","name":"West North Avenue","color":"#00539F","type":3},"geometry":{"type":"LineString","coordinates":[[-87.81039,41.90883],[-87.8102,41.90883],[-87.80964,41.90884],[-87.80943,41.90884],[-87.80933,41.90884],[-87.80929,41.90883],[-87.80929,41.90883],[-87.80922,41.9088],[-87.80901,41.9088],[-87.80823,41.9088],[-87.80785,41.9088],[-87.80736,41.9088],[-87.807,41.9088],[-87.8069,41.9088],[-87.80655,41.9088],[-87.80596,41.9088],[-87.80585,41.9088],[-87.80584,41.90874],[-87.80584,41.90857],[-87.80583,41.90839],[-87.80582,41.90825],[-87.80581,41.90819],[-87.80581,41.90819],[-87.80581,41.90815],[-87.80577,41.90724],[-87.80577,41.90724],[-87.80577,41.90723],[-87.8057,41.90715],[-87.80569,41.90705],[-87.80566,41.90579],[-87.80564,41.90536],[-87.80564,41.90536],[-87.80564,41.90522],[-87.80561,41.9044],[-87.80557,41.90339],[-87.80555,41.90276],[-87.80555,41.90264],[-87.80554,41.90247],[-87.80553,41.90232],[-87.80553,41.9023],[-87.80552,41.90208],[-87.80551,41.90179],[-87.80551,41.90179],[-87.8055,41.90155],[-87.80549,41.90147],[-87.80549,41.90135],[-87.80547,41.90102],[-87.80547,41.90088],[-87.80546,41.9007],[-87.80545,41.90037],[-87.80543,41.89973],[-87.80539,41.89886],[-87.80539,41.89869],[-87.80538,41.89859],[-87.80538,41.89843],[-87.80536,41.89807],[-87.80536,41.89807],[-87.80536,41.8979],[-87.80535,41.8977],[-87.80534,41.8976],[-87.80534,41.89747],[-87.80532,41.89707],[-87.80531,41.89669],[-87.8053,41.89627],[-87.80529,41.89617],[-87.80529,41.8961],[-87.80528,41.89589],[-87.80528,41.89579],[-87.80526,41.89532],[-87.80525,41.89514],[-87.80525,41.89506],[-87.80524,41.89478],[-87.80523,41.89462],[-87.80522,41.89447],[-87.80522,41.89447],[-87.80522,41.89445],[-87.80521,41.89424],[-87.80521,41.89402],[-87.8052,41.89386],[-87.8052,41.89369],[-87.80525,41.89362],[-87.80525,41.89358],[-87.80523,41.89317],[-87.80522,41.89303],[-87.80521,41.89277],[-87.8052,41.89238],[-87.80519,41.8922],[-87.80519,41.8921],[-87.80518,41.89184],[-87.80517,41.89156],[-87.80516,41.89149],[-87.80516,41.89132],[-87.80515,41.89111],[-87.80515,41.89107],[-87.80515,41.89097],[-87.80514,41.8908],[-87.80513,41.89054],[-87.80512,41.89019],[-87.80512,41.89019],[-87.8051,41.88978],[-87.8051,41.88959],[-87.8051,41.8895],[-87.80509,41.88942],[-87.80504,41.88935],[-87.80503,41.88859],[-87.80501,41.88822],[-87.80501,41.88822],[-87.805,41.88806],[-87.80499,41.88788],[-87.80499,41.88777],[-87.80498,41.88755],[-87.80497,41.88748],[-87.80496,41.88714],[-87.80496,41.88706],[-87.80495,41.88695],[-87.80495,41.88685],[-87.80495,41.88672],[-87.80495,41.88669],[-87.80495,41.88669],[-87.80495,41.88666],[-87.80495,41.88658],[-87.80494,41.88639],[-87.80492,41.88589],[-87.80491,41.88568],[-87.8049,41.88542],[-87.8049,41.88479],[-87.80488,41.8843],[-87.80488,41.88408],[-87.80487,41.88389],[-87.80487,41.8838],[-87.80487,41.88364],[-87.80487,41.88356],[-87.80486,41.88341],[-87.80486,41.88341],[-87.80486,41.88325],[-87.80485,41.88305],[-87.80484,41.88286],[-87.80484,41.8828],[-87.80489,41.88275],[-87.80489,41.88268],[-87.80487,41.88216],[-87.80486,41.88202],[-87.80486,41.88179],[-87.80485,41.88161],[-87.80485,41.88161],[-87.80485,41.88161],[-87.80486,41.8814],[-87.80484,41.88125],[-87.80482,41.88058],[-87.80481,41.8804],[-87.80481,41.88034],[-87.8048,41.88016],[-87.80479,41.88003],[-87.80479,41.88003],[-87.80479,41.88],[-87.80478,41.87967],[-87.80531,41.87964],[-87.80554,41.87963],[-87.80602,41.87963],[-87.80634,41.87962],[-87.80647,41.87962],[-87.80667,41.87961],[-87.80702,41.87961],[-87.80732,41.8796],[-87.80749,41.8796],[-87.80779,41.87959],[-87.80792,41.87959],[-87.80821,41.87959],[-87.80821,41.87959],[-87.80835,41.87958],[-87.80887,41.87957],[-87.80904,41.87957],[-87.80919,41.87956],[-87.80957,41.87956]]}},{"type":"Feature","properties":{"agency":"Metra","route":"UP-W","name":"Union Pacific West","color":"#FE8D81","type":2},"geometry":{"type":"LineString","coordinates":[[-87.80983,41.88691],[-87.80644,41.88696],[-87.80162,41.88698],[-87.79446,41.88713],[-87.78789,41.88721],[-87.78396,41.88726],[-87.77981,41.88737],[-87.77014,41.88747]]}},{"type":"Feature","properties":{"agency":"Metra","route":"UP-W","name":"Union Pacific West","color":"#FE8D81","type":2},"geometry":{"type":"LineString","coordinates":[[-87.77014,41.88747],[-87.77981,41.88737],[-87.78396,41.88726],[-87.78789,41.88721],[-87.79446,41.88713],[-87.80162,41.88698],[-87.80644,41.88696],[-87.80983,41.88691]]}}]}