{"type":"FeatureCollection","features":[{"type":"Feature","id":0,"geometry":{"type":"LineString","coordinates":[[-87.800177,41.88868],[-87.80018,41.888792],[-87.800196,41.889355],[-87.800197,41.889395],[-87.800197,41.88941],[-87.800203,41.889599],[-87.800206,41.889714],[-87.800208,41.889784],[-87.800216,41.890084],[-87.800217,41.890131]]},"properties":{"name":"Forest Avenue","highway":"residential"}},{"type":"Feature","id":1,"geometry":{"type":"LineString","coordinates":[[-87.801115,41.907107],[-87.801118,41.907185],[-87.801162,41.908446],[-87.801171,41.908815],[-87.801172,41.908885]]},"properties":{"name":"Forest Avenue","highway":"residential"}},{"type":"Feature","id":2,"geometry":{"type":"LineString","coordinates":[[-87.800885,41.899771],[-87.800882,41.899697],[-87.800841,41.89843],[-87.800829,41.898052],[-87.800778,41.897958]]},"properties":{"name":"Forest Avenue","highway":"residential"}},{"type":"Feature","id":3,"geometry":{"type":"LineString","coordinates":[[-87.800885,41.899771],[-87.800887,41.899858],[-87.80094,41.9015],[-87.800941,41.901522],[-87.800943,41.901596]]},"properties":{"name":"Forest Avenue","highway":"residential"}},{"type":"Feature","id":4,"geometry":{"type":"LineString","coordinates":[[-87.800943,41.901596],[-87.800946,41.901685],[-87.800947,41.901711],[-87.801,41.903355],[-87.801002,41.903434]]},"properties":{"name":"Forest Avenue","highway":"residential"}},{"type":"Feature","id":5,"geometry":{"type":"LineString","coordinates":[[-87.801002,41.903434],[-87.801005,41.903516],[-87.801059,41.90519],[-87.801061,41.905259]]},"properties":{"name":"Forest Avenue","highway":"residential"}},{"type":"Feature","id":6,"geometry":{"type":"LineString","coordinates":[[-87.800365,41.890661],[-87.80033,41.890673],[-87.800297,41.890701],[-87.800272,41.890721],[-87.800245,41.89075],[-87.800226,41.890787],[-87.800222,41.890826],[-87.800259,41.891917]]},"properties":{"name":"Forest Avenue","highway":"residential"}},{"type":"Feature","id":7,"geometry":{"type":"LineString","coordinates":[[-87.800259,41.891917],[-87.800261,41.891982],[-87.800263,41.892036]]},"properties":{"name":"Forest Avenue","highway":"residential"}},{"type":"Feature","id":8,"geometry":{"type":"LineString","coordinates":[[-87.800263,41.892036],[-87.800299,41.893037],[-87.800302,41.893105]]},"properties":{"name":"Forest Avenue","highway":"residential"}},{"type":"Feature","id":9,"geometry":{"type":"LineString","coordinates":[[-87.800302,41.893105],[-87.800327,41.894166],[-87.800328,41.894207],[-87.800331,41.894307]]},"properties":{"name":"Forest Avenue","highway":"residential"}},{"type":"Feature","id":10,"geometry":{"type":"LineString","coordinates":[[-87.80078,41.888667],[-87.800778,41.888584],[-87.800767,41.888145],[-87.800761,41.88793],[-87.800752,41.887474],[-87.80075,41.887396],[-87.800747,41.887344],[-87.800678,41.887214]]},"properties":{"name":"Forest Avenue","highway":"residential"}},{"type":"Feature","id":11,"geometry":{"type":"LineString","coordinates":[[-87.800599,41.894303],[-87.800603,41.894403],[-87.800604,41.894431],[-87.800619,41.894913],[-87.800715,41.89785],[-87.800727,41.897868],[-87.800778,41.897958]]},"properties":{"name":"Forest Avenue","highway":"residential"}},{"type":"Feature","id":12,"geometry":{"type":"LineString","coordinates":[[-87.800219,41.890191],[-87.800266,41.890231],[-87.800275,41.890462],[-87.800277,41.890493],[-87.800281,41.890534],[-87.8003,41.890571],[-87.800333,41.890596],[-87.800354,41.890602],[-87.800398,41.890604],[-87.800436,41.890605]]},"properties":{"name":"Forest Avenue","highway":"residential"}},{"type":"Feature","id":13,"geometry":{"type":"LineString","coordinates":[[-87.800217,41.890131],[-87.800219,41.890191]]},"properties":{"name":"Forest Avenue","highway":"residential"}},{"type":"Feature","id":14,"geometry":{"type":"LineString","coordinates":[[-87.800219,41.890191],[-87.800182,41.890239],[-87.80019,41.890463],[-87.800191,41.890497],[-87.800191,41.890535],[-87.800191,41.89056],[-87.800209,41.890594],[-87.800242,41.890619],[-87.800365,41.890661]]},"properties":{"name":"Forest Avenue","highway":"residential"}},{"type":"Feature","id":15,"geometry":{"type":"LineString","coordinates":[[-87.801172,41.908885],[-87.801175,41.909001]]},"properties":{"name":"Forest Avenue","highway":"residential"}},{"type":"Feature","id":16,"geometry":{"type":"LineString","coordinates":[[-87.800365,41.890661],[-87.800399,41.890659],[-87.800419,41.890657]]},"properties":{"name":"Forest Avenue","highway":"residential"}},{"type":"Feature","id":17,"geometry":{"type":"LineString","coordinates":[[-87.787914,41.886946],[-87.787888,41.887029],[-87.787894,41.887308],[-87.787926,41.887349]]},"properties":{"name":"North Scoville Avenue","highway":"residential"}},{"type":"Feature","id":18,"geometry":{"type":"LineString","coordinates":[[-87.78797,41.888684],[-87.787973,41.888887],[-87.787974,41.888993],[-87.787975,41.88907],[-87.787992,41.890228],[-87.787993,41.890301]]},"properties":{"name":"North Scoville Avenue","highway":"residential"}},{"type":"Feature","id":19,"geometry":{"type":"LineString","coordinates":[[-87.787957,41.888425],[-87.787954,41.88833],[-87.787954,41.888305],[-87.787926,41.887349]]},"properties":{"name":"North Scoville Avenue","highway":"residential"}},{"type":"Feature","id":20,"geometry":{"type":"LineString","coordinates":[[-87.788042,41.891655],[-87.788039,41.891587],[-87.787997,41.890392],[-87.787993,41.890301]]},"properties":{"name":"North Scoville Avenue","highway":"residential"}},{"type":"Feature","id":21,"geometry":{"type":"LineString","coordinates":[[-87.788042,41.891655],[-87.788044,41.891749],[-87.788081,41.892963],[-87.788083,41.893032]]},"properties":{"name":"North Scoville Avenue","highway":"residential"}},{"type":"Feature","id":22,"geometry":{"type":"LineString","coordinates":[[-87.788083,41.893032],[-87.788085,41.893123],[-87.78812,41.894371],[-87.788121,41.894419],[-87.788123,41.89451]]},"properties":{"name":"North Scoville Avenue","highway":"residential"}},{"type":"Feature","id":23,"geometry":{"type":"LineString","coordinates":[[-87.787926,41.887349],[-87.787952,41.88731],[-87.787948,41.887049],[-87.787947,41.887028],[-87.787914,41.886946]]},"properties":{"name":"North Scoville Avenue","highway":"residential"}},{"type":"Feature","id":24,"geometry":{"type":"LineString","coordinates":[[-87.787957,41.888425],[-87.787932,41.88853],[-87.78797,41.888684]]},"properties":{"name":"North Scoville Avenue","highway":"residential"}},{"type":"Feature","id":25,"geometry":{"type":"LineString","coordinates":[[-87.78797,41.888684],[-87.788004,41.888558],[-87.788011,41.888533],[-87.787957,41.888425]]},"properties":{"name":"North Scoville Avenue","highway":"residential"}},{"type":"Feature","id":26,"geometry":{"type":"LineString","coordinates":[[-87.791247,41.863381],[-87.791245,41.8633],[-87.791194,41.861643],[-87.791191,41.861551],[-87.79119,41.861479],[-87.791178,41.861063],[-87.791159,41.86038],[-87.791144,41.859815],[-87.791141,41.859732],[-87.791139,41.859656],[-87.791104,41.858381],[-87.791102,41.858315],[-87.791094,41.857998],[-87.791091,41.857914],[-87.791089,41.857836],[-87.791079,41.857451],[-87.791043,41.856168],[-87.791041,41.856079],[-87.790989,41.854192],[-87.790986,41.854081],[-87.79094,41.85242],[-87.790912,41.85141],[-87.790909,41.85128],[-87.790906,41.85117],[-87.790904,41.851075],[-87.790901,41.850823]]},"properties":{"name":"Wesley Avenue","highway":"residential"}},{"type":"Feature","id":27,"geometry":{"type":"LineString","coordinates":[[-87.791292,41.865202],[-87.791291,41.865125],[-87.791289,41.865025],[-87.791287,41.864856]]},"properties":{"name":"Wesley Avenue","highway":"residential"}},{"type":"Feature","id":28,"geometry":{"type":"LineString","coordinates":[[-87.791287,41.86475],[-87.791249,41.863461],[-87.791247,41.863381]]},"properties":{"name":"Wesley Avenue","highway":"residential"}},{"type":"Feature","id":29,"geometry":{"type":"LineString","coordinates":[[-87.795252,41.874072],[-87.795349,41.874071],[-87.796004,41.874063],[-87.796086,41.874063]]},"properties":{"name":"Van Buren Street","highway":"residential"}},{"type":"Feature","id":30,"geometry":{"type":"LineString","coordinates":[[-87.796086,41.874063],[-87.796163,41.874062],[-87.796486,41.874057]]},"properties":{"name":"Van Buren Street","highway":"residential"}},{"type":"Feature","id":31,"geometry":{"type":"LineString","coordinates":[[-87.775093,41.874592],[-87.775588,41.874584],[-87.775684,41.874582]]},"properties":{"name":"Van Buren Street","highway":"residential"}},{"type":"Feature","id":32,"geometry":{"type":"LineString","coordinates":[[-87.775684,41.874582],[-87.775819,41.87458],[-87.776308,41.874572],[-87.77681,41.874564],[-87.77691,41.874563]]},"properties":{"name":"Van Buren Street","highway":"residential"}},{"type":"Feature","id":33,"geometry":{"type":"LineString","coordinates":[[-87.77691,41.874563],[-87.777024,41.874561],[-87.777512,41.874553],[-87.778018,41.874545],[-87.77812,41.874543]]},"properties":{"name":"Van Buren Street","highway":"residential"}},{"type":"Feature","id":34,"geometry":{"type":"LineString","coordinates":[[-87.77812,41.874543],[-87.778239,41.874541],[-87.778738,41.874533],[-87.779233,41.874525],[-87.779365,41.874523]]},"properties":{"name":"Van Buren Street","highway":"residential"}},{"type":"Feature","id":35,"geometry":{"type":"LineString","coordinates":[[-87.779365,41.874523],[-87.779502,41.874521],[-87.780004,41.874513],[-87.780502,41.874505],[-87.780596,41.874503]]},"properties":{"name":"Van Buren Street","highway":"residential"}},{"type":"Feature","id":36,"geometry":{"type":"LineString","coordinates":[[-87.780596,41.874503],[-87.780715,41.874501],[-87.781209,41.874493],[-87.781715,41.874485],[-87.781807,41.874484]]},"properties":{"name":"Van Buren Street","highway":"residential"}},{"type":"Feature","id":37,"geometry":{"type":"LineString","coordinates":[[-87.783041,41.874464],[-87.782943,41.874466],[-87.782432,41.874474],[-87.781928,41.874482],[-87.781807,41.874484]]},"properties":{"name":"Van Buren Street","highway":"residential"}},{"type":"Feature","id":38,"geometry":{"type":"LineString","coordinates":[[-87.783041,41.874464],[-87.783155,41.874462],[-87.783659,41.874454],[-87.784167,41.874446],[-87.784268,41.874444]]},"properties":{"name":"Van Buren Street","highway":"residential"}},{"type":"Feature","id":39,"geometry":{"type":"LineString","coordinates":[[-87.784268,41.874444],[-87.784386,41.874442],[-87.784895,41.874434],[-87.785418,41.874426],[-87.785494,41.874425]]},"properties":{"name":"Van Buren Street","highway":"residential"}},{"type":"Feature","id":40,"geometry":{"type":"LineString","coordinates":[[-87.785494,41.874425],[-87.785584,41.874423],[-87.786113,41.874415],[-87.786642,41.874406],[-87.786738,41.874405]]},"properties":{"name":"Van Buren Street","highway":"residential"}},{"type":"Feature","id":41,"geometry":{"type":"LineString","coordinates":[[-87.786738,41.874405],[-87.78683,41.874403],[-87.78734,41.874395],[-87.787839,41.874387],[-87.787941,41.874385]]},"properties":{"name":"Van Buren Street","highway":"residential"}},{"type":"Feature","id":42,"geometry":{"type":"LineString","coordinates":[[-87.789172,41.874365],[-87.789281,41.874364],[-87.789785,41.874356],[-87.789969,41.874353],[-87.790287,41.874347],[-87.79039,41.874346]]},"properties":{"name":"Van Buren Street","highway":"residential"}},{"type":"Feature","id":43,"geometry":{"type":"LineString","coordinates":[[-87.79039,41.874346],[-87.790504,41.874344],[-87.791005,41.874336],[-87.791506,41.874328],[-87.791612,41.874326]]},"properties":{"name":"Van Buren Street","highway":"residential"}},{"type":"Feature","id":44,"geometry":{"type":"LineString","coordinates":[[-87.791612,41.874326],[-87.791724,41.874324],[-87.792224,41.874316],[-87.792733,41.874308],[-87.792833,41.874307]]},"properties":{"name":"Van Buren Street","highway":"residential"}},{"type":"Feature","id":45,"geometry":{"type":"LineString","coordinates":[[-87.792833,41.874307],[-87.79295,41.874305],[-87.79344,41.874297],[-87.793951,41.874289],[-87.794052,41.874287]]},"properties":{"name":"Van Buren Street","highway":"residential"}},{"type":"Feature","id":46,"geometry":{"type":"LineString","coordinates":[[-87.794052,41.874287],[-87.794173,41.874285],[-87.794676,41.874277],[-87.795169,41.874269],[-87.795258,41.874268]]},"properties":{"name":"Van Buren Street","highway":"residential"}},{"type":"Feature","id":47,"geometry":{"type":"LineString","coordinates":[[-87.787941,41.874385],[-87.788058,41.874383],[-87.788557,41.874375],[-87.788626,41.874374],[-87.788966,41.874369],[-87.789064,41.874367],[-87.789172,41.874365]]},"properties":{"name":"Van Buren Street","highway":"residential"}},{"type":"Feature","id":48,"geometry":{"type":"LineString","coordinates":[[-87.788853,41.865243],[-87.788851,41.865161],[-87.788849,41.865075],[-87.78884,41.864791],[-87.788803,41.863503],[-87.7888,41.86342]]},"properties":{"name":"East Avenue","highway":"residential"}},{"type":"Feature","id":49,"geometry":{"type":"LineString","coordinates":[[-87.7888,41.86342],[-87.788798,41.86334],[-87.78875,41.86168],[-87.788747,41.861589],[-87.788745,41.86152],[-87.788697,41.859856],[-87.788694,41.859769],[-87.788692,41.859699],[-87.788655,41.858414],[-87.788652,41.858326],[-87.788647,41.858135],[-87.788644,41.858033],[-87.788642,41.85795]]},"properties":{"name":"East Avenue","highway":"residential"}},{"type":"Feature","id":50,"geometry":{"type":"LineString","coordinates":[[-87.803989,41.88324],[-87.803987,41.883158],[-87.803935,41.881497],[-87.803933,41.881416]]},"properties":{"name":"South Maple Avenue","highway":"residential"}},{"type":"Feature","id":51,"geometry":{"type":"LineString","coordinates":[[-87.803933,41.881416],[-87.803929,41.881336],[-87.803909,41.8809],[-87.803897,41.880261],[-87.803891,41.880064],[-87.80388,41.879708],[-87.803877,41.879618]]},"properties":{"name":"South Maple Avenue","highway":"residential"}},{"type":"Feature","id":52,"geometry":{"type":"LineString","coordinates":[[-87.80354,41.870479],[-87.803536,41.87039],[-87.80347,41.868725],[-87.803467,41.868646]]},"properties":{"name":"South Maple Avenue","highway":"residential"}},{"type":"Feature","id":53,"geometry":{"type":"LineString","coordinates":[[-87.803467,41.868646],[-87.803463,41.868538],[-87.803399,41.866897],[-87.803397,41.86682]]},"properties":{"name":"South Maple Avenue","highway":"residential"}},{"type":"Feature","id":54,"geometry":{"type":"LineString","coordinates":[[-87.803397,41.86682],[-87.803394,41.866735],[-87.803359,41.865442],[-87.803356,41.865343],[-87.803349,41.865093],[-87.803346,41.865008]]},"properties":{"name":"South Maple Avenue","highway":"residential"}},{"type":"Feature","id":55,"geometry":{"type":"LineString","coordinates":[[-87.803823,41.875971],[-87.803797,41.875948],[-87.803791,41.875937],[-87.803776,41.875913],[-87.803768,41.87587],[-87.803756,41.875461],[-87.803744,41.87542],[-87.803718,41.875387],[-87.803679,41.875362],[-87.803623,41.875345]]},"properties":{"name":"South Maple Avenue","highway":"tertiary"}},{"type":"Feature","id":56,"geometry":{"type":"LineString","coordinates":[[-87.803643,41.873875],[-87.803655,41.87392],[-87.803664,41.874224],[-87.803693,41.875194],[-87.803667,41.875275],[-87.803646,41.875307],[-87.803623,41.875345]]},"properties":{"name":"South Maple Avenue","highway":"residential"}},{"type":"Feature","id":57,"geometry":{"type":"LineString","coordinates":[[-87.803754,41.876345],[-87.803779,41.876264],[-87.803781,41.876168],[-87.803802,41.876102],[-87.803807,41.876087],[-87.803841,41.876037]]},"properties":{"name":"South Maple Avenue","highway":"residential"}},{"type":"Feature","id":58,"geometry":{"type":"LineString","coordinates":[[-87.803712,41.875939],[-87.803708,41.876052],[-87.803707,41.876103],[-87.803707,41.876152],[-87.803715,41.876265],[-87.803754,41.876345]]},"properties":{"name":"South Maple Avenue","highway":"residential"}},{"type":"Feature","id":59,"geometry":{"type":"LineString","coordinates":[[-87.803784,41.877378],[-87.803768,41.876849],[-87.803766,41.876774]]},"properties":{"name":"South Maple Avenue","highway":"residential"}},{"type":"Feature","id":60,"geometry":{"type":"LineString","coordinates":[[-87.803766,41.876774],[-87.803764,41.876707],[-87.803764,41.876688],[-87.803754,41.876345]]},"properties":{"name":"South Maple Avenue","highway":"residential"}},{"type":"Feature","id":61,"geometry":{"type":"LineString","coordinates":[[-87.803592,41.875391],[-87.803605,41.875393],[-87.803624,41.875397],[-87.803655,41.875416],[-87.80368,41.875449],[-87.803692,41.87549],[-87.803705,41.875899],[-87.803712,41.875939],[-87.803734,41.875977],[-87.803768,41.876007],[-87.803812,41.876031],[-87.803841,41.876037],[-87.803862,41.876038],[-87.803922,41.876021]]},"properties":{"name":"South Maple Avenue","highway":"tertiary"}},{"type":"Feature","id":62,"geometry":{"type":"LineString","coordinates":[[-87.803877,41.879618],[-87.803872,41.879514],[-87.803859,41.879261],[-87.803853,41.879139],[-87.803843,41.878932],[-87.803827,41.878596],[-87.803813,41.878325],[-87.803811,41.878266],[-87.803807,41.878179]]},"properties":{"name":"South Maple Avenue","highway":"residential"}},{"type":"Feature","id":63,"geometry":{"type":"LineString","coordinates":[[-87.803807,41.878179],[-87.8038,41.878053],[-87.803787,41.877787],[-87.803774,41.877516]]},"properties":{"name":"South Maple Avenue","highway":"residential"}},{"type":"Feature","id":64,"geometry":{"type":"LineString","coordinates":[[-87.803591,41.872312],[-87.803588,41.872216],[-87.803578,41.871833],[-87.803542,41.870551],[-87.80354,41.870479]]},"properties":{"name":"South Maple Avenue","highway":"residential"}},{"type":"Feature","id":65,"geometry":{"type":"LineString","coordinates":[[-87.804057,41.885423],[-87.804054,41.885342],[-87.803991,41.883319],[-87.803989,41.88324]]},"properties":{"name":"South Maple Avenue","highway":"residential"}},{"type":"Feature","id":66,"geometry":{"type":"LineString","coordinates":[[-87.804083,41.886268],[-87.804075,41.88601],[-87.804069,41.885826],[-87.804059,41.885502],[-87.804057,41.885423]]},"properties":{"name":"South Maple Avenue","highway":"residential"}},{"type":"Feature","id":67,"geometry":{"type":"LineString","coordinates":[[-87.802429,41.88719],[-87.802487,41.887131],[-87.802545,41.886836],[-87.80255,41.886811],[-87.802531,41.886742]]},"properties":{"name":"South Marion Street","highway":"residential"}},{"type":"Feature","id":68,"geometry":{"type":"LineString","coordinates":[[-87.802531,41.886742],[-87.802543,41.886679],[-87.802542,41.886662],[-87.802531,41.886415],[-87.802524,41.886166],[-87.80252,41.886039],[-87.802514,41.885798],[-87.802512,41.88571]]},"properties":{"name":"South Marion Street","highway":"residential"}},{"type":"Feature","id":69,"geometry":{"type":"LineString","coordinates":[[-87.802512,41.88571],[-87.802498,41.885451]]},"properties":{"name":"South Marion Street","highway":"residential"}},{"type":"Feature","id":70,"geometry":{"type":"LineString","coordinates":[[-87.802498,41.885451],[-87.802496,41.885369],[-87.802488,41.885116],[-87.802485,41.884978],[-87.802478,41.884723],[-87.802465,41.884253]]},"properties":{"name":"South Marion Street","highway":"residential"}},{"type":"Feature","id":71,"geometry":{"type":"LineString","coordinates":[[-87.802465,41.884253],[-87.802453,41.883817],[-87.802441,41.883353],[-87.802439,41.883272]]},"properties":{"name":"South Marion Street","highway":"residential"}},{"type":"Feature","id":72,"geometry":{"type":"LineString","coordinates":[[-87.803858,41.897903],[-87.803861,41.897999],[-87.803917,41.899644],[-87.80392,41.899721]]},"properties":{"name":"North Marion Street","highway":"residential"}},{"type":"Feature","id":73,"geometry":{"type":"LineString","coordinates":[[-87.80392,41.899721],[-87.803922,41.899806],[-87.803978,41.901452],[-87.803979,41.901471],[-87.803981,41.901544]]},"properties":{"name":"North Marion Street","highway":"residential"}},{"type":"Feature","id":74,"geometry":{"type":"LineString","coordinates":[[-87.803981,41.901544],[-87.803984,41.901631],[-87.803985,41.901658],[-87.804041,41.903307],[-87.804043,41.903389]]},"properties":{"name":"North Marion Street","highway":"residential"}},{"type":"Feature","id":75,"geometry":{"type":"LineString","coordinates":[[-87.804043,41.903389],[-87.804046,41.903468],[-87.804051,41.903612],[-87.804103,41.905144],[-87.804105,41.905223]]},"properties":{"name":"North Marion Street","highway":"residential"}},{"type":"Feature","id":76,"geometry":{"type":"LineString","coordinates":[[-87.802429,41.88719],[-87.802414,41.887271],[-87.802414,41.887306],[-87.802414,41.887372],[-87.802418,41.887482],[-87.802426,41.88785],[-87.802435,41.88791]]},"properties":{"name":"North Marion Street","highway":"residential"}},{"type":"Feature","id":77,"geometry":{"type":"LineString","coordinates":[[-87.802435,41.88791],[-87.802445,41.887967],[-87.802458,41.888246],[-87.802466,41.888574],[-87.802468,41.888638]]},"properties":{"name":"North Marion Street","highway":"residential"}},{"type":"Feature","id":78,"geometry":{"type":"LineString","coordinates":[[-87.803246,41.894256],[-87.803249,41.894352],[-87.80325,41.894377],[-87.803259,41.894645],[-87.803265,41.894753]]},"properties":{"name":"North Marion Street","highway":"residential"}},{"type":"Feature","id":79,"geometry":{"type":"LineString","coordinates":[[-87.802531,41.886742],[-87.802472,41.886815],[-87.802413,41.887127],[-87.802409,41.887143],[-87.802429,41.88719]]},"properties":{"name":"North Marion Street","highway":"residential"}},{"type":"Feature","id":80,"geometry":{"type":"LineString","coordinates":[[-87.804213,41.90841],[-87.804216,41.908707]]},"properties":{"name":"North Marion Street","highway":"residential"}},{"type":"Feature","id":81,"geometry":{"type":"LineString","coordinates":[[-87.803269,41.89486],[-87.803282,41.895269],[-87.803286,41.895357]]},"properties":{"name":"North Marion Street","highway":"residential"}},{"type":"Feature","id":82,"geometry":{"type":"LineString","coordinates":[[-87.803286,41.895357],[-87.803288,41.895437],[-87.803308,41.896016],[-87.803316,41.896252],[-87.803318,41.896302]]},"properties":{"name":"North Marion Street","highway":"residential"}},{"type":"Feature","id":83,"geometry":{"type":"LineString","coordinates":[[-87.803318,41.896302],[-87.80332,41.896371],[-87.803343,41.897043],[-87.803345,41.897098]]},"properties":{"name":"North Marion Street","highway":"residential"}},{"type":"Feature","id":84,"geometry":{"type":"LineString","coordinates":[[-87.803345,41.897098],[-87.803347,41.897164],[-87.803369,41.897806],[-87.803373,41.897912]]},"properties":{"name":"North Marion Street","highway":"residential"}},{"type":"Feature","id":85,"geometry":{"type":"LineString","coordinates":[[-87.802633,41.888635],[-87.802635,41.888709],[-87.802654,41.88925],[-87.802655,41.889282],[-87.802659,41.889416],[-87.802664,41.889569],[-87.802666,41.889619],[-87.802669,41.889715],[-87.802677,41.889949],[-87.802696,41.89051],[-87.802699,41.890589]]},"properties":{"name":"North Marion Street","highway":"residential"}},{"type":"Feature","id":86,"geometry":{"type":"LineString","coordinates":[[-87.802699,41.890589],[-87.802701,41.890673],[-87.80272,41.891221],[-87.802739,41.891789],[-87.802742,41.891866]]},"properties":{"name":"North Marion Street","highway":"residential"}},{"type":"Feature","id":87,"geometry":{"type":"LineString","coordinates":[[-87.802782,41.893061],[-87.802785,41.893143],[-87.802827,41.894156],[-87.802829,41.894262]]},"properties":{"name":"North Marion Street","highway":"residential"}},{"type":"Feature","id":88,"geometry":{"type":"LineString","coordinates":[[-87.804168,41.907069],[-87.80417,41.90714],[-87.804205,41.908277]]},"properties":{"name":"North Marion Street","highway":"residential"}},{"type":"Feature","id":89,"geometry":{"type":"LineString","coordinates":[[-87.804105,41.905223],[-87.804108,41.905306],[-87.804132,41.906013],[-87.804164,41.906979],[-87.804168,41.907069]]},"properties":{"name":"North Marion Street","highway":"residential"}},{"type":"Feature","id":90,"geometry":{"type":"LineString","coordinates":[[-87.804216,41.908707],[-87.804186,41.908768],[-87.804156,41.90883]]},"properties":{"name":"North Marion Street","highway":"residential"}},{"type":"Feature","id":91,"geometry":{"type":"LineString","coordinates":[[-87.804275,41.908825],[-87.804241,41.908761],[-87.804216,41.908707]]},"properties":{"name":"North Marion Street","highway":"residential"}},{"type":"Feature","id":92,"geometry":{"type":"LineString","coordinates":[[-87.802742,41.891866],[-87.802745,41.891951],[-87.802762,41.89247],[-87.802779,41.892992],[-87.802782,41.893061]]},"properties":{"name":"North Marion Street","highway":"residential"}},{"type":"Feature","id":93,"geometry":{"type":"LineString","coordinates":[[-87.804931,41.885407],[-87.805054,41.885405],[-87.805473,41.885399],[-87.80558,41.885397],[-87.806138,41.885388],[-87.806239,41.885387]]},"properties":{"name":"Franklin Street","highway":"residential"}},{"type":"Feature","id":94,"geometry":{"type":"LineString","coordinates":[[-87.806239,41.885387],[-87.806352,41.885385],[-87.806611,41.885381],[-87.806879,41.885377],[-87.807194,41.885372],[-87.807446,41.885368],[-87.807549,41.885367]]},"properties":{"name":"Franklin Street","highway":"residential"}},{"type":"Feature","id":95,"geometry":{"type":"LineString","coordinates":[[-87.807549,41.885367],[-87.807671,41.885365],[-87.808216,41.885357],[-87.808732,41.885349],[-87.808905,41.885346]]},"properties":{"name":"Franklin Street","highway":"residential"}},{"type":"Feature","id":96,"geometry":{"type":"LineString","coordinates":[[-87.808905,41.885346],[-87.809033,41.885345],[-87.810077,41.885328],[-87.811001,41.885314],[-87.811803,41.885301],[-87.811859,41.8853],[-87.811969,41.885299],[-87.812116,41.885297],[-87.812134,41.885296],[-87.812649,41.885288],[-87.813207,41.88528],[-87.813316,41.885278],[-87.813425,41.885276],[-87.813995,41.885267],[-87.814168,41.885265],[-87.814552,41.885259],[-87.814653,41.885257]]},"properties":{"name":"Franklin Street","highway":"residential"}},{"type":"Feature","id":97,"geometry":{"type":"LineString","coordinates":[[-87.809584,41.879549],[-87.809581,41.879466],[-87.809566,41.879015],[-87.809563,41.878947],[-87.809559,41.878836],[-87.809553,41.878663],[-87.809522,41.877769],[-87.80952,41.877706]]},"properties":{"name":"Hannah Avenue","highway":"residential"}},{"type":"Feature","id":98,"geometry":{"type":"LineString","coordinates":[[-87.809337,41.872246],[-87.809334,41.87217],[-87.80932,41.871791],[-87.809271,41.870505],[-87.809268,41.87042]]},"properties":{"name":"Hannah Avenue","highway":"residential"}},{"type":"Feature","id":99,"geometry":{"type":"LineString","coordinates":[[-87.809268,41.87042],[-87.809265,41.870342],[-87.809202,41.868675],[-87.809199,41.868593]]},"properties":{"name":"Hannah Avenue","highway":"residential"}},{"type":"Feature","id":100,"geometry":{"type":"LineString","coordinates":[[-87.809199,41.868593],[-87.809196,41.868513],[-87.809133,41.866849],[-87.809129,41.866762]]},"properties":{"name":"Hannah Avenue","highway":"residential"}},{"type":"Feature","id":101,"geometry":{"type":"LineString","coordinates":[[-87.809129,41.866762],[-87.809127,41.866688],[-87.809078,41.865389],[-87.809065,41.865048],[-87.809064,41.865022],[-87.809062,41.864945]]},"properties":{"name":"Hannah Avenue","highway":"residential"}},{"type":"Feature","id":102,"geometry":{"type":"LineString","coordinates":[[-87.809062,41.864945],[-87.809059,41.864856]]},"properties":{"name":"Hannah Avenue","highway":"residential"}},{"type":"Feature","id":103,"geometry":{"type":"LineString","coordinates":[[-87.809059,41.864856],[-87.809057,41.864804],[-87.809055,41.864767],[-87.809053,41.864688],[-87.809042,41.864334],[-87.809006,41.863137],[-87.808951,41.861327]]},"properties":{"name":"Hannah Avenue","highway":"residential"}},{"type":"Feature","id":104,"geometry":{"type":"LineString","coordinates":[[-87.80952,41.877706],[-87.809518,41.877649],[-87.809452,41.875983],[-87.809449,41.875894]]},"properties":{"name":"Hannah Avenue","highway":"residential"}},{"type":"Feature","id":105,"geometry":{"type":"LineString","coordinates":[[-87.809449,41.875894],[-87.809446,41.875822],[-87.809405,41.874501],[-87.809403,41.874442]]},"properties":{"name":"Hannah Avenue","highway":"residential"}},{"type":"Feature","id":106,"geometry":{"type":"LineString","coordinates":[[-87.782092,41.905802],[-87.782164,41.905765],[-87.782204,41.905724],[-87.78226,41.905565],[-87.782471,41.90496],[-87.782837,41.903894],[-87.782793,41.903818]]},"properties":{"name":"North Harvey Avenue","highway":"residential"}},{"type":"Feature","id":107,"geometry":{"type":"LineString","coordinates":[[-87.782092,41.905802],[-87.782042,41.905845],[-87.782013,41.905889],[-87.782042,41.906916],[-87.782052,41.90728],[-87.782055,41.907376]]},"properties":{"name":"North Harvey Avenue","highway":"residential"}},{"type":"Feature","id":108,"geometry":{"type":"LineString","coordinates":[[-87.781396,41.887027],[-87.781371,41.887111],[-87.781372,41.887156],[-87.781377,41.887397],[-87.781409,41.88745]]},"properties":{"name":"North Harvey Avenue","highway":"residential"}},{"type":"Feature","id":109,"geometry":{"type":"LineString","coordinates":[[-87.781429,41.888218],[-87.781432,41.888326],[-87.781445,41.888758],[-87.781447,41.888828],[-87.781491,41.890331],[-87.781493,41.890395]]},"properties":{"name":"North Harvey Avenue","highway":"residential"}},{"type":"Feature","id":110,"geometry":{"type":"LineString","coordinates":[[-87.781493,41.890395],[-87.781496,41.890488],[-87.781536,41.89169],[-87.781539,41.89176]]},"properties":{"name":"North Harvey Avenue","highway":"residential"}},{"type":"Feature","id":111,"geometry":{"type":"LineString","coordinates":[[-87.781539,41.89176],[-87.781541,41.891849],[-87.781579,41.893062],[-87.781581,41.893135]]},"properties":{"name":"North Harvey Avenue","highway":"residential"}},{"type":"Feature","id":112,"geometry":{"type":"LineString","coordinates":[[-87.781581,41.893135],[-87.781584,41.893223],[-87.781614,41.894354],[-87.781617,41.894507],[-87.781618,41.894522],[-87.78162,41.894612]]},"properties":{"name":"North Harvey Avenue","highway":"residential"}},{"type":"Feature","id":113,"geometry":{"type":"LineString","coordinates":[[-87.7821,41.908673],[-87.782104,41.908781],[-87.782106,41.908843],[-87.782112,41.909057],[-87.782117,41.909181]]},"properties":{"name":"North Harvey Avenue","highway":"residential"}},{"type":"Feature","id":114,"geometry":{"type":"LineString","coordinates":[[-87.781051,41.888206],[-87.781049,41.888117],[-87.781042,41.887721],[-87.781041,41.887588],[-87.781087,41.887506],[-87.781161,41.887457]]},"properties":{"name":"North Harvey Avenue","highway":"unclassified"}},{"type":"Feature","id":115,"geometry":{"type":"LineString","coordinates":[[-87.781796,41.899941],[-87.781794,41.89986],[-87.781748,41.898347],[-87.781745,41.898259]]},"properties":{"name":"North Harvey Avenue","highway":"residential"}},{"type":"Feature","id":116,"geometry":{"type":"LineString","coordinates":[[-87.782793,41.903818],[-87.782754,41.903736],[-87.782682,41.90201],[-87.782681,41.901984],[-87.782677,41.901895]]},"properties":{"name":"North Harvey Avenue","highway":"residential"}},{"type":"Feature","id":117,"geometry":{"type":"LineString","coordinates":[[-87.782055,41.907376],[-87.78207,41.907894],[-87.78209,41.908589]]},"properties":{"name":"North Harvey Avenue","highway":"residential"}},{"type":"Feature","id":118,"geometry":{"type":"LineString","coordinates":[[-87.782677,41.901895],[-87.782674,41.901824],[-87.782674,41.901798],[-87.782608,41.900008],[-87.782605,41.899928]]},"properties":{"name":"North Harvey Avenue","highway":"residential"}},{"type":"Feature","id":119,"geometry":{"type":"LineString","coordinates":[[-87.78162,41.894612],[-87.781624,41.894718],[-87.781625,41.894744],[-87.781629,41.894881],[-87.781639,41.895155],[-87.781679,41.896345],[-87.78168,41.896364],[-87.781682,41.896433]]},"properties":{"name":"North Harvey Avenue","highway":"residential"}},{"type":"Feature","id":120,"geometry":{"type":"LineString","coordinates":[[-87.781682,41.896433],[-87.781685,41.896525],[-87.781743,41.898186],[-87.781745,41.898259]]},"properties":{"name":"North Harvey Avenue","highway":"residential"}},{"type":"Feature","id":121,"geometry":{"type":"LineString","coordinates":[[-87.781409,41.88745],[-87.781442,41.887396],[-87.781434,41.887136],[-87.781432,41.887109],[-87.781396,41.887027]]},"properties":{"name":"North Harvey Avenue","highway":"residential"}},{"type":"Feature","id":122,"geometry":{"type":"LineString","coordinates":[[-87.796426,41.866942],[-87.796429,41.867021],[-87.796441,41.867492],[-87.796287,41.867496]]},"properties":{"name":"South Kenilworth Avenue","highway":"residential"}},{"type":"Feature","id":123,"geometry":{"type":"LineString","coordinates":[[-87.796426,41.866942],[-87.796423,41.866859],[-87.796373,41.865191],[-87.796372,41.86512]]},"properties":{"name":"South Kenilworth Avenue","highway":"residential"}},{"type":"Feature","id":124,"geometry":{"type":"LineString","coordinates":[[-87.796589,41.87224],[-87.796589,41.872199],[-87.796593,41.871759],[-87.796563,41.870673],[-87.796561,41.870598]]},"properties":{"name":"South Kenilworth Avenue","highway":"residential"}},{"type":"Feature","id":125,"geometry":{"type":"LineString","coordinates":[[-87.796561,41.870598],[-87.796558,41.870511],[-87.796498,41.868846],[-87.796495,41.86876]]},"properties":{"name":"South Kenilworth Avenue","highway":"residential"}},{"type":"Feature","id":126,"geometry":{"type":"LineString","coordinates":[[-87.797371,41.879518],[-87.79733,41.878378],[-87.797326,41.878289]]},"properties":{"name":"South Kenilworth Avenue","highway":"residential"}},{"type":"Feature","id":127,"geometry":{"type":"LineString","coordinates":[[-87.797326,41.878289],[-87.797324,41.878217],[-87.797282,41.876961],[-87.797279,41.876875]]},"properties":{"name":"South Kenilworth Avenue","highway":"residential"}},{"type":"Feature","id":128,"geometry":{"type":"LineString","coordinates":[[-87.797279,41.876875],[-87.797277,41.876799],[-87.797237,41.875545],[-87.797234,41.875461]]},"properties":{"name":"South Kenilworth Avenue","highway":"residential"}},{"type":"Feature","id":129,"geometry":{"type":"LineString","coordinates":[[-87.797125,41.886846],[-87.797123,41.886789],[-87.797113,41.886423],[-87.797095,41.885745],[-87.797089,41.885525],[-87.797087,41.885463]]},"properties":{"name":"South Kenilworth Avenue","highway":"residential"}},{"type":"Feature","id":130,"geometry":{"type":"LineString","coordinates":[[-87.797087,41.885463],[-87.797079,41.885189],[-87.797078,41.885132]]},"properties":{"name":"South Kenilworth Avenue","highway":"residential"}},{"type":"Feature","id":131,"geometry":{"type":"LineString","coordinates":[[-87.797078,41.885132],[-87.797032,41.883478],[-87.79703,41.883387]]},"properties":{"name":"South Kenilworth Avenue","highway":"residential"}},{"type":"Feature","id":132,"geometry":{"type":"LineString","coordinates":[[-87.79703,41.883387],[-87.797028,41.883315],[-87.79701,41.882685],[-87.796985,41.881783]]},"properties":{"name":"South Kenilworth Avenue","highway":"residential"}},{"type":"Feature","id":133,"geometry":{"type":"LineString","coordinates":[[-87.796975,41.881539],[-87.796969,41.881458],[-87.796948,41.881068],[-87.796932,41.88055],[-87.796923,41.880217],[-87.79691,41.879823],[-87.796907,41.879725]]},"properties":{"name":"South Kenilworth Avenue","highway":"residential"}},{"type":"Feature","id":134,"geometry":{"type":"LineString","coordinates":[[-87.796985,41.881783],[-87.796945,41.881652],[-87.796942,41.881606],[-87.796978,41.88158]]},"properties":{"name":"South Kenilworth Avenue","highway":"residential"}},{"type":"Feature","id":135,"geometry":{"type":"LineString","coordinates":[[-87.796985,41.881783],[-87.797016,41.881649],[-87.797013,41.881605],[-87.796978,41.88158],[-87.796975,41.881539]]},"properties":{"name":"South Kenilworth Avenue","highway":"residential"}},{"type":"Feature","id":136,"geometry":{"type":"LineString","coordinates":[[-87.797234,41.875461],[-87.797232,41.875386],[-87.797171,41.873287],[-87.797169,41.873238]]},"properties":{"name":"South Kenilworth Avenue","highway":"residential"}},{"type":"Feature","id":137,"geometry":{"type":"LineString","coordinates":[[-87.800621,41.872349],[-87.800618,41.872267],[-87.800606,41.871892],[-87.800563,41.870604],[-87.800561,41.87053]]},"properties":{"name":"South Wenonah Avenue","highway":"residential"}},{"type":"Feature","id":138,"geometry":{"type":"LineString","coordinates":[[-87.800561,41.87053],[-87.800558,41.870442],[-87.800503,41.868774],[-87.8005,41.868694]]},"properties":{"name":"South Wenonah Avenue","highway":"residential"}},{"type":"Feature","id":139,"geometry":{"type":"LineString","coordinates":[[-87.8005,41.868694],[-87.800498,41.868614],[-87.800442,41.866947],[-87.800439,41.866872]]},"properties":{"name":"South Wenonah Avenue","highway":"residential"}},{"type":"Feature","id":140,"geometry":{"type":"LineString","coordinates":[[-87.800439,41.866872],[-87.800437,41.866787],[-87.8004,41.865656]]},"properties":{"name":"South Wenonah Avenue","highway":"residential"}},{"type":"Feature","id":141,"geometry":{"type":"LineString","coordinates":[[-87.801074,41.879661],[-87.80107,41.879567],[-87.801067,41.879479],[-87.801056,41.879196],[-87.801021,41.878313],[-87.801017,41.878222]]},"properties":{"name":"South Wenonah Avenue","highway":"residential"}},{"type":"Feature","id":142,"geometry":{"type":"LineString","coordinates":[[-87.801017,41.878222],[-87.801015,41.87815],[-87.800975,41.876895],[-87.800973,41.876818]]},"properties":{"name":"South Wenonah Avenue","highway":"residential"}},{"type":"Feature","id":143,"geometry":{"type":"LineString","coordinates":[[-87.800973,41.876818],[-87.80097,41.876734],[-87.800922,41.875478],[-87.800919,41.875395]]},"properties":{"name":"South Wenonah Avenue","highway":"residential"}},{"type":"Feature","id":144,"geometry":{"type":"LineString","coordinates":[[-87.800919,41.875395],[-87.800917,41.875322],[-87.80086,41.873641],[-87.800858,41.87359]]},"properties":{"name":"South Wenonah Avenue","highway":"residential"}},{"type":"Feature","id":145,"geometry":{"type":"LineString","coordinates":[[-87.798445,41.908973],[-87.798449,41.909102],[-87.798459,41.909472]]},"properties":{"name":"North Newland Avenue","highway":"residential"}},{"type":"Feature","id":146,"geometry":{"type":"LineString","coordinates":[[-87.798462,41.909602],[-87.798495,41.910719],[-87.798498,41.9108]]},"properties":{"name":"North Newland Avenue","highway":"residential"}},{"type":"Feature","id":147,"geometry":{"type":"LineString","coordinates":[[-87.798498,41.9108],[-87.7985,41.910879],[-87.798554,41.912544],[-87.798557,41.912623],[-87.798559,41.912704],[-87.798613,41.91437],[-87.798615,41.914442],[-87.798618,41.914529],[-87.79866,41.915815],[-87.798672,41.916194],[-87.798675,41.916274]]},"properties":{"name":"North Newland Avenue","highway":"residential"}},{"type":"Feature","id":148,"geometry":{"type":"LineString","coordinates":[[-87.796407,41.903502],[-87.796298,41.903503],[-87.795663,41.903513],[-87.795076,41.903522],[-87.795021,41.903539],[-87.794912,41.903573]]},"properties":{"name":"Berkshire Street","highway":"residential"}},{"type":"Feature","id":149,"geometry":{"type":"LineString","coordinates":[[-87.796407,41.903502],[-87.796517,41.9035],[-87.797147,41.903491],[-87.797722,41.903483],[-87.797756,41.903482],[-87.797812,41.903481]]},"properties":{"name":"Berkshire Street","highway":"residential"}},{"type":"Feature","id":150,"geometry":{"type":"LineString","coordinates":[[-87.797812,41.903481],[-87.798072,41.903477]]},"properties":{"name":"Berkshire Street","highway":"residential"}},{"type":"Feature","id":151,"geometry":{"type":"LineString","coordinates":[[-87.798072,41.903477],[-87.798151,41.903476],[-87.798172,41.903476],[-87.798731,41.903467],[-87.798755,41.903467],[-87.799323,41.903459],[-87.799436,41.903457]]},"properties":{"name":"Berkshire Street","highway":"residential"}},{"type":"Feature","id":152,"geometry":{"type":"LineString","coordinates":[[-87.799436,41.903457],[-87.799537,41.903455],[-87.800237,41.903445],[-87.800897,41.903435],[-87.801002,41.903434]]},"properties":{"name":"Berkshire Street","highway":"residential"}},{"type":"Feature","id":153,"geometry":{"type":"LineString","coordinates":[[-87.801002,41.903434],[-87.80111,41.903432],[-87.80177,41.903422],[-87.802418,41.903413],[-87.80252,41.903411]]},"properties":{"name":"Berkshire Street","highway":"residential"}},{"type":"Feature","id":154,"geometry":{"type":"LineString","coordinates":[[-87.80252,41.903411],[-87.802634,41.90341],[-87.803944,41.90339],[-87.804043,41.903389]]},"properties":{"name":"Berkshire Street","highway":"residential"}},{"type":"Feature","id":155,"geometry":{"type":"LineString","coordinates":[[-87.804043,41.903389],[-87.804157,41.903387],[-87.80481,41.903377],[-87.805407,41.903368],[-87.80557,41.903366]]},"properties":{"name":"Berkshire Street","highway":"residential"}},{"type":"Feature","id":156,"geometry":{"type":"LineString","coordinates":[[-87.786805,41.903756],[-87.787136,41.90375]]},"properties":{"name":"Berkshire Street","highway":"residential"}},{"type":"Feature","id":157,"geometry":{"type":"LineString","coordinates":[[-87.787136,41.90375],[-87.787239,41.903748],[-87.787625,41.903742],[-87.787873,41.903738],[-87.78844,41.903728],[-87.788511,41.903727]]},"properties":{"name":"Berkshire Street","highway":"residential"}},{"type":"Feature","id":158,"geometry":{"type":"LineString","coordinates":[[-87.788511,41.903727],[-87.788617,41.903726],[-87.789231,41.903715],[-87.789341,41.903713],[-87.789946,41.903703],[-87.790042,41.903702]]},"properties":{"name":"Berkshire Street","highway":"residential"}},{"type":"Feature","id":159,"geometry":{"type":"LineString","coordinates":[[-87.790042,41.903702],[-87.790164,41.9037],[-87.790657,41.903691],[-87.791158,41.903683],[-87.791264,41.903681]]},"properties":{"name":"Berkshire Street","highway":"residential"}},{"type":"Feature","id":160,"geometry":{"type":"LineString","coordinates":[[-87.791264,41.903681],[-87.791371,41.903679],[-87.791881,41.903671],[-87.792371,41.903663],[-87.792479,41.903661]]},"properties":{"name":"Berkshire Street","highway":"residential"}},{"type":"Feature","id":161,"geometry":{"type":"LineString","coordinates":[[-87.792479,41.903661],[-87.792583,41.903659],[-87.793095,41.90365],[-87.79359,41.903642],[-87.793696,41.90364]]},"properties":{"name":"Berkshire Street","highway":"residential"}},{"type":"Feature","id":162,"geometry":{"type":"LineString","coordinates":[[-87.793696,41.90364],[-87.793806,41.903639],[-87.794316,41.90363],[-87.794755,41.903623],[-87.794806,41.903607],[-87.794912,41.903573]]},"properties":{"name":"Berkshire Street","highway":"residential"}},{"type":"Feature","id":163,"geometry":{"type":"LineString","coordinates":[[-87.775424,41.903915],[-87.775539,41.903914],[-87.776041,41.903907],[-87.776547,41.903901],[-87.776647,41.903899]]},"properties":{"name":"Berkshire Street","highway":"residential"}},{"type":"Feature","id":164,"geometry":{"type":"LineString","coordinates":[[-87.776647,41.903899],[-87.776757,41.903898],[-87.777272,41.903891],[-87.777766,41.903884],[-87.777865,41.903883]]},"properties":{"name":"Berkshire Street","highway":"residential"}},{"type":"Feature","id":165,"geometry":{"type":"LineString","coordinates":[[-87.777865,41.903883],[-87.777981,41.903882],[-87.778489,41.903875],[-87.778986,41.903868],[-87.779085,41.903867]]},"properties":{"name":"Berkshire Street","highway":"residential"}},{"type":"Feature","id":166,"geometry":{"type":"LineString","coordinates":[[-87.779085,41.903867],[-87.779198,41.903866],[-87.779701,41.903859],[-87.780208,41.903852],[-87.780309,41.903851]]},"properties":{"name":"Berkshire Street","highway":"residential"}},{"type":"Feature","id":167,"geometry":{"type":"LineString","coordinates":[[-87.780309,41.903851],[-87.780421,41.903849],[-87.780928,41.903843],[-87.781424,41.903836],[-87.781528,41.903835]]},"properties":{"name":"Berkshire Street","highway":"residential"}},{"type":"Feature","id":168,"geometry":{"type":"LineString","coordinates":[[-87.781528,41.903835],[-87.78164,41.903833],[-87.782139,41.903827],[-87.78268,41.903818],[-87.782793,41.903818]]},"properties":{"name":"Berkshire Street","highway":"residential"}},{"type":"Feature","id":169,"geometry":{"type":"LineString","coordinates":[[-87.782793,41.903818],[-87.782915,41.903816],[-87.783484,41.903809],[-87.784012,41.903802],[-87.784052,41.903801],[-87.784177,41.9038]]},"properties":{"name":"Berkshire Street","highway":"residential"}},{"type":"Feature","id":170,"geometry":{"type":"LineString","coordinates":[[-87.784177,41.9038],[-87.784323,41.903797],[-87.784367,41.903797],[-87.784772,41.90379],[-87.785542,41.903777],[-87.786693,41.903758],[-87.786709,41.903757],[-87.786805,41.903756]]},"properties":{"name":"Berkshire Street","highway":"residential"}},{"type":"Feature","id":171,"geometry":{"type":"LineString","coordinates":[[-87.784657,41.886963],[-87.784655,41.886901],[-87.784646,41.886643],[-87.784642,41.886521],[-87.78464,41.886472],[-87.784598,41.885289],[-87.784595,41.885206]]},"properties":{"name":"South Ridgeland Avenue","highway":"tertiary"}},{"type":"Feature","id":172,"geometry":{"type":"LineString","coordinates":[[-87.784157,41.871038],[-87.784149,41.870837],[-87.784147,41.870786],[-87.784084,41.86906],[-87.784081,41.868983]]},"properties":{"name":"South Ridgeland Avenue","highway":"tertiary"}},{"type":"Feature","id":173,"geometry":{"type":"LineString","coordinates":[[-87.784081,41.868983],[-87.784078,41.8689],[-87.784036,41.867731],[-87.784017,41.867234],[-87.784014,41.867154]]},"properties":{"name":"South Ridgeland Avenue","highway":"tertiary"}},{"type":"Feature","id":174,"geometry":{"type":"LineString","coordinates":[[-87.784014,41.867154],[-87.784012,41.867075],[-87.783964,41.865779],[-87.783961,41.86569],[-87.783951,41.865418],[-87.783948,41.86533]]},"properties":{"name":"South Ridgeland Avenue","highway":"tertiary"}},{"type":"Feature","id":175,"geometry":{"type":"LineString","coordinates":[[-87.784157,41.871038],[-87.784162,41.871188],[-87.784164,41.871243],[-87.78419,41.872025],[-87.784194,41.872176],[-87.784201,41.872414],[-87.784204,41.872549],[-87.784206,41.872628]]},"properties":{"name":"South Ridgeland Avenue","highway":"tertiary"}},{"type":"Feature","id":176,"geometry":{"type":"LineString","coordinates":[[-87.784502,41.881708],[-87.784499,41.881622],[-87.784486,41.881178],[-87.784474,41.880753],[-87.784466,41.880458],[-87.784464,41.880397],[-87.784455,41.880086],[-87.784452,41.879981]]},"properties":{"name":"South Ridgeland Avenue","highway":"tertiary"}},{"type":"Feature","id":177,"geometry":{"type":"LineString","coordinates":[[-87.784268,41.874444],[-87.784271,41.874537],[-87.784321,41.876025],[-87.784327,41.876206],[-87.78433,41.876277]]},"properties":{"name":"South Ridgeland Avenue","highway":"tertiary"}},{"type":"Feature","id":178,"geometry":{"type":"LineString","coordinates":[[-87.784268,41.874444],[-87.784265,41.874378],[-87.784222,41.873083],[-87.784215,41.872871],[-87.784209,41.872712],[-87.784206,41.872628]]},"properties":{"name":"South Ridgeland Avenue","highway":"tertiary"}},{"type":"Feature","id":179,"geometry":{"type":"LineString","coordinates":[[-87.78433,41.876277],[-87.784333,41.876362],[-87.784338,41.876529],[-87.784367,41.877461],[-87.784384,41.878009],[-87.784386,41.878088]]},"properties":{"name":"South Ridgeland Avenue","highway":"tertiary"}},{"type":"Feature","id":180,"geometry":{"type":"LineString","coordinates":[[-87.784446,41.879863],[-87.784444,41.879782],[-87.78444,41.87968],[-87.784437,41.879566],[-87.784433,41.879437],[-87.784389,41.878169],[-87.784386,41.878088]]},"properties":{"name":"South Ridgeland Avenue","highway":"tertiary"}},{"type":"Feature","id":181,"geometry":{"type":"LineString","coordinates":[[-87.784452,41.879981],[-87.784446,41.879863]]},"properties":{"name":"South Ridgeland Avenue","highway":"tertiary"}},{"type":"Feature","id":182,"geometry":{"type":"LineString","coordinates":[[-87.784595,41.885206],[-87.784594,41.885131],[-87.784557,41.883546],[-87.784555,41.883445]]},"properties":{"name":"South Ridgeland Avenue","highway":"tertiary"}},{"type":"Feature","id":183,"geometry":{"type":"LineString","coordinates":[[-87.784555,41.883445],[-87.784551,41.883326],[-87.784519,41.882259],[-87.784516,41.882186],[-87.784504,41.881811],[-87.784502,41.881708]]},"properties":{"name":"South Ridgeland Avenue","highway":"tertiary"}},{"type":"Feature","id":184,"geometry":{"type":"LineString","coordinates":[[-87.78976,41.89448],[-87.789763,41.894592],[-87.789764,41.894616],[-87.789814,41.896242],[-87.789816,41.896318]]},"properties":{"name":"North East Avenue","highway":"residential"}},{"type":"Feature","id":185,"geometry":{"type":"LineString","coordinates":[[-87.789816,41.896318],[-87.789819,41.896406],[-87.789862,41.897785],[-87.78987,41.898058],[-87.789872,41.898137]]},"properties":{"name":"North East Avenue","highway":"residential"}},{"type":"Feature","id":186,"geometry":{"type":"LineString","coordinates":[[-87.789872,41.898137],[-87.789875,41.898238],[-87.789922,41.899732],[-87.789924,41.899804]]},"properties":{"name":"North East Avenue","highway":"residential"}},{"type":"Feature","id":187,"geometry":{"type":"LineString","coordinates":[[-87.789924,41.899804],[-87.789927,41.899891],[-87.789982,41.901707],[-87.789985,41.901782]]},"properties":{"name":"North East Avenue","highway":"residential"}},{"type":"Feature","id":188,"geometry":{"type":"LineString","coordinates":[[-87.789568,41.8874],[-87.789569,41.887475],[-87.789581,41.887914],[-87.789593,41.888385],[-87.789596,41.888478]]},"properties":{"name":"North East Avenue","highway":"tertiary"}},{"type":"Feature","id":189,"geometry":{"type":"LineString","coordinates":[[-87.789616,41.891179],[-87.789487,41.891296],[-87.7895,41.891555],[-87.789504,41.891633]]},"properties":{"name":"North East Avenue","highway":"residential"}},{"type":"Feature","id":190,"geometry":{"type":"LineString","coordinates":[[-87.789554,41.886927],[-87.78952,41.887015],[-87.789535,41.887297],[-87.789568,41.8874]]},"properties":{"name":"North East Avenue","highway":"tertiary"}},{"type":"Feature","id":191,"geometry":{"type":"LineString","coordinates":[[-87.789985,41.901782],[-87.789987,41.901868],[-87.79004,41.903624],[-87.790042,41.903702]]},"properties":{"name":"North East Avenue","highway":"residential"}},{"type":"Feature","id":192,"geometry":{"type":"LineString","coordinates":[[-87.790042,41.903702],[-87.790045,41.903785],[-87.790098,41.905553],[-87.7901,41.905629]]},"properties":{"name":"North East Avenue","highway":"residential"}},{"type":"Feature","id":193,"geometry":{"type":"LineString","coordinates":[[-87.7901,41.905629],[-87.790103,41.905716],[-87.790146,41.907171],[-87.790148,41.907246]]},"properties":{"name":"North East Avenue","highway":"residential"}},{"type":"Feature","id":194,"geometry":{"type":"LineString","coordinates":[[-87.790148,41.907246],[-87.790151,41.907334],[-87.790188,41.908578],[-87.7902,41.908953],[-87.790203,41.909083]]},"properties":{"name":"North East Avenue","highway":"residential"}},{"type":"Feature","id":195,"geometry":{"type":"LineString","coordinates":[[-87.78968,41.89163],[-87.789683,41.891717],[-87.78972,41.892936],[-87.789722,41.893007]]},"properties":{"name":"North East Avenue","highway":"residential"}},{"type":"Feature","id":196,"geometry":{"type":"LineString","coordinates":[[-87.789722,41.893007],[-87.789724,41.893094],[-87.789756,41.894355],[-87.789757,41.89439],[-87.78976,41.89448]]},"properties":{"name":"North East Avenue","highway":"residential"}},{"type":"Feature","id":197,"geometry":{"type":"LineString","coordinates":[[-87.789568,41.8874],[-87.789609,41.887296],[-87.789606,41.887036],[-87.789605,41.887014],[-87.789554,41.886927]]},"properties":{"name":"North East Avenue","highway":"tertiary"}},{"type":"Feature","id":198,"geometry":{"type":"LineString","coordinates":[[-87.779548,41.879949],[-87.779545,41.879874],[-87.779533,41.879513],[-87.779521,41.879171],[-87.779516,41.879002],[-87.779504,41.878644],[-87.77949,41.878237],[-87.779487,41.878162]]},"properties":{"name":"South Lombard Avenue","highway":"residential"}},{"type":"Feature","id":199,"geometry":{"type":"LineString","coordinates":[[-87.779487,41.878162],[-87.779484,41.878075],[-87.779429,41.876442],[-87.779426,41.876354]]},"properties":{"name":"South Lombard Avenue","highway":"residential"}},{"type":"Feature","id":200,"geometry":{"type":"LineString","coordinates":[[-87.779426,41.876354],[-87.779424,41.876283],[-87.779368,41.874613],[-87.779365,41.874523]]},"properties":{"name":"South Lombard Avenue","highway":"residential"}},{"type":"Feature","id":201,"geometry":{"type":"LineString","coordinates":[[-87.779365,41.874523],[-87.779362,41.874451],[-87.779306,41.872786],[-87.779303,41.872701]]},"properties":{"name":"South Lombard Avenue","highway":"residential"}},{"type":"Feature","id":202,"geometry":{"type":"LineString","coordinates":[[-87.779303,41.872701],[-87.779301,41.872624],[-87.779288,41.872247],[-87.779275,41.871871],[-87.779272,41.87178]]},"properties":{"name":"South Lombard Avenue","highway":"residential"}},{"type":"Feature","id":203,"geometry":{"type":"LineString","coordinates":[[-87.779272,41.87178],[-87.779267,41.871616],[-87.779239,41.870832],[-87.779235,41.870779]]},"properties":{"name":"South Lombard Avenue","highway":"residential"}},{"type":"Feature","id":204,"geometry":{"type":"LineString","coordinates":[[-87.77916,41.869045],[-87.779164,41.869132],[-87.779223,41.870698],[-87.779235,41.870779]]},"properties":{"name":"South Lombard Avenue","highway":"residential"}},{"type":"Feature","id":205,"geometry":{"type":"LineString","coordinates":[[-87.779059,41.865852],[-87.779049,41.865483],[-87.779046,41.865395]]},"properties":{"name":"South Lombard Avenue","highway":"residential"}},{"type":"Feature","id":206,"geometry":{"type":"LineString","coordinates":[[-87.779046,41.865395],[-87.779044,41.865317],[-87.779034,41.864944],[-87.778999,41.863651],[-87.778997,41.863573]]},"properties":{"name":"South Lombard Avenue","highway":"residential"}},{"type":"Feature","id":207,"geometry":{"type":"LineString","coordinates":[[-87.778997,41.863573],[-87.778994,41.863491],[-87.778949,41.861825],[-87.778947,41.861741],[-87.778945,41.861662],[-87.778899,41.860003],[-87.778897,41.859916],[-87.778895,41.85984],[-87.77885,41.858173],[-87.778848,41.858092]]},"properties":{"name":"South Lombard Avenue","highway":"residential"}},{"type":"Feature","id":208,"geometry":{"type":"LineString","coordinates":[[-87.779728,41.885288],[-87.779725,41.885211],[-87.779686,41.884067],[-87.779683,41.883974]]},"properties":{"name":"South Lombard Avenue","highway":"residential"}},{"type":"Feature","id":209,"geometry":{"type":"LineString","coordinates":[[-87.779683,41.883974],[-87.779677,41.883777],[-87.779662,41.883353],[-87.779636,41.882569],[-87.779621,41.882129],[-87.779614,41.881907]]},"properties":{"name":"South Lombard Avenue","highway":"residential"}},{"type":"Feature","id":210,"geometry":{"type":"LineString","coordinates":[[-87.779061,41.865942],[-87.779102,41.867145],[-87.779105,41.867225]]},"properties":{"name":"South Lombard Avenue","highway":"residential"}},{"type":"Feature","id":211,"geometry":{"type":"LineString","coordinates":[[-87.779105,41.867225],[-87.779107,41.867304],[-87.779158,41.868968],[-87.77916,41.869045]]},"properties":{"name":"South Lombard Avenue","highway":"residential"}},{"type":"Feature","id":212,"geometry":{"type":"LineString","coordinates":[[-87.779551,41.880065],[-87.779548,41.879949]]},"properties":{"name":"South Lombard Avenue","highway":"residential"}},{"type":"Feature","id":213,"geometry":{"type":"LineString","coordinates":[[-87.779766,41.886425],[-87.779742,41.885735],[-87.77973,41.88537],[-87.779728,41.885288]]},"properties":{"name":"South Lombard Avenue","highway":"residential"}},{"type":"Feature","id":214,"geometry":{"type":"LineString","coordinates":[[-87.779614,41.881907],[-87.779607,41.881716],[-87.779599,41.881478],[-87.779593,41.881294],[-87.779567,41.880541],[-87.779555,41.880169],[-87.779551,41.880065]]},"properties":{"name":"South Lombard Avenue","highway":"residential"}},{"type":"Feature","id":215,"geometry":{"type":"LineString","coordinates":[[-87.785179,41.864853],[-87.785142,41.863563],[-87.78514,41.863478]]},"properties":{"name":"Elmwood Avenue","highway":"residential"}},{"type":"Feature","id":216,"geometry":{"type":"LineString","coordinates":[[-87.78514,41.863478],[-87.785138,41.863401],[-87.78509,41.861738],[-87.785088,41.861646],[-87.785086,41.861577],[-87.785039,41.859911],[-87.785036,41.859825],[-87.785034,41.85975],[-87.784998,41.858463],[-87.784987,41.858087],[-87.784985,41.858003],[-87.784983,41.857926],[-87.784936,41.856258],[-87.784933,41.856168],[-87.784931,41.856098],[-87.78488,41.854284],[-87.784877,41.854183],[-87.78483,41.852513],[-87.784801,41.851506],[-87.784797,41.851371],[-87.784794,41.85126],[-87.784784,41.850893],[-87.78478,41.850751]]},"properties":{"name":"Elmwood Avenue","highway":"residential"}},{"type":"Feature","id":217,"geometry":{"type":"LineString","coordinates":[[-87.774881,41.887085],[-87.775009,41.887084],[-87.775119,41.887083],[-87.775514,41.887079],[-87.776219,41.887071],[-87.776381,41.887071],[-87.776509,41.887074]]},"properties":{"name":"South Boulevard","highway":"tertiary"}},{"type":"Feature","id":218,"geometry":{"type":"LineString","coordinates":[[-87.792797,41.88691],[-87.792905,41.886908],[-87.792948,41.886908],[-87.793189,41.886905],[-87.794181,41.886893],[-87.794355,41.886891],[-87.794461,41.88689]]},"properties":{"name":"South Boulevard","highway":"tertiary"}},{"type":"Feature","id":219,"geometry":{"type":"LineString","coordinates":[[-87.795794,41.886868],[-87.79646,41.886857],[-87.796927,41.886849],[-87.797004,41.886848],[-87.797034,41.886847],[-87.797125,41.886846]]},"properties":{"name":"South Boulevard","highway":"tertiary"}},{"type":"Feature","id":220,"geometry":{"type":"LineString","coordinates":[[-87.797125,41.886846],[-87.797244,41.886844],[-87.79728,41.886844],[-87.797362,41.886843],[-87.79849,41.886827],[-87.798527,41.886826],[-87.798626,41.886825]]},"properties":{"name":"South Boulevard","highway":"tertiary"}},{"type":"Feature","id":221,"geometry":{"type":"LineString","coordinates":[[-87.798626,41.886825],[-87.798744,41.886823],[-87.798823,41.886822],[-87.799252,41.886816],[-87.799275,41.886816],[-87.799532,41.886812],[-87.80005,41.886805],[-87.800078,41.886801],[-87.800212,41.886786]]},"properties":{"name":"South Boulevard","highway":"tertiary"}},{"type":"Feature","id":222,"geometry":{"type":"LineString","coordinates":[[-87.787914,41.886946],[-87.788053,41.886944],[-87.788064,41.886944],[-87.788088,41.886944],[-87.788503,41.886938],[-87.789345,41.886928],[-87.789394,41.886927],[-87.789425,41.886927],[-87.789554,41.886927]]},"properties":{"name":"South Boulevard","highway":"tertiary"}},{"type":"Feature","id":223,"geometry":{"type":"LineString","coordinates":[[-87.789554,41.886927],[-87.789689,41.886928],[-87.789704,41.886927],[-87.789722,41.886927],[-87.791182,41.886908]]},"properties":{"name":"South Boulevard","highway":"tertiary"}},{"type":"Feature","id":224,"geometry":{"type":"LineString","coordinates":[[-87.80498,41.886705],[-87.804875,41.886706],[-87.80418,41.886718],[-87.8036,41.886728],[-87.803431,41.886731],[-87.803342,41.886732],[-87.802794,41.88674],[-87.802677,41.886742],[-87.802642,41.886742],[-87.802531,41.886742]]},"properties":{"name":"South Boulevard","highway":"tertiary"}},{"type":"Feature","id":225,"geometry":{"type":"LineString","coordinates":[[-87.779771,41.887069],[-87.779877,41.887066],[-87.779918,41.887065],[-87.779946,41.887064],[-87.780323,41.887054],[-87.780356,41.887054],[-87.780387,41.887053],[-87.780755,41.887043],[-87.780781,41.887043],[-87.781234,41.887031],[-87.781247,41.887031],[-87.781278,41.88703],[-87.781396,41.887027]]},"properties":{"name":"South Boulevard","highway":"tertiary"}},{"type":"Feature","id":226,"geometry":{"type":"LineString","coordinates":[[-87.781396,41.887027],[-87.781534,41.887023],[-87.781559,41.887023],[-87.782374,41.887002],[-87.782895,41.886988],[-87.783026,41.886985]]},"properties":{"name":"South Boulevard","highway":"tertiary"}},{"type":"Feature","id":227,"geometry":{"type":"LineString","coordinates":[[-87.802531,41.886742],[-87.802423,41.886744],[-87.802386,41.886745],[-87.802028,41.886751],[-87.800514,41.88678],[-87.80048,41.886781],[-87.800348,41.886783],[-87.800212,41.886786]]},"properties":{"name":"South Boulevard","highway":"tertiary"}},{"type":"Feature","id":228,"geometry":{"type":"LineString","coordinates":[[-87.783026,41.886985],[-87.783126,41.886983],[-87.784253,41.886971],[-87.784432,41.886967],[-87.784535,41.886965],[-87.784657,41.886963]]},"properties":{"name":"South Boulevard","highway":"tertiary"}},{"type":"Feature","id":229,"geometry":{"type":"LineString","coordinates":[[-87.776509,41.887074],[-87.776646,41.887078],[-87.776704,41.887081],[-87.777277,41.88709],[-87.77735,41.887091],[-87.777372,41.887092],[-87.777601,41.887092],[-87.77784,41.887094],[-87.778011,41.887092],[-87.778138,41.887091]]},"properties":{"name":"South Boulevard","highway":"tertiary"}},{"type":"Feature","id":230,"geometry":{"type":"LineString","coordinates":[[-87.778138,41.887091],[-87.77819,41.887091],[-87.778276,41.88709],[-87.778288,41.887089],[-87.778466,41.887088],[-87.778706,41.887085],[-87.778885,41.887084],[-87.778929,41.887083],[-87.779033,41.887082],[-87.779557,41.887073],[-87.779631,41.887071],[-87.77967,41.887072],[-87.779771,41.887069]]},"properties":{"name":"South Boulevard","highway":"tertiary"}},{"type":"Feature","id":231,"geometry":{"type":"LineString","coordinates":[[-87.794461,41.88689],[-87.794576,41.886888],[-87.794644,41.886887],[-87.795141,41.886879],[-87.795794,41.886868]]},"properties":{"name":"South Boulevard","highway":"tertiary"}},{"type":"Feature","id":232,"geometry":{"type":"LineString","coordinates":[[-87.791182,41.886908],[-87.791937,41.886897],[-87.791955,41.886898],[-87.792606,41.886912],[-87.792624,41.886912],[-87.79267,41.886911],[-87.792797,41.88691]]},"properties":{"name":"South Boulevard","highway":"tertiary"}},{"type":"Feature","id":233,"geometry":{"type":"LineString","coordinates":[[-87.784657,41.886963],[-87.784786,41.886963],[-87.78488,41.886963],[-87.785367,41.886959],[-87.785504,41.886957],[-87.786029,41.88695],[-87.78615,41.88695],[-87.786292,41.886952]]},"properties":{"name":"South Boulevard","highway":"tertiary"}},{"type":"Feature","id":234,"geometry":{"type":"LineString","coordinates":[[-87.786292,41.886952],[-87.786424,41.886957],[-87.786513,41.88696],[-87.78674,41.886963],[-87.787728,41.886948],[-87.787755,41.886948],[-87.787782,41.886947],[-87.787914,41.886946]]},"properties":{"name":"South Boulevard","highway":"tertiary"}},{"type":"Feature","id":235,"geometry":{"type":"LineString","coordinates":[[-87.790011,41.888356],[-87.790001,41.887909],[-87.789993,41.887469],[-87.789991,41.887393]]},"properties":{"name":"Frank Lloyd Wright Lane","highway":"service"}},{"type":"Feature","id":236,"geometry":{"type":"LineString","coordinates":[[-87.797423,41.916288],[-87.797421,41.916212],[-87.79741,41.915828],[-87.797371,41.914545],[-87.797369,41.914459],[-87.797366,41.914386],[-87.797317,41.912721],[-87.797314,41.912638],[-87.797312,41.912563],[-87.797262,41.910896],[-87.79726,41.910815]]},"properties":{"name":"North New England Avenue","highway":"residential"}},{"type":"Feature","id":237,"geometry":{"type":"LineString","coordinates":[[-87.79726,41.910815],[-87.797257,41.910734],[-87.79722,41.909487],[-87.797209,41.909116],[-87.797205,41.90899]]},"properties":{"name":"North New England Avenue","highway":"residential"}},{"type":"Feature","id":238,"geometry":{"type":"LineString","coordinates":[[-87.769355,41.86919],[-87.769487,41.869189],[-87.76996,41.869183],[-87.770472,41.869178],[-87.770569,41.869177]]},"properties":{"name":"West Arthington Street","highway":"residential"}},{"type":"Feature","id":239,"geometry":{"type":"LineString","coordinates":[[-87.770569,41.869177],[-87.770683,41.869175],[-87.771188,41.869169],[-87.7717,41.869164],[-87.771796,41.869163]]},"properties":{"name":"West Arthington Street","highway":"residential"}},{"type":"Feature","id":240,"geometry":{"type":"LineString","coordinates":[[-87.771796,41.869163],[-87.771918,41.869161],[-87.772418,41.869156],[-87.772928,41.86915],[-87.773028,41.869149]]},"properties":{"name":"West Arthington Street","highway":"residential"}},{"type":"Feature","id":241,"geometry":{"type":"LineString","coordinates":[[-87.773028,41.869149],[-87.773146,41.869147],[-87.77364,41.869142],[-87.774158,41.869136],[-87.77425,41.869135]]},"properties":{"name":"West Arthington Street","highway":"residential"}},{"type":"Feature","id":242,"geometry":{"type":"LineString","coordinates":[[-87.791672,41.876154],[-87.791784,41.876152],[-87.792283,41.876143],[-87.792793,41.876135],[-87.792894,41.876133]]},"properties":{"name":"Jackson Boulevard","highway":"tertiary"}},{"type":"Feature","id":243,"geometry":{"type":"LineString","coordinates":[[-87.792894,41.876133],[-87.793008,41.876131],[-87.793503,41.876122],[-87.794018,41.876112],[-87.79412,41.87611]]},"properties":{"name":"Jackson Boulevard","highway":"tertiary"}},{"type":"Feature","id":244,"geometry":{"type":"LineString","coordinates":[[-87.814807,41.875787],[-87.814681,41.87579],[-87.814324,41.875797],[-87.81372,41.875809],[-87.813654,41.87581],[-87.813169,41.87582],[-87.813087,41.875822],[-87.813019,41.875823],[-87.812515,41.875833],[-87.811997,41.875843],[-87.811886,41.875846],[-87.811797,41.875847],[-87.811299,41.875857],[-87.810768,41.875868],[-87.810673,41.87587],[-87.810595,41.875871],[-87.810076,41.875882],[-87.809574,41.875892],[-87.809449,41.875894]]},"properties":{"name":"Jackson Boulevard","highway":"tertiary"}},{"type":"Feature","id":245,"geometry":{"type":"LineString","coordinates":[[-87.809449,41.875894],[-87.809352,41.875896],[-87.808872,41.875906],[-87.808344,41.875916],[-87.808232,41.875918]]},"properties":{"name":"Jackson Boulevard","highway":"tertiary"}},{"type":"Feature","id":246,"geometry":{"type":"LineString","coordinates":[[-87.808232,41.875918],[-87.808137,41.87592],[-87.807638,41.87593],[-87.807567,41.875932],[-87.807075,41.875942],[-87.806963,41.875944]]},"properties":{"name":"Jackson Boulevard","highway":"tertiary"}},{"type":"Feature","id":247,"geometry":{"type":"LineString","coordinates":[[-87.806963,41.875944],[-87.806888,41.875943],[-87.806423,41.875955],[-87.805814,41.875967]]},"properties":{"name":"Jackson Boulevard","highway":"tertiary"}},{"type":"Feature","id":248,"geometry":{"type":"LineString","coordinates":[[-87.805814,41.875967],[-87.805421,41.875974]]},"properties":{"name":"Jackson Boulevard","highway":"tertiary"}},{"type":"Feature","id":249,"geometry":{"type":"LineString","coordinates":[[-87.805421,41.875974],[-87.805204,41.875979],[-87.804988,41.875983],[-87.804731,41.875988],[-87.80459,41.875991]]},"properties":{"name":"Jackson Boulevard","highway":"tertiary"}},{"type":"Feature","id":250,"geometry":{"type":"LineString","coordinates":[[-87.797234,41.875461],[-87.797358,41.875458],[-87.797963,41.875446],[-87.798559,41.875434],[-87.798661,41.875432]]},"properties":{"name":"Jackson Boulevard","highway":"tertiary"}},{"type":"Feature","id":251,"geometry":{"type":"LineString","coordinates":[[-87.798661,41.875432],[-87.798794,41.87543],[-87.799378,41.87542],[-87.799608,41.875416],[-87.799707,41.875414]]},"properties":{"name":"Jackson Boulevard","highway":"tertiary"}},{"type":"Feature","id":252,"geometry":{"type":"LineString","coordinates":[[-87.799707,41.875414],[-87.799819,41.875412],[-87.800327,41.875404],[-87.800823,41.875396],[-87.800919,41.875395]]},"properties":{"name":"Jackson Boulevard","highway":"tertiary"}},{"type":"Feature","id":253,"geometry":{"type":"LineString","coordinates":[[-87.800919,41.875395],[-87.801043,41.875393],[-87.801535,41.875386],[-87.802041,41.875378],[-87.802143,41.875376]]},"properties":{"name":"Jackson Boulevard","highway":"tertiary"}},{"type":"Feature","id":254,"geometry":{"type":"LineString","coordinates":[[-87.802143,41.875376],[-87.802261,41.875375],[-87.80293,41.87537],[-87.803099,41.875369]]},"properties":{"name":"Jackson Boulevard","highway":"tertiary"}},{"type":"Feature","id":255,"geometry":{"type":"LineString","coordinates":[[-87.790444,41.876177],[-87.790566,41.876174],[-87.791069,41.876165],[-87.79157,41.876156],[-87.791672,41.876154]]},"properties":{"name":"Jackson Boulevard","highway":"tertiary"}},{"type":"Feature","id":256,"geometry":{"type":"LineString","coordinates":[[-87.788004,41.876214],[-87.788119,41.876212],[-87.788625,41.876204],[-87.789129,41.876197],[-87.789231,41.876195]]},"properties":{"name":"Jackson Boulevard","highway":"tertiary"}},{"type":"Feature","id":257,"geometry":{"type":"LineString","coordinates":[[-87.789231,41.876195],[-87.789344,41.876193],[-87.789849,41.876186],[-87.790351,41.876178],[-87.790444,41.876177]]},"properties":{"name":"Jackson Boulevard","highway":"tertiary"}},{"type":"Feature","id":258,"geometry":{"type":"LineString","coordinates":[[-87.78433,41.876277],[-87.784441,41.876275],[-87.784957,41.876266],[-87.785483,41.876257],[-87.78556,41.876256]]},"properties":{"name":"Jackson Boulevard","highway":"tertiary"}},{"type":"Feature","id":259,"geometry":{"type":"LineString","coordinates":[[-87.78556,41.876256],[-87.785642,41.876254],[-87.786171,41.876245],[-87.786705,41.876236],[-87.786798,41.876234]]},"properties":{"name":"Jackson Boulevard","highway":"tertiary"}},{"type":"Feature","id":260,"geometry":{"type":"LineString","coordinates":[[-87.786798,41.876234],[-87.78689,41.876233],[-87.787398,41.876224],[-87.7879,41.876216],[-87.788004,41.876214]]},"properties":{"name":"Jackson Boulevard","highway":"tertiary"}},{"type":"Feature","id":261,"geometry":{"type":"LineString","coordinates":[[-87.774517,41.876426],[-87.774664,41.876424],[-87.775162,41.87642],[-87.775654,41.876415],[-87.77575,41.876415]]},"properties":{"name":"Jackson Boulevard","highway":"tertiary"}},{"type":"Feature","id":262,"geometry":{"type":"LineString","coordinates":[[-87.77575,41.876415],[-87.775883,41.876413],[-87.776377,41.876406],[-87.776871,41.876399],[-87.776982,41.876398]]},"properties":{"name":"Jackson Boulevard","highway":"tertiary"}},{"type":"Feature","id":263,"geometry":{"type":"LineString","coordinates":[[-87.776982,41.876398],[-87.777099,41.876396],[-87.777573,41.876388],[-87.778083,41.876379],[-87.778181,41.876377]]},"properties":{"name":"Jackson Boulevard","highway":"tertiary"}},{"type":"Feature","id":264,"geometry":{"type":"LineString","coordinates":[[-87.778181,41.876377],[-87.778302,41.876375],[-87.778804,41.876365],[-87.779298,41.876356],[-87.779426,41.876354]]},"properties":{"name":"Jackson Boulevard","highway":"tertiary"}},{"type":"Feature","id":265,"geometry":{"type":"LineString","coordinates":[[-87.779426,41.876354],[-87.779562,41.876351],[-87.780069,41.876344],[-87.78056,41.876336],[-87.780657,41.876335]]},"properties":{"name":"Jackson Boulevard","highway":"tertiary"}},{"type":"Feature","id":266,"geometry":{"type":"LineString","coordinates":[[-87.780657,41.876335],[-87.780778,41.876332],[-87.781273,41.876323],[-87.781776,41.876313],[-87.781864,41.876312]]},"properties":{"name":"Jackson Boulevard","highway":"tertiary"}},{"type":"Feature","id":267,"geometry":{"type":"LineString","coordinates":[[-87.781864,41.876312],[-87.781992,41.87631],[-87.782489,41.876303],[-87.783003,41.876297],[-87.783103,41.876296]]},"properties":{"name":"Jackson Boulevard","highway":"tertiary"}},{"type":"Feature","id":268,"geometry":{"type":"LineString","coordinates":[[-87.783103,41.876296],[-87.783217,41.876294],[-87.783708,41.876286],[-87.784223,41.876278],[-87.78433,41.876277]]},"properties":{"name":"Jackson Boulevard","highway":"tertiary"}},{"type":"Feature","id":269,"geometry":{"type":"LineString","coordinates":[[-87.803623,41.875345],[-87.803604,41.875345],[-87.803285,41.875349],[-87.803171,41.87535],[-87.803099,41.875369]]},"properties":{"name":"Jackson Boulevard","highway":"tertiary"}},{"type":"Feature","id":270,"geometry":{"type":"LineString","coordinates":[[-87.795276,41.876053],[-87.795231,41.876073],[-87.795183,41.87609],[-87.795124,41.876096],[-87.794746,41.876101],[-87.794236,41.876108],[-87.79412,41.87611]]},"properties":{"name":"Jackson Boulevard","highway":"tertiary"}},{"type":"Feature","id":271,"geometry":{"type":"LineString","coordinates":[[-87.803922,41.876021],[-87.80386,41.875992],[-87.80384,41.875981],[-87.803823,41.875971]]},"properties":{"name":"Jackson Boulevard","highway":"tertiary"}},{"type":"Feature","id":272,"geometry":{"type":"LineString","coordinates":[[-87.80459,41.875991],[-87.804464,41.875997],[-87.80431,41.876004],[-87.804221,41.876008],[-87.803922,41.876021]]},"properties":{"name":"Jackson Boulevard","highway":"tertiary"}},{"type":"Feature","id":273,"geometry":{"type":"LineString","coordinates":[[-87.803592,41.875391],[-87.803286,41.875394],[-87.803174,41.875395],[-87.803099,41.875369]]},"properties":{"name":"Jackson Boulevard","highway":"tertiary"}},{"type":"Feature","id":274,"geometry":{"type":"LineString","coordinates":[[-87.795339,41.875533],[-87.795398,41.875506],[-87.79543,41.875495],[-87.795492,41.875493],[-87.796054,41.875483],[-87.796132,41.875482]]},"properties":{"name":"Jackson Boulevard","highway":"tertiary"}},{"type":"Feature","id":275,"geometry":{"type":"LineString","coordinates":[[-87.796132,41.875482],[-87.79621,41.87548],[-87.796532,41.875474],[-87.797126,41.875463],[-87.797234,41.875461]]},"properties":{"name":"Jackson Boulevard","highway":"tertiary"}},{"type":"Feature","id":276,"geometry":{"type":"LineString","coordinates":[[-87.806158,41.868651],[-87.806658,41.868642],[-87.80677,41.86864]]},"properties":{"name":"Harvard Street","highway":"residential"}},{"type":"Feature","id":277,"geometry":{"type":"LineString","coordinates":[[-87.80677,41.86864],[-87.806875,41.868638],[-87.807373,41.868628],[-87.807871,41.868618],[-87.807973,41.868616]]},"properties":{"name":"Harvard Street","highway":"residential"}},{"type":"Feature","id":278,"geometry":{"type":"LineString","coordinates":[[-87.807973,41.868616],[-87.808092,41.868614],[-87.808594,41.868604],[-87.80909,41.868595],[-87.809199,41.868593]]},"properties":{"name":"Harvard Street","highway":"residential"}},{"type":"Feature","id":279,"geometry":{"type":"LineString","coordinates":[[-87.809199,41.868593],[-87.809307,41.868591],[-87.809819,41.868581],[-87.810303,41.868572],[-87.810412,41.868569],[-87.810522,41.868567],[-87.811018,41.868558],[-87.811519,41.868548],[-87.811637,41.868546],[-87.811737,41.868544],[-87.812234,41.868535],[-87.812735,41.868525],[-87.81284,41.868523],[-87.812952,41.868521],[-87.813446,41.868511],[-87.813949,41.868502],[-87.814063,41.868499],[-87.814169,41.868497],[-87.814875,41.868484],[-87.815573,41.86847],[-87.815676,41.868468],[-87.81579,41.868466],[-87.816494,41.868452]]},"properties":{"name":"Harvard Street","highway":"residential"}},{"type":"Feature","id":280,"geometry":{"type":"LineString","coordinates":[[-87.77916,41.869045],[-87.779309,41.869046],[-87.77981,41.869042],[-87.780295,41.869033],[-87.780399,41.869031]]},"properties":{"name":"Harvard Street","highway":"residential"}},{"type":"Feature","id":281,"geometry":{"type":"LineString","coordinates":[[-87.780399,41.869031],[-87.780515,41.869029],[-87.78102,41.869023],[-87.781525,41.869017],[-87.781633,41.869016]]},"properties":{"name":"Harvard Street","highway":"residential"}},{"type":"Feature","id":282,"geometry":{"type":"LineString","coordinates":[[-87.781633,41.869016],[-87.781739,41.869013],[-87.782247,41.869002],[-87.782751,41.868997],[-87.782858,41.868996]]},"properties":{"name":"Harvard Street","highway":"residential"}},{"type":"Feature","id":283,"geometry":{"type":"LineString","coordinates":[[-87.782858,41.868996],[-87.782965,41.868995],[-87.783474,41.86899],[-87.783979,41.868984],[-87.784081,41.868983]]},"properties":{"name":"Harvard Street","highway":"residential"}},{"type":"Feature","id":284,"geometry":{"type":"LineString","coordinates":[[-87.784081,41.868983],[-87.784197,41.86898],[-87.784692,41.868969],[-87.785201,41.868961],[-87.785311,41.868958]]},"properties":{"name":"Harvard Street","highway":"residential"}},{"type":"Feature","id":285,"geometry":{"type":"LineString","coordinates":[[-87.785311,41.868958],[-87.785416,41.868957],[-87.785921,41.868949],[-87.786431,41.868941],[-87.78654,41.868939]]},"properties":{"name":"Harvard Street","highway":"residential"}},{"type":"Feature","id":286,"geometry":{"type":"LineString","coordinates":[[-87.78654,41.868939],[-87.786642,41.868938],[-87.787157,41.868929],[-87.787655,41.868919],[-87.787758,41.868917]]},"properties":{"name":"Harvard Street","highway":"residential"}},{"type":"Feature","id":287,"geometry":{"type":"LineString","coordinates":[[-87.787758,41.868917],[-87.787868,41.868915],[-87.788372,41.868907],[-87.78888,41.868899],[-87.788988,41.868898]]},"properties":{"name":"Harvard Street","highway":"residential"}},{"type":"Feature","id":288,"geometry":{"type":"LineString","coordinates":[[-87.788988,41.868898],[-87.789094,41.868896],[-87.789608,41.868885],[-87.790104,41.868877],[-87.790207,41.868875]]},"properties":{"name":"Harvard Street","highway":"residential"}},{"type":"Feature","id":289,"geometry":{"type":"LineString","coordinates":[[-87.790207,41.868875],[-87.790323,41.868873],[-87.790839,41.868865],[-87.791331,41.868854],[-87.791431,41.868851]]},"properties":{"name":"Harvard Street","highway":"residential"}},{"type":"Feature","id":290,"geometry":{"type":"LineString","coordinates":[[-87.791431,41.868851],[-87.791549,41.86885],[-87.792053,41.868839],[-87.792553,41.868832],[-87.792657,41.86883]]},"properties":{"name":"Harvard Street","highway":"residential"}},{"type":"Feature","id":291,"geometry":{"type":"LineString","coordinates":[[-87.792657,41.86883],[-87.79277,41.868828],[-87.793255,41.868816],[-87.793768,41.868809],[-87.793875,41.868807]]},"properties":{"name":"Harvard Street","highway":"residential"}},{"type":"Feature","id":292,"geometry":{"type":"LineString","coordinates":[[-87.774249,41.869085],[-87.774397,41.869092],[-87.774415,41.869092],[-87.77448,41.869117],[-87.774876,41.869112],[-87.775386,41.869104],[-87.775478,41.869102]]},"properties":{"name":"Harvard Street","highway":"residential"}},{"type":"Feature","id":293,"geometry":{"type":"LineString","coordinates":[[-87.793875,41.868807],[-87.793986,41.868805],[-87.794533,41.868798],[-87.795075,41.868786],[-87.795186,41.868784]]},"properties":{"name":"Harvard Street","highway":"residential"}},{"type":"Feature","id":294,"geometry":{"type":"LineString","coordinates":[[-87.795186,41.868784],[-87.795292,41.868783],[-87.795836,41.86877],[-87.796145,41.868766],[-87.796383,41.868762],[-87.796495,41.86876]]},"properties":{"name":"Harvard Street","highway":"residential"}},{"type":"Feature","id":295,"geometry":{"type":"LineString","coordinates":[[-87.796495,41.86876],[-87.7966,41.868758],[-87.797127,41.868749],[-87.797689,41.86874],[-87.797786,41.868739]]},"properties":{"name":"Harvard Street","highway":"residential"}},{"type":"Feature","id":296,"geometry":{"type":"LineString","coordinates":[[-87.797786,41.868739],[-87.797902,41.868737],[-87.798457,41.868728],[-87.798997,41.868717],[-87.799104,41.868717]]},"properties":{"name":"Harvard Street","highway":"residential"}},{"type":"Feature","id":297,"geometry":{"type":"LineString","coordinates":[[-87.799104,41.868717],[-87.799212,41.868716],[-87.799815,41.868706],[-87.800399,41.868696],[-87.8005,41.868694]]},"properties":{"name":"Harvard Street","highway":"residential"}},{"type":"Feature","id":298,"geometry":{"type":"LineString","coordinates":[[-87.8005,41.868694],[-87.800616,41.868693],[-87.801217,41.868683],[-87.801804,41.868673],[-87.80191,41.868672]]},"properties":{"name":"Harvard Street","highway":"residential"}},{"type":"Feature","id":299,"geometry":{"type":"LineString","coordinates":[[-87.80191,41.868672],[-87.802018,41.86867],[-87.802688,41.868659],[-87.803362,41.868648],[-87.803467,41.868646]]},"properties":{"name":"Harvard Street","highway":"residential"}},{"type":"Feature","id":300,"geometry":{"type":"LineString","coordinates":[[-87.775478,41.869102],[-87.775602,41.869101],[-87.7761,41.869095],[-87.776611,41.869089],[-87.776714,41.869088]]},"properties":{"name":"Harvard Street","highway":"residential"}},{"type":"Feature","id":301,"geometry":{"type":"LineString","coordinates":[[-87.776714,41.869088],[-87.776832,41.869086],[-87.777342,41.869078],[-87.777844,41.869069],[-87.777943,41.869067]]},"properties":{"name":"Harvard Street","highway":"residential"}},{"type":"Feature","id":302,"geometry":{"type":"LineString","coordinates":[[-87.777943,41.869067],[-87.778056,41.869065],[-87.778549,41.869054],[-87.779044,41.869047],[-87.77916,41.869045]]},"properties":{"name":"Harvard Street","highway":"residential"}},{"type":"Feature","id":303,"geometry":{"type":"LineString","coordinates":[[-87.806158,41.868651],[-87.806081,41.868631],[-87.805665,41.868642],[-87.805552,41.868644]]},"properties":{"name":"Harvard Street","highway":"residential"}},{"type":"Feature","id":304,"geometry":{"type":"LineString","coordinates":[[-87.805552,41.868644],[-87.805446,41.868647],[-87.805046,41.868657],[-87.804947,41.868675]]},"properties":{"name":"Harvard Street","highway":"residential"}},{"type":"Feature","id":305,"geometry":{"type":"LineString","coordinates":[[-87.804344,41.868686],[-87.80445,41.868684],[-87.804947,41.868675]]},"properties":{"name":"Harvard Street","highway":"residential"}},{"type":"Feature","id":306,"geometry":{"type":"LineString","coordinates":[[-87.804947,41.868675],[-87.805058,41.868707],[-87.805447,41.868699],[-87.805555,41.868697]]},"properties":{"name":"Harvard Street","highway":"residential"}},{"type":"Feature","id":307,"geometry":{"type":"LineString","coordinates":[[-87.805555,41.868697],[-87.805666,41.868695],[-87.80607,41.868687],[-87.806158,41.868651]]},"properties":{"name":"Harvard Street","highway":"residential"}},{"type":"Feature","id":308,"geometry":{"type":"LineString","coordinates":[[-87.770285,41.909325],[-87.770288,41.909449],[-87.7703,41.909824],[-87.770339,41.911068],[-87.770341,41.911144]]},"properties":{"name":"North Menard Avenue","highway":"residential"}},{"type":"Feature","id":309,"geometry":{"type":"LineString","coordinates":[[-87.770341,41.911144],[-87.770344,41.911228],[-87.770384,41.912534],[-87.770386,41.912605]]},"properties":{"name":"North Menard Avenue","highway":"residential"}},{"type":"Feature","id":310,"geometry":{"type":"LineString","coordinates":[[-87.7699,41.887876],[-87.769894,41.887971],[-87.76992,41.888445],[-87.769921,41.888455],[-87.769921,41.888468],[-87.769936,41.888902],[-87.769938,41.888961]]},"properties":{"name":"North Menard Avenue","highway":"residential"}},{"type":"Feature","id":311,"geometry":{"type":"LineString","coordinates":[[-87.769938,41.888961],[-87.769941,41.889056]]},"properties":{"name":"North Menard Avenue","highway":"residential"}},{"type":"Feature","id":312,"geometry":{"type":"LineString","coordinates":[[-87.769941,41.889056],[-87.769943,41.889115],[-87.769958,41.889548],[-87.769972,41.889966],[-87.769976,41.890067]]},"properties":{"name":"North Menard Avenue","highway":"residential"}},{"type":"Feature","id":313,"geometry":{"type":"LineString","coordinates":[[-87.769976,41.890067],[-87.769979,41.89018],[-87.769994,41.890614],[-87.770006,41.890977],[-87.770009,41.891058]]},"properties":{"name":"North Menard Avenue","highway":"residential"}},{"type":"Feature","id":314,"geometry":{"type":"LineString","coordinates":[[-87.770009,41.891058],[-87.770012,41.891135],[-87.770023,41.891478],[-87.770036,41.891838],[-87.770039,41.891931]]},"properties":{"name":"North Menard Avenue","highway":"residential"}},{"type":"Feature","id":315,"geometry":{"type":"LineString","coordinates":[[-87.770039,41.891931],[-87.770042,41.892038],[-87.770054,41.89239],[-87.770068,41.892778],[-87.770071,41.89287]]},"properties":{"name":"North Menard Avenue","highway":"residential"}},{"type":"Feature","id":316,"geometry":{"type":"LineString","coordinates":[[-87.770071,41.89287],[-87.770074,41.892976],[-87.770088,41.893382],[-87.770101,41.893759],[-87.770104,41.893854]]},"properties":{"name":"North Menard Avenue","highway":"residential"}},{"type":"Feature","id":317,"geometry":{"type":"LineString","coordinates":[[-87.770104,41.893854],[-87.770108,41.893958],[-87.77012,41.89432],[-87.770133,41.894691],[-87.770137,41.894697],[-87.7702,41.894781]]},"properties":{"name":"North Menard Avenue","highway":"residential"}},{"type":"Feature","id":318,"geometry":{"type":"LineString","coordinates":[[-87.769826,41.882172],[-87.769829,41.882284],[-87.76984,41.882665],[-87.769841,41.882728],[-87.769878,41.884053],[-87.769881,41.884144]]},"properties":{"name":"North Menard Avenue","highway":"residential"}},{"type":"Feature","id":319,"geometry":{"type":"LineString","coordinates":[[-87.769881,41.884144],[-87.769887,41.88427],[-87.769947,41.885569],[-87.76995,41.885642]]},"properties":{"name":"North Menard Avenue","highway":"residential"}},{"type":"Feature","id":320,"geometry":{"type":"LineString","coordinates":[[-87.76995,41.885642],[-87.769953,41.88573],[-87.76998,41.886636],[-87.77,41.887059],[-87.770001,41.887082],[-87.770004,41.887148]]},"properties":{"name":"North Menard Avenue","highway":"residential"}},{"type":"Feature","id":321,"geometry":{"type":"LineString","coordinates":[[-87.770007,41.887214],[-87.770054,41.887271],[-87.770055,41.887293],[-87.770054,41.88755],[-87.76998,41.887628],[-87.769975,41.887272],[-87.770007,41.887214]]},"properties":{"name":"North Menard Avenue","highway":"residential"}},{"type":"Feature","id":322,"geometry":{"type":"LineString","coordinates":[[-87.770378,41.898429],[-87.770375,41.898338],[-87.770363,41.897963],[-87.770352,41.897612],[-87.770348,41.89751]]},"properties":{"name":"North Menard Avenue","highway":"residential"}},{"type":"Feature","id":323,"geometry":{"type":"LineString","coordinates":[[-87.770348,41.89751],[-87.770334,41.897052],[-87.770322,41.896697],[-87.770319,41.896604]]},"properties":{"name":"North Menard Avenue","highway":"residential"}},{"type":"Feature","id":324,"geometry":{"type":"LineString","coordinates":[[-87.770319,41.896604],[-87.770317,41.896519],[-87.770305,41.896145],[-87.770293,41.895789],[-87.77029,41.895682]]},"properties":{"name":"North Menard Avenue","highway":"residential"}},{"type":"Feature","id":325,"geometry":{"type":"LineString","coordinates":[[-87.77029,41.895682],[-87.770276,41.895235],[-87.770264,41.894876],[-87.770264,41.894867],[-87.7702,41.894781]]},"properties":{"name":"North Menard Avenue","highway":"residential"}},{"type":"Feature","id":326,"geometry":{"type":"LineString","coordinates":[[-87.770507,41.90207],[-87.77051,41.902157],[-87.77052,41.902459],[-87.770564,41.90381],[-87.770566,41.903877]]},"properties":{"name":"North Menard Avenue","highway":"residential"}},{"type":"Feature","id":327,"geometry":{"type":"LineString","coordinates":[[-87.770566,41.903877],[-87.770569,41.903968],[-87.770593,41.904682],[-87.770602,41.904941],[-87.770624,41.905617],[-87.770633,41.905704]]},"properties":{"name":"North Menard Avenue","highway":"residential"}},{"type":"Feature","id":328,"geometry":{"type":"LineString","coordinates":[[-87.770633,41.905704],[-87.770629,41.90578],[-87.770684,41.907429],[-87.770686,41.907503]]},"properties":{"name":"North Menard Avenue","highway":"residential"}},{"type":"Feature","id":329,"geometry":{"type":"LineString","coordinates":[[-87.770686,41.907503],[-87.770689,41.90759],[-87.77073,41.908812],[-87.770742,41.909192],[-87.770747,41.909319]]},"properties":{"name":"North Menard Avenue","highway":"residential"}},{"type":"Feature","id":330,"geometry":{"type":"LineString","coordinates":[[-87.770378,41.898429],[-87.770381,41.898524],[-87.770438,41.90018],[-87.770441,41.900247]]},"properties":{"name":"North Menard Avenue","highway":"residential"}},{"type":"Feature","id":331,"geometry":{"type":"LineString","coordinates":[[-87.770441,41.900247],[-87.770444,41.900337],[-87.770504,41.902],[-87.770507,41.90207]]},"properties":{"name":"North Menard Avenue","highway":"residential"}},{"type":"Feature","id":332,"geometry":{"type":"LineString","coordinates":[[-87.770004,41.887148],[-87.770007,41.887214]]},"properties":{"name":"North Menard Avenue","highway":"residential"}},{"type":"Feature","id":333,"geometry":{"type":"LineString","coordinates":[[-87.806708,41.866813],[-87.806711,41.866897],[-87.806767,41.868561],[-87.80677,41.86864]]},"properties":{"name":"Marengo Avenue","highway":"residential"}},{"type":"Feature","id":334,"geometry":{"type":"LineString","coordinates":[[-87.80677,41.86864],[-87.806772,41.868723],[-87.806828,41.870389],[-87.806831,41.870468]]},"properties":{"name":"Marengo Avenue","highway":"residential"}},{"type":"Feature","id":335,"geometry":{"type":"LineString","coordinates":[[-87.806831,41.870468],[-87.806834,41.870551],[-87.806866,41.871508],[-87.806877,41.871843],[-87.806889,41.872217],[-87.806892,41.872299]]},"properties":{"name":"Marengo Avenue","highway":"residential"}},{"type":"Feature","id":336,"geometry":{"type":"LineString","coordinates":[[-87.807038,41.879604],[-87.807034,41.879521],[-87.807016,41.879084],[-87.806964,41.877822],[-87.806961,41.877756]]},"properties":{"name":"Marengo Avenue","highway":"residential"}},{"type":"Feature","id":337,"geometry":{"type":"LineString","coordinates":[[-87.806961,41.877756],[-87.806959,41.877703],[-87.806921,41.876431],[-87.806909,41.87604],[-87.806909,41.876031],[-87.806963,41.875944]]},"properties":{"name":"Marengo Avenue","highway":"residential"}},{"type":"Feature","id":338,"geometry":{"type":"LineString","coordinates":[[-87.807585,41.886196],[-87.807579,41.886107],[-87.807566,41.885849],[-87.807558,41.885615],[-87.807552,41.885449],[-87.807549,41.885367]]},"properties":{"name":"Marengo Avenue","highway":"residential"}},{"type":"Feature","id":339,"geometry":{"type":"LineString","coordinates":[[-87.807549,41.885367],[-87.807547,41.885289],[-87.807521,41.8845],[-87.807516,41.884358],[-87.807513,41.884279]]},"properties":{"name":"Marengo Avenue","highway":"residential"}},{"type":"Feature","id":340,"geometry":{"type":"LineString","coordinates":[[-87.807513,41.884279],[-87.807511,41.884196],[-87.807504,41.88396],[-87.807485,41.883272],[-87.807482,41.883182]]},"properties":{"name":"Marengo Avenue","highway":"residential"}},{"type":"Feature","id":341,"geometry":{"type":"LineString","coordinates":[[-87.807482,41.883182],[-87.807479,41.883108],[-87.807464,41.882703],[-87.807451,41.88238],[-87.807436,41.882001],[-87.807435,41.881966],[-87.807414,41.881427],[-87.807412,41.88138],[-87.80741,41.881341]]},"properties":{"name":"Marengo Avenue","highway":"residential"}},{"type":"Feature","id":342,"geometry":{"type":"LineString","coordinates":[[-87.80741,41.881341],[-87.807407,41.881264],[-87.807354,41.880128],[-87.807343,41.879906],[-87.807333,41.879695],[-87.807328,41.879596]]},"properties":{"name":"Marengo Avenue","highway":"residential"}},{"type":"Feature","id":343,"geometry":{"type":"LineString","coordinates":[[-87.806375,41.857707],[-87.806377,41.857757],[-87.806437,41.859423],[-87.80644,41.859502],[-87.806443,41.859584],[-87.806503,41.86125],[-87.806506,41.861327],[-87.806509,41.861414],[-87.806569,41.863078],[-87.806572,41.863157]]},"properties":{"name":"Marengo Avenue","highway":"residential"}},{"type":"Feature","id":344,"geometry":{"type":"LineString","coordinates":[[-87.806572,41.863157],[-87.806575,41.863241],[-87.806622,41.864539],[-87.806633,41.864831],[-87.806633,41.864851],[-87.806635,41.864905]]},"properties":{"name":"Marengo Avenue","highway":"residential"}},{"type":"Feature","id":345,"geometry":{"type":"LineString","coordinates":[[-87.806635,41.864905],[-87.806639,41.864998]]},"properties":{"name":"Marengo Avenue","highway":"residential"}},{"type":"Feature","id":346,"geometry":{"type":"LineString","coordinates":[[-87.806639,41.864998],[-87.80664,41.865069],[-87.80665,41.865436],[-87.806705,41.866733],[-87.806708,41.866813]]},"properties":{"name":"Marengo Avenue","highway":"residential"}},{"type":"Feature","id":347,"geometry":{"type":"LineString","coordinates":[[-87.806965,41.874212],[-87.806967,41.874266],[-87.807022,41.875872],[-87.806963,41.875944]]},"properties":{"name":"Marengo Avenue","highway":"residential"}},{"type":"Feature","id":348,"geometry":{"type":"LineString","coordinates":[[-87.77196,41.909304],[-87.771957,41.909181],[-87.771946,41.908797],[-87.771912,41.907572],[-87.77191,41.907487]]},"properties":{"name":"North Monitor Avenue","highway":"residential"}},{"type":"Feature","id":349,"geometry":{"type":"LineString","coordinates":[[-87.77191,41.907487],[-87.771907,41.907412],[-87.771849,41.90576],[-87.771853,41.90569]]},"properties":{"name":"North Monitor Avenue","highway":"residential"}},{"type":"Feature","id":350,"geometry":{"type":"LineString","coordinates":[[-87.771853,41.90569],[-87.771844,41.905601],[-87.771786,41.903951],[-87.771789,41.903866]]},"properties":{"name":"North Monitor Avenue","highway":"residential"}},{"type":"Feature","id":351,"geometry":{"type":"LineString","coordinates":[[-87.771789,41.903866],[-87.771781,41.903791],[-87.771737,41.902505],[-87.771735,41.902441],[-87.771726,41.902169],[-87.771725,41.90214],[-87.771722,41.902051]]},"properties":{"name":"North Monitor Avenue","highway":"residential"}},{"type":"Feature","id":352,"geometry":{"type":"LineString","coordinates":[[-87.771573,41.912591],[-87.771571,41.912517],[-87.771527,41.911213],[-87.771524,41.91113]]},"properties":{"name":"North Monitor Avenue","highway":"residential"}},{"type":"Feature","id":353,"geometry":{"type":"LineString","coordinates":[[-87.771524,41.91113],[-87.771522,41.911054],[-87.77148,41.909811],[-87.771471,41.90954],[-87.771467,41.909437],[-87.771463,41.90931]]},"properties":{"name":"North Monitor Avenue","highway":"residential"}},{"type":"Feature","id":354,"geometry":{"type":"LineString","coordinates":[[-87.771722,41.902051],[-87.771719,41.901978],[-87.771665,41.900318],[-87.771668,41.900234]]},"properties":{"name":"North Monitor Avenue","highway":"residential"}},{"type":"Feature","id":355,"geometry":{"type":"LineString","coordinates":[[-87.771668,41.900234],[-87.77166,41.900159],[-87.771603,41.898514],[-87.771599,41.898412]]},"properties":{"name":"North Monitor Avenue","highway":"residential"}},{"type":"Feature","id":356,"geometry":{"type":"LineString","coordinates":[[-87.765107,41.887213],[-87.765244,41.887213],[-87.765285,41.887212],[-87.766608,41.887192],[-87.766647,41.887191],[-87.766768,41.88719],[-87.766889,41.887188],[-87.766929,41.887189],[-87.767611,41.887181],[-87.767661,41.887181],[-87.767888,41.887177],[-87.768132,41.887175],[-87.76839,41.887173],[-87.76919,41.887161],[-87.769848,41.887149],[-87.769881,41.887148],[-87.770004,41.887148]]},"properties":{"name":"West Corcoran Place","highway":"tertiary"}},{"type":"Feature","id":357,"geometry":{"type":"LineString","coordinates":[[-87.770004,41.887148],[-87.770132,41.887148],[-87.770161,41.887147],[-87.772023,41.887117]]},"properties":{"name":"West Corcoran Place","highway":"tertiary"}},{"type":"Feature","id":358,"geometry":{"type":"LineString","coordinates":[[-87.772023,41.887117],[-87.773209,41.887109],[-87.773355,41.887107],[-87.773453,41.887105]]},"properties":{"name":"West Corcoran Place","highway":"tertiary"}},{"type":"Feature","id":359,"geometry":{"type":"LineString","coordinates":[[-87.774881,41.887085],[-87.774752,41.887088],[-87.774457,41.887091],[-87.774424,41.887092],[-87.773607,41.887104],[-87.773553,41.887105],[-87.773453,41.887105]]},"properties":{"name":"West Corcoran Place","highway":"tertiary"}},{"type":"Feature","id":360,"geometry":{"type":"LineString","coordinates":[[-87.776511,41.887137],[-87.776509,41.887074]]},"properties":{"name":"South Humphrey Avenue","highway":"residential"}},{"type":"Feature","id":361,"geometry":{"type":"LineString","coordinates":[[-87.776509,41.887074],[-87.776506,41.887],[-87.776506,41.886974],[-87.776493,41.886553],[-87.776459,41.885423],[-87.776456,41.885339]]},"properties":{"name":"South Humphrey Avenue","highway":"residential"}},{"type":"Feature","id":362,"geometry":{"type":"LineString","coordinates":[[-87.776456,41.885339],[-87.776454,41.885263],[-87.776417,41.884111],[-87.776414,41.884012]]},"properties":{"name":"South Humphrey Avenue","highway":"residential"}},{"type":"Feature","id":363,"geometry":{"type":"LineString","coordinates":[[-87.776414,41.884012],[-87.776412,41.883932],[-87.776374,41.882688]]},"properties":{"name":"South Humphrey Avenue","highway":"residential"}},{"type":"Feature","id":364,"geometry":{"type":"LineString","coordinates":[[-87.775884,41.880127],[-87.775879,41.88001]]},"properties":{"name":"South Humphrey Avenue","highway":"residential"}},{"type":"Feature","id":365,"geometry":{"type":"LineString","coordinates":[[-87.775521,41.870496],[-87.775519,41.870428],[-87.775508,41.870059],[-87.775481,41.869185],[-87.775478,41.869102]]},"properties":{"name":"South Humphrey Avenue","highway":"residential"}},{"type":"Feature","id":366,"geometry":{"type":"LineString","coordinates":[[-87.775478,41.869102],[-87.775476,41.869024],[-87.775425,41.867355],[-87.775422,41.867279]]},"properties":{"name":"South Humphrey Avenue","highway":"residential"}},{"type":"Feature","id":367,"geometry":{"type":"LineString","coordinates":[[-87.775422,41.867279],[-87.77542,41.867198],[-87.775382,41.866018],[-87.775379,41.865903],[-87.775367,41.865531],[-87.775365,41.865445]]},"properties":{"name":"South Humphrey Avenue","highway":"residential"}},{"type":"Feature","id":368,"geometry":{"type":"LineString","coordinates":[[-87.776298,41.8806],[-87.776288,41.880317],[-87.776285,41.880218],[-87.776282,41.88012]]},"properties":{"name":"South Humphrey Avenue","highway":"residential"}},{"type":"Feature","id":369,"geometry":{"type":"LineString","coordinates":[[-87.776372,41.88262],[-87.776357,41.882182],[-87.776354,41.88208]]},"properties":{"name":"South Humphrey Avenue","highway":"residential"}},{"type":"Feature","id":370,"geometry":{"type":"LineString","coordinates":[[-87.776354,41.88208],[-87.776351,41.881983],[-87.776336,41.881538],[-87.776332,41.881436],[-87.77631,41.880759]]},"properties":{"name":"South Humphrey Avenue","highway":"residential"}},{"type":"Feature","id":371,"geometry":{"type":"LineString","coordinates":[[-87.776282,41.88012],[-87.776278,41.880003]]},"properties":{"name":"South Humphrey Avenue","highway":"residential"}},{"type":"Feature","id":372,"geometry":{"type":"LineString","coordinates":[[-87.775618,41.871558],[-87.775587,41.871599],[-87.775581,41.871638],[-87.77558,41.871689],[-87.775602,41.872303],[-87.775615,41.872677],[-87.775618,41.872757]]},"properties":{"name":"South Humphrey Avenue","highway":"residential"}},{"type":"Feature","id":373,"geometry":{"type":"LineString","coordinates":[[-87.775879,41.88001],[-87.775876,41.879927],[-87.775875,41.879874],[-87.775869,41.879752],[-87.77586,41.879545],[-87.775818,41.878296],[-87.775815,41.878217]]},"properties":{"name":"South Humphrey Avenue","highway":"residential"}},{"type":"Feature","id":374,"geometry":{"type":"LineString","coordinates":[[-87.775815,41.878217],[-87.775812,41.878137],[-87.775753,41.876498],[-87.77575,41.876415]]},"properties":{"name":"South Humphrey Avenue","highway":"residential"}},{"type":"Feature","id":375,"geometry":{"type":"LineString","coordinates":[[-87.77575,41.876415],[-87.775747,41.876338],[-87.775687,41.87467],[-87.775684,41.874582]]},"properties":{"name":"South Humphrey Avenue","highway":"residential"}},{"type":"Feature","id":376,"geometry":{"type":"LineString","coordinates":[[-87.775684,41.874582],[-87.775681,41.874504],[-87.775621,41.87284],[-87.775618,41.872757]]},"properties":{"name":"South Humphrey Avenue","highway":"residential"}},{"type":"Feature","id":377,"geometry":{"type":"LineString","coordinates":[[-87.801115,41.907107],[-87.800361,41.907117],[-87.799656,41.907126],[-87.799547,41.907127]]},"properties":{"name":"Lemoyne Street","highway":"residential"}},{"type":"Feature","id":378,"geometry":{"type":"LineString","coordinates":[[-87.801115,41.907107],[-87.80189,41.907098],[-87.802649,41.907088]]},"properties":{"name":"Lemoyne Street","highway":"residential"}},{"type":"Feature","id":379,"geometry":{"type":"LineString","coordinates":[[-87.802649,41.907088],[-87.802761,41.907087],[-87.80342,41.907078],[-87.804075,41.90707],[-87.804168,41.907069]]},"properties":{"name":"Lemoyne Street","highway":"residential"}},{"type":"Feature","id":380,"geometry":{"type":"LineString","coordinates":[[-87.805701,41.90705],[-87.805882,41.907047],[-87.805898,41.907046],[-87.806558,41.907035],[-87.807227,41.907024],[-87.807326,41.907022]]},"properties":{"name":"Lemoyne Street","highway":"residential"}},{"type":"Feature","id":381,"geometry":{"type":"LineString","coordinates":[[-87.807326,41.907022],[-87.807441,41.90702],[-87.80885,41.906996],[-87.808963,41.906994]]},"properties":{"name":"Lemoyne Street","highway":"residential"}},{"type":"Feature","id":382,"geometry":{"type":"LineString","coordinates":[[-87.808963,41.906994],[-87.809067,41.906993],[-87.810472,41.906969],[-87.810582,41.906967],[-87.81069,41.906965],[-87.812099,41.906941],[-87.812206,41.90694],[-87.812314,41.906938],[-87.813724,41.906914],[-87.813834,41.906912]]},"properties":{"name":"Lemoyne Street","highway":"residential"}},{"type":"Feature","id":383,"geometry":{"type":"LineString","coordinates":[[-87.804168,41.907069],[-87.804288,41.907067],[-87.804956,41.907059],[-87.805485,41.907052],[-87.805541,41.907052],[-87.805701,41.90705]]},"properties":{"name":"Lemoyne Street","highway":"residential"}},{"type":"Feature","id":384,"geometry":{"type":"LineString","coordinates":[[-87.795003,41.907184],[-87.795114,41.907183],[-87.795137,41.907183],[-87.79576,41.907175],[-87.796398,41.907167],[-87.796496,41.907166]]},"properties":{"name":"Lemoyne Street","highway":"residential"}},{"type":"Feature","id":385,"geometry":{"type":"LineString","coordinates":[[-87.796496,41.907166],[-87.79661,41.907164],[-87.797246,41.907158],[-87.797875,41.907148],[-87.797943,41.907147]]},"properties":{"name":"Lemoyne Street","highway":"residential"}},{"type":"Feature","id":386,"geometry":{"type":"LineString","coordinates":[[-87.797943,41.907147],[-87.798194,41.907144]]},"properties":{"name":"Lemoyne Street","highway":"residential"}},{"type":"Feature","id":387,"geometry":{"type":"LineString","coordinates":[[-87.798194,41.907144],[-87.79827,41.907143],[-87.798855,41.907136],[-87.799443,41.907128],[-87.799547,41.907127]]},"properties":{"name":"Lemoyne Street","highway":"residential"}},{"type":"Feature","id":388,"geometry":{"type":"LineString","coordinates":[[-87.77685,41.907517],[-87.776747,41.907518],[-87.775838,41.90753],[-87.775805,41.907527],[-87.77578,41.907517],[-87.775761,41.907498],[-87.775754,41.907477],[-87.77576,41.907448],[-87.775776,41.907432],[-87.775796,41.907419],[-87.775831,41.907412],[-87.776744,41.907404],[-87.776846,41.907403]]},"properties":{"name":"Lemoyne Parkway","highway":"residential"}},{"type":"Feature","id":389,"geometry":{"type":"LineString","coordinates":[[-87.77685,41.907517],[-87.776963,41.907516],[-87.778053,41.907507],[-87.77815,41.907506]]},"properties":{"name":"Lemoyne Parkway","highway":"residential"}},{"type":"Feature","id":390,"geometry":{"type":"LineString","coordinates":[[-87.77815,41.907506],[-87.778264,41.907504],[-87.779358,41.907484],[-87.779465,41.907482]]},"properties":{"name":"Lemoyne Parkway","highway":"residential"}},{"type":"Feature","id":391,"geometry":{"type":"LineString","coordinates":[[-87.779465,41.907482],[-87.779574,41.907481],[-87.78066,41.907471],[-87.780761,41.90747]]},"properties":{"name":"Lemoyne Parkway","highway":"residential"}},{"type":"Feature","id":392,"geometry":{"type":"LineString","coordinates":[[-87.780761,41.90747],[-87.780873,41.907469],[-87.781963,41.907461],[-87.782002,41.907453],[-87.782032,41.907433],[-87.782055,41.907376]]},"properties":{"name":"Lemoyne Parkway","highway":"residential"}},{"type":"Feature","id":393,"geometry":{"type":"LineString","coordinates":[[-87.782055,41.907376],[-87.782033,41.907363],[-87.782007,41.907353],[-87.781959,41.90734],[-87.781933,41.907337],[-87.780871,41.907345],[-87.780757,41.907346]]},"properties":{"name":"Lemoyne Parkway","highway":"residential"}},{"type":"Feature","id":394,"geometry":{"type":"LineString","coordinates":[[-87.780757,41.907346],[-87.780659,41.907347],[-87.779572,41.907362],[-87.779461,41.907364]]},"properties":{"name":"Lemoyne Parkway","highway":"residential"}},{"type":"Feature","id":395,"geometry":{"type":"LineString","coordinates":[[-87.779461,41.907364],[-87.779353,41.907365],[-87.778261,41.907379],[-87.778145,41.907381]]},"properties":{"name":"Lemoyne Parkway","highway":"residential"}},{"type":"Feature","id":396,"geometry":{"type":"LineString","coordinates":[[-87.778145,41.907381],[-87.778047,41.907383],[-87.776959,41.907401],[-87.776846,41.907403]]},"properties":{"name":"Lemoyne Parkway","highway":"residential"}},{"type":"Feature","id":397,"geometry":{"type":"LineString","coordinates":[[-87.783314,41.907331],[-87.783176,41.907333],[-87.782675,41.907337],[-87.782231,41.907342],[-87.782168,41.907345],[-87.782113,41.907354],[-87.782055,41.907376]]},"properties":{"name":"Lemoyne Parkway","highway":"residential"}},{"type":"Feature","id":398,"geometry":{"type":"LineString","coordinates":[[-87.783314,41.907331],[-87.783442,41.90733],[-87.784039,41.907323],[-87.78458,41.907316],[-87.784682,41.907315]]},"properties":{"name":"Lemoyne Parkway","highway":"residential"}},{"type":"Feature","id":399,"geometry":{"type":"LineString","coordinates":[[-87.784682,41.907315],[-87.784793,41.907314],[-87.785332,41.907306],[-87.785881,41.907299],[-87.785978,41.907297]]},"properties":{"name":"Lemoyne Parkway","highway":"residential"}},{"type":"Feature","id":400,"geometry":{"type":"LineString","coordinates":[[-87.785978,41.907297],[-87.786096,41.907295],[-87.786635,41.907287],[-87.787183,41.907279],[-87.78728,41.907277]]},"properties":{"name":"Lemoyne Parkway","highway":"residential"}},{"type":"Feature","id":401,"geometry":{"type":"LineString","coordinates":[[-87.78728,41.907277],[-87.787397,41.907276],[-87.788015,41.907271],[-87.788597,41.907266],[-87.788703,41.907265]]},"properties":{"name":"Lemoyne Parkway","highway":"residential"}},{"type":"Feature","id":402,"geometry":{"type":"LineString","coordinates":[[-87.788703,41.907265],[-87.788817,41.907264],[-87.78943,41.907255],[-87.790052,41.907247],[-87.790148,41.907246]]},"properties":{"name":"Lemoyne Parkway","highway":"residential"}},{"type":"Feature","id":403,"geometry":{"type":"LineString","coordinates":[[-87.790148,41.907246],[-87.790268,41.907245],[-87.790756,41.907238],[-87.791221,41.907232],[-87.791266,41.907232],[-87.791362,41.90723]]},"properties":{"name":"Lemoyne Parkway","highway":"residential"}},{"type":"Feature","id":404,"geometry":{"type":"LineString","coordinates":[[-87.791362,41.90723],[-87.791478,41.907229],[-87.791513,41.907228],[-87.791988,41.907222],[-87.792474,41.907216],[-87.79258,41.907214]]},"properties":{"name":"Lemoyne Parkway","highway":"residential"}},{"type":"Feature","id":405,"geometry":{"type":"LineString","coordinates":[[-87.79258,41.907214],[-87.792692,41.907213],[-87.793189,41.907208],[-87.793682,41.907204],[-87.793792,41.907202]]},"properties":{"name":"Lemoyne Parkway","highway":"residential"}},{"type":"Feature","id":406,"geometry":{"type":"LineString","coordinates":[[-87.793792,41.907202],[-87.793904,41.907201],[-87.794406,41.907193],[-87.794751,41.907196]]},"properties":{"name":"Lemoyne Parkway","highway":"residential"}},{"type":"Feature","id":407,"geometry":{"type":"LineString","coordinates":[[-87.794751,41.907196],[-87.79486,41.907222],[-87.794899,41.907235],[-87.795004,41.90727]]},"properties":{"name":"Lemoyne Parkway","highway":"residential"}},{"type":"Feature","id":408,"geometry":{"type":"LineString","coordinates":[[-87.794751,41.907196],[-87.794896,41.90715],[-87.795001,41.90711]]},"properties":{"name":"Lemoyne Parkway","highway":"residential"}},{"type":"Feature","id":409,"geometry":{"type":"LineString","coordinates":[[-87.774137,41.914255],[-87.774134,41.914184],[-87.774091,41.913002],[-87.774088,41.912917],[-87.774085,41.912842],[-87.774024,41.911178],[-87.774021,41.911099]]},"properties":{"name":"North Mason Avenue","highway":"residential"}},{"type":"Feature","id":410,"geometry":{"type":"LineString","coordinates":[[-87.774021,41.911099],[-87.774018,41.911021],[-87.773972,41.909782],[-87.773959,41.909407],[-87.773954,41.909279]]},"properties":{"name":"North Mason Avenue","highway":"residential"}},{"type":"Feature","id":411,"geometry":{"type":"LineString","coordinates":[[-87.773223,41.880167],[-87.773226,41.880269],[-87.77324,41.880678],[-87.77327,41.881583],[-87.773285,41.882033],[-87.773288,41.882121]]},"properties":{"name":"North Mason Avenue","highway":"residential"}},{"type":"Feature","id":412,"geometry":{"type":"LineString","coordinates":[[-87.773288,41.882121],[-87.773291,41.88223],[-87.773306,41.882672],[-87.773348,41.88395],[-87.77335,41.88401]]},"properties":{"name":"North Mason Avenue","highway":"residential"}},{"type":"Feature","id":413,"geometry":{"type":"LineString","coordinates":[[-87.77335,41.88401],[-87.773353,41.884082],[-87.773355,41.88415]]},"properties":{"name":"North Mason Avenue","highway":"residential"}},{"type":"Feature","id":414,"geometry":{"type":"LineString","coordinates":[[-87.773355,41.88415],[-87.773357,41.884224],[-87.7734,41.885523],[-87.773403,41.885596]]},"properties":{"name":"North Mason Avenue","highway":"residential"}},{"type":"Feature","id":415,"geometry":{"type":"LineString","coordinates":[[-87.773403,41.885596],[-87.773405,41.885684],[-87.773435,41.886585],[-87.773449,41.887007],[-87.77345,41.887037],[-87.773453,41.887105]]},"properties":{"name":"North Mason Avenue","highway":"residential"}},{"type":"Feature","id":416,"geometry":{"type":"LineString","coordinates":[[-87.774379,41.909273],[-87.774375,41.909148],[-87.774363,41.908767],[-87.774345,41.908183],[-87.774341,41.90804],[-87.774325,41.907541],[-87.774323,41.907457]]},"properties":{"name":"North Mason Avenue","highway":"residential"}},{"type":"Feature","id":417,"geometry":{"type":"LineString","coordinates":[[-87.774323,41.907457],[-87.774321,41.907381],[-87.774269,41.905729],[-87.774267,41.905655]]},"properties":{"name":"North Mason Avenue","highway":"residential"}},{"type":"Feature","id":418,"geometry":{"type":"LineString","coordinates":[[-87.774267,41.905655],[-87.774264,41.905569],[-87.774213,41.903915],[-87.77421,41.903828]]},"properties":{"name":"North Mason Avenue","highway":"residential"}},{"type":"Feature","id":419,"geometry":{"type":"LineString","coordinates":[[-87.77421,41.903828],[-87.774208,41.903757],[-87.774166,41.902401],[-87.774158,41.902129],[-87.774157,41.902105],[-87.774154,41.902014]]},"properties":{"name":"North Mason Avenue","highway":"residential"}},{"type":"Feature","id":420,"geometry":{"type":"LineString","coordinates":[[-87.774042,41.898379],[-87.774045,41.898477],[-87.774056,41.898829],[-87.774096,41.90012],[-87.774098,41.900194]]},"properties":{"name":"North Mason Avenue","highway":"residential"}},{"type":"Feature","id":421,"geometry":{"type":"LineString","coordinates":[[-87.774154,41.902014],[-87.774152,41.901939],[-87.7741,41.900277],[-87.774098,41.900194]]},"properties":{"name":"North Mason Avenue","highway":"residential"}},{"type":"Feature","id":422,"geometry":{"type":"LineString","coordinates":[[-87.795976,41.909008],[-87.79598,41.909134],[-87.795992,41.909503],[-87.796033,41.910749],[-87.796036,41.910831]]},"properties":{"name":"North Newcastle Avenue","highway":"residential"}},{"type":"Feature","id":423,"geometry":{"type":"LineString","coordinates":[[-87.796036,41.910831],[-87.796038,41.910908],[-87.796093,41.912572],[-87.796096,41.912652],[-87.796098,41.912734],[-87.796153,41.914398],[-87.796155,41.91447],[-87.796158,41.914557],[-87.7962,41.915841],[-87.796213,41.916223],[-87.796215,41.916302],[-87.796218,41.916382],[-87.79623,41.916749],[-87.796273,41.918044],[-87.796275,41.918123]]},"properties":{"name":"North Newcastle Avenue","highway":"residential"}},{"type":"Feature","id":424,"geometry":{"type":"LineString","coordinates":[[-87.808197,41.874893],[-87.808196,41.87436],[-87.808157,41.87328],[-87.808111,41.872346],[-87.808108,41.872271]]},"properties":{"name":"Circle Avenue","highway":"tertiary"}},{"type":"Feature","id":425,"geometry":{"type":"LineString","coordinates":[[-87.80837,41.879571],[-87.808367,41.879487],[-87.808356,41.879196],[-87.808351,41.879061],[-87.808344,41.878873],[-87.808303,41.877794],[-87.8083,41.877725]]},"properties":{"name":"Circle Avenue","highway":"tertiary"}},{"type":"Feature","id":426,"geometry":{"type":"LineString","coordinates":[[-87.8083,41.877725],[-87.808299,41.877675],[-87.808235,41.876011],[-87.808232,41.875918]]},"properties":{"name":"Circle Avenue","highway":"tertiary"}},{"type":"Feature","id":427,"geometry":{"type":"LineString","coordinates":[[-87.808232,41.875918],[-87.808229,41.875849],[-87.808197,41.874893]]},"properties":{"name":"Circle Avenue","highway":"tertiary"}},{"type":"Feature","id":428,"geometry":{"type":"LineString","coordinates":[[-87.808108,41.872271],[-87.808105,41.872194],[-87.808089,41.871817],[-87.808044,41.870529],[-87.808041,41.870444]]},"properties":{"name":"Circle Avenue","highway":"tertiary"}},{"type":"Feature","id":429,"geometry":{"type":"LineString","coordinates":[[-87.808041,41.870444],[-87.808038,41.870365],[-87.807976,41.868701],[-87.807973,41.868616]]},"properties":{"name":"Circle Avenue","highway":"tertiary"}},{"type":"Feature","id":430,"geometry":{"type":"LineString","coordinates":[[-87.807973,41.868616],[-87.807971,41.868536],[-87.807927,41.866873],[-87.807924,41.866788]]},"properties":{"name":"Circle Avenue","highway":"tertiary"}},{"type":"Feature","id":431,"geometry":{"type":"LineString","coordinates":[[-87.807924,41.866788],[-87.807921,41.86671],[-87.807879,41.865554],[-87.807877,41.865509],[-87.807874,41.86541],[-87.807864,41.865044],[-87.807862,41.864971]]},"properties":{"name":"Circle Avenue","highway":"tertiary"}},{"type":"Feature","id":432,"geometry":{"type":"LineString","coordinates":[[-87.807862,41.864971],[-87.807859,41.86488]]},"properties":{"name":"Circle Avenue","highway":"tertiary"}},{"type":"Feature","id":433,"geometry":{"type":"LineString","coordinates":[[-87.807859,41.86488],[-87.807856,41.864825],[-87.807852,41.864731],[-87.807844,41.864551],[-87.807843,41.864512],[-87.807828,41.864203],[-87.807777,41.863132]]},"properties":{"name":"Circle Avenue","highway":"residential"}},{"type":"Feature","id":434,"geometry":{"type":"LineString","coordinates":[[-87.807777,41.863132],[-87.807774,41.863054],[-87.807716,41.861307]]},"properties":{"name":"Circle Avenue","highway":"residential"}},{"type":"Feature","id":435,"geometry":{"type":"LineString","coordinates":[[-87.804975,41.886569],[-87.805087,41.886568],[-87.805124,41.886568],[-87.805297,41.886566],[-87.805495,41.886564],[-87.805617,41.88656],[-87.80572,41.886556],[-87.805929,41.88655],[-87.806107,41.886542],[-87.806182,41.886534],[-87.806277,41.886525]]},"properties":{"name":"Circle Avenue","highway":"tertiary"}},{"type":"Feature","id":436,"geometry":{"type":"LineString","coordinates":[[-87.806277,41.886525],[-87.806398,41.88651],[-87.806484,41.8865],[-87.806635,41.886474],[-87.806762,41.886453],[-87.806776,41.886451],[-87.806854,41.886434],[-87.807032,41.886385],[-87.807194,41.886334],[-87.807446,41.886252],[-87.807585,41.886196]]},"properties":{"name":"Circle Avenue","highway":"tertiary"}},{"type":"Feature","id":437,"geometry":{"type":"LineString","coordinates":[[-87.807585,41.886196],[-87.807701,41.886149],[-87.807757,41.886123],[-87.807923,41.886044],[-87.808134,41.885937],[-87.808285,41.885839],[-87.808422,41.885755],[-87.808545,41.885663],[-87.808698,41.885542],[-87.808825,41.885422],[-87.808905,41.885346]]},"properties":{"name":"Circle Avenue","highway":"tertiary"}},{"type":"Feature","id":438,"geometry":{"type":"LineString","coordinates":[[-87.808905,41.885346],[-87.808979,41.885268],[-87.809019,41.885221],[-87.809141,41.885075],[-87.809256,41.8849],[-87.809318,41.8848],[-87.809347,41.884756],[-87.809427,41.884599],[-87.809498,41.884437],[-87.809539,41.88433],[-87.809572,41.884243]]},"properties":{"name":"Circle Avenue","highway":"tertiary"}},{"type":"Feature","id":439,"geometry":{"type":"LineString","coordinates":[[-87.809572,41.884243],[-87.80959,41.884165],[-87.809625,41.884011],[-87.809654,41.883852],[-87.809657,41.883769],[-87.809629,41.883275],[-87.809636,41.883239],[-87.809653,41.883151]]},"properties":{"name":"Circle Avenue","highway":"tertiary"}},{"type":"Feature","id":440,"geometry":{"type":"LineString","coordinates":[[-87.809653,41.883151],[-87.809668,41.883074],[-87.809673,41.88305],[-87.809596,41.88281],[-87.809312,41.88208]]},"properties":{"name":"Circle Avenue","highway":"tertiary"}},{"type":"Feature","id":441,"geometry":{"type":"LineString","coordinates":[[-87.809312,41.88208],[-87.809268,41.881961],[-87.809093,41.881493]]},"properties":{"name":"Circle Avenue","highway":"tertiary"}},{"type":"Feature","id":442,"geometry":{"type":"LineString","coordinates":[[-87.809093,41.881493],[-87.809083,41.881465],[-87.808999,41.881248],[-87.808821,41.880781],[-87.808698,41.88046]]},"properties":{"name":"Circle Avenue","highway":"tertiary"}},{"type":"Feature","id":443,"geometry":{"type":"LineString","coordinates":[[-87.808698,41.88046],[-87.808543,41.88004],[-87.808501,41.879925],[-87.80844,41.879762],[-87.808408,41.879674],[-87.80837,41.879571]]},"properties":{"name":"Circle Avenue","highway":"tertiary"}},{"type":"Feature","id":444,"geometry":{"type":"LineString","coordinates":[[-87.793582,41.899743],[-87.793584,41.899831],[-87.793634,41.901624],[-87.793635,41.901648],[-87.793637,41.901721]]},"properties":{"name":"North Euclid Avenue","highway":"residential"}},{"type":"Feature","id":445,"geometry":{"type":"LineString","coordinates":[[-87.793637,41.901721],[-87.793639,41.901806],[-87.79364,41.901828],[-87.793694,41.903564],[-87.793696,41.90364]]},"properties":{"name":"North Euclid Avenue","highway":"residential"}},{"type":"Feature","id":446,"geometry":{"type":"LineString","coordinates":[[-87.793696,41.90364],[-87.793698,41.903725],[-87.793739,41.905487],[-87.79374,41.90551],[-87.793741,41.905581]]},"properties":{"name":"North Euclid Avenue","highway":"residential"}},{"type":"Feature","id":447,"geometry":{"type":"LineString","coordinates":[[-87.793741,41.905581],[-87.793744,41.905671],[-87.793745,41.905694],[-87.79379,41.907125],[-87.793792,41.907202]]},"properties":{"name":"North Euclid Avenue","highway":"residential"}},{"type":"Feature","id":448,"geometry":{"type":"LineString","coordinates":[[-87.793792,41.907202],[-87.793794,41.907286],[-87.793824,41.908535],[-87.793833,41.908908],[-87.793837,41.909036]]},"properties":{"name":"North Euclid Avenue","highway":"residential"}},{"type":"Feature","id":449,"geometry":{"type":"LineString","coordinates":[[-87.792685,41.88734],[-87.792669,41.887416],[-87.792669,41.887437],[-87.792682,41.887766],[-87.792694,41.888193],[-87.792701,41.888484],[-87.792704,41.888587]]},"properties":{"name":"North Euclid Avenue","highway":"residential"}},{"type":"Feature","id":450,"geometry":{"type":"LineString","coordinates":[[-87.792704,41.888587],[-87.792706,41.888687],[-87.792745,41.890148],[-87.792747,41.890225]]},"properties":{"name":"North Euclid Avenue","highway":"residential"}},{"type":"Feature","id":451,"geometry":{"type":"LineString","coordinates":[[-87.792747,41.890225],[-87.792749,41.890309],[-87.79278,41.891507],[-87.792782,41.891583]]},"properties":{"name":"North Euclid Avenue","highway":"residential"}},{"type":"Feature","id":452,"geometry":{"type":"LineString","coordinates":[[-87.792782,41.891583],[-87.792784,41.891667],[-87.792816,41.892888],[-87.792818,41.892958]]},"properties":{"name":"North Euclid Avenue","highway":"residential"}},{"type":"Feature","id":453,"geometry":{"type":"LineString","coordinates":[[-87.792818,41.892958],[-87.79282,41.89305],[-87.792853,41.894308],[-87.792854,41.894338],[-87.792856,41.894436]]},"properties":{"name":"North Euclid Avenue","highway":"residential"}},{"type":"Feature","id":454,"geometry":{"type":"LineString","coordinates":[[-87.792856,41.894436],[-87.792859,41.894538],[-87.79286,41.894578],[-87.792902,41.896194],[-87.792904,41.896275]]},"properties":{"name":"North Euclid Avenue","highway":"residential"}},{"type":"Feature","id":455,"geometry":{"type":"LineString","coordinates":[[-87.792904,41.896275],[-87.792906,41.896357],[-87.79295,41.898013],[-87.792952,41.898092]]},"properties":{"name":"North Euclid Avenue","highway":"residential"}},{"type":"Feature","id":456,"geometry":{"type":"LineString","coordinates":[[-87.792797,41.88691],[-87.792729,41.886973],[-87.792668,41.887244],[-87.792664,41.88726],[-87.792685,41.88734]]},"properties":{"name":"North Euclid Avenue","highway":"residential"}},{"type":"Feature","id":457,"geometry":{"type":"LineString","coordinates":[[-87.792685,41.88734],[-87.792742,41.887258],[-87.792807,41.886999],[-87.792815,41.886969],[-87.792797,41.88691]]},"properties":{"name":"North Euclid Avenue","highway":"residential"}},{"type":"Feature","id":458,"geometry":{"type":"LineString","coordinates":[[-87.794461,41.88689],[-87.794426,41.886951],[-87.794436,41.887232],[-87.794474,41.887307]]},"properties":{"name":"North Oak Park Avenue","highway":"tertiary"}},{"type":"Feature","id":459,"geometry":{"type":"LineString","coordinates":[[-87.794509,41.888631],[-87.794512,41.888742],[-87.794548,41.890117],[-87.79455,41.890201]]},"properties":{"name":"North Oak Park Avenue","highway":"tertiary"}},{"type":"Feature","id":460,"geometry":{"type":"LineString","coordinates":[[-87.79455,41.890201],[-87.794553,41.890278],[-87.794561,41.890601],[-87.79458,41.891334]]},"properties":{"name":"North Oak Park Avenue","highway":"tertiary"}},{"type":"Feature","id":461,"geometry":{"type":"LineString","coordinates":[[-87.79458,41.891334],[-87.794582,41.891404],[-87.794586,41.891556]]},"properties":{"name":"North Oak Park Avenue","highway":"tertiary"}},{"type":"Feature","id":462,"geometry":{"type":"LineString","coordinates":[[-87.794586,41.891556],[-87.794589,41.891641],[-87.794596,41.891947],[-87.794611,41.892488],[-87.79462,41.892851],[-87.794622,41.892929]]},"properties":{"name":"North Oak Park Avenue","highway":"tertiary"}},{"type":"Feature","id":463,"geometry":{"type":"LineString","coordinates":[[-87.794785,41.909023],[-87.794789,41.909154],[-87.794793,41.909259],[-87.794803,41.909518],[-87.79485,41.910764],[-87.794853,41.910846]]},"properties":{"name":"North Oak Park Avenue","highway":"tertiary"}},{"type":"Feature","id":464,"geometry":{"type":"LineString","coordinates":[[-87.795001,41.90711],[-87.795003,41.907184]]},"properties":{"name":"North Oak Park Avenue","highway":"tertiary"}},{"type":"Feature","id":465,"geometry":{"type":"LineString","coordinates":[[-87.795004,41.90727],[-87.795037,41.90852],[-87.79504,41.908622],[-87.795048,41.908895],[-87.79505,41.909018]]},"properties":{"name":"North Oak Park Avenue","highway":"tertiary"}},{"type":"Feature","id":466,"geometry":{"type":"LineString","coordinates":[[-87.795003,41.907184],[-87.795004,41.90727]]},"properties":{"name":"North Oak Park Avenue","highway":"tertiary"}},{"type":"Feature","id":467,"geometry":{"type":"LineString","coordinates":[[-87.794853,41.910846],[-87.794855,41.910925],[-87.794897,41.912556],[-87.794899,41.912587],[-87.794901,41.912667],[-87.794904,41.912747],[-87.794904,41.912763],[-87.794956,41.91439],[-87.794957,41.914409],[-87.794959,41.914486],[-87.794962,41.91457],[-87.794963,41.914601],[-87.795003,41.915853],[-87.795015,41.916231],[-87.795018,41.916316]]},"properties":{"name":"North Oak Park Avenue","highway":"tertiary"}},{"type":"Feature","id":468,"geometry":{"type":"LineString","coordinates":[[-87.794864,41.9017],[-87.794866,41.901784],[-87.79491,41.903475],[-87.794912,41.903573]]},"properties":{"name":"North Oak Park Avenue","highway":"tertiary"}},{"type":"Feature","id":469,"geometry":{"type":"LineString","coordinates":[[-87.794912,41.903573],[-87.794915,41.903702],[-87.794952,41.905352]]},"properties":{"name":"North Oak Park Avenue","highway":"tertiary"}},{"type":"Feature","id":470,"geometry":{"type":"LineString","coordinates":[[-87.794952,41.905352],[-87.794954,41.905469],[-87.794955,41.905566]]},"properties":{"name":"North Oak Park Avenue","highway":"tertiary"}},{"type":"Feature","id":471,"geometry":{"type":"LineString","coordinates":[[-87.794955,41.905566],[-87.795001,41.90711]]},"properties":{"name":"North Oak Park Avenue","highway":"tertiary"}},{"type":"Feature","id":472,"geometry":{"type":"LineString","coordinates":[[-87.794663,41.894403],[-87.794666,41.89451],[-87.794713,41.896159],[-87.794714,41.896229]]},"properties":{"name":"North Oak Park Avenue","highway":"tertiary"}},{"type":"Feature","id":473,"geometry":{"type":"LineString","coordinates":[[-87.794714,41.896229],[-87.794717,41.896315],[-87.794723,41.896537],[-87.794757,41.89777],[-87.794763,41.897987],[-87.794765,41.898066]]},"properties":{"name":"North Oak Park Avenue","highway":"tertiary"}},{"type":"Feature","id":474,"geometry":{"type":"LineString","coordinates":[[-87.794765,41.898066],[-87.794768,41.898156],[-87.794808,41.899646],[-87.79481,41.899722]]},"properties":{"name":"North Oak Park Avenue","highway":"tertiary"}},{"type":"Feature","id":475,"geometry":{"type":"LineString","coordinates":[[-87.794474,41.887307],[-87.794527,41.887235],[-87.794518,41.886952],[-87.794461,41.88689]]},"properties":{"name":"North Oak Park Avenue","highway":"tertiary"}},{"type":"Feature","id":476,"geometry":{"type":"LineString","coordinates":[[-87.794622,41.892929],[-87.794625,41.893015],[-87.794661,41.894313],[-87.794663,41.894403]]},"properties":{"name":"North Oak Park Avenue","highway":"tertiary"}},{"type":"Feature","id":477,"geometry":{"type":"LineString","coordinates":[[-87.794474,41.887307],[-87.794476,41.887383],[-87.794491,41.887933],[-87.794506,41.888557],[-87.794509,41.888631]]},"properties":{"name":"North Oak Park Avenue","highway":"tertiary"}},{"type":"Feature","id":478,"geometry":{"type":"LineString","coordinates":[[-87.79481,41.899722],[-87.794814,41.899871]]},"properties":{"name":"North Oak Park Avenue","highway":"tertiary"}},{"type":"Feature","id":479,"geometry":{"type":"LineString","coordinates":[[-87.794814,41.899871],[-87.794817,41.89996],[-87.794862,41.901625],[-87.794864,41.9017]]},"properties":{"name":"North Oak Park Avenue","highway":"tertiary"}},{"type":"Feature","id":480,"geometry":{"type":"LineString","coordinates":[[-87.802112,41.90887],[-87.802116,41.908988]]},"properties":{"name":"North Nordica Avenue","highway":"residential"}},{"type":"Feature","id":481,"geometry":{"type":"LineString","coordinates":[[-87.802116,41.908988],[-87.802119,41.909059],[-87.802131,41.909425]]},"properties":{"name":"North Nordica Avenue","highway":"residential"}},{"type":"Feature","id":482,"geometry":{"type":"LineString","coordinates":[[-87.802134,41.909553],[-87.802165,41.910676],[-87.802167,41.910756]]},"properties":{"name":"North Nordica Avenue","highway":"residential"}},{"type":"Feature","id":483,"geometry":{"type":"LineString","coordinates":[[-87.802167,41.910756],[-87.80217,41.91084],[-87.802229,41.912502],[-87.80223,41.912531]]},"properties":{"name":"North Nordica Avenue","highway":"residential"}},{"type":"Feature","id":484,"geometry":{"type":"LineString","coordinates":[[-87.799144,41.894325],[-87.799147,41.894426],[-87.799148,41.894451],[-87.799167,41.895053],[-87.799255,41.897899],[-87.799257,41.897985]]},"properties":{"name":"North Woodbine Avenue","highway":"residential"}},{"type":"Feature","id":485,"geometry":{"type":"LineString","coordinates":[[-87.799257,41.897985],[-87.79926,41.898078],[-87.799311,41.899725],[-87.799313,41.899797]]},"properties":{"name":"North Woodbine Avenue","highway":"residential"}},{"type":"Feature","id":486,"geometry":{"type":"LineString","coordinates":[[-87.799313,41.899797],[-87.799316,41.899886],[-87.799368,41.901552],[-87.79937,41.901623]]},"properties":{"name":"North Woodbine Avenue","highway":"residential"}},{"type":"Feature","id":487,"geometry":{"type":"LineString","coordinates":[[-87.799436,41.903457],[-87.799438,41.903544],[-87.79949,41.905215],[-87.799492,41.905292]]},"properties":{"name":"North Woodbine Avenue","highway":"residential"}},{"type":"Feature","id":488,"geometry":{"type":"LineString","coordinates":[[-87.799492,41.905292],[-87.799494,41.905373],[-87.799545,41.907049],[-87.799547,41.907127]]},"properties":{"name":"North Woodbine Avenue","highway":"residential"}},{"type":"Feature","id":489,"geometry":{"type":"LineString","coordinates":[[-87.799547,41.907127],[-87.799549,41.907208],[-87.799586,41.908465],[-87.799596,41.908836],[-87.7996,41.908957]]},"properties":{"name":"North Woodbine Avenue","highway":"residential"}},{"type":"Feature","id":490,"geometry":{"type":"LineString","coordinates":[[-87.803318,41.896302],[-87.803426,41.8963],[-87.803924,41.896292],[-87.805211,41.896271],[-87.805316,41.896269]]},"properties":{"name":"Schneider Avenue","highway":"residential"}},{"type":"Feature","id":491,"geometry":{"type":"LineString","coordinates":[[-87.775618,41.871558],[-87.775653,41.87154],[-87.7757,41.87153],[-87.775757,41.871529],[-87.776193,41.871552],[-87.776797,41.871583]]},"properties":{"name":"Flournoy Street","highway":"residential"}},{"type":"Feature","id":492,"geometry":{"type":"LineString","coordinates":[[-87.776797,41.871583],[-87.777417,41.871618],[-87.777905,41.871645],[-87.777953,41.871651],[-87.778005,41.871675]]},"properties":{"name":"Flournoy Street","highway":"residential"}},{"type":"Feature","id":493,"geometry":{"type":"LineString","coordinates":[[-87.779272,41.87178],[-87.779375,41.87178],[-87.779906,41.871776],[-87.780522,41.871772],[-87.780809,41.871774],[-87.781135,41.871795],[-87.781587,41.871837],[-87.781642,41.871848],[-87.781697,41.87187]]},"properties":{"name":"Flournoy Street","highway":"residential"}},{"type":"Feature","id":494,"geometry":{"type":"LineString","coordinates":[[-87.788123,41.89451],[-87.788127,41.894615],[-87.788128,41.894646],[-87.788185,41.896267],[-87.788188,41.896341]]},"properties":{"name":"Fair Oaks Avenue","highway":"residential"}},{"type":"Feature","id":495,"geometry":{"type":"LineString","coordinates":[[-87.788188,41.896341],[-87.788191,41.89643],[-87.788251,41.898085],[-87.788254,41.89816]]},"properties":{"name":"Fair Oaks Avenue","highway":"residential"}},{"type":"Feature","id":496,"geometry":{"type":"LineString","coordinates":[[-87.788254,41.89816],[-87.788257,41.898265],[-87.788301,41.899759],[-87.788303,41.899832]]},"properties":{"name":"Fair Oaks Avenue","highway":"residential"}},{"type":"Feature","id":497,"geometry":{"type":"LineString","coordinates":[[-87.788735,41.908595],[-87.788749,41.908975],[-87.788754,41.909102]]},"properties":{"name":"Fair Oaks Avenue","highway":"residential"}},{"type":"Feature","id":498,"geometry":{"type":"LineString","coordinates":[[-87.788655,41.905651],[-87.788652,41.905572],[-87.788582,41.903809],[-87.788511,41.903727]]},"properties":{"name":"Fair Oaks Avenue","highway":"residential"}},{"type":"Feature","id":499,"geometry":{"type":"LineString","coordinates":[[-87.788655,41.905651],[-87.788657,41.905734],[-87.788701,41.907191],[-87.788703,41.907265]]},"properties":{"name":"Fair Oaks Avenue","highway":"residential"}},{"type":"Feature","id":500,"geometry":{"type":"LineString","coordinates":[[-87.788703,41.907265],[-87.788705,41.907351],[-87.788731,41.908473]]},"properties":{"name":"Fair Oaks Avenue","highway":"residential"}},{"type":"Feature","id":501,"geometry":{"type":"LineString","coordinates":[[-87.788511,41.903727],[-87.788439,41.903652],[-87.788369,41.901923],[-87.788368,41.901896],[-87.788365,41.90181]]},"properties":{"name":"Fair Oaks Avenue","highway":"residential"}},{"type":"Feature","id":502,"geometry":{"type":"LineString","coordinates":[[-87.788303,41.899832],[-87.788306,41.899918],[-87.788362,41.90171],[-87.788363,41.901735],[-87.788365,41.90181]]},"properties":{"name":"Fair Oaks Avenue","highway":"residential"}},{"type":"Feature","id":503,"geometry":{"type":"LineString","coordinates":[[-87.802842,41.863194],[-87.802839,41.863102],[-87.802788,41.861448],[-87.802785,41.861371],[-87.802782,41.861289],[-87.802719,41.859636],[-87.802716,41.859552],[-87.802713,41.859478],[-87.802665,41.858202],[-87.80265,41.857823],[-87.802648,41.857755]]},"properties":{"name":"Maple Avenue","highway":"residential"}},{"type":"Feature","id":504,"geometry":{"type":"LineString","coordinates":[[-87.802924,41.865015],[-87.80292,41.864917],[-87.802916,41.864805],[-87.802909,41.864653]]},"properties":{"name":"Maple Avenue","highway":"residential"}},{"type":"Feature","id":505,"geometry":{"type":"LineString","coordinates":[[-87.804037,41.888607],[-87.804035,41.888515],[-87.804025,41.887963],[-87.803962,41.887888]]},"properties":{"name":"Maple Avenue","highway":"residential"}},{"type":"Feature","id":506,"geometry":{"type":"LineString","coordinates":[[-87.803892,41.887141],[-87.803901,41.887211],[-87.803917,41.887799],[-87.803918,41.88783],[-87.803962,41.887888]]},"properties":{"name":"Maple Avenue","highway":"residential"}},{"type":"Feature","id":507,"geometry":{"type":"LineString","coordinates":[[-87.802902,41.864552],[-87.802845,41.863265],[-87.802842,41.863194]]},"properties":{"name":"Maple Avenue","highway":"residential"}},{"type":"Feature","id":508,"geometry":{"type":"LineString","coordinates":[[-87.808885,41.905159],[-87.808889,41.905246],[-87.808889,41.905262],[-87.80896,41.906916],[-87.808963,41.906994]]},"properties":{"name":"Clinton Place","highway":"residential"}},{"type":"Feature","id":509,"geometry":{"type":"LineString","coordinates":[[-87.808963,41.906994],[-87.808966,41.907078],[-87.809008,41.908348],[-87.809017,41.908703],[-87.809018,41.908759]]},"properties":{"name":"Clinton Place","highway":"residential"}},{"type":"Feature","id":510,"geometry":{"type":"LineString","coordinates":[[-87.808533,41.889615],[-87.808534,41.889661],[-87.808549,41.890168],[-87.808563,41.890663],[-87.808566,41.890739]]},"properties":{"name":"Clinton Place","highway":"residential"}},{"type":"Feature","id":511,"geometry":{"type":"LineString","coordinates":[[-87.808566,41.890739],[-87.808568,41.890828],[-87.808603,41.892035],[-87.808605,41.892107]]},"properties":{"name":"Clinton Place","highway":"residential"}},{"type":"Feature","id":512,"geometry":{"type":"LineString","coordinates":[[-87.808344,41.892113],[-87.808347,41.892203],[-87.808386,41.893279],[-87.808419,41.894092],[-87.808422,41.894103],[-87.808453,41.894198]]},"properties":{"name":"Clinton Place","highway":"residential"}},{"type":"Feature","id":513,"geometry":{"type":"LineString","coordinates":[[-87.808453,41.894198],[-87.808485,41.894296],[-87.808485,41.894301],[-87.808544,41.895944],[-87.808546,41.896019]]},"properties":{"name":"Clinton Place","highway":"residential"}},{"type":"Feature","id":514,"geometry":{"type":"LineString","coordinates":[[-87.808546,41.896019],[-87.80855,41.896105],[-87.808615,41.897771],[-87.808619,41.897858]]},"properties":{"name":"Clinton Place","highway":"residential"}},{"type":"Feature","id":515,"geometry":{"type":"LineString","coordinates":[[-87.808462,41.887105],[-87.80848,41.887621],[-87.808486,41.887792]]},"properties":{"name":"Clinton Place","highway":"residential"}},{"type":"Feature","id":516,"geometry":{"type":"LineString","coordinates":[[-87.808486,41.887792],[-87.808489,41.88798],[-87.808497,41.888414],[-87.808498,41.888491]]},"properties":{"name":"Clinton Place","highway":"residential"}},{"type":"Feature","id":517,"geometry":{"type":"LineString","coordinates":[[-87.784999,41.898208],[-87.785135,41.898206],[-87.785813,41.898196],[-87.786496,41.898186],[-87.786619,41.898184]]},"properties":{"name":"Augusta Street","highway":"tertiary"}},{"type":"Feature","id":518,"geometry":{"type":"LineString","coordinates":[[-87.786619,41.898184],[-87.786764,41.898182],[-87.787445,41.898172],[-87.788124,41.898162],[-87.788254,41.89816]]},"properties":{"name":"Augusta Street","highway":"tertiary"}},{"type":"Feature","id":519,"geometry":{"type":"LineString","coordinates":[[-87.788254,41.89816],[-87.788393,41.898158],[-87.78907,41.898148],[-87.789757,41.898139],[-87.789872,41.898137]]},"properties":{"name":"Augusta Street","highway":"tertiary"}},{"type":"Feature","id":520,"geometry":{"type":"LineString","coordinates":[[-87.789872,41.898137],[-87.79001,41.898135],[-87.790501,41.898128],[-87.79111,41.898119]]},"properties":{"name":"Augusta Street","highway":"tertiary"}},{"type":"Feature","id":521,"geometry":{"type":"LineString","coordinates":[[-87.79111,41.898119],[-87.791404,41.898115]]},"properties":{"name":"Augusta Street","highway":"tertiary"}},{"type":"Feature","id":522,"geometry":{"type":"LineString","coordinates":[[-87.791404,41.898115],[-87.792221,41.898103],[-87.792317,41.898101]]},"properties":{"name":"Augusta Street","highway":"tertiary"}},{"type":"Feature","id":523,"geometry":{"type":"LineString","coordinates":[[-87.792317,41.898101],[-87.792952,41.898092]]},"properties":{"name":"Augusta Street","highway":"tertiary"}},{"type":"Feature","id":524,"geometry":{"type":"LineString","coordinates":[[-87.792952,41.898092],[-87.794659,41.898067],[-87.794765,41.898066]]},"properties":{"name":"Augusta Street","highway":"tertiary"}},{"type":"Feature","id":525,"geometry":{"type":"LineString","coordinates":[[-87.806998,41.897895],[-87.806889,41.897897],[-87.806112,41.897914],[-87.805532,41.897926],[-87.805509,41.89792],[-87.805379,41.897906]]},"properties":{"name":"Augusta Street","highway":"residential"}},{"type":"Feature","id":526,"geometry":{"type":"LineString","coordinates":[[-87.806998,41.897895],[-87.807103,41.897892],[-87.808319,41.897865],[-87.808619,41.897858]]},"properties":{"name":"Augusta Street","highway":"residential"}},{"type":"Feature","id":527,"geometry":{"type":"LineString","coordinates":[[-87.808619,41.897858],[-87.810236,41.897821],[-87.810558,41.897814],[-87.811153,41.897801],[-87.811762,41.897787],[-87.811863,41.897785],[-87.811982,41.897782],[-87.813382,41.897753],[-87.813479,41.89775],[-87.813597,41.897748],[-87.814423,41.897727],[-87.814829,41.897717],[-87.814982,41.897713],[-87.815112,41.89771]]},"properties":{"name":"Augusta Street","highway":"residential"}},{"type":"Feature","id":528,"geometry":{"type":"LineString","coordinates":[[-87.805379,41.897906],[-87.805267,41.897888],[-87.805208,41.897879],[-87.804668,41.897889],[-87.803989,41.897901],[-87.803858,41.897903]]},"properties":{"name":"Augusta Street","highway":"tertiary"}},{"type":"Feature","id":529,"geometry":{"type":"LineString","coordinates":[[-87.794765,41.898066],[-87.794883,41.898064],[-87.795518,41.898052],[-87.796164,41.898041],[-87.796269,41.898039]]},"properties":{"name":"Augusta Street","highway":"tertiary"}},{"type":"Feature","id":530,"geometry":{"type":"LineString","coordinates":[[-87.796269,41.898039],[-87.796377,41.898037],[-87.797025,41.898025],[-87.797674,41.898014],[-87.797775,41.898012]]},"properties":{"name":"Augusta Street","highway":"tertiary"}},{"type":"Feature","id":531,"geometry":{"type":"LineString","coordinates":[[-87.797775,41.898012],[-87.797881,41.89801],[-87.798527,41.897998],[-87.798646,41.897996],[-87.799157,41.897987],[-87.799257,41.897985]]},"properties":{"name":"Augusta Street","highway":"tertiary"}},{"type":"Feature","id":532,"geometry":{"type":"LineString","coordinates":[[-87.799257,41.897985],[-87.79937,41.897983],[-87.800629,41.89796],[-87.800778,41.897958]]},"properties":{"name":"Augusta Street","highway":"tertiary"}},{"type":"Feature","id":533,"geometry":{"type":"LineString","coordinates":[[-87.800778,41.897958],[-87.800888,41.897956],[-87.801949,41.897937],[-87.802048,41.897936]]},"properties":{"name":"Augusta Street","highway":"tertiary"}},{"type":"Feature","id":534,"geometry":{"type":"LineString","coordinates":[[-87.802048,41.897936],[-87.802325,41.897931]]},"properties":{"name":"Augusta Street","highway":"tertiary"}},{"type":"Feature","id":535,"geometry":{"type":"LineString","coordinates":[[-87.802325,41.897931],[-87.802453,41.897928],[-87.80327,41.897914],[-87.803373,41.897912]]},"properties":{"name":"Augusta Street","highway":"tertiary"}},{"type":"Feature","id":536,"geometry":{"type":"LineString","coordinates":[[-87.803373,41.897912],[-87.803488,41.89791],[-87.803858,41.897903]]},"properties":{"name":"Augusta Street","highway":"tertiary"}},{"type":"Feature","id":537,"geometry":{"type":"LineString","coordinates":[[-87.775245,41.898363],[-87.775371,41.898361],[-87.775856,41.898354],[-87.776461,41.898343]]},"properties":{"name":"Augusta Street","highway":"tertiary"}},{"type":"Feature","id":538,"geometry":{"type":"LineString","coordinates":[[-87.776461,41.898343],[-87.776869,41.898337]]},"properties":{"name":"Augusta Street","highway":"tertiary"}},{"type":"Feature","id":539,"geometry":{"type":"LineString","coordinates":[[-87.776869,41.898337],[-87.777077,41.898333],[-87.777685,41.898324]]},"properties":{"name":"Augusta Street","highway":"tertiary"}},{"type":"Feature","id":540,"geometry":{"type":"LineString","coordinates":[[-87.777685,41.898324],[-87.777776,41.898322],[-87.7783,41.898314],[-87.778501,41.898311]]},"properties":{"name":"Augusta Street","highway":"tertiary"}},{"type":"Feature","id":541,"geometry":{"type":"LineString","coordinates":[[-87.778501,41.898311],[-87.778795,41.898306],[-87.778902,41.898305]]},"properties":{"name":"Augusta Street","highway":"tertiary"}},{"type":"Feature","id":542,"geometry":{"type":"LineString","coordinates":[[-87.778902,41.898305],[-87.779005,41.898303],[-87.779298,41.898298],[-87.77952,41.898295],[-87.780007,41.898287],[-87.780114,41.898285]]},"properties":{"name":"Augusta Street","highway":"tertiary"}},{"type":"Feature","id":543,"geometry":{"type":"LineString","coordinates":[[-87.780114,41.898285],[-87.780256,41.898283],[-87.780933,41.898272],[-87.781618,41.898261],[-87.781745,41.898259]]},"properties":{"name":"Augusta Street","highway":"tertiary"}},{"type":"Feature","id":544,"geometry":{"type":"LineString","coordinates":[[-87.781745,41.898259],[-87.781883,41.898257],[-87.78255,41.898246],[-87.782611,41.898246],[-87.782873,41.898241],[-87.783242,41.898236],[-87.783377,41.898233]]},"properties":{"name":"Augusta Street","highway":"tertiary"}},{"type":"Feature","id":545,"geometry":{"type":"LineString","coordinates":[[-87.783377,41.898233],[-87.783508,41.898231],[-87.784185,41.898221],[-87.784865,41.89821],[-87.784999,41.898208]]},"properties":{"name":"Augusta Street","highway":"tertiary"}},{"type":"Feature","id":546,"geometry":{"type":"LineString","coordinates":[[-87.774517,41.876426],[-87.774513,41.876327],[-87.774506,41.876123],[-87.774404,41.873417],[-87.774385,41.872933],[-87.774383,41.872861],[-87.774379,41.872775]]},"properties":{"name":"South Austin Boulevard","highway":"tertiary"}},{"type":"Feature","id":547,"geometry":{"type":"LineString","coordinates":[[-87.774288,41.870415],[-87.774292,41.870511],[-87.77431,41.870949],[-87.774312,41.871006],[-87.774314,41.871046],[-87.774317,41.871119],[-87.774319,41.871163],[-87.774327,41.871396],[-87.774359,41.872239],[-87.774367,41.872434],[-87.774374,41.872635],[-87.774377,41.872699],[-87.774379,41.872775]]},"properties":{"name":"South Austin Boulevard","highway":"tertiary"}},{"type":"Feature","id":548,"geometry":{"type":"LineString","coordinates":[[-87.774195,41.867289],[-87.774198,41.867376],[-87.774247,41.869042],[-87.774249,41.869085]]},"properties":{"name":"South Austin Boulevard","highway":"tertiary"}},{"type":"Feature","id":549,"geometry":{"type":"LineString","coordinates":[[-87.774249,41.869085],[-87.77425,41.869135]]},"properties":{"name":"South Austin Boulevard","highway":"tertiary"}},{"type":"Feature","id":550,"geometry":{"type":"LineString","coordinates":[[-87.77425,41.869135],[-87.774252,41.869205],[-87.774275,41.869956],[-87.774275,41.86998],[-87.774282,41.870189],[-87.774286,41.870348],[-87.774288,41.870415]]},"properties":{"name":"South Austin Boulevard","highway":"tertiary"}},{"type":"Feature","id":551,"geometry":{"type":"LineString","coordinates":[[-87.774195,41.867289],[-87.774193,41.867214],[-87.774145,41.86592],[-87.774143,41.865825],[-87.774135,41.865564],[-87.774132,41.865461]]},"properties":{"name":"South Austin Boulevard","highway":"tertiary"}},{"type":"Feature","id":552,"geometry":{"type":"LineString","coordinates":[[-87.774655,41.880034],[-87.774659,41.880143]]},"properties":{"name":"South Austin Boulevard","highway":"tertiary"}},{"type":"Feature","id":553,"geometry":{"type":"LineString","coordinates":[[-87.774562,41.877611],[-87.774564,41.877685],[-87.774631,41.879413],[-87.774636,41.879559],[-87.774642,41.879708],[-87.774648,41.879869],[-87.774651,41.879942],[-87.774655,41.880034]]},"properties":{"name":"South Austin Boulevard","highway":"tertiary"}},{"type":"Feature","id":554,"geometry":{"type":"LineString","coordinates":[[-87.774132,41.865461],[-87.774131,41.865382],[-87.774119,41.865008],[-87.774104,41.86444],[-87.774084,41.86372],[-87.774082,41.863642]]},"properties":{"name":"South Austin Boulevard","highway":"tertiary"}},{"type":"Feature","id":555,"geometry":{"type":"LineString","coordinates":[[-87.774082,41.863642],[-87.77408,41.863561],[-87.774034,41.861901],[-87.774032,41.86181]]},"properties":{"name":"South Austin Boulevard","highway":"tertiary"}},{"type":"Feature","id":556,"geometry":{"type":"LineString","coordinates":[[-87.774562,41.877611],[-87.774559,41.877532],[-87.77453,41.87677],[-87.774521,41.876525],[-87.774517,41.876426]]},"properties":{"name":"South Austin Boulevard","highway":"tertiary"}},{"type":"Feature","id":557,"geometry":{"type":"LineString","coordinates":[[-87.786918,41.879945],[-87.786913,41.879813]]},"properties":{"name":"South Gunderson Avenue","highway":"residential"}},{"type":"Feature","id":558,"geometry":{"type":"LineString","coordinates":[[-87.786913,41.879813],[-87.786911,41.879737],[-87.786899,41.879365],[-87.78686,41.878146],[-87.786856,41.878051]]},"properties":{"name":"South Gunderson Avenue","highway":"residential"}},{"type":"Feature","id":559,"geometry":{"type":"LineString","coordinates":[[-87.786856,41.878051],[-87.786854,41.877984],[-87.7868,41.87632],[-87.786798,41.876234]]},"properties":{"name":"South Gunderson Avenue","highway":"residential"}},{"type":"Feature","id":560,"geometry":{"type":"LineString","coordinates":[[-87.786798,41.876234],[-87.786795,41.876163],[-87.786742,41.874497],[-87.786738,41.874405]]},"properties":{"name":"South Gunderson Avenue","highway":"residential"}},{"type":"Feature","id":561,"geometry":{"type":"LineString","coordinates":[[-87.786738,41.874405],[-87.786736,41.874338],[-87.786694,41.873039],[-87.786682,41.87267],[-87.78668,41.872591]]},"properties":{"name":"South Gunderson Avenue","highway":"residential"}},{"type":"Feature","id":562,"geometry":{"type":"LineString","coordinates":[[-87.78654,41.868939],[-87.786537,41.868862],[-87.786468,41.867192],[-87.786466,41.867114]]},"properties":{"name":"South Gunderson Avenue","highway":"residential"}},{"type":"Feature","id":563,"geometry":{"type":"LineString","coordinates":[[-87.786466,41.867114],[-87.786463,41.867033],[-87.786429,41.865857]]},"properties":{"name":"South Gunderson Avenue","highway":"residential"}},{"type":"Feature","id":564,"geometry":{"type":"LineString","coordinates":[[-87.786417,41.865736],[-87.786415,41.865683],[-87.786405,41.865371],[-87.786402,41.865286]]},"properties":{"name":"South Gunderson Avenue","highway":"residential"}},{"type":"Feature","id":565,"geometry":{"type":"LineString","coordinates":[[-87.78661,41.871401],[-87.786609,41.871364],[-87.786542,41.869021],[-87.78654,41.868939]]},"properties":{"name":"South Gunderson Avenue","highway":"residential"}},{"type":"Feature","id":566,"geometry":{"type":"LineString","coordinates":[[-87.786292,41.886952],[-87.78629,41.886878],[-87.786281,41.886626],[-87.786276,41.886445],[-87.786236,41.885257],[-87.786233,41.885173]]},"properties":{"name":"South Elmwood Avenue","highway":"residential"}},{"type":"Feature","id":567,"geometry":{"type":"LineString","coordinates":[[-87.786233,41.885173],[-87.786231,41.8851],[-87.786179,41.883519],[-87.786175,41.883398]]},"properties":{"name":"South Elmwood Avenue","highway":"residential"}},{"type":"Feature","id":568,"geometry":{"type":"LineString","coordinates":[[-87.786175,41.883398],[-87.786171,41.8833],[-87.786136,41.882231],[-87.786121,41.881791],[-87.786118,41.881682]]},"properties":{"name":"South Elmwood Avenue","highway":"residential"}},{"type":"Feature","id":569,"geometry":{"type":"LineString","coordinates":[[-87.786118,41.881682],[-87.786115,41.881591],[-87.7861,41.881145],[-87.786096,41.880951],[-87.786087,41.880545]]},"properties":{"name":"South Elmwood Avenue","highway":"residential"}},{"type":"Feature","id":570,"geometry":{"type":"LineString","coordinates":[[-87.785693,41.879963],[-87.785689,41.879835]]},"properties":{"name":"South Elmwood Avenue","highway":"residential"}},{"type":"Feature","id":571,"geometry":{"type":"LineString","coordinates":[[-87.785689,41.879835],[-87.785686,41.879759],[-87.785683,41.879676],[-87.785629,41.878166],[-87.785625,41.87807]]},"properties":{"name":"South Elmwood Avenue","highway":"residential"}},{"type":"Feature","id":572,"geometry":{"type":"LineString","coordinates":[[-87.785625,41.87807],[-87.785623,41.87801],[-87.785563,41.876343],[-87.78556,41.876256]]},"properties":{"name":"South Elmwood Avenue","highway":"residential"}},{"type":"Feature","id":573,"geometry":{"type":"LineString","coordinates":[[-87.78556,41.876256],[-87.785557,41.876188],[-87.785497,41.874519],[-87.785494,41.874425]]},"properties":{"name":"South Elmwood Avenue","highway":"residential"}},{"type":"Feature","id":574,"geometry":{"type":"LineString","coordinates":[[-87.785494,41.874425],[-87.785492,41.874359],[-87.785448,41.872695],[-87.785445,41.87261]]},"properties":{"name":"South Elmwood Avenue","highway":"residential"}},{"type":"Feature","id":575,"geometry":{"type":"LineString","coordinates":[[-87.785445,41.87261],[-87.785443,41.872538],[-87.785439,41.872386],[-87.78542,41.872301]]},"properties":{"name":"South Elmwood Avenue","highway":"residential"}},{"type":"Feature","id":576,"geometry":{"type":"LineString","coordinates":[[-87.785377,41.871296],[-87.785376,41.87126],[-87.785313,41.869041],[-87.785311,41.868958]]},"properties":{"name":"South Elmwood Avenue","highway":"residential"}},{"type":"Feature","id":577,"geometry":{"type":"LineString","coordinates":[[-87.785311,41.868958],[-87.785308,41.868882],[-87.785252,41.867213],[-87.785249,41.867136]]},"properties":{"name":"South Elmwood Avenue","highway":"residential"}},{"type":"Feature","id":578,"geometry":{"type":"LineString","coordinates":[[-87.785249,41.867136],[-87.785246,41.867053],[-87.785206,41.86589]]},"properties":{"name":"South Elmwood Avenue","highway":"residential"}},{"type":"Feature","id":579,"geometry":{"type":"LineString","coordinates":[[-87.785193,41.865758],[-87.785181,41.865392],[-87.785179,41.865308]]},"properties":{"name":"South Elmwood Avenue","highway":"residential"}},{"type":"Feature","id":580,"geometry":{"type":"LineString","coordinates":[[-87.791334,41.916357],[-87.791332,41.916271],[-87.791284,41.91461],[-87.791282,41.914525],[-87.791279,41.914451],[-87.791224,41.91279],[-87.791222,41.912711],[-87.791219,41.912631],[-87.791178,41.910969],[-87.791175,41.91089]]},"properties":{"name":"North Natoma Avenue","highway":"residential"}},{"type":"Feature","id":581,"geometry":{"type":"LineString","coordinates":[[-87.791175,41.91089],[-87.791172,41.910809],[-87.791125,41.90957],[-87.791119,41.909387],[-87.791116,41.909304],[-87.791111,41.909198],[-87.791106,41.909072]]},"properties":{"name":"North Natoma Avenue","highway":"residential"}},{"type":"Feature","id":582,"geometry":{"type":"LineString","coordinates":[[-87.809908,41.923451],[-87.809894,41.922996],[-87.80985,41.921639],[-87.809792,41.919794],[-87.80979,41.919714],[-87.809737,41.918045],[-87.809734,41.91796],[-87.809732,41.917886],[-87.809679,41.916218],[-87.809676,41.916129],[-87.809674,41.916055],[-87.809621,41.914387],[-87.809618,41.914302],[-87.809618,41.914235],[-87.809563,41.912556],[-87.809562,41.91251],[-87.80956,41.912455],[-87.809558,41.912399],[-87.809505,41.910733],[-87.809503,41.910651]]},"properties":{"name":"North 73rd Court","highway":"residential"}},{"type":"Feature","id":583,"geometry":{"type":"LineString","coordinates":[[-87.809503,41.910651],[-87.8095,41.910572],[-87.809468,41.909545],[-87.809466,41.909458],[-87.809463,41.909322],[-87.809457,41.909061],[-87.809454,41.908943],[-87.809451,41.90882]]},"properties":{"name":"North 73rd Court","highway":"residential"}},{"type":"Feature","id":584,"geometry":{"type":"LineString","coordinates":[[-87.775099,41.893806],[-87.775,41.893807],[-87.772366,41.893832],[-87.772263,41.893833]]},"properties":{"name":"West Superior Street","highway":"residential"}},{"type":"Feature","id":585,"geometry":{"type":"LineString","coordinates":[[-87.772263,41.893833],[-87.772158,41.893834],[-87.770213,41.893853],[-87.770104,41.893854]]},"properties":{"name":"West Superior Street","highway":"residential"}},{"type":"Feature","id":586,"geometry":{"type":"LineString","coordinates":[[-87.770104,41.893854],[-87.770003,41.893855],[-87.768024,41.893873],[-87.767905,41.893875]]},"properties":{"name":"West Superior Street","highway":"residential"}},{"type":"Feature","id":587,"geometry":{"type":"LineString","coordinates":[[-87.808486,41.887792],[-87.808561,41.88779],[-87.809573,41.887767],[-87.809689,41.887764],[-87.809792,41.887762]]},"properties":{"name":"Garden Street","highway":"residential"}},{"type":"Feature","id":588,"geometry":{"type":"LineString","coordinates":[[-87.781694,41.87082],[-87.781692,41.870761],[-87.781635,41.869093],[-87.781633,41.869016]]},"properties":{"name":"South Highland Avenue","highway":"residential"}},{"type":"Feature","id":589,"geometry":{"type":"LineString","coordinates":[[-87.781633,41.869016],[-87.78163,41.868935],[-87.781573,41.867269],[-87.78157,41.86719]]},"properties":{"name":"South Highland Avenue","highway":"residential"}},{"type":"Feature","id":590,"geometry":{"type":"LineString","coordinates":[[-87.78157,41.86719],[-87.781568,41.867106],[-87.781524,41.865817],[-87.78152,41.865703],[-87.781514,41.865541],[-87.781511,41.865448],[-87.781508,41.865363]]},"properties":{"name":"South Highland Avenue","highway":"residential"}},{"type":"Feature","id":591,"geometry":{"type":"LineString","coordinates":[[-87.782004,41.880023],[-87.782,41.8799]]},"properties":{"name":"South Highland Avenue","highway":"residential"}},{"type":"Feature","id":592,"geometry":{"type":"LineString","coordinates":[[-87.782,41.8799],[-87.781997,41.879816],[-87.781993,41.879686],[-87.781983,41.879477],[-87.781942,41.878194],[-87.78194,41.878125]]},"properties":{"name":"South Highland Avenue","highway":"residential"}},{"type":"Feature","id":593,"geometry":{"type":"LineString","coordinates":[[-87.78194,41.878125],[-87.781936,41.878036],[-87.781868,41.876401],[-87.781864,41.876312]]},"properties":{"name":"South Highland Avenue","highway":"residential"}},{"type":"Feature","id":594,"geometry":{"type":"LineString","coordinates":[[-87.781864,41.876312],[-87.781861,41.876239],[-87.78181,41.874572],[-87.781807,41.874484]]},"properties":{"name":"South Highland Avenue","highway":"residential"}},{"type":"Feature","id":595,"geometry":{"type":"LineString","coordinates":[[-87.781807,41.874484],[-87.781805,41.874416],[-87.781752,41.87275],[-87.78175,41.872665]]},"properties":{"name":"South Highland Avenue","highway":"residential"}},{"type":"Feature","id":596,"geometry":{"type":"LineString","coordinates":[[-87.78175,41.872665],[-87.781749,41.872587],[-87.781745,41.87221],[-87.781736,41.871951],[-87.78173,41.871932],[-87.781721,41.871909],[-87.781697,41.87187]]},"properties":{"name":"South Highland Avenue","highway":"residential"}},{"type":"Feature","id":597,"geometry":{"type":"LineString","coordinates":[[-87.812792,41.881417],[-87.812692,41.881419],[-87.811845,41.881437],[-87.811417,41.881445],[-87.810638,41.881461],[-87.810341,41.881467],[-87.809967,41.881473],[-87.809833,41.881478],[-87.809183,41.881491],[-87.809093,41.881493]]},"properties":{"name":"Washington Street","highway":"residential"}},{"type":"Feature","id":598,"geometry":{"type":"LineString","coordinates":[[-87.804787,41.881398],[-87.804932,41.881395],[-87.805037,41.881393],[-87.805291,41.881387],[-87.805441,41.881384],[-87.805996,41.881372],[-87.806088,41.88137]]},"properties":{"name":"Washington Street","highway":"residential"}},{"type":"Feature","id":599,"geometry":{"type":"LineString","coordinates":[[-87.806088,41.88137],[-87.806207,41.881367],[-87.806762,41.881355],[-87.807308,41.881343],[-87.80741,41.881341]]},"properties":{"name":"Washington Street","highway":"residential"}},{"type":"Feature","id":600,"geometry":{"type":"LineString","coordinates":[[-87.777685,41.898324],[-87.777687,41.898406],[-87.777737,41.900067],[-87.777739,41.900142]]},"properties":{"name":"North Taylor Avenue","highway":"residential"}},{"type":"Feature","id":601,"geometry":{"type":"LineString","coordinates":[[-87.777739,41.900142],[-87.777742,41.900228],[-87.777798,41.901864],[-87.777797,41.901871],[-87.777795,41.901878],[-87.77779,41.90189],[-87.777785,41.901896],[-87.777772,41.901911],[-87.777761,41.901922],[-87.77774,41.901939],[-87.777707,41.901958]]},"properties":{"name":"North Taylor Avenue","highway":"residential"}},{"type":"Feature","id":602,"geometry":{"type":"LineString","coordinates":[[-87.777807,41.901955],[-87.777809,41.902071],[-87.777863,41.903807],[-87.777865,41.903883]]},"properties":{"name":"North Taylor Avenue","highway":"residential"}},{"type":"Feature","id":603,"geometry":{"type":"LineString","coordinates":[[-87.777865,41.903883],[-87.777869,41.903966],[-87.777939,41.905779],[-87.777942,41.905852]]},"properties":{"name":"North Taylor Avenue","highway":"residential"}},{"type":"Feature","id":604,"geometry":{"type":"LineString","coordinates":[[-87.778181,41.888122],[-87.778183,41.888227],[-87.778195,41.88866],[-87.778197,41.888737],[-87.778233,41.89005],[-87.778242,41.890374],[-87.778244,41.890443]]},"properties":{"name":"North Taylor Avenue","highway":"residential"}},{"type":"Feature","id":605,"geometry":{"type":"LineString","coordinates":[[-87.778244,41.890443],[-87.778246,41.890535],[-87.778283,41.891734],[-87.778285,41.891802]]},"properties":{"name":"North Taylor Avenue","highway":"residential"}},{"type":"Feature","id":606,"geometry":{"type":"LineString","coordinates":[[-87.778285,41.891802],[-87.778288,41.891894],[-87.778323,41.893103],[-87.778325,41.893187]]},"properties":{"name":"North Taylor Avenue","highway":"residential"}},{"type":"Feature","id":607,"geometry":{"type":"LineString","coordinates":[[-87.778325,41.893187],[-87.778328,41.893267],[-87.778353,41.894113],[-87.778366,41.894543],[-87.778367,41.894568],[-87.778371,41.894664]]},"properties":{"name":"North Taylor Avenue","highway":"residential"}},{"type":"Feature","id":608,"geometry":{"type":"LineString","coordinates":[[-87.778371,41.894664],[-87.778373,41.894768],[-87.778374,41.894799],[-87.778375,41.894844],[-87.778387,41.895204],[-87.778425,41.896406],[-87.778427,41.896478]]},"properties":{"name":"North Taylor Avenue","highway":"residential"}},{"type":"Feature","id":609,"geometry":{"type":"LineString","coordinates":[[-87.778427,41.896478],[-87.778431,41.89657],[-87.778498,41.89823],[-87.778501,41.898311]]},"properties":{"name":"North Taylor Avenue","highway":"residential"}},{"type":"Feature","id":610,"geometry":{"type":"LineString","coordinates":[[-87.778092,41.90585],[-87.778095,41.90594],[-87.778131,41.906963],[-87.778144,41.907337],[-87.778145,41.907381]]},"properties":{"name":"North Taylor Avenue","highway":"residential"}},{"type":"Feature","id":611,"geometry":{"type":"LineString","coordinates":[[-87.778145,41.907381],[-87.77815,41.907506]]},"properties":{"name":"North Taylor Avenue","highway":"residential"}},{"type":"Feature","id":612,"geometry":{"type":"LineString","coordinates":[[-87.77815,41.907506],[-87.778152,41.907562],[-87.778165,41.907944],[-87.778193,41.908726],[-87.778206,41.909102],[-87.77821,41.909227]]},"properties":{"name":"North Taylor Avenue","highway":"residential"}},{"type":"Feature","id":613,"geometry":{"type":"LineString","coordinates":[[-87.808698,41.88046],[-87.808798,41.880457],[-87.809033,41.880453],[-87.809299,41.880447],[-87.809402,41.880445],[-87.811127,41.880411],[-87.811177,41.88041]]},"properties":{"name":"Warren Avenue","highway":"residential"}},{"type":"Feature","id":614,"geometry":{"type":"LineString","coordinates":[[-87.77293,41.877638],[-87.772933,41.87772],[-87.772997,41.87944],[-87.773001,41.879557],[-87.773015,41.87993],[-87.773017,41.879972],[-87.773021,41.880063]]},"properties":{"name":"South Mason Avenue","highway":"residential"}},{"type":"Feature","id":615,"geometry":{"type":"LineString","coordinates":[[-87.77307,41.870329],[-87.773068,41.870266],[-87.773031,41.869219],[-87.773028,41.869149]]},"properties":{"name":"South Mason Avenue","highway":"residential"}},{"type":"Feature","id":616,"geometry":{"type":"LineString","coordinates":[[-87.773028,41.869149],[-87.773025,41.86906],[-87.772966,41.86739],[-87.772963,41.867311]]},"properties":{"name":"South Mason Avenue","highway":"residential"}},{"type":"Feature","id":617,"geometry":{"type":"LineString","coordinates":[[-87.772963,41.867311],[-87.772961,41.86723],[-87.772922,41.865935],[-87.772911,41.865579],[-87.772908,41.865479]]},"properties":{"name":"South Mason Avenue","highway":"residential"}},{"type":"Feature","id":618,"geometry":{"type":"LineString","coordinates":[[-87.773021,41.880063],[-87.773024,41.88017]]},"properties":{"name":"South Mason Avenue","highway":"residential"}},{"type":"Feature","id":619,"geometry":{"type":"LineString","coordinates":[[-87.796027,41.854114],[-87.796085,41.855931],[-87.796087,41.856007],[-87.79609,41.856093],[-87.79613,41.857398],[-87.796142,41.85776],[-87.796144,41.857841],[-87.796147,41.857922],[-87.796198,41.859578],[-87.796201,41.859654],[-87.796203,41.859739],[-87.796255,41.861397],[-87.796258,41.861473],[-87.79626,41.861558],[-87.7963,41.862841],[-87.796312,41.863214],[-87.796315,41.863301]]},"properties":{"name":"Kenilworth Avenue","highway":"residential"}},{"type":"Feature","id":620,"geometry":{"type":"LineString","coordinates":[[-87.796315,41.863301],[-87.796317,41.863377],[-87.796357,41.864663],[-87.796369,41.865032],[-87.796372,41.86512]]},"properties":{"name":"Kenilworth Avenue","highway":"residential"}},{"type":"Feature","id":621,"geometry":{"type":"LineString","coordinates":[[-87.801976,41.891238],[-87.802651,41.891223],[-87.80272,41.891221],[-87.802816,41.89122],[-87.803216,41.891213],[-87.803286,41.891212],[-87.80406,41.8912],[-87.804281,41.891197]]},"properties":{"name":"Ontario Court","highway":"service"}},{"type":"Feature","id":622,"geometry":{"type":"LineString","coordinates":[[-87.781462,41.863536],[-87.78146,41.863456],[-87.781408,41.861794],[-87.781405,41.861703],[-87.781403,41.861631],[-87.781356,41.859966],[-87.781354,41.85988],[-87.781352,41.859804],[-87.781305,41.858141],[-87.781302,41.858057],[-87.7813,41.857978],[-87.781253,41.856307],[-87.781251,41.856221],[-87.781249,41.856149],[-87.781204,41.854521],[-87.781203,41.854469],[-87.781193,41.854178],[-87.781192,41.854139],[-87.781147,41.852568],[-87.781145,41.852496],[-87.781115,41.851426],[-87.781112,41.851318],[-87.781102,41.850951],[-87.781098,41.850805]]},"properties":{"name":"Highland Avenue","highway":"residential"}},{"type":"Feature","id":623,"geometry":{"type":"LineString","coordinates":[[-87.781493,41.865253],[-87.781487,41.864906],[-87.781464,41.863619],[-87.781462,41.863536]]},"properties":{"name":"Highland Avenue","highway":"residential"}},{"type":"Feature","id":624,"geometry":{"type":"LineString","coordinates":[[-87.791443,41.888543],[-87.791438,41.888447],[-87.791413,41.887892]]},"properties":{"name":"North Francisco Terrace","highway":"service"}},{"type":"Feature","id":625,"geometry":{"type":"LineString","coordinates":[[-87.783063,41.888265],[-87.783064,41.888176],[-87.783068,41.888083],[-87.783062,41.887523],[-87.783058,41.887478]]},"properties":{"name":"Cuyler Avenue","highway":"unclassified"}},{"type":"Feature","id":626,"geometry":{"type":"LineString","coordinates":[[-87.782428,41.854435],[-87.78243,41.854503],[-87.782475,41.856203],[-87.782477,41.856293],[-87.782521,41.857959],[-87.782523,41.858039],[-87.782525,41.858124],[-87.782569,41.859788],[-87.782571,41.859862],[-87.782574,41.859951],[-87.782618,41.861622],[-87.782619,41.861684],[-87.782622,41.861774],[-87.782666,41.86344],[-87.782668,41.863517]]},"properties":{"name":"Cuyler Avenue","highway":"residential"}},{"type":"Feature","id":627,"geometry":{"type":"LineString","coordinates":[[-87.782668,41.863517],[-87.78267,41.863601],[-87.782704,41.864887],[-87.782704,41.864893],[-87.782713,41.865232],[-87.782715,41.865268],[-87.782719,41.865347]]},"properties":{"name":"Cuyler Avenue","highway":"residential"}},{"type":"Feature","id":628,"geometry":{"type":"LineString","coordinates":[[-87.772937,41.902032],[-87.77294,41.902121],[-87.772949,41.902422],[-87.772951,41.902492],[-87.772991,41.903773],[-87.772993,41.903844]]},"properties":{"name":"North Mayfield Avenue","highway":"residential"}},{"type":"Feature","id":629,"geometry":{"type":"LineString","coordinates":[[-87.772993,41.903844],[-87.772996,41.903933],[-87.773051,41.905586],[-87.773054,41.90567]]},"properties":{"name":"North Mayfield Avenue","highway":"residential"}},{"type":"Feature","id":630,"geometry":{"type":"LineString","coordinates":[[-87.773054,41.90567],[-87.773056,41.905743],[-87.773118,41.907398],[-87.773121,41.907472]]},"properties":{"name":"North Mayfield Avenue","highway":"residential"}},{"type":"Feature","id":631,"geometry":{"type":"LineString","coordinates":[[-87.773121,41.907472],[-87.773122,41.907558],[-87.773152,41.908782],[-87.773158,41.908922],[-87.773161,41.909164],[-87.773164,41.909289]]},"properties":{"name":"North Mayfield Avenue","highway":"residential"}},{"type":"Feature","id":632,"geometry":{"type":"LineString","coordinates":[[-87.772706,41.909295],[-87.772711,41.909422],[-87.772724,41.909797],[-87.772768,41.911036],[-87.772771,41.911114]]},"properties":{"name":"North Mayfield Avenue","highway":"residential"}},{"type":"Feature","id":633,"geometry":{"type":"LineString","coordinates":[[-87.772771,41.911114],[-87.772774,41.911198],[-87.772833,41.912858],[-87.772835,41.912932],[-87.772839,41.913018],[-87.772881,41.914203],[-87.772883,41.914274]]},"properties":{"name":"North Mayfield Avenue","highway":"residential"}},{"type":"Feature","id":634,"geometry":{"type":"LineString","coordinates":[[-87.772023,41.887117],[-87.772019,41.887056],[-87.772004,41.886606],[-87.771974,41.885702],[-87.77197,41.885615]]},"properties":{"name":"North Mayfield Avenue","highway":"residential"}},{"type":"Feature","id":635,"geometry":{"type":"LineString","coordinates":[[-87.77197,41.885615],[-87.771968,41.885545],[-87.771924,41.884243],[-87.771922,41.884169]]},"properties":{"name":"North Mayfield Avenue","highway":"residential"}},{"type":"Feature","id":636,"geometry":{"type":"LineString","coordinates":[[-87.771922,41.884169],[-87.77192,41.884107],[-87.771917,41.884028]]},"properties":{"name":"North Mayfield Avenue","highway":"residential"}},{"type":"Feature","id":637,"geometry":{"type":"LineString","coordinates":[[-87.771917,41.884028],[-87.771915,41.883969],[-87.771872,41.882695],[-87.771857,41.882252],[-87.771854,41.882142]]},"properties":{"name":"North Mayfield Avenue","highway":"residential"}},{"type":"Feature","id":638,"geometry":{"type":"LineString","coordinates":[[-87.771854,41.882142],[-87.771851,41.882056],[-87.771835,41.881605],[-87.771805,41.880702],[-87.771791,41.880293],[-87.771788,41.880191]]},"properties":{"name":"North Mayfield Avenue","highway":"residential"}},{"type":"Feature","id":639,"geometry":{"type":"LineString","coordinates":[[-87.771788,41.880191],[-87.771784,41.880084]]},"properties":{"name":"North Mayfield Avenue","highway":"residential"}},{"type":"Feature","id":640,"geometry":{"type":"LineString","coordinates":[[-87.772298,41.89475],[-87.772295,41.894674],[-87.77228,41.894295],[-87.772267,41.893935],[-87.772263,41.893833]]},"properties":{"name":"North Mayfield Avenue","highway":"residential"}},{"type":"Feature","id":641,"geometry":{"type":"LineString","coordinates":[[-87.772263,41.893833],[-87.772259,41.893733],[-87.772245,41.893357],[-87.77223,41.892954],[-87.772225,41.892841]]},"properties":{"name":"North Mayfield Avenue","highway":"residential"}},{"type":"Feature","id":642,"geometry":{"type":"LineString","coordinates":[[-87.772225,41.892841],[-87.772222,41.892755],[-87.772207,41.892368],[-87.772194,41.892014],[-87.77219,41.891919]]},"properties":{"name":"North Mayfield Avenue","highway":"residential"}},{"type":"Feature","id":643,"geometry":{"type":"LineString","coordinates":[[-87.77219,41.891919],[-87.772186,41.891815],[-87.772173,41.89146],[-87.77216,41.891114],[-87.772157,41.891037]]},"properties":{"name":"North Mayfield Avenue","highway":"residential"}},{"type":"Feature","id":644,"geometry":{"type":"LineString","coordinates":[[-87.772157,41.891037],[-87.772154,41.890956],[-87.77214,41.890591],[-87.772139,41.890559],[-87.772124,41.89016],[-87.772119,41.890046]]},"properties":{"name":"North Mayfield Avenue","highway":"residential"}},{"type":"Feature","id":645,"geometry":{"type":"LineString","coordinates":[[-87.772119,41.890046],[-87.772115,41.889945],[-87.7721,41.889527],[-87.772088,41.889093],[-87.772086,41.889034]]},"properties":{"name":"North Mayfield Avenue","highway":"residential"}},{"type":"Feature","id":646,"geometry":{"type":"LineString","coordinates":[[-87.772055,41.887941],[-87.772049,41.887832],[-87.772048,41.887806],[-87.772041,41.887576]]},"properties":{"name":"North Mayfield Avenue","highway":"residential"}},{"type":"Feature","id":647,"geometry":{"type":"LineString","coordinates":[[-87.772027,41.887187],[-87.771993,41.88725],[-87.771998,41.887525],[-87.772041,41.887576]]},"properties":{"name":"North Mayfield Avenue","highway":"residential"}},{"type":"Feature","id":648,"geometry":{"type":"LineString","coordinates":[[-87.772298,41.89475],[-87.772301,41.894854],[-87.772312,41.895205],[-87.772323,41.895569],[-87.772326,41.89566]]},"properties":{"name":"North Mayfield Avenue","highway":"residential"}},{"type":"Feature","id":649,"geometry":{"type":"LineString","coordinates":[[-87.772326,41.89566],[-87.772329,41.895763],[-87.77234,41.896116],[-87.772351,41.896477],[-87.772354,41.896574]]},"properties":{"name":"North Mayfield Avenue","highway":"residential"}},{"type":"Feature","id":650,"geometry":{"type":"LineString","coordinates":[[-87.772354,41.896574],[-87.772357,41.896675],[-87.772368,41.897025],[-87.772379,41.897387],[-87.772383,41.897483]]},"properties":{"name":"North Mayfield Avenue","highway":"residential"}},{"type":"Feature","id":651,"geometry":{"type":"LineString","coordinates":[[-87.772383,41.897483],[-87.772386,41.897588],[-87.772397,41.897937],[-87.772408,41.898298],[-87.772411,41.898401]]},"properties":{"name":"North Mayfield Avenue","highway":"residential"}},{"type":"Feature","id":652,"geometry":{"type":"LineString","coordinates":[[-87.772086,41.889034],[-87.772083,41.888945]]},"properties":{"name":"North Mayfield Avenue","highway":"residential"}},{"type":"Feature","id":653,"geometry":{"type":"LineString","coordinates":[[-87.772083,41.888945],[-87.772082,41.888879],[-87.772071,41.888506],[-87.77207,41.888448],[-87.772059,41.888065],[-87.772058,41.888038],[-87.772055,41.887941]]},"properties":{"name":"North Mayfield Avenue","highway":"residential"}},{"type":"Feature","id":654,"geometry":{"type":"LineString","coordinates":[[-87.772041,41.887576],[-87.772073,41.887523],[-87.772066,41.887269],[-87.772066,41.887248],[-87.772027,41.887187]]},"properties":{"name":"North Mayfield Avenue","highway":"residential"}},{"type":"Feature","id":655,"geometry":{"type":"LineString","coordinates":[[-87.772812,41.898395],[-87.772815,41.898495],[-87.772827,41.898846],[-87.772872,41.90014],[-87.772874,41.900211]]},"properties":{"name":"North Mayfield Avenue","highway":"residential"}},{"type":"Feature","id":656,"geometry":{"type":"LineString","coordinates":[[-87.772874,41.900211],[-87.772877,41.900299],[-87.772933,41.901932],[-87.772934,41.901958],[-87.772937,41.902032]]},"properties":{"name":"North Mayfield Avenue","highway":"residential"}},{"type":"Feature","id":657,"geometry":{"type":"LineString","coordinates":[[-87.772027,41.887187],[-87.772023,41.887117]]},"properties":{"name":"North Mayfield Avenue","highway":"residential"}},{"type":"Feature","id":658,"geometry":{"type":"LineString","coordinates":[[-87.809873,41.889587],[-87.809859,41.889047],[-87.809854,41.888872],[-87.809845,41.888545],[-87.809825,41.888456]]},"properties":{"name":"William Street","highway":"residential"}},{"type":"Feature","id":659,"geometry":{"type":"LineString","coordinates":[[-87.809873,41.889587],[-87.809914,41.890631],[-87.809917,41.890706]]},"properties":{"name":"William Street","highway":"residential"}},{"type":"Feature","id":660,"geometry":{"type":"LineString","coordinates":[[-87.809917,41.890706],[-87.80992,41.890796],[-87.809961,41.892005],[-87.809964,41.892084]]},"properties":{"name":"William Street","highway":"residential"}},{"type":"Feature","id":661,"geometry":{"type":"LineString","coordinates":[[-87.809964,41.892084],[-87.809967,41.89217],[-87.810029,41.894054]]},"properties":{"name":"William Street","highway":"residential"}},{"type":"Feature","id":662,"geometry":{"type":"LineString","coordinates":[[-87.809825,41.888456],[-87.809811,41.888381],[-87.809808,41.888363],[-87.809792,41.887762]]},"properties":{"name":"William Street","highway":"residential"}},{"type":"Feature","id":663,"geometry":{"type":"LineString","coordinates":[[-87.809792,41.887762],[-87.809788,41.887633],[-87.809783,41.887441],[-87.809776,41.88717],[-87.809774,41.887102]]},"properties":{"name":"William Street","highway":"residential"}},{"type":"Feature","id":664,"geometry":{"type":"LineString","coordinates":[[-87.801108,41.851249],[-87.801142,41.852184],[-87.801145,41.852265],[-87.801148,41.852348],[-87.801201,41.853834],[-87.801204,41.853926],[-87.801208,41.854034],[-87.801273,41.855853],[-87.801276,41.855932],[-87.801279,41.856015],[-87.801325,41.857307],[-87.801339,41.857683],[-87.801342,41.857766],[-87.801344,41.857841],[-87.801358,41.858225],[-87.801367,41.858469],[-87.801403,41.859496],[-87.801406,41.859574],[-87.801409,41.859659],[-87.801468,41.861311],[-87.801471,41.861392],[-87.801474,41.861472],[-87.801532,41.863125],[-87.801535,41.863215]]},"properties":{"name":"Wisconsin Avenue","highway":"residential"}},{"type":"Feature","id":665,"geometry":{"type":"LineString","coordinates":[[-87.801535,41.863215],[-87.801538,41.863287],[-87.801585,41.864575],[-87.801594,41.864845],[-87.801598,41.864941],[-87.801601,41.865036]]},"properties":{"name":"Wisconsin Avenue","highway":"residential"}},{"type":"Feature","id":666,"geometry":{"type":"LineString","coordinates":[[-87.802366,41.881446],[-87.802363,41.881362],[-87.802356,41.881169],[-87.802319,41.880084],[-87.802316,41.879985],[-87.802307,41.879729],[-87.802304,41.879642]]},"properties":{"name":"Wisconsin Avenue","highway":"residential"}},{"type":"Feature","id":667,"geometry":{"type":"LineString","coordinates":[[-87.802439,41.883272],[-87.802435,41.883174],[-87.802369,41.881524],[-87.802366,41.881446]]},"properties":{"name":"Wisconsin Avenue","highway":"residential"}},{"type":"Feature","id":668,"geometry":{"type":"LineString","coordinates":[[-87.792765,41.871918],[-87.792764,41.871877],[-87.792751,41.871502],[-87.792748,41.871426],[-87.792724,41.87074],[-87.792721,41.870663]]},"properties":{"name":"South Euclid Avenue","highway":"residential"}},{"type":"Feature","id":669,"geometry":{"type":"LineString","coordinates":[[-87.792721,41.870663],[-87.792718,41.870578],[-87.79266,41.868918],[-87.792657,41.86883]]},"properties":{"name":"South Euclid Avenue","highway":"residential"}},{"type":"Feature","id":670,"geometry":{"type":"LineString","coordinates":[[-87.792657,41.86883],[-87.792654,41.86875],[-87.792596,41.867086],[-87.792593,41.867007]]},"properties":{"name":"South Euclid Avenue","highway":"residential"}},{"type":"Feature","id":671,"geometry":{"type":"LineString","coordinates":[[-87.793012,41.879127],[-87.792959,41.878039],[-87.792955,41.87796]]},"properties":{"name":"South Euclid Avenue","highway":"residential"}},{"type":"Feature","id":672,"geometry":{"type":"LineString","coordinates":[[-87.792955,41.87796],[-87.792952,41.877877],[-87.792897,41.876214],[-87.792894,41.876133]]},"properties":{"name":"South Euclid Avenue","highway":"residential"}},{"type":"Feature","id":673,"geometry":{"type":"LineString","coordinates":[[-87.792894,41.876133],[-87.792891,41.876054],[-87.792836,41.874392],[-87.792833,41.874307]]},"properties":{"name":"South Euclid Avenue","highway":"residential"}},{"type":"Feature","id":674,"geometry":{"type":"LineString","coordinates":[[-87.792833,41.874307],[-87.79283,41.874229],[-87.79279,41.87304],[-87.792788,41.872974],[-87.792783,41.872811],[-87.792779,41.872717],[-87.792778,41.872665]]},"properties":{"name":"South Euclid Avenue","highway":"residential"}},{"type":"Feature","id":675,"geometry":{"type":"LineString","coordinates":[[-87.792797,41.88691],[-87.792808,41.886768],[-87.792807,41.886747],[-87.792804,41.886603],[-87.792797,41.886335],[-87.792766,41.885155],[-87.792764,41.885067]]},"properties":{"name":"South Euclid Avenue","highway":"residential"}},{"type":"Feature","id":676,"geometry":{"type":"LineString","coordinates":[[-87.792764,41.885067],[-87.792761,41.884988],[-87.792711,41.883407],[-87.792708,41.8833]]},"properties":{"name":"South Euclid Avenue","highway":"residential"}},{"type":"Feature","id":677,"geometry":{"type":"LineString","coordinates":[[-87.792708,41.8833],[-87.792705,41.883209],[-87.792658,41.881659],[-87.792655,41.881572]]},"properties":{"name":"South Euclid Avenue","highway":"residential"}},{"type":"Feature","id":678,"geometry":{"type":"LineString","coordinates":[[-87.792593,41.867007],[-87.79259,41.866926],[-87.792544,41.865635],[-87.792543,41.865578],[-87.792541,41.865524],[-87.792532,41.865263],[-87.792529,41.865181]]},"properties":{"name":"South Euclid Avenue","highway":"residential"}},{"type":"Feature","id":679,"geometry":{"type":"LineString","coordinates":[[-87.792655,41.881572],[-87.792654,41.881495],[-87.792646,41.881052],[-87.792642,41.880986],[-87.792626,41.880307]]},"properties":{"name":"South Euclid Avenue","highway":"residential"}},{"type":"Feature","id":680,"geometry":{"type":"LineString","coordinates":[[-87.781379,41.899948],[-87.781382,41.900027],[-87.781454,41.901817],[-87.781455,41.901839],[-87.781458,41.901911]]},"properties":{"name":"Mapleton Avenue","highway":"residential"}},{"type":"Feature","id":681,"geometry":{"type":"LineString","coordinates":[[-87.781458,41.901911],[-87.781461,41.902001],[-87.781463,41.902031],[-87.781525,41.903753],[-87.781528,41.903835]]},"properties":{"name":"Mapleton Avenue","highway":"residential"}},{"type":"Feature","id":682,"geometry":{"type":"LineString","coordinates":[[-87.781528,41.903835],[-87.78153,41.903915],[-87.781581,41.90573],[-87.781583,41.905808]]},"properties":{"name":"Mapleton Avenue","highway":"residential"}},{"type":"Feature","id":683,"geometry":{"type":"LineString","coordinates":[[-87.77029,41.895682],[-87.770401,41.895681],[-87.772224,41.895662],[-87.772326,41.89566]]},"properties":{"name":"West Rice Street","highway":"residential"}},{"type":"Feature","id":684,"geometry":{"type":"LineString","coordinates":[[-87.772326,41.89566],[-87.772433,41.895659],[-87.775034,41.895621],[-87.775157,41.895619]]},"properties":{"name":"West Rice Street","highway":"residential"}},{"type":"Feature","id":685,"geometry":{"type":"LineString","coordinates":[[-87.801959,41.890605],[-87.801962,41.890686],[-87.801976,41.891238],[-87.801992,41.891805],[-87.801994,41.891881]]},"properties":{"name":"Marion Court","highway":"residential"}},{"type":"Feature","id":686,"geometry":{"type":"LineString","coordinates":[[-87.776744,41.89469],[-87.776624,41.894692],[-87.776046,41.894701],[-87.775788,41.894705],[-87.775554,41.894709],[-87.775264,41.894713],[-87.775128,41.894715]]},"properties":{"name":"Chicago Avenue","highway":"secondary"}},{"type":"Feature","id":687,"geometry":{"type":"LineString","coordinates":[[-87.792856,41.894436],[-87.79296,41.894435],[-87.793761,41.894419],[-87.794561,41.894404],[-87.794663,41.894403]]},"properties":{"name":"Chicago Avenue","highway":"secondary"}},{"type":"Feature","id":688,"geometry":{"type":"LineString","coordinates":[[-87.805238,41.894231],[-87.805375,41.894258],[-87.805921,41.89425],[-87.806242,41.894246],[-87.80674,41.894235],[-87.806852,41.894232]]},"properties":{"name":"Chicago Avenue","highway":"secondary"}},{"type":"Feature","id":689,"geometry":{"type":"LineString","coordinates":[[-87.776744,41.89469],[-87.776892,41.894688],[-87.777103,41.894684],[-87.777967,41.894671],[-87.778181,41.894667],[-87.778371,41.894664]]},"properties":{"name":"Chicago Avenue","highway":"secondary"}},{"type":"Feature","id":690,"geometry":{"type":"LineString","coordinates":[[-87.778371,41.894664],[-87.778612,41.89466],[-87.778868,41.894656],[-87.779184,41.894651],[-87.779996,41.894638]]},"properties":{"name":"Chicago Avenue","highway":"secondary"}},{"type":"Feature","id":691,"geometry":{"type":"LineString","coordinates":[[-87.779996,41.894638],[-87.780798,41.894625],[-87.781232,41.894619],[-87.781495,41.894614],[-87.781552,41.894613],[-87.78162,41.894612]]},"properties":{"name":"Chicago Avenue","highway":"secondary"}},{"type":"Feature","id":692,"geometry":{"type":"LineString","coordinates":[[-87.801912,41.894283],[-87.802024,41.89428],[-87.802753,41.894264],[-87.802829,41.894262]]},"properties":{"name":"Chicago Avenue","highway":"secondary"}},{"type":"Feature","id":693,"geometry":{"type":"LineString","coordinates":[[-87.794663,41.894403],[-87.794783,41.894401],[-87.795439,41.89439],[-87.795511,41.894388],[-87.796066,41.894379],[-87.796165,41.894377]]},"properties":{"name":"Chicago Avenue","highway":"secondary"}},{"type":"Feature","id":694,"geometry":{"type":"LineString","coordinates":[[-87.797659,41.89435],[-87.797558,41.894352],[-87.796878,41.894364],[-87.796278,41.894375],[-87.796165,41.894377]]},"properties":{"name":"Chicago Avenue","highway":"secondary"}},{"type":"Feature","id":695,"geometry":{"type":"LineString","coordinates":[[-87.803944,41.894242],[-87.804414,41.894231],[-87.804505,41.894228],[-87.804738,41.894224],[-87.804781,41.894223],[-87.805002,41.894218],[-87.805118,41.894215],[-87.805238,41.894231]]},"properties":{"name":"Chicago Avenue","highway":"secondary"}},{"type":"Feature","id":696,"geometry":{"type":"LineString","coordinates":[[-87.797659,41.89435],[-87.797769,41.894349],[-87.798591,41.894333],[-87.799144,41.894325]]},"properties":{"name":"Chicago Avenue","highway":"secondary"}},{"type":"Feature","id":697,"geometry":{"type":"LineString","coordinates":[[-87.802829,41.894262],[-87.802928,41.89426],[-87.803246,41.894256]]},"properties":{"name":"Chicago Avenue","highway":"secondary"}},{"type":"Feature","id":698,"geometry":{"type":"LineString","coordinates":[[-87.803246,41.894256],[-87.80336,41.894254],[-87.803493,41.894251],[-87.803639,41.894249],[-87.803877,41.894243],[-87.803944,41.894242]]},"properties":{"name":"Chicago Avenue","highway":"secondary"}},{"type":"Feature","id":699,"geometry":{"type":"LineString","coordinates":[[-87.799144,41.894325],[-87.799258,41.894323],[-87.800225,41.894308],[-87.800331,41.894307]]},"properties":{"name":"Chicago Avenue","highway":"secondary"}},{"type":"Feature","id":700,"geometry":{"type":"LineString","coordinates":[[-87.800331,41.894307],[-87.800599,41.894303]]},"properties":{"name":"Chicago Avenue","highway":"secondary"}},{"type":"Feature","id":701,"geometry":{"type":"LineString","coordinates":[[-87.800599,41.894303],[-87.800711,41.894301],[-87.801912,41.894283]]},"properties":{"name":"Chicago Avenue","highway":"secondary"}},{"type":"Feature","id":702,"geometry":{"type":"LineString","coordinates":[[-87.786498,41.894535],[-87.786371,41.894537],[-87.785698,41.894546],[-87.785136,41.894555],[-87.785004,41.894557],[-87.784869,41.89456]]},"properties":{"name":"Chicago Avenue","highway":"secondary"}},{"type":"Feature","id":703,"geometry":{"type":"LineString","coordinates":[[-87.786498,41.894535],[-87.786637,41.894533],[-87.787329,41.894522],[-87.788002,41.894512],[-87.788123,41.89451]]},"properties":{"name":"Chicago Avenue","highway":"secondary"}},{"type":"Feature","id":704,"geometry":{"type":"LineString","coordinates":[[-87.788123,41.89451],[-87.788266,41.894508],[-87.788958,41.894495],[-87.789636,41.894482],[-87.78976,41.89448]]},"properties":{"name":"Chicago Avenue","highway":"secondary"}},{"type":"Feature","id":705,"geometry":{"type":"LineString","coordinates":[[-87.78976,41.89448],[-87.78991,41.894477],[-87.791216,41.894458],[-87.791308,41.894457]]},"properties":{"name":"Chicago Avenue","highway":"secondary"}},{"type":"Feature","id":706,"geometry":{"type":"LineString","coordinates":[[-87.791308,41.894457],[-87.791431,41.894455],[-87.792747,41.894438],[-87.792856,41.894436]]},"properties":{"name":"Chicago Avenue","highway":"secondary"}},{"type":"Feature","id":707,"geometry":{"type":"LineString","coordinates":[[-87.784869,41.89456],[-87.784741,41.894562],[-87.784705,41.894563],[-87.784608,41.894564],[-87.784454,41.894567],[-87.784112,41.894573],[-87.783915,41.894576],[-87.783747,41.894579],[-87.78326,41.894586]]},"properties":{"name":"Chicago Avenue","highway":"secondary"}},{"type":"Feature","id":708,"geometry":{"type":"LineString","coordinates":[[-87.78162,41.894612],[-87.7817,41.894611],[-87.781756,41.89461],[-87.781907,41.894608],[-87.782087,41.894605],[-87.782431,41.894599],[-87.78326,41.894586]]},"properties":{"name":"Chicago Avenue","highway":"secondary"}},{"type":"Feature","id":709,"geometry":{"type":"LineString","coordinates":[[-87.806852,41.894232],[-87.806956,41.89423],[-87.808346,41.8942],[-87.808453,41.894198]]},"properties":{"name":"Chicago Avenue","highway":"secondary"}},{"type":"Feature","id":710,"geometry":{"type":"LineString","coordinates":[[-87.808453,41.894198],[-87.808565,41.894195],[-87.80995,41.894165],[-87.810069,41.894163],[-87.810196,41.89416],[-87.810891,41.894145],[-87.811589,41.89413],[-87.811708,41.894127],[-87.811834,41.894125],[-87.812496,41.89411],[-87.813239,41.894095],[-87.813343,41.894092]]},"properties":{"name":"Chicago Avenue","highway":"secondary"}},{"type":"Feature","id":711,"geometry":{"type":"LineString","coordinates":[[-87.804405,41.870516],[-87.804514,41.870514],[-87.804626,41.870511],[-87.804787,41.870508],[-87.805011,41.870504],[-87.805509,41.870494],[-87.805616,41.870492]]},"properties":{"name":"Lexington Street","highway":"residential"}},{"type":"Feature","id":712,"geometry":{"type":"LineString","coordinates":[[-87.805616,41.870492],[-87.805728,41.87049],[-87.806227,41.87048],[-87.806724,41.87047],[-87.806831,41.870468]]},"properties":{"name":"Lexington Street","highway":"residential"}},{"type":"Feature","id":713,"geometry":{"type":"LineString","coordinates":[[-87.806831,41.870468],[-87.806943,41.870466],[-87.807441,41.870456],[-87.807939,41.870446],[-87.808041,41.870444]]},"properties":{"name":"Lexington Street","highway":"residential"}},{"type":"Feature","id":714,"geometry":{"type":"LineString","coordinates":[[-87.808041,41.870444],[-87.808158,41.870442],[-87.808658,41.870432],[-87.809156,41.870422],[-87.809268,41.87042]]},"properties":{"name":"Lexington Street","highway":"residential"}},{"type":"Feature","id":715,"geometry":{"type":"LineString","coordinates":[[-87.809268,41.87042],[-87.809372,41.870418],[-87.809889,41.870408],[-87.81037,41.870399],[-87.810483,41.870396],[-87.810587,41.870394],[-87.811081,41.870385],[-87.811586,41.870375],[-87.811704,41.870372],[-87.811803,41.87037],[-87.812301,41.870361],[-87.812801,41.870351],[-87.812904,41.870349],[-87.813017,41.870347],[-87.813516,41.870337],[-87.814015,41.870327],[-87.814126,41.870325]]},"properties":{"name":"Lexington Street","highway":"residential"}},{"type":"Feature","id":716,"geometry":{"type":"LineString","coordinates":[[-87.801975,41.870506],[-87.801868,41.870508],[-87.80129,41.870518],[-87.80068,41.870528],[-87.800561,41.87053]]},"properties":{"name":"Lexington Street","highway":"residential"}},{"type":"Feature","id":717,"geometry":{"type":"LineString","coordinates":[[-87.800561,41.87053],[-87.800466,41.870532],[-87.799884,41.870541],[-87.799278,41.870552],[-87.799176,41.870553]]},"properties":{"name":"Lexington Street","highway":"residential"}},{"type":"Feature","id":718,"geometry":{"type":"LineString","coordinates":[[-87.799176,41.870553],[-87.799062,41.870555],[-87.798531,41.870564],[-87.797968,41.870574],[-87.797846,41.870576]]},"properties":{"name":"Lexington Street","highway":"residential"}},{"type":"Feature","id":719,"geometry":{"type":"LineString","coordinates":[[-87.797846,41.870576],[-87.797754,41.870578],[-87.797183,41.870587],[-87.796662,41.870596],[-87.796561,41.870598]]},"properties":{"name":"Lexington Street","highway":"residential"}},{"type":"Feature","id":720,"geometry":{"type":"LineString","coordinates":[[-87.796561,41.870598],[-87.796446,41.8706],[-87.795901,41.870609],[-87.795354,41.870618],[-87.795232,41.87062]]},"properties":{"name":"Lexington Street","highway":"residential"}},{"type":"Feature","id":721,"geometry":{"type":"LineString","coordinates":[[-87.795232,41.87062],[-87.795136,41.870622],[-87.794596,41.870631],[-87.794049,41.870641],[-87.793938,41.870642]]},"properties":{"name":"Lexington Street","highway":"residential"}},{"type":"Feature","id":722,"geometry":{"type":"LineString","coordinates":[[-87.793938,41.870642],[-87.79383,41.870644],[-87.793316,41.870653],[-87.792833,41.870661],[-87.792721,41.870663]]},"properties":{"name":"Lexington Street","highway":"residential"}},{"type":"Feature","id":723,"geometry":{"type":"LineString","coordinates":[[-87.792721,41.870663],[-87.792619,41.870665],[-87.792111,41.870673],[-87.791609,41.870682],[-87.791501,41.870684]]},"properties":{"name":"Lexington Street","highway":"residential"}},{"type":"Feature","id":724,"geometry":{"type":"LineString","coordinates":[[-87.791501,41.870684],[-87.791391,41.870686],[-87.790898,41.870694],[-87.790384,41.870703],[-87.790271,41.870705]]},"properties":{"name":"Lexington Street","highway":"residential"}},{"type":"Feature","id":725,"geometry":{"type":"LineString","coordinates":[[-87.790271,41.870705],[-87.790168,41.870706],[-87.789669,41.870715],[-87.789159,41.870723],[-87.789049,41.870725]]},"properties":{"name":"Lexington Street","highway":"residential"}},{"type":"Feature","id":726,"geometry":{"type":"LineString","coordinates":[[-87.804404,41.870465],[-87.804297,41.870466],[-87.803645,41.870478],[-87.80354,41.870479]]},"properties":{"name":"Lexington Street","highway":"residential"}},{"type":"Feature","id":727,"geometry":{"type":"LineString","coordinates":[[-87.80354,41.870479],[-87.80343,41.870481],[-87.802757,41.870493],[-87.802083,41.870504],[-87.801975,41.870506]]},"properties":{"name":"Lexington Street","highway":"residential"}},{"type":"Feature","id":728,"geometry":{"type":"LineString","coordinates":[[-87.774993,41.89049],[-87.775123,41.890488],[-87.775825,41.890478],[-87.776483,41.890468],[-87.776501,41.890467]]},"properties":{"name":"Ontario Street","highway":"residential"}},{"type":"Feature","id":729,"geometry":{"type":"LineString","coordinates":[[-87.776501,41.890467],[-87.776629,41.890466],[-87.776759,41.890464],[-87.777424,41.890455],[-87.77812,41.890445],[-87.778244,41.890443]]},"properties":{"name":"Ontario Street","highway":"residential"}},{"type":"Feature","id":730,"geometry":{"type":"LineString","coordinates":[[-87.778244,41.890443],[-87.778387,41.890441],[-87.779052,41.890431],[-87.779748,41.890421],[-87.779869,41.890419]]},"properties":{"name":"Ontario Street","highway":"residential"}},{"type":"Feature","id":731,"geometry":{"type":"LineString","coordinates":[[-87.779869,41.890419],[-87.780009,41.890417],[-87.780686,41.890407],[-87.781372,41.890397],[-87.781493,41.890395]]},"properties":{"name":"Ontario Street","highway":"residential"}},{"type":"Feature","id":732,"geometry":{"type":"LineString","coordinates":[[-87.781493,41.890395],[-87.781634,41.890393],[-87.782315,41.890383],[-87.783,41.890373],[-87.783126,41.890372]]},"properties":{"name":"Ontario Street","highway":"residential"}},{"type":"Feature","id":733,"geometry":{"type":"LineString","coordinates":[[-87.783126,41.890372],[-87.783261,41.890369],[-87.783955,41.890359],[-87.784616,41.89035],[-87.784746,41.890348]]},"properties":{"name":"Ontario Street","highway":"residential"}},{"type":"Feature","id":734,"geometry":{"type":"LineString","coordinates":[[-87.784746,41.890348],[-87.784882,41.890346],[-87.785567,41.890335],[-87.785576,41.890335],[-87.786253,41.890326],[-87.786378,41.890324]]},"properties":{"name":"Ontario Street","highway":"residential"}},{"type":"Feature","id":735,"geometry":{"type":"LineString","coordinates":[[-87.786378,41.890324],[-87.786514,41.890322],[-87.787194,41.890312],[-87.787885,41.890302],[-87.787993,41.890301]]},"properties":{"name":"Ontario Street","highway":"residential"}},{"type":"Feature","id":736,"geometry":{"type":"LineString","coordinates":[[-87.791197,41.890243],[-87.791311,41.890241],[-87.791974,41.890234],[-87.792619,41.890227],[-87.792747,41.890225]]},"properties":{"name":"Ontario Street","highway":"residential"}},{"type":"Feature","id":737,"geometry":{"type":"LineString","coordinates":[[-87.792747,41.890225],[-87.792854,41.890224],[-87.793454,41.890216],[-87.793649,41.890213],[-87.794412,41.890203],[-87.794451,41.890202],[-87.79455,41.890201]]},"properties":{"name":"Ontario Street","highway":"residential"}},{"type":"Feature","id":738,"geometry":{"type":"LineString","coordinates":[[-87.801959,41.890605],[-87.801109,41.890623],[-87.800759,41.89063]]},"properties":{"name":"Ontario Street","highway":"residential"}},{"type":"Feature","id":739,"geometry":{"type":"LineString","coordinates":[[-87.801959,41.890605],[-87.802633,41.890591],[-87.802699,41.890589]]},"properties":{"name":"Ontario Street","highway":"residential"}},{"type":"Feature","id":740,"geometry":{"type":"LineString","coordinates":[[-87.802699,41.890589],[-87.802808,41.890587],[-87.803164,41.890579],[-87.803311,41.890576],[-87.80366,41.890569],[-87.803951,41.890563],[-87.804264,41.890556],[-87.804938,41.890543],[-87.80511,41.89054]]},"properties":{"name":"Ontario Street","highway":"residential"}},{"type":"Feature","id":741,"geometry":{"type":"LineString","coordinates":[[-87.796053,41.890193],[-87.796163,41.890192],[-87.79665,41.890186],[-87.796838,41.890184],[-87.796938,41.890183],[-87.797445,41.890178],[-87.79754,41.890177]]},"properties":{"name":"Ontario Street","highway":"residential"}},{"type":"Feature","id":742,"geometry":{"type":"LineString","coordinates":[[-87.79455,41.890201],[-87.794663,41.890202],[-87.795916,41.890192],[-87.795949,41.890192],[-87.796053,41.890193]]},"properties":{"name":"Ontario Street","highway":"residential"}},{"type":"Feature","id":743,"geometry":{"type":"LineString","coordinates":[[-87.79754,41.890177],[-87.797659,41.890175],[-87.798197,41.890166],[-87.798631,41.890158],[-87.799246,41.890147],[-87.79952,41.890143],[-87.800123,41.890132],[-87.800217,41.890131]]},"properties":{"name":"Ontario Street","highway":"residential"}},{"type":"Feature","id":744,"geometry":{"type":"LineString","coordinates":[[-87.800419,41.890657],[-87.800454,41.890657],[-87.800579,41.890655],[-87.800759,41.89063]]},"properties":{"name":"Ontario Street","highway":"residential"}},{"type":"Feature","id":745,"geometry":{"type":"LineString","coordinates":[[-87.800759,41.89063],[-87.800596,41.890603],[-87.80047,41.890605],[-87.800436,41.890605]]},"properties":{"name":"Ontario Street","highway":"residential"}},{"type":"Feature","id":746,"geometry":{"type":"LineString","coordinates":[[-87.789399,41.881627],[-87.789546,41.881625],[-87.790229,41.881613],[-87.790908,41.881602],[-87.791033,41.881599]]},"properties":{"name":"Washington Boulevard","highway":"tertiary"}},{"type":"Feature","id":747,"geometry":{"type":"LineString","coordinates":[[-87.791033,41.881599],[-87.791173,41.881597],[-87.791843,41.881586],[-87.792532,41.881574],[-87.792655,41.881572]]},"properties":{"name":"Washington Boulevard","highway":"tertiary"}},{"type":"Feature","id":748,"geometry":{"type":"LineString","coordinates":[[-87.774721,41.8821],[-87.77486,41.882098],[-87.775164,41.882095],[-87.77557,41.88209],[-87.776223,41.882081],[-87.776354,41.88208]]},"properties":{"name":"Washington Boulevard","highway":"tertiary"}},{"type":"Feature","id":749,"geometry":{"type":"LineString","coordinates":[[-87.776354,41.88208],[-87.776494,41.882077],[-87.777857,41.882053],[-87.777984,41.88205]]},"properties":{"name":"Washington Boulevard","highway":"tertiary"}},{"type":"Feature","id":750,"geometry":{"type":"LineString","coordinates":[[-87.777984,41.88205],[-87.778118,41.882048],[-87.778959,41.882032],[-87.779153,41.882018],[-87.779321,41.881995],[-87.779455,41.881964],[-87.779487,41.881956],[-87.779614,41.881907]]},"properties":{"name":"Washington Boulevard","highway":"tertiary"}},{"type":"Feature","id":751,"geometry":{"type":"LineString","coordinates":[[-87.784502,41.881708],[-87.784378,41.88171],[-87.784074,41.881715],[-87.783015,41.881733],[-87.782869,41.881735]]},"properties":{"name":"Washington Boulevard","highway":"tertiary"}},{"type":"Feature","id":752,"geometry":{"type":"LineString","coordinates":[[-87.804787,41.881398],[-87.804677,41.881401],[-87.804396,41.881407],[-87.804036,41.881414],[-87.803933,41.881416]]},"properties":{"name":"Washington Boulevard","highway":"tertiary"}},{"type":"Feature","id":753,"geometry":{"type":"LineString","coordinates":[[-87.784502,41.881708],[-87.784642,41.881706],[-87.78498,41.881702],[-87.786004,41.881684],[-87.786118,41.881682]]},"properties":{"name":"Washington Boulevard","highway":"tertiary"}},{"type":"Feature","id":754,"geometry":{"type":"LineString","coordinates":[[-87.803933,41.881416],[-87.803816,41.881418],[-87.803142,41.881432],[-87.802892,41.881436],[-87.802472,41.881444],[-87.802366,41.881446]]},"properties":{"name":"Washington Boulevard","highway":"tertiary"}},{"type":"Feature","id":755,"geometry":{"type":"LineString","coordinates":[[-87.802366,41.881446],[-87.802257,41.881448],[-87.801551,41.881459],[-87.800746,41.881473],[-87.800525,41.881476],[-87.800044,41.881483],[-87.799933,41.881485]]},"properties":{"name":"Washington Boulevard","highway":"tertiary"}},{"type":"Feature","id":756,"geometry":{"type":"LineString","coordinates":[[-87.798445,41.881503],[-87.798346,41.881504],[-87.797705,41.881516],[-87.797255,41.881524],[-87.797082,41.881533],[-87.796975,41.881539]]},"properties":{"name":"Washington Boulevard","highway":"tertiary"}},{"type":"Feature","id":757,"geometry":{"type":"LineString","coordinates":[[-87.798445,41.881503],[-87.798565,41.881501],[-87.799197,41.881494],[-87.79983,41.881486],[-87.799933,41.881485]]},"properties":{"name":"Washington Boulevard","highway":"tertiary"}},{"type":"Feature","id":758,"geometry":{"type":"LineString","coordinates":[[-87.794302,41.881581],[-87.7942,41.881566],[-87.794144,41.88156],[-87.793589,41.881561],[-87.793478,41.881562],[-87.792804,41.88157],[-87.792655,41.881572]]},"properties":{"name":"Washington Boulevard","highway":"tertiary"}},{"type":"Feature","id":759,"geometry":{"type":"LineString","coordinates":[[-87.794302,41.881581],[-87.794421,41.881596],[-87.794479,41.881603],[-87.794981,41.881595],[-87.795535,41.881586],[-87.795635,41.881585]]},"properties":{"name":"Washington Boulevard","highway":"tertiary"}},{"type":"Feature","id":760,"geometry":{"type":"LineString","coordinates":[[-87.795635,41.881585],[-87.795754,41.881583],[-87.796306,41.881574],[-87.796712,41.881568],[-87.796876,41.881549],[-87.796975,41.881539]]},"properties":{"name":"Washington Boulevard","highway":"tertiary"}},{"type":"Feature","id":761,"geometry":{"type":"LineString","coordinates":[[-87.781238,41.881763],[-87.78111,41.881765],[-87.780436,41.881776],[-87.780147,41.88178],[-87.780001,41.881794],[-87.779893,41.88181],[-87.779775,41.881842],[-87.779751,41.881854],[-87.779614,41.881907]]},"properties":{"name":"Washington Boulevard","highway":"tertiary"}},{"type":"Feature","id":762,"geometry":{"type":"LineString","coordinates":[[-87.781238,41.881763],[-87.781377,41.88176],[-87.782746,41.881737],[-87.782869,41.881735]]},"properties":{"name":"Washington Boulevard","highway":"tertiary"}},{"type":"Feature","id":763,"geometry":{"type":"LineString","coordinates":[[-87.786118,41.881682],[-87.786278,41.88168],[-87.787638,41.881657],[-87.787777,41.881655]]},"properties":{"name":"Washington Boulevard","highway":"tertiary"}},{"type":"Feature","id":764,"geometry":{"type":"LineString","coordinates":[[-87.787777,41.881655],[-87.787904,41.881652],[-87.78839,41.881644],[-87.789276,41.881629],[-87.789399,41.881627]]},"properties":{"name":"Washington Boulevard","highway":"tertiary"}},{"type":"Feature","id":765,"geometry":{"type":"LineString","coordinates":[[-87.799247,41.872367],[-87.799244,41.87229],[-87.79923,41.871919],[-87.799179,41.870628],[-87.799176,41.870553]]},"properties":{"name":"South Home Avenue","highway":"residential"}},{"type":"Feature","id":766,"geometry":{"type":"LineString","coordinates":[[-87.799176,41.870553],[-87.799173,41.870466],[-87.799107,41.868799],[-87.799104,41.868717]]},"properties":{"name":"South Home Avenue","highway":"residential"}},{"type":"Feature","id":767,"geometry":{"type":"LineString","coordinates":[[-87.799104,41.868717],[-87.799101,41.868639],[-87.799035,41.866974],[-87.799032,41.866897]]},"properties":{"name":"South Home Avenue","highway":"residential"}},{"type":"Feature","id":768,"geometry":{"type":"LineString","coordinates":[[-87.799032,41.866897],[-87.799029,41.866813],[-87.798979,41.865526],[-87.798977,41.86548],[-87.798975,41.86542],[-87.798968,41.865259],[-87.798964,41.865148],[-87.798961,41.865078]]},"properties":{"name":"South Home Avenue","highway":"residential"}},{"type":"Feature","id":769,"geometry":{"type":"LineString","coordinates":[[-87.800108,41.885746],[-87.800118,41.885995],[-87.800125,41.886172],[-87.800127,41.886212],[-87.800148,41.886717],[-87.800157,41.886727],[-87.800212,41.886786]]},"properties":{"name":"South Home Avenue","highway":"residential"}},{"type":"Feature","id":770,"geometry":{"type":"LineString","coordinates":[[-87.800108,41.885746],[-87.800105,41.88567],[-87.800095,41.885418]]},"properties":{"name":"South Home Avenue","highway":"residential"}},{"type":"Feature","id":771,"geometry":{"type":"LineString","coordinates":[[-87.800095,41.885418],[-87.80008,41.885054],[-87.800012,41.883415],[-87.800009,41.883324]]},"properties":{"name":"South Home Avenue","highway":"residential"}},{"type":"Feature","id":772,"geometry":{"type":"LineString","coordinates":[[-87.800009,41.883324],[-87.800006,41.883256],[-87.799936,41.881569],[-87.799933,41.881485]]},"properties":{"name":"South Home Avenue","highway":"residential"}},{"type":"Feature","id":773,"geometry":{"type":"LineString","coordinates":[[-87.800212,41.886786],[-87.800255,41.886868],[-87.800532,41.887127],[-87.800548,41.887141],[-87.800678,41.887214]]},"properties":{"name":"South Home Avenue","highway":"residential"}},{"type":"Feature","id":774,"geometry":{"type":"LineString","coordinates":[[-87.79975,41.876837],[-87.799747,41.876751],[-87.79971,41.875503],[-87.799707,41.875414]]},"properties":{"name":"South Home Avenue","highway":"residential"}},{"type":"Feature","id":775,"geometry":{"type":"LineString","coordinates":[[-87.799707,41.875414],[-87.799704,41.875342],[-87.799639,41.873532],[-87.799637,41.87348]]},"properties":{"name":"South Home Avenue","highway":"residential"}},{"type":"Feature","id":776,"geometry":{"type":"LineString","coordinates":[[-87.799933,41.881485],[-87.79993,41.881405],[-87.79987,41.879952],[-87.799863,41.879774],[-87.799859,41.87968]]},"properties":{"name":"South Home Avenue","highway":"residential"}},{"type":"Feature","id":777,"geometry":{"type":"LineString","coordinates":[[-87.800678,41.887214],[-87.800649,41.88714],[-87.800361,41.886865],[-87.800347,41.886857],[-87.800212,41.886786]]},"properties":{"name":"South Home Avenue","highway":"residential"}},{"type":"Feature","id":778,"geometry":{"type":"LineString","coordinates":[[-87.799859,41.87968],[-87.799855,41.879586],[-87.79984,41.879206],[-87.799804,41.878334],[-87.799801,41.878245]]},"properties":{"name":"South Home Avenue","highway":"residential"}},{"type":"Feature","id":779,"geometry":{"type":"LineString","coordinates":[[-87.799801,41.878245],[-87.799798,41.878172],[-87.799753,41.876918],[-87.79975,41.876837]]},"properties":{"name":"South Home Avenue","highway":"residential"}},{"type":"Feature","id":780,"geometry":{"type":"LineString","coordinates":[[-87.770448,41.865514],[-87.770445,41.865435],[-87.770436,41.865093],[-87.770435,41.865068],[-87.770399,41.863771],[-87.770397,41.863694]]},"properties":{"name":"South 58th Court","highway":"residential"}},{"type":"Feature","id":781,"geometry":{"type":"LineString","coordinates":[[-87.770397,41.863694],[-87.770394,41.86361],[-87.770365,41.86257],[-87.770348,41.861947],[-87.770345,41.861862],[-87.770343,41.861787],[-87.770297,41.860123],[-87.770294,41.86004],[-87.770292,41.859963],[-87.770253,41.858559],[-87.770246,41.858297],[-87.770243,41.858212],[-87.770241,41.858134],[-87.77023,41.857755],[-87.770194,41.856473],[-87.770192,41.856381],[-87.77019,41.856312],[-87.770143,41.854649],[-87.770141,41.854562],[-87.770139,41.854485],[-87.770092,41.852823],[-87.77009,41.852742],[-87.770088,41.852662],[-87.770061,41.851715]]},"properties":{"name":"South 58th Court","highway":"residential"}},{"type":"Feature","id":782,"geometry":{"type":"LineString","coordinates":[[-87.782161,41.91466],[-87.782175,41.914573],[-87.782497,41.913048],[-87.782525,41.912912],[-87.782529,41.912902],[-87.782557,41.912838],[-87.782567,41.912815],[-87.782599,41.912745],[-87.783002,41.911908],[-87.783402,41.911073],[-87.783403,41.911061],[-87.783405,41.910985]]},"properties":{"name":"North Mobile Avenue","highway":"residential"}},{"type":"Feature","id":783,"geometry":{"type":"LineString","coordinates":[[-87.783405,41.910985],[-87.783402,41.910911],[-87.78336,41.90982],[-87.783357,41.909719],[-87.783356,41.909674],[-87.783347,41.909292],[-87.783344,41.909167]]},"properties":{"name":"North Mobile Avenue","highway":"residential"}},{"type":"Feature","id":784,"geometry":{"type":"LineString","coordinates":[[-87.797622,41.86328],[-87.797619,41.863191],[-87.797557,41.861539],[-87.797554,41.861452],[-87.797551,41.861376],[-87.797498,41.859721],[-87.797495,41.859634],[-87.797493,41.859558],[-87.797443,41.857902],[-87.797441,41.857822]]},"properties":{"name":"Clinton Avenue","highway":"residential"}},{"type":"Feature","id":785,"geometry":{"type":"LineString","coordinates":[[-87.797668,41.865099],[-87.797666,41.865009],[-87.79766,41.86474]]},"properties":{"name":"Clinton Avenue","highway":"residential"}},{"type":"Feature","id":786,"geometry":{"type":"LineString","coordinates":[[-87.797651,41.864645],[-87.797624,41.863355],[-87.797622,41.86328]]},"properties":{"name":"Clinton Avenue","highway":"residential"}},{"type":"Feature","id":787,"geometry":{"type":"LineString","coordinates":[[-87.781149,41.912832],[-87.781157,41.912765],[-87.781161,41.912737],[-87.781782,41.911083],[-87.781778,41.911009]]},"properties":{"name":"North Merrimac Avenue","highway":"residential"}},{"type":"Feature","id":788,"geometry":{"type":"LineString","coordinates":[[-87.781716,41.909186],[-87.781718,41.909311],[-87.781731,41.909693],[-87.781733,41.909732],[-87.781775,41.910931],[-87.781778,41.911009]]},"properties":{"name":"North Merrimac Avenue","highway":"residential"}},{"type":"Feature","id":789,"geometry":{"type":"LineString","coordinates":[[-87.769389,41.870004],[-87.769425,41.870025],[-87.769483,41.870038],[-87.769993,41.870078],[-87.770602,41.870125]]},"properties":{"name":"West Railroad Avenue","highway":"residential"}},{"type":"Feature","id":790,"geometry":{"type":"LineString","coordinates":[[-87.770602,41.870125],[-87.77122,41.870177],[-87.771833,41.870229]]},"properties":{"name":"West Railroad Avenue","highway":"residential"}},{"type":"Feature","id":791,"geometry":{"type":"LineString","coordinates":[[-87.771833,41.870229],[-87.772457,41.870279],[-87.77307,41.870329]]},"properties":{"name":"West Railroad Avenue","highway":"residential"}},{"type":"Feature","id":792,"geometry":{"type":"LineString","coordinates":[[-87.77307,41.870329],[-87.773685,41.870374],[-87.774098,41.870406],[-87.774139,41.870408],[-87.774288,41.870415]]},"properties":{"name":"West Railroad Avenue","highway":"residential"}},{"type":"Feature","id":793,"geometry":{"type":"LineString","coordinates":[[-87.785925,41.905689],[-87.785928,41.905773],[-87.785975,41.907224],[-87.785978,41.907297]]},"properties":{"name":"North Rossell Avenue","highway":"residential"}},{"type":"Feature","id":794,"geometry":{"type":"LineString","coordinates":[[-87.785978,41.907297],[-87.785981,41.907384],[-87.786023,41.908628],[-87.786032,41.908917],[-87.786035,41.909006],[-87.78604,41.909137]]},"properties":{"name":"North Rossell Avenue","highway":"residential"}},{"type":"Feature","id":795,"geometry":{"type":"LineString","coordinates":[[-87.807235,41.890765],[-87.80714,41.890767],[-87.805254,41.890807],[-87.80523,41.890808],[-87.805119,41.89081]]},"properties":{"name":"Quick Avenue","highway":"residential"}},{"type":"Feature","id":796,"geometry":{"type":"LineString","coordinates":[[-87.807235,41.890765],[-87.807351,41.890763],[-87.80851,41.89074],[-87.808566,41.890739]]},"properties":{"name":"Quick Avenue","highway":"residential"}},{"type":"Feature","id":797,"geometry":{"type":"LineString","coordinates":[[-87.808566,41.890739],[-87.808627,41.890738],[-87.809788,41.890709],[-87.809917,41.890706]]},"properties":{"name":"Quick Avenue","highway":"residential"}},{"type":"Feature","id":798,"geometry":{"type":"LineString","coordinates":[[-87.809917,41.890706],[-87.810062,41.890703],[-87.810762,41.890687],[-87.81144,41.890672],[-87.811564,41.890669],[-87.811691,41.890666],[-87.813095,41.890635],[-87.813214,41.890632],[-87.813323,41.890631],[-87.81472,41.89061],[-87.814851,41.890608]]},"properties":{"name":"Quick Avenue","highway":"residential"}},{"type":"Feature","id":799,"geometry":{"type":"LineString","coordinates":[[-87.786676,41.899859],[-87.786815,41.899857],[-87.7875,41.899845],[-87.788173,41.899834],[-87.788303,41.899832]]},"properties":{"name":"Thomas Street","highway":"residential"}},{"type":"Feature","id":800,"geometry":{"type":"LineString","coordinates":[[-87.788303,41.899832],[-87.788443,41.899829],[-87.789133,41.899818],[-87.789826,41.899806],[-87.789924,41.899804]]},"properties":{"name":"Thomas Street","highway":"residential"}},{"type":"Feature","id":801,"geometry":{"type":"LineString","coordinates":[[-87.789924,41.899804],[-87.790047,41.899802],[-87.790548,41.899794],[-87.791051,41.899786],[-87.791154,41.899784]]},"properties":{"name":"Thomas Street","highway":"residential"}},{"type":"Feature","id":802,"geometry":{"type":"LineString","coordinates":[[-87.791154,41.899784],[-87.791266,41.899782],[-87.791759,41.899774],[-87.792268,41.899765],[-87.792368,41.899763]]},"properties":{"name":"Thomas Street","highway":"residential"}},{"type":"Feature","id":803,"geometry":{"type":"LineString","coordinates":[[-87.792368,41.899763],[-87.792483,41.899761],[-87.792991,41.899753],[-87.793582,41.899743]]},"properties":{"name":"Thomas Street","highway":"residential"}},{"type":"Feature","id":804,"geometry":{"type":"LineString","coordinates":[[-87.793582,41.899743],[-87.794197,41.899732],[-87.794704,41.899724],[-87.79481,41.899722]]},"properties":{"name":"Thomas Street","highway":"residential"}},{"type":"Feature","id":805,"geometry":{"type":"LineString","coordinates":[[-87.794814,41.899871],[-87.79492,41.899869],[-87.795566,41.899858],[-87.796205,41.899848],[-87.796312,41.899846]]},"properties":{"name":"Thomas Street","highway":"residential"}},{"type":"Feature","id":806,"geometry":{"type":"LineString","coordinates":[[-87.796312,41.899846],[-87.796423,41.899844],[-87.797074,41.899834],[-87.797735,41.899823],[-87.797834,41.899821]]},"properties":{"name":"Thomas Street","highway":"residential"}},{"type":"Feature","id":807,"geometry":{"type":"LineString","coordinates":[[-87.797834,41.899821],[-87.797948,41.899819],[-87.79858,41.899809],[-87.799215,41.899798],[-87.799313,41.899797]]},"properties":{"name":"Thomas Street","highway":"residential"}},{"type":"Feature","id":808,"geometry":{"type":"LineString","coordinates":[[-87.799313,41.899797],[-87.799424,41.899795],[-87.800776,41.899773],[-87.800885,41.899771]]},"properties":{"name":"Thomas Street","highway":"residential"}},{"type":"Feature","id":809,"geometry":{"type":"LineString","coordinates":[[-87.800885,41.899771],[-87.800997,41.899769],[-87.802293,41.899748],[-87.80239,41.899746]]},"properties":{"name":"Thomas Street","highway":"residential"}},{"type":"Feature","id":810,"geometry":{"type":"LineString","coordinates":[[-87.80239,41.899746],[-87.802511,41.899744],[-87.803818,41.899723],[-87.80392,41.899721]]},"properties":{"name":"Thomas Street","highway":"residential"}},{"type":"Feature","id":811,"geometry":{"type":"LineString","coordinates":[[-87.80392,41.899721],[-87.804029,41.89972],[-87.804815,41.899707],[-87.805294,41.899699],[-87.805331,41.899704],[-87.805442,41.89972]]},"properties":{"name":"Thomas Street","highway":"residential"}},{"type":"Feature","id":812,"geometry":{"type":"LineString","coordinates":[[-87.776517,41.900158],[-87.776414,41.90016],[-87.775918,41.900168],[-87.775506,41.900172],[-87.775413,41.900174],[-87.775304,41.900176]]},"properties":{"name":"Thomas Street","highway":"residential"}},{"type":"Feature","id":813,"geometry":{"type":"LineString","coordinates":[[-87.776517,41.900158],[-87.776632,41.900157],[-87.777141,41.90015],[-87.777636,41.900143],[-87.777739,41.900142]]},"properties":{"name":"Thomas Street","highway":"residential"}},{"type":"Feature","id":814,"geometry":{"type":"LineString","coordinates":[[-87.777739,41.900142],[-87.777851,41.90014],[-87.778354,41.900133],[-87.77885,41.900127],[-87.778964,41.900126]]},"properties":{"name":"Thomas Street","highway":"residential"}},{"type":"Feature","id":815,"geometry":{"type":"LineString","coordinates":[[-87.778964,41.900126],[-87.77907,41.900124],[-87.779579,41.900117],[-87.780069,41.900111],[-87.780172,41.900109]]},"properties":{"name":"Thomas Street","highway":"residential"}},{"type":"Feature","id":816,"geometry":{"type":"LineString","coordinates":[[-87.807063,41.89971],[-87.80696,41.899712],[-87.806498,41.89972],[-87.806205,41.899726],[-87.805599,41.899737],[-87.805576,41.899734],[-87.805442,41.89972]]},"properties":{"name":"Thomas Street","highway":"residential"}},{"type":"Feature","id":817,"geometry":{"type":"LineString","coordinates":[[-87.780168,41.899969],[-87.780278,41.899967],[-87.78076,41.899959],[-87.780974,41.899955],[-87.781379,41.899948]]},"properties":{"name":"Thomas Street","highway":"residential"}},{"type":"Feature","id":818,"geometry":{"type":"LineString","coordinates":[[-87.781379,41.899948],[-87.781674,41.899943],[-87.781796,41.899941]]},"properties":{"name":"Thomas Street","highway":"residential"}},{"type":"Feature","id":819,"geometry":{"type":"LineString","coordinates":[[-87.781796,41.899941],[-87.781933,41.899939],[-87.781999,41.899938],[-87.782497,41.899929],[-87.782605,41.899928]]},"properties":{"name":"Thomas Street","highway":"residential"}},{"type":"Feature","id":820,"geometry":{"type":"LineString","coordinates":[[-87.782605,41.899928],[-87.78321,41.899918],[-87.7833,41.899916],[-87.783431,41.899914]]},"properties":{"name":"Thomas Street","highway":"residential"}},{"type":"Feature","id":821,"geometry":{"type":"LineString","coordinates":[[-87.783431,41.899914],[-87.783565,41.899912],[-87.783823,41.899907]]},"properties":{"name":"Thomas Street","highway":"residential"}},{"type":"Feature","id":822,"geometry":{"type":"LineString","coordinates":[[-87.783823,41.899907],[-87.784245,41.8999],[-87.784428,41.899897],[-87.784926,41.899889],[-87.785056,41.899886]]},"properties":{"name":"Thomas Street","highway":"residential"}},{"type":"Feature","id":823,"geometry":{"type":"LineString","coordinates":[[-87.785056,41.899886],[-87.78519,41.899884],[-87.785866,41.899873],[-87.786551,41.899861],[-87.786676,41.899859]]},"properties":{"name":"Thomas Street","highway":"residential"}},{"type":"Feature","id":824,"geometry":{"type":"LineString","coordinates":[[-87.809403,41.874442],[-87.809241,41.87443],[-87.808824,41.874442],[-87.808767,41.87445],[-87.808719,41.874468],[-87.808683,41.8745],[-87.808663,41.874545],[-87.808659,41.874598],[-87.80866,41.874634],[-87.808663,41.874749],[-87.808656,41.874792],[-87.808635,41.874834],[-87.808606,41.874859],[-87.808555,41.874881],[-87.808502,41.874891],[-87.808484,41.874891],[-87.808344,41.874892],[-87.808309,41.874892],[-87.808197,41.874893]]},"properties":{"name":"Lehmer Street","highway":"residential"}},{"type":"Feature","id":825,"geometry":{"type":"LineString","coordinates":[[-87.809403,41.874442],[-87.809609,41.874491],[-87.80976,41.874531],[-87.80991,41.874555],[-87.810028,41.874556],[-87.810298,41.874561],[-87.810625,41.874543],[-87.811258,41.874503],[-87.811833,41.874485],[-87.812466,41.874466],[-87.813052,41.874448],[-87.813677,41.874431],[-87.81378,41.874437],[-87.813872,41.874455],[-87.813968,41.874479],[-87.814126,41.874541],[-87.814274,41.874619]]},"properties":{"name":"Lehmer Street","highway":"residential"}},{"type":"Feature","id":826,"geometry":{"type":"LineString","coordinates":[[-87.805745,41.874181],[-87.806205,41.874175],[-87.80637,41.874181],[-87.806428,41.874184],[-87.806965,41.874212]]},"properties":{"name":"Lehmer Street","highway":"residential"}},{"type":"Feature","id":827,"geometry":{"type":"LineString","coordinates":[[-87.806965,41.874212],[-87.807587,41.874249],[-87.807642,41.874265],[-87.807678,41.874288],[-87.8077,41.874321],[-87.807705,41.874357],[-87.807721,41.874753],[-87.807731,41.874799],[-87.807749,41.874834],[-87.807783,41.874866],[-87.807829,41.874886],[-87.807876,41.874895],[-87.808064,41.874893],[-87.808111,41.874893],[-87.808197,41.874893]]},"properties":{"name":"Lehmer Street","highway":"residential"}},{"type":"Feature","id":828,"geometry":{"type":"LineString","coordinates":[[-87.774288,41.870415],[-87.774443,41.870419],[-87.775521,41.870496]]},"properties":{"name":"Garfield Street","highway":"tertiary"}},{"type":"Feature","id":829,"geometry":{"type":"LineString","coordinates":[[-87.775521,41.870496],[-87.776767,41.870581]]},"properties":{"name":"Garfield Street","highway":"tertiary"}},{"type":"Feature","id":830,"geometry":{"type":"LineString","coordinates":[[-87.776767,41.870581],[-87.777992,41.870674]]},"properties":{"name":"Garfield Street","highway":"tertiary"}},{"type":"Feature","id":831,"geometry":{"type":"LineString","coordinates":[[-87.777992,41.870674],[-87.779122,41.87077],[-87.779235,41.870779]]},"properties":{"name":"Garfield Street","highway":"tertiary"}},{"type":"Feature","id":832,"geometry":{"type":"LineString","coordinates":[[-87.78908,41.871608],[-87.789176,41.871617],[-87.790305,41.871718]]},"properties":{"name":"Garfield Street","highway":"tertiary"}},{"type":"Feature","id":833,"geometry":{"type":"LineString","coordinates":[[-87.790305,41.871718],[-87.791545,41.871828]]},"properties":{"name":"Garfield Street","highway":"tertiary"}},{"type":"Feature","id":834,"geometry":{"type":"LineString","coordinates":[[-87.791545,41.871828],[-87.792227,41.871878],[-87.792765,41.871918]]},"properties":{"name":"Garfield Street","highway":"tertiary"}},{"type":"Feature","id":835,"geometry":{"type":"LineString","coordinates":[[-87.792765,41.871918],[-87.793876,41.87201],[-87.793986,41.872017]]},"properties":{"name":"Garfield Street","highway":"tertiary"}},{"type":"Feature","id":836,"geometry":{"type":"LineString","coordinates":[[-87.793986,41.872017],[-87.794091,41.872026],[-87.795269,41.872129]]},"properties":{"name":"Garfield Street","highway":"tertiary"}},{"type":"Feature","id":837,"geometry":{"type":"LineString","coordinates":[[-87.795269,41.872129],[-87.79596,41.872187],[-87.796589,41.87224]]},"properties":{"name":"Garfield Street","highway":"tertiary"}},{"type":"Feature","id":838,"geometry":{"type":"LineString","coordinates":[[-87.796589,41.87224],[-87.797235,41.872293],[-87.797903,41.872349]]},"properties":{"name":"Garfield Street","highway":"tertiary"}},{"type":"Feature","id":839,"geometry":{"type":"LineString","coordinates":[[-87.797903,41.872349],[-87.79834,41.872378],[-87.799132,41.872368],[-87.799247,41.872367]]},"properties":{"name":"Garfield Street","highway":"tertiary"}},{"type":"Feature","id":840,"geometry":{"type":"LineString","coordinates":[[-87.779235,41.870779],[-87.779371,41.87079],[-87.779602,41.870808],[-87.77991,41.870821],[-87.780462,41.870814]]},"properties":{"name":"Garfield Street","highway":"tertiary"}},{"type":"Feature","id":841,"geometry":{"type":"LineString","coordinates":[[-87.780462,41.870814],[-87.781088,41.870807],[-87.781312,41.870804],[-87.781519,41.870808],[-87.781694,41.87082]]},"properties":{"name":"Garfield Street","highway":"tertiary"}},{"type":"Feature","id":842,"geometry":{"type":"LineString","coordinates":[[-87.781694,41.87082],[-87.781813,41.870835],[-87.781976,41.870839],[-87.782314,41.870832],[-87.782702,41.870824],[-87.782908,41.87082]]},"properties":{"name":"Garfield Street","highway":"tertiary"}},{"type":"Feature","id":843,"geometry":{"type":"LineString","coordinates":[[-87.782908,41.87082],[-87.783028,41.870819],[-87.783187,41.870817],[-87.783408,41.870814],[-87.783457,41.870813],[-87.783529,41.870814],[-87.783593,41.870815],[-87.783682,41.870826],[-87.78376,41.870846],[-87.783854,41.87088],[-87.783948,41.870925],[-87.784048,41.87098],[-87.784157,41.871038]]},"properties":{"name":"Garfield Street","highway":"tertiary"}},{"type":"Feature","id":844,"geometry":{"type":"LineString","coordinates":[[-87.802039,41.872331],[-87.802813,41.872322],[-87.803139,41.872314],[-87.80337,41.872315],[-87.803591,41.872312]]},"properties":{"name":"Garfield Street","highway":"tertiary"}},{"type":"Feature","id":845,"geometry":{"type":"LineString","coordinates":[[-87.803591,41.872312],[-87.804097,41.872306],[-87.804244,41.872304],[-87.804333,41.872308],[-87.804466,41.872315]]},"properties":{"name":"Garfield Street","highway":"tertiary"}},{"type":"Feature","id":846,"geometry":{"type":"LineString","coordinates":[[-87.799247,41.872367],[-87.799344,41.872366],[-87.800571,41.87235],[-87.800621,41.872349]]},"properties":{"name":"Garfield Street","highway":"tertiary"}},{"type":"Feature","id":847,"geometry":{"type":"LineString","coordinates":[[-87.800621,41.872349],[-87.800882,41.872346],[-87.801861,41.872334],[-87.802039,41.872331]]},"properties":{"name":"Garfield Street","highway":"tertiary"}},{"type":"Feature","id":848,"geometry":{"type":"LineString","coordinates":[[-87.784157,41.871038],[-87.784267,41.871091],[-87.784351,41.871131],[-87.784465,41.871176],[-87.784605,41.871216],[-87.784776,41.871242],[-87.785377,41.871296]]},"properties":{"name":"Garfield Street","highway":"tertiary"}},{"type":"Feature","id":849,"geometry":{"type":"LineString","coordinates":[[-87.785377,41.871296],[-87.786,41.87135],[-87.78661,41.871401]]},"properties":{"name":"Garfield Street","highway":"tertiary"}},{"type":"Feature","id":850,"geometry":{"type":"LineString","coordinates":[[-87.78661,41.871401],[-87.786806,41.871418],[-87.788429,41.871553],[-87.788989,41.8716],[-87.78908,41.871608]]},"properties":{"name":"Garfield Street","highway":"tertiary"}},{"type":"Feature","id":851,"geometry":{"type":"LineString","coordinates":[[-87.778322,41.879969],[-87.778317,41.879901],[-87.77829,41.879194],[-87.778283,41.879024],[-87.778268,41.878666],[-87.778251,41.878255],[-87.778248,41.878181]]},"properties":{"name":"South Taylor Avenue","highway":"residential"}},{"type":"Feature","id":852,"geometry":{"type":"LineString","coordinates":[[-87.778248,41.878181],[-87.778245,41.878097],[-87.778184,41.876462],[-87.778181,41.876377]]},"properties":{"name":"South Taylor Avenue","highway":"residential"}},{"type":"Feature","id":853,"geometry":{"type":"LineString","coordinates":[[-87.778181,41.876377],[-87.778178,41.876297],[-87.778123,41.874633],[-87.77812,41.874543]]},"properties":{"name":"South Taylor Avenue","highway":"residential"}},{"type":"Feature","id":854,"geometry":{"type":"LineString","coordinates":[[-87.77812,41.874543],[-87.778118,41.87447],[-87.778058,41.872804],[-87.778055,41.87272]]},"properties":{"name":"South Taylor Avenue","highway":"residential"}},{"type":"Feature","id":855,"geometry":{"type":"LineString","coordinates":[[-87.778055,41.87272],[-87.778053,41.87264],[-87.778043,41.872266],[-87.778029,41.871742],[-87.778025,41.87171],[-87.778005,41.871675]]},"properties":{"name":"South Taylor Avenue","highway":"residential"}},{"type":"Feature","id":856,"geometry":{"type":"LineString","coordinates":[[-87.778138,41.887091],[-87.778134,41.886978],[-87.778133,41.886954],[-87.77812,41.886527],[-87.778086,41.885397],[-87.778083,41.885311]]},"properties":{"name":"South Taylor Avenue","highway":"residential"}},{"type":"Feature","id":857,"geometry":{"type":"LineString","coordinates":[[-87.778083,41.885311],[-87.778081,41.885239],[-87.778047,41.88409],[-87.778044,41.883993]]},"properties":{"name":"South Taylor Avenue","highway":"residential"}},{"type":"Feature","id":858,"geometry":{"type":"LineString","coordinates":[[-87.778044,41.883993],[-87.778042,41.88391],[-87.778001,41.882703]]},"properties":{"name":"South Taylor Avenue","highway":"residential"}},{"type":"Feature","id":859,"geometry":{"type":"LineString","coordinates":[[-87.777943,41.869067],[-87.77794,41.868988],[-87.777884,41.867321],[-87.777882,41.867243]]},"properties":{"name":"South Taylor Avenue","highway":"residential"}},{"type":"Feature","id":860,"geometry":{"type":"LineString","coordinates":[[-87.777882,41.867243],[-87.777879,41.867161],[-87.777838,41.865869],[-87.777826,41.865498],[-87.777823,41.865412]]},"properties":{"name":"South Taylor Avenue","highway":"residential"}},{"type":"Feature","id":861,"geometry":{"type":"LineString","coordinates":[[-87.778002,41.882568],[-87.777988,41.882152],[-87.777984,41.88205]]},"properties":{"name":"South Taylor Avenue","highway":"residential"}},{"type":"Feature","id":862,"geometry":{"type":"LineString","coordinates":[[-87.777984,41.88205],[-87.777981,41.881959],[-87.777966,41.881508],[-87.777934,41.88057],[-87.77793,41.880461],[-87.777923,41.880293],[-87.777921,41.880199],[-87.777918,41.880093]]},"properties":{"name":"South Taylor Avenue","highway":"residential"}},{"type":"Feature","id":863,"geometry":{"type":"LineString","coordinates":[[-87.777918,41.880093],[-87.777913,41.879976]]},"properties":{"name":"South Taylor Avenue","highway":"residential"}},{"type":"Feature","id":864,"geometry":{"type":"LineString","coordinates":[[-87.777992,41.870674],[-87.777991,41.87063],[-87.777979,41.870266],[-87.777946,41.869148],[-87.777943,41.869067]]},"properties":{"name":"South Taylor Avenue","highway":"residential"}},{"type":"Feature","id":865,"geometry":{"type":"LineString","coordinates":[[-87.77833,41.880086],[-87.778322,41.879969]]},"properties":{"name":"South Taylor Avenue","highway":"residential"}},{"type":"Feature","id":866,"geometry":{"type":"LineString","coordinates":[[-87.778902,41.898305],[-87.778905,41.898388],[-87.778961,41.900049],[-87.778964,41.900126]]},"properties":{"name":"Hayes Avenue","highway":"residential"}},{"type":"Feature","id":867,"geometry":{"type":"LineString","coordinates":[[-87.778964,41.900126],[-87.778966,41.900209],[-87.779014,41.901872],[-87.779016,41.901944]]},"properties":{"name":"Hayes Avenue","highway":"residential"}},{"type":"Feature","id":868,"geometry":{"type":"LineString","coordinates":[[-87.779016,41.901944],[-87.779019,41.902034],[-87.779082,41.903789],[-87.779085,41.903867]]},"properties":{"name":"Hayes Avenue","highway":"residential"}},{"type":"Feature","id":869,"geometry":{"type":"LineString","coordinates":[[-87.779085,41.903867],[-87.779088,41.90395],[-87.779156,41.905757],[-87.77916,41.905837]]},"properties":{"name":"Hayes Avenue","highway":"residential"}},{"type":"Feature","id":870,"geometry":{"type":"LineString","coordinates":[[-87.779413,41.905834],[-87.779416,41.905923],[-87.779448,41.906947],[-87.77946,41.907319],[-87.779461,41.907364]]},"properties":{"name":"Hayes Avenue","highway":"residential"}},{"type":"Feature","id":871,"geometry":{"type":"LineString","coordinates":[[-87.779461,41.907364],[-87.779465,41.907482]]},"properties":{"name":"Hayes Avenue","highway":"residential"}},{"type":"Feature","id":872,"geometry":{"type":"LineString","coordinates":[[-87.779465,41.907482],[-87.779467,41.907545],[-87.779479,41.907927],[-87.7795,41.908595]]},"properties":{"name":"Hayes Avenue","highway":"residential"}},{"type":"Feature","id":873,"geometry":{"type":"LineString","coordinates":[[-87.765052,41.885717],[-87.765198,41.885714],[-87.76588,41.885704],[-87.766573,41.885694],[-87.766709,41.885691],[-87.766841,41.885689],[-87.767511,41.885679],[-87.767669,41.885677],[-87.768205,41.885669],[-87.768333,41.885666],[-87.768473,41.885664],[-87.769138,41.885654],[-87.76982,41.885644],[-87.76995,41.885642]]},"properties":{"name":"West Fulton Street","highway":"residential"}},{"type":"Feature","id":874,"geometry":{"type":"LineString","coordinates":[[-87.76995,41.885642],[-87.770088,41.88564],[-87.770959,41.885628],[-87.771842,41.885616],[-87.77197,41.885615]]},"properties":{"name":"West Fulton Street","highway":"residential"}},{"type":"Feature","id":875,"geometry":{"type":"LineString","coordinates":[[-87.77197,41.885615],[-87.772111,41.885613],[-87.772696,41.885605],[-87.773304,41.885598],[-87.773403,41.885596]]},"properties":{"name":"West Fulton Street","highway":"residential"}},{"type":"Feature","id":876,"geometry":{"type":"LineString","coordinates":[[-87.773403,41.885596],[-87.773515,41.885595],[-87.774106,41.885585],[-87.774706,41.885575],[-87.774833,41.885573]]},"properties":{"name":"West Fulton Street","highway":"residential"}},{"type":"Feature","id":877,"geometry":{"type":"LineString","coordinates":[[-87.786623,41.90913],[-87.786627,41.909253],[-87.786631,41.909363],[-87.786642,41.909684],[-87.786645,41.909777],[-87.786682,41.910864],[-87.786685,41.910945]]},"properties":{"name":"North Nagle Avenue","highway":"residential"}},{"type":"Feature","id":878,"geometry":{"type":"LineString","coordinates":[[-87.786685,41.910945],[-87.786687,41.911024],[-87.786736,41.912681],[-87.786738,41.912765],[-87.78674,41.912839],[-87.786788,41.914493],[-87.786791,41.914589]]},"properties":{"name":"North Nagle Avenue","highway":"residential"}},{"type":"Feature","id":879,"geometry":{"type":"LineString","coordinates":[[-87.794461,41.88689],[-87.794459,41.88682],[-87.79445,41.886526],[-87.794444,41.886309],[-87.794433,41.885935],[-87.794427,41.885713],[-87.794414,41.885252],[-87.794411,41.885184]]},"properties":{"name":"South Oak Park Avenue","highway":"tertiary"}},{"type":"Feature","id":880,"geometry":{"type":"LineString","coordinates":[[-87.794005,41.8728],[-87.794003,41.872715],[-87.793988,41.872062],[-87.793986,41.872017]]},"properties":{"name":"South Oak Park Avenue","highway":"tertiary"}},{"type":"Feature","id":881,"geometry":{"type":"LineString","coordinates":[[-87.793875,41.868807],[-87.793873,41.86873],[-87.793821,41.867065],[-87.793818,41.866988]]},"properties":{"name":"South Oak Park Avenue","highway":"tertiary"}},{"type":"Feature","id":882,"geometry":{"type":"LineString","coordinates":[[-87.793818,41.866988],[-87.793816,41.866908],[-87.793777,41.865641],[-87.793774,41.86555],[-87.793764,41.865246],[-87.793762,41.865161]]},"properties":{"name":"South Oak Park Avenue","highway":"tertiary"}},{"type":"Feature","id":883,"geometry":{"type":"LineString","coordinates":[[-87.794357,41.883313],[-87.794359,41.883358],[-87.794359,41.883377]]},"properties":{"name":"South Oak Park Avenue","highway":"tertiary"}},{"type":"Feature","id":884,"geometry":{"type":"LineString","coordinates":[[-87.794052,41.874287],[-87.794049,41.874207],[-87.794039,41.873885],[-87.794016,41.873168],[-87.794007,41.872853],[-87.794005,41.8728]]},"properties":{"name":"South Oak Park Avenue","highway":"tertiary"}},{"type":"Feature","id":885,"geometry":{"type":"LineString","coordinates":[[-87.794246,41.879765],[-87.794242,41.879642],[-87.79423,41.879292],[-87.794228,41.879237],[-87.794186,41.878017],[-87.794183,41.877941]]},"properties":{"name":"South Oak Park Avenue","highway":"tertiary"}},{"type":"Feature","id":886,"geometry":{"type":"LineString","coordinates":[[-87.794183,41.877941],[-87.79418,41.877859],[-87.794123,41.876197],[-87.79412,41.87611]]},"properties":{"name":"South Oak Park Avenue","highway":"tertiary"}},{"type":"Feature","id":887,"geometry":{"type":"LineString","coordinates":[[-87.794302,41.881581],[-87.7943,41.881501],[-87.79427,41.880587],[-87.794269,41.880571],[-87.794262,41.880344],[-87.79426,41.880277],[-87.794255,41.88011],[-87.79425,41.879881],[-87.794246,41.879765]]},"properties":{"name":"South Oak Park Avenue","highway":"tertiary"}},{"type":"Feature","id":888,"geometry":{"type":"LineString","coordinates":[[-87.793986,41.872017],[-87.793986,41.871971],[-87.793969,41.871531],[-87.793941,41.870719],[-87.793938,41.870642]]},"properties":{"name":"South Oak Park Avenue","highway":"tertiary"}},{"type":"Feature","id":889,"geometry":{"type":"LineString","coordinates":[[-87.793938,41.870642],[-87.793936,41.870559],[-87.793878,41.868895],[-87.793875,41.868807]]},"properties":{"name":"South Oak Park Avenue","highway":"tertiary"}},{"type":"Feature","id":890,"geometry":{"type":"LineString","coordinates":[[-87.794407,41.88504],[-87.794405,41.884961],[-87.794398,41.884722],[-87.794363,41.883511]]},"properties":{"name":"South Oak Park Avenue","highway":"tertiary"}},{"type":"Feature","id":891,"geometry":{"type":"LineString","coordinates":[[-87.794411,41.885184],[-87.794407,41.88504]]},"properties":{"name":"South Oak Park Avenue","highway":"tertiary"}},{"type":"Feature","id":892,"geometry":{"type":"LineString","coordinates":[[-87.79412,41.87611],[-87.794117,41.876036],[-87.794055,41.874368],[-87.794052,41.874287]]},"properties":{"name":"South Oak Park Avenue","highway":"tertiary"}},{"type":"Feature","id":893,"geometry":{"type":"LineString","coordinates":[[-87.794355,41.883253],[-87.794354,41.883223],[-87.794305,41.881673],[-87.794302,41.881581]]},"properties":{"name":"South Oak Park Avenue","highway":"tertiary"}},{"type":"Feature","id":894,"geometry":{"type":"LineString","coordinates":[[-87.794363,41.883511],[-87.794359,41.883377]]},"properties":{"name":"South Oak Park Avenue","highway":"tertiary"}},{"type":"Feature","id":895,"geometry":{"type":"LineString","coordinates":[[-87.794357,41.883313],[-87.794355,41.883253]]},"properties":{"name":"South Oak Park Avenue","highway":"tertiary"}},{"type":"Feature","id":896,"geometry":{"type":"LineString","coordinates":[[-87.81461,41.884167],[-87.814514,41.884168],[-87.813962,41.884175],[-87.813396,41.884181],[-87.813281,41.884183],[-87.813176,41.884185],[-87.812621,41.884196],[-87.812049,41.884207],[-87.811935,41.884209],[-87.811833,41.88421],[-87.811427,41.884217],[-87.811158,41.884221],[-87.811051,41.884223],[-87.810947,41.884224],[-87.809695,41.884241],[-87.809572,41.884243]]},"properties":{"name":"Dixon Street","highway":"residential"}},{"type":"Feature","id":897,"geometry":{"type":"LineString","coordinates":[[-87.809572,41.884243],[-87.809465,41.884244],[-87.808943,41.884252],[-87.808825,41.884254]]},"properties":{"name":"Dixon Street","highway":"residential"}},{"type":"Feature","id":898,"geometry":{"type":"LineString","coordinates":[[-87.808825,41.884254],[-87.80872,41.884256],[-87.808394,41.884262],[-87.808171,41.884266],[-87.807624,41.884277],[-87.807513,41.884279]]},"properties":{"name":"Dixon Street","highway":"residential"}},{"type":"Feature","id":899,"geometry":{"type":"LineString","coordinates":[[-87.807513,41.884279],[-87.807407,41.88428],[-87.806848,41.884289],[-87.806314,41.884297],[-87.806199,41.884299]]},"properties":{"name":"Dixon Street","highway":"residential"}},{"type":"Feature","id":900,"geometry":{"type":"LineString","coordinates":[[-87.806199,41.884299],[-87.806096,41.8843],[-87.805542,41.884307],[-87.805166,41.884312],[-87.805005,41.88428],[-87.804887,41.884257]]},"properties":{"name":"Dixon Street","highway":"residential"}},{"type":"Feature","id":901,"geometry":{"type":"LineString","coordinates":[[-87.784627,41.905707],[-87.78463,41.905788],[-87.78468,41.907238],[-87.784682,41.907315]]},"properties":{"name":"North Edmer Avenue","highway":"residential"}},{"type":"Feature","id":902,"geometry":{"type":"LineString","coordinates":[[-87.784682,41.907315],[-87.784684,41.9074],[-87.784711,41.908543],[-87.784669,41.908644]]},"properties":{"name":"North Edmer Avenue","highway":"residential"}},{"type":"Feature","id":903,"geometry":{"type":"LineString","coordinates":[[-87.767762,41.890086],[-87.767876,41.890085],[-87.769869,41.890068],[-87.769976,41.890067]]},"properties":{"name":"West Race Avenue","highway":"residential"}},{"type":"Feature","id":904,"geometry":{"type":"LineString","coordinates":[[-87.769976,41.890067],[-87.770082,41.890066],[-87.772024,41.890047],[-87.772119,41.890046]]},"properties":{"name":"West Race Avenue","highway":"residential"}},{"type":"Feature","id":905,"geometry":{"type":"LineString","coordinates":[[-87.772119,41.890046],[-87.772236,41.890045],[-87.774874,41.890016],[-87.774978,41.890015]]},"properties":{"name":"West Race Avenue","highway":"residential"}},{"type":"Feature","id":906,"geometry":{"type":"LineString","coordinates":[[-87.775387,41.896521],[-87.776008,41.896512],[-87.776685,41.896503],[-87.776806,41.896501]]},"properties":{"name":"Iowa Street","highway":"residential"}},{"type":"Feature","id":907,"geometry":{"type":"LineString","coordinates":[[-87.776806,41.896501],[-87.776949,41.896499],[-87.777637,41.896493],[-87.77831,41.89648],[-87.778427,41.896478]]},"properties":{"name":"Iowa Street","highway":"residential"}},{"type":"Feature","id":908,"geometry":{"type":"LineString","coordinates":[[-87.778427,41.896478],[-87.778573,41.896476],[-87.779248,41.896467],[-87.779933,41.896457],[-87.780053,41.896455]]},"properties":{"name":"Iowa Street","highway":"residential"}},{"type":"Feature","id":909,"geometry":{"type":"LineString","coordinates":[[-87.780053,41.896455],[-87.780196,41.896453],[-87.780877,41.896444],[-87.781555,41.896434],[-87.781682,41.896433]]},"properties":{"name":"Iowa Street","highway":"residential"}},{"type":"Feature","id":910,"geometry":{"type":"LineString","coordinates":[[-87.781682,41.896433],[-87.78182,41.896431],[-87.782495,41.896421],[-87.783178,41.896411],[-87.783319,41.896409]]},"properties":{"name":"Iowa Street","highway":"residential"}},{"type":"Feature","id":911,"geometry":{"type":"LineString","coordinates":[[-87.783319,41.896409],[-87.783447,41.896408],[-87.78414,41.896398],[-87.784803,41.896389],[-87.784924,41.896387]]},"properties":{"name":"Iowa Street","highway":"residential"}},{"type":"Feature","id":912,"geometry":{"type":"LineString","coordinates":[[-87.784924,41.896387],[-87.785071,41.896385],[-87.785756,41.896375],[-87.786433,41.896366],[-87.78656,41.896364]]},"properties":{"name":"Iowa Street","highway":"residential"}},{"type":"Feature","id":913,"geometry":{"type":"LineString","coordinates":[[-87.78656,41.896364],[-87.786697,41.896362],[-87.787387,41.896352],[-87.788067,41.896343],[-87.788188,41.896341]]},"properties":{"name":"Iowa Street","highway":"residential"}},{"type":"Feature","id":914,"geometry":{"type":"LineString","coordinates":[[-87.788188,41.896341],[-87.788333,41.896339],[-87.789014,41.89633],[-87.789698,41.89632],[-87.789816,41.896318]]},"properties":{"name":"Iowa Street","highway":"residential"}},{"type":"Feature","id":915,"geometry":{"type":"LineString","coordinates":[[-87.789816,41.896318],[-87.789964,41.896316],[-87.791263,41.896298],[-87.791356,41.896297]]},"properties":{"name":"Iowa Street","highway":"residential"}},{"type":"Feature","id":916,"geometry":{"type":"LineString","coordinates":[[-87.791356,41.896297],[-87.79148,41.896295],[-87.792793,41.896277],[-87.792904,41.896275]]},"properties":{"name":"Iowa Street","highway":"residential"}},{"type":"Feature","id":917,"geometry":{"type":"LineString","coordinates":[[-87.792904,41.896275],[-87.793008,41.896274],[-87.794593,41.896251],[-87.794618,41.896247],[-87.794714,41.896229]]},"properties":{"name":"Iowa Street","highway":"residential"}},{"type":"Feature","id":918,"geometry":{"type":"LineString","coordinates":[[-87.805309,41.896089],[-87.80544,41.896086],[-87.806757,41.896058],[-87.806823,41.896056],[-87.806932,41.896054]]},"properties":{"name":"Iowa Street","highway":"residential"}},{"type":"Feature","id":919,"geometry":{"type":"LineString","coordinates":[[-87.806932,41.896054],[-87.80704,41.896051],[-87.807069,41.896051],[-87.808446,41.896021],[-87.808546,41.896019]]},"properties":{"name":"Iowa Street","highway":"residential"}},{"type":"Feature","id":920,"geometry":{"type":"LineString","coordinates":[[-87.808546,41.896019],[-87.808659,41.896016],[-87.810071,41.895986],[-87.810168,41.895983],[-87.810284,41.895981],[-87.811695,41.89595],[-87.811793,41.895948],[-87.811913,41.895945],[-87.813313,41.895915],[-87.813411,41.895913],[-87.813527,41.89591],[-87.814871,41.895881],[-87.814911,41.89588],[-87.815044,41.895877],[-87.81517,41.895875],[-87.815191,41.895874],[-87.816544,41.895845],[-87.816664,41.895842],[-87.81679,41.895839],[-87.818168,41.895809],[-87.818283,41.895807],[-87.818413,41.895804],[-87.819788,41.895774],[-87.819901,41.895772],[-87.820037,41.895769],[-87.821196,41.895744]]},"properties":{"name":"Iowa Street","highway":"residential"}},{"type":"Feature","id":921,"geometry":{"type":"LineString","coordinates":[[-87.794714,41.896229],[-87.794836,41.896211],[-87.796121,41.896191],[-87.796222,41.896189]]},"properties":{"name":"Iowa Street","highway":"residential"}},{"type":"Feature","id":922,"geometry":{"type":"LineString","coordinates":[[-87.796222,41.896189],[-87.796327,41.896188],[-87.797617,41.896168],[-87.797714,41.896166]]},"properties":{"name":"Iowa Street","highway":"residential"}},{"type":"Feature","id":923,"geometry":{"type":"LineString","coordinates":[[-87.803807,41.878179],[-87.803924,41.878177],[-87.804569,41.878168],[-87.804673,41.878167]]},"properties":{"name":"Monroe Street","highway":"residential"}},{"type":"Feature","id":924,"geometry":{"type":"LineString","coordinates":[[-87.795395,41.878317],[-87.795495,41.878315],[-87.796154,41.878308],[-87.796224,41.878307]]},"properties":{"name":"Monroe Street","highway":"residential"}},{"type":"Feature","id":925,"geometry":{"type":"LineString","coordinates":[[-87.796224,41.878307],[-87.79631,41.878305],[-87.796625,41.8783],[-87.79722,41.87829],[-87.797326,41.878289]]},"properties":{"name":"Monroe Street","highway":"residential"}},{"type":"Feature","id":926,"geometry":{"type":"LineString","coordinates":[[-87.797326,41.878289],[-87.797454,41.878287],[-87.798046,41.878279],[-87.798654,41.87827],[-87.798767,41.878269]]},"properties":{"name":"Monroe Street","highway":"residential"}},{"type":"Feature","id":927,"geometry":{"type":"LineString","coordinates":[[-87.798767,41.878269],[-87.798887,41.878266],[-87.799485,41.878252],[-87.799709,41.878247],[-87.799801,41.878245]]},"properties":{"name":"Monroe Street","highway":"residential"}},{"type":"Feature","id":928,"geometry":{"type":"LineString","coordinates":[[-87.799801,41.878245],[-87.799921,41.878242],[-87.800426,41.878233],[-87.800924,41.878224],[-87.801017,41.878222]]},"properties":{"name":"Monroe Street","highway":"residential"}},{"type":"Feature","id":929,"geometry":{"type":"LineString","coordinates":[[-87.801017,41.878222],[-87.801139,41.87822],[-87.801632,41.878211],[-87.802085,41.878203],[-87.802142,41.878202],[-87.802234,41.878201]]},"properties":{"name":"Monroe Street","highway":"residential"}},{"type":"Feature","id":930,"geometry":{"type":"LineString","coordinates":[[-87.776425,41.909248],[-87.77643,41.909376],[-87.776433,41.909487],[-87.776443,41.909754],[-87.776485,41.910993],[-87.776488,41.911069]]},"properties":{"name":"North McVicker Avenue","highway":"residential"}},{"type":"Feature","id":931,"geometry":{"type":"LineString","coordinates":[[-87.776488,41.911069],[-87.77649,41.911152],[-87.776547,41.912819],[-87.77655,41.912887]]},"properties":{"name":"North McVicker Avenue","highway":"residential"}},{"type":"Feature","id":932,"geometry":{"type":"LineString","coordinates":[[-87.77479,41.878233],[-87.77523,41.878226],[-87.775725,41.878219],[-87.775815,41.878217]]},"properties":{"name":"Adams Street","highway":"residential"}},{"type":"Feature","id":933,"geometry":{"type":"LineString","coordinates":[[-87.775815,41.878217],[-87.775949,41.878215],[-87.776444,41.878208],[-87.776935,41.878201],[-87.777033,41.878199]]},"properties":{"name":"Adams Street","highway":"residential"}},{"type":"Feature","id":934,"geometry":{"type":"LineString","coordinates":[[-87.777033,41.878199],[-87.777162,41.878197],[-87.777632,41.87819],[-87.778149,41.878182],[-87.778248,41.878181]]},"properties":{"name":"Adams Street","highway":"residential"}},{"type":"Feature","id":935,"geometry":{"type":"LineString","coordinates":[[-87.778248,41.878181],[-87.778365,41.878179],[-87.778868,41.878172],[-87.779362,41.878164],[-87.779487,41.878162]]},"properties":{"name":"Adams Street","highway":"residential"}},{"type":"Feature","id":936,"geometry":{"type":"LineString","coordinates":[[-87.779487,41.878162],[-87.779635,41.87816],[-87.780134,41.878152],[-87.780624,41.878145],[-87.780718,41.878144]]},"properties":{"name":"Adams Street","highway":"residential"}},{"type":"Feature","id":937,"geometry":{"type":"LineString","coordinates":[[-87.780718,41.878144],[-87.780842,41.878142],[-87.781339,41.878134],[-87.78184,41.878127],[-87.78194,41.878125]]},"properties":{"name":"Adams Street","highway":"residential"}},{"type":"Feature","id":938,"geometry":{"type":"LineString","coordinates":[[-87.78194,41.878125],[-87.782051,41.878124],[-87.782556,41.878116],[-87.783065,41.878108],[-87.783164,41.878107]]},"properties":{"name":"Adams Street","highway":"residential"}},{"type":"Feature","id":939,"geometry":{"type":"LineString","coordinates":[[-87.783164,41.878107],[-87.78328,41.878105],[-87.78378,41.878098],[-87.784289,41.87809],[-87.784386,41.878088]]},"properties":{"name":"Adams Street","highway":"residential"}},{"type":"Feature","id":940,"geometry":{"type":"LineString","coordinates":[[-87.784386,41.878088],[-87.78451,41.878087],[-87.78501,41.878079],[-87.785543,41.878071],[-87.785625,41.87807]]},"properties":{"name":"Adams Street","highway":"residential"}},{"type":"Feature","id":941,"geometry":{"type":"LineString","coordinates":[[-87.785625,41.87807],[-87.785706,41.878069],[-87.786228,41.878061],[-87.786766,41.878053],[-87.786856,41.878051]]},"properties":{"name":"Adams Street","highway":"residential"}},{"type":"Feature","id":942,"geometry":{"type":"LineString","coordinates":[[-87.786856,41.878051],[-87.786954,41.87805],[-87.787456,41.878042],[-87.787963,41.878035],[-87.788066,41.878033]]},"properties":{"name":"Adams Street","highway":"residential"}},{"type":"Feature","id":943,"geometry":{"type":"LineString","coordinates":[[-87.788066,41.878033],[-87.78818,41.878031],[-87.788674,41.878024],[-87.789188,41.878016],[-87.789289,41.878015]]},"properties":{"name":"Adams Street","highway":"residential"}},{"type":"Feature","id":944,"geometry":{"type":"LineString","coordinates":[[-87.789289,41.878015],[-87.789403,41.878013],[-87.789912,41.878005],[-87.79041,41.877998],[-87.790512,41.877996]]},"properties":{"name":"Adams Street","highway":"residential"}},{"type":"Feature","id":945,"geometry":{"type":"LineString","coordinates":[[-87.790512,41.877996],[-87.790631,41.877995],[-87.791133,41.877987],[-87.791636,41.87798],[-87.791732,41.877978]]},"properties":{"name":"Adams Street","highway":"residential"}},{"type":"Feature","id":946,"geometry":{"type":"LineString","coordinates":[[-87.791732,41.877978],[-87.791848,41.877976],[-87.792342,41.877969],[-87.792855,41.877961],[-87.792955,41.87796]]},"properties":{"name":"Adams Street","highway":"residential"}},{"type":"Feature","id":947,"geometry":{"type":"LineString","coordinates":[[-87.792955,41.87796],[-87.793072,41.877958],[-87.79358,41.87795],[-87.794085,41.877943],[-87.794183,41.877941]]},"properties":{"name":"Adams Street","highway":"residential"}},{"type":"Feature","id":948,"geometry":{"type":"LineString","coordinates":[[-87.794183,41.877941],[-87.7943,41.877939],[-87.794815,41.877932],[-87.795293,41.877925],[-87.795383,41.877923]]},"properties":{"name":"Adams Street","highway":"residential"}},{"type":"Feature","id":949,"geometry":{"type":"LineString","coordinates":[[-87.795353,41.876905],[-87.795445,41.876903],[-87.796102,41.876893],[-87.796178,41.876892]]},"properties":{"name":"Adams Street","highway":"residential"}},{"type":"Feature","id":950,"geometry":{"type":"LineString","coordinates":[[-87.796178,41.876892],[-87.79626,41.876891],[-87.796579,41.876886],[-87.797171,41.876877],[-87.797279,41.876875]]},"properties":{"name":"Adams Street","highway":"residential"}},{"type":"Feature","id":951,"geometry":{"type":"LineString","coordinates":[[-87.797279,41.876875],[-87.797405,41.876873],[-87.798013,41.876863],[-87.798605,41.876854],[-87.798713,41.876853]]},"properties":{"name":"Adams Street","highway":"residential"}},{"type":"Feature","id":952,"geometry":{"type":"LineString","coordinates":[[-87.798713,41.876853],[-87.79884,41.876851],[-87.799427,41.876842],[-87.799658,41.876838],[-87.79975,41.876837]]},"properties":{"name":"Adams Street","highway":"residential"}},{"type":"Feature","id":953,"geometry":{"type":"LineString","coordinates":[[-87.804659,41.877802],[-87.804776,41.8778],[-87.805387,41.877789],[-87.80549,41.877787]]},"properties":{"name":"Adams Street","highway":"residential"}},{"type":"Feature","id":954,"geometry":{"type":"LineString","coordinates":[[-87.80549,41.877787],[-87.805606,41.877785],[-87.80623,41.877772],[-87.806862,41.877759],[-87.806961,41.877756]]},"properties":{"name":"Adams Street","highway":"residential"}},{"type":"Feature","id":955,"geometry":{"type":"LineString","coordinates":[[-87.806961,41.877756],[-87.80708,41.877754],[-87.807643,41.877741],[-87.80819,41.877728],[-87.8083,41.877725]]},"properties":{"name":"Adams Street","highway":"residential"}},{"type":"Feature","id":956,"geometry":{"type":"LineString","coordinates":[[-87.8083,41.877725],[-87.808408,41.877724],[-87.808931,41.877715],[-87.809421,41.877707],[-87.80952,41.877706]]},"properties":{"name":"Adams Street","highway":"residential"}},{"type":"Feature","id":957,"geometry":{"type":"LineString","coordinates":[[-87.80952,41.877706],[-87.809638,41.877703],[-87.810143,41.877691],[-87.810648,41.877677],[-87.810738,41.877675]]},"properties":{"name":"Adams Street","highway":"residential"}},{"type":"Feature","id":958,"geometry":{"type":"LineString","coordinates":[[-87.79975,41.876837],[-87.79987,41.876835],[-87.800376,41.876827],[-87.800874,41.876819],[-87.800973,41.876818]]},"properties":{"name":"Adams Street","highway":"residential"}},{"type":"Feature","id":959,"geometry":{"type":"LineString","coordinates":[[-87.800973,41.876818],[-87.80109,41.876816],[-87.801584,41.876808],[-87.802092,41.8768],[-87.802189,41.876799]]},"properties":{"name":"Adams Street","highway":"residential"}},{"type":"Feature","id":960,"geometry":{"type":"LineString","coordinates":[[-87.802189,41.876799],[-87.802309,41.876797],[-87.802994,41.876786],[-87.803656,41.876776],[-87.803766,41.876774]]},"properties":{"name":"Adams Street","highway":"residential"}},{"type":"Feature","id":961,"geometry":{"type":"LineString","coordinates":[[-87.788426,41.914563],[-87.788423,41.914483],[-87.78837,41.912822],[-87.788367,41.912745],[-87.788365,41.912663],[-87.788341,41.911934],[-87.788337,41.911804],[-87.788335,41.91172],[-87.78833,41.911586],[-87.788327,41.911003],[-87.788326,41.910974]]},"properties":{"name":"North Natchez Avenue","highway":"residential"}},{"type":"Feature","id":962,"geometry":{"type":"LineString","coordinates":[[-87.788323,41.91087],[-87.788322,41.910843],[-87.788272,41.909756],[-87.788255,41.909232],[-87.788251,41.909109]]},"properties":{"name":"North Natchez Avenue","highway":"residential"}},{"type":"Feature","id":963,"geometry":{"type":"LineString","coordinates":[[-87.775077,41.893102],[-87.775156,41.893168],[-87.775204,41.89319],[-87.775223,41.893199],[-87.775312,41.893234],[-87.775908,41.893225],[-87.776582,41.893214],[-87.776687,41.893213]]},"properties":{"name":"Superior Street","highway":"residential"}},{"type":"Feature","id":964,"geometry":{"type":"LineString","coordinates":[[-87.800302,41.893105],[-87.800412,41.893103],[-87.801006,41.893092],[-87.802713,41.893062],[-87.802782,41.893061]]},"properties":{"name":"Superior Street","highway":"residential"}},{"type":"Feature","id":965,"geometry":{"type":"LineString","coordinates":[[-87.802782,41.893061],[-87.802877,41.893059],[-87.803438,41.893049],[-87.803837,41.893042],[-87.80391,41.893041]]},"properties":{"name":"Superior Street","highway":"residential"}},{"type":"Feature","id":966,"geometry":{"type":"LineString","coordinates":[[-87.776687,41.893213],[-87.776844,41.89321],[-87.777518,41.893199],[-87.778203,41.893189],[-87.778325,41.893187]]},"properties":{"name":"Superior Street","highway":"residential"}},{"type":"Feature","id":967,"geometry":{"type":"LineString","coordinates":[[-87.778325,41.893187],[-87.778472,41.893184],[-87.779138,41.893174],[-87.779835,41.893163],[-87.779951,41.893161]]},"properties":{"name":"Superior Street","highway":"residential"}},{"type":"Feature","id":968,"geometry":{"type":"LineString","coordinates":[[-87.779951,41.893161],[-87.780091,41.893159],[-87.780767,41.893148],[-87.781455,41.893137],[-87.781581,41.893135]]},"properties":{"name":"Superior Street","highway":"residential"}},{"type":"Feature","id":969,"geometry":{"type":"LineString","coordinates":[[-87.781581,41.893135],[-87.781715,41.893133],[-87.782393,41.893122],[-87.783076,41.893112],[-87.783213,41.89311]]},"properties":{"name":"Superior Street","highway":"residential"}},{"type":"Feature","id":970,"geometry":{"type":"LineString","coordinates":[[-87.783213,41.89311],[-87.783339,41.893107],[-87.784019,41.893097],[-87.784699,41.893086],[-87.784823,41.893084]]},"properties":{"name":"Superior Street","highway":"residential"}},{"type":"Feature","id":971,"geometry":{"type":"LineString","coordinates":[[-87.784823,41.893084],[-87.784963,41.893082],[-87.785652,41.893071],[-87.786325,41.89306],[-87.786456,41.893058]]},"properties":{"name":"Superior Street","highway":"residential"}},{"type":"Feature","id":972,"geometry":{"type":"LineString","coordinates":[[-87.786456,41.893058],[-87.786594,41.893056],[-87.787281,41.893045],[-87.787957,41.893034],[-87.788083,41.893032]]},"properties":{"name":"Superior Street","highway":"residential"}},{"type":"Feature","id":973,"geometry":{"type":"LineString","coordinates":[[-87.788083,41.893032],[-87.788223,41.89303],[-87.788913,41.89302],[-87.789596,41.893009],[-87.789722,41.893007]]},"properties":{"name":"Superior Street","highway":"residential"}},{"type":"Feature","id":974,"geometry":{"type":"LineString","coordinates":[[-87.789722,41.893007],[-87.789866,41.893004],[-87.790512,41.892994],[-87.791133,41.892984],[-87.791165,41.892984],[-87.791269,41.892982]]},"properties":{"name":"Superior Street","highway":"residential"}},{"type":"Feature","id":975,"geometry":{"type":"LineString","coordinates":[[-87.791269,41.892982],[-87.791383,41.89298],[-87.791415,41.89298],[-87.792051,41.89297],[-87.792702,41.892959],[-87.792818,41.892958]]},"properties":{"name":"Superior Street","highway":"residential"}},{"type":"Feature","id":976,"geometry":{"type":"LineString","coordinates":[[-87.792818,41.892958],[-87.792924,41.892956],[-87.793439,41.892948],[-87.793732,41.892943],[-87.794527,41.892931],[-87.794622,41.892929]]},"properties":{"name":"Superior Street","highway":"residential"}},{"type":"Feature","id":977,"geometry":{"type":"LineString","coordinates":[[-87.80391,41.893041],[-87.803999,41.89304],[-87.804564,41.89303],[-87.804749,41.893023],[-87.804921,41.893037],[-87.805088,41.893039],[-87.805196,41.89304]]},"properties":{"name":"Superior Street","highway":"residential"}},{"type":"Feature","id":978,"geometry":{"type":"LineString","coordinates":[[-87.780708,41.905819],[-87.780711,41.905905],[-87.780744,41.906932],[-87.780756,41.907305],[-87.780757,41.907346]]},"properties":{"name":"North Lombard Avenue","highway":"residential"}},{"type":"Feature","id":979,"geometry":{"type":"LineString","coordinates":[[-87.780757,41.907346],[-87.780761,41.90747]]},"properties":{"name":"North Lombard Avenue","highway":"residential"}},{"type":"Feature","id":980,"geometry":{"type":"LineString","coordinates":[[-87.780761,41.90747],[-87.780763,41.907529],[-87.780775,41.90791],[-87.7808,41.908691],[-87.780812,41.909072],[-87.780816,41.909196]]},"properties":{"name":"North Lombard Avenue","highway":"residential"}},{"type":"Feature","id":981,"geometry":{"type":"LineString","coordinates":[[-87.779811,41.888163],[-87.779814,41.888279],[-87.779825,41.888718],[-87.779827,41.888788],[-87.779867,41.890352],[-87.779869,41.890419]]},"properties":{"name":"North Lombard Avenue","highway":"residential"}},{"type":"Feature","id":982,"geometry":{"type":"LineString","coordinates":[[-87.779869,41.890419],[-87.779871,41.89051],[-87.779903,41.891714],[-87.779905,41.891781]]},"properties":{"name":"North Lombard Avenue","highway":"residential"}},{"type":"Feature","id":983,"geometry":{"type":"LineString","coordinates":[[-87.779905,41.891781],[-87.779908,41.891873],[-87.779949,41.893086],[-87.779951,41.893161]]},"properties":{"name":"North Lombard Avenue","highway":"residential"}},{"type":"Feature","id":984,"geometry":{"type":"LineString","coordinates":[[-87.779951,41.893161],[-87.779954,41.893246],[-87.779993,41.894528],[-87.779994,41.894544],[-87.779996,41.894638]]},"properties":{"name":"North Lombard Avenue","highway":"residential"}},{"type":"Feature","id":985,"geometry":{"type":"LineString","coordinates":[[-87.779996,41.894638],[-87.78,41.894742],[-87.78,41.894767],[-87.780013,41.895179],[-87.78005,41.896386],[-87.780053,41.896455]]},"properties":{"name":"North Lombard Avenue","highway":"residential"}},{"type":"Feature","id":986,"geometry":{"type":"LineString","coordinates":[[-87.780053,41.896455],[-87.780056,41.896547],[-87.780112,41.898208],[-87.780114,41.898285]]},"properties":{"name":"North Lombard Avenue","highway":"residential"}},{"type":"Feature","id":987,"geometry":{"type":"LineString","coordinates":[[-87.780114,41.898285],[-87.780117,41.898368],[-87.780165,41.89989],[-87.780168,41.899969]]},"properties":{"name":"North Lombard Avenue","highway":"residential"}},{"type":"Feature","id":988,"geometry":{"type":"LineString","coordinates":[[-87.780168,41.899969],[-87.780172,41.900109]]},"properties":{"name":"North Lombard Avenue","highway":"residential"}},{"type":"Feature","id":989,"geometry":{"type":"LineString","coordinates":[[-87.780172,41.900109],[-87.780175,41.900195],[-87.78023,41.901833],[-87.780231,41.901856],[-87.780234,41.90193]]},"properties":{"name":"North Lombard Avenue","highway":"residential"}},{"type":"Feature","id":990,"geometry":{"type":"LineString","coordinates":[[-87.780234,41.90193],[-87.780237,41.902018],[-87.780238,41.902046],[-87.780306,41.90377],[-87.780309,41.903851]]},"properties":{"name":"North Lombard Avenue","highway":"residential"}},{"type":"Feature","id":991,"geometry":{"type":"LineString","coordinates":[[-87.780309,41.903851],[-87.780311,41.903934],[-87.780367,41.90575],[-87.780369,41.905823]]},"properties":{"name":"North Lombard Avenue","highway":"residential"}},{"type":"Feature","id":992,"geometry":{"type":"LineString","coordinates":[[-87.779811,41.888163],[-87.779808,41.888077],[-87.779804,41.887938],[-87.779796,41.887679],[-87.779787,41.887556],[-87.779786,41.887537],[-87.779783,41.887462]]},"properties":{"name":"North Lombard Avenue","highway":"residential"}},{"type":"Feature","id":993,"geometry":{"type":"LineString","coordinates":[[-87.779783,41.887462],[-87.779819,41.887425],[-87.77981,41.887156],[-87.779809,41.887134],[-87.779771,41.887069]]},"properties":{"name":"North Lombard Avenue","highway":"residential"}},{"type":"Feature","id":994,"geometry":{"type":"LineString","coordinates":[[-87.779771,41.887069],[-87.779732,41.887135],[-87.779731,41.887174],[-87.77974,41.887426],[-87.779783,41.887462]]},"properties":{"name":"North Lombard Avenue","highway":"residential"}},{"type":"Feature","id":995,"geometry":{"type":"LineString","coordinates":[[-87.770348,41.89751],[-87.770465,41.897509],[-87.772288,41.897484],[-87.772383,41.897483]]},"properties":{"name":"West Walton Street","highway":"residential"}},{"type":"Feature","id":996,"geometry":{"type":"LineString","coordinates":[[-87.772383,41.897483],[-87.772502,41.897481],[-87.775098,41.897446],[-87.775216,41.897444]]},"properties":{"name":"West Walton Street","highway":"residential"}},{"type":"Feature","id":997,"geometry":{"type":"LineString","coordinates":[[-87.803286,41.895357],[-87.803392,41.895355],[-87.805171,41.895317],[-87.805279,41.895314]]},"properties":{"name":"Paulina Street","highway":"residential"}},{"type":"Feature","id":998,"geometry":{"type":"LineString","coordinates":[[-87.807258,41.905191],[-87.807261,41.905278],[-87.807305,41.906458],[-87.807309,41.906565],[-87.807322,41.906925],[-87.807323,41.906945],[-87.807326,41.907022]]},"properties":{"name":"Bonnie Brae Place","highway":"residential"}},{"type":"Feature","id":999,"geometry":{"type":"LineString","coordinates":[[-87.807326,41.907022],[-87.807328,41.907108],[-87.807329,41.907132],[-87.80737,41.908376],[-87.807381,41.90869],[-87.807385,41.908778]]},"properties":{"name":"Bonnie Brae Place","highway":"residential"}},{"type":"Feature","id":1000,"geometry":{"type":"LineString","coordinates":[[-87.806932,41.896054],[-87.806929,41.895981],[-87.806871,41.894359],[-87.806867,41.894334],[-87.806852,41.894232]]},"properties":{"name":"Bonnie Brae Place","highway":"residential"}},{"type":"Feature","id":1001,"geometry":{"type":"LineString","coordinates":[[-87.806932,41.896054],[-87.806935,41.896142],[-87.806995,41.897807],[-87.806998,41.897895]]},"properties":{"name":"Bonnie Brae Place","highway":"residential"}},{"type":"Feature","id":1002,"geometry":{"type":"LineString","coordinates":[[-87.806998,41.897895],[-87.807001,41.89797],[-87.807007,41.898147],[-87.807014,41.89835],[-87.807054,41.899458],[-87.807061,41.899645],[-87.807063,41.89971]]},"properties":{"name":"Bonnie Brae Place","highway":"residential"}},{"type":"Feature","id":1003,"geometry":{"type":"LineString","coordinates":[[-87.807063,41.89971],[-87.807066,41.899792],[-87.807097,41.900663],[-87.807112,41.901068],[-87.807119,41.901267],[-87.807125,41.90142],[-87.807125,41.901443],[-87.807129,41.901533]]},"properties":{"name":"Bonnie Brae Place","highway":"residential"}},{"type":"Feature","id":1004,"geometry":{"type":"LineString","coordinates":[[-87.807171,41.888526],[-87.80717,41.88845],[-87.807161,41.887999],[-87.807158,41.887833],[-87.807155,41.887668],[-87.807154,41.887614],[-87.807153,41.887562],[-87.807151,41.887471],[-87.807148,41.8873],[-87.807146,41.887198],[-87.807145,41.887109]]},"properties":{"name":"Bonnie Brae Place","highway":"residential"}},{"type":"Feature","id":1005,"geometry":{"type":"LineString","coordinates":[[-87.807171,41.888526],[-87.807173,41.888617],[-87.807174,41.888634],[-87.807185,41.889099],[-87.807196,41.889642]]},"properties":{"name":"Bonnie Brae Place","highway":"residential"}},{"type":"Feature","id":1006,"geometry":{"type":"LineString","coordinates":[[-87.807196,41.889642],[-87.807215,41.890212],[-87.807232,41.890693],[-87.807235,41.890765]]},"properties":{"name":"Bonnie Brae Place","highway":"residential"}},{"type":"Feature","id":1007,"geometry":{"type":"LineString","coordinates":[[-87.807235,41.890765],[-87.807238,41.890857],[-87.807258,41.891453],[-87.807278,41.892039],[-87.807279,41.892062],[-87.807282,41.892136]]},"properties":{"name":"Bonnie Brae Place","highway":"residential"}},{"type":"Feature","id":1008,"geometry":{"type":"LineString","coordinates":[[-87.806757,41.892147],[-87.80676,41.892239],[-87.806762,41.892271],[-87.806835,41.894114],[-87.806838,41.894138],[-87.806852,41.894232]]},"properties":{"name":"Bonnie Brae Place","highway":"residential"}},{"type":"Feature","id":1009,"geometry":{"type":"LineString","coordinates":[[-87.795004,41.863321],[-87.795004,41.863237],[-87.795001,41.862865],[-87.794962,41.861579],[-87.79496,41.861493],[-87.794957,41.861418],[-87.794902,41.859757],[-87.794899,41.859674],[-87.794897,41.859596],[-87.794841,41.857942],[-87.794838,41.85786],[-87.794835,41.85778],[-87.794822,41.85742],[-87.794799,41.856111],[-87.794798,41.856025],[-87.794796,41.855951],[-87.794749,41.854153]]},"properties":{"name":"Grove Avenue","highway":"residential"}},{"type":"Feature","id":1010,"geometry":{"type":"LineString","coordinates":[[-87.795065,41.865141],[-87.795062,41.865056],[-87.79505,41.864767]]},"properties":{"name":"Grove Avenue","highway":"residential"}},{"type":"Feature","id":1011,"geometry":{"type":"LineString","coordinates":[[-87.795043,41.864682],[-87.795006,41.863398],[-87.795004,41.863321]]},"properties":{"name":"Grove Avenue","highway":"residential"}},{"type":"Feature","id":1012,"geometry":{"type":"LineString","coordinates":[[-87.795078,41.865538],[-87.795068,41.865217],[-87.795065,41.865141]]},"properties":{"name":"Grove Avenue","highway":"residential"}},{"type":"Feature","id":1013,"geometry":{"type":"LineString","coordinates":[[-87.775037,41.891864],[-87.775162,41.891891],[-87.775184,41.891896],[-87.775615,41.891866],[-87.775957,41.891836],[-87.776032,41.891829]]},"properties":{"name":"Erie Court","highway":"residential"}},{"type":"Feature","id":1014,"geometry":{"type":"LineString","coordinates":[[-87.776032,41.891829],[-87.776051,41.891829],[-87.776096,41.891829],[-87.776219,41.891827],[-87.776247,41.891827],[-87.77635,41.891815],[-87.776438,41.891796]]},"properties":{"name":"Erie Court","highway":"residential"}},{"type":"Feature","id":1015,"geometry":{"type":"LineString","coordinates":[[-87.776032,41.891829],[-87.775957,41.891826],[-87.775461,41.891807],[-87.775191,41.891806],[-87.775161,41.891818],[-87.775037,41.891864]]},"properties":{"name":"Erie Court","highway":"residential"}},{"type":"Feature","id":1016,"geometry":{"type":"LineString","coordinates":[[-87.79458,41.891334],[-87.794695,41.891331],[-87.795979,41.891306],[-87.796078,41.891304]]},"properties":{"name":"Erie Street","highway":"residential"}},{"type":"Feature","id":1017,"geometry":{"type":"LineString","coordinates":[[-87.796078,41.891304],[-87.796185,41.891302],[-87.797476,41.891277],[-87.797572,41.891275]]},"properties":{"name":"Erie Street","highway":"residential"}},{"type":"Feature","id":1018,"geometry":{"type":"LineString","coordinates":[[-87.800259,41.891917],[-87.80038,41.891914],[-87.800419,41.891913],[-87.801153,41.891898],[-87.801994,41.891881]]},"properties":{"name":"Erie Street","highway":"residential"}},{"type":"Feature","id":1019,"geometry":{"type":"LineString","coordinates":[[-87.801994,41.891881],[-87.802672,41.891867],[-87.802742,41.891866]]},"properties":{"name":"Erie Street","highway":"residential"}},{"type":"Feature","id":1020,"geometry":{"type":"LineString","coordinates":[[-87.788042,41.891655],[-87.788183,41.891652],[-87.788871,41.891641],[-87.789504,41.891633]]},"properties":{"name":"Erie Street","highway":"residential"}},{"type":"Feature","id":1021,"geometry":{"type":"LineString","coordinates":[[-87.789504,41.891633],[-87.789558,41.891632],[-87.78968,41.89163]]},"properties":{"name":"Erie Street","highway":"residential"}},{"type":"Feature","id":1022,"geometry":{"type":"LineString","coordinates":[[-87.78968,41.89163],[-87.789826,41.891628],[-87.790475,41.891618],[-87.791133,41.891608],[-87.791233,41.891607]]},"properties":{"name":"Erie Street","highway":"residential"}},{"type":"Feature","id":1023,"geometry":{"type":"LineString","coordinates":[[-87.791233,41.891607],[-87.791346,41.891605],[-87.792012,41.891595],[-87.79266,41.891585],[-87.792782,41.891583]]},"properties":{"name":"Erie Street","highway":"residential"}},{"type":"Feature","id":1024,"geometry":{"type":"LineString","coordinates":[[-87.792782,41.891583],[-87.79289,41.891582],[-87.793691,41.89157],[-87.794486,41.891558],[-87.794586,41.891556]]},"properties":{"name":"Erie Street","highway":"residential"}},{"type":"Feature","id":1025,"geometry":{"type":"LineString","coordinates":[[-87.777478,41.891813],[-87.778163,41.891804],[-87.778285,41.891802]]},"properties":{"name":"Erie Street","highway":"residential"}},{"type":"Feature","id":1026,"geometry":{"type":"LineString","coordinates":[[-87.778285,41.891802],[-87.778428,41.891801],[-87.779094,41.891792],[-87.77978,41.891783],[-87.779905,41.891781]]},"properties":{"name":"Erie Street","highway":"residential"}},{"type":"Feature","id":1027,"geometry":{"type":"LineString","coordinates":[[-87.779905,41.891781],[-87.780054,41.891779],[-87.780726,41.89177],[-87.781411,41.891761],[-87.781539,41.89176]]},"properties":{"name":"Erie Street","highway":"residential"}},{"type":"Feature","id":1028,"geometry":{"type":"LineString","coordinates":[[-87.781539,41.89176],[-87.781673,41.891758],[-87.782358,41.891749],[-87.783036,41.89174],[-87.783169,41.891738]]},"properties":{"name":"Erie Street","highway":"residential"}},{"type":"Feature","id":1029,"geometry":{"type":"LineString","coordinates":[[-87.783169,41.891738],[-87.7833,41.891737],[-87.783987,41.891728],[-87.784659,41.891719],[-87.784785,41.891717]]},"properties":{"name":"Erie Street","highway":"residential"}},{"type":"Feature","id":1030,"geometry":{"type":"LineString","coordinates":[[-87.784785,41.891717],[-87.784924,41.891714],[-87.78561,41.891701],[-87.786289,41.891688],[-87.786415,41.891686]]},"properties":{"name":"Erie Street","highway":"residential"}},{"type":"Feature","id":1031,"geometry":{"type":"LineString","coordinates":[[-87.786415,41.891686],[-87.786551,41.891683],[-87.787237,41.89167],[-87.787921,41.891657],[-87.788042,41.891655]]},"properties":{"name":"Erie Street","highway":"residential"}},{"type":"Feature","id":1032,"geometry":{"type":"LineString","coordinates":[[-87.802742,41.891866],[-87.802834,41.891864],[-87.803324,41.891854],[-87.803385,41.891852],[-87.803876,41.891842]]},"properties":{"name":"Erie Street","highway":"residential"}},{"type":"Feature","id":1033,"geometry":{"type":"LineString","coordinates":[[-87.803876,41.891842],[-87.80396,41.891841],[-87.804299,41.891834],[-87.804494,41.89183],[-87.804677,41.891826],[-87.804922,41.891821],[-87.805036,41.891819],[-87.805154,41.891816]]},"properties":{"name":"Erie Street","highway":"residential"}},{"type":"Feature","id":1034,"geometry":{"type":"LineString","coordinates":[[-87.783948,41.86533],[-87.783946,41.86525],[-87.78394,41.865059],[-87.783935,41.864874],[-87.7839,41.863584],[-87.783898,41.863498]]},"properties":{"name":"Ridgeland Avenue","highway":"tertiary"}},{"type":"Feature","id":1035,"geometry":{"type":"LineString","coordinates":[[-87.783898,41.863498],[-87.783896,41.863423],[-87.78385,41.861758],[-87.783848,41.861665],[-87.783846,41.861597],[-87.7838,41.859931],[-87.783798,41.859844],[-87.783796,41.859772],[-87.78375,41.858103],[-87.783748,41.858021]]},"properties":{"name":"Ridgeland Avenue","highway":"tertiary"}},{"type":"Feature","id":1036,"geometry":{"type":"LineString","coordinates":[[-87.804154,41.863177],[-87.804032,41.863179],[-87.803622,41.863185],[-87.803483,41.863187],[-87.802941,41.863193],[-87.802842,41.863194]]},"properties":{"name":"13th Street","highway":"residential"}},{"type":"Feature","id":1037,"geometry":{"type":"LineString","coordinates":[[-87.802842,41.863194],[-87.802726,41.863196],[-87.802174,41.863208],[-87.801637,41.863214],[-87.801535,41.863215]]},"properties":{"name":"13th Street","highway":"residential"}},{"type":"Feature","id":1038,"geometry":{"type":"LineString","coordinates":[[-87.801535,41.863215],[-87.801424,41.863218],[-87.800877,41.863229],[-87.800331,41.863237],[-87.800227,41.863239]]},"properties":{"name":"13th Street","highway":"residential"}},{"type":"Feature","id":1039,"geometry":{"type":"LineString","coordinates":[[-87.800227,41.863239],[-87.800116,41.863241],[-87.799587,41.863249],[-87.799022,41.863258],[-87.798904,41.86326]]},"properties":{"name":"13th Street","highway":"residential"}},{"type":"Feature","id":1040,"geometry":{"type":"LineString","coordinates":[[-87.798904,41.86326],[-87.798812,41.863262],[-87.798287,41.86327],[-87.797718,41.863279],[-87.797622,41.86328]]},"properties":{"name":"13th Street","highway":"residential"}},{"type":"Feature","id":1041,"geometry":{"type":"LineString","coordinates":[[-87.797622,41.86328],[-87.797503,41.863282],[-87.79696,41.863291],[-87.796414,41.863299],[-87.796315,41.863301]]},"properties":{"name":"13th Street","highway":"residential"}},{"type":"Feature","id":1042,"geometry":{"type":"LineString","coordinates":[[-87.796315,41.863301],[-87.796197,41.863303],[-87.795674,41.863311],[-87.795111,41.86332],[-87.795004,41.863321]]},"properties":{"name":"13th Street","highway":"residential"}},{"type":"Feature","id":1043,"geometry":{"type":"LineString","coordinates":[[-87.795004,41.863321],[-87.7949,41.863323],[-87.794353,41.863332],[-87.793806,41.863341],[-87.793714,41.863342]]},"properties":{"name":"13th Street","highway":"residential"}},{"type":"Feature","id":1044,"geometry":{"type":"LineString","coordinates":[[-87.793714,41.863342],[-87.793584,41.863344],[-87.79309,41.863352],[-87.792579,41.86336],[-87.792479,41.863362]]},"properties":{"name":"13th Street","highway":"residential"}},{"type":"Feature","id":1045,"geometry":{"type":"LineString","coordinates":[[-87.792479,41.863362],[-87.792363,41.863364],[-87.79186,41.863372],[-87.791356,41.86338],[-87.791247,41.863381]]},"properties":{"name":"13th Street","highway":"residential"}},{"type":"Feature","id":1046,"geometry":{"type":"LineString","coordinates":[[-87.791247,41.863381],[-87.791139,41.863383],[-87.790635,41.863391],[-87.790133,41.863399],[-87.790036,41.8634]]},"properties":{"name":"13th Street","highway":"residential"}},{"type":"Feature","id":1047,"geometry":{"type":"LineString","coordinates":[[-87.790036,41.8634],[-87.789916,41.863402],[-87.789414,41.86341],[-87.788915,41.863418],[-87.7888,41.86342]]},"properties":{"name":"13th Street","highway":"residential"}},{"type":"Feature","id":1048,"geometry":{"type":"LineString","coordinates":[[-87.7888,41.86342],[-87.788699,41.863422],[-87.788212,41.863429],[-87.787687,41.863438],[-87.787583,41.863439]]},"properties":{"name":"13th Street","highway":"residential"}},{"type":"Feature","id":1049,"geometry":{"type":"LineString","coordinates":[[-87.787583,41.863439],[-87.787473,41.863441],[-87.786987,41.863449],[-87.786464,41.863458],[-87.78636,41.863459]]},"properties":{"name":"13th Street","highway":"residential"}},{"type":"Feature","id":1050,"geometry":{"type":"LineString","coordinates":[[-87.78636,41.863459],[-87.786246,41.863461],[-87.785762,41.863468],[-87.785241,41.863476],[-87.78514,41.863478]]},"properties":{"name":"13th Street","highway":"residential"}},{"type":"Feature","id":1051,"geometry":{"type":"LineString","coordinates":[[-87.78514,41.863478],[-87.785021,41.86348],[-87.784538,41.863488],[-87.784021,41.863496],[-87.783898,41.863498]]},"properties":{"name":"13th Street","highway":"residential"}},{"type":"Feature","id":1052,"geometry":{"type":"LineString","coordinates":[[-87.783898,41.863498],[-87.783777,41.8635],[-87.78329,41.863507],[-87.782786,41.863515],[-87.782668,41.863517]]},"properties":{"name":"13th Street","highway":"residential"}},{"type":"Feature","id":1053,"geometry":{"type":"LineString","coordinates":[[-87.782668,41.863517],[-87.782572,41.863519],[-87.782074,41.863527],[-87.781558,41.863535],[-87.781462,41.863536]]},"properties":{"name":"13th Street","highway":"residential"}},{"type":"Feature","id":1054,"geometry":{"type":"LineString","coordinates":[[-87.781462,41.863536],[-87.781342,41.863538],[-87.780832,41.863547],[-87.78033,41.863554],[-87.780223,41.863556]]},"properties":{"name":"13th Street","highway":"residential"}},{"type":"Feature","id":1055,"geometry":{"type":"LineString","coordinates":[[-87.804157,41.863261],[-87.804254,41.863231],[-87.804335,41.863207],[-87.80444,41.863203],[-87.804598,41.863198],[-87.804741,41.863194],[-87.805251,41.863184],[-87.805361,41.863182]]},"properties":{"name":"13th Street","highway":"residential"}},{"type":"Feature","id":1056,"geometry":{"type":"LineString","coordinates":[[-87.764253,41.86378],[-87.764362,41.863778],[-87.764866,41.863771],[-87.765376,41.863764],[-87.765481,41.863763],[-87.765591,41.863761],[-87.766093,41.863754],[-87.766606,41.863747],[-87.766702,41.863746],[-87.76682,41.863744],[-87.767328,41.863737],[-87.767833,41.86373],[-87.76794,41.863728],[-87.768048,41.863727],[-87.768547,41.86372],[-87.769059,41.863712],[-87.769154,41.863711],[-87.769276,41.863709],[-87.769792,41.863702],[-87.770291,41.863695],[-87.770397,41.863694]]},"properties":{"name":"13th Street","highway":"residential"}},{"type":"Feature","id":1057,"geometry":{"type":"LineString","coordinates":[[-87.770397,41.863694],[-87.770505,41.863692],[-87.771001,41.863685],[-87.771521,41.863678],[-87.771625,41.863676]]},"properties":{"name":"13th Street","highway":"residential"}},{"type":"Feature","id":1058,"geometry":{"type":"LineString","coordinates":[[-87.771625,41.863676],[-87.771733,41.863675],[-87.772239,41.863668],[-87.772748,41.863661],[-87.772839,41.863659]]},"properties":{"name":"13th Street","highway":"residential"}},{"type":"Feature","id":1059,"geometry":{"type":"LineString","coordinates":[[-87.772839,41.863659],[-87.772965,41.863658],[-87.773457,41.863651],[-87.773951,41.863644],[-87.774082,41.863642]]},"properties":{"name":"13th Street","highway":"residential"}},{"type":"Feature","id":1060,"geometry":{"type":"LineString","coordinates":[[-87.774082,41.863642],[-87.774217,41.86364],[-87.774719,41.863633],[-87.775207,41.863626],[-87.775314,41.863625]]},"properties":{"name":"13th Street","highway":"residential"}},{"type":"Feature","id":1061,"geometry":{"type":"LineString","coordinates":[[-87.775314,41.863625],[-87.77542,41.863623],[-87.775926,41.863616],[-87.776433,41.863609],[-87.776538,41.863608]]},"properties":{"name":"13th Street","highway":"residential"}},{"type":"Feature","id":1062,"geometry":{"type":"LineString","coordinates":[[-87.776538,41.863608],[-87.776648,41.863606],[-87.777164,41.863599],[-87.777658,41.863592],[-87.77777,41.86359]]},"properties":{"name":"13th Street","highway":"residential"}},{"type":"Feature","id":1063,"geometry":{"type":"LineString","coordinates":[[-87.77777,41.86359],[-87.77787,41.863589],[-87.778379,41.863582],[-87.778888,41.863575],[-87.778997,41.863573]]},"properties":{"name":"13th Street","highway":"residential"}},{"type":"Feature","id":1064,"geometry":{"type":"LineString","coordinates":[[-87.805361,41.863182],[-87.805468,41.863179],[-87.805965,41.863169],[-87.806466,41.863159],[-87.806572,41.863157]]},"properties":{"name":"13th Street","highway":"residential"}},{"type":"Feature","id":1065,"geometry":{"type":"LineString","coordinates":[[-87.806572,41.863157],[-87.806686,41.863154],[-87.807185,41.863144],[-87.807681,41.863134],[-87.807777,41.863132]]},"properties":{"name":"13th Street","highway":"residential"}},{"type":"Feature","id":1066,"geometry":{"type":"LineString","coordinates":[[-87.778997,41.863573],[-87.779105,41.863572],[-87.779604,41.863565],[-87.780114,41.863557],[-87.780223,41.863556]]},"properties":{"name":"13th Street","highway":"residential"}},{"type":"Feature","id":1067,"geometry":{"type":"LineString","coordinates":[[-87.777774,41.912873],[-87.777771,41.912806],[-87.777709,41.911136],[-87.777706,41.911054]]},"properties":{"name":"North Meade Avenue","highway":"residential"}},{"type":"Feature","id":1068,"geometry":{"type":"LineString","coordinates":[[-87.777706,41.911054],[-87.777704,41.91098],[-87.777658,41.90974],[-87.777644,41.909362],[-87.777639,41.909234]]},"properties":{"name":"North Meade Avenue","highway":"residential"}},{"type":"Feature","id":1069,"geometry":{"type":"LineString","coordinates":[[-87.770506,41.867348],[-87.770508,41.867402],[-87.770509,41.867426],[-87.770567,41.869095],[-87.770569,41.869177]]},"properties":{"name":"South Monitor Avenue","highway":"residential"}},{"type":"Feature","id":1070,"geometry":{"type":"LineString","coordinates":[[-87.770569,41.869177],[-87.770572,41.869253],[-87.7706,41.870057],[-87.770602,41.870125]]},"properties":{"name":"South Monitor Avenue","highway":"residential"}},{"type":"Feature","id":1071,"geometry":{"type":"LineString","coordinates":[[-87.770506,41.867348],[-87.770503,41.867266],[-87.770462,41.865966],[-87.770451,41.865609],[-87.770448,41.865514]]},"properties":{"name":"South Monitor Avenue","highway":"residential"}},{"type":"Feature","id":1072,"geometry":{"type":"LineString","coordinates":[[-87.806984,41.908928],[-87.806986,41.908986],[-87.806998,41.90925],[-87.807017,41.909658],[-87.807018,41.909682],[-87.807023,41.909792],[-87.807029,41.909945],[-87.807055,41.910516],[-87.807058,41.91059]]},"properties":{"name":"North 72nd Court","highway":"residential"}},{"type":"Feature","id":1073,"geometry":{"type":"LineString","coordinates":[[-87.807055,41.910795],[-87.807086,41.911893],[-87.807102,41.912442],[-87.807103,41.912493],[-87.807107,41.912556]]},"properties":{"name":"North 72nd Court","highway":"residential"}},{"type":"Feature","id":1074,"geometry":{"type":"LineString","coordinates":[[-87.806977,41.908776],[-87.806984,41.908928]]},"properties":{"name":"North 72nd Court","highway":"residential"}},{"type":"Feature","id":1075,"geometry":{"type":"LineString","coordinates":[[-87.780462,41.870814],[-87.780461,41.870778],[-87.780402,41.869112],[-87.780399,41.869031]]},"properties":{"name":"South Harvey Avenue","highway":"residential"}},{"type":"Feature","id":1076,"geometry":{"type":"LineString","coordinates":[[-87.780399,41.869031],[-87.780396,41.86895],[-87.780332,41.867286],[-87.780329,41.867208]]},"properties":{"name":"South Harvey Avenue","highway":"residential"}},{"type":"Feature","id":1077,"geometry":{"type":"LineString","coordinates":[[-87.780329,41.867208],[-87.780327,41.867127],[-87.780287,41.865835],[-87.780284,41.865729],[-87.780276,41.865465],[-87.780273,41.865379]]},"properties":{"name":"South Harvey Avenue","highway":"residential"}},{"type":"Feature","id":1078,"geometry":{"type":"LineString","coordinates":[[-87.780782,41.880047],[-87.780777,41.879923]]},"properties":{"name":"South Harvey Avenue","highway":"residential"}},{"type":"Feature","id":1079,"geometry":{"type":"LineString","coordinates":[[-87.780777,41.879923],[-87.780775,41.879841],[-87.780767,41.879612],[-87.780763,41.879492],[-87.78072,41.878215],[-87.780718,41.878144]]},"properties":{"name":"South Harvey Avenue","highway":"residential"}},{"type":"Feature","id":1080,"geometry":{"type":"LineString","coordinates":[[-87.780718,41.878144],[-87.780715,41.878055],[-87.78066,41.876419],[-87.780657,41.876335]]},"properties":{"name":"South Harvey Avenue","highway":"residential"}},{"type":"Feature","id":1081,"geometry":{"type":"LineString","coordinates":[[-87.780657,41.876335],[-87.780654,41.876257],[-87.780599,41.874593],[-87.780596,41.874503]]},"properties":{"name":"South Harvey Avenue","highway":"residential"}},{"type":"Feature","id":1082,"geometry":{"type":"LineString","coordinates":[[-87.780596,41.874503],[-87.780593,41.874434],[-87.780537,41.872767],[-87.780534,41.872679]]},"properties":{"name":"South Harvey Avenue","highway":"residential"}},{"type":"Feature","id":1083,"geometry":{"type":"LineString","coordinates":[[-87.781396,41.887027],[-87.781391,41.886936],[-87.78139,41.88691],[-87.781375,41.886488],[-87.781345,41.885345],[-87.781343,41.885258]]},"properties":{"name":"South Harvey Avenue","highway":"residential"}},{"type":"Feature","id":1084,"geometry":{"type":"LineString","coordinates":[[-87.781294,41.883955],[-87.781291,41.883841],[-87.781289,41.88376],[-87.781278,41.883347],[-87.78125,41.882257],[-87.78124,41.881853],[-87.781238,41.881763]]},"properties":{"name":"South Harvey Avenue","highway":"residential"}},{"type":"Feature","id":1085,"geometry":{"type":"LineString","coordinates":[[-87.781238,41.881763],[-87.781236,41.881691],[-87.781225,41.881265],[-87.781216,41.880901],[-87.781206,41.880511],[-87.781197,41.880141],[-87.781194,41.88004]]},"properties":{"name":"South Harvey Avenue","highway":"residential"}},{"type":"Feature","id":1086,"geometry":{"type":"LineString","coordinates":[[-87.781194,41.88004],[-87.781191,41.879916]]},"properties":{"name":"South Harvey Avenue","highway":"residential"}},{"type":"Feature","id":1087,"geometry":{"type":"LineString","coordinates":[[-87.77987,41.850824],[-87.779874,41.850969],[-87.779884,41.851333],[-87.779888,41.851444],[-87.779917,41.852514],[-87.779919,41.852587],[-87.779922,41.852675],[-87.779963,41.854157],[-87.779963,41.854185],[-87.779972,41.8545],[-87.779973,41.854541],[-87.780018,41.856164],[-87.78002,41.856239],[-87.780023,41.856328],[-87.780069,41.857996],[-87.780071,41.858075],[-87.780073,41.858158],[-87.780119,41.859823],[-87.780121,41.859898],[-87.780124,41.859984],[-87.78017,41.861647],[-87.780172,41.861722],[-87.780174,41.86181],[-87.780214,41.863238],[-87.78022,41.863475],[-87.780223,41.863556]]},"properties":{"name":"South Harvey Avenue","highway":"residential"}},{"type":"Feature","id":1088,"geometry":{"type":"LineString","coordinates":[[-87.780223,41.863556],[-87.780225,41.863635],[-87.78026,41.864925],[-87.780271,41.865298],[-87.780273,41.865379]]},"properties":{"name":"South Harvey Avenue","highway":"residential"}},{"type":"Feature","id":1089,"geometry":{"type":"LineString","coordinates":[[-87.781343,41.885258],[-87.781341,41.885186],[-87.781311,41.884157]]},"properties":{"name":"South Harvey Avenue","highway":"residential"}},{"type":"Feature","id":1090,"geometry":{"type":"LineString","coordinates":[[-87.792335,41.909056],[-87.792339,41.90918],[-87.792345,41.909356],[-87.792352,41.909553],[-87.792396,41.910796],[-87.792399,41.910875]]},"properties":{"name":"North Normandy Avenue","highway":"residential"}},{"type":"Feature","id":1091,"geometry":{"type":"LineString","coordinates":[[-87.792399,41.910875],[-87.792401,41.910958],[-87.79244,41.912614],[-87.792442,41.912696],[-87.792445,41.912775],[-87.792503,41.914436],[-87.792506,41.914511],[-87.792509,41.914598],[-87.792557,41.916261],[-87.79256,41.916343]]},"properties":{"name":"North Normandy Avenue","highway":"residential"}},{"type":"Feature","id":1092,"geometry":{"type":"LineString","coordinates":[[-87.790582,41.879885],[-87.790576,41.879761]]},"properties":{"name":"South Clarence Avenue","highway":"residential"}},{"type":"Feature","id":1093,"geometry":{"type":"LineString","coordinates":[[-87.790576,41.879761],[-87.790573,41.879676],[-87.790559,41.879301],[-87.790515,41.878081],[-87.790512,41.877996]]},"properties":{"name":"South Clarence Avenue","highway":"residential"}},{"type":"Feature","id":1094,"geometry":{"type":"LineString","coordinates":[[-87.790512,41.877996],[-87.790509,41.877922],[-87.790447,41.876256],[-87.790444,41.876177]]},"properties":{"name":"South Clarence Avenue","highway":"residential"}},{"type":"Feature","id":1095,"geometry":{"type":"LineString","coordinates":[[-87.790444,41.876177],[-87.790441,41.876099],[-87.790384,41.874433],[-87.79039,41.874346]]},"properties":{"name":"South Clarence Avenue","highway":"residential"}},{"type":"Feature","id":1096,"geometry":{"type":"LineString","coordinates":[[-87.790305,41.871718],[-87.790304,41.871669],[-87.790291,41.871296],[-87.790273,41.870782],[-87.790271,41.870705]]},"properties":{"name":"South Clarence Avenue","highway":"residential"}},{"type":"Feature","id":1097,"geometry":{"type":"LineString","coordinates":[[-87.790271,41.870705],[-87.790268,41.870621],[-87.79021,41.868954],[-87.790207,41.868875]]},"properties":{"name":"South Clarence Avenue","highway":"residential"}},{"type":"Feature","id":1098,"geometry":{"type":"LineString","coordinates":[[-87.790207,41.868875],[-87.790205,41.868792],[-87.790148,41.867129],[-87.790145,41.867044]]},"properties":{"name":"South Clarence Avenue","highway":"residential"}},{"type":"Feature","id":1099,"geometry":{"type":"LineString","coordinates":[[-87.790145,41.867044],[-87.790142,41.866968],[-87.790098,41.865672],[-87.790085,41.865306],[-87.790082,41.865222]]},"properties":{"name":"South Clarence Avenue","highway":"residential"}},{"type":"Feature","id":1100,"geometry":{"type":"LineString","coordinates":[[-87.790321,41.872537],[-87.790324,41.872608],[-87.79034,41.872987],[-87.79039,41.874208],[-87.790393,41.87427],[-87.790395,41.874308],[-87.79039,41.874346]]},"properties":{"name":"South Clarence Avenue","highway":"residential"}},{"type":"Feature","id":1101,"geometry":{"type":"LineString","coordinates":[[-87.789675,41.850676],[-87.789678,41.850814],[-87.789685,41.851099],[-87.789688,41.851188],[-87.789691,41.851298],[-87.789694,41.851429],[-87.789723,41.852438],[-87.789766,41.85411],[-87.789826,41.856097],[-87.789827,41.856187],[-87.789858,41.857255],[-87.789875,41.857856],[-87.789877,41.857932],[-87.78988,41.858015],[-87.78989,41.858397],[-87.789894,41.858505],[-87.789926,41.859675],[-87.789929,41.85975],[-87.789931,41.859838],[-87.789978,41.861498],[-87.78998,41.86157],[-87.789982,41.86166],[-87.790034,41.86332],[-87.790036,41.8634]]},"properties":{"name":"Clarence Avenue","highway":"residential"}},{"type":"Feature","id":1102,"geometry":{"type":"LineString","coordinates":[[-87.790036,41.8634],[-87.790038,41.863482],[-87.79007,41.86477],[-87.790077,41.865049],[-87.79008,41.865142],[-87.790082,41.865222]]},"properties":{"name":"Clarence Avenue","highway":"residential"}},{"type":"Feature","id":1103,"geometry":{"type":"LineString","coordinates":[[-87.800678,41.887214],[-87.800476,41.88719],[-87.800431,41.88719],[-87.798874,41.887214],[-87.798859,41.887214],[-87.798764,41.887216],[-87.798636,41.887214]]},"properties":{"name":"North Boulevard","highway":"tertiary"}},{"type":"Feature","id":1104,"geometry":{"type":"LineString","coordinates":[[-87.798636,41.887214],[-87.798512,41.887217],[-87.798494,41.887217],[-87.798388,41.887219],[-87.798264,41.887222],[-87.797897,41.887228],[-87.797751,41.88723],[-87.797345,41.88724],[-87.797229,41.887242],[-87.797129,41.887244]]},"properties":{"name":"North Boulevard","highway":"tertiary"}},{"type":"Feature","id":1105,"geometry":{"type":"LineString","coordinates":[[-87.802429,41.88719],[-87.802535,41.887164],[-87.802609,41.887163],[-87.802966,41.887157],[-87.802979,41.887157],[-87.803807,41.887143],[-87.803892,41.887141]]},"properties":{"name":"North Boulevard","highway":"tertiary"}},{"type":"Feature","id":1106,"geometry":{"type":"LineString","coordinates":[[-87.803892,41.887141],[-87.80411,41.887138],[-87.804763,41.887127],[-87.804873,41.887132],[-87.804995,41.887137]]},"properties":{"name":"North Boulevard","highway":"tertiary"}},{"type":"Feature","id":1107,"geometry":{"type":"LineString","coordinates":[[-87.792685,41.88734],[-87.792576,41.887334],[-87.792534,41.887333],[-87.792325,41.887339],[-87.79203,41.887347],[-87.791595,41.88736],[-87.791353,41.887367],[-87.791173,41.887373],[-87.790316,41.88739],[-87.790269,41.887392],[-87.789991,41.887393],[-87.789731,41.887398],[-87.789712,41.887398],[-87.789696,41.887398],[-87.789568,41.8874]]},"properties":{"name":"North Boulevard","highway":"tertiary"}},{"type":"Feature","id":1108,"geometry":{"type":"LineString","coordinates":[[-87.797129,41.887244],[-87.797019,41.887246],[-87.796466,41.887256],[-87.79635,41.887258],[-87.795617,41.887272],[-87.795175,41.88728],[-87.794741,41.887286],[-87.794621,41.887288],[-87.794595,41.887291],[-87.794474,41.887307]]},"properties":{"name":"North Boulevard","highway":"tertiary"}},{"type":"Feature","id":1109,"geometry":{"type":"LineString","coordinates":[[-87.781409,41.88745],[-87.781501,41.887449],[-87.78153,41.887449],[-87.782084,41.887439],[-87.782948,41.88743],[-87.783013,41.887446],[-87.783058,41.887478]]},"properties":{"name":"North Boulevard","highway":"unclassified"}},{"type":"Feature","id":1110,"geometry":{"type":"LineString","coordinates":[[-87.802429,41.88719],[-87.802329,41.887217],[-87.802188,41.887218],[-87.800979,41.887233],[-87.800898,41.887234],[-87.800847,41.887235],[-87.800678,41.887214]]},"properties":{"name":"North Boulevard","highway":"tertiary"}},{"type":"Feature","id":1111,"geometry":{"type":"LineString","coordinates":[[-87.794474,41.887307],[-87.794358,41.887322],[-87.794334,41.887325],[-87.794215,41.887327],[-87.793955,41.88733],[-87.793776,41.887333],[-87.793251,41.887341],[-87.793019,41.887345],[-87.792818,41.887349],[-87.792786,41.887348],[-87.792685,41.88734]]},"properties":{"name":"North Boulevard","highway":"tertiary"}},{"type":"Feature","id":1112,"geometry":{"type":"LineString","coordinates":[[-87.780864,41.887465],[-87.781161,41.887457]]},"properties":{"name":"North Boulevard","highway":"unclassified"}},{"type":"Feature","id":1113,"geometry":{"type":"LineString","coordinates":[[-87.781161,41.887457],[-87.781287,41.887454],[-87.781321,41.887453],[-87.781409,41.88745]]},"properties":{"name":"North Boulevard","highway":"unclassified"}},{"type":"Feature","id":1114,"geometry":{"type":"LineString","coordinates":[[-87.771477,41.858194],[-87.771479,41.858279],[-87.771484,41.858438],[-87.771524,41.859943],[-87.771526,41.860023],[-87.771529,41.860106],[-87.771571,41.861679],[-87.771573,41.861769],[-87.771575,41.861845],[-87.771578,41.861929],[-87.771623,41.863594],[-87.771625,41.863676]]},"properties":{"name":"South 59th Avenue","highway":"residential"}},{"type":"Feature","id":1115,"geometry":{"type":"LineString","coordinates":[[-87.771625,41.863676],[-87.771627,41.863753],[-87.771653,41.864704],[-87.771662,41.865044],[-87.771672,41.865419],[-87.771674,41.865496]]},"properties":{"name":"South 59th Avenue","highway":"residential"}},{"type":"Feature","id":1116,"geometry":{"type":"LineString","coordinates":[[-87.771297,41.877663],[-87.771299,41.877746],[-87.77136,41.879336]]},"properties":{"name":"South Mayfield Avenue","highway":"residential"}},{"type":"Feature","id":1117,"geometry":{"type":"LineString","coordinates":[[-87.771833,41.870229],[-87.771831,41.870162],[-87.771799,41.869236],[-87.771796,41.869163]]},"properties":{"name":"South Mayfield Avenue","highway":"residential"}},{"type":"Feature","id":1118,"geometry":{"type":"LineString","coordinates":[[-87.771796,41.869163],[-87.771794,41.869078],[-87.771736,41.86741],[-87.771733,41.867329]]},"properties":{"name":"South Mayfield Avenue","highway":"residential"}},{"type":"Feature","id":1119,"geometry":{"type":"LineString","coordinates":[[-87.771363,41.879467],[-87.771366,41.879559],[-87.771381,41.879998],[-87.771385,41.88009]]},"properties":{"name":"South Mayfield Avenue","highway":"residential"}},{"type":"Feature","id":1120,"geometry":{"type":"LineString","coordinates":[[-87.771385,41.88009],[-87.771388,41.880198]]},"properties":{"name":"South Mayfield Avenue","highway":"residential"}},{"type":"Feature","id":1121,"geometry":{"type":"LineString","coordinates":[[-87.771733,41.867329],[-87.77173,41.867249],[-87.771688,41.86595],[-87.771677,41.865596],[-87.771674,41.865496]]},"properties":{"name":"South Mayfield Avenue","highway":"residential"}},{"type":"Feature","id":1122,"geometry":{"type":"LineString","coordinates":[[-87.797903,41.872349],[-87.797902,41.872308],[-87.79789,41.871946],[-87.797888,41.87187],[-87.797848,41.870649],[-87.797846,41.870576]]},"properties":{"name":"South Clinton Avenue","highway":"residential"}},{"type":"Feature","id":1123,"geometry":{"type":"LineString","coordinates":[[-87.797846,41.870576],[-87.797843,41.87049],[-87.797789,41.868823],[-87.797786,41.868739]]},"properties":{"name":"South Clinton Avenue","highway":"residential"}},{"type":"Feature","id":1124,"geometry":{"type":"LineString","coordinates":[[-87.797786,41.868739],[-87.797784,41.868663],[-87.797729,41.866997],[-87.797727,41.86692]]},"properties":{"name":"South Clinton Avenue","highway":"residential"}},{"type":"Feature","id":1125,"geometry":{"type":"LineString","coordinates":[[-87.797727,41.86692],[-87.797724,41.866836],[-87.797681,41.865497],[-87.797679,41.865418],[-87.79767,41.865175],[-87.797668,41.865099]]},"properties":{"name":"South Clinton Avenue","highway":"residential"}},{"type":"Feature","id":1126,"geometry":{"type":"LineString","coordinates":[[-87.798814,41.879696],[-87.798811,41.879605],[-87.798806,41.879473],[-87.79877,41.878354],[-87.798767,41.878269]]},"properties":{"name":"South Clinton Avenue","highway":"residential"}},{"type":"Feature","id":1127,"geometry":{"type":"LineString","coordinates":[[-87.798767,41.878269],[-87.798764,41.878189],[-87.798716,41.876939],[-87.798713,41.876853]]},"properties":{"name":"South Clinton Avenue","highway":"residential"}},{"type":"Feature","id":1128,"geometry":{"type":"LineString","coordinates":[[-87.798713,41.876853],[-87.79871,41.876775],[-87.798664,41.875521],[-87.798661,41.875432]]},"properties":{"name":"South Clinton Avenue","highway":"residential"}},{"type":"Feature","id":1129,"geometry":{"type":"LineString","coordinates":[[-87.798661,41.875432],[-87.798659,41.875363],[-87.798591,41.873506],[-87.79859,41.87347]]},"properties":{"name":"South Clinton Avenue","highway":"residential"}},{"type":"Feature","id":1130,"geometry":{"type":"LineString","coordinates":[[-87.798626,41.886825],[-87.798624,41.886765],[-87.798605,41.886087],[-87.798603,41.886023],[-87.798588,41.8855],[-87.798586,41.885437]]},"properties":{"name":"South Clinton Avenue","highway":"residential"}},{"type":"Feature","id":1131,"geometry":{"type":"LineString","coordinates":[[-87.798586,41.885437],[-87.798584,41.885382],[-87.79852,41.883446],[-87.798517,41.883355]]},"properties":{"name":"South Clinton Avenue","highway":"residential"}},{"type":"Feature","id":1132,"geometry":{"type":"LineString","coordinates":[[-87.798517,41.883355],[-87.798515,41.883284],[-87.798448,41.881595],[-87.798445,41.881503]]},"properties":{"name":"South Clinton Avenue","highway":"residential"}},{"type":"Feature","id":1133,"geometry":{"type":"LineString","coordinates":[[-87.798445,41.881503],[-87.798443,41.88143],[-87.79843,41.880965],[-87.798408,41.880277]]},"properties":{"name":"South Clinton Avenue","highway":"residential"}},{"type":"Feature","id":1134,"geometry":{"type":"LineString","coordinates":[[-87.798405,41.88018],[-87.798401,41.880058],[-87.798396,41.87998],[-87.798388,41.879819],[-87.798387,41.879797],[-87.798382,41.879703]]},"properties":{"name":"South Clinton Avenue","highway":"residential"}},{"type":"Feature","id":1135,"geometry":{"type":"LineString","coordinates":[[-87.798636,41.887214],[-87.798658,41.887179],[-87.798672,41.887157],[-87.798664,41.886866],[-87.798626,41.886825]]},"properties":{"name":"South Clinton Avenue","highway":"residential"}},{"type":"Feature","id":1136,"geometry":{"type":"LineString","coordinates":[[-87.798626,41.886825],[-87.798602,41.886867],[-87.798604,41.887163],[-87.798615,41.88718],[-87.798636,41.887214]]},"properties":{"name":"South Clinton Avenue","highway":"residential"}},{"type":"Feature","id":1137,"geometry":{"type":"LineString","coordinates":[[-87.778861,41.909219],[-87.778866,41.909348],[-87.778879,41.909726],[-87.778924,41.910964],[-87.778927,41.911039]]},"properties":{"name":"North Moody Avenue","highway":"residential"}},{"type":"Feature","id":1138,"geometry":{"type":"LineString","coordinates":[[-87.778927,41.911039],[-87.778929,41.911125],[-87.778975,41.912791],[-87.778977,41.912858]]},"properties":{"name":"North Moody Avenue","highway":"residential"}},{"type":"Feature","id":1139,"geometry":{"type":"LineString","coordinates":[[-87.775174,41.909263],[-87.775187,41.909394],[-87.775211,41.909674]]},"properties":{"name":"North Austin Avenue","highway":"tertiary"}},{"type":"Feature","id":1140,"geometry":{"type":"LineString","coordinates":[[-87.775275,41.911084],[-87.775278,41.911165],[-87.775334,41.912831],[-87.775336,41.912902]]},"properties":{"name":"North Austin Avenue","highway":"tertiary"}},{"type":"Feature","id":1141,"geometry":{"type":"LineString","coordinates":[[-87.775488,41.909344],[-87.775433,41.909385],[-87.775368,41.909434],[-87.775283,41.909546],[-87.775211,41.909674]]},"properties":{"name":"North Austin Avenue","highway":"tertiary"}},{"type":"Feature","id":1142,"geometry":{"type":"LineString","coordinates":[[-87.775242,41.909843],[-87.775272,41.911007],[-87.775275,41.911084]]},"properties":{"name":"North Austin Avenue","highway":"tertiary"}},{"type":"Feature","id":1143,"geometry":{"type":"LineString","coordinates":[[-87.775242,41.909843],[-87.775295,41.909768],[-87.775396,41.909588],[-87.775465,41.909458],[-87.775486,41.909383],[-87.775488,41.909344]]},"properties":{"name":"North Austin Avenue","highway":"tertiary"}},{"type":"Feature","id":1144,"geometry":{"type":"LineString","coordinates":[[-87.775538,41.909259],[-87.775488,41.909344]]},"properties":{"name":"North Austin Avenue","highway":"tertiary"}},{"type":"Feature","id":1145,"geometry":{"type":"LineString","coordinates":[[-87.775211,41.909674],[-87.775215,41.909767],[-87.775242,41.909843]]},"properties":{"name":"North Austin Avenue","highway":"tertiary"}},{"type":"Feature","id":1146,"geometry":{"type":"LineString","coordinates":[[-87.789345,41.879785],[-87.789342,41.879695],[-87.789331,41.879322],[-87.789292,41.878105],[-87.789289,41.878015]]},"properties":{"name":"South East Avenue","highway":"residential"}},{"type":"Feature","id":1147,"geometry":{"type":"LineString","coordinates":[[-87.789289,41.878015],[-87.789286,41.877943],[-87.789233,41.876278],[-87.789231,41.876195]]},"properties":{"name":"South East Avenue","highway":"residential"}},{"type":"Feature","id":1148,"geometry":{"type":"LineString","coordinates":[[-87.789231,41.876195],[-87.789228,41.876118],[-87.789175,41.874456],[-87.789172,41.874365]]},"properties":{"name":"South East Avenue","highway":"residential"}},{"type":"Feature","id":1149,"geometry":{"type":"LineString","coordinates":[[-87.78908,41.871608],[-87.789082,41.871655],[-87.789099,41.872152],[-87.789105,41.872289],[-87.789111,41.872452],[-87.789113,41.872507],[-87.789114,41.872558]]},"properties":{"name":"South East Avenue","highway":"residential"}},{"type":"Feature","id":1150,"geometry":{"type":"LineString","coordinates":[[-87.788988,41.868898],[-87.788984,41.868814],[-87.788922,41.867151],[-87.78892,41.867069]]},"properties":{"name":"South East Avenue","highway":"residential"}},{"type":"Feature","id":1151,"geometry":{"type":"LineString","coordinates":[[-87.78892,41.867069],[-87.788917,41.866991],[-87.78887,41.865694],[-87.788856,41.865329],[-87.788853,41.865243]]},"properties":{"name":"South East Avenue","highway":"residential"}},{"type":"Feature","id":1152,"geometry":{"type":"LineString","coordinates":[[-87.789554,41.886927],[-87.789551,41.88682],[-87.789551,41.886797],[-87.789539,41.886386],[-87.789504,41.885202],[-87.789502,41.88512]]},"properties":{"name":"South East Avenue","highway":"residential"}},{"type":"Feature","id":1153,"geometry":{"type":"LineString","coordinates":[[-87.789502,41.88512],[-87.789499,41.885042],[-87.789453,41.88346],[-87.78945,41.883342]]},"properties":{"name":"South East Avenue","highway":"residential"}},{"type":"Feature","id":1154,"geometry":{"type":"LineString","coordinates":[[-87.78945,41.883342],[-87.789447,41.883242],[-87.789415,41.882175],[-87.789402,41.881714],[-87.789399,41.881627]]},"properties":{"name":"South East Avenue","highway":"residential"}},{"type":"Feature","id":1155,"geometry":{"type":"LineString","coordinates":[[-87.789399,41.881627],[-87.789397,41.881554],[-87.789384,41.881099],[-87.789379,41.880957],[-87.789362,41.880368],[-87.78936,41.880269],[-87.789359,41.88024],[-87.789354,41.880004],[-87.789352,41.879905]]},"properties":{"name":"South East Avenue","highway":"residential"}},{"type":"Feature","id":1156,"geometry":{"type":"LineString","coordinates":[[-87.789352,41.879905],[-87.789345,41.879785]]},"properties":{"name":"South East Avenue","highway":"residential"}},{"type":"Feature","id":1157,"geometry":{"type":"LineString","coordinates":[[-87.789049,41.870725],[-87.789046,41.870642],[-87.78899,41.868977],[-87.788988,41.868898]]},"properties":{"name":"South East Avenue","highway":"residential"}},{"type":"Feature","id":1158,"geometry":{"type":"LineString","coordinates":[[-87.789172,41.874365],[-87.78917,41.874292],[-87.789159,41.873966],[-87.789129,41.873009],[-87.789117,41.872628],[-87.789114,41.872558]]},"properties":{"name":"South East Avenue","highway":"residential"}},{"type":"Feature","id":1159,"geometry":{"type":"LineString","coordinates":[[-87.78908,41.871608],[-87.789078,41.871555],[-87.789066,41.871192],[-87.789052,41.870804],[-87.789049,41.870725]]},"properties":{"name":"South East Avenue","highway":"residential"}},{"type":"Feature","id":1160,"geometry":{"type":"LineString","coordinates":[[-87.786331,41.888374],[-87.78622,41.888371],[-87.786137,41.888367],[-87.785334,41.888337],[-87.784826,41.888318],[-87.784685,41.888313]]},"properties":{"name":"Lake Street","highway":"secondary"}},{"type":"Feature","id":1161,"geometry":{"type":"LineString","coordinates":[[-87.794509,41.888631],[-87.794394,41.888628],[-87.7936,41.888609],[-87.793211,41.888599],[-87.792813,41.88859],[-87.792704,41.888587]]},"properties":{"name":"Lake Street","highway":"secondary"}},{"type":"Feature","id":1162,"geometry":{"type":"LineString","coordinates":[[-87.797498,41.888696],[-87.797678,41.888696],[-87.798117,41.888697],[-87.798173,41.888697],[-87.798302,41.888697],[-87.798409,41.888697],[-87.798887,41.888696],[-87.798906,41.888695],[-87.799046,41.888694],[-87.79922,41.888692],[-87.799908,41.888685],[-87.799998,41.888684],[-87.800177,41.88868]]},"properties":{"name":"Lake Street","highway":"secondary"}},{"type":"Feature","id":1163,"geometry":{"type":"LineString","coordinates":[[-87.805042,41.888587],[-87.805208,41.888582],[-87.805958,41.888559],[-87.806093,41.888555],[-87.806516,41.888543],[-87.80664,41.888539],[-87.806888,41.888532],[-87.807068,41.888528],[-87.807171,41.888526]]},"properties":{"name":"Lake Street","highway":"secondary"}},{"type":"Feature","id":1164,"geometry":{"type":"LineString","coordinates":[[-87.783063,41.888265],[-87.782942,41.888262],[-87.782521,41.88825],[-87.7821,41.888238],[-87.781911,41.888232],[-87.781566,41.888222],[-87.781429,41.888218]]},"properties":{"name":"Lake Street","highway":"secondary"}},{"type":"Feature","id":1165,"geometry":{"type":"LineString","coordinates":[[-87.783063,41.888265],[-87.783526,41.888279],[-87.783958,41.888292],[-87.784155,41.888298],[-87.784431,41.888306],[-87.784562,41.88831],[-87.784685,41.888313]]},"properties":{"name":"Lake Street","highway":"secondary"}},{"type":"Feature","id":1166,"geometry":{"type":"LineString","coordinates":[[-87.779811,41.888163],[-87.77968,41.888159],[-87.779353,41.888147],[-87.778944,41.888141],[-87.778313,41.888125],[-87.778181,41.888122]]},"properties":{"name":"Lake Street","highway":"secondary"}},{"type":"Feature","id":1167,"geometry":{"type":"LineString","coordinates":[[-87.807171,41.888526],[-87.807277,41.888522],[-87.80758,41.888513],[-87.807902,41.888506],[-87.807921,41.888505],[-87.80806,41.888502],[-87.808126,41.8885],[-87.808498,41.888491]]},"properties":{"name":"Lake Street","highway":"secondary"}},{"type":"Feature","id":1168,"geometry":{"type":"LineString","coordinates":[[-87.805042,41.888587],[-87.804926,41.88859],[-87.804507,41.888598],[-87.804128,41.888606],[-87.804037,41.888607]]},"properties":{"name":"Lake Street","highway":"secondary"}},{"type":"Feature","id":1169,"geometry":{"type":"LineString","coordinates":[[-87.802633,41.888635],[-87.802727,41.888633],[-87.803124,41.888626],[-87.803546,41.888618],[-87.803951,41.88861],[-87.804037,41.888607]]},"properties":{"name":"Lake Street","highway":"secondary"}},{"type":"Feature","id":1170,"geometry":{"type":"LineString","coordinates":[[-87.80078,41.888667],[-87.80089,41.888665],[-87.80138,41.888656],[-87.801483,41.888654],[-87.80201,41.888646],[-87.802392,41.888639],[-87.802468,41.888638]]},"properties":{"name":"Lake Street","highway":"secondary"}},{"type":"Feature","id":1171,"geometry":{"type":"LineString","coordinates":[[-87.80078,41.888667],[-87.800678,41.888669],[-87.800408,41.888674],[-87.800177,41.88868]]},"properties":{"name":"Lake Street","highway":"secondary"}},{"type":"Feature","id":1172,"geometry":{"type":"LineString","coordinates":[[-87.797154,41.888695],[-87.797498,41.888696]]},"properties":{"name":"Lake Street","highway":"secondary"}},{"type":"Feature","id":1173,"geometry":{"type":"LineString","coordinates":[[-87.808498,41.888491],[-87.809033,41.888477],[-87.809713,41.888459],[-87.809825,41.888456]]},"properties":{"name":"Lake Street","highway":"secondary"}},{"type":"Feature","id":1174,"geometry":{"type":"LineString","coordinates":[[-87.809825,41.888456],[-87.809981,41.888453],[-87.810149,41.888449],[-87.810273,41.888447]]},"properties":{"name":"Lake Street","highway":"secondary"}},{"type":"Feature","id":1175,"geometry":{"type":"LineString","coordinates":[[-87.802468,41.888638],[-87.802633,41.888635]]},"properties":{"name":"Lake Street","highway":"secondary"}},{"type":"Feature","id":1176,"geometry":{"type":"LineString","coordinates":[[-87.789596,41.888478],[-87.789737,41.888483],[-87.790016,41.888493],[-87.790565,41.888512],[-87.790894,41.888524],[-87.791152,41.888533]]},"properties":{"name":"Lake Street","highway":"secondary"}},{"type":"Feature","id":1177,"geometry":{"type":"LineString","coordinates":[[-87.791152,41.888533],[-87.791443,41.888543],[-87.791925,41.88856],[-87.792577,41.888582],[-87.792704,41.888587]]},"properties":{"name":"Lake Street","highway":"secondary"}},{"type":"Feature","id":1178,"geometry":{"type":"LineString","coordinates":[[-87.789596,41.888478],[-87.789467,41.888474],[-87.788403,41.888439],[-87.788086,41.888429],[-87.787957,41.888425]]},"properties":{"name":"Lake Street","highway":"secondary"}},{"type":"Feature","id":1179,"geometry":{"type":"LineString","coordinates":[[-87.776547,41.888068],[-87.776422,41.888064],[-87.776356,41.888062],[-87.776198,41.888058],[-87.776122,41.888055],[-87.77505,41.888023],[-87.774914,41.888024]]},"properties":{"name":"Lake Street","highway":"secondary"}},{"type":"Feature","id":1180,"geometry":{"type":"LineString","coordinates":[[-87.779811,41.888163],[-87.779938,41.888168],[-87.780046,41.888171],[-87.780167,41.888176],[-87.780248,41.888178],[-87.780327,41.888181],[-87.780561,41.888189],[-87.78098,41.888203],[-87.781051,41.888206]]},"properties":{"name":"Lake Street","highway":"secondary"}},{"type":"Feature","id":1181,"geometry":{"type":"LineString","coordinates":[[-87.781051,41.888206],[-87.781139,41.888209],[-87.781429,41.888218]]},"properties":{"name":"Lake Street","highway":"secondary"}},{"type":"Feature","id":1182,"geometry":{"type":"LineString","coordinates":[[-87.777075,41.888085],[-87.777195,41.888127],[-87.778048,41.888155],[-87.778181,41.888122]]},"properties":{"name":"Lake Street","highway":"secondary"}},{"type":"Feature","id":1183,"geometry":{"type":"LineString","coordinates":[[-87.778181,41.888122],[-87.778046,41.888097],[-87.777194,41.888069],[-87.777075,41.888085]]},"properties":{"name":"Lake Street","highway":"secondary"}},{"type":"Feature","id":1184,"geometry":{"type":"LineString","coordinates":[[-87.777075,41.888085],[-87.776683,41.888072],[-87.776547,41.888068]]},"properties":{"name":"Lake Street","highway":"secondary"}},{"type":"Feature","id":1185,"geometry":{"type":"LineString","coordinates":[[-87.797154,41.888695],[-87.797043,41.888692],[-87.796673,41.888683],[-87.796539,41.88868],[-87.796171,41.888671],[-87.795233,41.888648],[-87.794651,41.888635],[-87.794509,41.888631]]},"properties":{"name":"Lake Street","highway":"secondary"}},{"type":"Feature","id":1186,"geometry":{"type":"LineString","coordinates":[[-87.787957,41.888425],[-87.787823,41.88842],[-87.787061,41.888397],[-87.786836,41.88839],[-87.78646,41.888378],[-87.786331,41.888374]]},"properties":{"name":"Lake Street","highway":"secondary"}},{"type":"Feature","id":1187,"geometry":{"type":"LineString","coordinates":[[-87.800108,41.885746],[-87.800192,41.885745],[-87.800464,41.885741],[-87.800854,41.885735],[-87.801079,41.885731],[-87.802137,41.885715],[-87.80216,41.885715],[-87.802402,41.885711],[-87.802512,41.88571]]},"properties":{"name":"Pleasant Street","highway":"residential"}},{"type":"Feature","id":1188,"geometry":{"type":"LineString","coordinates":[[-87.802498,41.885451],[-87.80261,41.885449],[-87.803238,41.885438],[-87.803287,41.885437],[-87.803319,41.885436],[-87.803518,41.885433],[-87.803555,41.885432],[-87.803673,41.88543],[-87.803959,41.885425],[-87.804057,41.885423]]},"properties":{"name":"Pleasant Street","highway":"residential"}},{"type":"Feature","id":1189,"geometry":{"type":"LineString","coordinates":[[-87.797087,41.885463],[-87.797205,41.885461],[-87.797723,41.885452],[-87.798482,41.885439],[-87.798586,41.885437]]},"properties":{"name":"Pleasant Street","highway":"residential"}},{"type":"Feature","id":1190,"geometry":{"type":"LineString","coordinates":[[-87.798586,41.885437],[-87.798698,41.885435],[-87.799964,41.885419],[-87.800095,41.885418]]},"properties":{"name":"Pleasant Street","highway":"residential"}},{"type":"Feature","id":1191,"geometry":{"type":"LineString","coordinates":[[-87.781343,41.885258],[-87.781481,41.885256],[-87.782156,41.885248],[-87.782846,41.88524],[-87.78297,41.885238]]},"properties":{"name":"Pleasant Street","highway":"residential"}},{"type":"Feature","id":1192,"geometry":{"type":"LineString","coordinates":[[-87.78297,41.885238],[-87.783113,41.885235],[-87.783784,41.885222],[-87.784471,41.885209],[-87.784595,41.885206]]},"properties":{"name":"Pleasant Street","highway":"residential"}},{"type":"Feature","id":1193,"geometry":{"type":"LineString","coordinates":[[-87.794411,41.885184],[-87.794524,41.885182],[-87.795089,41.885171],[-87.795642,41.88516],[-87.795751,41.885158]]},"properties":{"name":"Pleasant Street","highway":"residential"}},{"type":"Feature","id":1194,"geometry":{"type":"LineString","coordinates":[[-87.795751,41.885158],[-87.795859,41.885156],[-87.796425,41.885145],[-87.796977,41.885134],[-87.797078,41.885132]]},"properties":{"name":"Pleasant Street","highway":"residential"}},{"type":"Feature","id":1195,"geometry":{"type":"LineString","coordinates":[[-87.804057,41.885423],[-87.804178,41.885421],[-87.804708,41.885411],[-87.804828,41.885409],[-87.804931,41.885407]]},"properties":{"name":"Pleasant Street","highway":"residential"}},{"type":"Feature","id":1196,"geometry":{"type":"LineString","coordinates":[[-87.775065,41.88536],[-87.775643,41.885351],[-87.77633,41.885341],[-87.776456,41.885339]]},"properties":{"name":"Pleasant Street","highway":"residential"}},{"type":"Feature","id":1197,"geometry":{"type":"LineString","coordinates":[[-87.776456,41.885339],[-87.776593,41.885337],[-87.777292,41.885325],[-87.777952,41.885313],[-87.778083,41.885311]]},"properties":{"name":"Pleasant Street","highway":"residential"}},{"type":"Feature","id":1198,"geometry":{"type":"LineString","coordinates":[[-87.778083,41.885311],[-87.778224,41.885309],[-87.778908,41.885299],[-87.779587,41.88529],[-87.779728,41.885288]]},"properties":{"name":"Pleasant Street","highway":"residential"}},{"type":"Feature","id":1199,"geometry":{"type":"LineString","coordinates":[[-87.779728,41.885288],[-87.77985,41.885286],[-87.780536,41.885273],[-87.781221,41.88526],[-87.781343,41.885258]]},"properties":{"name":"Pleasant Street","highway":"residential"}},{"type":"Feature","id":1200,"geometry":{"type":"LineString","coordinates":[[-87.784595,41.885206],[-87.784739,41.885203],[-87.785432,41.88519],[-87.786103,41.885176],[-87.786233,41.885173]]},"properties":{"name":"Pleasant Street","highway":"residential"}},{"type":"Feature","id":1201,"geometry":{"type":"LineString","coordinates":[[-87.786233,41.885173],[-87.786372,41.885171],[-87.787066,41.88516],[-87.787732,41.885148],[-87.787857,41.885146]]},"properties":{"name":"Pleasant Street","highway":"residential"}},{"type":"Feature","id":1202,"geometry":{"type":"LineString","coordinates":[[-87.787857,41.885146],[-87.788004,41.885144],[-87.788687,41.885133],[-87.789372,41.885123],[-87.789502,41.88512]]},"properties":{"name":"Pleasant Street","highway":"residential"}},{"type":"Feature","id":1203,"geometry":{"type":"LineString","coordinates":[[-87.789502,41.88512],[-87.789639,41.885118],[-87.790319,41.885107],[-87.791005,41.885096],[-87.791128,41.885094]]},"properties":{"name":"Pleasant Street","highway":"residential"}},{"type":"Feature","id":1204,"geometry":{"type":"LineString","coordinates":[[-87.791128,41.885094],[-87.791274,41.885092],[-87.791969,41.88508],[-87.792632,41.885069],[-87.792764,41.885067]]},"properties":{"name":"Pleasant Street","highway":"residential"}},{"type":"Feature","id":1205,"geometry":{"type":"LineString","coordinates":[[-87.792764,41.885067],[-87.792903,41.885064],[-87.793599,41.885053],[-87.794303,41.885042],[-87.794407,41.88504]]},"properties":{"name":"Pleasant Street","highway":"residential"}},{"type":"Feature","id":1206,"geometry":{"type":"LineString","coordinates":[[-87.783063,41.888265],[-87.783062,41.888374],[-87.783065,41.888471],[-87.783076,41.888818],[-87.783078,41.888892],[-87.783124,41.890308],[-87.783126,41.890372]]},"properties":{"name":"North Cuyler Avenue","highway":"residential"}},{"type":"Feature","id":1207,"geometry":{"type":"LineString","coordinates":[[-87.783126,41.890372],[-87.783128,41.890464],[-87.783167,41.891664],[-87.783169,41.891738]]},"properties":{"name":"North Cuyler Avenue","highway":"residential"}},{"type":"Feature","id":1208,"geometry":{"type":"LineString","coordinates":[[-87.783169,41.891738],[-87.783172,41.891822],[-87.783211,41.893037],[-87.783213,41.89311]]},"properties":{"name":"North Cuyler Avenue","highway":"residential"}},{"type":"Feature","id":1209,"geometry":{"type":"LineString","coordinates":[[-87.783213,41.89311],[-87.783216,41.893197],[-87.783243,41.894051],[-87.783247,41.894148],[-87.783257,41.894473],[-87.783258,41.894494],[-87.78326,41.894586]]},"properties":{"name":"North Cuyler Avenue","highway":"residential"}},{"type":"Feature","id":1210,"geometry":{"type":"LineString","coordinates":[[-87.78326,41.894586],[-87.783264,41.894697],[-87.783265,41.894724],[-87.783273,41.894977],[-87.783278,41.895132],[-87.783287,41.895398],[-87.783317,41.896342],[-87.783319,41.896409]]},"properties":{"name":"North Cuyler Avenue","highway":"residential"}},{"type":"Feature","id":1211,"geometry":{"type":"LineString","coordinates":[[-87.783319,41.896409],[-87.783322,41.896502],[-87.783375,41.898165],[-87.783377,41.898233]]},"properties":{"name":"North Cuyler Avenue","highway":"residential"}},{"type":"Feature","id":1212,"geometry":{"type":"LineString","coordinates":[[-87.783377,41.898233],[-87.78338,41.898323],[-87.783404,41.899175],[-87.783429,41.899836],[-87.783431,41.899914]]},"properties":{"name":"North Cuyler Avenue","highway":"residential"}},{"type":"Feature","id":1213,"geometry":{"type":"LineString","coordinates":[[-87.783823,41.899907],[-87.783825,41.899988],[-87.78388,41.901807],[-87.783883,41.901884]]},"properties":{"name":"North Cuyler Avenue","highway":"residential"}},{"type":"Feature","id":1214,"geometry":{"type":"LineString","coordinates":[[-87.787914,41.886946],[-87.787911,41.886848],[-87.787911,41.886826],[-87.787897,41.886411],[-87.78786,41.885232],[-87.787857,41.885146]]},"properties":{"name":"South Scoville Avenue","highway":"residential"}},{"type":"Feature","id":1215,"geometry":{"type":"LineString","coordinates":[[-87.787857,41.885146],[-87.787855,41.88507],[-87.787816,41.883491],[-87.787813,41.88337]]},"properties":{"name":"South Scoville Avenue","highway":"residential"}},{"type":"Feature","id":1216,"geometry":{"type":"LineString","coordinates":[[-87.787813,41.88337],[-87.787812,41.883273],[-87.787801,41.882333]]},"properties":{"name":"South Scoville Avenue","highway":"residential"}},{"type":"Feature","id":1217,"geometry":{"type":"LineString","coordinates":[[-87.788126,41.879799],[-87.788123,41.879717],[-87.788119,41.879594],[-87.788115,41.879454],[-87.788111,41.879343],[-87.788069,41.878125],[-87.788066,41.878033]]},"properties":{"name":"South Scoville Avenue","highway":"residential"}},{"type":"Feature","id":1218,"geometry":{"type":"LineString","coordinates":[[-87.788066,41.878033],[-87.788064,41.877963],[-87.788007,41.8763],[-87.788004,41.876214]]},"properties":{"name":"South Scoville Avenue","highway":"residential"}},{"type":"Feature","id":1219,"geometry":{"type":"LineString","coordinates":[[-87.788004,41.876214],[-87.788001,41.876139],[-87.787944,41.874474],[-87.787941,41.874385]]},"properties":{"name":"South Scoville Avenue","highway":"residential"}},{"type":"Feature","id":1220,"geometry":{"type":"LineString","coordinates":[[-87.787758,41.868917],[-87.787755,41.868837],[-87.787695,41.86717],[-87.787692,41.867092]]},"properties":{"name":"South Scoville Avenue","highway":"residential"}},{"type":"Feature","id":1221,"geometry":{"type":"LineString","coordinates":[[-87.787692,41.867092],[-87.787689,41.867011],[-87.787644,41.865819]]},"properties":{"name":"South Scoville Avenue","highway":"residential"}},{"type":"Feature","id":1222,"geometry":{"type":"LineString","coordinates":[[-87.787796,41.882206],[-87.78778,41.881763],[-87.787777,41.881655]]},"properties":{"name":"South Scoville Avenue","highway":"residential"}},{"type":"Feature","id":1223,"geometry":{"type":"LineString","coordinates":[[-87.787777,41.881655],[-87.787773,41.881563],[-87.787758,41.881122],[-87.787733,41.880398],[-87.787729,41.880295],[-87.78772,41.880031],[-87.787718,41.879958],[-87.787717,41.879933]]},"properties":{"name":"South Scoville Avenue","highway":"residential"}},{"type":"Feature","id":1224,"geometry":{"type":"LineString","coordinates":[[-87.787717,41.879933],[-87.787712,41.879804]]},"properties":{"name":"South Scoville Avenue","highway":"residential"}},{"type":"Feature","id":1225,"geometry":{"type":"LineString","coordinates":[[-87.787801,41.8702],[-87.787757,41.868998],[-87.787758,41.868917]]},"properties":{"name":"South Scoville Avenue","highway":"residential"}},{"type":"Feature","id":1226,"geometry":{"type":"LineString","coordinates":[[-87.787941,41.874385],[-87.787939,41.874315],[-87.787895,41.873024],[-87.787882,41.872651],[-87.78788,41.872574]]},"properties":{"name":"South Scoville Avenue","highway":"residential"}},{"type":"Feature","id":1227,"geometry":{"type":"LineString","coordinates":[[-87.788133,41.879926],[-87.788126,41.879799]]},"properties":{"name":"South Scoville Avenue","highway":"residential"}},{"type":"Feature","id":1228,"geometry":{"type":"LineString","coordinates":[[-87.768319,41.889072],[-87.768837,41.889067],[-87.769831,41.889057],[-87.769941,41.889056]]},"properties":{"name":"West Midway Park","highway":"residential"}},{"type":"Feature","id":1229,"geometry":{"type":"LineString","coordinates":[[-87.769941,41.889056],[-87.770045,41.889055],[-87.771987,41.889035],[-87.772086,41.889034]]},"properties":{"name":"West Midway Park","highway":"residential"}},{"type":"Feature","id":1230,"geometry":{"type":"LineString","coordinates":[[-87.772086,41.889034],[-87.772198,41.889033],[-87.774839,41.889007],[-87.774873,41.889006],[-87.774945,41.889006]]},"properties":{"name":"West Midway Park","highway":"residential"}},{"type":"Feature","id":1231,"geometry":{"type":"LineString","coordinates":[[-87.772083,41.888945],[-87.772196,41.888944],[-87.774836,41.888924],[-87.774874,41.888923],[-87.774943,41.888923]]},"properties":{"name":"West Midway Park","highway":"residential"}},{"type":"Feature","id":1232,"geometry":{"type":"LineString","coordinates":[[-87.772083,41.888945],[-87.771984,41.888945],[-87.77004,41.88896],[-87.769938,41.888961]]},"properties":{"name":"West Midway Park","highway":"residential"}},{"type":"Feature","id":1233,"geometry":{"type":"LineString","coordinates":[[-87.769938,41.888961],[-87.769828,41.888962],[-87.768838,41.88897],[-87.768301,41.888974]]},"properties":{"name":"West Midway Park","highway":"residential"}},{"type":"Feature","id":1234,"geometry":{"type":"LineString","coordinates":[[-87.791152,41.888533],[-87.791154,41.888635],[-87.791195,41.890172],[-87.791197,41.890243]]},"properties":{"name":"North Linden Avenue","highway":"residential"}},{"type":"Feature","id":1235,"geometry":{"type":"LineString","coordinates":[[-87.791197,41.890243],[-87.791231,41.891533],[-87.791233,41.891607]]},"properties":{"name":"North Linden Avenue","highway":"residential"}},{"type":"Feature","id":1236,"geometry":{"type":"LineString","coordinates":[[-87.791233,41.891607],[-87.791235,41.891694],[-87.791267,41.892913],[-87.791269,41.892982]]},"properties":{"name":"North Linden Avenue","highway":"residential"}},{"type":"Feature","id":1237,"geometry":{"type":"LineString","coordinates":[[-87.791269,41.892982],[-87.791271,41.893069],[-87.791304,41.89433],[-87.791305,41.894366],[-87.791308,41.894457]]},"properties":{"name":"North Linden Avenue","highway":"residential"}},{"type":"Feature","id":1238,"geometry":{"type":"LineString","coordinates":[[-87.791308,41.894457],[-87.79131,41.894564],[-87.791311,41.8946],[-87.791354,41.896219],[-87.791356,41.896297]]},"properties":{"name":"North Linden Avenue","highway":"residential"}},{"type":"Feature","id":1239,"geometry":{"type":"LineString","coordinates":[[-87.791356,41.896297],[-87.791358,41.89638],[-87.791402,41.898035],[-87.791404,41.898115]]},"properties":{"name":"North Linden Avenue","highway":"residential"}},{"type":"Feature","id":1240,"geometry":{"type":"LineString","coordinates":[[-87.792317,41.898101],[-87.792321,41.898197],[-87.792333,41.898565],[-87.792366,41.89969],[-87.792368,41.899763]]},"properties":{"name":"North Linden Avenue","highway":"residential"}},{"type":"Feature","id":1241,"geometry":{"type":"LineString","coordinates":[[-87.792368,41.899763],[-87.79237,41.89985],[-87.79242,41.901644],[-87.792421,41.90167],[-87.792423,41.901741]]},"properties":{"name":"North Linden Avenue","highway":"residential"}},{"type":"Feature","id":1242,"geometry":{"type":"LineString","coordinates":[[-87.792423,41.901741],[-87.792426,41.901827],[-87.792426,41.901851],[-87.792451,41.902699],[-87.792477,41.903583],[-87.792479,41.903661]]},"properties":{"name":"North Linden Avenue","highway":"residential"}},{"type":"Feature","id":1243,"geometry":{"type":"LineString","coordinates":[[-87.792479,41.903661],[-87.792482,41.903745],[-87.79251,41.904818],[-87.792521,41.905255],[-87.792528,41.905526],[-87.79253,41.905598]]},"properties":{"name":"North Linden Avenue","highway":"residential"}},{"type":"Feature","id":1244,"geometry":{"type":"LineString","coordinates":[[-87.79253,41.905598],[-87.792533,41.905687],[-87.792577,41.907115],[-87.792578,41.90714],[-87.79258,41.907214]]},"properties":{"name":"North Linden Avenue","highway":"residential"}},{"type":"Feature","id":1245,"geometry":{"type":"LineString","coordinates":[[-87.79258,41.907214],[-87.792582,41.907301],[-87.792582,41.907321],[-87.792599,41.908077],[-87.79261,41.908549],[-87.792626,41.908899],[-87.792626,41.908922],[-87.792631,41.909052]]},"properties":{"name":"North Linden Avenue","highway":"residential"}},{"type":"Feature","id":1246,"geometry":{"type":"LineString","coordinates":[[-87.802325,41.897931],[-87.802328,41.898025],[-87.802336,41.898239],[-87.802341,41.898401],[-87.802387,41.899671],[-87.80239,41.899746]]},"properties":{"name":"Belleforte Avenue","highway":"residential"}},{"type":"Feature","id":1247,"geometry":{"type":"LineString","coordinates":[[-87.80239,41.899746],[-87.802393,41.899833],[-87.802451,41.901458],[-87.802452,41.901495],[-87.802455,41.90157]]},"properties":{"name":"Belleforte Avenue","highway":"residential"}},{"type":"Feature","id":1248,"geometry":{"type":"LineString","coordinates":[[-87.802455,41.90157],[-87.802458,41.901658],[-87.802459,41.901688],[-87.802518,41.903331],[-87.80252,41.903411]]},"properties":{"name":"Belleforte Avenue","highway":"residential"}},{"type":"Feature","id":1249,"geometry":{"type":"LineString","coordinates":[[-87.80252,41.903411],[-87.802523,41.903492],[-87.802552,41.904283],[-87.802554,41.904345],[-87.802583,41.905167],[-87.802586,41.90524]]},"properties":{"name":"Belleforte Avenue","highway":"residential"}},{"type":"Feature","id":1250,"geometry":{"type":"LineString","coordinates":[[-87.802649,41.907088],[-87.802652,41.907162],[-87.802691,41.908297]]},"properties":{"name":"Belleforte Avenue","highway":"residential"}},{"type":"Feature","id":1251,"geometry":{"type":"LineString","coordinates":[[-87.801912,41.894283],[-87.801916,41.894376],[-87.801917,41.894399],[-87.801935,41.894885],[-87.801935,41.894897],[-87.802045,41.897834],[-87.802048,41.897936]]},"properties":{"name":"Belleforte Avenue","highway":"residential"}},{"type":"Feature","id":1252,"geometry":{"type":"LineString","coordinates":[[-87.80266,41.908428],[-87.802662,41.908498],[-87.802672,41.908794],[-87.802674,41.908861]]},"properties":{"name":"Belleforte Avenue","highway":"residential"}},{"type":"Feature","id":1253,"geometry":{"type":"LineString","coordinates":[[-87.802674,41.908861],[-87.802678,41.90898]]},"properties":{"name":"Belleforte Avenue","highway":"residential"}},{"type":"Feature","id":1254,"geometry":{"type":"LineString","coordinates":[[-87.787583,41.863439],[-87.787581,41.863362],[-87.787534,41.861697],[-87.787532,41.861608],[-87.78753,41.86154],[-87.787483,41.859873],[-87.787481,41.859788],[-87.787479,41.859715],[-87.787442,41.85843],[-87.787432,41.858051],[-87.78743,41.857968],[-87.787427,41.85789],[-87.787417,41.857506],[-87.787381,41.856222],[-87.787378,41.856133],[-87.787376,41.856061],[-87.787322,41.85415],[-87.787276,41.852482],[-87.787247,41.851468],[-87.787244,41.851335],[-87.78724,41.851223],[-87.787238,41.851143],[-87.78723,41.850854],[-87.787226,41.850714]]},"properties":{"name":"Scoville Avenue","highway":"residential"}},{"type":"Feature","id":1255,"geometry":{"type":"LineString","coordinates":[[-87.787621,41.864662],[-87.787618,41.864553],[-87.787586,41.863523],[-87.787583,41.863439]]},"properties":{"name":"Scoville Avenue","highway":"residential"}},{"type":"Feature","id":1256,"geometry":{"type":"LineString","coordinates":[[-87.784657,41.886963],[-87.784617,41.887088],[-87.784618,41.887125],[-87.784624,41.887357],[-87.784666,41.887399]]},"properties":{"name":"North Ridgeland Avenue","highway":"tertiary"}},{"type":"Feature","id":1257,"geometry":{"type":"LineString","coordinates":[[-87.783863,41.904747],[-87.783831,41.904831],[-87.783624,41.905423],[-87.783588,41.905529],[-87.783556,41.905604],[-87.783538,41.905643],[-87.783522,41.905679],[-87.783507,41.905713],[-87.7835,41.90573]]},"properties":{"name":"North Ridgeland Avenue","highway":"tertiary"}},{"type":"Feature","id":1258,"geometry":{"type":"LineString","coordinates":[[-87.784746,41.890348],[-87.784744,41.890287],[-87.784707,41.889057],[-87.784701,41.888866],[-87.784694,41.888648],[-87.784693,41.888595],[-87.784688,41.888424],[-87.784685,41.888313]]},"properties":{"name":"North Ridgeland Avenue","highway":"tertiary"}},{"type":"Feature","id":1259,"geometry":{"type":"LineString","coordinates":[[-87.784746,41.890348],[-87.784749,41.890446],[-87.784783,41.891641],[-87.784785,41.891717]]},"properties":{"name":"North Ridgeland Avenue","highway":"tertiary"}},{"type":"Feature","id":1260,"geometry":{"type":"LineString","coordinates":[[-87.784785,41.891717],[-87.784787,41.891802],[-87.784821,41.893014],[-87.784823,41.893084]]},"properties":{"name":"North Ridgeland Avenue","highway":"tertiary"}},{"type":"Feature","id":1261,"geometry":{"type":"LineString","coordinates":[[-87.784823,41.893084],[-87.784826,41.893179],[-87.784853,41.894031],[-87.784861,41.894294],[-87.784866,41.894474],[-87.784869,41.89456]]},"properties":{"name":"North Ridgeland Avenue","highway":"tertiary"}},{"type":"Feature","id":1262,"geometry":{"type":"LineString","coordinates":[[-87.784685,41.888313],[-87.784683,41.888225],[-87.784682,41.888151],[-87.784679,41.887985],[-87.784678,41.887914],[-87.784667,41.887453],[-87.784666,41.887423],[-87.784666,41.887399]]},"properties":{"name":"North Ridgeland Avenue","highway":"tertiary"}},{"type":"Feature","id":1263,"geometry":{"type":"LineString","coordinates":[[-87.783314,41.907331],[-87.783312,41.90726],[-87.783274,41.906038],[-87.783288,41.905973],[-87.7833,41.905939],[-87.783319,41.905901],[-87.783425,41.905796],[-87.7835,41.90573]]},"properties":{"name":"North Ridgeland Avenue","highway":"tertiary"}},{"type":"Feature","id":1264,"geometry":{"type":"LineString","coordinates":[[-87.783314,41.907331],[-87.783317,41.90742],[-87.783355,41.90866],[-87.783364,41.908874],[-87.783367,41.908947],[-87.78337,41.909022],[-87.783371,41.909041],[-87.783344,41.909167]]},"properties":{"name":"North Ridgeland Avenue","highway":"tertiary"}},{"type":"Feature","id":1265,"geometry":{"type":"LineString","coordinates":[[-87.784177,41.9038],[-87.784194,41.903715],[-87.784203,41.903632],[-87.784145,41.902226],[-87.784134,41.901963],[-87.784131,41.901883]]},"properties":{"name":"North Ridgeland Avenue","highway":"tertiary"}},{"type":"Feature","id":1266,"geometry":{"type":"LineString","coordinates":[[-87.784867,41.901867],[-87.784895,41.901794],[-87.784954,41.901645],[-87.785055,41.901386],[-87.785074,41.901328],[-87.785087,41.901252],[-87.785093,41.901177],[-87.785059,41.899971],[-87.785056,41.899886]]},"properties":{"name":"North Ridgeland Avenue","highway":"tertiary"}},{"type":"Feature","id":1267,"geometry":{"type":"LineString","coordinates":[[-87.784999,41.898208],[-87.785002,41.898309],[-87.785054,41.899813],[-87.785056,41.899886]]},"properties":{"name":"North Ridgeland Avenue","highway":"tertiary"}},{"type":"Feature","id":1268,"geometry":{"type":"LineString","coordinates":[[-87.784666,41.887399],[-87.78471,41.887359],[-87.784703,41.887083],[-87.784657,41.886963]]},"properties":{"name":"North Ridgeland Avenue","highway":"tertiary"}},{"type":"Feature","id":1269,"geometry":{"type":"LineString","coordinates":[[-87.784869,41.89456],[-87.784872,41.894669],[-87.784875,41.894771],[-87.78488,41.894941],[-87.784883,41.895058],[-87.784893,41.89536],[-87.784921,41.896316],[-87.784924,41.896387]]},"properties":{"name":"North Ridgeland Avenue","highway":"tertiary"}},{"type":"Feature","id":1270,"geometry":{"type":"LineString","coordinates":[[-87.784924,41.896387],[-87.784927,41.896477],[-87.784996,41.898136],[-87.784999,41.898208]]},"properties":{"name":"North Ridgeland Avenue","highway":"tertiary"}},{"type":"Feature","id":1271,"geometry":{"type":"LineString","coordinates":[[-87.784177,41.9038],[-87.784148,41.903877],[-87.784088,41.90406],[-87.78389,41.904665],[-87.783863,41.904747]]},"properties":{"name":"North Ridgeland Avenue","highway":"tertiary"}},{"type":"Feature","id":1272,"geometry":{"type":"LineString","coordinates":[[-87.793614,41.91086],[-87.793612,41.91078],[-87.793571,41.909536],[-87.793559,41.909168],[-87.793555,41.90904]]},"properties":{"name":"North Rutherford Avenue","highway":"residential"}},{"type":"Feature","id":1273,"geometry":{"type":"LineString","coordinates":[[-87.793718,41.914502],[-87.793716,41.914425],[-87.793669,41.912763],[-87.793666,41.912681],[-87.793664,41.912605],[-87.793616,41.910939],[-87.793614,41.91086]]},"properties":{"name":"North Rutherford Avenue","highway":"residential"}},{"type":"Feature","id":1274,"geometry":{"type":"LineString","coordinates":[[-87.768061,41.891952],[-87.769936,41.891932],[-87.770039,41.891931]]},"properties":{"name":"West Erie Street","highway":"residential"}},{"type":"Feature","id":1275,"geometry":{"type":"LineString","coordinates":[[-87.770039,41.891931],[-87.770145,41.89193],[-87.772088,41.891919],[-87.77219,41.891919]]},"properties":{"name":"West Erie Street","highway":"residential"}},{"type":"Feature","id":1276,"geometry":{"type":"LineString","coordinates":[[-87.77219,41.891919],[-87.772302,41.891917],[-87.774927,41.891888],[-87.774936,41.891886],[-87.775037,41.891864]]},"properties":{"name":"West Erie Street","highway":"residential"}},{"type":"Feature","id":1277,"geometry":{"type":"LineString","coordinates":[[-87.777107,41.880106],[-87.777102,41.87999]]},"properties":{"name":"South Lyman Avenue","highway":"residential"}},{"type":"Feature","id":1278,"geometry":{"type":"LineString","coordinates":[[-87.777102,41.87999],[-87.7771,41.879925],[-87.777097,41.879861],[-87.777092,41.879675],[-87.777089,41.879592],[-87.777036,41.878275],[-87.777033,41.878199]]},"properties":{"name":"South Lyman Avenue","highway":"residential"}},{"type":"Feature","id":1279,"geometry":{"type":"LineString","coordinates":[[-87.777033,41.878199],[-87.777031,41.878115],[-87.776984,41.876477],[-87.776982,41.876398]]},"properties":{"name":"South Lyman Avenue","highway":"residential"}},{"type":"Feature","id":1280,"geometry":{"type":"LineString","coordinates":[[-87.776982,41.876398],[-87.776979,41.876319],[-87.776913,41.874651],[-87.77691,41.874563]]},"properties":{"name":"South Lyman Avenue","highway":"residential"}},{"type":"Feature","id":1281,"geometry":{"type":"LineString","coordinates":[[-87.77691,41.874563],[-87.776907,41.874489],[-87.776852,41.872822],[-87.776849,41.872738]]},"properties":{"name":"South Lyman Avenue","highway":"residential"}},{"type":"Feature","id":1282,"geometry":{"type":"LineString","coordinates":[[-87.776849,41.872738],[-87.776845,41.872658],[-87.776827,41.872284],[-87.776798,41.871623],[-87.776797,41.871583]]},"properties":{"name":"South Lyman Avenue","highway":"residential"}},{"type":"Feature","id":1283,"geometry":{"type":"LineString","coordinates":[[-87.776767,41.870581],[-87.776765,41.870536],[-87.776744,41.870163],[-87.776716,41.869167],[-87.776714,41.869088]]},"properties":{"name":"South Lyman Avenue","highway":"residential"}},{"type":"Feature","id":1284,"geometry":{"type":"LineString","coordinates":[[-87.776714,41.869088],[-87.776711,41.869006],[-87.776653,41.867338],[-87.77665,41.867261]]},"properties":{"name":"South Lyman Avenue","highway":"residential"}},{"type":"Feature","id":1285,"geometry":{"type":"LineString","coordinates":[[-87.77665,41.867261],[-87.776647,41.867177],[-87.776604,41.865886],[-87.776592,41.865512],[-87.776589,41.865428]]},"properties":{"name":"South Lyman Avenue","highway":"residential"}},{"type":"Feature","id":1286,"geometry":{"type":"LineString","coordinates":[[-87.795794,41.886868],[-87.795795,41.886809],[-87.795752,41.88522],[-87.795751,41.885158]]},"properties":{"name":"South Grove Avenue","highway":"residential"}},{"type":"Feature","id":1287,"geometry":{"type":"LineString","coordinates":[[-87.795751,41.885158],[-87.795749,41.885101],[-87.795691,41.883507],[-87.795687,41.883415]]},"properties":{"name":"South Grove Avenue","highway":"residential"}},{"type":"Feature","id":1288,"geometry":{"type":"LineString","coordinates":[[-87.795687,41.883415],[-87.795686,41.883346],[-87.795638,41.881678],[-87.795635,41.881585]]},"properties":{"name":"South Grove Avenue","highway":"residential"}},{"type":"Feature","id":1289,"geometry":{"type":"LineString","coordinates":[[-87.795635,41.881585],[-87.795633,41.881514],[-87.795631,41.881437],[-87.795625,41.881188],[-87.795624,41.881147],[-87.7956,41.880253],[-87.795597,41.880106],[-87.79559,41.879844],[-87.795587,41.879746]]},"properties":{"name":"South Grove Avenue","highway":"residential"}},{"type":"Feature","id":1290,"geometry":{"type":"LineString","coordinates":[[-87.795269,41.872129],[-87.795268,41.872092],[-87.795257,41.871643],[-87.795233,41.870698],[-87.795232,41.87062]]},"properties":{"name":"South Grove Avenue","highway":"residential"}},{"type":"Feature","id":1291,"geometry":{"type":"LineString","coordinates":[[-87.795232,41.87062],[-87.79523,41.870535],[-87.795188,41.868871],[-87.795186,41.868784]]},"properties":{"name":"South Grove Avenue","highway":"residential"}},{"type":"Feature","id":1292,"geometry":{"type":"LineString","coordinates":[[-87.795276,41.876053],[-87.795324,41.876]]},"properties":{"name":"South Grove Avenue","highway":"tertiary"}},{"type":"Feature","id":1293,"geometry":{"type":"LineString","coordinates":[[-87.795258,41.874268],[-87.795255,41.874178],[-87.795252,41.874072]]},"properties":{"name":"South Grove Avenue","highway":"residential"}},{"type":"Feature","id":1294,"geometry":{"type":"LineString","coordinates":[[-87.795252,41.874072],[-87.79525,41.874001],[-87.795228,41.872986],[-87.795227,41.872941]]},"properties":{"name":"South Grove Avenue","highway":"residential"}},{"type":"Feature","id":1295,"geometry":{"type":"LineString","coordinates":[[-87.795438,41.879748],[-87.795436,41.879661],[-87.795432,41.879541],[-87.795424,41.879279],[-87.795424,41.879266],[-87.795398,41.878411],[-87.795395,41.878317]]},"properties":{"name":"South Grove Avenue","highway":"residential"}},{"type":"Feature","id":1296,"geometry":{"type":"LineString","coordinates":[[-87.795395,41.878317],[-87.795383,41.877923]]},"properties":{"name":"South Grove Avenue","highway":"residential"}},{"type":"Feature","id":1297,"geometry":{"type":"LineString","coordinates":[[-87.795383,41.877923],[-87.795356,41.876995],[-87.795353,41.876905]]},"properties":{"name":"South Grove Avenue","highway":"residential"}},{"type":"Feature","id":1298,"geometry":{"type":"LineString","coordinates":[[-87.795353,41.876905],[-87.795351,41.876833],[-87.795332,41.876215],[-87.79536,41.876142],[-87.795361,41.87613],[-87.795361,41.876077],[-87.795351,41.876031],[-87.795324,41.876]]},"properties":{"name":"South Grove Avenue","highway":"residential"}},{"type":"Feature","id":1299,"geometry":{"type":"LineString","coordinates":[[-87.795111,41.866965],[-87.795108,41.866883],[-87.795064,41.865616]]},"properties":{"name":"South Grove Avenue","highway":"residential"}},{"type":"Feature","id":1300,"geometry":{"type":"LineString","coordinates":[[-87.795186,41.868784],[-87.795183,41.86871],[-87.795114,41.867044],[-87.795111,41.866965]]},"properties":{"name":"South Grove Avenue","highway":"residential"}},{"type":"Feature","id":1301,"geometry":{"type":"LineString","coordinates":[[-87.795324,41.876],[-87.79532,41.875945],[-87.795319,41.875929],[-87.795304,41.875732],[-87.795301,41.875632],[-87.795304,41.875581]]},"properties":{"name":"South Grove Avenue","highway":"tertiary"}},{"type":"Feature","id":1302,"geometry":{"type":"LineString","coordinates":[[-87.795304,41.875581],[-87.795314,41.875562],[-87.795339,41.875533]]},"properties":{"name":"South Grove Avenue","highway":"tertiary"}},{"type":"Feature","id":1303,"geometry":{"type":"LineString","coordinates":[[-87.795304,41.875581],[-87.795269,41.875513],[-87.795269,41.875421],[-87.795293,41.875366],[-87.795261,41.874346],[-87.795258,41.874268]]},"properties":{"name":"South Grove Avenue","highway":"residential"}},{"type":"Feature","id":1304,"geometry":{"type":"LineString","coordinates":[[-87.806984,41.908928],[-87.807236,41.908924],[-87.808217,41.908909]]},"properties":{"name":"North Avenue","highway":"primary"}},{"type":"Feature","id":1305,"geometry":{"type":"LineString","coordinates":[[-87.809451,41.90882],[-87.809615,41.908817],[-87.810648,41.908802],[-87.811481,41.908789],[-87.811877,41.908783]]},"properties":{"name":"North Avenue","highway":"primary"}},{"type":"Feature","id":1306,"geometry":{"type":"LineString","coordinates":[[-87.806977,41.908776],[-87.806842,41.908775],[-87.806586,41.908775],[-87.806145,41.908776],[-87.80594,41.908777],[-87.805763,41.908777]]},"properties":{"name":"North Avenue","highway":"primary"}},{"type":"Feature","id":1307,"geometry":{"type":"LineString","coordinates":[[-87.807385,41.908778],[-87.807491,41.908779],[-87.807863,41.908774],[-87.809018,41.908759]]},"properties":{"name":"North Avenue","highway":"primary"}},{"type":"Feature","id":1308,"geometry":{"type":"LineString","coordinates":[[-87.809451,41.90882],[-87.809208,41.908764],[-87.809018,41.908759]]},"properties":{"name":"North Avenue","highway":"primary"}},{"type":"Feature","id":1309,"geometry":{"type":"LineString","coordinates":[[-87.805768,41.908935],[-87.805948,41.908935],[-87.806589,41.908931],[-87.806984,41.908928]]},"properties":{"name":"North Avenue","highway":"primary"}},{"type":"Feature","id":1310,"geometry":{"type":"LineString","coordinates":[[-87.808217,41.908909],[-87.809213,41.908887],[-87.809451,41.90882]]},"properties":{"name":"North Avenue","highway":"primary"}},{"type":"Feature","id":1311,"geometry":{"type":"LineString","coordinates":[[-87.807385,41.908778],[-87.806977,41.908776]]},"properties":{"name":"North Avenue","highway":"primary"}},{"type":"Feature","id":1312,"geometry":{"type":"LineString","coordinates":[[-87.800275,41.864597],[-87.80023,41.86331],[-87.800227,41.863239]]},"properties":{"name":"Wenonah Avenue","highway":"residential"}},{"type":"Feature","id":1313,"geometry":{"type":"LineString","coordinates":[[-87.800227,41.863239],[-87.800224,41.863148],[-87.800164,41.861496],[-87.800161,41.861412],[-87.800158,41.861334],[-87.8001,41.859678],[-87.800098,41.859594]]},"properties":{"name":"Wenonah Avenue","highway":"residential"}},{"type":"Feature","id":1314,"geometry":{"type":"LineString","coordinates":[[-87.774721,41.8821],[-87.774718,41.882008],[-87.774704,41.881562],[-87.774699,41.881427],[-87.774674,41.880656],[-87.774673,41.880629],[-87.774672,41.880584],[-87.774662,41.880239],[-87.774659,41.880143]]},"properties":{"name":"North Austin Boulevard","highway":"tertiary"}},{"type":"Feature","id":1315,"geometry":{"type":"LineString","coordinates":[[-87.775362,41.901994],[-87.775365,41.902084],[-87.775368,41.902187],[-87.775372,41.902315],[-87.775374,41.902384],[-87.77542,41.903786],[-87.77542,41.903814]]},"properties":{"name":"North Austin Boulevard","highway":"tertiary"}},{"type":"Feature","id":1316,"geometry":{"type":"LineString","coordinates":[[-87.77542,41.903814],[-87.775424,41.903915]]},"properties":{"name":"North Austin Boulevard","highway":"tertiary"}},{"type":"Feature","id":1317,"geometry":{"type":"LineString","coordinates":[[-87.775424,41.903915],[-87.775424,41.903948],[-87.775476,41.905562],[-87.775479,41.905641]]},"properties":{"name":"North Austin Boulevard","highway":"tertiary"}},{"type":"Feature","id":1318,"geometry":{"type":"LineString","coordinates":[[-87.774914,41.888024],[-87.774911,41.887926],[-87.7749,41.88758]]},"properties":{"name":"North Austin Boulevard","highway":"tertiary"}},{"type":"Feature","id":1319,"geometry":{"type":"LineString","coordinates":[[-87.7749,41.88758],[-87.774942,41.887489],[-87.774933,41.88724],[-87.774886,41.887199]]},"properties":{"name":"North Austin Boulevard","highway":"tertiary"}},{"type":"Feature","id":1320,"geometry":{"type":"LineString","coordinates":[[-87.775538,41.909259],[-87.775582,41.909135],[-87.775589,41.909091],[-87.775579,41.908752],[-87.775554,41.907978],[-87.775539,41.907524],[-87.775537,41.907442]]},"properties":{"name":"North Austin Boulevard","highway":"tertiary"}},{"type":"Feature","id":1321,"geometry":{"type":"LineString","coordinates":[[-87.774782,41.883994],[-87.774781,41.883943],[-87.774739,41.882649],[-87.774725,41.882205],[-87.774721,41.8821]]},"properties":{"name":"North Austin Boulevard","highway":"tertiary"}},{"type":"Feature","id":1322,"geometry":{"type":"LineString","coordinates":[[-87.774782,41.883994],[-87.774784,41.884066],[-87.774787,41.884132]]},"properties":{"name":"North Austin Boulevard","highway":"tertiary"}},{"type":"Feature","id":1323,"geometry":{"type":"LineString","coordinates":[[-87.774787,41.884132],[-87.774789,41.884208],[-87.774831,41.885505],[-87.774833,41.885573]]},"properties":{"name":"North Austin Boulevard","highway":"tertiary"}},{"type":"Feature","id":1324,"geometry":{"type":"LineString","coordinates":[[-87.774833,41.885573],[-87.774836,41.885667],[-87.774856,41.886281],[-87.774866,41.886599],[-87.774879,41.887015],[-87.774881,41.887085]]},"properties":{"name":"North Austin Boulevard","highway":"tertiary"}},{"type":"Feature","id":1325,"geometry":{"type":"LineString","coordinates":[[-87.774886,41.887199],[-87.77485,41.887242],[-87.774854,41.88749],[-87.7749,41.88758]]},"properties":{"name":"North Austin Boulevard","highway":"tertiary"}},{"type":"Feature","id":1326,"geometry":{"type":"LineString","coordinates":[[-87.775487,41.905882],[-87.775489,41.905966],[-87.775522,41.906994],[-87.775534,41.907366],[-87.775537,41.907442]]},"properties":{"name":"North Austin Boulevard","highway":"tertiary"}},{"type":"Feature","id":1327,"geometry":{"type":"LineString","coordinates":[[-87.775479,41.905641],[-87.775481,41.905711],[-87.775487,41.905882]]},"properties":{"name":"North Austin Boulevard","highway":"tertiary"}},{"type":"Feature","id":1328,"geometry":{"type":"LineString","coordinates":[[-87.774914,41.888024],[-87.774917,41.888126],[-87.774929,41.888485],[-87.774933,41.888623],[-87.77494,41.888851],[-87.774943,41.888923]]},"properties":{"name":"North Austin Boulevard","highway":"tertiary"}},{"type":"Feature","id":1329,"geometry":{"type":"LineString","coordinates":[[-87.774943,41.888923],[-87.774945,41.889006]]},"properties":{"name":"North Austin Boulevard","highway":"tertiary"}},{"type":"Feature","id":1330,"geometry":{"type":"LineString","coordinates":[[-87.774945,41.889006],[-87.774947,41.88907],[-87.774961,41.889497],[-87.774964,41.889591],[-87.774974,41.889917],[-87.774978,41.890015]]},"properties":{"name":"North Austin Boulevard","highway":"tertiary"}},{"type":"Feature","id":1331,"geometry":{"type":"LineString","coordinates":[[-87.774978,41.890015],[-87.774982,41.890141],[-87.774991,41.890425],[-87.774993,41.89049]]},"properties":{"name":"North Austin Boulevard","highway":"tertiary"}},{"type":"Feature","id":1332,"geometry":{"type":"LineString","coordinates":[[-87.774993,41.89049],[-87.774994,41.890522],[-87.774996,41.890585],[-87.775007,41.890926],[-87.775009,41.891008]]},"properties":{"name":"North Austin Boulevard","highway":"tertiary"}},{"type":"Feature","id":1333,"geometry":{"type":"LineString","coordinates":[[-87.775009,41.891008],[-87.775012,41.891087],[-87.775022,41.891389],[-87.775023,41.891432],[-87.775034,41.891773],[-87.775037,41.891864]]},"properties":{"name":"North Austin Boulevard","highway":"tertiary"}},{"type":"Feature","id":1334,"geometry":{"type":"LineString","coordinates":[[-87.775067,41.892803],[-87.775064,41.892703],[-87.775052,41.89234],[-87.775046,41.89215],[-87.77504,41.891979],[-87.775037,41.891864]]},"properties":{"name":"North Austin Boulevard","highway":"tertiary"}},{"type":"Feature","id":1335,"geometry":{"type":"LineString","coordinates":[[-87.775128,41.894715],[-87.775132,41.894817],[-87.775133,41.894876],[-87.775138,41.895015],[-87.77514,41.895092],[-87.775143,41.895164],[-87.775146,41.895252],[-87.775154,41.895527],[-87.775157,41.895619]]},"properties":{"name":"North Austin Boulevard","highway":"tertiary"}},{"type":"Feature","id":1336,"geometry":{"type":"LineString","coordinates":[[-87.775157,41.895619],[-87.775161,41.895725],[-87.775172,41.896075],[-87.775184,41.896446],[-87.775187,41.896532]]},"properties":{"name":"North Austin Boulevard","highway":"tertiary"}},{"type":"Feature","id":1337,"geometry":{"type":"LineString","coordinates":[[-87.775187,41.896532],[-87.77519,41.896629],[-87.775201,41.896992],[-87.775211,41.897278],[-87.775216,41.897444]]},"properties":{"name":"North Austin Boulevard","highway":"tertiary"}},{"type":"Feature","id":1338,"geometry":{"type":"LineString","coordinates":[[-87.775216,41.897444],[-87.775219,41.897546],[-87.775221,41.89761],[-87.775231,41.897901],[-87.775242,41.898269],[-87.775245,41.898363]]},"properties":{"name":"North Austin Boulevard","highway":"tertiary"}},{"type":"Feature","id":1339,"geometry":{"type":"LineString","coordinates":[[-87.775245,41.898363],[-87.775248,41.898452],[-87.77526,41.898812],[-87.775301,41.900101],[-87.775304,41.900176]]},"properties":{"name":"North Austin Boulevard","highway":"tertiary"}},{"type":"Feature","id":1340,"geometry":{"type":"LineString","coordinates":[[-87.775304,41.900176],[-87.775306,41.900259],[-87.775352,41.901702],[-87.775358,41.901888],[-87.775359,41.901922],[-87.775362,41.901994]]},"properties":{"name":"North Austin Boulevard","highway":"tertiary"}},{"type":"Feature","id":1341,"geometry":{"type":"LineString","coordinates":[[-87.775077,41.893102],[-87.775084,41.893327],[-87.775096,41.893706],[-87.775099,41.893806]]},"properties":{"name":"North Austin Boulevard","highway":"tertiary"}},{"type":"Feature","id":1342,"geometry":{"type":"LineString","coordinates":[[-87.775099,41.893806],[-87.775102,41.893905],[-87.775111,41.89417],[-87.775114,41.894267],[-87.775125,41.894626],[-87.775128,41.894715]]},"properties":{"name":"North Austin Boulevard","highway":"tertiary"}},{"type":"Feature","id":1343,"geometry":{"type":"LineString","coordinates":[[-87.775067,41.892803],[-87.775071,41.892922],[-87.775077,41.893102]]},"properties":{"name":"North Austin Boulevard","highway":"tertiary"}},{"type":"Feature","id":1344,"geometry":{"type":"LineString","coordinates":[[-87.774881,41.887085],[-87.774884,41.887152],[-87.774886,41.887199]]},"properties":{"name":"North Austin Boulevard","highway":"tertiary"}},{"type":"Feature","id":1345,"geometry":{"type":"LineString","coordinates":[[-87.802273,41.878327],[-87.802273,41.878349],[-87.802285,41.878923],[-87.802286,41.879006],[-87.802287,41.879022],[-87.802291,41.879107],[-87.802292,41.87916],[-87.802301,41.879542],[-87.802304,41.879642]]},"properties":{"name":"South Wisconsin Avenue","highway":"residential"}},{"type":"Feature","id":1346,"geometry":{"type":"LineString","coordinates":[[-87.802039,41.872331],[-87.802036,41.872242],[-87.802022,41.871864],[-87.801977,41.870579],[-87.801975,41.870506]]},"properties":{"name":"South Wisconsin Avenue","highway":"residential"}},{"type":"Feature","id":1347,"geometry":{"type":"LineString","coordinates":[[-87.801975,41.870506],[-87.801971,41.870419],[-87.801913,41.86875],[-87.80191,41.868672]]},"properties":{"name":"South Wisconsin Avenue","highway":"residential"}},{"type":"Feature","id":1348,"geometry":{"type":"LineString","coordinates":[[-87.80191,41.868672],[-87.801907,41.868589],[-87.801848,41.866922],[-87.801845,41.866847]]},"properties":{"name":"South Wisconsin Avenue","highway":"residential"}},{"type":"Feature","id":1349,"geometry":{"type":"LineString","coordinates":[[-87.801845,41.866847],[-87.801842,41.866762],[-87.801807,41.86575],[-87.801797,41.865472],[-87.801784,41.865102],[-87.801781,41.865033]]},"properties":{"name":"South Wisconsin Avenue","highway":"residential"}},{"type":"Feature","id":1350,"geometry":{"type":"LineString","coordinates":[[-87.802234,41.878201],[-87.802232,41.87814],[-87.802191,41.876874],[-87.802189,41.876799]]},"properties":{"name":"South Wisconsin Avenue","highway":"residential"}},{"type":"Feature","id":1351,"geometry":{"type":"LineString","coordinates":[[-87.802189,41.876799],[-87.802186,41.876714],[-87.802146,41.875459],[-87.802143,41.875376]]},"properties":{"name":"South Wisconsin Avenue","highway":"residential"}},{"type":"Feature","id":1352,"geometry":{"type":"LineString","coordinates":[[-87.802143,41.875376],[-87.802141,41.8753],[-87.802091,41.873746],[-87.802089,41.873693]]},"properties":{"name":"South Wisconsin Avenue","highway":"residential"}},{"type":"Feature","id":1353,"geometry":{"type":"LineString","coordinates":[[-87.79111,41.898119],[-87.791112,41.898219],[-87.791122,41.898601],[-87.791152,41.899712],[-87.791154,41.899784]]},"properties":{"name":"North Colombian Avenue","highway":"residential"}},{"type":"Feature","id":1354,"geometry":{"type":"LineString","coordinates":[[-87.791154,41.899784],[-87.791157,41.899868],[-87.791206,41.90165],[-87.791207,41.901689],[-87.791209,41.901762]]},"properties":{"name":"North Colombian Avenue","highway":"residential"}},{"type":"Feature","id":1355,"geometry":{"type":"LineString","coordinates":[[-87.791209,41.901762],[-87.791212,41.901847],[-87.791213,41.901871],[-87.791262,41.903606],[-87.791264,41.903681]]},"properties":{"name":"North Colombian Avenue","highway":"residential"}},{"type":"Feature","id":1356,"geometry":{"type":"LineString","coordinates":[[-87.791264,41.903681],[-87.791266,41.903766],[-87.791299,41.905018],[-87.791312,41.905542],[-87.791314,41.905615]]},"properties":{"name":"North Colombian Avenue","highway":"residential"}},{"type":"Feature","id":1357,"geometry":{"type":"LineString","coordinates":[[-87.791314,41.905615],[-87.791316,41.905702],[-87.79136,41.907157],[-87.791362,41.90723]]},"properties":{"name":"North Colombian Avenue","highway":"residential"}},{"type":"Feature","id":1358,"geometry":{"type":"LineString","coordinates":[[-87.791362,41.90723],[-87.791364,41.907315],[-87.791404,41.908564],[-87.791411,41.90871],[-87.791417,41.908938],[-87.79142,41.909068]]},"properties":{"name":"North Colombian Avenue","highway":"residential"}},{"type":"Feature","id":1359,"geometry":{"type":"LineString","coordinates":[[-87.804995,41.887137],[-87.805106,41.887137],[-87.805479,41.887133],[-87.806788,41.88712],[-87.807145,41.887109]]},"properties":{"name":"Central Avenue","highway":"tertiary"}},{"type":"Feature","id":1360,"geometry":{"type":"LineString","coordinates":[[-87.809774,41.887102],[-87.808999,41.887104],[-87.808462,41.887105]]},"properties":{"name":"Central Avenue","highway":"tertiary"}},{"type":"Feature","id":1361,"geometry":{"type":"LineString","coordinates":[[-87.809774,41.887102],[-87.81082,41.88709],[-87.811717,41.887079],[-87.812189,41.887071],[-87.812865,41.88706],[-87.813691,41.887048]]},"properties":{"name":"Central Avenue","highway":"tertiary"}},{"type":"Feature","id":1362,"geometry":{"type":"LineString","coordinates":[[-87.808462,41.887105],[-87.808357,41.887097],[-87.808153,41.887099],[-87.807773,41.887103],[-87.807145,41.887109]]},"properties":{"name":"Central Avenue","highway":"tertiary"}},{"type":"Feature","id":1363,"geometry":{"type":"LineString","coordinates":[[-87.804466,41.872315],[-87.804617,41.872326],[-87.804638,41.872328],[-87.804708,41.872327],[-87.805188,41.872321],[-87.805575,41.872317],[-87.805644,41.872315],[-87.805678,41.872315]]},"properties":{"name":"Harrison Street","highway":"tertiary"}},{"type":"Feature","id":1364,"geometry":{"type":"LineString","coordinates":[[-87.805678,41.872315],[-87.805721,41.872314],[-87.805796,41.872313],[-87.806056,41.87231],[-87.806678,41.872302],[-87.806789,41.872301],[-87.806892,41.872299]]},"properties":{"name":"Harrison Street","highway":"tertiary"}},{"type":"Feature","id":1365,"geometry":{"type":"LineString","coordinates":[[-87.806892,41.872299],[-87.807012,41.872297],[-87.807975,41.872275],[-87.808108,41.872271]]},"properties":{"name":"Harrison Street","highway":"tertiary"}},{"type":"Feature","id":1366,"geometry":{"type":"LineString","coordinates":[[-87.799637,41.87348],[-87.799983,41.873497],[-87.800145,41.873508],[-87.800261,41.873521],[-87.800858,41.87359]]},"properties":{"name":"Harrison Street","highway":"residential"}},{"type":"Feature","id":1367,"geometry":{"type":"LineString","coordinates":[[-87.800858,41.87359],[-87.801475,41.873644],[-87.802089,41.873693]]},"properties":{"name":"Harrison Street","highway":"residential"}},{"type":"Feature","id":1368,"geometry":{"type":"LineString","coordinates":[[-87.802089,41.873693],[-87.802864,41.87376],[-87.80354,41.873815],[-87.803583,41.873826],[-87.803643,41.873875]]},"properties":{"name":"Harrison Street","highway":"residential"}},{"type":"Feature","id":1369,"geometry":{"type":"LineString","coordinates":[[-87.808108,41.872271],[-87.808249,41.872268],[-87.80846,41.872264],[-87.809219,41.872249],[-87.809337,41.872246]]},"properties":{"name":"Harrison Street","highway":"tertiary"}},{"type":"Feature","id":1370,"geometry":{"type":"LineString","coordinates":[[-87.809337,41.872246],[-87.80944,41.872244],[-87.81044,41.872224],[-87.810535,41.872222],[-87.810654,41.872219],[-87.81165,41.872199],[-87.811771,41.872197],[-87.811869,41.872195],[-87.812865,41.872174],[-87.812962,41.872172],[-87.813083,41.87217],[-87.814081,41.87215],[-87.814204,41.872147],[-87.814301,41.872145],[-87.814518,41.872141],[-87.815014,41.872131],[-87.81543,41.872122],[-87.815647,41.872118],[-87.815816,41.872114]]},"properties":{"name":"Harrison Street","highway":"tertiary"}},{"type":"Feature","id":1371,"geometry":{"type":"LineString","coordinates":[[-87.784206,41.872628],[-87.784108,41.87263],[-87.783098,41.872645],[-87.782987,41.872646]]},"properties":{"name":"Harrison Street","highway":"residential"}},{"type":"Feature","id":1372,"geometry":{"type":"LineString","coordinates":[[-87.782987,41.872646],[-87.782876,41.872648],[-87.782379,41.872656],[-87.781864,41.872663],[-87.78175,41.872665]]},"properties":{"name":"Harrison Street","highway":"residential"}},{"type":"Feature","id":1373,"geometry":{"type":"LineString","coordinates":[[-87.78175,41.872665],[-87.781651,41.872666],[-87.781145,41.872674],[-87.780534,41.872679]]},"properties":{"name":"Harrison Street","highway":"residential"}},{"type":"Feature","id":1374,"geometry":{"type":"LineString","coordinates":[[-87.780534,41.872679],[-87.779938,41.872692],[-87.779434,41.8727],[-87.779303,41.872701]]},"properties":{"name":"Harrison Street","highway":"residential"}},{"type":"Feature","id":1375,"geometry":{"type":"LineString","coordinates":[[-87.779303,41.872701],[-87.779167,41.872703],[-87.778672,41.872711],[-87.778179,41.872718],[-87.778055,41.87272]]},"properties":{"name":"Harrison Street","highway":"residential"}},{"type":"Feature","id":1376,"geometry":{"type":"LineString","coordinates":[[-87.778055,41.87272],[-87.777967,41.872721],[-87.777452,41.872729],[-87.776966,41.872736],[-87.776849,41.872738]]},"properties":{"name":"Harrison Street","highway":"residential"}},{"type":"Feature","id":1377,"geometry":{"type":"LineString","coordinates":[[-87.776849,41.872738],[-87.776748,41.87274],[-87.77624,41.872747],[-87.775752,41.872755],[-87.775618,41.872757]]},"properties":{"name":"Harrison Street","highway":"residential"}},{"type":"Feature","id":1378,"geometry":{"type":"LineString","coordinates":[[-87.775618,41.872757],[-87.775522,41.872758],[-87.775025,41.872765],[-87.774857,41.872768],[-87.77467,41.872771],[-87.77453,41.872773],[-87.774379,41.872775]]},"properties":{"name":"Harrison Street","highway":"residential"}},{"type":"Feature","id":1379,"geometry":{"type":"LineString","coordinates":[[-87.790321,41.872537],[-87.790879,41.872529],[-87.791107,41.872537],[-87.791554,41.87256]]},"properties":{"name":"Harrison Street","highway":"residential"}},{"type":"Feature","id":1380,"geometry":{"type":"LineString","coordinates":[[-87.791554,41.87256],[-87.792165,41.872608],[-87.792778,41.872665]]},"properties":{"name":"Harrison Street","highway":"residential"}},{"type":"Feature","id":1381,"geometry":{"type":"LineString","coordinates":[[-87.792778,41.872665],[-87.79339,41.872717],[-87.793886,41.872761],[-87.794005,41.8728]]},"properties":{"name":"Harrison Street","highway":"residential"}},{"type":"Feature","id":1382,"geometry":{"type":"LineString","coordinates":[[-87.794005,41.8728],[-87.794125,41.872832],[-87.794623,41.872877],[-87.795227,41.872941]]},"properties":{"name":"Harrison Street","highway":"residential"}},{"type":"Feature","id":1383,"geometry":{"type":"LineString","coordinates":[[-87.795227,41.872941],[-87.796053,41.873048]]},"properties":{"name":"Harrison Street","highway":"residential"}},{"type":"Feature","id":1384,"geometry":{"type":"LineString","coordinates":[[-87.796053,41.873048],[-87.796454,41.873114],[-87.797169,41.873238]]},"properties":{"name":"Harrison Street","highway":"residential"}},{"type":"Feature","id":1385,"geometry":{"type":"LineString","coordinates":[[-87.797169,41.873238],[-87.79789,41.873362],[-87.798311,41.873431],[-87.79859,41.87347]]},"properties":{"name":"Harrison Street","highway":"residential"}},{"type":"Feature","id":1386,"geometry":{"type":"LineString","coordinates":[[-87.790321,41.872537],[-87.789764,41.872546],[-87.789416,41.872552],[-87.789232,41.872555],[-87.789114,41.872558]]},"properties":{"name":"Harrison Street","highway":"residential"}},{"type":"Feature","id":1387,"geometry":{"type":"LineString","coordinates":[[-87.789114,41.872558],[-87.789013,41.872559],[-87.78788,41.872574]]},"properties":{"name":"Harrison Street","highway":"residential"}},{"type":"Feature","id":1388,"geometry":{"type":"LineString","coordinates":[[-87.78788,41.872574],[-87.787303,41.872582],[-87.786771,41.87259],[-87.78668,41.872591]]},"properties":{"name":"Harrison Street","highway":"residential"}},{"type":"Feature","id":1389,"geometry":{"type":"LineString","coordinates":[[-87.78668,41.872591],[-87.786055,41.872601],[-87.785445,41.87261]]},"properties":{"name":"Harrison Street","highway":"residential"}},{"type":"Feature","id":1390,"geometry":{"type":"LineString","coordinates":[[-87.785445,41.87261],[-87.785354,41.872611],[-87.784822,41.872619],[-87.784707,41.872621],[-87.784587,41.872622],[-87.784324,41.872626],[-87.784206,41.872628]]},"properties":{"name":"Harrison Street","highway":"residential"}},{"type":"Feature","id":1391,"geometry":{"type":"LineString","coordinates":[[-87.79859,41.87347],[-87.798747,41.873483],[-87.799167,41.873481],[-87.799304,41.87348],[-87.799544,41.873479],[-87.799637,41.87348]]},"properties":{"name":"Harrison Street","highway":"residential"}},{"type":"Feature","id":1392,"geometry":{"type":"LineString","coordinates":[[-87.78728,41.907277],[-87.787278,41.90721],[-87.787226,41.905754],[-87.787226,41.905749],[-87.78721,41.905666]]},"properties":{"name":"North Elmwood Avenue","highway":"residential"}},{"type":"Feature","id":1393,"geometry":{"type":"LineString","coordinates":[[-87.78728,41.907277],[-87.787283,41.90737],[-87.787327,41.908613],[-87.787338,41.908992],[-87.787342,41.90912]]},"properties":{"name":"North Elmwood Avenue","highway":"residential"}},{"type":"Feature","id":1394,"geometry":{"type":"LineString","coordinates":[[-87.786331,41.888374],[-87.786333,41.888482],[-87.786342,41.888847],[-87.786347,41.889028],[-87.786377,41.890258],[-87.786378,41.890324]]},"properties":{"name":"North Elmwood Avenue","highway":"residential"}},{"type":"Feature","id":1395,"geometry":{"type":"LineString","coordinates":[[-87.786378,41.890324],[-87.786381,41.890418],[-87.786414,41.891617],[-87.786415,41.891686]]},"properties":{"name":"North Elmwood Avenue","highway":"residential"}},{"type":"Feature","id":1396,"geometry":{"type":"LineString","coordinates":[[-87.786415,41.891686],[-87.786419,41.891774],[-87.786454,41.892992],[-87.786456,41.893058]]},"properties":{"name":"North Elmwood Avenue","highway":"residential"}},{"type":"Feature","id":1397,"geometry":{"type":"LineString","coordinates":[[-87.786456,41.893058],[-87.786459,41.893152],[-87.786495,41.894423],[-87.786496,41.894446],[-87.786498,41.894535]]},"properties":{"name":"North Elmwood Avenue","highway":"residential"}},{"type":"Feature","id":1398,"geometry":{"type":"LineString","coordinates":[[-87.786498,41.894535],[-87.786502,41.894645],[-87.786503,41.894672],[-87.786557,41.89629],[-87.78656,41.896364]]},"properties":{"name":"North Elmwood Avenue","highway":"residential"}},{"type":"Feature","id":1399,"geometry":{"type":"LineString","coordinates":[[-87.78656,41.896364],[-87.786563,41.896453],[-87.786617,41.898106],[-87.786619,41.898184]]},"properties":{"name":"North Elmwood Avenue","highway":"residential"}},{"type":"Feature","id":1400,"geometry":{"type":"LineString","coordinates":[[-87.786619,41.898184],[-87.786623,41.898291],[-87.786674,41.899785],[-87.786676,41.899859]]},"properties":{"name":"North Elmwood Avenue","highway":"residential"}},{"type":"Feature","id":1401,"geometry":{"type":"LineString","coordinates":[[-87.786742,41.901841],[-87.786745,41.901924],[-87.786746,41.901949],[-87.786802,41.903678],[-87.786805,41.903756]]},"properties":{"name":"North Elmwood Avenue","highway":"residential"}},{"type":"Feature","id":1402,"geometry":{"type":"LineString","coordinates":[[-87.787136,41.90375],[-87.787139,41.903835],[-87.787161,41.904633],[-87.787163,41.904706]]},"properties":{"name":"North Elmwood Avenue","highway":"residential"}},{"type":"Feature","id":1403,"geometry":{"type":"LineString","coordinates":[[-87.787163,41.904706],[-87.787192,41.905569],[-87.787197,41.905594],[-87.78721,41.905666]]},"properties":{"name":"North Elmwood Avenue","highway":"residential"}},{"type":"Feature","id":1404,"geometry":{"type":"LineString","coordinates":[[-87.786676,41.899859],[-87.786679,41.899948],[-87.786739,41.901743],[-87.786739,41.901762],[-87.786742,41.901841]]},"properties":{"name":"North Elmwood Avenue","highway":"residential"}},{"type":"Feature","id":1405,"geometry":{"type":"LineString","coordinates":[[-87.804272,41.866864],[-87.80439,41.866862],[-87.804883,41.866852],[-87.805378,41.86684],[-87.805492,41.866838]]},"properties":{"name":"Fillmore Street","highway":"residential"}},{"type":"Feature","id":1406,"geometry":{"type":"LineString","coordinates":[[-87.805492,41.866838],[-87.8056,41.866835],[-87.806099,41.866823],[-87.80659,41.866815],[-87.806708,41.866813]]},"properties":{"name":"Fillmore Street","highway":"residential"}},{"type":"Feature","id":1407,"geometry":{"type":"LineString","coordinates":[[-87.784014,41.867154],[-87.784134,41.867153],[-87.784624,41.867144],[-87.78514,41.867137],[-87.785249,41.867136]]},"properties":{"name":"Fillmore Street","highway":"residential"}},{"type":"Feature","id":1408,"geometry":{"type":"LineString","coordinates":[[-87.785249,41.867136],[-87.785354,41.867134],[-87.78586,41.867125],[-87.786366,41.867114],[-87.786466,41.867114]]},"properties":{"name":"Fillmore Street","highway":"residential"}},{"type":"Feature","id":1409,"geometry":{"type":"LineString","coordinates":[[-87.786466,41.867114],[-87.786582,41.867113],[-87.787093,41.867104],[-87.787592,41.867094],[-87.787692,41.867092]]},"properties":{"name":"Fillmore Street","highway":"residential"}},{"type":"Feature","id":1410,"geometry":{"type":"LineString","coordinates":[[-87.787692,41.867092],[-87.787806,41.86709],[-87.788317,41.867082],[-87.788818,41.867071],[-87.78892,41.867069]]},"properties":{"name":"Fillmore Street","highway":"residential"}},{"type":"Feature","id":1411,"geometry":{"type":"LineString","coordinates":[[-87.78892,41.867069],[-87.789033,41.867067],[-87.789547,41.867056],[-87.790043,41.867046],[-87.790145,41.867044]]},"properties":{"name":"Fillmore Street","highway":"residential"}},{"type":"Feature","id":1412,"geometry":{"type":"LineString","coordinates":[[-87.790145,41.867044],[-87.79026,41.867042],[-87.790778,41.867034],[-87.79127,41.867027],[-87.791362,41.867025]]},"properties":{"name":"Fillmore Street","highway":"residential"}},{"type":"Feature","id":1413,"geometry":{"type":"LineString","coordinates":[[-87.806708,41.866813],[-87.80681,41.866811],[-87.807307,41.8668],[-87.80781,41.86679],[-87.807924,41.866788]]},"properties":{"name":"Fillmore Street","highway":"residential"}},{"type":"Feature","id":1414,"geometry":{"type":"LineString","coordinates":[[-87.807924,41.866788],[-87.808025,41.866785],[-87.808529,41.866775],[-87.809023,41.866765],[-87.809129,41.866762]]},"properties":{"name":"Fillmore Street","highway":"residential"}},{"type":"Feature","id":1415,"geometry":{"type":"LineString","coordinates":[[-87.809129,41.866762],[-87.809241,41.86676],[-87.809748,41.866749],[-87.810236,41.866739],[-87.810342,41.866737],[-87.810454,41.866735],[-87.810954,41.866724],[-87.811453,41.866714],[-87.81157,41.866712],[-87.811668,41.866709],[-87.81217,41.866699],[-87.812664,41.866689],[-87.812772,41.866687],[-87.812885,41.866684],[-87.81338,41.866674],[-87.813881,41.866663],[-87.813992,41.866661],[-87.814101,41.866659],[-87.814805,41.866644],[-87.815502,41.86663],[-87.815613,41.866627]]},"properties":{"name":"Fillmore Street","highway":"residential"}},{"type":"Feature","id":1416,"geometry":{"type":"LineString","coordinates":[[-87.793818,41.866988],[-87.793919,41.866986],[-87.794471,41.866977],[-87.795015,41.866967],[-87.795111,41.866965]]},"properties":{"name":"Fillmore Street","highway":"residential"}},{"type":"Feature","id":1417,"geometry":{"type":"LineString","coordinates":[[-87.795111,41.866965],[-87.795229,41.866963],[-87.795779,41.866954],[-87.796318,41.866944],[-87.796426,41.866942]]},"properties":{"name":"Fillmore Street","highway":"residential"}},{"type":"Feature","id":1418,"geometry":{"type":"LineString","coordinates":[[-87.796426,41.866942],[-87.796532,41.86694],[-87.797071,41.866931],[-87.797624,41.866921],[-87.797727,41.86692]]},"properties":{"name":"Fillmore Street","highway":"residential"}},{"type":"Feature","id":1419,"geometry":{"type":"LineString","coordinates":[[-87.797727,41.86692],[-87.797841,41.866917],[-87.798384,41.866908],[-87.798932,41.866898],[-87.799032,41.866897]]},"properties":{"name":"Fillmore Street","highway":"residential"}},{"type":"Feature","id":1420,"geometry":{"type":"LineString","coordinates":[[-87.799032,41.866897],[-87.799149,41.866895],[-87.799746,41.866884],[-87.800334,41.866874],[-87.800439,41.866872]]},"properties":{"name":"Fillmore Street","highway":"residential"}},{"type":"Feature","id":1421,"geometry":{"type":"LineString","coordinates":[[-87.800439,41.866872],[-87.800549,41.86687],[-87.801144,41.866859],[-87.801736,41.866849],[-87.801845,41.866847]]},"properties":{"name":"Fillmore Street","highway":"residential"}},{"type":"Feature","id":1422,"geometry":{"type":"LineString","coordinates":[[-87.801845,41.866847],[-87.80195,41.866845],[-87.802617,41.866834],[-87.803298,41.866822],[-87.803397,41.86682]]},"properties":{"name":"Fillmore Street","highway":"residential"}},{"type":"Feature","id":1423,"geometry":{"type":"LineString","coordinates":[[-87.77439,41.867294],[-87.774819,41.867287],[-87.775321,41.86728],[-87.775422,41.867279]]},"properties":{"name":"Fillmore Street","highway":"residential"}},{"type":"Feature","id":1424,"geometry":{"type":"LineString","coordinates":[[-87.775422,41.867279],[-87.775531,41.867277],[-87.77604,41.86727],[-87.776542,41.867263],[-87.77665,41.867261]]},"properties":{"name":"Fillmore Street","highway":"residential"}},{"type":"Feature","id":1425,"geometry":{"type":"LineString","coordinates":[[-87.77665,41.867261],[-87.77676,41.867259],[-87.77727,41.867252],[-87.777773,41.867245],[-87.777882,41.867243]]},"properties":{"name":"Fillmore Street","highway":"residential"}},{"type":"Feature","id":1426,"geometry":{"type":"LineString","coordinates":[[-87.777882,41.867243],[-87.777988,41.867242],[-87.778488,41.867234],[-87.778981,41.867227],[-87.779105,41.867225]]},"properties":{"name":"Fillmore Street","highway":"residential"}},{"type":"Feature","id":1427,"geometry":{"type":"LineString","coordinates":[[-87.779105,41.867225],[-87.779246,41.867223],[-87.779747,41.867216],[-87.780226,41.867209],[-87.780329,41.867208]]},"properties":{"name":"Fillmore Street","highway":"residential"}},{"type":"Feature","id":1428,"geometry":{"type":"LineString","coordinates":[[-87.780329,41.867208],[-87.780444,41.867206],[-87.78095,41.867199],[-87.781459,41.867191],[-87.78157,41.86719]]},"properties":{"name":"Fillmore Street","highway":"residential"}},{"type":"Feature","id":1429,"geometry":{"type":"LineString","coordinates":[[-87.78157,41.86719],[-87.781673,41.867188],[-87.782181,41.867181],[-87.782686,41.867174],[-87.782789,41.867172]]},"properties":{"name":"Fillmore Street","highway":"residential"}},{"type":"Feature","id":1430,"geometry":{"type":"LineString","coordinates":[[-87.782789,41.867172],[-87.7829,41.867171],[-87.783407,41.867163],[-87.783916,41.867156],[-87.784014,41.867154]]},"properties":{"name":"Fillmore Street","highway":"residential"}},{"type":"Feature","id":1431,"geometry":{"type":"LineString","coordinates":[[-87.792593,41.867007],[-87.792711,41.867005],[-87.793195,41.866998],[-87.793705,41.86699],[-87.793818,41.866988]]},"properties":{"name":"Fillmore Street","highway":"residential"}},{"type":"Feature","id":1432,"geometry":{"type":"LineString","coordinates":[[-87.791362,41.867025],[-87.791485,41.867024],[-87.791975,41.867016],[-87.792498,41.867008],[-87.792593,41.867007]]},"properties":{"name":"Fillmore Street","highway":"residential"}},{"type":"Feature","id":1433,"geometry":{"type":"LineString","coordinates":[[-87.803876,41.891842],[-87.803879,41.89193],[-87.803908,41.892972],[-87.80391,41.893041]]},"properties":{"name":"North Maple Avenue","highway":"residential"}},{"type":"Feature","id":1434,"geometry":{"type":"LineString","coordinates":[[-87.80391,41.893041],[-87.803912,41.893117],[-87.80394,41.894118],[-87.803941,41.894141],[-87.803944,41.894242]]},"properties":{"name":"North Maple Avenue","highway":"residential"}},{"type":"Feature","id":1435,"geometry":{"type":"LineString","coordinates":[[-87.803345,41.897098],[-87.803456,41.897096],[-87.803956,41.897087],[-87.805238,41.897063],[-87.805346,41.897061]]},"properties":{"name":"Miller Street","highway":"residential"}},{"type":"Feature","id":1436,"geometry":{"type":"LineString","coordinates":[[-87.776461,41.898343],[-87.776464,41.898424],[-87.776515,41.900087],[-87.776517,41.900158]]},"properties":{"name":"North Humphrey Avenue","highway":"residential"}},{"type":"Feature","id":1437,"geometry":{"type":"LineString","coordinates":[[-87.776517,41.900158],[-87.77652,41.900245],[-87.776567,41.901878],[-87.776568,41.901907],[-87.77657,41.90198]]},"properties":{"name":"North Humphrey Avenue","highway":"residential"}},{"type":"Feature","id":1438,"geometry":{"type":"LineString","coordinates":[[-87.776511,41.887137],[-87.776481,41.887204],[-87.776494,41.88749],[-87.77653,41.887549]]},"properties":{"name":"North Humphrey Avenue","highway":"residential"}},{"type":"Feature","id":1439,"geometry":{"type":"LineString","coordinates":[[-87.77653,41.887549],[-87.776532,41.887625],[-87.776534,41.887694],[-87.776541,41.887895],[-87.776542,41.887932],[-87.776543,41.887946],[-87.776544,41.887978],[-87.776547,41.888068]]},"properties":{"name":"North Humphrey Avenue","highway":"residential"}},{"type":"Feature","id":1440,"geometry":{"type":"LineString","coordinates":[[-87.776777,41.895361],[-87.776804,41.896434],[-87.776806,41.896501]]},"properties":{"name":"North Humphrey Avenue","highway":"residential"}},{"type":"Feature","id":1441,"geometry":{"type":"LineString","coordinates":[[-87.776501,41.890467],[-87.776541,41.890447],[-87.776574,41.890421],[-87.776591,41.890401],[-87.776604,41.89038],[-87.776612,41.890357],[-87.776565,41.888701],[-87.776562,41.888609],[-87.77655,41.888179],[-87.776547,41.888068]]},"properties":{"name":"North Humphrey Avenue","highway":"residential"}},{"type":"Feature","id":1442,"geometry":{"type":"LineString","coordinates":[[-87.77657,41.90198],[-87.776573,41.902068],[-87.776574,41.902088],[-87.776645,41.903825],[-87.776647,41.903899]]},"properties":{"name":"North Humphrey Avenue","highway":"residential"}},{"type":"Feature","id":1443,"geometry":{"type":"LineString","coordinates":[[-87.776647,41.903899],[-87.776651,41.903985],[-87.776724,41.90579],[-87.776727,41.905867]]},"properties":{"name":"North Humphrey Avenue","highway":"residential"}},{"type":"Feature","id":1444,"geometry":{"type":"LineString","coordinates":[[-87.776764,41.895231],[-87.776757,41.895047],[-87.776751,41.894876],[-87.776748,41.894814],[-87.776747,41.894791],[-87.776744,41.89469]]},"properties":{"name":"North Humphrey Avenue","highway":"residential"}},{"type":"Feature","id":1445,"geometry":{"type":"LineString","coordinates":[[-87.776744,41.89469],[-87.77674,41.894591],[-87.776739,41.894566],[-87.776723,41.894151],[-87.77669,41.893293],[-87.776687,41.893213]]},"properties":{"name":"North Humphrey Avenue","highway":"residential"}},{"type":"Feature","id":1446,"geometry":{"type":"LineString","coordinates":[[-87.776687,41.893213],[-87.776684,41.893131],[-87.776656,41.892423]]},"properties":{"name":"North Humphrey Avenue","highway":"residential"}},{"type":"Feature","id":1447,"geometry":{"type":"LineString","coordinates":[[-87.776656,41.892423],[-87.77671,41.892327],[-87.776699,41.892204],[-87.776673,41.892081],[-87.776641,41.892019],[-87.776578,41.891993],[-87.776536,41.892039],[-87.776512,41.892092],[-87.776497,41.892174],[-87.776502,41.892303],[-87.776549,41.892369],[-87.776656,41.892423]]},"properties":{"name":"North Humphrey Avenue","highway":"residential"}},{"type":"Feature","id":1448,"geometry":{"type":"LineString","coordinates":[[-87.776578,41.891993],[-87.77653,41.891926],[-87.776438,41.891796]]},"properties":{"name":"North Humphrey Avenue","highway":"residential"}},{"type":"Feature","id":1449,"geometry":{"type":"LineString","coordinates":[[-87.776792,41.905866],[-87.776795,41.905952],[-87.776832,41.906979],[-87.776844,41.907351],[-87.776846,41.907403]]},"properties":{"name":"North Humphrey Avenue","highway":"residential"}},{"type":"Feature","id":1450,"geometry":{"type":"LineString","coordinates":[[-87.776846,41.907403],[-87.77685,41.907517]]},"properties":{"name":"North Humphrey Avenue","highway":"residential"}},{"type":"Feature","id":1451,"geometry":{"type":"LineString","coordinates":[[-87.77685,41.907517],[-87.776852,41.90758],[-87.776865,41.907961],[-87.776891,41.908743],[-87.776895,41.908863],[-87.776903,41.909085],[-87.776904,41.909115],[-87.776907,41.909242]]},"properties":{"name":"North Humphrey Avenue","highway":"residential"}},{"type":"Feature","id":1452,"geometry":{"type":"LineString","coordinates":[[-87.776806,41.896501],[-87.776809,41.896594],[-87.776865,41.898209],[-87.776866,41.898252],[-87.776869,41.898337]]},"properties":{"name":"North Humphrey Avenue","highway":"residential"}},{"type":"Feature","id":1453,"geometry":{"type":"LineString","coordinates":[[-87.77653,41.887549],[-87.776573,41.887489],[-87.776573,41.887479],[-87.776562,41.887203],[-87.776511,41.887137]]},"properties":{"name":"North Humphrey Avenue","highway":"residential"}},{"type":"Feature","id":1454,"geometry":{"type":"LineString","coordinates":[[-87.792112,41.850582],[-87.792115,41.850685],[-87.792127,41.851056],[-87.792133,41.851262],[-87.792137,41.851391],[-87.792165,41.852401],[-87.792212,41.854063],[-87.792215,41.854174],[-87.792268,41.856062],[-87.792271,41.85615],[-87.792307,41.857433],[-87.792311,41.857541],[-87.792318,41.857818],[-87.79232,41.857897],[-87.792322,41.857978],[-87.792325,41.858055],[-87.792328,41.858365],[-87.792369,41.859637],[-87.792371,41.859713],[-87.792374,41.859798],[-87.7924,41.860746],[-87.792421,41.86146],[-87.792423,41.861532],[-87.792425,41.861621],[-87.792477,41.863278],[-87.792479,41.863362]]},"properties":{"name":"Euclid Avenue","highway":"residential"}},{"type":"Feature","id":1455,"geometry":{"type":"LineString","coordinates":[[-87.792479,41.863362],[-87.792481,41.86344],[-87.792493,41.864039],[-87.792513,41.864729],[-87.792523,41.865007],[-87.792526,41.865102],[-87.792529,41.865181]]},"properties":{"name":"Euclid Avenue","highway":"residential"}},{"type":"Feature","id":1456,"geometry":{"type":"LineString","coordinates":[[-87.780215,41.912843],[-87.780213,41.912772],[-87.78017,41.911108],[-87.780168,41.911024]]},"properties":{"name":"North Melvina Avenue","highway":"residential"}},{"type":"Feature","id":1457,"geometry":{"type":"LineString","coordinates":[[-87.780168,41.911024],[-87.780165,41.91095],[-87.780125,41.909711],[-87.780121,41.909592],[-87.780112,41.909332],[-87.780108,41.909205]]},"properties":{"name":"North Melvina Avenue","highway":"residential"}},{"type":"Feature","id":1458,"geometry":{"type":"LineString","coordinates":[[-87.805745,41.874181],[-87.805747,41.874232],[-87.805811,41.875896],[-87.805814,41.875967]]},"properties":{"name":"Elgin Avenue","highway":"residential"}},{"type":"Feature","id":1459,"geometry":{"type":"LineString","coordinates":[[-87.805678,41.872315],[-87.805675,41.872241],[-87.805662,41.871869],[-87.805647,41.87142],[-87.805619,41.870578],[-87.805616,41.870492]]},"properties":{"name":"Elgin Avenue","highway":"residential"}},{"type":"Feature","id":1460,"geometry":{"type":"LineString","coordinates":[[-87.805616,41.870492],[-87.805613,41.870413],[-87.805557,41.868747],[-87.805555,41.868697]]},"properties":{"name":"Elgin Avenue","highway":"residential"}},{"type":"Feature","id":1461,"geometry":{"type":"LineString","coordinates":[[-87.805555,41.868697],[-87.805552,41.868644]]},"properties":{"name":"Elgin Avenue","highway":"residential"}},{"type":"Feature","id":1462,"geometry":{"type":"LineString","coordinates":[[-87.805552,41.868644],[-87.805551,41.868584],[-87.805495,41.86692],[-87.805492,41.866838]]},"properties":{"name":"Elgin Avenue","highway":"residential"}},{"type":"Feature","id":1463,"geometry":{"type":"LineString","coordinates":[[-87.805492,41.866838],[-87.805489,41.866759],[-87.805445,41.865462],[-87.805431,41.865093],[-87.805428,41.865024]]},"properties":{"name":"Elgin Avenue","highway":"residential"}},{"type":"Feature","id":1464,"geometry":{"type":"LineString","coordinates":[[-87.80605,41.879628],[-87.806052,41.879723],[-87.806062,41.880152],[-87.806086,41.881292],[-87.806088,41.88137]]},"properties":{"name":"Elgin Avenue","highway":"residential"}},{"type":"Feature","id":1465,"geometry":{"type":"LineString","coordinates":[[-87.806088,41.88137],[-87.806091,41.881454],[-87.80616,41.883126],[-87.806163,41.883202]]},"properties":{"name":"Elgin Avenue","highway":"residential"}},{"type":"Feature","id":1466,"geometry":{"type":"LineString","coordinates":[[-87.806163,41.883202],[-87.806166,41.883291],[-87.806196,41.884218],[-87.806199,41.884299]]},"properties":{"name":"Elgin Avenue","highway":"residential"}},{"type":"Feature","id":1467,"geometry":{"type":"LineString","coordinates":[[-87.806199,41.884299],[-87.806202,41.88438],[-87.806207,41.884531],[-87.806236,41.885307],[-87.806239,41.885387]]},"properties":{"name":"Elgin Avenue","highway":"residential"}},{"type":"Feature","id":1468,"geometry":{"type":"LineString","coordinates":[[-87.806239,41.885387],[-87.806242,41.88547],[-87.806253,41.885863],[-87.806256,41.885978],[-87.806273,41.886446],[-87.806277,41.886525]]},"properties":{"name":"Elgin Avenue","highway":"residential"}},{"type":"Feature","id":1469,"geometry":{"type":"LineString","coordinates":[[-87.805421,41.875974],[-87.805425,41.876069],[-87.80544,41.876461],[-87.805453,41.876807],[-87.805488,41.877734],[-87.80549,41.877787]]},"properties":{"name":"Elgin Avenue","highway":"residential"}},{"type":"Feature","id":1470,"geometry":{"type":"LineString","coordinates":[[-87.80549,41.877787],[-87.805492,41.877853],[-87.805542,41.87911],[-87.805551,41.879349],[-87.805559,41.879552],[-87.805562,41.879634]]},"properties":{"name":"Elgin Avenue","highway":"residential"}},{"type":"Feature","id":1471,"geometry":{"type":"LineString","coordinates":[[-87.805428,41.865024],[-87.805425,41.864935]]},"properties":{"name":"Elgin Avenue","highway":"residential"}},{"type":"Feature","id":1472,"geometry":{"type":"LineString","coordinates":[[-87.805425,41.864935],[-87.805424,41.864875],[-87.805422,41.864798],[-87.805413,41.864561],[-87.805409,41.864446],[-87.805364,41.863265],[-87.805361,41.863182]]},"properties":{"name":"Elgin Avenue","highway":"residential"}},{"type":"Feature","id":1473,"geometry":{"type":"LineString","coordinates":[[-87.805361,41.863182],[-87.805358,41.863102],[-87.805294,41.861438],[-87.805291,41.861351],[-87.805288,41.861275],[-87.805225,41.859609],[-87.805222,41.859523],[-87.805219,41.859446],[-87.805155,41.857781],[-87.805153,41.857729]]},"properties":{"name":"Elgin Avenue","highway":"residential"}},{"type":"Feature","id":1474,"geometry":{"type":"LineString","coordinates":[[-87.783863,41.904747],[-87.783993,41.904745],[-87.78451,41.904741],[-87.784823,41.904735],[-87.787062,41.904707],[-87.787163,41.904706]]},"properties":{"name":"Lenox Street","highway":"residential"}},{"type":"Feature","id":1475,"geometry":{"type":"LineString","coordinates":[[-87.797498,41.888696],[-87.7975,41.888784],[-87.797514,41.889265],[-87.797518,41.889349],[-87.797522,41.889548],[-87.797525,41.889637],[-87.79753,41.88982],[-87.797535,41.890014],[-87.797539,41.890129],[-87.79754,41.890177]]},"properties":{"name":"North Kenilworth Avenue","highway":"residential"}},{"type":"Feature","id":1476,"geometry":{"type":"LineString","coordinates":[[-87.79754,41.890177],[-87.797542,41.890227],[-87.79755,41.890539],[-87.797563,41.890983],[-87.797564,41.891015],[-87.797572,41.891275]]},"properties":{"name":"North Kenilworth Avenue","highway":"residential"}},{"type":"Feature","id":1477,"geometry":{"type":"LineString","coordinates":[[-87.797683,41.895197],[-87.79771,41.895154],[-87.79773,41.895133],[-87.797765,41.895109],[-87.797829,41.895065],[-87.797857,41.895039],[-87.797866,41.895015],[-87.797863,41.89499],[-87.797853,41.894969],[-87.797825,41.894944],[-87.797788,41.894932],[-87.797751,41.894934],[-87.797721,41.894945],[-87.797693,41.894962],[-87.797672,41.894989],[-87.797666,41.895024],[-87.797669,41.895108],[-87.797683,41.895197]]},"properties":{"name":"North Kenilworth Avenue","highway":"residential"}},{"type":"Feature","id":1478,"geometry":{"type":"LineString","coordinates":[[-87.797129,41.887244],[-87.79713,41.88731],[-87.797143,41.88808],[-87.797152,41.888617],[-87.797154,41.888695]]},"properties":{"name":"North Kenilworth Avenue","highway":"residential"}},{"type":"Feature","id":1479,"geometry":{"type":"LineString","coordinates":[[-87.797683,41.895197],[-87.797692,41.895489],[-87.797712,41.896084],[-87.797714,41.896166]]},"properties":{"name":"North Kenilworth Avenue","highway":"residential"}},{"type":"Feature","id":1480,"geometry":{"type":"LineString","coordinates":[[-87.797714,41.896166],[-87.797718,41.896237],[-87.797772,41.897925],[-87.797775,41.898012]]},"properties":{"name":"North Kenilworth Avenue","highway":"residential"}},{"type":"Feature","id":1481,"geometry":{"type":"LineString","coordinates":[[-87.797775,41.898012],[-87.797778,41.898104],[-87.797831,41.899748],[-87.797834,41.899821]]},"properties":{"name":"North Kenilworth Avenue","highway":"residential"}},{"type":"Feature","id":1482,"geometry":{"type":"LineString","coordinates":[[-87.797834,41.899821],[-87.797837,41.89991],[-87.797891,41.901576],[-87.797894,41.901648]]},"properties":{"name":"North Kenilworth Avenue","highway":"residential"}},{"type":"Feature","id":1483,"geometry":{"type":"LineString","coordinates":[[-87.798194,41.907144],[-87.798196,41.907227],[-87.79822,41.908329],[-87.798191,41.908373],[-87.798145,41.908397],[-87.798086,41.908401],[-87.798046,41.908393],[-87.798023,41.908383],[-87.797984,41.908342],[-87.797946,41.907231],[-87.797943,41.907147]]},"properties":{"name":"North Kenilworth Avenue","highway":"residential"}},{"type":"Feature","id":1484,"geometry":{"type":"LineString","coordinates":[[-87.798194,41.907144],[-87.798191,41.907067],[-87.798131,41.90542],[-87.79813,41.905396],[-87.798129,41.905307]]},"properties":{"name":"North Kenilworth Avenue","highway":"residential"}},{"type":"Feature","id":1485,"geometry":{"type":"LineString","coordinates":[[-87.798129,41.905307],[-87.798127,41.905236],[-87.798076,41.903585],[-87.798075,41.903566],[-87.798072,41.903477]]},"properties":{"name":"North Kenilworth Avenue","highway":"residential"}},{"type":"Feature","id":1486,"geometry":{"type":"LineString","coordinates":[[-87.798072,41.903477],[-87.79807,41.903404],[-87.798025,41.901734],[-87.798024,41.901726],[-87.797894,41.901648]]},"properties":{"name":"North Kenilworth Avenue","highway":"residential"}},{"type":"Feature","id":1487,"geometry":{"type":"LineString","coordinates":[[-87.797894,41.901648],[-87.797757,41.901734],[-87.797757,41.901738],[-87.797809,41.903387],[-87.79781,41.90341],[-87.797812,41.903481]]},"properties":{"name":"North Kenilworth Avenue","highway":"residential"}},{"type":"Feature","id":1488,"geometry":{"type":"LineString","coordinates":[[-87.797812,41.903481],[-87.797815,41.903567],[-87.797873,41.905228],[-87.797873,41.90524],[-87.797876,41.905312]]},"properties":{"name":"North Kenilworth Avenue","highway":"residential"}},{"type":"Feature","id":1489,"geometry":{"type":"LineString","coordinates":[[-87.797876,41.905312],[-87.797879,41.905399],[-87.79794,41.907071],[-87.797943,41.907147]]},"properties":{"name":"North Kenilworth Avenue","highway":"residential"}},{"type":"Feature","id":1490,"geometry":{"type":"LineString","coordinates":[[-87.798246,41.908976],[-87.79824,41.908851],[-87.798226,41.908535],[-87.798211,41.908504],[-87.798177,41.908482],[-87.798055,41.908483],[-87.798027,41.908495],[-87.797997,41.908529],[-87.797987,41.908584],[-87.797984,41.908854],[-87.797983,41.908979]]},"properties":{"name":"North Kenilworth Avenue","highway":"residential"}},{"type":"Feature","id":1491,"geometry":{"type":"LineString","coordinates":[[-87.797125,41.886846],[-87.797097,41.886889],[-87.797104,41.887203],[-87.797129,41.887244]]},"properties":{"name":"North Kenilworth Avenue","highway":"residential"}},{"type":"Feature","id":1492,"geometry":{"type":"LineString","coordinates":[[-87.797129,41.887244],[-87.797168,41.887201],[-87.797159,41.886888],[-87.797125,41.886846]]},"properties":{"name":"North Kenilworth Avenue","highway":"residential"}},{"type":"Feature","id":1493,"geometry":{"type":"LineString","coordinates":[[-87.797659,41.89435],[-87.797657,41.894258],[-87.797605,41.892448],[-87.797588,41.89186],[-87.797574,41.891345],[-87.797572,41.891275]]},"properties":{"name":"North Kenilworth Avenue","highway":"residential"}},{"type":"Feature","id":1494,"geometry":{"type":"LineString","coordinates":[[-87.789958,41.910955],[-87.789959,41.910984],[-87.789993,41.912646],[-87.789996,41.912726],[-87.789998,41.912802],[-87.790048,41.914462],[-87.79005,41.914539],[-87.790053,41.914623],[-87.790106,41.916371]]},"properties":{"name":"North Nashville Avenue","highway":"residential"}},{"type":"Feature","id":1495,"geometry":{"type":"LineString","coordinates":[[-87.789886,41.909087],[-87.78989,41.909209],[-87.789893,41.909321],[-87.789901,41.909588],[-87.789905,41.909735],[-87.789954,41.910822],[-87.789955,41.910851]]},"properties":{"name":"North Nashville Avenue","highway":"residential"}},{"type":"Feature","id":1496,"geometry":{"type":"LineString","coordinates":[[-87.808825,41.884254],[-87.808829,41.884338],[-87.808869,41.885238],[-87.80888,41.885271],[-87.808905,41.885346]]},"properties":{"name":"Belvidere Avenue","highway":"residential"}},{"type":"Feature","id":1497,"geometry":{"type":"LineString","coordinates":[[-87.808825,41.884254],[-87.808822,41.884179],[-87.808811,41.883836],[-87.808809,41.883787],[-87.808792,41.883275],[-87.808792,41.883252],[-87.808789,41.883163]]},"properties":{"name":"Belvidere Avenue","highway":"residential"}},{"type":"Feature","id":1498,"geometry":{"type":"LineString","coordinates":[[-87.799492,41.905292],[-87.7996,41.905289],[-87.800299,41.905273],[-87.800955,41.905261],[-87.801061,41.905259]]},"properties":{"name":"Greenfield Street","highway":"residential"}},{"type":"Feature","id":1499,"geometry":{"type":"LineString","coordinates":[[-87.801061,41.905259],[-87.801168,41.905258],[-87.801821,41.90525],[-87.802481,41.905241],[-87.802586,41.90524]]},"properties":{"name":"Greenfield Street","highway":"residential"}},{"type":"Feature","id":1500,"geometry":{"type":"LineString","coordinates":[[-87.802586,41.90524],[-87.802697,41.905239],[-87.804006,41.905224],[-87.804105,41.905223]]},"properties":{"name":"Greenfield Street","highway":"residential"}},{"type":"Feature","id":1501,"geometry":{"type":"LineString","coordinates":[[-87.775487,41.905882],[-87.775604,41.905881],[-87.7761,41.905875],[-87.776145,41.905874],[-87.776607,41.905868],[-87.776727,41.905867]]},"properties":{"name":"Greenfield Street","highway":"residential"}},{"type":"Feature","id":1502,"geometry":{"type":"LineString","coordinates":[[-87.776727,41.905867],[-87.776792,41.905866]]},"properties":{"name":"Greenfield Street","highway":"residential"}},{"type":"Feature","id":1503,"geometry":{"type":"LineString","coordinates":[[-87.776792,41.905866],[-87.776912,41.905865],[-87.777328,41.90586],[-87.777439,41.905858],[-87.777942,41.905852]]},"properties":{"name":"Greenfield Street","highway":"residential"}},{"type":"Feature","id":1504,"geometry":{"type":"LineString","coordinates":[[-87.777942,41.905852],[-87.778092,41.90585]]},"properties":{"name":"Greenfield Street","highway":"residential"}},{"type":"Feature","id":1505,"geometry":{"type":"LineString","coordinates":[[-87.778092,41.90585],[-87.778544,41.905845],[-87.778761,41.905842],[-87.77916,41.905837]]},"properties":{"name":"Greenfield Street","highway":"residential"}},{"type":"Feature","id":1506,"geometry":{"type":"LineString","coordinates":[[-87.77916,41.905837],[-87.779413,41.905834]]},"properties":{"name":"Greenfield Street","highway":"residential"}},{"type":"Feature","id":1507,"geometry":{"type":"LineString","coordinates":[[-87.779413,41.905834],[-87.779765,41.90583],[-87.780063,41.905826],[-87.780369,41.905823]]},"properties":{"name":"Greenfield Street","highway":"residential"}},{"type":"Feature","id":1508,"geometry":{"type":"LineString","coordinates":[[-87.780369,41.905823],[-87.780708,41.905819]]},"properties":{"name":"Greenfield Street","highway":"residential"}},{"type":"Feature","id":1509,"geometry":{"type":"LineString","coordinates":[[-87.780708,41.905819],[-87.780997,41.905815],[-87.781359,41.905811],[-87.781583,41.905808]]},"properties":{"name":"Greenfield Street","highway":"residential"}},{"type":"Feature","id":1510,"geometry":{"type":"LineString","coordinates":[[-87.781583,41.905808],[-87.782092,41.905802]]},"properties":{"name":"Greenfield Street","highway":"residential"}},{"type":"Feature","id":1511,"geometry":{"type":"LineString","coordinates":[[-87.782092,41.905802],[-87.782316,41.905799],[-87.782612,41.905796],[-87.782723,41.905794],[-87.783118,41.905789],[-87.783231,41.905788],[-87.783332,41.905781],[-87.7835,41.90573]]},"properties":{"name":"Greenfield Street","highway":"residential"}},{"type":"Feature","id":1512,"geometry":{"type":"LineString","coordinates":[[-87.80586,41.905224],[-87.806483,41.905209],[-87.807155,41.905194],[-87.807258,41.905191]]},"properties":{"name":"Greenfield Street","highway":"residential"}},{"type":"Feature","id":1513,"geometry":{"type":"LineString","coordinates":[[-87.807258,41.905191],[-87.807375,41.905189],[-87.808885,41.905159]]},"properties":{"name":"Greenfield Street","highway":"residential"}},{"type":"Feature","id":1514,"geometry":{"type":"LineString","coordinates":[[-87.808885,41.905159],[-87.810405,41.905131],[-87.810507,41.905129],[-87.810622,41.905127],[-87.812031,41.905102],[-87.812131,41.9051],[-87.812246,41.905098],[-87.813654,41.905068],[-87.813752,41.905066],[-87.813872,41.905063],[-87.815206,41.905031],[-87.815252,41.905029],[-87.815389,41.905035],[-87.81552,41.905041],[-87.816871,41.905015],[-87.817003,41.905012],[-87.817137,41.905009],[-87.818496,41.904978],[-87.818625,41.904974]]},"properties":{"name":"Greenfield Street","highway":"residential"}},{"type":"Feature","id":1515,"geometry":{"type":"LineString","coordinates":[[-87.7835,41.90573],[-87.783566,41.905725],[-87.783663,41.905716],[-87.783707,41.905711],[-87.783984,41.90571],[-87.784545,41.905708],[-87.784627,41.905707]]},"properties":{"name":"Greenfield Street","highway":"residential"}},{"type":"Feature","id":1516,"geometry":{"type":"LineString","coordinates":[[-87.784627,41.905707],[-87.785268,41.905698],[-87.785925,41.905689]]},"properties":{"name":"Greenfield Street","highway":"residential"}},{"type":"Feature","id":1517,"geometry":{"type":"LineString","coordinates":[[-87.785925,41.905689],[-87.786571,41.905678],[-87.787105,41.905668],[-87.78721,41.905666]]},"properties":{"name":"Greenfield Street","highway":"residential"}},{"type":"Feature","id":1518,"geometry":{"type":"LineString","coordinates":[[-87.78721,41.905666],[-87.787323,41.905665],[-87.78795,41.905659],[-87.788549,41.905652],[-87.788655,41.905651]]},"properties":{"name":"Greenfield Street","highway":"residential"}},{"type":"Feature","id":1519,"geometry":{"type":"LineString","coordinates":[[-87.788655,41.905651],[-87.788763,41.90565],[-87.78939,41.905642],[-87.790004,41.905631],[-87.7901,41.905629]]},"properties":{"name":"Greenfield Street","highway":"residential"}},{"type":"Feature","id":1520,"geometry":{"type":"LineString","coordinates":[[-87.7901,41.905629],[-87.79022,41.905628],[-87.790711,41.905622],[-87.791214,41.905615],[-87.791314,41.905615]]},"properties":{"name":"Greenfield Street","highway":"residential"}},{"type":"Feature","id":1521,"geometry":{"type":"LineString","coordinates":[[-87.791314,41.905615],[-87.791427,41.905614],[-87.79193,41.905607],[-87.792422,41.9056],[-87.79253,41.905598]]},"properties":{"name":"Greenfield Street","highway":"residential"}},{"type":"Feature","id":1522,"geometry":{"type":"LineString","coordinates":[[-87.79253,41.905598],[-87.792642,41.905597],[-87.793146,41.90559],[-87.793644,41.905583],[-87.793741,41.905581]]},"properties":{"name":"Greenfield Street","highway":"residential"}},{"type":"Feature","id":1523,"geometry":{"type":"LineString","coordinates":[[-87.793741,41.905581],[-87.793858,41.90558],[-87.794354,41.905574],[-87.794375,41.905574],[-87.7948,41.905568],[-87.794858,41.905567],[-87.794955,41.905566]]},"properties":{"name":"Greenfield Street","highway":"residential"}},{"type":"Feature","id":1524,"geometry":{"type":"LineString","coordinates":[[-87.804105,41.905223],[-87.804224,41.905222],[-87.804883,41.905215],[-87.805208,41.905212],[-87.805441,41.90521],[-87.80547,41.905209],[-87.805636,41.905214]]},"properties":{"name":"Greenfield Street","highway":"residential"}},{"type":"Feature","id":1525,"geometry":{"type":"LineString","coordinates":[[-87.80586,41.905224],[-87.805832,41.905213],[-87.805801,41.9052],[-87.805633,41.905135]]},"properties":{"name":"Greenfield Street","highway":"residential"}},{"type":"Feature","id":1526,"geometry":{"type":"LineString","coordinates":[[-87.794952,41.905352],[-87.795065,41.905351],[-87.795099,41.90535],[-87.795711,41.905344],[-87.796347,41.905338],[-87.79645,41.905337]]},"properties":{"name":"Greenfield Street","highway":"residential"}},{"type":"Feature","id":1527,"geometry":{"type":"LineString","coordinates":[[-87.79645,41.905337],[-87.796561,41.905335],[-87.797196,41.905324],[-87.797816,41.905313],[-87.797876,41.905312]]},"properties":{"name":"Greenfield Street","highway":"residential"}},{"type":"Feature","id":1528,"geometry":{"type":"LineString","coordinates":[[-87.797876,41.905312],[-87.798129,41.905307]]},"properties":{"name":"Greenfield Street","highway":"residential"}},{"type":"Feature","id":1529,"geometry":{"type":"LineString","coordinates":[[-87.798129,41.905307],[-87.798209,41.905306],[-87.798783,41.905299],[-87.798805,41.905298],[-87.799386,41.905293],[-87.799492,41.905292]]},"properties":{"name":"Greenfield Street","highway":"residential"}},{"type":"Feature","id":1530,"geometry":{"type":"LineString","coordinates":[[-87.805639,41.905335],[-87.805804,41.905253],[-87.80586,41.905224]]},"properties":{"name":"Greenfield Street","highway":"residential"}},{"type":"Feature","id":1531,"geometry":{"type":"LineString","coordinates":[[-87.78322,41.879876],[-87.783218,41.879801],[-87.783207,41.87946],[-87.783166,41.878175],[-87.783164,41.878107]]},"properties":{"name":"South Cuyler Avenue","highway":"residential"}},{"type":"Feature","id":1532,"geometry":{"type":"LineString","coordinates":[[-87.783164,41.878107],[-87.783161,41.878015],[-87.783106,41.876402],[-87.783106,41.876385],[-87.783103,41.876296]]},"properties":{"name":"South Cuyler Avenue","highway":"residential"}},{"type":"Feature","id":1533,"geometry":{"type":"LineString","coordinates":[[-87.783026,41.886985],[-87.783023,41.886918],[-87.783009,41.886475],[-87.782972,41.885314],[-87.78297,41.885238]]},"properties":{"name":"South Cuyler Avenue","highway":"residential"}},{"type":"Feature","id":1534,"geometry":{"type":"LineString","coordinates":[[-87.78297,41.885238],[-87.782967,41.885157],[-87.782917,41.883616],[-87.782911,41.883521]]},"properties":{"name":"South Cuyler Avenue","highway":"residential"}},{"type":"Feature","id":1535,"geometry":{"type":"LineString","coordinates":[[-87.782911,41.883521],[-87.782909,41.883438],[-87.782881,41.882225],[-87.782872,41.881848],[-87.782871,41.881826],[-87.782869,41.881735]]},"properties":{"name":"South Cuyler Avenue","highway":"residential"}},{"type":"Feature","id":1536,"geometry":{"type":"LineString","coordinates":[[-87.782869,41.881735],[-87.782867,41.881668],[-87.782867,41.881643],[-87.782855,41.881235]]},"properties":{"name":"South Cuyler Avenue","highway":"residential"}},{"type":"Feature","id":1537,"geometry":{"type":"LineString","coordinates":[[-87.782789,41.867172],[-87.782786,41.867092],[-87.782736,41.865801],[-87.782722,41.865432],[-87.782719,41.865347]]},"properties":{"name":"South Cuyler Avenue","highway":"residential"}},{"type":"Feature","id":1538,"geometry":{"type":"LineString","coordinates":[[-87.783068,41.875363],[-87.783044,41.874557],[-87.783041,41.874464]]},"properties":{"name":"South Cuyler Avenue","highway":"residential"}},{"type":"Feature","id":1539,"geometry":{"type":"LineString","coordinates":[[-87.783041,41.874464],[-87.783039,41.874396],[-87.783,41.873104],[-87.782989,41.872732],[-87.782987,41.872646]]},"properties":{"name":"South Cuyler Avenue","highway":"residential"}},{"type":"Feature","id":1540,"geometry":{"type":"LineString","coordinates":[[-87.782987,41.872646],[-87.782984,41.872569],[-87.782973,41.872193]]},"properties":{"name":"South Cuyler Avenue","highway":"residential"}},{"type":"Feature","id":1541,"geometry":{"type":"LineString","coordinates":[[-87.782828,41.880483],[-87.782818,41.880137],[-87.782817,41.880115],[-87.782814,41.880005]]},"properties":{"name":"South Cuyler Avenue","highway":"residential"}},{"type":"Feature","id":1542,"geometry":{"type":"LineString","coordinates":[[-87.782814,41.880005],[-87.782811,41.879884]]},"properties":{"name":"South Cuyler Avenue","highway":"residential"}},{"type":"Feature","id":1543,"geometry":{"type":"LineString","coordinates":[[-87.783228,41.879999],[-87.78322,41.879876]]},"properties":{"name":"South Cuyler Avenue","highway":"residential"}},{"type":"Feature","id":1544,"geometry":{"type":"LineString","coordinates":[[-87.782858,41.868996],[-87.782855,41.868916],[-87.782792,41.867252],[-87.782789,41.867172]]},"properties":{"name":"South Cuyler Avenue","highway":"residential"}},{"type":"Feature","id":1545,"geometry":{"type":"LineString","coordinates":[[-87.782908,41.87082],[-87.782906,41.870741],[-87.78286,41.869078],[-87.782858,41.868996]]},"properties":{"name":"South Cuyler Avenue","highway":"residential"}},{"type":"Feature","id":1546,"geometry":{"type":"LineString","coordinates":[[-87.783068,41.875363],[-87.783005,41.875447],[-87.783008,41.875502],[-87.783065,41.875537],[-87.783123,41.875526],[-87.783151,41.875464],[-87.783136,41.87541],[-87.783068,41.875363]]},"properties":{"name":"South Cuyler Avenue","highway":"residential"}},{"type":"Feature","id":1547,"geometry":{"type":"LineString","coordinates":[[-87.809312,41.88208],[-87.809408,41.88208],[-87.810067,41.88208],[-87.811193,41.882069]]},"properties":{"name":"Bergman Court","highway":"residential"}},{"type":"Feature","id":1548,"geometry":{"type":"LineString","coordinates":[[-87.790565,41.888512],[-87.790565,41.888419],[-87.790564,41.888154],[-87.790882,41.888148],[-87.790891,41.88843],[-87.790894,41.888524]]},"properties":{"name":"Percy Julian Square","highway":"service"}},{"type":"Feature","id":1549,"geometry":{"type":"LineString","coordinates":[[-87.804264,41.890556],[-87.804267,41.890645],[-87.804281,41.891197],[-87.804297,41.891759],[-87.804299,41.891834]]},"properties":{"name":"Harlem Court","highway":"service"}},{"type":"Feature","id":1550,"geometry":{"type":"LineString","coordinates":[[-87.808272,41.910671],[-87.808275,41.910753],[-87.808329,41.912422],[-87.80833,41.912475],[-87.808332,41.912528],[-87.808334,41.912581],[-87.808388,41.914267],[-87.80839,41.914323],[-87.808392,41.914409],[-87.808446,41.916076],[-87.808448,41.916149],[-87.808451,41.916238],[-87.808504,41.917907],[-87.808507,41.917981],[-87.808509,41.918067],[-87.808563,41.919734],[-87.808566,41.919816],[-87.808625,41.92166],[-87.808668,41.923019],[-87.808683,41.923474]]},"properties":{"name":"North 73rd Avenue","highway":"residential"}},{"type":"Feature","id":1551,"geometry":{"type":"LineString","coordinates":[[-87.808217,41.908909],[-87.808219,41.908969],[-87.808231,41.909351]]},"properties":{"name":"North 73rd Avenue","highway":"residential"}},{"type":"Feature","id":1552,"geometry":{"type":"LineString","coordinates":[[-87.808236,41.90943],[-87.80827,41.910593],[-87.808272,41.910671]]},"properties":{"name":"North 73rd Avenue","highway":"residential"}},{"type":"Feature","id":1553,"geometry":{"type":"LineString","coordinates":[[-87.796271,41.879735],[-87.796268,41.87965],[-87.796227,41.878397],[-87.796224,41.878307]]},"properties":{"name":"South Carpenter Avenue","highway":"residential"}},{"type":"Feature","id":1554,"geometry":{"type":"LineString","coordinates":[[-87.796224,41.878307],[-87.796222,41.878237],[-87.796181,41.876979],[-87.796178,41.876892]]},"properties":{"name":"South Carpenter Avenue","highway":"residential"}},{"type":"Feature","id":1555,"geometry":{"type":"LineString","coordinates":[[-87.796178,41.876892],[-87.796176,41.876819],[-87.796135,41.875564],[-87.796132,41.875482]]},"properties":{"name":"South Carpenter Avenue","highway":"residential"}},{"type":"Feature","id":1556,"geometry":{"type":"LineString","coordinates":[[-87.796132,41.875482],[-87.79613,41.875405],[-87.796089,41.874149],[-87.796086,41.874063]]},"properties":{"name":"South Carpenter Avenue","highway":"residential"}},{"type":"Feature","id":1557,"geometry":{"type":"LineString","coordinates":[[-87.796086,41.874063],[-87.796084,41.873989],[-87.796055,41.87311],[-87.796053,41.873048]]},"properties":{"name":"South Carpenter Avenue","highway":"residential"}},{"type":"Feature","id":1558,"geometry":{"type":"LineString","coordinates":[[-87.791794,41.879866],[-87.79179,41.87974]]},"properties":{"name":"South Wesley Avenue","highway":"residential"}},{"type":"Feature","id":1559,"geometry":{"type":"LineString","coordinates":[[-87.79179,41.87974],[-87.791787,41.879652],[-87.791775,41.87928],[-87.791735,41.878061],[-87.791732,41.877978]]},"properties":{"name":"South Wesley Avenue","highway":"residential"}},{"type":"Feature","id":1560,"geometry":{"type":"LineString","coordinates":[[-87.791732,41.877978],[-87.79173,41.8779],[-87.791675,41.876237],[-87.791672,41.876154]]},"properties":{"name":"South Wesley Avenue","highway":"residential"}},{"type":"Feature","id":1561,"geometry":{"type":"LineString","coordinates":[[-87.791672,41.876154],[-87.79167,41.876076],[-87.791615,41.874412],[-87.791612,41.874326]]},"properties":{"name":"South Wesley Avenue","highway":"residential"}},{"type":"Feature","id":1562,"geometry":{"type":"LineString","coordinates":[[-87.791612,41.874326],[-87.79161,41.87425],[-87.791567,41.872972],[-87.79156,41.872743],[-87.791556,41.87261],[-87.791554,41.87256]]},"properties":{"name":"South Wesley Avenue","highway":"residential"}},{"type":"Feature","id":1563,"geometry":{"type":"LineString","coordinates":[[-87.791545,41.871828],[-87.791543,41.871776],[-87.791528,41.871398],[-87.791504,41.870762],[-87.791501,41.870684]]},"properties":{"name":"South Wesley Avenue","highway":"residential"}},{"type":"Feature","id":1564,"geometry":{"type":"LineString","coordinates":[[-87.791501,41.870684],[-87.791498,41.870602],[-87.791434,41.868935],[-87.791431,41.868851]]},"properties":{"name":"South Wesley Avenue","highway":"residential"}},{"type":"Feature","id":1565,"geometry":{"type":"LineString","coordinates":[[-87.791431,41.868851],[-87.791428,41.868775],[-87.791365,41.86711],[-87.791362,41.867025]]},"properties":{"name":"South Wesley Avenue","highway":"residential"}},{"type":"Feature","id":1566,"geometry":{"type":"LineString","coordinates":[[-87.791182,41.886908],[-87.791177,41.886795],[-87.791163,41.88636],[-87.79113,41.885177],[-87.791128,41.885094]]},"properties":{"name":"South Wesley Avenue","highway":"residential"}},{"type":"Feature","id":1567,"geometry":{"type":"LineString","coordinates":[[-87.791128,41.885094],[-87.791126,41.885014],[-87.791088,41.883435],[-87.791085,41.883312]]},"properties":{"name":"South Wesley Avenue","highway":"residential"}},{"type":"Feature","id":1568,"geometry":{"type":"LineString","coordinates":[[-87.791085,41.883312],[-87.791082,41.883214],[-87.791035,41.881686],[-87.791033,41.881599]]},"properties":{"name":"South Wesley Avenue","highway":"residential"}},{"type":"Feature","id":1569,"geometry":{"type":"LineString","coordinates":[[-87.791033,41.881599],[-87.791031,41.881523],[-87.791019,41.881046],[-87.791015,41.880923],[-87.791,41.880337],[-87.790995,41.88011],[-87.790991,41.879978],[-87.790989,41.879879]]},"properties":{"name":"South Wesley Avenue","highway":"residential"}},{"type":"Feature","id":1570,"geometry":{"type":"LineString","coordinates":[[-87.790989,41.879879],[-87.790984,41.879754]]},"properties":{"name":"South Wesley Avenue","highway":"residential"}},{"type":"Feature","id":1571,"geometry":{"type":"LineString","coordinates":[[-87.791362,41.867025],[-87.791359,41.866948],[-87.791309,41.865657],[-87.791304,41.865521],[-87.791299,41.865386],[-87.791295,41.865286],[-87.791292,41.865202]]},"properties":{"name":"South Wesley Avenue","highway":"residential"}},{"type":"Feature","id":1572,"geometry":{"type":"LineString","coordinates":[[-87.797764,41.891918],[-87.798031,41.891919],[-87.798121,41.891915],[-87.798233,41.891907],[-87.798496,41.891871],[-87.798597,41.891861],[-87.798681,41.891862],[-87.798754,41.891874],[-87.798852,41.891907],[-87.798933,41.891959],[-87.799039,41.892032],[-87.799103,41.892059],[-87.799135,41.892066],[-87.799185,41.892069],[-87.799398,41.892058],[-87.79961,41.892036],[-87.799729,41.892024],[-87.799831,41.892024],[-87.799949,41.892034],[-87.800053,41.892038],[-87.800135,41.892037],[-87.800168,41.892037],[-87.800263,41.892036]]},"properties":{"name":"Elizabeth Court","highway":"residential"}},{"type":"Feature","id":1573,"geometry":{"type":"LineString","coordinates":[[-87.803063,41.887901],[-87.8039,41.887888],[-87.803962,41.887888]]},"properties":{"name":"Westgate","highway":"residential"}},{"type":"Feature","id":1574,"geometry":{"type":"LineString","coordinates":[[-87.80477,41.88788],[-87.804872,41.887909],[-87.80489,41.887916],[-87.804945,41.887936],[-87.804996,41.887969],[-87.805023,41.888003]]},"properties":{"name":"Westgate","highway":"residential"}},{"type":"Feature","id":1575,"geometry":{"type":"LineString","coordinates":[[-87.80477,41.88788],[-87.804462,41.887881],[-87.804372,41.887882],[-87.804235,41.887884],[-87.804131,41.887886],[-87.804095,41.887887],[-87.803962,41.887888]]},"properties":{"name":"Westgate","highway":"residential"}},{"type":"Feature","id":1576,"geometry":{"type":"LineString","coordinates":[[-87.805015,41.887752],[-87.804979,41.887792],[-87.804938,41.88783],[-87.804885,41.887852],[-87.80477,41.88788]]},"properties":{"name":"Westgate","highway":"residential"}},{"type":"Feature","id":1577,"geometry":{"type":"LineString","coordinates":[[-87.794864,41.9017],[-87.794969,41.901698],[-87.795614,41.901687],[-87.796255,41.901676],[-87.796351,41.901674]]},"properties":{"name":"Division Street","highway":"tertiary"}},{"type":"Feature","id":1578,"geometry":{"type":"LineString","coordinates":[[-87.796351,41.901674],[-87.796469,41.901672],[-87.797098,41.901662],[-87.797136,41.901661],[-87.797754,41.901651],[-87.797894,41.901648]]},"properties":{"name":"Division Street","highway":"tertiary"}},{"type":"Feature","id":1579,"geometry":{"type":"LineString","coordinates":[[-87.797894,41.901648],[-87.79804,41.901646],[-87.798631,41.901635],[-87.79937,41.901623]]},"properties":{"name":"Division Street","highway":"tertiary"}},{"type":"Feature","id":1580,"geometry":{"type":"LineString","coordinates":[[-87.79937,41.901623],[-87.799476,41.901621],[-87.800175,41.901609],[-87.800251,41.901608],[-87.800837,41.901598],[-87.800943,41.901596]]},"properties":{"name":"Division Street","highway":"tertiary"}},{"type":"Feature","id":1581,"geometry":{"type":"LineString","coordinates":[[-87.800943,41.901596],[-87.80105,41.901594],[-87.802357,41.901572],[-87.802455,41.90157]]},"properties":{"name":"Division Street","highway":"tertiary"}},{"type":"Feature","id":1582,"geometry":{"type":"LineString","coordinates":[[-87.802455,41.90157],[-87.802572,41.901568],[-87.803879,41.901546],[-87.803981,41.901544]]},"properties":{"name":"Division Street","highway":"tertiary"}},{"type":"Feature","id":1583,"geometry":{"type":"LineString","coordinates":[[-87.803981,41.901544],[-87.804095,41.901542],[-87.804607,41.901533],[-87.804737,41.901533],[-87.804872,41.901532],[-87.804937,41.901531],[-87.805307,41.901523],[-87.805341,41.901526],[-87.805505,41.901538]]},"properties":{"name":"Division Street","highway":"tertiary"}},{"type":"Feature","id":1584,"geometry":{"type":"LineString","coordinates":[[-87.777707,41.901958],[-87.777807,41.901955]]},"properties":{"name":"Division Street","highway":"tertiary"}},{"type":"Feature","id":1585,"geometry":{"type":"LineString","coordinates":[[-87.784867,41.901867],[-87.784622,41.901873],[-87.784495,41.901875],[-87.784131,41.901883]]},"properties":{"name":"Division Street","highway":"tertiary"}},{"type":"Feature","id":1586,"geometry":{"type":"LineString","coordinates":[[-87.784867,41.901867],[-87.785025,41.901865],[-87.785934,41.901852],[-87.786618,41.901843],[-87.786742,41.901841]]},"properties":{"name":"Division Street","highway":"tertiary"}},{"type":"Feature","id":1587,"geometry":{"type":"LineString","coordinates":[[-87.783883,41.901884],[-87.784003,41.901884],[-87.784131,41.901883]]},"properties":{"name":"Division Street","highway":"tertiary"}},{"type":"Feature","id":1588,"geometry":{"type":"LineString","coordinates":[[-87.77657,41.90198],[-87.776689,41.901977],[-87.777188,41.901966],[-87.777698,41.901958],[-87.777707,41.901958]]},"properties":{"name":"Division Street","highway":"tertiary"}},{"type":"Feature","id":1589,"geometry":{"type":"LineString","coordinates":[[-87.775362,41.901994],[-87.775482,41.901993],[-87.775981,41.901988],[-87.776476,41.901981],[-87.77657,41.90198]]},"properties":{"name":"Division Street","highway":"tertiary"}},{"type":"Feature","id":1590,"geometry":{"type":"LineString","coordinates":[[-87.786742,41.901841],[-87.78688,41.901838],[-87.787563,41.901823],[-87.788239,41.901812],[-87.788365,41.90181]]},"properties":{"name":"Division Street","highway":"tertiary"}},{"type":"Feature","id":1591,"geometry":{"type":"LineString","coordinates":[[-87.807129,41.901533],[-87.807018,41.901536],[-87.805752,41.901563],[-87.805672,41.901566],[-87.805638,41.901561],[-87.805505,41.901538]]},"properties":{"name":"Division Street","highway":"tertiary"}},{"type":"Feature","id":1592,"geometry":{"type":"LineString","coordinates":[[-87.807129,41.901533],[-87.807235,41.901531],[-87.80803,41.901513],[-87.810269,41.901462],[-87.810374,41.90146],[-87.810481,41.901457],[-87.811702,41.901429],[-87.811893,41.901425],[-87.81199,41.901423],[-87.81211,41.90142],[-87.813519,41.901392],[-87.813615,41.90139],[-87.813736,41.901387],[-87.814468,41.901369],[-87.815083,41.901353],[-87.815118,41.901353],[-87.815245,41.90135],[-87.815372,41.901346],[-87.815401,41.901346],[-87.816746,41.901312],[-87.816861,41.901309],[-87.816991,41.901307],[-87.81836,41.901284],[-87.818488,41.901282]]},"properties":{"name":"Division Street","highway":"tertiary"}},{"type":"Feature","id":1593,"geometry":{"type":"LineString","coordinates":[[-87.777807,41.901955],[-87.777911,41.901955],[-87.778416,41.901951],[-87.778914,41.901946],[-87.779016,41.901944]]},"properties":{"name":"Division Street","highway":"tertiary"}},{"type":"Feature","id":1594,"geometry":{"type":"LineString","coordinates":[[-87.779016,41.901944],[-87.779127,41.901943],[-87.779632,41.901936],[-87.780134,41.901931],[-87.780234,41.90193]]},"properties":{"name":"Division Street","highway":"tertiary"}},{"type":"Feature","id":1595,"geometry":{"type":"LineString","coordinates":[[-87.780234,41.90193],[-87.780347,41.901928],[-87.780845,41.901921],[-87.781351,41.901913],[-87.781458,41.901911]]},"properties":{"name":"Division Street","highway":"tertiary"}},{"type":"Feature","id":1596,"geometry":{"type":"LineString","coordinates":[[-87.781458,41.901911],[-87.781565,41.90191],[-87.78207,41.901903],[-87.782569,41.901897],[-87.782677,41.901895]]},"properties":{"name":"Division Street","highway":"tertiary"}},{"type":"Feature","id":1597,"geometry":{"type":"LineString","coordinates":[[-87.782677,41.901895],[-87.782788,41.901894],[-87.783274,41.90189],[-87.783393,41.901889],[-87.783883,41.901884]]},"properties":{"name":"Division Street","highway":"tertiary"}},{"type":"Feature","id":1598,"geometry":{"type":"LineString","coordinates":[[-87.789985,41.901782],[-87.790107,41.90178],[-87.790603,41.901772],[-87.791104,41.901763],[-87.791209,41.901762]]},"properties":{"name":"Division Street","highway":"tertiary"}},{"type":"Feature","id":1599,"geometry":{"type":"LineString","coordinates":[[-87.791209,41.901762],[-87.791318,41.90176],[-87.791821,41.901751],[-87.792322,41.901743],[-87.792423,41.901741]]},"properties":{"name":"Division Street","highway":"tertiary"}},{"type":"Feature","id":1600,"geometry":{"type":"LineString","coordinates":[[-87.792423,41.901741],[-87.792534,41.901739],[-87.793043,41.901731],[-87.793537,41.901722],[-87.793637,41.901721]]},"properties":{"name":"Division Street","highway":"tertiary"}},{"type":"Feature","id":1601,"geometry":{"type":"LineString","coordinates":[[-87.793637,41.901721],[-87.793752,41.901719],[-87.794257,41.90171],[-87.794755,41.901702],[-87.794864,41.9017]]},"properties":{"name":"Division Street","highway":"tertiary"}},{"type":"Feature","id":1602,"geometry":{"type":"LineString","coordinates":[[-87.788365,41.90181],[-87.788505,41.901807],[-87.789182,41.901796],[-87.789889,41.901784],[-87.789985,41.901782]]},"properties":{"name":"Division Street","highway":"tertiary"}},{"type":"Feature","id":1603,"geometry":{"type":"LineString","coordinates":[[-87.804486,41.872753],[-87.804428,41.872985],[-87.80443,41.873066],[-87.804445,41.873568],[-87.804444,41.873586],[-87.804443,41.873604],[-87.804441,41.87368],[-87.80444,41.87371],[-87.804448,41.874024],[-87.804458,41.87424],[-87.804535,41.874448]]},"properties":{"name":"South Harlem Avenue","highway":"primary"}},{"type":"Feature","id":1604,"geometry":{"type":"LineString","coordinates":[[-87.804729,41.87965],[-87.804725,41.879535],[-87.804709,41.879124],[-87.804707,41.879054],[-87.804678,41.878558],[-87.804673,41.878167]]},"properties":{"name":"South Harlem Avenue","highway":"primary"}},{"type":"Feature","id":1605,"geometry":{"type":"LineString","coordinates":[[-87.804975,41.886569],[-87.804969,41.8864],[-87.804949,41.885889],[-87.804934,41.885492],[-87.804931,41.885407]]},"properties":{"name":"South Harlem Avenue","highway":"primary"}},{"type":"Feature","id":1606,"geometry":{"type":"LineString","coordinates":[[-87.804272,41.866864],[-87.80424,41.865618],[-87.804239,41.865594],[-87.804236,41.865488],[-87.804232,41.865361],[-87.804226,41.865165],[-87.80422,41.864994]]},"properties":{"name":"South Harlem Avenue","highway":"primary"}},{"type":"Feature","id":1607,"geometry":{"type":"LineString","coordinates":[[-87.804272,41.866864],[-87.804344,41.868686]]},"properties":{"name":"South Harlem Avenue","highway":"primary"}},{"type":"Feature","id":1608,"geometry":{"type":"LineString","coordinates":[[-87.804344,41.868686],[-87.804395,41.870212],[-87.8044,41.870356],[-87.804404,41.870465]]},"properties":{"name":"South Harlem Avenue","highway":"primary"}},{"type":"Feature","id":1609,"geometry":{"type":"LineString","coordinates":[[-87.804404,41.870465],[-87.804405,41.870516]]},"properties":{"name":"South Harlem Avenue","highway":"primary"}},{"type":"Feature","id":1610,"geometry":{"type":"LineString","coordinates":[[-87.804405,41.870516],[-87.804442,41.871596],[-87.804447,41.871742],[-87.804458,41.872081],[-87.804462,41.872193],[-87.804466,41.872315]]},"properties":{"name":"South Harlem Avenue","highway":"primary"}},{"type":"Feature","id":1611,"geometry":{"type":"LineString","coordinates":[[-87.804931,41.885407],[-87.804924,41.885231],[-87.804911,41.884877],[-87.804903,41.884692],[-87.804896,41.884494],[-87.804887,41.884257]]},"properties":{"name":"South Harlem Avenue","highway":"primary"}},{"type":"Feature","id":1612,"geometry":{"type":"LineString","coordinates":[[-87.80498,41.886705],[-87.804935,41.886769],[-87.804946,41.887078],[-87.804995,41.887137]]},"properties":{"name":"South Harlem Avenue","highway":"primary"}},{"type":"Feature","id":1613,"geometry":{"type":"LineString","coordinates":[[-87.80422,41.864994],[-87.804215,41.86486],[-87.804212,41.864775],[-87.804208,41.864672],[-87.804206,41.864599],[-87.804203,41.86453],[-87.804201,41.864478],[-87.804194,41.864331],[-87.804188,41.864123],[-87.804183,41.863969],[-87.804172,41.863667],[-87.804169,41.863583],[-87.804157,41.863261]]},"properties":{"name":"South Harlem Avenue","highway":"primary"}},{"type":"Feature","id":1614,"geometry":{"type":"LineString","coordinates":[[-87.804787,41.881398],[-87.80479,41.88149],[-87.804806,41.881963],[-87.804807,41.88201],[-87.804814,41.882226],[-87.804829,41.882675],[-87.804835,41.882844],[-87.804841,41.883038],[-87.804845,41.883145],[-87.804847,41.883221]]},"properties":{"name":"South Harlem Avenue","highway":"primary"}},{"type":"Feature","id":1615,"geometry":{"type":"LineString","coordinates":[[-87.804729,41.87965],[-87.804734,41.879794],[-87.804747,41.880177],[-87.804749,41.880253],[-87.804755,41.880429],[-87.804756,41.880445],[-87.804767,41.880801],[-87.804769,41.880839],[-87.80477,41.880893],[-87.804773,41.880978],[-87.804781,41.881221],[-87.804784,41.88131],[-87.804787,41.881398]]},"properties":{"name":"South Harlem Avenue","highway":"primary"}},{"type":"Feature","id":1616,"geometry":{"type":"LineString","coordinates":[[-87.804535,41.874448],[-87.804559,41.875114],[-87.804569,41.875393],[-87.80457,41.875435],[-87.804575,41.87555],[-87.804588,41.875919],[-87.80459,41.875991]]},"properties":{"name":"South Harlem Avenue","highway":"primary"}},{"type":"Feature","id":1617,"geometry":{"type":"LineString","coordinates":[[-87.80459,41.875991],[-87.804595,41.8761],[-87.804599,41.876214],[-87.804603,41.876316],[-87.80461,41.876495],[-87.804616,41.876672],[-87.804624,41.876866],[-87.804625,41.876926],[-87.80463,41.877043],[-87.804644,41.877413],[-87.804659,41.877802]]},"properties":{"name":"South Harlem Avenue","highway":"primary"}},{"type":"Feature","id":1618,"geometry":{"type":"LineString","coordinates":[[-87.804486,41.872753],[-87.804575,41.87298],[-87.804585,41.873082],[-87.804599,41.873584],[-87.804598,41.873618],[-87.804595,41.873694],[-87.804593,41.873726],[-87.804601,41.874039],[-87.804602,41.874239],[-87.804535,41.874448]]},"properties":{"name":"South Harlem Avenue","highway":"primary"}},{"type":"Feature","id":1619,"geometry":{"type":"LineString","coordinates":[[-87.804847,41.883221],[-87.804851,41.883318],[-87.80486,41.883568],[-87.804861,41.883592],[-87.804868,41.883764],[-87.804875,41.883956],[-87.80488,41.884089],[-87.804887,41.884257]]},"properties":{"name":"South Harlem Avenue","highway":"primary"}},{"type":"Feature","id":1620,"geometry":{"type":"LineString","coordinates":[[-87.804466,41.872315],[-87.804468,41.872445],[-87.804486,41.872753]]},"properties":{"name":"South Harlem Avenue","highway":"primary"}},{"type":"Feature","id":1621,"geometry":{"type":"LineString","coordinates":[[-87.804673,41.878167],[-87.804659,41.877802]]},"properties":{"name":"South Harlem Avenue","highway":"primary"}},{"type":"Feature","id":1622,"geometry":{"type":"LineString","coordinates":[[-87.804154,41.863177],[-87.804157,41.863261]]},"properties":{"name":"South Harlem Avenue","highway":"primary"}},{"type":"Feature","id":1623,"geometry":{"type":"LineString","coordinates":[[-87.804975,41.886569],[-87.804978,41.886633],[-87.80498,41.886705]]},"properties":{"name":"South Harlem Avenue","highway":"primary"}},{"type":"Feature","id":1624,"geometry":{"type":"LineString","coordinates":[[-87.804995,41.887137],[-87.80504,41.887077],[-87.80503,41.886768],[-87.80498,41.886705]]},"properties":{"name":"South Harlem Avenue","highway":"primary"}},{"type":"Feature","id":1625,"geometry":{"type":"LineString","coordinates":[[-87.779492,41.908708],[-87.779498,41.90895],[-87.779502,41.909087],[-87.779505,41.909212]]},"properties":{"name":"North Hayes Avenue","highway":"residential"}},{"type":"Feature","id":1626,"geometry":{"type":"LineString","coordinates":[[-87.796051,41.889521],[-87.796055,41.889829],[-87.796054,41.890148],[-87.796053,41.890193]]},"properties":{"name":"North Grove Avenue","highway":"residential"}},{"type":"Feature","id":1627,"geometry":{"type":"LineString","coordinates":[[-87.796053,41.890193],[-87.796054,41.89025],[-87.796055,41.890272],[-87.796076,41.891248],[-87.796078,41.891304]]},"properties":{"name":"North Grove Avenue","highway":"residential"}},{"type":"Feature","id":1628,"geometry":{"type":"LineString","coordinates":[[-87.796078,41.891304],[-87.79608,41.891371],[-87.796161,41.89426],[-87.796162,41.894281],[-87.796165,41.894377]]},"properties":{"name":"North Grove Avenue","highway":"residential"}},{"type":"Feature","id":1629,"geometry":{"type":"LineString","coordinates":[[-87.796165,41.894377],[-87.796168,41.894482],[-87.796169,41.894505],[-87.796207,41.895715],[-87.79622,41.896117],[-87.796222,41.896189]]},"properties":{"name":"North Grove Avenue","highway":"residential"}},{"type":"Feature","id":1630,"geometry":{"type":"LineString","coordinates":[[-87.796222,41.896189],[-87.796224,41.896275],[-87.796267,41.897957],[-87.796269,41.898039]]},"properties":{"name":"North Grove Avenue","highway":"residential"}},{"type":"Feature","id":1631,"geometry":{"type":"LineString","coordinates":[[-87.796269,41.898039],[-87.79627,41.898129],[-87.796311,41.899776],[-87.796312,41.899846]]},"properties":{"name":"North Grove Avenue","highway":"residential"}},{"type":"Feature","id":1632,"geometry":{"type":"LineString","coordinates":[[-87.796312,41.899846],[-87.796314,41.899936],[-87.796349,41.901575],[-87.79635,41.901597],[-87.796351,41.901674]]},"properties":{"name":"North Grove Avenue","highway":"residential"}},{"type":"Feature","id":1633,"geometry":{"type":"LineString","coordinates":[[-87.796351,41.901674],[-87.796354,41.901762],[-87.796355,41.901787],[-87.796405,41.903431],[-87.796407,41.903502]]},"properties":{"name":"North Grove Avenue","highway":"residential"}},{"type":"Feature","id":1634,"geometry":{"type":"LineString","coordinates":[[-87.796407,41.903502],[-87.796409,41.90359],[-87.796448,41.905217],[-87.796449,41.90526],[-87.79645,41.905337]]},"properties":{"name":"North Grove Avenue","highway":"residential"}},{"type":"Feature","id":1635,"geometry":{"type":"LineString","coordinates":[[-87.79645,41.905337],[-87.796453,41.90542],[-87.796453,41.905443],[-87.796487,41.906816],[-87.796494,41.90709],[-87.796496,41.907166]]},"properties":{"name":"North Grove Avenue","highway":"residential"}},{"type":"Feature","id":1636,"geometry":{"type":"LineString","coordinates":[[-87.796496,41.907166],[-87.796498,41.907249],[-87.796529,41.908502],[-87.796531,41.908608],[-87.796537,41.908848],[-87.796537,41.908874],[-87.796541,41.909]]},"properties":{"name":"North Grove Avenue","highway":"residential"}},{"type":"Feature","id":1637,"geometry":{"type":"LineString","coordinates":[[-87.805042,41.888587],[-87.805038,41.888462],[-87.805023,41.888003]]},"properties":{"name":"North Harlem Avenue","highway":"primary"}},{"type":"Feature","id":1638,"geometry":{"type":"LineString","coordinates":[[-87.805346,41.897061],[-87.805358,41.897377],[-87.805361,41.897444],[-87.805368,41.897629],[-87.805374,41.89781],[-87.805379,41.897906]]},"properties":{"name":"North Harlem Avenue","highway":"primary"}},{"type":"Feature","id":1639,"geometry":{"type":"LineString","coordinates":[[-87.805346,41.897061],[-87.805331,41.896676],[-87.805316,41.896269]]},"properties":{"name":"North Harlem Avenue","highway":"primary"}},{"type":"Feature","id":1640,"geometry":{"type":"LineString","coordinates":[[-87.805316,41.896269],[-87.805309,41.896089]]},"properties":{"name":"North Harlem Avenue","highway":"primary"}},{"type":"Feature","id":1641,"geometry":{"type":"LineString","coordinates":[[-87.805309,41.896089],[-87.80529,41.895604],[-87.805279,41.895314]]},"properties":{"name":"North Harlem Avenue","highway":"primary"}},{"type":"Feature","id":1642,"geometry":{"type":"LineString","coordinates":[[-87.805763,41.908777],[-87.805759,41.908679],[-87.805756,41.908586],[-87.805751,41.908463],[-87.805749,41.908403],[-87.805746,41.908299],[-87.805731,41.907902],[-87.805717,41.907482],[-87.805704,41.907126],[-87.805701,41.90705]]},"properties":{"name":"North Harlem Avenue","highway":"primary"}},{"type":"Feature","id":1643,"geometry":{"type":"LineString","coordinates":[[-87.805768,41.908935],[-87.80577,41.908994],[-87.80578,41.909287],[-87.805792,41.90967],[-87.805791,41.909738],[-87.805802,41.909966],[-87.805804,41.910023],[-87.805824,41.910631],[-87.805827,41.910713]]},"properties":{"name":"North Harlem Avenue","highway":"primary"}},{"type":"Feature","id":1644,"geometry":{"type":"LineString","coordinates":[[-87.805119,41.89081],[-87.805114,41.89067],[-87.80511,41.89054]]},"properties":{"name":"North Harlem Avenue","highway":"primary"}},{"type":"Feature","id":1645,"geometry":{"type":"LineString","coordinates":[[-87.804995,41.887137],[-87.804997,41.887209],[-87.805007,41.887506],[-87.805015,41.887752]]},"properties":{"name":"North Harlem Avenue","highway":"primary"}},{"type":"Feature","id":1646,"geometry":{"type":"LineString","coordinates":[[-87.805023,41.888003],[-87.805018,41.887864],[-87.805017,41.887833],[-87.805015,41.887752]]},"properties":{"name":"North Harlem Avenue","highway":"primary"}},{"type":"Feature","id":1647,"geometry":{"type":"LineString","coordinates":[[-87.805042,41.888587],[-87.805045,41.888692],[-87.805065,41.889247],[-87.805068,41.889334],[-87.805087,41.889887],[-87.805095,41.890124],[-87.805104,41.890394],[-87.805106,41.890435],[-87.80511,41.89054]]},"properties":{"name":"North Harlem Avenue","highway":"primary"}},{"type":"Feature","id":1648,"geometry":{"type":"LineString","coordinates":[[-87.805885,41.912534],[-87.805883,41.912461],[-87.805875,41.912219],[-87.805864,41.911866],[-87.805858,41.911687],[-87.805857,41.911661],[-87.80584,41.911128],[-87.805829,41.910793],[-87.805827,41.910713]]},"properties":{"name":"North Harlem Avenue","highway":"primary"}},{"type":"Feature","id":1649,"geometry":{"type":"LineString","coordinates":[[-87.805238,41.894231],[-87.805234,41.894135],[-87.805231,41.894025],[-87.80523,41.893996],[-87.805225,41.893854],[-87.805218,41.893667],[-87.805215,41.893579],[-87.805214,41.893556],[-87.805202,41.893204],[-87.805196,41.89304]]},"properties":{"name":"North Harlem Avenue","highway":"primary"}},{"type":"Feature","id":1650,"geometry":{"type":"LineString","coordinates":[[-87.805238,41.894231],[-87.805242,41.894339],[-87.805256,41.894698],[-87.805275,41.895201],[-87.805279,41.895314]]},"properties":{"name":"North Harlem Avenue","highway":"primary"}},{"type":"Feature","id":1651,"geometry":{"type":"LineString","coordinates":[[-87.805379,41.897906],[-87.805382,41.897987],[-87.805396,41.898408],[-87.8054,41.898514],[-87.805412,41.898862],[-87.805416,41.898985],[-87.805424,41.899214],[-87.805442,41.89972]]},"properties":{"name":"North Harlem Avenue","highway":"primary"}},{"type":"Feature","id":1652,"geometry":{"type":"LineString","coordinates":[[-87.805119,41.89081],[-87.805128,41.891062],[-87.80514,41.891419],[-87.805145,41.891558],[-87.805154,41.891816]]},"properties":{"name":"North Harlem Avenue","highway":"primary"}},{"type":"Feature","id":1653,"geometry":{"type":"LineString","coordinates":[[-87.805636,41.905214],[-87.805633,41.905135]]},"properties":{"name":"North Harlem Avenue","highway":"primary"}},{"type":"Feature","id":1654,"geometry":{"type":"LineString","coordinates":[[-87.805442,41.89972],[-87.805467,41.900428],[-87.805476,41.900701],[-87.80548,41.900819],[-87.805486,41.900981],[-87.80549,41.901093],[-87.8055,41.901376],[-87.805503,41.901462],[-87.805505,41.901538]]},"properties":{"name":"North Harlem Avenue","highway":"primary"}},{"type":"Feature","id":1655,"geometry":{"type":"LineString","coordinates":[[-87.805196,41.89304],[-87.805167,41.892182]]},"properties":{"name":"North Harlem Avenue","highway":"primary"}},{"type":"Feature","id":1656,"geometry":{"type":"LineString","coordinates":[[-87.805167,41.892182],[-87.805164,41.892098],[-87.80516,41.891989],[-87.805155,41.891861],[-87.805154,41.891816]]},"properties":{"name":"North Harlem Avenue","highway":"primary"}},{"type":"Feature","id":1657,"geometry":{"type":"LineString","coordinates":[[-87.805505,41.901538],[-87.805509,41.901648],[-87.805515,41.901801],[-87.805524,41.902071],[-87.80554,41.902513],[-87.80557,41.903366]]},"properties":{"name":"North Harlem Avenue","highway":"primary"}},{"type":"Feature","id":1658,"geometry":{"type":"LineString","coordinates":[[-87.805701,41.90705],[-87.805698,41.906964],[-87.805639,41.905335]]},"properties":{"name":"North Harlem Avenue","highway":"primary"}},{"type":"Feature","id":1659,"geometry":{"type":"LineString","coordinates":[[-87.805768,41.908935],[-87.805763,41.908777]]},"properties":{"name":"North Harlem Avenue","highway":"primary"}},{"type":"Feature","id":1660,"geometry":{"type":"LineString","coordinates":[[-87.805639,41.905335],[-87.805636,41.905214]]},"properties":{"name":"North Harlem Avenue","highway":"primary"}},{"type":"Feature","id":1661,"geometry":{"type":"LineString","coordinates":[[-87.805633,41.905135],[-87.80557,41.903366]]},"properties":{"name":"North Harlem Avenue","highway":"primary"}},{"type":"Feature","id":1662,"geometry":{"type":"LineString","coordinates":[[-87.795438,41.879748],[-87.795363,41.879749],[-87.794924,41.879756],[-87.794769,41.879759],[-87.794585,41.879761],[-87.794368,41.879764],[-87.794246,41.879765]]},"properties":{"name":"Madison Street","highway":"secondary"}},{"type":"Feature","id":1663,"geometry":{"type":"LineString","coordinates":[[-87.795438,41.879748],[-87.795587,41.879746]]},"properties":{"name":"Madison Street","highway":"secondary"}},{"type":"Feature","id":1664,"geometry":{"type":"LineString","coordinates":[[-87.795587,41.879746],[-87.795948,41.879741],[-87.796271,41.879735]]},"properties":{"name":"Madison Street","highway":"secondary"}},{"type":"Feature","id":1665,"geometry":{"type":"LineString","coordinates":[[-87.796271,41.879735],[-87.796673,41.879729],[-87.796801,41.879727],[-87.796893,41.879726],[-87.796907,41.879725]]},"properties":{"name":"Madison Street","highway":"secondary"}},{"type":"Feature","id":1666,"geometry":{"type":"LineString","coordinates":[[-87.796907,41.879725],[-87.796978,41.879724],[-87.798091,41.879707],[-87.798162,41.879706],[-87.798382,41.879703]]},"properties":{"name":"Madison Street","highway":"secondary"}},{"type":"Feature","id":1667,"geometry":{"type":"LineString","coordinates":[[-87.798382,41.879703],[-87.798814,41.879696]]},"properties":{"name":"Madison Street","highway":"secondary"}},{"type":"Feature","id":1668,"geometry":{"type":"LineString","coordinates":[[-87.798814,41.879696],[-87.799132,41.879691],[-87.799364,41.879688],[-87.799518,41.879685],[-87.799771,41.879681],[-87.799859,41.87968]]},"properties":{"name":"Madison Street","highway":"secondary"}},{"type":"Feature","id":1669,"geometry":{"type":"LineString","coordinates":[[-87.789345,41.879785],[-87.789247,41.879787],[-87.789092,41.879788],[-87.788126,41.879799]]},"properties":{"name":"Madison Street","highway":"secondary"}},{"type":"Feature","id":1670,"geometry":{"type":"LineString","coordinates":[[-87.789352,41.879905],[-87.789496,41.879903],[-87.789584,41.879902],[-87.789925,41.879896],[-87.790276,41.87989],[-87.79054,41.879886],[-87.790582,41.879885]]},"properties":{"name":"Madison Street","highway":"secondary"}},{"type":"Feature","id":1671,"geometry":{"type":"LineString","coordinates":[[-87.790582,41.879885],[-87.790989,41.879879]]},"properties":{"name":"Madison Street","highway":"secondary"}},{"type":"Feature","id":1672,"geometry":{"type":"LineString","coordinates":[[-87.790989,41.879879],[-87.791794,41.879866]]},"properties":{"name":"Madison Street","highway":"secondary"}},{"type":"Feature","id":1673,"geometry":{"type":"LineString","coordinates":[[-87.791794,41.879866],[-87.792616,41.879852],[-87.793013,41.879846],[-87.793239,41.879842],[-87.793319,41.879841],[-87.793816,41.879833],[-87.794112,41.879829],[-87.794143,41.879815],[-87.794246,41.879765]]},"properties":{"name":"Madison Street","highway":"secondary"}},{"type":"Feature","id":1674,"geometry":{"type":"LineString","coordinates":[[-87.775884,41.880127],[-87.775491,41.880133],[-87.775449,41.880134],[-87.775263,41.880134],[-87.774799,41.880141],[-87.774659,41.880143]]},"properties":{"name":"Madison Street","highway":"secondary"}},{"type":"Feature","id":1675,"geometry":{"type":"LineString","coordinates":[[-87.778322,41.879969],[-87.778102,41.879973],[-87.777913,41.879976]]},"properties":{"name":"Madison Street","highway":"secondary"}},{"type":"Feature","id":1676,"geometry":{"type":"LineString","coordinates":[[-87.777913,41.879976],[-87.777837,41.879978],[-87.7777,41.87998],[-87.777215,41.879988],[-87.777102,41.87999]]},"properties":{"name":"Madison Street","highway":"secondary"}},{"type":"Feature","id":1677,"geometry":{"type":"LineString","coordinates":[[-87.777102,41.87999],[-87.776516,41.879999],[-87.776278,41.880003]]},"properties":{"name":"Madison Street","highway":"secondary"}},{"type":"Feature","id":1678,"geometry":{"type":"LineString","coordinates":[[-87.779548,41.879949],[-87.779688,41.879946],[-87.779851,41.879941],[-87.779886,41.87994],[-87.780277,41.879932],[-87.780405,41.87993],[-87.780777,41.879923]]},"properties":{"name":"Madison Street","highway":"secondary"}},{"type":"Feature","id":1679,"geometry":{"type":"LineString","coordinates":[[-87.779551,41.880065],[-87.77943,41.880068],[-87.779134,41.880073],[-87.778433,41.880085],[-87.77833,41.880086]]},"properties":{"name":"Madison Street","highway":"secondary"}},{"type":"Feature","id":1680,"geometry":{"type":"LineString","coordinates":[[-87.774655,41.880034],[-87.774798,41.88003],[-87.775082,41.880023],[-87.775448,41.880017],[-87.775674,41.880013],[-87.775879,41.88001]]},"properties":{"name":"Madison Street","highway":"secondary"}},{"type":"Feature","id":1681,"geometry":{"type":"LineString","coordinates":[[-87.78322,41.879876],[-87.783129,41.879878],[-87.782811,41.879884]]},"properties":{"name":"Madison Street","highway":"secondary"}},{"type":"Feature","id":1682,"geometry":{"type":"LineString","coordinates":[[-87.782811,41.879884],[-87.782,41.8799]]},"properties":{"name":"Madison Street","highway":"secondary"}},{"type":"Feature","id":1683,"geometry":{"type":"LineString","coordinates":[[-87.782,41.8799],[-87.78146,41.87991],[-87.781191,41.879916]]},"properties":{"name":"Madison Street","highway":"secondary"}},{"type":"Feature","id":1684,"geometry":{"type":"LineString","coordinates":[[-87.781191,41.879916],[-87.780908,41.879921],[-87.780777,41.879923]]},"properties":{"name":"Madison Street","highway":"secondary"}},{"type":"Feature","id":1685,"geometry":{"type":"LineString","coordinates":[[-87.779551,41.880065],[-87.779691,41.880062],[-87.780782,41.880047]]},"properties":{"name":"Madison Street","highway":"secondary"}},{"type":"Feature","id":1686,"geometry":{"type":"LineString","coordinates":[[-87.780782,41.880047],[-87.780909,41.880045],[-87.781194,41.88004]]},"properties":{"name":"Madison Street","highway":"secondary"}},{"type":"Feature","id":1687,"geometry":{"type":"LineString","coordinates":[[-87.781194,41.88004],[-87.782004,41.880023]]},"properties":{"name":"Madison Street","highway":"secondary"}},{"type":"Feature","id":1688,"geometry":{"type":"LineString","coordinates":[[-87.782004,41.880023],[-87.782814,41.880005]]},"properties":{"name":"Madison Street","highway":"secondary"}},{"type":"Feature","id":1689,"geometry":{"type":"LineString","coordinates":[[-87.782814,41.880005],[-87.783133,41.88],[-87.783228,41.879999]]},"properties":{"name":"Madison Street","highway":"secondary"}},{"type":"Feature","id":1690,"geometry":{"type":"LineString","coordinates":[[-87.789345,41.879785],[-87.789473,41.879782],[-87.78955,41.879781],[-87.789851,41.879774],[-87.79012,41.879769],[-87.790576,41.879761]]},"properties":{"name":"Madison Street","highway":"secondary"}},{"type":"Feature","id":1691,"geometry":{"type":"LineString","coordinates":[[-87.789352,41.879905],[-87.789237,41.879907],[-87.788839,41.879914],[-87.788584,41.879918],[-87.788133,41.879926]]},"properties":{"name":"Madison Street","highway":"secondary"}},{"type":"Feature","id":1692,"geometry":{"type":"LineString","coordinates":[[-87.784446,41.879863],[-87.784581,41.87986],[-87.784722,41.879857],[-87.784975,41.879852],[-87.785082,41.87985],[-87.785689,41.879835]]},"properties":{"name":"Madison Street","highway":"secondary"}},{"type":"Feature","id":1693,"geometry":{"type":"LineString","coordinates":[[-87.784446,41.879863],[-87.784333,41.879865],[-87.78322,41.879876]]},"properties":{"name":"Madison Street","highway":"secondary"}},{"type":"Feature","id":1694,"geometry":{"type":"LineString","coordinates":[[-87.783228,41.879999],[-87.783738,41.879992],[-87.784071,41.879987],[-87.78433,41.879983],[-87.784452,41.879981]]},"properties":{"name":"Madison Street","highway":"secondary"}},{"type":"Feature","id":1695,"geometry":{"type":"LineString","coordinates":[[-87.784452,41.879981],[-87.784588,41.879979],[-87.78489,41.879975],[-87.785372,41.879967],[-87.785664,41.879963],[-87.785693,41.879963]]},"properties":{"name":"Madison Street","highway":"secondary"}},{"type":"Feature","id":1696,"geometry":{"type":"LineString","coordinates":[[-87.785693,41.879963],[-87.785892,41.87996],[-87.786794,41.879947],[-87.786918,41.879945]]},"properties":{"name":"Madison Street","highway":"secondary"}},{"type":"Feature","id":1697,"geometry":{"type":"LineString","coordinates":[[-87.79179,41.87974],[-87.79261,41.879725],[-87.793014,41.879718],[-87.793345,41.879714],[-87.794095,41.879699],[-87.794141,41.879719],[-87.794246,41.879765]]},"properties":{"name":"Madison Street","highway":"secondary"}},{"type":"Feature","id":1698,"geometry":{"type":"LineString","coordinates":[[-87.79179,41.87974],[-87.790984,41.879754]]},"properties":{"name":"Madison Street","highway":"secondary"}},{"type":"Feature","id":1699,"geometry":{"type":"LineString","coordinates":[[-87.790984,41.879754],[-87.790576,41.879761]]},"properties":{"name":"Madison Street","highway":"secondary"}},{"type":"Feature","id":1700,"geometry":{"type":"LineString","coordinates":[[-87.80837,41.879571],[-87.808492,41.879569],[-87.808887,41.879561],[-87.809199,41.879556],[-87.809418,41.879552],[-87.809584,41.879549]]},"properties":{"name":"Madison Street","highway":"secondary"}},{"type":"Feature","id":1701,"geometry":{"type":"LineString","coordinates":[[-87.80605,41.879628],[-87.806317,41.879621],[-87.806725,41.879611],[-87.807038,41.879604]]},"properties":{"name":"Madison Street","highway":"secondary"}},{"type":"Feature","id":1702,"geometry":{"type":"LineString","coordinates":[[-87.804729,41.87965],[-87.804851,41.879647],[-87.805287,41.879638],[-87.805334,41.879637],[-87.805562,41.879634]]},"properties":{"name":"Madison Street","highway":"secondary"}},{"type":"Feature","id":1703,"geometry":{"type":"LineString","coordinates":[[-87.809584,41.879549],[-87.81055,41.879531]]},"properties":{"name":"Madison Street","highway":"secondary"}},{"type":"Feature","id":1704,"geometry":{"type":"LineString","coordinates":[[-87.804729,41.87965],[-87.804612,41.879646],[-87.804227,41.879632],[-87.80413,41.879627],[-87.803877,41.879618]]},"properties":{"name":"Madison Street","highway":"secondary"}},{"type":"Feature","id":1705,"geometry":{"type":"LineString","coordinates":[[-87.80837,41.879571],[-87.808265,41.879573],[-87.807957,41.879581],[-87.807823,41.879584],[-87.807328,41.879596]]},"properties":{"name":"Madison Street","highway":"secondary"}},{"type":"Feature","id":1706,"geometry":{"type":"LineString","coordinates":[[-87.807038,41.879604],[-87.807207,41.879599],[-87.807328,41.879596]]},"properties":{"name":"Madison Street","highway":"secondary"}},{"type":"Feature","id":1707,"geometry":{"type":"LineString","coordinates":[[-87.805562,41.879634],[-87.805759,41.879631],[-87.80605,41.879628]]},"properties":{"name":"Madison Street","highway":"secondary"}},{"type":"Feature","id":1708,"geometry":{"type":"LineString","coordinates":[[-87.786918,41.879945],[-87.787717,41.879933]]},"properties":{"name":"Madison Street","highway":"secondary"}},{"type":"Feature","id":1709,"geometry":{"type":"LineString","coordinates":[[-87.787717,41.879933],[-87.788033,41.879928],[-87.788092,41.879927],[-87.788133,41.879926]]},"properties":{"name":"Madison Street","highway":"secondary"}},{"type":"Feature","id":1710,"geometry":{"type":"LineString","coordinates":[[-87.786913,41.879813],[-87.786284,41.879825],[-87.786166,41.879827],[-87.785904,41.879832],[-87.785689,41.879835]]},"properties":{"name":"Madison Street","highway":"secondary"}},{"type":"Feature","id":1711,"geometry":{"type":"LineString","coordinates":[[-87.776278,41.880003],[-87.776162,41.880005],[-87.775879,41.88001]]},"properties":{"name":"Madison Street","highway":"secondary"}},{"type":"Feature","id":1712,"geometry":{"type":"LineString","coordinates":[[-87.776282,41.88012],[-87.777107,41.880106]]},"properties":{"name":"Madison Street","highway":"secondary"}},{"type":"Feature","id":1713,"geometry":{"type":"LineString","coordinates":[[-87.777107,41.880106],[-87.777217,41.880105],[-87.777918,41.880093]]},"properties":{"name":"Madison Street","highway":"secondary"}},{"type":"Feature","id":1714,"geometry":{"type":"LineString","coordinates":[[-87.777918,41.880093],[-87.77833,41.880086]]},"properties":{"name":"Madison Street","highway":"secondary"}},{"type":"Feature","id":1715,"geometry":{"type":"LineString","coordinates":[[-87.775884,41.880127],[-87.776166,41.880122],[-87.776282,41.88012]]},"properties":{"name":"Madison Street","highway":"secondary"}},{"type":"Feature","id":1716,"geometry":{"type":"LineString","coordinates":[[-87.802304,41.879642],[-87.802408,41.879641],[-87.803076,41.87963],[-87.803877,41.879618]]},"properties":{"name":"Madison Street","highway":"secondary"}},{"type":"Feature","id":1717,"geometry":{"type":"LineString","coordinates":[[-87.799859,41.87968],[-87.799976,41.879678],[-87.800687,41.879667],[-87.801074,41.879661]]},"properties":{"name":"Madison Street","highway":"secondary"}},{"type":"Feature","id":1718,"geometry":{"type":"LineString","coordinates":[[-87.801074,41.879661],[-87.801486,41.879655],[-87.801699,41.879652],[-87.802199,41.879644],[-87.802304,41.879642]]},"properties":{"name":"Madison Street","highway":"secondary"}},{"type":"Feature","id":1719,"geometry":{"type":"LineString","coordinates":[[-87.779548,41.879949],[-87.779426,41.87995],[-87.778425,41.879968],[-87.778322,41.879969]]},"properties":{"name":"Madison Street","highway":"secondary"}},{"type":"Feature","id":1720,"geometry":{"type":"LineString","coordinates":[[-87.788126,41.879799],[-87.78809,41.8798],[-87.788028,41.879801],[-87.787918,41.879802],[-87.787712,41.879804]]},"properties":{"name":"Madison Street","highway":"secondary"}},{"type":"Feature","id":1721,"geometry":{"type":"LineString","coordinates":[[-87.787712,41.879804],[-87.786913,41.879813]]},"properties":{"name":"Madison Street","highway":"secondary"}},{"type":"Feature","id":1722,"geometry":{"type":"LineString","coordinates":[[-87.780273,41.865379],[-87.780953,41.86537],[-87.781508,41.865363]]},"properties":{"name":"West Roosevelt Road","highway":"secondary"}},{"type":"Feature","id":1723,"geometry":{"type":"LineString","coordinates":[[-87.781508,41.865363],[-87.782368,41.865351],[-87.782719,41.865347]]},"properties":{"name":"West Roosevelt Road","highway":"secondary"}},{"type":"Feature","id":1724,"geometry":{"type":"LineString","coordinates":[[-87.772908,41.865479],[-87.773012,41.865477],[-87.773679,41.865468],[-87.774014,41.865463],[-87.774132,41.865461]]},"properties":{"name":"West Roosevelt Road","highway":"secondary"}},{"type":"Feature","id":1725,"geometry":{"type":"LineString","coordinates":[[-87.771674,41.865496],[-87.771576,41.865498],[-87.77126,41.865502],[-87.771169,41.865504],[-87.771077,41.865505],[-87.770557,41.865512],[-87.770448,41.865514]]},"properties":{"name":"West Roosevelt Road","highway":"secondary"}},{"type":"Feature","id":1726,"geometry":{"type":"LineString","coordinates":[[-87.770448,41.865514],[-87.77034,41.865516],[-87.769339,41.86553],[-87.769202,41.865532],[-87.769105,41.865533],[-87.769036,41.865534],[-87.768618,41.86554],[-87.768459,41.865542],[-87.767988,41.865549],[-87.766877,41.865565],[-87.766751,41.865567],[-87.766667,41.865568],[-87.76633,41.865573],[-87.76625,41.865574],[-87.765933,41.865579],[-87.76564,41.865583],[-87.765522,41.865584],[-87.765482,41.865585]]},"properties":{"name":"West Roosevelt Road","highway":"secondary"}},{"type":"Feature","id":1727,"geometry":{"type":"LineString","coordinates":[[-87.774132,41.865461],[-87.774265,41.865459],[-87.774758,41.865453],[-87.774823,41.865452],[-87.775046,41.865449],[-87.775365,41.865445]]},"properties":{"name":"West Roosevelt Road","highway":"secondary"}},{"type":"Feature","id":1728,"geometry":{"type":"LineString","coordinates":[[-87.779046,41.865395],[-87.778935,41.865397],[-87.77881,41.865398],[-87.778608,41.865401],[-87.778267,41.865406],[-87.777823,41.865412]]},"properties":{"name":"West Roosevelt Road","highway":"secondary"}},{"type":"Feature","id":1729,"geometry":{"type":"LineString","coordinates":[[-87.779046,41.865395],[-87.779504,41.865389],[-87.780273,41.865379]]},"properties":{"name":"West Roosevelt Road","highway":"secondary"}},{"type":"Feature","id":1730,"geometry":{"type":"LineString","coordinates":[[-87.775365,41.865445],[-87.775982,41.865436],[-87.776168,41.865434],[-87.776386,41.865431],[-87.776589,41.865428]]},"properties":{"name":"West Roosevelt Road","highway":"secondary"}},{"type":"Feature","id":1731,"geometry":{"type":"LineString","coordinates":[[-87.776589,41.865428],[-87.777504,41.865416],[-87.777823,41.865412]]},"properties":{"name":"West Roosevelt Road","highway":"secondary"}},{"type":"Feature","id":1732,"geometry":{"type":"LineString","coordinates":[[-87.795065,41.865141],[-87.795718,41.86513],[-87.796372,41.86512]]},"properties":{"name":"West Roosevelt Road","highway":"secondary"}},{"type":"Feature","id":1733,"geometry":{"type":"LineString","coordinates":[[-87.796372,41.86512],[-87.797013,41.865109],[-87.797668,41.865099]]},"properties":{"name":"West Roosevelt Road","highway":"secondary"}},{"type":"Feature","id":1734,"geometry":{"type":"LineString","coordinates":[[-87.797668,41.865099],[-87.798131,41.865091],[-87.798733,41.865082],[-87.798961,41.865078]]},"properties":{"name":"West Roosevelt Road","highway":"secondary"}},{"type":"Feature","id":1735,"geometry":{"type":"LineString","coordinates":[[-87.798961,41.865078],[-87.799085,41.865076],[-87.799729,41.865066],[-87.799903,41.865063],[-87.800131,41.865059],[-87.800246,41.865057],[-87.80033,41.865056],[-87.800649,41.865051],[-87.800869,41.865048],[-87.80113,41.865043],[-87.801213,41.865042],[-87.801601,41.865036]]},"properties":{"name":"West Roosevelt Road","highway":"secondary"}},{"type":"Feature","id":1736,"geometry":{"type":"LineString","coordinates":[[-87.801601,41.865036],[-87.801781,41.865033]]},"properties":{"name":"West Roosevelt Road","highway":"secondary"}},{"type":"Feature","id":1737,"geometry":{"type":"LineString","coordinates":[[-87.801781,41.865033],[-87.802011,41.865029],[-87.802242,41.865025],[-87.802302,41.865024],[-87.802539,41.865021],[-87.80274,41.865018],[-87.802924,41.865015]]},"properties":{"name":"West Roosevelt Road","highway":"secondary"}},{"type":"Feature","id":1738,"geometry":{"type":"LineString","coordinates":[[-87.793762,41.865161],[-87.793859,41.86516],[-87.794359,41.865152],[-87.794688,41.865147],[-87.794811,41.865145],[-87.795065,41.865141]]},"properties":{"name":"West Roosevelt Road","highway":"secondary"}},{"type":"Feature","id":1739,"geometry":{"type":"LineString","coordinates":[[-87.782719,41.865347],[-87.783028,41.865342],[-87.78337,41.865338],[-87.783695,41.865333],[-87.783831,41.865332],[-87.783948,41.86533]]},"properties":{"name":"West Roosevelt Road","highway":"secondary"}},{"type":"Feature","id":1740,"geometry":{"type":"LineString","coordinates":[[-87.785179,41.865308],[-87.785734,41.865298],[-87.786402,41.865286]]},"properties":{"name":"West Roosevelt Road","highway":"secondary"}},{"type":"Feature","id":1741,"geometry":{"type":"LineString","coordinates":[[-87.783948,41.86533],[-87.784095,41.865328],[-87.784323,41.865324],[-87.784494,41.86532],[-87.784534,41.86532],[-87.784845,41.865314],[-87.785179,41.865308]]},"properties":{"name":"West Roosevelt Road","highway":"secondary"}},{"type":"Feature","id":1742,"geometry":{"type":"LineString","coordinates":[[-87.793762,41.865161],[-87.793636,41.865164],[-87.793229,41.86517],[-87.792926,41.865175],[-87.792529,41.865181]]},"properties":{"name":"West Roosevelt Road","highway":"secondary"}},{"type":"Feature","id":1743,"geometry":{"type":"LineString","coordinates":[[-87.788853,41.865243],[-87.788962,41.865241],[-87.789208,41.865237],[-87.789512,41.865232],[-87.790082,41.865222]]},"properties":{"name":"West Roosevelt Road","highway":"secondary"}},{"type":"Feature","id":1744,"geometry":{"type":"LineString","coordinates":[[-87.788853,41.865243],[-87.788753,41.865244],[-87.788628,41.865246],[-87.788269,41.865253],[-87.788075,41.865256],[-87.786513,41.865284],[-87.786402,41.865286]]},"properties":{"name":"West Roosevelt Road","highway":"secondary"}},{"type":"Feature","id":1745,"geometry":{"type":"LineString","coordinates":[[-87.790082,41.865222],[-87.790948,41.865208],[-87.791292,41.865202]]},"properties":{"name":"West Roosevelt Road","highway":"secondary"}},{"type":"Feature","id":1746,"geometry":{"type":"LineString","coordinates":[[-87.791292,41.865202],[-87.791521,41.865198],[-87.791943,41.865191],[-87.792054,41.865189],[-87.792529,41.865181]]},"properties":{"name":"West Roosevelt Road","highway":"secondary"}},{"type":"Feature","id":1747,"geometry":{"type":"LineString","coordinates":[[-87.80422,41.864994],[-87.804055,41.864996],[-87.803875,41.864999],[-87.803821,41.865],[-87.803671,41.865003],[-87.803617,41.865003],[-87.80356,41.865004],[-87.803384,41.865007],[-87.803346,41.865008]]},"properties":{"name":"West Roosevelt Road","highway":"secondary"}},{"type":"Feature","id":1748,"geometry":{"type":"LineString","coordinates":[[-87.802924,41.865015],[-87.803346,41.865008]]},"properties":{"name":"West Roosevelt Road","highway":"secondary"}},{"type":"Feature","id":1749,"geometry":{"type":"LineString","coordinates":[[-87.772908,41.865479],[-87.772814,41.86548]]},"properties":{"name":"West Roosevelt Road","highway":"secondary"}},{"type":"Feature","id":1750,"geometry":{"type":"LineString","coordinates":[[-87.772814,41.86548],[-87.772798,41.86548],[-87.772286,41.865488],[-87.772045,41.865491],[-87.771785,41.865495],[-87.771674,41.865496]]},"properties":{"name":"West Roosevelt Road","highway":"secondary"}},{"type":"Feature","id":1751,"geometry":{"type":"LineString","coordinates":[[-87.804847,41.883221],[-87.804966,41.88322],[-87.805163,41.883217],[-87.805359,41.883214],[-87.805504,41.883212],[-87.806058,41.883203],[-87.806163,41.883202]]},"properties":{"name":"Randolph Street","highway":"tertiary"}},{"type":"Feature","id":1752,"geometry":{"type":"LineString","coordinates":[[-87.806163,41.883202],[-87.806276,41.8832],[-87.806816,41.883192],[-87.80737,41.883184],[-87.807482,41.883182]]},"properties":{"name":"Randolph Street","highway":"tertiary"}},{"type":"Feature","id":1753,"geometry":{"type":"LineString","coordinates":[[-87.807482,41.883182],[-87.807588,41.883181],[-87.808138,41.883172],[-87.808197,41.883172],[-87.808584,41.883166],[-87.808707,41.883164],[-87.808789,41.883163]]},"properties":{"name":"Randolph Street","highway":"tertiary"}},{"type":"Feature","id":1754,"geometry":{"type":"LineString","coordinates":[[-87.808789,41.883163],[-87.808907,41.883161],[-87.808981,41.88316],[-87.809538,41.883151],[-87.809653,41.883151]]},"properties":{"name":"Randolph Street","highway":"tertiary"}},{"type":"Feature","id":1755,"geometry":{"type":"LineString","coordinates":[[-87.786175,41.883398],[-87.786053,41.883401],[-87.785374,41.883413],[-87.784693,41.883425],[-87.78468,41.883425],[-87.784555,41.883445]]},"properties":{"name":"Randolph Street","highway":"residential"}},{"type":"Feature","id":1756,"geometry":{"type":"LineString","coordinates":[[-87.786175,41.883398],[-87.78632,41.883396],[-87.787019,41.883384],[-87.787684,41.883372],[-87.787813,41.88337]]},"properties":{"name":"Randolph Street","highway":"residential"}},{"type":"Feature","id":1757,"geometry":{"type":"LineString","coordinates":[[-87.787813,41.88337],[-87.78795,41.883368],[-87.788634,41.883356],[-87.789324,41.883344],[-87.78945,41.883342]]},"properties":{"name":"Randolph Street","highway":"residential"}},{"type":"Feature","id":1758,"geometry":{"type":"LineString","coordinates":[[-87.78945,41.883342],[-87.789589,41.883339],[-87.790274,41.883327],[-87.79095,41.883315],[-87.791085,41.883312]]},"properties":{"name":"Randolph Street","highway":"residential"}},{"type":"Feature","id":1759,"geometry":{"type":"LineString","coordinates":[[-87.791085,41.883312],[-87.791223,41.88331],[-87.791884,41.883299],[-87.792581,41.883287],[-87.792708,41.8833]]},"properties":{"name":"Randolph Street","highway":"residential"}},{"type":"Feature","id":1760,"geometry":{"type":"LineString","coordinates":[[-87.794613,41.883438],[-87.795031,41.883429],[-87.79559,41.883417],[-87.795687,41.883415]]},"properties":{"name":"Randolph Street","highway":"residential"}},{"type":"Feature","id":1761,"geometry":{"type":"LineString","coordinates":[[-87.795687,41.883415],[-87.795809,41.883413],[-87.796364,41.883401],[-87.796925,41.883389],[-87.79703,41.883387]]},"properties":{"name":"Randolph Street","highway":"residential"}},{"type":"Feature","id":1762,"geometry":{"type":"LineString","coordinates":[[-87.79703,41.883387],[-87.797143,41.883384],[-87.797785,41.883371],[-87.798411,41.883358],[-87.798517,41.883355]]},"properties":{"name":"Randolph Street","highway":"residential"}},{"type":"Feature","id":1763,"geometry":{"type":"LineString","coordinates":[[-87.798517,41.883355],[-87.798626,41.883353],[-87.79926,41.88334],[-87.799898,41.883326],[-87.800009,41.883324]]},"properties":{"name":"Randolph Street","highway":"residential"}},{"type":"Feature","id":1764,"geometry":{"type":"LineString","coordinates":[[-87.800009,41.883324],[-87.800111,41.883322],[-87.800799,41.883307],[-87.801613,41.88329],[-87.801674,41.883288],[-87.802324,41.883275],[-87.802439,41.883272]]},"properties":{"name":"Randolph Street","highway":"residential"}},{"type":"Feature","id":1765,"geometry":{"type":"LineString","coordinates":[[-87.802439,41.883272],[-87.802538,41.88327],[-87.803202,41.883256],[-87.803881,41.883242],[-87.803898,41.883241],[-87.803989,41.88324]]},"properties":{"name":"Randolph Street","highway":"residential"}},{"type":"Feature","id":1766,"geometry":{"type":"LineString","coordinates":[[-87.803989,41.88324],[-87.804101,41.883237],[-87.80475,41.883223],[-87.804847,41.883221]]},"properties":{"name":"Randolph Street","highway":"residential"}},{"type":"Feature","id":1767,"geometry":{"type":"LineString","coordinates":[[-87.781294,41.883955],[-87.78129,41.883955],[-87.781172,41.883957],[-87.78048,41.883965],[-87.779811,41.883973],[-87.779683,41.883974]]},"properties":{"name":"Randolph Street","highway":"residential"}},{"type":"Feature","id":1768,"geometry":{"type":"LineString","coordinates":[[-87.779683,41.883974],[-87.779546,41.883976],[-87.778866,41.883984],[-87.778182,41.883992],[-87.778044,41.883993]]},"properties":{"name":"Randolph Street","highway":"residential"}},{"type":"Feature","id":1769,"geometry":{"type":"LineString","coordinates":[[-87.778044,41.883993],[-87.777917,41.883995],[-87.777245,41.884003],[-87.776556,41.884011],[-87.776414,41.884012]]},"properties":{"name":"Randolph Street","highway":"residential"}},{"type":"Feature","id":1770,"geometry":{"type":"LineString","coordinates":[[-87.776414,41.884012],[-87.776289,41.884014],[-87.775605,41.884022],[-87.775005,41.884029]]},"properties":{"name":"Randolph Street","highway":"residential"}},{"type":"Feature","id":1771,"geometry":{"type":"LineString","coordinates":[[-87.794061,41.883301],[-87.793648,41.883304],[-87.793536,41.883306],[-87.792847,41.883319],[-87.792827,41.883319],[-87.792708,41.8833]]},"properties":{"name":"Randolph Street","highway":"residential"}},{"type":"Feature","id":1772,"geometry":{"type":"LineString","coordinates":[[-87.781294,41.883955],[-87.781428,41.88395],[-87.781437,41.883949],[-87.781472,41.883948],[-87.781569,41.883938],[-87.78166,41.883917],[-87.782115,41.883773],[-87.782797,41.883558],[-87.782911,41.883521]]},"properties":{"name":"Randolph Street","highway":"residential"}},{"type":"Feature","id":1773,"geometry":{"type":"LineString","coordinates":[[-87.782911,41.883521],[-87.782998,41.883495],[-87.783064,41.883485],[-87.783072,41.883483],[-87.783747,41.883474],[-87.78443,41.883465],[-87.784555,41.883445]]},"properties":{"name":"Randolph Street","highway":"residential"}},{"type":"Feature","id":1774,"geometry":{"type":"LineString","coordinates":[[-87.809653,41.883151],[-87.809777,41.883148],[-87.810479,41.883138],[-87.810521,41.883137],[-87.810602,41.883136],[-87.810794,41.883133],[-87.810927,41.883131],[-87.811397,41.883124],[-87.811822,41.883118],[-87.811905,41.883116]]},"properties":{"name":"Randolph Street","highway":"tertiary"}},{"type":"Feature","id":1775,"geometry":{"type":"LineString","coordinates":[[-87.794613,41.883438],[-87.794523,41.883398],[-87.794472,41.883375],[-87.794357,41.883313]]},"properties":{"name":"Randolph Street","highway":"residential"}},{"type":"Feature","id":1776,"geometry":{"type":"LineString","coordinates":[[-87.794363,41.883511],[-87.794458,41.883473],[-87.794476,41.88347],[-87.794537,41.883458],[-87.794613,41.883438]]},"properties":{"name":"Randolph Street","highway":"residential"}},{"type":"Feature","id":1777,"geometry":{"type":"LineString","coordinates":[[-87.794061,41.883301],[-87.794212,41.883317],[-87.79425,41.883327],[-87.794285,41.883336],[-87.794359,41.883377]]},"properties":{"name":"Randolph Street","highway":"residential"}},{"type":"Feature","id":1778,"geometry":{"type":"LineString","coordinates":[[-87.794355,41.883253],[-87.794292,41.88327],[-87.794249,41.883275],[-87.794203,41.883282],[-87.794158,41.883288],[-87.794061,41.883301]]},"properties":{"name":"Randolph Street","highway":"residential"}},{"type":"Feature","id":1779,"geometry":{"type":"LineString","coordinates":[[-87.765658,41.902145],[-87.765764,41.902143],[-87.766261,41.902135],[-87.766763,41.902128],[-87.76686,41.902126],[-87.766981,41.902124],[-87.767474,41.902117],[-87.767604,41.902115],[-87.767909,41.90211],[-87.767978,41.902109],[-87.768081,41.902107],[-87.768193,41.902106],[-87.768683,41.902098],[-87.769188,41.90209],[-87.769289,41.902089],[-87.769407,41.902087],[-87.769905,41.902079],[-87.77041,41.902071],[-87.770507,41.90207]]},"properties":{"name":"West Division Street","highway":"secondary"}},{"type":"Feature","id":1780,"geometry":{"type":"LineString","coordinates":[[-87.775362,41.901994],[-87.775259,41.901996],[-87.775084,41.901999],[-87.774754,41.902004],[-87.774259,41.902012],[-87.774154,41.902014]]},"properties":{"name":"West Division Street","highway":"secondary"}},{"type":"Feature","id":1781,"geometry":{"type":"LineString","coordinates":[[-87.770507,41.90207],[-87.770622,41.902068],[-87.771115,41.902061],[-87.771623,41.902053],[-87.771722,41.902051]]},"properties":{"name":"West Division Street","highway":"secondary"}},{"type":"Feature","id":1782,"geometry":{"type":"LineString","coordinates":[[-87.771722,41.902051],[-87.771834,41.902049],[-87.771938,41.902048],[-87.772331,41.902042],[-87.772406,41.902041],[-87.772833,41.902034],[-87.772937,41.902032]]},"properties":{"name":"West Division Street","highway":"secondary"}},{"type":"Feature","id":1783,"geometry":{"type":"LineString","coordinates":[[-87.772937,41.902032],[-87.773047,41.902031],[-87.773543,41.902023],[-87.774045,41.902015],[-87.774154,41.902014]]},"properties":{"name":"West Division Street","highway":"secondary"}},{"type":"Feature","id":1784,"geometry":{"type":"LineString","coordinates":[[-87.803976,41.858242],[-87.803984,41.858443],[-87.803989,41.858582],[-87.803992,41.858666],[-87.803998,41.858853],[-87.804011,41.859198],[-87.804023,41.859535],[-87.804086,41.861286],[-87.804089,41.861351],[-87.804092,41.861449],[-87.804094,41.861511],[-87.804103,41.861748],[-87.804127,41.862426],[-87.804154,41.863177]]},"properties":{"name":"Harlem Avenue","highway":"primary"}},{"type":"Feature","id":1785,"geometry":{"type":"LineString","coordinates":[[-87.785107,41.912784],[-87.785104,41.912712],[-87.785088,41.912174],[-87.785052,41.911048],[-87.78505,41.910965]]},"properties":{"name":"North Narragansett Avenue","highway":"tertiary"}},{"type":"Feature","id":1786,"geometry":{"type":"LineString","coordinates":[[-87.78505,41.910965],[-87.785047,41.910888],[-87.785032,41.910393],[-87.78503,41.910339],[-87.785013,41.909799],[-87.78501,41.909731],[-87.785007,41.909614],[-87.785003,41.909416],[-87.785002,41.90938],[-87.784999,41.909271],[-87.784996,41.909151]]},"properties":{"name":"North Narragansett Avenue","highway":"tertiary"}},{"type":"Feature","id":1787,"geometry":{"type":"LineString","coordinates":[[-87.765315,41.892933],[-87.765431,41.892932],[-87.765933,41.892925],[-87.7665,41.892917],[-87.766593,41.892916],[-87.766702,41.892915],[-87.767777,41.8929],[-87.767868,41.892899],[-87.767984,41.892897],[-87.769974,41.892871],[-87.770071,41.89287]]},"properties":{"name":"West Huron Street","highway":"residential"}},{"type":"Feature","id":1788,"geometry":{"type":"LineString","coordinates":[[-87.770071,41.89287],[-87.770177,41.892868],[-87.772127,41.892842],[-87.772225,41.892841]]},"properties":{"name":"West Huron Street","highway":"residential"}},{"type":"Feature","id":1789,"geometry":{"type":"LineString","coordinates":[[-87.772225,41.892841],[-87.772335,41.892839],[-87.774967,41.892804],[-87.775067,41.892803]]},"properties":{"name":"West Huron Street","highway":"residential"}},{"type":"Feature","id":1790,"geometry":{"type":"LineString","coordinates":[[-87.790026,41.910902],[-87.790087,41.910901],[-87.790575,41.910897],[-87.79107,41.910891],[-87.791175,41.91089]]},"properties":{"name":"West Wabansia Avenue","highway":"residential"}},{"type":"Feature","id":1791,"geometry":{"type":"LineString","coordinates":[[-87.791175,41.91089],[-87.791286,41.910888],[-87.791782,41.910882],[-87.792294,41.910876],[-87.792399,41.910875]]},"properties":{"name":"West Wabansia Avenue","highway":"residential"}},{"type":"Feature","id":1792,"geometry":{"type":"LineString","coordinates":[[-87.792399,41.910875],[-87.792512,41.910874],[-87.793008,41.910867],[-87.793516,41.910861],[-87.793614,41.91086]]},"properties":{"name":"West Wabansia Avenue","highway":"residential"}},{"type":"Feature","id":1793,"geometry":{"type":"LineString","coordinates":[[-87.793614,41.91086],[-87.79373,41.910859],[-87.794221,41.910853],[-87.794726,41.910847],[-87.794853,41.910846]]},"properties":{"name":"West Wabansia Avenue","highway":"residential"}},{"type":"Feature","id":1794,"geometry":{"type":"LineString","coordinates":[[-87.804002,41.910733],[-87.804137,41.910731],[-87.804918,41.91072],[-87.804955,41.91072],[-87.805699,41.910714],[-87.805827,41.910713]]},"properties":{"name":"West Wabansia Avenue","highway":"residential"}},{"type":"Feature","id":1795,"geometry":{"type":"LineString","coordinates":[[-87.807058,41.91059],[-87.807085,41.910612],[-87.807154,41.910669],[-87.807167,41.910671],[-87.807246,41.910688],[-87.808172,41.910673],[-87.808272,41.910671]]},"properties":{"name":"West Wabansia Avenue","highway":"residential"}},{"type":"Feature","id":1796,"geometry":{"type":"LineString","coordinates":[[-87.805827,41.910713],[-87.805953,41.910712],[-87.806095,41.91071],[-87.806471,41.91071],[-87.806818,41.910707],[-87.806887,41.910706],[-87.806951,41.910682],[-87.806987,41.910668],[-87.807038,41.910613],[-87.807058,41.91059]]},"properties":{"name":"West Wabansia Avenue","highway":"residential"}},{"type":"Feature","id":1797,"geometry":{"type":"LineString","coordinates":[[-87.794853,41.910846],[-87.794981,41.910844],[-87.79543,41.910838],[-87.795938,41.910832],[-87.796036,41.910831]]},"properties":{"name":"West Wabansia Avenue","highway":"residential"}},{"type":"Feature","id":1798,"geometry":{"type":"LineString","coordinates":[[-87.796036,41.910831],[-87.79615,41.910829],[-87.796651,41.910823],[-87.79716,41.910817],[-87.79726,41.910815]]},"properties":{"name":"West Wabansia Avenue","highway":"residential"}},{"type":"Feature","id":1799,"geometry":{"type":"LineString","coordinates":[[-87.79726,41.910815],[-87.797374,41.910814],[-87.797874,41.910808],[-87.79839,41.910802],[-87.798498,41.9108]]},"properties":{"name":"West Wabansia Avenue","highway":"residential"}},{"type":"Feature","id":1800,"geometry":{"type":"LineString","coordinates":[[-87.798498,41.9108],[-87.798641,41.910799],[-87.7995,41.910788],[-87.800208,41.910779],[-87.800273,41.910779]]},"properties":{"name":"West Wabansia Avenue","highway":"residential"}},{"type":"Feature","id":1801,"geometry":{"type":"LineString","coordinates":[[-87.818046,41.910509],[-87.81794,41.91051],[-87.81744,41.910519],[-87.816936,41.910527],[-87.816816,41.910529],[-87.816718,41.910531],[-87.816226,41.910539],[-87.815716,41.910547],[-87.815601,41.910549],[-87.815498,41.910551],[-87.814989,41.910559],[-87.814493,41.910565],[-87.814385,41.910566],[-87.814278,41.910568],[-87.813771,41.91058],[-87.813267,41.910588],[-87.813158,41.91059],[-87.813052,41.910592],[-87.812549,41.9106],[-87.812049,41.910608],[-87.811937,41.91061],[-87.811831,41.910612],[-87.811336,41.91062],[-87.810827,41.910629],[-87.810725,41.910631],[-87.81061,41.910632],[-87.810086,41.91064],[-87.809604,41.910649],[-87.809503,41.910651]]},"properties":{"name":"West Wabansia Avenue","highway":"residential"}},{"type":"Feature","id":1802,"geometry":{"type":"LineString","coordinates":[[-87.809503,41.910651],[-87.80939,41.910653],[-87.808901,41.910661],[-87.808388,41.910669],[-87.808272,41.910671]]},"properties":{"name":"West Wabansia Avenue","highway":"residential"}},{"type":"Feature","id":1803,"geometry":{"type":"LineString","coordinates":[[-87.765567,41.911203],[-87.765738,41.9112],[-87.766213,41.911195],[-87.766703,41.911189],[-87.766795,41.911187],[-87.766914,41.911186],[-87.767397,41.91118],[-87.767882,41.911174],[-87.767985,41.911173],[-87.768095,41.911172],[-87.768574,41.911166],[-87.769064,41.911159],[-87.769161,41.911159],[-87.769272,41.911157],[-87.769752,41.911151],[-87.770238,41.911146],[-87.770341,41.911144]]},"properties":{"name":"West Wabansia Avenue","highway":"residential"}},{"type":"Feature","id":1804,"geometry":{"type":"LineString","coordinates":[[-87.770341,41.911144],[-87.770451,41.911143],[-87.770935,41.911137],[-87.771416,41.911131],[-87.771524,41.91113]]},"properties":{"name":"West Wabansia Avenue","highway":"residential"}},{"type":"Feature","id":1805,"geometry":{"type":"LineString","coordinates":[[-87.771524,41.91113],[-87.77163,41.911128],[-87.772151,41.911122],[-87.772676,41.911116],[-87.772771,41.911114]]},"properties":{"name":"West Wabansia Avenue","highway":"residential"}},{"type":"Feature","id":1806,"geometry":{"type":"LineString","coordinates":[[-87.772771,41.911114],[-87.772885,41.911113],[-87.773398,41.911107],[-87.773928,41.9111],[-87.774021,41.911099]]},"properties":{"name":"West Wabansia Avenue","highway":"residential"}},{"type":"Feature","id":1807,"geometry":{"type":"LineString","coordinates":[[-87.774021,41.911099],[-87.77414,41.911098],[-87.774652,41.911092],[-87.774913,41.911088],[-87.775178,41.911085],[-87.775275,41.911084]]},"properties":{"name":"West Wabansia Avenue","highway":"residential"}},{"type":"Feature","id":1808,"geometry":{"type":"LineString","coordinates":[[-87.775275,41.911084],[-87.77539,41.911083],[-87.77589,41.911076],[-87.776394,41.91107],[-87.776488,41.911069]]},"properties":{"name":"West Wabansia Avenue","highway":"residential"}},{"type":"Feature","id":1809,"geometry":{"type":"LineString","coordinates":[[-87.776488,41.911069],[-87.776607,41.911068],[-87.777107,41.911062],[-87.777611,41.911056],[-87.777706,41.911054]]},"properties":{"name":"West Wabansia Avenue","highway":"residential"}},{"type":"Feature","id":1810,"geometry":{"type":"LineString","coordinates":[[-87.777706,41.911054],[-87.777825,41.911053],[-87.778319,41.911047],[-87.778823,41.911041],[-87.778927,41.911039]]},"properties":{"name":"West Wabansia Avenue","highway":"residential"}},{"type":"Feature","id":1811,"geometry":{"type":"LineString","coordinates":[[-87.778927,41.911039],[-87.779039,41.911038],[-87.779535,41.911032],[-87.780039,41.911026],[-87.780168,41.911024]]},"properties":{"name":"West Wabansia Avenue","highway":"residential"}},{"type":"Feature","id":1812,"geometry":{"type":"LineString","coordinates":[[-87.780168,41.911024],[-87.780303,41.911023],[-87.7809,41.911015],[-87.780986,41.911014],[-87.781676,41.911009],[-87.781778,41.911009]]},"properties":{"name":"West Wabansia Avenue","highway":"residential"}},{"type":"Feature","id":1813,"geometry":{"type":"LineString","coordinates":[[-87.781778,41.911009],[-87.781887,41.911007],[-87.782588,41.910995],[-87.783302,41.910986],[-87.783405,41.910985]]},"properties":{"name":"West Wabansia Avenue","highway":"residential"}},{"type":"Feature","id":1814,"geometry":{"type":"LineString","coordinates":[[-87.783405,41.910985],[-87.783528,41.910983],[-87.784226,41.910975],[-87.78493,41.910966],[-87.78505,41.910965]]},"properties":{"name":"West Wabansia Avenue","highway":"residential"}},{"type":"Feature","id":1815,"geometry":{"type":"LineString","coordinates":[[-87.800413,41.910777],[-87.800474,41.910776],[-87.801251,41.910767],[-87.802039,41.910757],[-87.802167,41.910756]]},"properties":{"name":"West Wabansia Avenue","highway":"residential"}},{"type":"Feature","id":1816,"geometry":{"type":"LineString","coordinates":[[-87.802167,41.910756],[-87.802306,41.910754],[-87.803176,41.910743],[-87.803871,41.910735],[-87.804002,41.910733]]},"properties":{"name":"West Wabansia Avenue","highway":"residential"}},{"type":"Feature","id":1817,"geometry":{"type":"LineString","coordinates":[[-87.788394,41.910922],[-87.788456,41.910921],[-87.789135,41.910913],[-87.789822,41.910905],[-87.789885,41.910904]]},"properties":{"name":"West Wabansia Avenue","highway":"residential"}},{"type":"Feature","id":1818,"geometry":{"type":"LineString","coordinates":[[-87.78505,41.910965],[-87.785193,41.910963],[-87.785873,41.910955],[-87.786562,41.910946],[-87.786685,41.910945]]},"properties":{"name":"West Wabansia Avenue","highway":"residential"}},{"type":"Feature","id":1819,"geometry":{"type":"LineString","coordinates":[[-87.786685,41.910945],[-87.786822,41.910943],[-87.787501,41.910935],[-87.788192,41.910925],[-87.788254,41.910923]]},"properties":{"name":"West Wabansia Avenue","highway":"residential"}},{"type":"Feature","id":1820,"geometry":{"type":"LineString","coordinates":[[-87.807196,41.889642],[-87.807313,41.88964],[-87.808533,41.889615]]},"properties":{"name":"Holly Court","highway":"residential"}},{"type":"Feature","id":1821,"geometry":{"type":"LineString","coordinates":[[-87.808533,41.889615],[-87.80975,41.889589],[-87.809873,41.889587]]},"properties":{"name":"Holly Court","highway":"residential"}},{"type":"Feature","id":1822,"geometry":{"type":"LineString","coordinates":[[-87.772963,41.867311],[-87.772863,41.867312],[-87.772354,41.86732],[-87.771852,41.867328],[-87.771733,41.867329]]},"properties":{"name":"West Fillmore Street","highway":"residential"}},{"type":"Feature","id":1823,"geometry":{"type":"LineString","coordinates":[[-87.771733,41.867329],[-87.771636,41.867331],[-87.771121,41.867339],[-87.77062,41.867346],[-87.770506,41.867348]]},"properties":{"name":"West Fillmore Street","highway":"residential"}},{"type":"Feature","id":1824,"geometry":{"type":"LineString","coordinates":[[-87.770506,41.867348],[-87.770407,41.86735],[-87.769919,41.867357],[-87.769892,41.867357],[-87.76942,41.867365],[-87.769279,41.867367]]},"properties":{"name":"West Fillmore Street","highway":"residential"}},{"type":"Feature","id":1825,"geometry":{"type":"LineString","coordinates":[[-87.774195,41.867289],[-87.774092,41.867291],[-87.773573,41.8673],[-87.773078,41.867309],[-87.772963,41.867311]]},"properties":{"name":"West Fillmore Street","highway":"residential"}},{"type":"Feature","id":1826,"geometry":{"type":"LineString","coordinates":[[-87.768037,41.877713],[-87.768107,41.877711],[-87.768836,41.8777],[-87.769541,41.877689],[-87.769662,41.877688],[-87.76981,41.877685],[-87.770493,41.877675],[-87.771255,41.877663],[-87.771297,41.877663]]},"properties":{"name":"West Adams Boulevard","highway":"residential"}},{"type":"Feature","id":1827,"geometry":{"type":"LineString","coordinates":[[-87.771297,41.877663],[-87.771361,41.877662],[-87.77212,41.87765],[-87.772879,41.877639],[-87.77293,41.877638]]},"properties":{"name":"West Adams Boulevard","highway":"residential"}},{"type":"Feature","id":1828,"geometry":{"type":"LineString","coordinates":[[-87.77293,41.877638],[-87.772994,41.877638],[-87.773734,41.877625],[-87.774454,41.877612],[-87.774562,41.877611]]},"properties":{"name":"West Adams Boulevard","highway":"residential"}},{"type":"Feature","id":1829,"geometry":{"type":"LineString","coordinates":[[-87.774782,41.883994],[-87.774656,41.883996],[-87.774053,41.884003],[-87.773465,41.884009],[-87.77335,41.88401]]},"properties":{"name":"West West End Avenue","highway":"residential"}},{"type":"Feature","id":1830,"geometry":{"type":"LineString","coordinates":[[-87.77335,41.88401],[-87.77325,41.884012],[-87.772649,41.884019],[-87.772056,41.884027],[-87.771917,41.884028]]},"properties":{"name":"West West End Avenue","highway":"residential"}},{"type":"Feature","id":1831,"geometry":{"type":"LineString","coordinates":[[-87.771917,41.884028],[-87.771792,41.88403],[-87.770909,41.88404],[-87.770031,41.884056],[-87.769972,41.884061],[-87.769921,41.884085],[-87.769881,41.884144]]},"properties":{"name":"West West End Avenue","highway":"residential"}},{"type":"Feature","id":1832,"geometry":{"type":"LineString","coordinates":[[-87.769881,41.884144],[-87.769931,41.884171],[-87.769972,41.884186],[-87.770036,41.884195],[-87.770903,41.884183],[-87.771797,41.884171],[-87.771922,41.884169]]},"properties":{"name":"West West End Avenue","highway":"residential"}},{"type":"Feature","id":1833,"geometry":{"type":"LineString","coordinates":[[-87.771922,41.884169],[-87.77206,41.884167],[-87.772646,41.884159],[-87.773255,41.884151],[-87.773355,41.88415]]},"properties":{"name":"West West End Avenue","highway":"residential"}},{"type":"Feature","id":1834,"geometry":{"type":"LineString","coordinates":[[-87.773355,41.88415],[-87.773469,41.884149],[-87.774056,41.884141],[-87.77466,41.884134],[-87.774787,41.884132]]},"properties":{"name":"West West End Avenue","highway":"residential"}},{"type":"Feature","id":1835,"geometry":{"type":"LineString","coordinates":[[-87.765587,41.900317],[-87.7657,41.900315],[-87.766188,41.900309],[-87.766697,41.900301],[-87.766796,41.9003],[-87.766913,41.900298],[-87.767404,41.900291],[-87.767913,41.900283],[-87.768017,41.900282],[-87.768125,41.90028],[-87.768627,41.900273],[-87.769129,41.900266],[-87.769232,41.900264],[-87.769345,41.900263],[-87.769835,41.900256],[-87.770345,41.900248],[-87.770441,41.900247]]},"properties":{"name":"West Thomas Street","highway":"residential"}},{"type":"Feature","id":1836,"geometry":{"type":"LineString","coordinates":[[-87.770441,41.900247],[-87.77056,41.900245],[-87.771055,41.900238],[-87.771562,41.90023],[-87.771668,41.900234]]},"properties":{"name":"West Thomas Street","highway":"residential"}},{"type":"Feature","id":1837,"geometry":{"type":"LineString","coordinates":[[-87.771668,41.900234],[-87.771774,41.900227],[-87.772265,41.90022],[-87.772777,41.900213],[-87.772874,41.900211]]},"properties":{"name":"West Thomas Street","highway":"residential"}},{"type":"Feature","id":1838,"geometry":{"type":"LineString","coordinates":[[-87.772874,41.900211],[-87.77299,41.90021],[-87.773485,41.900203],[-87.77399,41.900195],[-87.774098,41.900194]]},"properties":{"name":"West Thomas Street","highway":"residential"}},{"type":"Feature","id":1839,"geometry":{"type":"LineString","coordinates":[[-87.774098,41.900194],[-87.774206,41.900192],[-87.774704,41.900185],[-87.775205,41.900178],[-87.775304,41.900176]]},"properties":{"name":"West Thomas Street","highway":"residential"}},{"type":"Feature","id":1840,"geometry":{"type":"LineString","coordinates":[[-87.771388,41.880198],[-87.771788,41.880191]]},"properties":{"name":"West Madison Street","highway":"secondary"}},{"type":"Feature","id":1841,"geometry":{"type":"LineString","coordinates":[[-87.771788,41.880191],[-87.771922,41.880189],[-87.772579,41.880178],[-87.772602,41.880177],[-87.773024,41.88017]]},"properties":{"name":"West Madison Street","highway":"secondary"}},{"type":"Feature","id":1842,"geometry":{"type":"LineString","coordinates":[[-87.773024,41.88017],[-87.773138,41.880169],[-87.773223,41.880167]]},"properties":{"name":"West Madison Street","highway":"secondary"}},{"type":"Feature","id":1843,"geometry":{"type":"LineString","coordinates":[[-87.773223,41.880167],[-87.773968,41.880155],[-87.774236,41.88015],[-87.774463,41.880146],[-87.774534,41.880145],[-87.774659,41.880143]]},"properties":{"name":"West Madison Street","highway":"secondary"}},{"type":"Feature","id":1844,"geometry":{"type":"LineString","coordinates":[[-87.773021,41.880063],[-87.773135,41.880061],[-87.773964,41.880046],[-87.774532,41.880036],[-87.774655,41.880034]]},"properties":{"name":"West Madison Street","highway":"secondary"}},{"type":"Feature","id":1845,"geometry":{"type":"LineString","coordinates":[[-87.773021,41.880063],[-87.772396,41.880074],[-87.771921,41.880082],[-87.771784,41.880084]]},"properties":{"name":"West Madison Street","highway":"secondary"}},{"type":"Feature","id":1846,"geometry":{"type":"LineString","coordinates":[[-87.771784,41.880084],[-87.771536,41.880088],[-87.771385,41.88009]]},"properties":{"name":"West Madison Street","highway":"secondary"}},{"type":"Feature","id":1847,"geometry":{"type":"LineString","coordinates":[[-87.771385,41.88009],[-87.771292,41.880092],[-87.770181,41.88011],[-87.770143,41.88011],[-87.769951,41.880114],[-87.7699,41.880114],[-87.769755,41.880117]]},"properties":{"name":"West Madison Street","highway":"secondary"}},{"type":"Feature","id":1848,"geometry":{"type":"LineString","coordinates":[[-87.76976,41.880225],[-87.769902,41.880222],[-87.771053,41.880203],[-87.771235,41.8802],[-87.771294,41.880199],[-87.771388,41.880198]]},"properties":{"name":"West Madison Street","highway":"secondary"}},{"type":"Feature","id":1849,"geometry":{"type":"LineString","coordinates":[[-87.784996,41.909151],[-87.784838,41.909152],[-87.784645,41.909154],[-87.784544,41.909155],[-87.784408,41.909156],[-87.784389,41.909156],[-87.78433,41.909156],[-87.784288,41.909157],[-87.784119,41.909159],[-87.783879,41.90916],[-87.783482,41.909163],[-87.783344,41.909167]]},"properties":{"name":"West North Avenue","highway":"primary"}},{"type":"Feature","id":1850,"geometry":{"type":"LineString","coordinates":[[-87.80394,41.908962],[-87.803807,41.908964],[-87.80357,41.908967],[-87.803294,41.908971],[-87.802883,41.908977],[-87.802678,41.90898]]},"properties":{"name":"West North Avenue","highway":"primary"}},{"type":"Feature","id":1851,"geometry":{"type":"LineString","coordinates":[[-87.795976,41.909008],[-87.795664,41.909012],[-87.795463,41.909014],[-87.795194,41.909017],[-87.79505,41.909018]]},"properties":{"name":"West North Avenue","highway":"primary"}},{"type":"Feature","id":1852,"geometry":{"type":"LineString","coordinates":[[-87.793837,41.909036],[-87.794083,41.909033],[-87.794281,41.90903],[-87.794455,41.909028],[-87.794674,41.909025],[-87.794785,41.909023]]},"properties":{"name":"West North Avenue","highway":"primary"}},{"type":"Feature","id":1853,"geometry":{"type":"LineString","coordinates":[[-87.793837,41.909036],[-87.793612,41.909039],[-87.793555,41.90904]]},"properties":{"name":"West North Avenue","highway":"primary"}},{"type":"Feature","id":1854,"geometry":{"type":"LineString","coordinates":[[-87.793555,41.90904],[-87.793062,41.909047],[-87.792631,41.909052]]},"properties":{"name":"West North Avenue","highway":"primary"}},{"type":"Feature","id":1855,"geometry":{"type":"LineString","coordinates":[[-87.792631,41.909052],[-87.792335,41.909056]]},"properties":{"name":"West North Avenue","highway":"primary"}},{"type":"Feature","id":1856,"geometry":{"type":"LineString","coordinates":[[-87.792335,41.909056],[-87.792221,41.909058],[-87.792063,41.90906],[-87.791533,41.909067],[-87.79142,41.909068]]},"properties":{"name":"West North Avenue","highway":"primary"}},{"type":"Feature","id":1857,"geometry":{"type":"LineString","coordinates":[[-87.766504,41.909373],[-87.766638,41.909371],[-87.766743,41.90937],[-87.767114,41.909365],[-87.767231,41.909364],[-87.767819,41.909356],[-87.767914,41.909355],[-87.768338,41.90935],[-87.768447,41.909348],[-87.76854,41.909347],[-87.768861,41.909343],[-87.769021,41.909341],[-87.769092,41.90934],[-87.769213,41.909339],[-87.769535,41.909335],[-87.770065,41.909328],[-87.770181,41.909326],[-87.770285,41.909325]]},"properties":{"name":"West North Avenue","highway":"primary"}},{"type":"Feature","id":1858,"geometry":{"type":"LineString","coordinates":[[-87.776425,41.909248],[-87.775993,41.909253],[-87.775847,41.909255],[-87.775676,41.909259],[-87.775538,41.909259]]},"properties":{"name":"West North Avenue","highway":"primary"}},{"type":"Feature","id":1859,"geometry":{"type":"LineString","coordinates":[[-87.776425,41.909248],[-87.776576,41.909246],[-87.776907,41.909242]]},"properties":{"name":"West North Avenue","highway":"primary"}},{"type":"Feature","id":1860,"geometry":{"type":"LineString","coordinates":[[-87.776907,41.909242],[-87.776986,41.909242],[-87.777639,41.909234]]},"properties":{"name":"West North Avenue","highway":"primary"}},{"type":"Feature","id":1861,"geometry":{"type":"LineString","coordinates":[[-87.777639,41.909234],[-87.77821,41.909227]]},"properties":{"name":"West North Avenue","highway":"primary"}},{"type":"Feature","id":1862,"geometry":{"type":"LineString","coordinates":[[-87.77821,41.909227],[-87.778861,41.909219]]},"properties":{"name":"West North Avenue","highway":"primary"}},{"type":"Feature","id":1863,"geometry":{"type":"LineString","coordinates":[[-87.778861,41.909219],[-87.779505,41.909212]]},"properties":{"name":"West North Avenue","highway":"primary"}},{"type":"Feature","id":1864,"geometry":{"type":"LineString","coordinates":[[-87.779505,41.909212],[-87.779652,41.90921],[-87.779703,41.90921],[-87.779844,41.909208],[-87.78005,41.909205],[-87.780108,41.909205]]},"properties":{"name":"West North Avenue","highway":"primary"}},{"type":"Feature","id":1865,"geometry":{"type":"LineString","coordinates":[[-87.780108,41.909205],[-87.780364,41.909202],[-87.780816,41.909196]]},"properties":{"name":"West North Avenue","highway":"primary"}},{"type":"Feature","id":1866,"geometry":{"type":"LineString","coordinates":[[-87.780816,41.909196],[-87.781419,41.909189],[-87.781597,41.909187],[-87.781716,41.909186]]},"properties":{"name":"West North Avenue","highway":"primary"}},{"type":"Feature","id":1867,"geometry":{"type":"LineString","coordinates":[[-87.781716,41.909186],[-87.782117,41.909181]]},"properties":{"name":"West North Avenue","highway":"primary"}},{"type":"Feature","id":1868,"geometry":{"type":"LineString","coordinates":[[-87.782117,41.909181],[-87.782713,41.909174],[-87.782856,41.909172],[-87.783094,41.90917],[-87.783242,41.909168],[-87.783344,41.909167]]},"properties":{"name":"West North Avenue","highway":"primary"}},{"type":"Feature","id":1869,"geometry":{"type":"LineString","coordinates":[[-87.77196,41.909304],[-87.771581,41.909309],[-87.771463,41.90931]]},"properties":{"name":"West North Avenue","highway":"primary"}},{"type":"Feature","id":1870,"geometry":{"type":"LineString","coordinates":[[-87.772706,41.909295],[-87.77307,41.90929],[-87.773164,41.909289]]},"properties":{"name":"West North Avenue","highway":"primary"}},{"type":"Feature","id":1871,"geometry":{"type":"LineString","coordinates":[[-87.77196,41.909304],[-87.772609,41.909296],[-87.772706,41.909295]]},"properties":{"name":"West North Avenue","highway":"primary"}},{"type":"Feature","id":1872,"geometry":{"type":"LineString","coordinates":[[-87.774379,41.909273],[-87.774976,41.909266],[-87.775174,41.909263]]},"properties":{"name":"West North Avenue","highway":"primary"}},{"type":"Feature","id":1873,"geometry":{"type":"LineString","coordinates":[[-87.774379,41.909273],[-87.774033,41.909278],[-87.773969,41.909279],[-87.773954,41.909279]]},"properties":{"name":"West North Avenue","highway":"primary"}},{"type":"Feature","id":1874,"geometry":{"type":"LineString","coordinates":[[-87.775174,41.909263],[-87.77541,41.90926],[-87.775538,41.909259]]},"properties":{"name":"West North Avenue","highway":"primary"}},{"type":"Feature","id":1875,"geometry":{"type":"LineString","coordinates":[[-87.773164,41.909289],[-87.773292,41.909287],[-87.773426,41.909285],[-87.773954,41.909279]]},"properties":{"name":"West North Avenue","highway":"primary"}},{"type":"Feature","id":1876,"geometry":{"type":"LineString","coordinates":[[-87.784996,41.909151],[-87.785136,41.90915],[-87.785197,41.909148],[-87.785515,41.909144],[-87.785649,41.909142],[-87.785724,41.909141],[-87.78604,41.909137]]},"properties":{"name":"West North Avenue","highway":"primary"}},{"type":"Feature","id":1877,"geometry":{"type":"LineString","coordinates":[[-87.7996,41.908957],[-87.799332,41.90896],[-87.79929,41.908961],[-87.799071,41.908964],[-87.798699,41.908969],[-87.798445,41.908973]]},"properties":{"name":"West North Avenue","highway":"primary"}},{"type":"Feature","id":1878,"geometry":{"type":"LineString","coordinates":[[-87.791106,41.909072],[-87.791004,41.909073],[-87.790601,41.909078],[-87.790525,41.909079],[-87.790203,41.909083]]},"properties":{"name":"West North Avenue","highway":"primary"}},{"type":"Feature","id":1879,"geometry":{"type":"LineString","coordinates":[[-87.800281,41.909014],[-87.800178,41.909015],[-87.79973,41.909021],[-87.7996,41.908957]]},"properties":{"name":"West North Avenue","highway":"primary"}},{"type":"Feature","id":1880,"geometry":{"type":"LineString","coordinates":[[-87.800281,41.909014],[-87.801175,41.909001]]},"properties":{"name":"West North Avenue","highway":"primary"}},{"type":"Feature","id":1881,"geometry":{"type":"LineString","coordinates":[[-87.801175,41.909001],[-87.80199,41.908989],[-87.802116,41.908988]]},"properties":{"name":"West North Avenue","highway":"primary"}},{"type":"Feature","id":1882,"geometry":{"type":"LineString","coordinates":[[-87.802116,41.908988],[-87.802401,41.908984],[-87.802678,41.90898]]},"properties":{"name":"West North Avenue","highway":"primary"}},{"type":"Feature","id":1883,"geometry":{"type":"LineString","coordinates":[[-87.805768,41.908935],[-87.805526,41.90894],[-87.80488,41.908949],[-87.80394,41.908962]]},"properties":{"name":"West North Avenue","highway":"primary"}},{"type":"Feature","id":1884,"geometry":{"type":"LineString","coordinates":[[-87.805763,41.908777],[-87.805528,41.908783],[-87.80515,41.908794],[-87.804507,41.908815],[-87.804275,41.908825]]},"properties":{"name":"West North Avenue","highway":"primary"}},{"type":"Feature","id":1885,"geometry":{"type":"LineString","coordinates":[[-87.804275,41.908825],[-87.804156,41.90883]]},"properties":{"name":"West North Avenue","highway":"primary"}},{"type":"Feature","id":1886,"geometry":{"type":"LineString","coordinates":[[-87.804156,41.90883],[-87.803935,41.908841]]},"properties":{"name":"West North Avenue","highway":"primary"}},{"type":"Feature","id":1887,"geometry":{"type":"LineString","coordinates":[[-87.803935,41.908841],[-87.802674,41.908861]]},"properties":{"name":"West North Avenue","highway":"primary"}},{"type":"Feature","id":1888,"geometry":{"type":"LineString","coordinates":[[-87.802674,41.908861],[-87.802345,41.908866],[-87.802112,41.90887]]},"properties":{"name":"West North Avenue","highway":"primary"}},{"type":"Feature","id":1889,"geometry":{"type":"LineString","coordinates":[[-87.802112,41.90887],[-87.801987,41.908872],[-87.801541,41.908879],[-87.801172,41.908885]]},"properties":{"name":"West North Avenue","highway":"primary"}},{"type":"Feature","id":1890,"geometry":{"type":"LineString","coordinates":[[-87.801172,41.908885],[-87.800277,41.9089]]},"properties":{"name":"West North Avenue","highway":"primary"}},{"type":"Feature","id":1891,"geometry":{"type":"LineString","coordinates":[[-87.800277,41.9089],[-87.800175,41.908901],[-87.799742,41.908908],[-87.7996,41.908957]]},"properties":{"name":"West North Avenue","highway":"primary"}},{"type":"Feature","id":1892,"geometry":{"type":"LineString","coordinates":[[-87.787342,41.90912],[-87.787203,41.909122],[-87.787121,41.909123],[-87.786623,41.90913]]},"properties":{"name":"West North Avenue","highway":"primary"}},{"type":"Feature","id":1893,"geometry":{"type":"LineString","coordinates":[[-87.786623,41.90913],[-87.78604,41.909137]]},"properties":{"name":"West North Avenue","highway":"primary"}},{"type":"Feature","id":1894,"geometry":{"type":"LineString","coordinates":[[-87.795976,41.909008],[-87.796151,41.909005],[-87.796541,41.909]]},"properties":{"name":"West North Avenue","highway":"primary"}},{"type":"Feature","id":1895,"geometry":{"type":"LineString","coordinates":[[-87.797983,41.908979],[-87.797735,41.908983],[-87.797466,41.908987],[-87.797205,41.90899]]},"properties":{"name":"West North Avenue","highway":"primary"}},{"type":"Feature","id":1896,"geometry":{"type":"LineString","coordinates":[[-87.797983,41.908979],[-87.798246,41.908976]]},"properties":{"name":"West North Avenue","highway":"primary"}},{"type":"Feature","id":1897,"geometry":{"type":"LineString","coordinates":[[-87.798246,41.908976],[-87.79835,41.908974],[-87.798445,41.908973]]},"properties":{"name":"West North Avenue","highway":"primary"}},{"type":"Feature","id":1898,"geometry":{"type":"LineString","coordinates":[[-87.790203,41.909083],[-87.789886,41.909087]]},"properties":{"name":"West North Avenue","highway":"primary"}},{"type":"Feature","id":1899,"geometry":{"type":"LineString","coordinates":[[-87.789886,41.909087],[-87.789406,41.909093],[-87.788979,41.909099],[-87.788754,41.909102]]},"properties":{"name":"West North Avenue","highway":"primary"}},{"type":"Feature","id":1900,"geometry":{"type":"LineString","coordinates":[[-87.788754,41.909102],[-87.788522,41.909105],[-87.788251,41.909109]]},"properties":{"name":"West North Avenue","highway":"primary"}},{"type":"Feature","id":1901,"geometry":{"type":"LineString","coordinates":[[-87.788251,41.909109],[-87.788029,41.909111],[-87.787743,41.909115],[-87.787342,41.90912]]},"properties":{"name":"West North Avenue","highway":"primary"}},{"type":"Feature","id":1902,"geometry":{"type":"LineString","coordinates":[[-87.770747,41.909319],[-87.770784,41.909319],[-87.770872,41.909318],[-87.771248,41.909313],[-87.771463,41.90931]]},"properties":{"name":"West North Avenue","highway":"primary"}},{"type":"Feature","id":1903,"geometry":{"type":"LineString","coordinates":[[-87.770285,41.909325],[-87.770501,41.909322],[-87.770525,41.909322],[-87.770747,41.909319]]},"properties":{"name":"West North Avenue","highway":"primary"}},{"type":"Feature","id":1904,"geometry":{"type":"LineString","coordinates":[[-87.79142,41.909068],[-87.791106,41.909072]]},"properties":{"name":"West North Avenue","highway":"primary"}},{"type":"Feature","id":1905,"geometry":{"type":"LineString","coordinates":[[-87.79505,41.909018],[-87.79484,41.909022],[-87.794785,41.909023]]},"properties":{"name":"West North Avenue","highway":"primary"}},{"type":"Feature","id":1906,"geometry":{"type":"LineString","coordinates":[[-87.796541,41.909],[-87.796664,41.908998],[-87.797124,41.908991],[-87.797205,41.90899]]},"properties":{"name":"West North Avenue","highway":"primary"}},{"type":"Feature","id":1907,"geometry":{"type":"LineString","coordinates":[[-87.775128,41.894715],[-87.775012,41.894717],[-87.774917,41.894718],[-87.774691,41.89472],[-87.774374,41.894724],[-87.773597,41.894734],[-87.773146,41.89474],[-87.772562,41.894747],[-87.772403,41.894749],[-87.772298,41.89475]]},"properties":{"name":"West Chicago Avenue","highway":"secondary"}},{"type":"Feature","id":1908,"geometry":{"type":"LineString","coordinates":[[-87.766036,41.894841],[-87.766524,41.894833],[-87.766634,41.894832],[-87.766759,41.89483],[-87.767222,41.894824],[-87.76731,41.894822],[-87.767788,41.894815],[-87.767883,41.894814],[-87.768003,41.894812],[-87.768199,41.894808],[-87.768432,41.894806],[-87.769042,41.894798],[-87.769654,41.894789],[-87.770101,41.894782],[-87.7702,41.894781]]},"properties":{"name":"West Chicago Avenue","highway":"secondary"}},{"type":"Feature","id":1909,"geometry":{"type":"LineString","coordinates":[[-87.7702,41.894781],[-87.770304,41.894779],[-87.771569,41.894761],[-87.772191,41.894752],[-87.772298,41.89475]]},"properties":{"name":"West Chicago Avenue","highway":"secondary"}},{"type":"Feature","id":1910,"geometry":{"type":"LineString","coordinates":[[-87.774517,41.876426],[-87.774424,41.87643],[-87.77441,41.87643],[-87.774368,41.876432],[-87.774239,41.876435],[-87.77412,41.876448],[-87.773994,41.876476],[-87.773943,41.876492],[-87.773865,41.876517],[-87.773743,41.876565],[-87.773636,41.876617],[-87.773537,41.876674],[-87.773325,41.876827],[-87.773195,41.876911],[-87.773096,41.876961],[-87.773069,41.876975],[-87.772925,41.877035],[-87.772772,41.877085],[-87.772705,41.877099],[-87.77258,41.877125],[-87.772375,41.87715],[-87.772155,41.87716],[-87.771922,41.877168],[-87.771721,41.877167],[-87.771452,41.877158],[-87.771139,41.877137],[-87.771054,41.877132],[-87.770598,41.877099],[-87.770168,41.877062],[-87.76994,41.877042],[-87.769881,41.877038],[-87.769635,41.877025]]},"properties":{"name":"West Jackson Boulevard","highway":"tertiary"}},{"type":"Feature","id":1911,"geometry":{"type":"LineString","coordinates":[[-87.804002,41.910733],[-87.803999,41.910655],[-87.803979,41.910089],[-87.80397,41.909765],[-87.803961,41.909559],[-87.803955,41.909401],[-87.803946,41.909128],[-87.803942,41.909031],[-87.80394,41.908962]]},"properties":{"name":"North Neva Avenue","highway":"residential"}},{"type":"Feature","id":1912,"geometry":{"type":"LineString","coordinates":[[-87.804174,41.916212],[-87.804171,41.916139],[-87.804159,41.915758],[-87.804119,41.914468],[-87.804116,41.914384],[-87.804114,41.91431],[-87.804062,41.91264],[-87.804059,41.912556],[-87.804057,41.912484],[-87.804004,41.910816],[-87.804002,41.910733]]},"properties":{"name":"North Neva Avenue","highway":"residential"}},{"type":"Feature","id":1913,"geometry":{"type":"LineString","coordinates":[[-87.80394,41.908962],[-87.803935,41.908841]]},"properties":{"name":"North Neva Avenue","highway":"residential"}},{"type":"Feature","id":1914,"geometry":{"type":"LineString","coordinates":[[-87.772814,41.86548],[-87.772857,41.865401],[-87.772887,41.865344],[-87.772883,41.865026],[-87.772841,41.863735],[-87.772839,41.863659]]},"properties":{"name":"South 59th Court","highway":"residential"}},{"type":"Feature","id":1915,"geometry":{"type":"LineString","coordinates":[[-87.772839,41.863659],[-87.772837,41.863576],[-87.772794,41.861913],[-87.772791,41.861828],[-87.77279,41.861753],[-87.772746,41.860088],[-87.772744,41.860005],[-87.772742,41.859927],[-87.772699,41.858261],[-87.772697,41.858178],[-87.772695,41.8581],[-87.772685,41.857729],[-87.772652,41.856436],[-87.77265,41.856345],[-87.772648,41.856278],[-87.772605,41.854612],[-87.772603,41.854528],[-87.772601,41.854451],[-87.772558,41.852786],[-87.772555,41.852703]]},"properties":{"name":"South 59th Court","highway":"residential"}},{"type":"Feature","id":1916,"geometry":{"type":"LineString","coordinates":[[-87.772055,41.887941],[-87.772166,41.887943],[-87.772198,41.887944],[-87.772625,41.887957],[-87.773153,41.887976],[-87.773404,41.887982],[-87.774533,41.888013],[-87.7748,41.88802],[-87.774914,41.888024]]},"properties":{"name":"West Lake Street","highway":"secondary"}},{"type":"Feature","id":1917,"geometry":{"type":"LineString","coordinates":[[-87.766407,41.887772],[-87.766778,41.887785],[-87.766899,41.887788],[-87.767085,41.887794],[-87.767574,41.887809],[-87.767677,41.88781],[-87.767791,41.887812],[-87.769798,41.887873],[-87.7699,41.887876]]},"properties":{"name":"West Lake Street","highway":"secondary"}},{"type":"Feature","id":1918,"geometry":{"type":"LineString","coordinates":[[-87.7699,41.887876],[-87.770026,41.887879],[-87.771912,41.887936],[-87.771943,41.887937],[-87.772055,41.887941]]},"properties":{"name":"West Lake Street","highway":"secondary"}},{"type":"Feature","id":1919,"geometry":{"type":"LineString","coordinates":[[-87.802435,41.88791],[-87.802507,41.887908],[-87.802979,41.887902],[-87.803063,41.887901]]},"properties":{"name":"Westgate Street","highway":"living_street"}},{"type":"Feature","id":1920,"geometry":{"type":"LineString","coordinates":[[-87.801529,41.880854],[-87.800724,41.880864]]},"properties":{"name":"Lincoln Trail","highway":"service"}},{"type":"Feature","id":1921,"geometry":{"type":"LineString","coordinates":[[-87.800701,41.880259],[-87.801112,41.880253],[-87.801458,41.880247],[-87.801507,41.880247]]},"properties":{"name":"Baldwin Lane","highway":"service"}},{"type":"Feature","id":1922,"geometry":{"type":"LineString","coordinates":[[-87.801486,41.879655],[-87.801489,41.879737],[-87.801496,41.879949],[-87.801507,41.880247],[-87.801529,41.880854],[-87.801535,41.881033],[-87.801548,41.881377],[-87.801551,41.881459]]},"properties":{"name":"Pennsylvania Way","highway":"service"}},{"type":"Feature","id":1923,"geometry":{"type":"LineString","coordinates":[[-87.791191,41.887895],[-87.791175,41.887446],[-87.791173,41.887373]]},"properties":{"name":"Bishop Quarter Lane","highway":"service"}},{"type":"Feature","id":1924,"geometry":{"type":"LineString","coordinates":[[-87.808303,41.89963],[-87.807957,41.899634],[-87.807863,41.899636],[-87.807168,41.899644],[-87.807061,41.899645]]},"properties":{"name":"Fire Lane","highway":"service"}},{"type":"Feature","id":1925,"geometry":{"type":"LineString","coordinates":[[-87.793762,41.865161],[-87.793759,41.865079],[-87.793749,41.864708],[-87.793746,41.864621],[-87.793716,41.863419],[-87.793714,41.863342]]},"properties":{"name":"Oak Park Avenue","highway":"tertiary"}},{"type":"Feature","id":1926,"geometry":{"type":"LineString","coordinates":[[-87.793714,41.863342],[-87.793711,41.863257],[-87.793659,41.8616],[-87.793656,41.861513]]},"properties":{"name":"Oak Park Avenue","highway":"tertiary"}},{"type":"Feature","id":1927,"geometry":{"type":"LineString","coordinates":[[-87.800746,41.881473],[-87.800743,41.881391],[-87.800731,41.881109],[-87.800725,41.880895],[-87.800724,41.880864],[-87.800701,41.880259],[-87.800694,41.879957],[-87.800689,41.879751],[-87.800687,41.879667]]},"properties":{"name":"Chestnut Lane","highway":"service"}},{"type":"Feature","id":1928,"geometry":{"type":"LineString","coordinates":[[-87.801079,41.879953],[-87.800734,41.879957],[-87.800694,41.879957]]},"properties":{"name":"Alexander Lane","highway":"service"}},{"type":"Feature","id":1929,"geometry":{"type":"LineString","coordinates":[[-87.801145,41.879952],[-87.801447,41.879949],[-87.801496,41.879949]]},"properties":{"name":"Alexander Lane","highway":"service"}},{"type":"Feature","id":1930,"geometry":{"type":"LineString","coordinates":[[-87.769826,41.882172],[-87.769966,41.88217],[-87.771732,41.882144],[-87.771854,41.882142]]},"properties":{"name":"West Washington Boulevard","highway":"tertiary"}},{"type":"Feature","id":1931,"geometry":{"type":"LineString","coordinates":[[-87.771854,41.882142],[-87.771996,41.88214],[-87.772216,41.882137],[-87.772746,41.882129],[-87.772773,41.882129],[-87.77319,41.882123],[-87.773288,41.882121]]},"properties":{"name":"West Washington Boulevard","highway":"tertiary"}},{"type":"Feature","id":1932,"geometry":{"type":"LineString","coordinates":[[-87.773288,41.882121],[-87.773404,41.882119],[-87.774051,41.88211],[-87.774194,41.882108],[-87.774597,41.882102],[-87.774721,41.8821]]},"properties":{"name":"West Washington Boulevard","highway":"tertiary"}},{"type":"Feature","id":1933,"geometry":{"type":"LineString","coordinates":[[-87.802316,41.879985],[-87.802207,41.879987],[-87.801708,41.879996]]},"properties":{"name":"Susan Collins Lane","highway":"service"}},{"type":"Feature","id":1934,"geometry":{"type":"LineString","coordinates":[[-87.802465,41.884253],[-87.802362,41.884254],[-87.80169,41.884262]]},"properties":{"name":"Pleasant Place","highway":"residential"}},{"type":"Feature","id":1935,"geometry":{"type":"LineString","coordinates":[[-87.796475,41.887912],[-87.796364,41.887913],[-87.795766,41.887922],[-87.795653,41.887924],[-87.795626,41.887924],[-87.795597,41.887924],[-87.795195,41.887924]]},"properties":{"name":"Hunter Court","highway":"service"}},{"type":"Feature","id":1936,"geometry":{"type":"LineString","coordinates":[[-87.775009,41.891008],[-87.774907,41.891009],[-87.774193,41.891016],[-87.772272,41.891035],[-87.772157,41.891037]]},"properties":{"name":"West Ohio Street","highway":"residential"}},{"type":"Feature","id":1937,"geometry":{"type":"LineString","coordinates":[[-87.772157,41.891037],[-87.772059,41.891038],[-87.770113,41.891057],[-87.770009,41.891058]]},"properties":{"name":"West Ohio Street","highway":"residential"}},{"type":"Feature","id":1938,"geometry":{"type":"LineString","coordinates":[[-87.770009,41.891058],[-87.769906,41.891059],[-87.767916,41.891079],[-87.7678,41.89108],[-87.767705,41.891081],[-87.767176,41.891087],[-87.766634,41.891092],[-87.766527,41.891093],[-87.766427,41.891094],[-87.766144,41.891097],[-87.765883,41.8911],[-87.765362,41.891105],[-87.765248,41.891106]]},"properties":{"name":"West Ohio Street","highway":"residential"}},{"type":"Feature","id":1939,"geometry":{"type":"LineString","coordinates":[[-87.775365,41.865445],[-87.775362,41.865365],[-87.775352,41.86499],[-87.775317,41.863703],[-87.775314,41.863625]]},"properties":{"name":"South 60th Court","highway":"residential"}},{"type":"Feature","id":1940,"geometry":{"type":"LineString","coordinates":[[-87.775314,41.863625],[-87.775312,41.86354],[-87.775266,41.861879],[-87.775264,41.861793],[-87.775262,41.861718],[-87.775216,41.860049],[-87.775214,41.859969],[-87.775211,41.859891],[-87.775166,41.858226],[-87.775163,41.858143]]},"properties":{"name":"South 60th Court","highway":"residential"}},{"type":"Feature","id":1941,"geometry":{"type":"LineString","coordinates":[[-87.78636,41.863459],[-87.786361,41.863542],[-87.786387,41.864584],[-87.786388,41.864667]]},"properties":{"name":"Gunderson Avenue","highway":"residential"}},{"type":"Feature","id":1942,"geometry":{"type":"LineString","coordinates":[[-87.786004,41.850733],[-87.786008,41.850875],[-87.786018,41.851242],[-87.786021,41.851353],[-87.786025,41.851487],[-87.786047,41.852501],[-87.786102,41.854165],[-87.786157,41.85608],[-87.786159,41.85615],[-87.786161,41.856242],[-87.786184,41.857037],[-87.786189,41.857192],[-87.786198,41.857527],[-87.786209,41.857909],[-87.786207,41.857986],[-87.786204,41.858069],[-87.786225,41.858446],[-87.786262,41.859732],[-87.786264,41.859806],[-87.786266,41.859892],[-87.786314,41.861558],[-87.786316,41.861627],[-87.786318,41.861718],[-87.786358,41.863382],[-87.78636,41.863459]]},"properties":{"name":"Gunderson Avenue","highway":"residential"}},{"type":"Feature","id":1943,"geometry":{"type":"LineString","coordinates":[[-87.765847,41.907563],[-87.76596,41.907562],[-87.766451,41.907556],[-87.766956,41.90755],[-87.76705,41.907548],[-87.767175,41.907547],[-87.767665,41.907541],[-87.768172,41.907534],[-87.768274,41.907533],[-87.768383,41.907532],[-87.768876,41.907525],[-87.769384,41.907519],[-87.769481,41.907518],[-87.769597,41.907516],[-87.77009,41.90751],[-87.770593,41.907504],[-87.770686,41.907503]]},"properties":{"name":"West Le Moyne Street","highway":"residential"}},{"type":"Feature","id":1944,"geometry":{"type":"LineString","coordinates":[[-87.770686,41.907503],[-87.770808,41.907501],[-87.771298,41.907495],[-87.771803,41.907489],[-87.77191,41.907487]]},"properties":{"name":"West Le Moyne Street","highway":"residential"}},{"type":"Feature","id":1945,"geometry":{"type":"LineString","coordinates":[[-87.77191,41.907487],[-87.772019,41.907486],[-87.772514,41.90748],[-87.773021,41.907473],[-87.773121,41.907472]]},"properties":{"name":"West Le Moyne Street","highway":"residential"}},{"type":"Feature","id":1946,"geometry":{"type":"LineString","coordinates":[[-87.773121,41.907472],[-87.773233,41.907471],[-87.773724,41.907465],[-87.774227,41.907458],[-87.774323,41.907457]]},"properties":{"name":"West Le Moyne Street","highway":"residential"}},{"type":"Feature","id":1947,"geometry":{"type":"LineString","coordinates":[[-87.774323,41.907457],[-87.774443,41.907456],[-87.774933,41.907449],[-87.775438,41.907443],[-87.775537,41.907442]]},"properties":{"name":"West Le Moyne Street","highway":"residential"}},{"type":"Feature","id":1948,"geometry":{"type":"LineString","coordinates":[[-87.770378,41.898429],[-87.770499,41.898427],[-87.770993,41.89842],[-87.771599,41.898412]]},"properties":{"name":"West Augusta Boulevard","highway":"tertiary"}},{"type":"Feature","id":1949,"geometry":{"type":"LineString","coordinates":[[-87.771599,41.898412],[-87.771717,41.89841],[-87.772209,41.898404],[-87.772326,41.898402],[-87.772411,41.898401]]},"properties":{"name":"West Augusta Boulevard","highway":"tertiary"}},{"type":"Feature","id":1950,"geometry":{"type":"LineString","coordinates":[[-87.772411,41.898401],[-87.772711,41.898397],[-87.772812,41.898395]]},"properties":{"name":"West Augusta Boulevard","highway":"tertiary"}},{"type":"Feature","id":1951,"geometry":{"type":"LineString","coordinates":[[-87.772812,41.898395],[-87.774042,41.898379]]},"properties":{"name":"West Augusta Boulevard","highway":"tertiary"}},{"type":"Feature","id":1952,"geometry":{"type":"LineString","coordinates":[[-87.774042,41.898379],[-87.775139,41.898364],[-87.775245,41.898363]]},"properties":{"name":"West Augusta Boulevard","highway":"tertiary"}},{"type":"Feature","id":1953,"geometry":{"type":"LineString","coordinates":[[-87.769168,41.898445],[-87.76928,41.898443],[-87.769771,41.898437],[-87.770282,41.89843],[-87.770378,41.898429]]},"properties":{"name":"West Augusta Boulevard","highway":"tertiary"}},{"type":"Feature","id":1954,"geometry":{"type":"LineString","coordinates":[[-87.805167,41.892182],[-87.805283,41.89218],[-87.805823,41.89217],[-87.805893,41.892168],[-87.806584,41.892151],[-87.806638,41.89215],[-87.806757,41.892147]]},"properties":{"name":"Oak Avenue","highway":"residential"}},{"type":"Feature","id":1955,"geometry":{"type":"LineString","coordinates":[[-87.806757,41.892147],[-87.806875,41.892145],[-87.807197,41.892138],[-87.807282,41.892136]]},"properties":{"name":"Oak Avenue","highway":"residential"}},{"type":"Feature","id":1956,"geometry":{"type":"LineString","coordinates":[[-87.807282,41.892136],[-87.8074,41.892133],[-87.807431,41.892133],[-87.808243,41.892115],[-87.808344,41.892113]]},"properties":{"name":"Oak Avenue","highway":"residential"}},{"type":"Feature","id":1957,"geometry":{"type":"LineString","coordinates":[[-87.808344,41.892113],[-87.808605,41.892107]]},"properties":{"name":"Oak Avenue","highway":"residential"}},{"type":"Feature","id":1958,"geometry":{"type":"LineString","coordinates":[[-87.808605,41.892107],[-87.808729,41.892105],[-87.809836,41.892086],[-87.809964,41.892084]]},"properties":{"name":"Oak Avenue","highway":"residential"}},{"type":"Feature","id":1959,"geometry":{"type":"LineString","coordinates":[[-87.809964,41.892084],[-87.810108,41.89208],[-87.810817,41.892064],[-87.811481,41.892048],[-87.811609,41.892045],[-87.811749,41.892042],[-87.81242,41.892028],[-87.813143,41.892013],[-87.813265,41.892011]]},"properties":{"name":"Oak Avenue","highway":"residential"}},{"type":"Feature","id":1960,"geometry":{"type":"LineString","coordinates":[[-87.798734,41.857804],[-87.798737,41.857884],[-87.798748,41.858254],[-87.798788,41.85954],[-87.79879,41.859614],[-87.798793,41.859699],[-87.798845,41.861355],[-87.798847,41.861432],[-87.79885,41.861516],[-87.798901,41.863168],[-87.798904,41.86326]]},"properties":{"name":"Home Avenue","highway":"residential"}},{"type":"Feature","id":1961,"geometry":{"type":"LineString","coordinates":[[-87.798904,41.86326],[-87.798907,41.863332],[-87.798947,41.86462],[-87.798958,41.864986],[-87.798961,41.865078]]},"properties":{"name":"Home Avenue","highway":"residential"}},{"type":"Feature","id":1962,"geometry":{"type":"LineString","coordinates":[[-87.777609,41.85811],[-87.777611,41.85819],[-87.77766,41.859855],[-87.777662,41.859934],[-87.777665,41.860016],[-87.777714,41.861682],[-87.777716,41.861759],[-87.777719,41.861844],[-87.777767,41.863507],[-87.77777,41.86359]]},"properties":{"name":"South 61st Court","highway":"residential"}},{"type":"Feature","id":1963,"geometry":{"type":"LineString","coordinates":[[-87.77777,41.86359],[-87.777772,41.863668],[-87.77781,41.864962],[-87.777821,41.865331],[-87.777823,41.865412]]},"properties":{"name":"South 61st Court","highway":"residential"}},{"type":"Feature","id":1964,"geometry":{"type":"LineString","coordinates":[[-87.800281,41.909014],[-87.800283,41.909076],[-87.800297,41.909448],[-87.800341,41.910701],[-87.800342,41.910724]]},"properties":{"name":"North Sayre Avenue","highway":"residential"}},{"type":"Feature","id":1965,"geometry":{"type":"LineString","coordinates":[[-87.800281,41.909014],[-87.800277,41.9089]]},"properties":{"name":"North Sayre Avenue","highway":"residential"}},{"type":"Feature","id":1966,"geometry":{"type":"LineString","coordinates":[[-87.800516,41.916253],[-87.800513,41.916178],[-87.800501,41.915796],[-87.80046,41.914512],[-87.800457,41.914428],[-87.800455,41.914351],[-87.800401,41.912686],[-87.800398,41.9126],[-87.800396,41.912523],[-87.800346,41.910862],[-87.800346,41.910829]]},"properties":{"name":"North Sayre Avenue","highway":"residential"}},{"type":"Feature","id":1967,"geometry":{"type":"LineString","coordinates":[[-87.775187,41.896532],[-87.775066,41.896534],[-87.774933,41.896536],[-87.77247,41.896572],[-87.772354,41.896574]]},"properties":{"name":"West Iowa Street","highway":"residential"}},{"type":"Feature","id":1968,"geometry":{"type":"LineString","coordinates":[[-87.772354,41.896574],[-87.772256,41.896575],[-87.770435,41.896603],[-87.770319,41.896604]]},"properties":{"name":"West Iowa Street","highway":"residential"}},{"type":"Feature","id":1969,"geometry":{"type":"LineString","coordinates":[[-87.770319,41.896604],[-87.77022,41.896606],[-87.769712,41.896613],[-87.769214,41.896621],[-87.769108,41.896622],[-87.769001,41.896624],[-87.768495,41.896631],[-87.768001,41.896639],[-87.767887,41.89664],[-87.767787,41.896642],[-87.767282,41.896649],[-87.766784,41.896657],[-87.766669,41.896659],[-87.76657,41.89666],[-87.766064,41.896668],[-87.765572,41.896675],[-87.765456,41.896677]]},"properties":{"name":"West Iowa Street","highway":"residential"}},{"type":"Feature","id":1970,"geometry":{"type":"LineString","coordinates":[[-87.776589,41.865428],[-87.776587,41.865348],[-87.776577,41.864982],[-87.77654,41.863685],[-87.776538,41.863608]]},"properties":{"name":"South 61st Avenue","highway":"residential"}},{"type":"Feature","id":1971,"geometry":{"type":"LineString","coordinates":[[-87.776538,41.863608],[-87.776536,41.863526],[-87.776489,41.861861],[-87.776487,41.861776],[-87.776484,41.861699],[-87.776438,41.860033],[-87.776435,41.859952],[-87.776433,41.859874],[-87.776386,41.858208],[-87.776384,41.858127]]},"properties":{"name":"South 61st Avenue","highway":"residential"}},{"type":"Feature","id":1972,"geometry":{"type":"LineString","coordinates":[[-87.775479,41.905641],[-87.775379,41.905642],[-87.774874,41.905648],[-87.774383,41.905654],[-87.774267,41.905655]]},"properties":{"name":"West Hirsch Street","highway":"residential"}},{"type":"Feature","id":1973,"geometry":{"type":"LineString","coordinates":[[-87.774267,41.905655],[-87.774167,41.905657],[-87.773663,41.905663],[-87.773175,41.905668],[-87.773054,41.90567]]},"properties":{"name":"West Hirsch Street","highway":"residential"}},{"type":"Feature","id":1974,"geometry":{"type":"LineString","coordinates":[[-87.773054,41.90567],[-87.772957,41.905671],[-87.772449,41.905677],[-87.771961,41.905683],[-87.771853,41.90569]]},"properties":{"name":"West Hirsch Street","highway":"residential"}},{"type":"Feature","id":1975,"geometry":{"type":"LineString","coordinates":[[-87.771853,41.90569],[-87.771742,41.905686],[-87.771239,41.905692],[-87.770749,41.905698],[-87.770633,41.905704]]},"properties":{"name":"West Hirsch Street","highway":"residential"}},{"type":"Feature","id":1976,"geometry":{"type":"LineString","coordinates":[[-87.770633,41.905704],[-87.770533,41.9057],[-87.770026,41.905706],[-87.769534,41.905712],[-87.769419,41.905714],[-87.769321,41.905715],[-87.768811,41.905721],[-87.768323,41.905727],[-87.76821,41.905728],[-87.768107,41.905729],[-87.767598,41.905735],[-87.767105,41.905741],[-87.766987,41.905743],[-87.766893,41.905744],[-87.766391,41.90575],[-87.765895,41.905756],[-87.765783,41.905757]]},"properties":{"name":"West Hirsch Street","highway":"residential"}},{"type":"Feature","id":1977,"geometry":{"type":"LineString","coordinates":[[-87.805425,41.864935],[-87.804771,41.864951],[-87.804571,41.864956],[-87.80456,41.864956],[-87.804406,41.86496],[-87.80422,41.864994]]},"properties":{"name":"Roosevelt Road","highway":"secondary"}},{"type":"Feature","id":1978,"geometry":{"type":"LineString","coordinates":[[-87.80422,41.864994],[-87.80441,41.865046],[-87.804564,41.865042],[-87.805428,41.865024]]},"properties":{"name":"Roosevelt Road","highway":"secondary"}},{"type":"Feature","id":1979,"geometry":{"type":"LineString","coordinates":[[-87.805428,41.865024],[-87.806639,41.864998]]},"properties":{"name":"Roosevelt Road","highway":"secondary"}},{"type":"Feature","id":1980,"geometry":{"type":"LineString","coordinates":[[-87.806639,41.864998],[-87.807244,41.864984],[-87.807505,41.864978],[-87.807744,41.864974],[-87.807862,41.864971]]},"properties":{"name":"Roosevelt Road","highway":"secondary"}},{"type":"Feature","id":1981,"geometry":{"type":"LineString","coordinates":[[-87.806635,41.864905],[-87.806523,41.864908],[-87.806407,41.86491],[-87.806029,41.864919],[-87.805425,41.864935]]},"properties":{"name":"Roosevelt Road","highway":"secondary"}},{"type":"Feature","id":1982,"geometry":{"type":"LineString","coordinates":[[-87.806635,41.864905],[-87.807242,41.864893],[-87.807742,41.864883],[-87.807859,41.86488]]},"properties":{"name":"Roosevelt Road","highway":"secondary"}},{"type":"Feature","id":1983,"geometry":{"type":"LineString","coordinates":[[-87.807862,41.864971],[-87.807961,41.864969],[-87.80846,41.864958],[-87.808648,41.864954],[-87.809062,41.864945]]},"properties":{"name":"Roosevelt Road","highway":"secondary"}},{"type":"Feature","id":1984,"geometry":{"type":"LineString","coordinates":[[-87.807859,41.86488],[-87.80796,41.864878],[-87.808459,41.864868],[-87.808645,41.864864],[-87.809059,41.864856]]},"properties":{"name":"Roosevelt Road","highway":"secondary"}},{"type":"Feature","id":1985,"geometry":{"type":"LineString","coordinates":[[-87.811,41.864907],[-87.81078,41.864911],[-87.810593,41.864915],[-87.810271,41.864921],[-87.809762,41.864931],[-87.809062,41.864945]]},"properties":{"name":"Roosevelt Road","highway":"secondary"}},{"type":"Feature","id":1986,"geometry":{"type":"LineString","coordinates":[[-87.809059,41.864856],[-87.80976,41.864841],[-87.810268,41.864831],[-87.810588,41.864825],[-87.810775,41.864821],[-87.810998,41.864816]]},"properties":{"name":"Roosevelt Road","highway":"secondary"}},{"type":"Feature","id":1987,"geometry":{"type":"LineString","coordinates":[[-87.76572,41.903942],[-87.765831,41.903941],[-87.766328,41.903934],[-87.766828,41.903928],[-87.766923,41.903926],[-87.767043,41.903925],[-87.767534,41.903918],[-87.768045,41.903911],[-87.768152,41.903915],[-87.768259,41.903908],[-87.768749,41.903902],[-87.769256,41.903895],[-87.769357,41.903893],[-87.769469,41.903892],[-87.769962,41.903885],[-87.770469,41.903878],[-87.770566,41.903877]]},"properties":{"name":"West Potomac Avenue","highway":"residential"}},{"type":"Feature","id":1988,"geometry":{"type":"LineString","coordinates":[[-87.770566,41.903877],[-87.770687,41.903875],[-87.771175,41.903869],[-87.771683,41.903862],[-87.771789,41.903866]]},"properties":{"name":"West Potomac Avenue","highway":"residential"}},{"type":"Feature","id":1989,"geometry":{"type":"LineString","coordinates":[[-87.771789,41.903866],[-87.771896,41.903859],[-87.772392,41.903852],[-87.772892,41.903846],[-87.772993,41.903844]]},"properties":{"name":"West Potomac Avenue","highway":"residential"}},{"type":"Feature","id":1990,"geometry":{"type":"LineString","coordinates":[[-87.772993,41.903844],[-87.773111,41.903843],[-87.773602,41.903836],[-87.774106,41.903829],[-87.77421,41.903828]]},"properties":{"name":"West Potomac Avenue","highway":"residential"}},{"type":"Feature","id":1991,"geometry":{"type":"LineString","coordinates":[[-87.77421,41.903828],[-87.774322,41.903826],[-87.774815,41.90382],[-87.775318,41.903815],[-87.77542,41.903814]]},"properties":{"name":"West Potomac Avenue","highway":"residential"}}]}